en,es,vi,ar,de,hi,ja
otitis media,"formal: otitis media | informal: infección del oído medio, infección de oído, dolor de oído","formal: viêm tai giữa | informal: nhiễm trùng tai giữa, nhiễm trùng tai, đau tai","formal: التهاب الأذن الوسطى | informal: التهاب الأذن الوسطى, التهاب الأذن","formal: Mittelohrentzündung | informal: Mittelohrentzündung, Ohrenentzündung, Ohrenschmerzen","formal: मध्यकर्णशोथ | informal: मध्य कान का संक्रमण, कान का संक्रमण, कान में इन्फेक्षन","formal: 中耳炎 | informal: 中耳炎, 耳の感染症"
bronchiolitis,bronquiolitis,viêm tiểu phế quản,التهاب قصيبات,Bronchiolitis,सांस की नली में सूजन,細気管支炎
gastroenteritis,"formal: gastroenteritis | informal: gripe estomacal, gastro, bicho estomacal, gastroenteritis","formal: viêm dạ dày ruột | informal: cúm dạ dày, bệnh đường ruột, nhiễm trùng tiêu hóa, đau bụng tiêu chảy","formal: التهاب المعدة والأمعاء | informal: أنفلونزا المعدة, التهاب الأمعاء, نزلة معوية, نزلات البرد في المعدة","formal: Magen-Darm-Grippe (Gastroenteritis) | informal: Magen-Darm-Grippe, Magen-Darm-Infekt, Magen-Darm","formal: गैस्ट्रोएंटेराइटिस | informal: पेट का फ्लू, पेट की खराबी, पेट में इन्फेक्शन, पेट फ्लू","formal: 胃腸炎 | informal: お腹의風邪, 胃腸炎, お腹の虫, 胃腸風邪"
croup,crup,bệnh viêm thanh khí phế quản,الخناق,Krupp-Husten (Pseudokrupp),क्रुप,クループ
a guide to menopause,una guía para la menopausia,Hướng dẫn về thời kỳ mãn kinh,دليل سن اليأس,Ein Leitfaden zur Menopause,रजोनिवृत्ति के लिए एक मार्गदर्शिका,更年期ガイド
abdominal aortic aneurysm,aneurisma aórtico abdominal,chứng phình động mạch chủ bụng,تمدد الأوعية الدموية الأبهري,Bauchaortenaneurysma,पेट की महाधमनी में फैलाव,腹部大動脈瘤
abdominal hysterectomy,histerectomía abdominal,cắt bỏ tử cung qua đường bụng,استئصال الرحم عن طريق البطن,abdominale Hysterektomie,पेट की हिस्टेरेक्टॉमी,腹式子宮摘出術
abdominal pain,dolor abdominal,đau bụng,ألم في البطن,Bauchschmerzen,पेट में दर्द,腹痛
abdominal pain in children,dolor abdominal en niños,đau bụng ở trẻ em,ألم البطن عند الأطفال,Bauchschmerzen bei Kindern,बच्चों में पेट दर्द,小児の腹痛
abdominal surgery for crohn's disease,Cirugía abdominal para la enfermedad de Crohn,phẫu thuật ổ bụng điều trị bệnh Crohn,جراحة البطن لعلاج داء كرون,Bauchoperation bei Morbus Crohn,क्रोहन रोग के लिए पेट की सर्जरी,クローン病に対する腹部手術
abdominoplasty,abdominoplastia,phẫu thuật tạo hình bụng,عملية تجميل البطن,Bauchdeckenstraffung,एब्डोमिनोप्लास्टी,腹部形成術
aboriginal and torres strait islander health,salud de los aborígenes y los isleños del Estrecho de Torres,sức khỏe của người bản địa và cư dân đảo Torres Strait,صحة السكان الأصليين وسكان جزر مضيق توريس,Gesundheit der Aborigines und der Torres-Strait-Insulaner,आदिवासी और टोरेस स्ट्रेट द्वीपवासियों का स्वास्थ्य,アボリジニおよびトレス海峡諸島民の健康
aboriginal and torres strait people social and emotional wellbeing,bienestar social y emocional de los pueblos aborígenes y del estrecho de Torres,phúc lợi xã hội và cảm xúc của người bản địa và người dân eo biển Torres,الرفاه الاجتماعي والعاطفي للسكان الأصليين وسكان جزر مضيق توريس,Soziales und emotionales Wohlbefinden der Aborigines und der Torres-Strait-Bevölkerung,आदिवासी और टोरेस स्ट्रेट के लोगों का सामाजिक और भावनात्मक कल्याण,アボリジニとトレス海峡諸島民の社会的および感情的な幸福
abortion,aborto provocado,phá thai,إجهاض,Abtreibung,गर्भपात,中絶
abscess incision and drainage,Incisión y drenaje del absceso,rạch và dẫn lưu ổ áp xe,شق الخراج وتصريفه,Abszessinzision und -drainage,फोड़े का चीरा लगाकर जल निकासी,膿瘍の切開と排膿
abscesses,abscesos,áp xe,الخراجات,Abszesse,फोड़े,膿瘍
absence seizures,crisis de ausencia,cơn động kinh vắng mặt,نوبات الغياب,Absencen,अनुपस्थिति दौरे,欠神発作
absent periods,períodos ausentes,vắng mặt,انقطاع الدورة الشهرية,Fehlzeiten,अनुपस्थित अवधि,欠席期間
accidentally eating unsafe foods,comer accidentalmente alimentos no seguros,vô tình ăn phải thực phẩm không an toàn,تناول أطعمة غير آمنة عن طريق الخطأ,versehentliches Essen unsicherer Lebensmittel,अनजाने में असुरक्षित खाद्य पदार्थों का सेवन करना,誤って安全でない食品を食べてしまう
accidents,accidentes,tai nạn,الحوادث,Unfälle,दुर्घटनाओं,事故
accommodation support,apoyo para el alojamiento,hỗ trợ chỗ ở,دعم الإقامة,Unterstützung bei der Unterkunftssuche,आवास सहायता,宿泊支援
achalasia,acalasia,chứng co thắt tâm vị,تعذر الارتخاء,Achalasie,अचलासिया,アカラシア
aches and pains,achaques,đau nhức,آلام وأوجاع,Schmerzen und Beschwerden,दर्द एवं पीड़ा,痛みや不快感
achilles tendon,tendón de Aquiles,gân Achilles,وتر أخيل,Achillessehne,अकिलीज़ टेंडन,アキレス腱
haematologists,hematólogos,các nhà huyết học,أطباء أمراض الدم,Hämatologen,हेमेटोलॉजिस्ट,血液専門医
haematuria,formal: hematuria | informal: sangre en la orina,"formal: tiểu máu | informal: máu trong nước tiểu, có máu trong nước tiểu","formal: بيلة دموية | informal: دم في البول, وجود دم في البول",formal: Hämaturie | informal: Blut im Urin,formal: रक्तमूत्रता | informal: पेशाब में खून आना,formal: 血尿 | informal: 尿に血が混じる
g6pd deficiency,deficiencia de g6pd,thiếu hụt g6pd,نقص إنزيم G6PD,G6PD-Mangel,जी6पीडी की कमी,G6PD欠損症
gad,Dios,gad,يا إلهي,gad,घूमना-फिरना,ガド
extreme fire flame,fiebre,sốt,لهيب ناري شديد,Fieber,अत्यधिक आग की लपट,極めて激しい炎
ear pain,dolor de oído,đau tai,ألم في الأذن,Ohrenschmerzen,कान में दर्द,耳の痛み
paracetamol,paracetamol,paracetamol,باراسيتامول,Paracetamol,पैरासिटामोल,パラセタモール
emergency department,departamento de emergencias,khoa cấp cứu,قسم الطوارئ,Notaufnahme,इमरजेंसी डिपार्टमेंट,救急外来
acl reconstruction,reconstrucción del ligamento cruzado anterior,tái tạo dây chằng chéo trước,إعادة بناء الرباط الصليبي الأمامي,Kreuzbandrekonstruktion,एसीएल पुनर्निर्माण,ACL再建術
acne,acné,mụn trứng cá,حَبُّ الشّبَاب,Akne,मुंहासा,ニキビ
acne treatments,tratamientos para el acné,điều trị mụn trứng cá,علاجات حب الشباب,Aknebehandlungen,मुँहासे के उपचार,ニキビ治療
acoustic neuroma,neuroma acústico,u thần kinh thính giác,ورم العصب السمعي,Akustikusneurinom,ध्वनिक न्यूरोमा,聴神経腫瘍
acquired brain injury,lesión cerebral adquirida,chấn thương não mắc phải,إصابة دماغية مكتسبة,erworbene Hirnschädigung,मस्तिष्क की चोट,後天性脳損傷
acromegaly,acromegalia,bệnh to đầu chi,ضخامة الأطراف,Akromegalie,एक्रोमिगेली,先端巨大症
acts of kindness and compassion,actos de bondad y compasión,những hành động tử tế và lòng thương xót,أعمال اللطف والرحمة,Akte der Freundlichkeit und des Mitgefühls,दया और करुणा के कार्य,親切と思いやりの行為
acupuncture,acupuntura,châm cứu,الوخز بالإبر,Akupunktur,एक्यूपंक्चर,鍼
add,agregar,thêm vào,يضيف,hinzufügen,जोड़ना,追加
addiction,adicción,nghiện,مدمن,Sucht,लत,中毒
addiction withdrawal,Abstinencia de adicción,cai nghiện,أعراض انسحاب الإدمان,Entzugserscheinungen,व्यसन से मुक्ति,依存症からの離脱
addison's disease,enfermedad de Addison,bệnh Addison,مرض أديسون,Addison-Krankheit,एडिसन रोग,アジソン病
adeno-tonsillectomy,adenoidectomía y amigdalectomía,cắt amidan và nạo VA,استئصال اللوزتين واللحمية,Adenotonsillektomie,एडिनो-टॉन्सिल्लेक्टोमी,アデノ扁桃摘出術
adenoidectomy,adenoidectomía,cắt bỏ amidan,استئصال اللحمية,Adenoidektomie,एडेनोइडेक्टोमी,アデノイド切除術
adenoids,adenoides,amidan,اللحمية,Polypen,adenoids,アデノイド
adenomyosis,adenomiosis,bệnh lạc nội mạc tử cung,داء البطانة الرحمية,Adenomyose,ग्रंथिपेश्यर्बुदता,子宮腺筋症
adenoviruses,adenovirus,adenovirus,الفيروسات الغدية,Adenoviren,एडिनोवायरस,アデノウイルス
adhd,TDAH,ADHD,اضطراب فرط الحركة ونقص الانتباه,ADHS,एडीएचडी,ADHD
adhd medicines,medicamentos para el TDAH,thuốc điều trị ADHD,أدوية اضطراب فرط الحركة ونقص الانتباه,ADHS-Medikamente,एडीएचडी की दवाइयाँ,ADHD治療薬
adrenal fatigue,fatiga suprarrenal,mệt mỏi tuyến thượng thận,إرهاق الغدة الكظرية,Nebennierenschwäche,अधिवृक्क थकान,副腎疲労
adrenal glands,glándulas suprarrenales,tuyến thượng thận,الغدد الكظرية,Nebennieren,अधिवृक्क ग्रंथियां,副腎
adrenaline,adrenalina,adrenaline,الأدرينالين,Adrenalin,एड्रेनालाईन,アドレナリン
adrenaline autoinjector,autoinyector de adrenalina,ống tiêm tự động adrenaline,حاقن الأدرينالين التلقائي,Adrenalin-Autoinjektor,एड्रेनालाईन ऑटोइंजेक्टर,アドレナリン自己注射器
advance care planning,planificación anticipada de la atención médica,lập kế hoạch chăm sóc trước,التخطيط المسبق للرعاية,Vorausplanung der medizinischen Versorgung,अग्रिम देखभाल योजना,事前医療計画
adverse effects from medicines,efectos adversos de los medicamentos,tác dụng phụ của thuốc,الآثار الجانبية للأدوية,Nebenwirkungen von Medikamenten,दवाओं से होने वाले प्रतिकूल प्रभाव,医薬品の副作用
after-hours health services,servicios de salud fuera del horario habitual,dịch vụ y tế ngoài giờ,خدمات الرعاية الصحية خارج ساعات العمل,Gesundheitsdienste außerhalb der regulären Öffnungszeiten,कार्य समय के बाद की स्वास्थ्य सेवाएं,時間外医療サービス
age-related macular degeneration,degeneración macular relacionada con la edad,thoái hóa điểm vàng liên quan đến tuổi tác,التنكس البقعي المرتبط بالعمر,altersbedingte Makuladegeneration,उम्र से संबंधित मैकुलर डिजनरेशन,加齢黄斑変性
aged care services,servicios de atención a personas mayores,dịch vụ chăm sóc người cao tuổi,خدمات رعاية المسنين,Altenpflegedienste,वृद्धावस्था देखभाल सेवाएं,高齢者介護サービス
aggression in teenagers,agresión en adolescentes,sự hung hăng ở thanh thiếu niên,العدوانية لدى المراهقين,Aggression bei Teenagern,किशोरों में आक्रामकता,十代の若者の攻撃性
agnosia,agnosia,chứng mất nhận thức,عجز التعرف على الأشياء,Agnosie,संवेदनलोप,失認
agoraphobia,agorafobia,chứng sợ khoảng trống,رهاب الأماكن المفتوحة,Agoraphobie,भीड़ से डर लगना,広場恐怖症
aicd,aicd,aicd,أيد,AICD,एआईसीडी,aicd
aids and hiv infection,sida e infección por VIH,bệnh AIDS và nhiễm HIV,الإيدز وعدوى فيروس نقص المناعة البشرية,AIDS- und HIV-Infektion,एड्स और एचआईवी संक्रमण,エイズとHIV感染
albinism,albinismo,bệnh bạch tạng,المهق,Albinismus,रंगहीनता,アルビニズム
alcohol,alcohol,rượu bia,الكحول,Alkohol,शराब,アルコール
alcohol dependence,dependencia del alcohol,nghiện rượu,إدمان الكحول,Alkoholabhängigkeit,अल्कोहल निर्भरता,アルコール依存症
alcoholism,alcoholismo,nghiện rượu,إدمان الكحول,Alkoholismus,शराब,アルコール依存症
allergen immunotherapy,inmunoterapia con alérgenos,liệu pháp miễn dịch dị ứng,العلاج المناعي للحساسية,Allergen-Immuntherapie,एलर्जेन इम्यूनोथेरेपी,アレルゲン免疫療法
allergic reactions to cow's milk,reacciones alérgicas a la leche de vaca,phản ứng dị ứng với sữa bò,ردود الفعل التحسسية تجاه حليب البقر,allergische Reaktionen auf Kuhmilch,गाय के दूध से एलर्जी की प्रतिक्रिया,牛乳に対するアレルギー反応
allergic rhinitis,formal: rinitis alérgica | informal: fiebre del heno,"formal: viêm mũi dị ứng | informal: dị ứng thời tiết, sốt mùa hè","formal: التهاب الأنف التحسسي | informal: حمى القش, حمى الكلأ",formal: allergische Rhinitis | informal: Heuschnupfen,"formal: एलर्जिक राइनाइटिस | informal: हे फीवर, पराग ज्वर",formal: アレルギー性鼻炎 | informal: 花粉症
allergies,alergias,dị ứng,الحساسية,Allergien,एलर्जी,アレルギー
allergies and hypersensitivities,alergias e hipersensibilidades,dị ứng và quá mẫn,الحساسية المفرطة,Allergien und Überempfindlichkeiten,एलर्जी और अतिसंवेदनशीलता,アレルギーおよび過敏症
allergies to seafood,alergias a los mariscos,dị ứng với hải sản,الحساسية تجاه المأكولات البحرية,Allergien gegen Meeresfrüchte,समुद्री भोजन से एलर्जी,魚介類アレルギー
allergy,alergia,dị ứng,حساسية,Allergie,एलर्जी,アレルギー
allergy testing,pruebas de alergia,xét nghiệm dị ứng,اختبار الحساسية,Allergietest,एलर्जी परीक्षण,アレルギー検査
allied health,salud afín,y tế liên kết,المهن الصحية المساعدة,verwandte Gesundheitsberufe,संबन्धित स्वस्थ्य,医療関連職
alopecia,"formal: alopecia | informal: caída del cabello, calvicie","formal: rụng tóc | informal: hói đầu, rụng tóc","formal: ثعلبة | informal: تساقط الشعر, صلع, الصلع","formal: Alopezie | informal: Haarausfall, Glatzenbildung, Kahlheit","formal: खालित्य | informal: बालों का झड़ना, गंजापन, दरिद्रता","formal: 脱毛症 | informal: 抜け毛, ハゲ, 禿げ"
alpha-1 antitrypsin deficiency,deficiencia de alfa-1 antitripsina,thiếu hụt alpha-1 antitrypsin,نقص ألفا-1 أنتيتريبسين,Alpha-1-Antitrypsinmangel,अल्फा-1 एंटीट्रिप्सिन की कमी,α1アンチトリプシン欠乏症
altitude sickness,mal de altura,bệnh độ cao,داء المرتفعات,Höhenkrankheit,ऊंचाई से बीमारी,高山病
alzheimer's disease,enfermedad de Alzheimer,bệnh Alzheimer,مرض الزهايمر,Alzheimer-Krankheit,अल्जाइमर रोग,アルツハイマー病
ambulances,ambulancias,xe cứu thương,سيارات الإسعاف,Krankenwagen,एंबुलेंस,救急車
amenorrhoea,amenorrea,vô kinh,انقطاع الطمث,Amenorrhoe,अमेनोरिया,無月経
amnesia,amnesia,mất trí nhớ,فقدان الذاكرة,Amnesie,भूलने की बीमारी,健忘症
amphetamines,anfetaminas,amphetamines,الأمفيتامينات,Amphetamine,amphetamines,アンフェタミン
amputation,amputación,cắt cụt,بتر,Amputation,विच्छेदन,切断
amyloidosis,amilosis,bệnh amyloidosis,داء النشواني,Amyloidose,एमिलॉयडोसिस,アミロイドーシス
amyotrophic lateral sclerosis,esclerosis lateral amiotrófica,bệnh xơ cứng teo cơ một bên,التصلب الجانبي الضموري,amyotrophe Lateralsklerose,पेशीशोषी पार्श्व काठिन्य,筋萎縮性側索硬化症
anabolic steroids,esteroides anabólicos,steroid đồng hóa,الستيرويدات الابتنائية,Anabole Steroide,एनाबॉलिक स्टेरॉयड,アナボリックステロイド
anaemia,anemia,thiếu máu,فقر الدم,Anämie,खून की कमी,貧血
anaemia medicine,medicamentos para la anemia,thuốc trị thiếu máu,دواء لعلاج فقر الدم,Anämie-Medikament,एनीमिया की दवा,貧血薬
anaesthetics,anestésicos,thuốc gây mê,التخدير,Anästhetika,बेहोशी की दवा,麻酔薬
anal cancer,cáncer anal,ung thư hậu môn,سرطان الشرج,Analkrebs,गुदा कैंसर,肛門がん
anal care,cuidado anal,chăm sóc hậu môn,العناية الشرجية,Analpflege,गुदा देखभाल,肛門ケア
anal fissure,fisura anal,nứt hậu môn,الشق الشرجي,Analfissur,गुदा विदर,肛門裂傷
anal injury,lesión anal,chấn thương hậu môn,إصابة شرجية,Analverletzung,गुदा में चोट,肛門損傷
anal pain,dolor anal,đau hậu môn,ألم شرجي,Analschmerzen,गुदा में दर्द होना,肛門の痛み
anaphylaxis,anafilaxia,sốc phản vệ,الحساسية المفرطة,Anaphylaxie,तीव्रग्राहिता,アナフィラキシー
anatomy,anatomía,giải phẫu học,تشريح,Anatomie,शरीर रचना,解剖学
anemia,anemia,thiếu máu,فقر الدم,Anämie,रक्ताल्पता,貧血
aneurysms,aneurismas,phình động mạch,تمدد الأوعية الدموية,Aneurysmen,विस्फार,動脈瘤
angelman syndrome,síndrome de Angelman,hội chứng Angelman,متلازمة أنجلمان,Angelman-Syndrom,एंजेलमैन सिंड्रोम,アンジェルマン症候群
anger management,control de la ira,kiểm soát cơn giận,إدارة الغضب,Wutbewältigung,क्रोध प्रबंधन,怒りのコントロール
angina,angina de pecho,đau thắt ngực,ذبحة,Angina,एनजाइना,狭心症
angiogram,angiografía,chụp mạch máu,تصوير الأوعية الدموية,Angiogramm,एंजियोग्राम,血管造影
angioplasty,angioplastia,nong mạch,رأب الأوعية الدموية,Angioplastie,एंजियोप्लास्टी,血管形成術
angiotensin converting enzyme inhibitors,inhibidores de la enzima convertidora de angiotensina,thuốc ức chế men chuyển angiotensin,مثبطات الإنزيم المحول للأنجيوتنسين,Angiotensin-Converting-Enzym-Hemmer,एंजियोटेंसिन परिवर्तित एंजाइम अवरोधक,アンジオテンシン変換酵素阻害薬
angiotensin receptor blockers,bloqueadores de los receptores de angiotensina,thuốc chẹn thụ thể angiotensin,حاصرات مستقبلات الأنجيوتنسين,Angiotensin-Rezeptorblocker,एंजियोटेंसिन रिसेप्टर ब्लॉकर्स,アンジオテンシン受容体拮抗薬
animal bites,mordeduras de animales,vết cắn của động vật,عضات الحيوانات,Tierbisse,जानवरों के काटने,動物の咬傷
ankle arthrodesis,artrodesis de tobillo,phẫu thuật cố định khớp mắt cá chân,تثبيت مفصل الكاحل,Sprunggelenksarthrodese,टखने के आर्थ्रोडेसिस,足関節固定術
ankle fracture surgery,cirugía de fractura de tobillo,phẫu thuật gãy xương mắt cá chân,جراحة كسر الكاحل,Knöchelfraktur-Operation,टखने के फ्रैक्चर की सर्जरी,足首骨折手術
ankle pain,dolor de tobillo,đau mắt cá chân,ألم في الكاحل,Knöchelschmerzen,टखने में दर्द,足首の痛み
ankle sprain,esguince de tobillo,bong gân mắt cá chân,التواء الكاحل,Knöchelverstauchung,टखने की मोच,足首の捻挫
ankylosing spondylitis,espondiloartritis anquilosante,viêm cột sống dính khớp,التهاب الفقرات التصلبي,Spondylitis ankylosans,रीढ़ के जोड़ों में गतिविधि-रोधक सूजन,強直性脊椎炎
anorexia nervosa,anorexia nerviosa,chứng chán ăn tâm thần,فقدان الشهية العصبي,Anorexia nervosa,एनोरेक्सिया नर्वोसा,神経性食欲不振症
anosmia,anosmia,mất khứu giác,فقدان حاسة الشم,Anosmie,घ्राणशक्ति का नाश,嗅覚脱失
ant stings,picaduras de hormigas,vết đốt của kiến,لسعات النمل,Ameisenstiche,चींटी के डंक,アリの毒針
ant stings and bites,Picaduras y mordeduras de hormigas,vết đốt và cắn của kiến,لسعات ولدغات النمل,Ameisenstiche und -bisse,चींटियों के डंक और काटने,アリの刺し傷と噛み傷
antenatal tests,pruebas prenatales,xét nghiệm trước sinh,فحوصات ما قبل الولادة,pränatale Tests,प्रसवपूर्व परीक्षण,出生前検査
anterior repair,reparación anterior,sửa chữa phía trước,إصلاح أمامي,vordere Reparatur,अग्रवर्ती मरम्मत,前方修復
anthrax,ántrax,bệnh than,الجمرة الخبيثة,Milzbrand,बिसहरिया,炭疽菌
anti-inflammatory medicines,medicamentos antiinflamatorios,thuốc chống viêm,الأدوية المضادة للالتهابات,entzündungshemmende Medikamente,सूजनरोधी दवाएँ,抗炎症薬
antibiotics,antibióticos,thuốc kháng sinh,المضادات الحيوية,Antibiotika,एंटीबायोटिक दवाओं,抗生物質
anticipatory grief,duelo anticipatorio,nỗi đau buồn dự đoán,الحزن الاستباقي,vorweggenommene Trauer,प्रत्याशित शोक,予期悲嘆
antidepressants,antidepresivos,thuốc chống trầm cảm,مضادات الاكتئاب,Antidepressiva,एंटीडिप्रेसन्ट,抗うつ剤
antifungal medicines,medicamentos antimicóticos,thuốc chống nấm,الأدوية المضادة للفطريات,Antimykotika,एंटीफंगल दवाएं,抗真菌薬
antihistamines,antihistamínicos,thuốc kháng histamine,مضادات الهيستامين,Antihistaminika,एंटिहिस्टामाइन्स,抗ヒスタミン剤
antioxidants,antioxidantes,chất chống oxy hóa,مضادات الأكسدة,Antioxidantien,एंटीऑक्सीडेंट,抗酸化物質
antiphospholipid syndrome,síndrome antifosfolípido,hội chứng kháng phospholipid,متلازمة الأجسام المضادة للفوسفوليبيد,Antiphospholipid-Syndrom,एंटीफॉस्फोलिपिड सिंड्रोम,抗リン脂質症候群
antipsychotic medicines,medicamentos antipsicóticos,thuốc chống loạn thần,الأدوية المضادة للذهان,Antipsychotika,मनोविरोधक दवाएँ,抗精神病薬
antisocial personality disorder,trastorno de personalidad antisocial,rối loạn nhân cách chống đối xã hội,اضطراب الشخصية المعادية للمجتمع,antisoziale Persönlichkeitsstörung,असामाजिक व्यक्तित्व विकार,反社会性パーソナリティ障害
antivirals for flu and covid-19,Antivirales para la gripe y la COVID-19,thuốc kháng virus cho bệnh cúm và COVID-19,مضادات الفيروسات لعلاج الإنفلونزا وكوفيد-19,Virostatika gegen Grippe und Covid-19,फ्लू और कोविड-19 के लिए एंटीवायरल दवाएं,インフルエンザとCOVID-19に対する抗ウイルス薬
anxiety,ansiedad,sự lo lắng,قلق,Angst,चिंता,不安
anxiety conditions,trastornos de ansiedad,tình trạng lo âu,حالات القلق,Angstzustände,चिंता की स्थितियाँ,不安障害
anxiety in children,ansiedad en los niños,lo lắng ở trẻ em,القلق عند الأطفال,Angstzustände bei Kindern,बच्चों में चिंता,子供の不安
anxiety in teenagers,ansiedad en adolescentes,lo lắng ở thanh thiếu niên,القلق لدى المراهقين,Angstzustände bei Teenagern,किशोरों में चिंता,十代の不安
anxiety medication,medicamentos para la ansiedad,thuốc chống lo âu,أدوية القلق,Medikamente gegen Angstzustände,चिंता की दवा,不安薬
aortic coarctation,coartación aórtica,hẹp động mạch chủ,تضيق الأبهر,Aortenisthmusstenose,महाधमनी संकुचन,大動脈縮窄症
aortic dissection,disección aórtica,bóc tách động mạch chủ,تسلخ الأبهر,Aortendissektion,महाधमनी विच्छेदन,大動脈解離
aortic stenosis,estenosis aórtica,hẹp động mạch chủ,تضيق الأبهر,Aortenstenose,महाधमनी स्टेनोसिस,大動脈弁狭窄症
aortic valve replacement,reemplazo de la válvula aórtica,thay van động mạch chủ,استبدال الصمام الأبهري,Aortenklappenersatz,महाधमनी वाल्व प्रतिस्थापन,大動脈弁置換術
apert syndrome,síndrome de Apert,hội chứng apert,متلازمة آبرت,apert-Syndrom,एपर्ट सिंड्रोम,アペール症候群
aphasia,afasia,chứng mất ngôn ngữ,حبسة,Aphasie,बोली बंद होना,失語症
apnoea,apnea,ngưng thở,انقطاع النفس,Apnoe,एपनिया,無呼吸
appendectomy,apendectomía,phẫu thuật cắt ruột thừa,استئصال الزائدة الدودية,Blinddarmoperation,एपेंडेक्टोमी,虫垂切除術
appendicitis,apendicitis,viêm ruột thừa,التهاب الزائدة الدودية,Appendizitis,पथरी,虫垂炎
apraxia of speech,apraxia del habla,chứng khó nói,خلل في النطق,Sprechapraxie,वाक् अप्रेक्सिया,発話失行
arrhythmia,arritmia,rối loạn nhịp tim,عدم انتظام ضربات القلب,Arrhythmie,अतालता,不整脈
arsenic,arsénico,asen,الزرنيخ,Arsen,हरताल,砒素
arthritis,artritis,viêm khớp,التهاب المفاصل,Arthritis,वात रोग,関節炎
arthritis in children,artritis en niños,viêm khớp ở trẻ em,التهاب المفاصل عند الأطفال,Arthritis bei Kindern,बच्चों में गठिया,小児の関節炎
arthroscopic release of frozen shoulder,Liberación artroscópica de hombro congelado,Phẫu thuật nội soi giải phóng hội chứng vai đông cứng,تحرير الكتف المتجمد بالمنظار,Arthroskopische Lösung einer Schultersteife,फ्रोजन शोल्डर का आर्थ्रोस्कोपिक रिलीज,関節鏡下による五十肩の解放
arthroscopy,artroscopia,nội soi khớp,تنظير المفصل,Arthroskopie,आर्थ्रोस्कोपी,関節鏡検査
arthroscopy of the ankle,artroscopia del tobillo,nội soi khớp mắt cá chân,تنظير مفصل الكاحل,Arthroskopie des Sprunggelenks,टखने की आर्थ्रोस्कोपी,足首の関節鏡検査
arthroscopy of the elbow,artroscopia del codo,nội soi khớp khuỷu tay,تنظير مفصل الكوع,Arthroskopie des Ellbogens,कोहनी की आर्थ्रोस्कोपी,肘関節鏡検査
arthroscopy of the knee,artroscopia de rodilla,nội soi khớp gối,تنظير مفصل الركبة,Kniegelenksarthroskopie,घुटने की आर्थ्रोस्कोपी,膝関節鏡検査
arthroscopy of the shoulder,artroscopia del hombro,nội soi khớp vai,تنظير مفصل الكتف,Arthroskopie der Schulter,कंधे की आर्थ्रोस्कोपी,肩関節鏡検査
arthroscopy of the wrist,artroscopia de la muñeca,nội soi khớp cổ tay,تنظير مفصل الرسغ,Arthroskopie des Handgelenks,कलाई की आर्थ्रोस्कोपी,手首の関節鏡検査
asbestosis,asbestosis,bệnh bụi amiăng,داء الأسبستوس,Asbestose,एस्बेस्टोसिस,アスベスト症
assistance dog,perro de asistencia,chó hỗ trợ,كلب المساعدة,Assistenzhund,सहायता कुत्ता,介助犬
assisted vaginal delivery,parto vaginal asistido,sinh thường có hỗ trợ,الولادة المهبلية بمساعدة طبية,assistierte vaginale Entbindung,सहायता प्राप्त योनि प्रसव,補助付き経腟分娩
asthma,asma,hen suyễn,الربو,Asthma,अस्थमा,喘息
asthma and pregnancy,asma y embarazo,hen suyễn và mang thai,الربو والحمل,Asthma und Schwangerschaft,अस्थमा और गर्भावस्था,喘息と妊娠
asthma attack management,manejo de los ataques de asma,quản lý cơn hen suyễn,إدارة نوبات الربو,Asthmaanfall-Management,अस्थमा के दौरे का प्रबंधन,喘息発作の管理
asthma in children,asma en niños,bệnh hen suyễn ở trẻ em,الربو عند الأطفال,Asthma bei Kindern,बच्चों में अस्थमा,小児喘息
asthma in children under 6,asma en niños menores de 6 años,bệnh hen suyễn ở trẻ em dưới 6 tuổi,الربو عند الأطفال دون سن السادسة,Asthma bei Kindern unter 6 Jahren,6 वर्ष से कम उम्र के बच्चों में अस्थमा,6歳未満の小児における喘息
asthma medication,medicamentos para el asma,thuốc hen suyễn,أدوية الربو,Asthmamedikamente,अस्थमा की दवा,喘息の薬
astigmatism,astigmatismo,loạn thị,الاستجماتيزم,Astigmatismus,दृष्टिवैषम्य,乱視
atherosclerosis,aterosclerosis,xơ vữa động mạch,تصلب الشرايين,Atherosklerose,atherosclerosis,動脈硬化
athletes foot,pie de atleta,bệnh nấm da chân,قدم الرياضي,Fußpilz,एथलीट फुट,水虫
atrial fibrillation,fibrilación auricular,rung tâm nhĩ,رجفان أذيني,Vorhofflimmern,दिल की अनियमित धड़कन,心房細動
attention deficit disorder,trastorno por déficit de atención,rối loạn thiếu tập trung,اضطراب نقص الانتباه,Aufmerksamkeitsdefizitstörung,ध्यान आभाव विकार,注意欠陥障害
australian mental health services,servicios de salud mental australianos,dịch vụ sức khỏe tâm thần Úc,خدمات الصحة النفسية الأسترالية,australische psychiatrische Dienste,ऑस्ट्रेलियाई मानसिक स्वास्थ्य सेवाएं,オーストラリアのメンタルヘルスサービス
australia’s healthcare system,El sistema de salud de Australia,hệ thống chăm sóc sức khỏe của Úc,نظام الرعاية الصحية في أستراليا,Australiens Gesundheitssystem,ऑस्ट्रेलिया की स्वास्थ्य सेवा प्रणाली,オーストラリアの医療制度
autism spectrum disorder,trastorno del espectro autista,rối loạn phổ tự kỷ,اضطراب طيف التوحد,Autismus-Spektrum-Störung,ऑटिज्म स्पेक्ट्रम विकार,自閉症スペクトラム障害
autoimmune conditions,enfermedades autoinmunes,các bệnh tự miễn dịch,أمراض المناعة الذاتية,Autoimmunerkrankungen,ऑटोइम्यून स्थितियां,自己免疫疾患
autoimmune diseases,enfermedades autoinmunes,bệnh tự miễn dịch,أمراض المناعة الذاتية,Autoimmunerkrankungen,ऑटोइम्यून बीमारियों,自己免疫疾患
avian influenza,gripe aviar,cúm gia cầm,إنفلونزا الطيور,Vogelgrippe,एवियन इन्फ्लूएंजा,鳥インフルエンザ
avoidant personality disorder,trastorno de personalidad por evitación,rối loạn nhân cách né tránh,اضطراب الشخصية التجنبية,vermeidende Persönlichkeitsstörung,एवोईदंत व्यक्तित्व विकार,回避性パーソナリティ障害
axillary node clearance,extirpación de ganglios axilares,nạo hạch nách,استئصال العقد الليمفاوية الإبطية,Axilläre Lymphknotenentfernung,एक्सिलरी नोड क्लीयरेंस,腋窩リンパ節郭清
babies and toddlers,bebés y niños pequeños,trẻ sơ sinh và trẻ mới biết đi,الرضع والأطفال الصغار,Babys und Kleinkinder,शिशुओं और छोटे बच्चों,赤ちゃんと幼児
baby immunisation,vacunación infantil,tiêm chủng cho trẻ sơ sinh,تطعيم الأطفال,Säuglingsimpfungen,शिशु टीकाकरण,乳幼児の予防接種
baby weight,peso del bebé,cân nặng của em bé,وزن الطفل,Babygewicht,शिशु का वजन,赤ちゃんの体重
back injuries - symptoms and treatments,Lesiones de espalda: síntomas y tratamientos,Chấn thương lưng - triệu chứng và cách điều trị,إصابات الظهر - الأعراض والعلاجات,Rückenverletzungen – Symptome und Behandlungsmethoden,पीठ की चोटें - लक्षण और उपचार,背中の怪我 - 症状と治療法
back pain — an overview,Dolor de espalda: una visión general,Đau lưng — tổng quan,آلام الظهر - نظرة عامة,Rückenschmerzen – ein Überblick,पीठ दर्द — एक संक्षिप्त विवरण,腰痛の概要
bacterial infections,infecciones bacterianas,nhiễm trùng do vi khuẩn,العدوى البكتيرية,bakterielle Infektionen,जीवाण्विक संक्रमण,細菌感染症
bacterial pneumonia,neumonía bacteriana,viêm phổi do vi khuẩn,الالتهاب الرئوي البكتيري,bakterielle Lungenentzündung,जीवाणु निमोनिया,細菌性肺炎
bacterial vaginosis,vaginosis bacteriana,viêm âm đạo do vi khuẩn,التهاب المهبل البكتيري,bakterielle Vaginose,बैक्टीरियल वेजिनोसिस,細菌性膣炎
bacterial vs viral infections,infecciones bacterianas versus infecciones virales,nhiễm trùng do vi khuẩn so với nhiễm trùng do virus,العدوى البكتيرية مقابل العدوى الفيروسية,bakterielle vs. virale Infektionen,जीवाणु संक्रमण बनाम वायरल संक्रमण,細菌感染とウイルス感染
bad breath,mal aliento,hơi thở hôi,رائحة الفم الكريهة,Mundgeruch,बदबूदार सांस,口臭
baker's cysts,quistes del panadero,u nang Baker,أكياس الخباز,Bäckerzysten,बेकर की सिस्ट,ベーカー嚢胞
balanced diet,alimentación equilibrada,chế độ ăn uống cân bằng,نظام غذائي متوازن,ausgewogene Ernährung,संतुलित आहार,バランスの取れた食事
balanitis and balanoposthitis,balanitis y balanopostitis,viêm bao quy đầu và viêm bao quy đầu,التهاب الحشفة والتهاب الحشفة والقلفة,Balanitis und Balanoposthitis,बैलानाइटिस और बैलानोपोस्टहाइटिस,亀頭炎および亀頭包皮炎
bariatric surgery guide,guía de cirugía bariátrica,hướng dẫn phẫu thuật giảm béo,دليل جراحة السمنة,Leitfaden zur bariatrischen Chirurgie,बेरिएट्रिक सर्जरी गाइड,肥満外科手術ガイド
barmah forest virus,virus forestal de Barmah,virus rừng barmah,فيروس غابة بارما,Barmah-Wald-Virus,बरमाह वन वायरस,バルマ森林ウイルス
bartholin’s cysts,quistes de Bartholin,u nang Bartholin,أكياس بارثولين,Bartholin-Zysten,बार्थोलिन सिस्ट,バルトリン腺嚢胞
basal cell carcinoma,carcinoma basocelular,ung thư tế bào đáy,سرطان الخلايا القاعدية,Basalzellkarzinom,बैसल सेल कर्सिनोमा,基底細胞癌
bat bites,mordeduras de murciélago,vết cắn của dơi,عضات الخفافيش,Fledermausbisse,चमगादड़ के काटने,コウモリに噛まれた
beach safety,seguridad en la playa,an toàn bãi biển,السلامة على الشاطئ,Strandsicherheit,समुद्र तट सुरक्षा,ビーチでの安全対策
bed bugs,chinches de cama,rệp giường,بق الفراش,Bettwanzen,खटमल,トコジラミ
bedwetting in older children,enuresis nocturna en niños mayores,đái dầm ở trẻ lớn,التبول اللاإرادي عند الأطفال الأكبر سناً,Bettnässen bei älteren Kindern,बड़े बच्चों में बिस्तर गीला करना,年長児の夜尿症
bee and wasp stings,picaduras de abejas y avispas,vết đốt của ong và ong bắp cày,لسعات النحل والدبابير,Bienen- und Wespenstiche,मधुमक्खी और ततैया के डंक,ミツバチやスズメバチの毒針
behaviour problems,problemas de comportamiento,vấn đề hành vi,مشاكل سلوكية,Verhaltensprobleme,व्यवहार संबंधी समस्याएं,行動上の問題
bell's palsy,parálisis de Bell,liệt dây thần kinh mặt,شلل بيل,Bell-Lähmung,एक तरफ के चेहरे का पक्षाघात,ベル麻痺
benefits of volunteering,beneficios del voluntariado,lợi ích của việc tình nguyện,فوائد التطوع,Vorteile des Ehrenamts,स्वयंसेवा के लाभ,ボランティア活動のメリット
benign prostate hypertrophy,hipertrofia prostática benigna,phì đại tuyến tiền liệt lành tính,تضخم البروستاتا الحميد,gutartige Prostatahypertrophie,सौम्य प्रोस्टेट अतिवृद्धि,良性前立腺肥大症
benign tumours,tumores benignos,khối u lành tính,الأورام الحميدة,gutartige Tumore,सौम्य ट्यूमर,良性腫瘍
bereavement,duelo,sự mất mát,الثكل,Trauer,वियोग,死別
beta blockers,betabloqueadores,thuốc chẹn beta,حاصرات بيتا,Betablocker,बीटा ब्लॉकर्स,ベータ遮断薬
bike riding,andar en bicicleta,đạp xe,ركوب الدراجات,Fahrradfahren,बाइक की सवारी,自転車に乗る
bilateral vasectomy,vasectomía bilateral,thắt ống dẫn tinh hai bên,استئصال الأسهر الثنائي,beidseitige Vasektomie,द्विपक्षीय नसबंदी,両側精管切除術
binge drinking,consumo excesivo de alcohol,uống rượu say sưa,الإفراط في شرب الكحول,exzessiver Alkoholkonsum,अनियंत्रित मदपान,大量飲酒
binge eating disorder,trastorno por atracones,rối loạn ăn uống vô độ,اضطراب نهم الطعام,Essanfallstörung,ज्यादा खाने से होने वाली गड़बड़ी,過食症
biopsy,biopsia,sinh thiết,خزعة,Biopsie,बायोप्सी,生検
bipolar disorder,trastorno bipolar,rối loạn lưỡng cực,اضطراب ذو اتجاهين,bipolare Störung,दोध्रुवी विकार,双極性障害
bipolar medicines,medicamentos para el trastorno bipolar,thuốc điều trị rối loạn lưỡng cực,أدوية ثنائية القطب,Medikamente gegen bipolare Störungen,द्विध्रुवी दवाएं,双極性障害の薬
bird flu,gripe aviar,cúm gia cầm,إنفلونزا الطيور,Vogelgrippe,बर्ड फलू,鳥インフルエンザ
birth control,control de la natalidad,biện pháp tránh thai,وسائل منع الحمل,Geburtenkontrolle,जन्म नियंत्रण,避妊
birth differences,diferencias de nacimiento,sự khác biệt khi sinh ra,اختلافات الولادة,Geburtsunterschiede,जन्म संबंधी अंतर,出生時の違い
bites and stings,picaduras y mordeduras,vết cắn và vết chích,لدغات ولسعات,Bisse und Stiche,काटने और डंक मारने,噛み傷と刺傷
black eye,ojo morado,mắt đen,كدمة سوداء حول العين,blaues Auge,बुरी नज़र,目の周りにあざができる
blackouts,apagones,mất điện,انقطاع التيار الكهربائي,Stromausfälle,ब्लैकआउट,停電
bladder,vejiga,bàng quang,المثانة,Blase,मूत्राशय,膀胱
bladder cancer,cáncer de vejiga,ung thư bàng quang,سرطان المثانة,Blasenkrebs,मूत्राशय कैंसर,膀胱がん
bladder prolapse,prolapso de vejiga,sa bàng quang,هبوط المثانة,Blasenvorfall,मूत्राशय का प्रोलैप्स,膀胱脱
bladder-neck incision,incisión del cuello de la vejiga,vết mổ cổ bàng quang,شق عنق المثانة,Blasenhalsinzision,मूत्राशय-गर्दन चीरा,膀胱頸部切開
bleeding after menopause,sangrado después de la menopausia,chảy máu sau mãn kinh,النزيف بعد انقطاع الطمث,Blutungen nach den Wechseljahren,रजोनिवृत्ति के बाद रक्तस्राव,閉経後の出血
bleeding between periods,sangrado entre períodos,chảy máu giữa các kỳ kinh nguyệt,نزيف بين فترات الحيض,Zwischenblutungen,मासिक धर्म के बीच रक्तस्राव,生理と生理の間の出血
bleeding gums,encías sangrantes,chảy máu nướu răng,نزيف اللثة,Zahnfleischbluten,मसूड़ों से खून बहना,歯茎からの出血
blepharitis,blefaritis,viêm bờ mi,التهاب الجفن,Blepharitis,ब्लेफेराइटिस,眼瞼炎
blepharoplasty,blefaroplastia,phẫu thuật mí mắt,عملية تجميل الجفون,Blepharoplastik,blepharoplasty,眼瞼形成術
blepharospasm,blefaroespasmo,co thắt mí mắt,تشنج الجفن,Blepharospasmus,नेत्रच्छदाकर्ष,眼瞼痙攣
blindness,ceguera,mù lòa,العمى,Blindheit,अंधापन,失明
blisters,ampollas,vết phồng rộp,بثور,Blasen,फफोले,水ぶくれ
bloating,hinchazón,đầy hơi,الانتفاخ,Blähungen,सूजन,膨満感
blocked nose,nariz tapada,nghẹt mũi,انسداد الأنف,verstopfte Nase,बंद नाक,鼻づまり
blocked tear duct,conducto lagrimal obstruido,tắc ống dẫn nước mắt,انسداد القناة الدمعية,verstopfter Tränenkanal,आंसू नलिका अवरुद्ध,涙管閉塞
blood and blood vessels,sangre y vasos sanguíneos,máu và mạch máu,الدم والأوعية الدموية,Blut und Blutgefäße,रक्त और रक्त वाहिकाएँ,血液と血管
blood clots,coágulos de sangre,cục máu đông,جلطات الدم,Blutgerinnsel,रक्त के थक्के,血栓
blood disorders,trastornos sanguíneos,rối loạn máu,اضطرابات الدم,Blutkrankheiten,रक्त विकार,血液疾患
blood donation,donación de sangre,hiến máu,التبرع بالدم,Blutspende,रक्तदान,献血
blood glucose test,prueba de glucosa en sangre,xét nghiệm đường huyết,اختبار نسبة السكر في الدم,Blutzuckertest,रक्त शर्करा परीक्षण,血糖値検査
blood groups,grupos sanguíneos,nhóm máu,فصائل الدم,Blutgruppen,रक्त समूह,血液型
blood in semen,sangre en el semen,máu trong tinh dịch,وجود دم في السائل المنوي,Blut im Sperma,वीर्य में रक्त,精液中の血液
blood in stool,sangre en las heces,có máu trong phân,وجود دم في البراز,Blut im Stuhl,मल में खून आना,便に血が混じる
blood poisoning,envenenamiento de la sangre,nhiễm trùng máu,تسمم الدم,Blutvergiftung,रक्त विषाक्तता,敗血症
blood pressure,presión arterial,huyết áp,ضغط الدم,Blutdruck,रक्तचाप,血圧
blood pressure medicines,medicamentos para la presión arterial,thuốc huyết áp,أدوية ضغط الدم,Blutdruckmedikamente,रक्तचाप की दवाएँ,血圧の薬
blood pressure monitoring at home,Control de la presión arterial en casa,theo dõi huyết áp tại nhà,مراقبة ضغط الدم في المنزل,Blutdruckmessung zu Hause,घर पर रक्तचाप की निगरानी,自宅での血圧測定
blood testing,análisis de sangre,xét nghiệm máu,فحص الدم,Blutuntersuchung,रक्त परीक्षण,血液検査
blood tests a-z,análisis de sangre de la A a la Z,xét nghiệm máu từ A đến Z,تحاليل الدم من الألف إلى الياء,Bluttests A-Z,रक्त परीक्षण ए-जेड,血液検査（A～Z）
blood thinners,anticoagulantes,thuốc làm loãng máu,مميعات الدم,Blutverdünner,रक्त पतला करने वाली दवाएँ,血液凝固抑制剤
blood transfusion,transfusión de sangre,truyền máu,نقل الدم,Bluttransfusion,रक्त आधान,輸血
blood-borne viruses,virus transmitidos por la sangre,virus lây truyền qua đường máu,الفيروسات المنقولة بالدم,durch Blut übertragbare Viren,रक्तजनित वायरस,血液媒介ウイルス
bluebottle stings,picaduras de mosca azul,nọc độc ruồi xanh,لسعات ذباب الماء الأزرق,Stiche der Schmeißfliege,नीली मक्खी के डंक,カツオノエボシの毒
blurred vision,visión borrosa,tầm nhìn mờ,تشوش الرؤية,verschwommenes Sehen,धुंधली दृष्टि,視界がぼやける
bmi and waist circumference,IMC y circunferencia de la cintura,chỉ số BMI và chu vi vòng eo,مؤشر كتلة الجسم ومحيط الخصر,BMI und Taillenumfang,बीएमआई और कमर की परिधि,BMIとウエスト周囲径
bmi calculator,calculadora de IMC,máy tính chỉ số BMI,حاسبة مؤشر كتلة الجسم,BMI-Rechner,बीएमआई कैलकुलेटर,BMI計算機
body dysmorphic disorder,trastorno dismórfico corporal,rối loạn biến dạng cơ thể,اضطراب تشوه صورة الجسم,Körperdysmorphe Störung,शारीरिक विकृति विकार,身体醜形障害
body fat,grasa corporal,mỡ cơ thể,نسبة الدهون في الجسم,Körperfett,शरीर की चर्बी,体脂肪
body image,imagen corporal,hình ảnh cơ thể,صورة الجسم,Körperbild,शरीर की छवि,ボディイメージ
body piercing,perforaciones corporales,xỏ khuyên cơ thể,ثقب الجسم,Piercings,शरीर भेदन,ボディピアス
boils,forúnculos,mụn nhọt,الدمامل,Furunkel,उबाल,おでき
bone cancer,cáncer de hueso,ung thư xương,سرطان العظام,Knochenkrebs,हड्डी का कैंसर,骨がん
bone density scan,densitometría ósea,quét mật độ xương,فحص كثافة العظام,Knochendichtemessung,अस्थि घनत्व स्कैन,骨密度スキャン
bone diseases,enfermedades óseas,bệnh xương,أمراض العظام,Knochenerkrankungen,हड्डी रोग,骨疾患
bone health,salud ósea,sức khỏe xương,صحة العظام,Knochengesundheit,हड्डियों का स्वास्थ्य,骨の健康
bones muscles and joints,"huesos, músculos y articulaciones","xương, cơ và khớp",العظام والعضلات والمفاصل,"Knochen, Muskeln und Gelenke","हड्डियाँ, मांसपेशियाँ और जोड़",骨、筋肉、関節
borderline personality disorder,trastorno límite de la personalidad,rối loạn nhân cách thể bất định,اضطراب الشخصية الحدية,Borderline-Persönlichkeitsstörung,अस्थिर व्यक्तित्व की परेशानी,境界性人格障害
bottle feeding,alimentación con biberón,bú bình,الرضاعة بالزجاجة,Flaschenfütterung,बोतल से दूध पिलाना,哺乳瓶で授乳
botulism,botulismo,ngộ độc botulinum,التسمم الوشيقي,Botulismus,बोटुलिज़्म,ボツリヌス症
bowel cancer,cáncer de intestino,ung thư ruột,سرطان الأمعاء,Darmkrebs,आंत्र कैंसर,大腸がん
bowel cancer screening,detección del cáncer de intestino,sàng lọc ung thư ruột,فحص سرطان الأمعاء,Darmkrebsvorsorge,आंत्र कैंसर की जांच,大腸がん検診
bowel infections,infecciones intestinales,nhiễm trùng đường ruột,التهابات الأمعاء,Darminfektionen,आंत्र संक्रमण,腸感染症
bowel obstruction,obstrucción intestinal,tắc ruột,انسداد الأمعاء,Darmverschluss,आंत्र बाधा,腸閉塞
bowen's disease,enfermedad de Bowen,bệnh Bowen,مرض بوين,Bowen-Krankheit,बोवेन रोग,ボーエン病
bradycardia,bradicardia,nhịp tim chậm,بطء القلب,Bradykardie,मंदनाड़ी,徐脈
brain aneurysm,aneurisma cerebral,phình mạch não,تمدد الأوعية الدموية الدماغية,Hirnaneurysma,मस्तिष्क धमनीविस्फार,脳動脈瘤
brain diseases,enfermedades cerebrales,bệnh lý não,أمراض الدماغ,Hirnerkrankungen,मस्तिष्क रोग,脳疾患
brain disorders,trastornos cerebrales,rối loạn não,اضطرابات الدماغ,Hirnstörungen,मस्तिष्क विकार,脳疾患
brain fog,niebla mental,chứng sương mù não,تشوش ذهني,Gehirnnebel,ब्रेन फ़ॉग,脳の霧
brain injuries,lesiones cerebrales,chấn thương não,إصابات الدماغ,Hirnverletzungen,मस्तिष्क की चोटें,脳損傷
brain tumours,tumores cerebrales,khối u não,أورام الدماغ,Hirntumore,मस्तिष्क ट्यूमर,脳腫瘍
break from care,descanso de los cuidados,nghỉ ngơi khỏi việc chăm sóc,استراحة من الرعاية,Pause von der Sorge,देखभाल से मुक्ति,心配事から解放される
break up and divorce,ruptura y divorcio,chia tay và ly hôn,الانفصال والطلاق,Trennung und Scheidung,अलगाव और तलाक,別れて離婚する
breast cancer,cáncer de mama,ung thư vú,سرطان الثدي,Brustkrebs,स्तन कैंसर,乳癌
breast cancer awareness,concienciación sobre el cáncer de mama,nâng cao nhận thức về ung thư vú,التوعية بسرطان الثدي,Brustkrebsbewusstsein,स्तन कैंसर के प्रति जागरूकता,乳がん啓発
breast cysts,quistes mamarios,u nang vú,أكياس الثدي,Brustzysten,स्तन सिस्ट,乳房嚢胞
breast diseases,enfermedades de mama,bệnh lý vú,أمراض الثدي,Brusterkrankungen,स्तन रोग,乳腺疾患
breast engorgement,congestión mamaria,căng sữa,احتقان الثدي,Brustschwellung,स्तनों में सूजन,乳房のうっ血
breast implants,implantes mamarios,cấy ghép ngực,زراعة الثدي,Brustimplantate,स्तन प्रत्यारोपण,豊胸手術
breast milk,leche materna,sữa mẹ,حليب الثدي,Muttermilch,स्तन का दूध,母乳
breast reconstruction with abdominal tissue flap,Reconstrucción mamaria con colgajo de tejido abdominal,Tái tạo vú bằng vạt mô bụng,إعادة بناء الثدي باستخدام سديلة من أنسجة البطن,Brustrekonstruktion mit einem Bauchgewebelappen,पेट के ऊतक फ्लैप से स्तन पुनर्निर्माण,腹部組織皮弁を用いた乳房再建
breast reconstruction with an implant or tissue expander,Reconstrucción mamaria con implante o expansor tisular.,Phẫu thuật tái tạo vú bằng cách đặt túi độn hoặc dụng cụ giãn mô.,إعادة بناء الثدي باستخدام غرسة أو موسع للأنسجة,Brustrekonstruktion mit Implantat oder Gewebeexpander,इंप्लांट या टिश्यू एक्सपेंडर के साथ स्तन पुनर्निर्माण,インプラントまたは組織拡張器を用いた乳房再建
breast reconstruction with latissimus dorsi flap,Reconstrucción mamaria con colgajo de músculo dorsal ancho,Tái tạo vú bằng vạt cơ lưng rộng,إعادة بناء الثدي باستخدام شريحة من العضلة الظهرية العريضة,Brustrekonstruktion mit Latissimus-dorsi-Lappen,लैटिसिमस डोर्सी फ्लैप के साथ स्तन पुनर्निर्माण,広背筋皮弁を用いた乳房再建
breast reduction,reducción de senos,thu nhỏ ngực,تصغير الثدي,Brustverkleinerung,स्तन का आकार घटाना,乳房縮小
breast uplift,levantamiento de senos,nâng ngực,عملية شد الصدر,Bruststraffung,स्तन उत्थान,乳房リフト
breastfeeding,amamantamiento,cho con bú,الرضاعة الطبيعية,Stillen,स्तनपान,母乳育児
breastfeeding and periods,lactancia materna y menstruación,cho con bú và kinh nguyệt,الرضاعة الطبيعية والدورة الشهرية,Stillen und Menstruation,स्तनपान और मासिक धर्म,授乳と生理
breathing problems,problemas respiratorios,vấn đề về hô hấp,مشاكل في التنفس,Atemprobleme,सांस लेने में समस्या,呼吸困難
broken toe,dedo del pie roto,ngón chân bị gãy,إصبع قدم مكسور,gebrochener Zeh,टूटा हुआ पैर का पंजा,足の指の骨折
bronchial asthma,asma bronquial,hen phế quản,الربو القصبي,Asthma bronchiale,दमा,気管支喘息
bronchiectasis,bronquiectasias,giãn phế quản,توسع القصبات,Bronchiektasie,ब्रोंकिएक्टेसिस,気管支拡張症
bronchitis,formal: bronquitis | informal: resfriado de pecho,formal: viêm phế quản | informal: cảm lạnh phế quản,formal: التهاب الشعب الهوائية | informal: برد في الصدر,formal: Bronchitis | informal: Brustverkältung,formal: ब्रोंकाइटिस | informal: सीने में ठंड,formal: 気管支炎 | informal: 胸の風邪
bronchoscopy,broncoscopia,nội soi phế quản,تنظير القصبات,Bronchoskopie,ब्रोंकोस्कोपी,気管支鏡検査
brugada syndrome,síndrome de Brugada,hội chứng Brugada,متلازمة بروجادا,Brugada-Syndrom,ब्रुगाडा सिंड्रोम,ブルガダ症候群
bruises,moretones,vết bầm tím,كدمات,Prellungen,चोट के निशान,あざ
brushing your teeth,cepillarse los dientes,đánh răng,تنظيف أسنانك,Zähneputzen,तुम्हारे दाँत ब्रुश कर रहे है,歯を磨く
building and maintaining healthy relationships,construir y mantener relaciones saludables,xây dựng và duy trì các mối quan hệ lành mạnh,بناء العلاقات الصحية والحفاظ عليها,Aufbau und Pflege gesunder Beziehungen,स्वस्थ संबंध बनाना और बनाए रखना,健全な人間関係の構築と維持
bulimia nervosa,bulimia nerviosa,chứng cuồng ăn,الشره المرضي العصبي,Bulimie,बुलिमिया नर्वोसा,神経性過食症
bulk billing and medicare,facturación masiva y Medicare,thanh toán trọn gói và bảo hiểm y tế,الفوترة الشاملة والرعاية الطبية,Direktabrechnung und Medicare,बल्क बिलिंग और मेडिकेयर,一括請求とメディケア
bullying,acoso escolar,bắt nạt,تنمر,Mobbing,बदमाशी,いじめ
bullying and harassment,acoso escolar y hostigamiento,bắt nạt và quấy rối,التنمر والمضايقة,Mobbing und Belästigung,बदमाशी और उत्पीड़न,いじめと嫌がらせ
bumps,baches,vết sưng,مطبات,Unebenheiten,धक्कों,隆起
bunion surgery,cirugía de juanetes,phẫu thuật u ngón chân cái,جراحة إبهام القدم,Hallux-valgus-Operation,बूनियन सर्जरी,外反母趾手術
bunions,juanetes,chai chân,أورام القدم,Ballenzehen,गोखरू,外反母趾
buprenorphine,buprenorfina,buprenorphine,بوبرينورفين,Buprenorphin,बुप्रेनॉर्फिन,ブプレノルフィン
burns,quemaduras,bỏng,حروق,Verbrennungen,बर्न्स,火傷
burping,eructar,ợ hơi,التجشؤ,Aufstoßen,डकार,げっぷ
bursitis,bursitis,viêm bao hoạt dịch,التهاب كيسي,Schleimbeutelentzündung,बर्साइटिस,滑液包炎
buruli ulcer,úlcera de Buruli,vết loét buruli,قرحة بورولي,Buruli-Ulkus,बुरुली अल्सर,ブルリ潰瘍
bushfire health and safety,Salud y seguridad en caso de incendios forestales,an toàn và phòng cháy rừng,الصحة والسلامة في حالات حرائق الغابات,Gesundheit und Sicherheit bei Buschbränden,जंगल की आग से संबंधित स्वास्थ्य और सुरक्षा,山火事の健康と安全
bushfires and your health,incendios forestales y su salud,Cháy rừng và sức khỏe của bạn,حرائق الغابات وصحتك,Buschbrände und Ihre Gesundheit,जंगल की आग और आपका स्वास्थ्य,山火事とあなたの健康
buying medicines online,comprar medicamentos en línea,mua thuốc trực tuyến,شراء الأدوية عبر الإنترنت,Medikamente online kaufen,ऑनलाइन दवाइयां खरीदना,オンラインで医薬品を購入する
c-reactive protein blood test,análisis de sangre de proteína C reactiva,xét nghiệm máu protein phản ứng C,اختبار بروتين سي التفاعلي في الدم,C-reaktives Protein Bluttest,सी-रिएक्टिव प्रोटीन रक्त परीक्षण,C反応性タンパク質血液検査
caffeine,cafeína,caffeine,الكافيين,Koffein,कैफीन,カフェイン
calcium,calcio,canxi,الكالسيوم,Kalzium,कैल्शियम,カルシウム
calcium blood test,análisis de sangre de calcio,xét nghiệm máu canxi,فحص الكالسيوم في الدم,Kalzium-Bluttest,कैल्शियम रक्त परीक्षण,カルシウム血液検査
calcium channel blockers,bloqueadores de los canales de calcio,thuốc chẹn kênh canxi,حاصرات قنوات الكالسيوم,Kalziumkanalblocker,कैल्शियम चैनल अवरोधक,カルシウムチャネル遮断薬
calf pain,dolor en la pantorrilla,đau bắp chân,ألم في ربلة الساق,Wadenschmerzen,पिंडली में दर्द,ふくらはぎの痛み
campylobacter infection,infección por Campylobacter,nhiễm trùng Campylobacter,عدوى العطيفة,Campylobacter-Infektion,कैम्पिलोबैक्टर संक्रमण,カンピロバクター感染症
cancer,cáncer,bệnh ung thư,سرطان,Krebs,कैंसर,癌
cancer immunotherapy,inmunoterapia contra el cáncer,liệu pháp miễn dịch ung thư,العلاج المناعي للسرطان,Krebsimmuntherapie,कैंसर इम्यूनोथेरेपी,がん免疫療法
cancer of the uterus,cáncer de útero,ung thư tử cung,سرطان الرحم,Gebärmutterkrebs,गर्भाशय का कैंसर,子宮がん
cancer types,tipos de cáncer,các loại ung thư,أنواع السرطان,Krebsarten,कैंसर के प्रकार,がんの種類
candidiasis,micosis,bệnh nấm Candida,داء المبيضات,Candidiasis,कैंडिडियासिस,カンジダ症
cannabis,canabis,cần sa,القنب,Cannabis,कैनबिस,大麻
car sick,mareo en el coche,say xe,دوار الحركة,reisekrank,कार में उल्टी आना,車酔い
carbohydrates,carbohidratos,carbohydrate,الكربوهيدرات,Kohlenhydrate,कार्बोहाइड्रेट,炭水化物
cardiac ablation,ablación cardíaca,đốt điện tim,استئصال القلب,Herzablation,कार्डियक एब्लेशन,心臓アブレーション
cardiac arrest,paro cardiaco,tim ngừng đập,توقف القلب,Herzstillstand,दिल की धड़कन रुकना,心停止
cardiac catheterisation,cateterismo cardíaco,thông tim,قسطرة القلب,Herzkatheteruntersuchung,कार्डियक कैथीटेराइजेशन,心臓カテーテル検査
cardiac enzymes,enzimas cardíacas,enzyme tim,إنزيمات القلب,Herzenzyme,हृदय एंजाइम,心臓酵素
cardiac failure,insuficiencia cardíaca,suy tim,فشل القلب,Herzinsuffizienz,हृदय विफलता,心不全
cardiomyopathy,miocardiopatía,bệnh cơ tim,اعتلال عضلة القلب,Kardiomyopathie,कार्डियोमायोपैथी,心筋症
cardiopulmonary resuscitation,reanimación cardiopulmonar,hồi sức tim phổi,الإنعاش القلبي الرئوي,kardiopulmonale Reanimation,हृत्फुफ्फुसीय पुनर्जीवन,心肺蘇生
cardiovascular exercise,ejercicio cardiovascular,bài tập tim mạch,تمارين القلب والأوعية الدموية,Herz-Kreislauf-Übung,हृदय संबंधी व्यायाम,心血管運動
cardiovascular system,sistema cardiovascular,hệ tim mạch,الجهاز القلبي الوعائي,Herz-Kreislauf-System,हृदय प्रणाली,心血管系
care options,opciones de atención,các lựa chọn chăm sóc,خيارات الرعاية,Pflegeoptionen,देखभाल के विकल्प,ケアの選択肢
carer support,apoyo al cuidador,hỗ trợ người chăm sóc,دعم مقدمي الرعاية,Pflegeunterstützung,देखभालकर्ता सहायता,介護者支援
caring for a sick child,cuidar a un niño enfermo,chăm sóc một đứa trẻ bị bệnh,رعاية طفل مريض,Pflege eines kranken Kindes,बीमार बच्चे की देखभाल करना,病気の子供の世話をする
caring for others,cuidar de los demás,chăm sóc người khác,الاهتمام بالآخرين,sich um andere kümmern,दूसरों की देखभाल करना,他人の世話をする
caring for someone with a mental illness,cuidar a alguien con una enfermedad mental,chăm sóc người mắc bệnh tâm thần,رعاية شخص مصاب بمرض عقلي,Betreuung einer Person mit einer psychischen Erkrankung,मानसिक बीमारी से पीड़ित किसी व्यक्ति की देखभाल करना,精神疾患のある人の介護
caring for someone with cancer,cuidar a alguien con cáncer,chăm sóc người bị ung thư,رعاية شخص مصاب بالسرطان,die Betreuung einer Person mit Krebs,कैंसर से पीड़ित किसी व्यक्ति की देखभाल करना,がん患者の介護
caring for someone with dementia or alzheimer's disease,cuidar a una persona con demencia o enfermedad de Alzheimer,chăm sóc người bị sa sút trí tuệ hoặc bệnh Alzheimer,رعاية شخص مصاب بالخرف أو مرض الزهايمر,Pflege einer Person mit Demenz oder Alzheimer-Krankheit,मनोभ्रंश या अल्जाइमर रोग से पीड़ित किसी व्यक्ति की देखभाल करना,認知症やアルツハイマー病の人を介護する
caring for stitches,Cuidado de los puntos de sutura,chăm sóc vết khâu,العناية بالغرز,Nähte pflegen,टांकों की देखभाल,縫合部分のケア
carpal tunnel release,liberación del túnel carpiano,phẫu thuật giải phóng ống cổ tay,تحرير النفق الرسغي,Karpaltunnel-Entspannung,कार्पल टनल रिलीज,手根管開放術
carpal tunnel syndrome,síndrome del túnel carpiano,hội chứng ống cổ tay,متلازمة النفق الرسغي,Karpaltunnelsyndrom,कार्पल टनल सिंड्रोम,手根管症候群
cast care,cuidado del yeso,chăm sóc bó bột,العناية بالجبس,Gipspflege,कास्ट केयर,ギプスケア
cat and dog allergy,alergia a gatos y perros,dị ứng mèo và chó,حساسية القطط والكلاب,Katzen- und Hundeallergie,बिल्ली और कुत्ते से एलर्जी,猫と犬のアレルギー
cat bites,mordeduras de gato,mèo cắn,عضات القطط,Katzenbisse,बिल्ली के काटने,猫に噛まれた
cataract surgery,cirugía de cataratas,phẫu thuật đục thủy tinh thể,جراحة الساد,Kataraktoperation,मोतियाबिंद सर्जरी,白内障手術
cataracts,cataratas,đục thủy tinh thể,إعتام عدسة العين,Katarakte,मोतियाबिंद,白内障
catheter problems,problemas con el catéter,các vấn đề về ống thông,مشاكل القسطرة,Katheterprobleme,कैथेटर संबंधी समस्याएं,カテーテルの問題
causes of diarrhoea,causas de diarrea,nguyên nhân gây tiêu chảy,أسباب الإسهال,Ursachen von Durchfall,दस्त के कारण,下痢の原因
cefalexin,cefalexina,cefalexin,سيفالكسين,Cefalexin,सेफलेक्सिन,セファレキシン
cellulitis,celulitis,viêm mô tế bào,التهاب النسيج الخلوي,Zellulitis,कोशिका,蜂窩織炎
central nervous system,sistema nervioso central,hệ thần kinh trung ương,الجهاز العصبي المركزي,Zentralnervensystem,केंद्रीय तंत्रिका तंत्र,中枢神経系
cerebral palsy,parálisis cerebral,bại não,الشلل الدماغي,Zerebralparese,मस्तिष्क पक्षाघात,脳性麻痺
cerebral stroke,accidente cerebrovascular,đột quỵ não,السكتة الدماغية,zerebraler Schlaganfall,सेरिब्रल स्ट्रोक,脳卒中
cervical cancer,cáncer de cuello uterino,ung thư cổ tử cung,سرطان عنق الرحم,Gebärmutterhalskrebs,ग्रीवा कैंसर,子宮頸がん
cervical laminectomy,laminectomía cervical,phẫu thuật cắt bỏ bản sống cổ,استئصال الصفيحة الفقرية العنقية,zervikale Laminektomie,ग्रीवा लेमिनेक्टॉमी,頸椎椎弓切除術
cervical screening test,prueba de detección del cuello uterino,xét nghiệm sàng lọc cổ tử cung,اختبار فحص عنق الرحم,Gebärmutterhalskrebs-Screeningtest,गर्भाशय ग्रीवा स्क्रीनिंग परीक्षण,子宮頸がん検診
cf,cf,cf,انظر,vgl.,सीएफ़,cf
changes to your appetite,cambios en tu apetito,những thay đổi về khẩu vị của bạn,تغيرات في شهيتك,Veränderungen Ihres Appetits,आपकी भूख में बदलाव,食欲の変化
charcot-marie-tooth disease,enfermedad de Charcot-Marie-Tooth,bệnh Charcot-Marie-Tooth,مرض شاركو ماري توث,Charcot-Marie-Tooth-Krankheit,चारकोट-मैरी-टूथ रोग,シャルコー・マリー・トゥース病
charles bonnet syndrome,síndrome de Charles Bonnet,hội chứng Charles Bonnet,متلازمة تشارلز بونيه,Charles-Bonnet-Syndrom,चार्ल्स बोनेट सिंड्रोम,シャルル・ボネ症候群
chd,chd,chd,chd,chd,सीएचडी,chd
chemical burns,quemaduras químicas,bỏng hóa chất,الحروق الكيميائية,Verätzungen,रासायनिक जलन,化学熱傷
chemicals,productos químicos,hóa chất,المواد الكيميائية,Chemikalien,रसायन,化学物質
chemotherapy,quimioterapia,hóa trị,العلاج الكيميائي,Chemotherapie,कीमोथेरपी,化学療法
chest infection,infección de pecho,nhiễm trùng ngực,التهاب الصدر,Brustinfektion,छाती का संक्रमण,胸部感染症
chest injuries,lesiones en el pecho,chấn thương ngực,إصابات الصدر,Brustverletzungen,छाती की चोटें,胸部損傷
chest pain,dolor en el pecho,đau ngực,ألم صدر,Brustschmerzen,छाती में दर्द,胸痛
chest tightness and discomfort,opresión y malestar en el pecho,cảm giác tức ngực và khó chịu,ضيق وعدم راحة في الصدر,Engegefühl und Beschwerden in der Brust,सीने में जकड़न और बेचैनी,胸の圧迫感と不快感
chest wall perforator flap breast reconstruction,Reconstrucción mamaria con colgajo perforante de la pared torácica,phẫu thuật tái tạo vú bằng vạt da xuyên thành ngực,إعادة بناء الثدي باستخدام شريحة مثقبة من جدار الصدر,Brustrekonstruktion mit einem Perforatorlappen aus der Brustwand,छाती की दीवार छिद्रक फ्लैप स्तन पुनर्निर्माण,胸壁穿通枝皮弁による乳房再建
chiari malformation,malformación de Chiari,dị tật Chiari,تشوه كياري,Chiari-Malformation,चियारी विकृति,キアリ奇形
chikungunya virus,virus chikungunya,virus chikungunya,فيروس شيكونغونيا,Chikungunya-Virus,चिकनगुनिया वायरस,チクングニアウイルス
chilblains,sabañones,tê cóng,قضمة الصقيع,Frostbeulen,बिवाई,しもやけ
child abuse,abuso infantil,lạm dụng trẻ em,إساءة معاملة الأطفال,Kindesmisshandlung,बाल उत्पीड़न,児童虐待
child immunisation,vacunación infantil,tiêm chủng cho trẻ em,تطعيم الأطفال,Kinderimpfung,बच्चों का टीकाकरण,小児予防接種
childhood illnesses,enfermedades infantiles,bệnh tật thời thơ ấu,أمراض الطفولة,Kinderkrankheiten,बचपन की बीमारियाँ,小児疾患
childhood obesity,obesidad infantil,béo phì ở trẻ em,سمنة الأطفال,Fettleibigkeit im Kindesalter,बचपन का मोटापा,小児肥満
children and depression,niños y depresión,trẻ em và chứng trầm cảm,الأطفال والاكتئاب,Kinder und Depression,बच्चे और अवसाद,子供と鬱病
children with cancer,niños con cáncer,trẻ em mắc bệnh ung thư,الأطفال المصابون بالسرطان,Kinder mit Krebs,कैंसर से पीड़ित बच्चे,がんを患う子供たち
children's feet,pies de niños,bàn chân trẻ em,أقدام الأطفال,Kinderfüße,बच्चों के पैर,子供の足
children's health,salud infantil,sức khỏe trẻ em,صحة الأطفال,Kindergesundheit,बच्चों का स्वास्थ्य,子どもの健康
chinese traditional medicine,medicina tradicional china,y học cổ truyền Trung Quốc,الطب الصيني التقليدي,Traditionelle Chinesische Medizin,चीनी पारंपरिक चिकित्सा,中国伝統医学
chiropractors,quiroprácticos,bác sĩ chỉnh hình,أخصائيو تقويم العمود الفقري,Chiropraktiker,काइरोप्रैक्टर्स,カイロプラクター
chlamydia,clamidia,chlamydia,الكلاميديا,Chlamydien,क्लैमाइडिया,クラミジア
choking,asfixia,nghẹn,الاختناق,Ersticken,घुटन,窒息
cholecystectomy,colecistectomía,cắt bỏ túi mật,استئصال المرارة,Cholezystektomie,पित्ताशय-उच्छेदन,胆嚢摘出術
cholecystectomy and exploration of the bile duct,Colecistectomía y exploración del conducto biliar,Cắt bỏ túi mật và thăm dò ống mật,استئصال المرارة واستكشاف القناة الصفراوية,Cholezystektomie und Exploration des Gallengangs,पित्ताशय को निकालना और पित्त नली की जांच,胆嚢摘出術および胆管の探索
cholecystitis,colecistitis,viêm túi mật,التهاب المرارة,Cholezystitis,पित्ताशय,胆嚢炎
cholera,cólera,bệnh tả,كوليرا,Cholera,हैजा,コレラ
cholesteatoma surgery,cirugía de colesteatoma,phẫu thuật u cholesteatoma,جراحة الورم الكوليسترولي,Cholesteatom-Operation,कोलेस्टेटोमा सर्जरी,真珠腫手術
cholesterol,colesterol,cholesterol,الكوليسترول,Cholesterin,कोलेस्ट्रॉल,コレステロール
cholesterol and lipid tests,Análisis de colesterol y lípidos,xét nghiệm cholesterol và lipid,اختبارات الكوليسترول والدهون,Cholesterin- und Lipidtests,कोलेस्ट्रॉल और लिपिड परीक्षण,コレステロールおよび脂質検査
chronic fatigue syndrome,síndrome de fatiga crónica,hội chứng mệt mỏi mãn tính,متلازمة التعب المزمن,chronisches Müdigkeitssyndrom,क्रोनिक फेटीग सिंड्रोम,慢性疲労症候群
chronic kidney disease,enfermedad renal crónica,bệnh thận mãn tính,مرض الكلى المزمن,chronische Nierenerkrankung,दीर्घकालिक वृक्क रोग,慢性腎臓病
chronic pain,dolor crónico,đau mãn tính,الألم المزمن,chronischer Schmerz,पुराने दर्द,慢性疼痛
chronic wounds,heridas crónicas,vết thương mãn tính,الجروح المزمنة,chronische Wunden,दीर्घकालिक घाव,慢性創傷
cialis,cialis,cialis,سياليس,Cialis,Cialis,シアリス
cigarette smoking,fumar cigarrillos,hút thuốc lá,تدخين السجائر,Zigarettenrauchen,सिगरेट पीना,タバコを吸う
cigarettes,cigarrillos,thuốc lá,السجائر,Zigaretten,सिगरेट,タバコ
ciguatera poisoning,intoxicación por ciguatera,ngộ độc ciguatera,التسمم بالسيغواتيرا,Ciguatera-Vergiftung,सिगुएटेरा विषाक्तता,シガテラ中毒
circulatory system,sistema circulatorio,hệ tuần hoàn,الجهاز الدوري,Kreislaufsystem,संचार प्रणाली,循環器系
circumcision,circuncisión,cắt bao quy đầu,ختان,Beschneidung,परिशुद्ध करण,割礼
cirrhosis of the liver,cirrosis hepática,xơ gan,تليف الكبد,Leberzirrhose,लिवर का सिरोसिस,肝硬変
clap,aplaudir,vỗ tay,تصفيق,klatschen,ताली बजाओ,拍手
claustrophobia,claustrofobia,chứng sợ không gian kín,رهاب الأماكن المغلقة,Klaustrophobie,क्लौस्ट्रफ़ोबिया,閉所恐怖症
clavicle fracture,fractura de clavícula,gãy xương đòn,كسر في عظمة الترقوة,Schlüsselbeinbruch,हंसली की हड्डी का फ्रैक्चर,鎖骨骨折
cleft lip,labio hendido,sứt môi,الشفة المشقوقة,Lippenspalte,कटा होंठ,口唇裂
cleft palate,paladar hendido,hở hàm ếch,شق الحنك,Gaumenspalte,भंग तालु,口蓋裂
clinical trials,ensayos clínicos,thử nghiệm lâm sàng,التجارب السريرية,klinische Studien,क्लिनिकल परीक्षण,臨床試験
closure of loop colostomy,cierre de colostomía en asa,đóng hậu môn nhân tạo vòng,إغلاق فغر القولون الحلقي,Verschluss der Schlingenkolostomie,लूप कोलोस्टोमी का समापन,ループ型人工肛門の閉鎖
closure of loop ileostomy,cierre de ileostomía en asa,đóng lỗ mở hồi tràng vòng,إغلاق فغر اللفائفي الحلقي,Verschluss der Ileostomie,लूप इलियोस्टोमी का समापन,ループ回腸瘻の閉鎖
clubfoot,pie equinovaro,bệnh chân khoèo,حنف القدم,Klumpfuß,क्लब पैर,内反尖足
cluster headache,cefalea en racimos,đau đầu chùm,الصداع العنقودي,Clusterkopfschmerz,क्लस्टर सिरदर्द,群発頭痛
cmis - how to read them,CMIS: cómo leerlos,CMIS - Cách đọc chúng,كيفية قراءة أنظمة المعلومات الإدارية,CMIs – wie man sie liest,CMIS - इन्हें कैसे पढ़ें,CMIs - 読み方
cocaine,cocaína,cocaine,الكوكايين,Kokain,कोकीन,コカイン
cochlear implant,implante coclear,cấy ghép ốc tai,غرسة قوقعية,Cochlea-Implantat,कोक्लियर प्रत्यारोपण,人工内耳
codeine,codeína,codein,الكودايين,Kodein,कौडीन,コデイン
coeliac disease,enfermedad celíaca,bệnh celiac,مرض السيلياك,Zöliakie,कोएलियाक बीमारी,セリアック病
coffee,café,cà phê,قهوة,Kaffee,कॉफी,コーヒー
cognitive behaviour therapy,terapia cognitivo-conductual,liệu pháp nhận thức hành vi,العلاج السلوكي المعرفي,kognitive Verhaltenstherapie,संज्ञानात्मक व्यवहार चिकित्सा,認知行動療法
cognitive impairment,deterioro cognitivo,suy giảm nhận thức,ضعف الإدراك,kognitive Beeinträchtigung,संज्ञानात्मक बधिरता,認知障害
cold and flu medication,Medicamentos para el resfriado y la gripe,thuốc cảm cúm,أدوية البرد والإنفلونزا,Erkältungs- und Grippemedikamente,सर्दी और फ्लू की दवा,風邪とインフルエンザの薬
cold or flu?,¿Resfriado o gripe?,Cảm lạnh hay cúm?,هل هو نزلة برد أم إنفلونزا؟,Erkältung oder Grippe?,सर्दी या बुखार?,風邪かインフルエンザか？
cold sores,herpes labial,vết loét lạnh,قروح البرد,Fieberbläschen,कोल्ड सोर,口唇ヘルペス
colds,resfriados,cảm lạnh,نزلات البرد,Erkältungen,जुकाम,風邪
colds and flu,resfriados y gripe,cảm lạnh và cúm,نزلات البرد والإنفلونزا,Erkältungen und Grippe,सर्दी और फ्लू,風邪とインフルエンザ
colds and flu during pregnancy and breastfeeding,Resfriados y gripe durante el embarazo y la lactancia,cảm lạnh và cúm trong thời kỳ mang thai và cho con bú,نزلات البرد والإنفلونزا أثناء الحمل والرضاعة الطبيعية,Erkältungen und Grippe während Schwangerschaft und Stillzeit,गर्भावस्था और स्तनपान के दौरान सर्दी-जुकाम और फ्लू,妊娠中および授乳中の風邪やインフルエンザ
colon cancer,cáncer de colon,ung thư đại tràng,سرطان القولون,Darmkrebs,पेट का कैंसर,結腸がん
colon resection for colon cancer,resección de colon para el cáncer de colon,Cắt bỏ một phần đại tràng để điều trị ung thư đại tràng,استئصال القولون لعلاج سرطان القولون,Kolonresektion bei Darmkrebs,कोलन कैंसर के लिए कोलन रिसेक्शन,結腸癌に対する結腸切除術
colonoscopy,colonoscopia,nội soi đại tràng,تنظير القولون,Koloskopie,colonoscopy,大腸内視鏡検査
colostomy,colostomía,hậu môn nhân tạo,فغر القولون,Kolostomie,कोलोस्टोमी,人工肛門
colour blindness,daltonismo,mù màu,عمى الألوان,Farbenblindheit,रंग दृष्टिहीनता,色覚異常
colposcopy,colposcopia,soi cổ tử cung,تنظير المهبل,Kolposkopie,योनिभित्तिदर्शन,コルポスコピー
coma,coma,hôn mê,غيبوبة,Koma,प्रगाढ़ बेहोशी,コマ
combined oral contraceptive pill,píldora anticonceptiva oral combinada,thuốc tránh thai đường uống kết hợp,حبوب منع الحمل الفموية المركبة,kombinierte orale Kontrazeptiva-Pille,संयुक्त मौखिक गर्भनिरोधक गोली,経口避妊薬
community nursing,enfermería comunitaria,điều dưỡng cộng đồng,التمريض المجتمعي,Gemeindepflege,सामुदायिक नर्सिंग,地域看護
compartment syndrome,síndrome compartimental,hội chứng khoang,متلازمة الحيز,Kompartmentsyndrom,कम्पार्टमेंट सिंड्रोम,コンパートメント症候群
compassion,compasión,lòng thương xót,عطف,Mitgefühl,करुणा,思いやり
complementary therapy,terapia complementaria,liệu pháp bổ sung,العلاج التكميلي,Komplementärtherapie,पूरक चिकित्सा,補完療法
complex post-traumatic stress disorder,trastorno de estrés postraumático complejo,rối loạn căng thẳng sau chấn thương phức tạp,اضطراب ما بعد الصدمة المعقد,komplexe posttraumatische Belastungsstörung,जटिल उत्तर-आघातजन्य तनाव विकार,複雑性心的外傷後ストレス障害
computer addiction,adicción a la computadora,nghiện máy tính,إدمان الكمبيوتر,Computersucht,कंप्यूटर की लत,コンピューター中毒
concussion,conmoción cerebral,chấn động não,الارتجاج,Gehirnerschütterung,हिलाना,脳震盪
condoms,condones,bao cao su,الواقي الذكري,Kondome,कंडोम,コンドーム
confusion,confusión,lú lẫn,ارتباك,Verwirrung,भ्रम,混乱
congenital adrenal hyperplasia,hiperplasia suprarrenal congénita,tăng sản tuyến thượng thận bẩm sinh,تضخم الغدة الكظرية الخلقي,kongenitale Nebennierenhyperplasie,जन्मजात अधिवृक्कीय अधिवृद्धि,先天性副腎過形成
congenital anomalies,anomalías congénitas,dị tật bẩm sinh,التشوهات الخلقية,angeborene Anomalien,जन्मजात विसंगतियाँ,先天異常
congenital disorder,trastorno congénito,rối loạn bẩm sinh,اضطراب خلقي,angeborene Störung,जन्मजात विकार,先天性疾患
congenital heart disease,cardiopatía congénita,bệnh tim bẩm sinh,أمراض القلب الخلقية,angeborene Herzkrankheit,जन्मजात हृदय रोग,先天性心疾患
congestive heart failure,insuficiencia cardíaca congestiva,suy tim sung huyết,قصور القلب الاحتقاني,Herzinsuffizienz,कोंजेस्टिव दिल विफलता,うっ血性心不全
conjunctivitis,"formal: conjuntivitis | informal: ojo rosa, ojo rojo, conjuntivitis","formal: viêm kết mạc | informal: đau mắt đỏ, đỏ mắt","formal: التهاب الملتحمة | informal: الرمد الربيعي, عين وردية, التهاب الملتحمة","formal: Konjunktivitis | informal: Bindehautentzündung, rotes Auge","formal: नेत्रश्लेष्मलाशोथ | informal: आँख आना, लाल आँख, गुलाबी आँख","formal: 結膜炎 | informal: はやり目, 赤い目, 結膜炎"
connective tissue diseases,enfermedades del tejido conectivo,bệnh lý mô liên kết,أمراض النسيج الضام,Bindegewebserkrankungen,संयोजी ऊतक रोग,結合組織疾患
constipation,constipación,táo bón,إمساك,Verstopfung,कब्ज़,便秘
constipation in children,estreñimiento en niños,táo bón ở trẻ em,الإمساك عند الأطفال,Verstopfung bei Kindern,बच्चों में कब्ज,小児の便秘
consumer rights,derechos del consumidor,quyền người tiêu dùng,حقوق المستهلك,Verbraucherrechte,उपभोक्ता अधिकार,消費者の権利
contact dermatitis,dermatitis de contacto,viêm da tiếp xúc,التهاب الجلد التماسي,Kontaktdermatitis,संपर्क त्वचाशोथ,接触性皮膚炎
contact tracing,rastreo de contactos,truy vết tiếp xúc,تتبع المخالطين,Kontaktverfolgung,संपर्क ट्रेसिंग,接触者追跡
contraception,anticoncepción,biện pháp tránh thai,منع الحمل,Empfängnisverhütung,गर्भनिरोध,避妊
contraceptive diaphragm,diafragma anticonceptivo,màng ngăn tránh thai,غشاء مانع للحمل,Verhütungsdiaphragma,गर्भनिरोधक डायाफ्राम,避妊用ダイヤフラム
contraceptive implant,implante anticonceptivo,cấy ghép tránh thai,غرسة منع الحمل,Verhütungsimplantat,गर्भनिरोधक प्रत्यारोपण,避妊インプラント
contraceptive injection,inyección anticonceptiva,thuốc tiêm tránh thai,حقنة منع الحمل,Verhütungsspritze,गर्भनिरोधक इंजेक्शन,避妊注射
contraceptive intra-uterine device,dispositivo intrauterino anticonceptivo,dụng cụ tránh thai đặt trong tử cung,جهاز منع الحمل داخل الرحم,Verhütungsstäbchen,गर्भनिरोधक अंतर्गर्भाशयी उपकरण,避妊用子宮内避妊器具
contraceptive vaginal ring,anillo vaginal anticonceptivo,vòng tránh thai đặt âm đạo,حلقة مهبلية مانعة للحمل,Verhütungsring für die Vagina,गर्भनिरोधक योनि वलय,避妊用膣リング
contractions,contracciones,co thắt,انقباضات,Kontraktionen,संकुचन,収縮
copd,EPOC,bệnh phổi tắc nghẽn mãn tính,مرض الانسداد الرئوي المزمن,COPD,सीओपीडी,COD
coping with a terminal illness,cómo afrontar una enfermedad terminal,Đối phó với bệnh nan y,التعامل مع مرض عضال,Umgang mit einer unheilbaren Krankheit,किसी असाध्य बीमारी से निपटना,末期疾患への対処
corneal transplant surgery,cirugía de trasplante de córnea,phẫu thuật ghép giác mạc,جراحة زرع القرنية,Hornhauttransplantation,कॉर्नियल प्रत्यारोपण सर्जरी,角膜移植手術
corneal ulcers,úlceras corneales,loét giác mạc,قرحة القرنية,Hornhautgeschwüre,कॉर्नियल अल्सर,角膜潰瘍
coronary angiogram,angiografía coronaria,chụp mạch vành,تصوير الأوعية التاجية,Koronarangiographie,कोरोनरी एंजियोग्राम,冠動脈造影
coronary artery bypass graft,injerto de derivación de arteria coronaria,phẫu thuật bắc cầu động mạch vành,جراحة تحويل مسار الشريان التاجي,Koronararterien-Bypass-Operation,कोरोनरी धमनी बाईपास ग्राफ्ट,冠動脈バイパス移植
coronary heart disease,enfermedad coronaria,bệnh tim mạch vành,مرض القلب التاجي,koronare Herzkrankheit,हृद - धमनी रोग,冠状動脈性心疾患
coronaviruses,coronavirus,vi-rút corona,فيروسات كورونا,Coronaviren,कोरोनावाइरस,コロナウイルス
correcting a squint,corregir el estrabismo,chỉnh sửa tật lác mắt,تصحيح الحول,Schielen korrigieren,भेंगापन ठीक करना,斜視を矯正する
cortisol,cortisol,cortisol,الكورتيزول,Cortisol,कोर्टिसोल,コルチゾール
cosmetic procedures,procedimientos cosméticos,các thủ thuật thẩm mỹ,عمليات التجميل,kosmetische Eingriffe,कॉस्मेटिक प्रक्रियाएं,美容整形手術
cosmetic surgery,cirugía estética,phẫu thuật thẩm mỹ,جراحة التجميل,kosmetische Chirurgie,कॉस्मेटिक सर्जरी,美容整形
cost of dental care,costo de la atención dental,chi phí chăm sóc răng miệng,تكلفة العناية بالأسنان,Kosten der Zahnbehandlung,दंत चिकित्सा की लागत,歯科治療費
cost of mental health services,costo de los servicios de salud mental,chi phí dịch vụ sức khỏe tâm thần,تكلفة خدمات الصحة النفسية,Kosten für psychische Gesundheitsdienste,मानसिक स्वास्थ्य सेवाओं की लागत,精神保健サービスの費用
costochondritis,costocondritis,viêm sụn sườn,التهاب الغضروف الضلعي,Costochondritis,कॉस्टोकोंड्राइटिस,肋軟骨炎
costs of healthcare,costos de atención médica,chi phí chăm sóc sức khỏe,تكاليف الرعاية الصحية,Kosten der Gesundheitsversorgung,स्वास्थ्य सेवा की लागत,医療費
cough,tos,ho,سعال,Husten,खाँसी,咳
coughing up blood,tosiendo sangre,ho ra máu,يسعل دماً,Blut husten,खून की उल्टी करना,血を吐く
coughs and colds,tos y resfriados,ho và cảm lạnh,السعال ونزلات البرد,Husten und Erkältungen,खांसी और जुकाम,咳と風邪
counselling,asesoramiento,tư vấn,الاستشارة,Beratung,काउंसलिंग,カウンセリング
counsellors,consejeros,cố vấn,المستشارون,Berater,सलाहकार,カウンセラー
covid-19,COVID-19,COVID-19,كوفيد-19,COVID-19,COVID-19,COVID-19（新型コロナウイルス感染症
covid-19 medication,medicamentos para la COVID-19,thuốc điều trị COVID-19,أدوية كوفيد-19,Covid-19-Medikamente,कोविड-19 दवा,新型コロナウイルス感染症の治療薬
covid-19 vaccine faqs,Preguntas frecuentes sobre la vacuna contra la COVID-19,Câu hỏi thường gặp về vắc-xin Covid-19,أسئلة وأجوبة حول لقاح كوفيد-19,Häufig gestellte Fragen zum COVID-19-Impfstoff,कोविड-19 वैक्सीन से संबंधित अक्सर पूछे जाने वाले प्रश्न,新型コロナウイルスワクチンに関するよくある質問
cow's milk allergy,alergia a la leche de vaca,dị ứng sữa bò,حساسية حليب البقر,Kuhmilchallergie,गाय के दूध से एलर्जी,牛乳アレルギー
crabs,cangrejos,cua,سرطان البحر,Krabben,केकड़े,カニ
cradle cap,costra láctea,vảy da đầu ở trẻ sơ sinh,قشرة الرأس عند الرضع,Kopfhaut,क्रैडल कैप,乳児脂漏性湿疹
creating healthy habits,crear hábitos saludables,tạo dựng những thói quen lành mạnh,خلق عادات صحية,gesunde Gewohnheiten entwickeln,स्वस्थ आदतें बनाना,健康的な習慣を作る
creutzfeldt-jakob disease,enfermedad de Creutzfeldt-Jakob,bệnh Creutzfeldt-Jakob,مرض كروتزفيلد جاكوب,Creutzfeldt-Jakob-Krankheit,क्रुट्ज़फेल्ड-जैकोब रोग,クロイツフェルト・ヤコブ病
cri du chat syndrome,síndrome de cri du chat,hội chứng cri du chat,متلازمة صرخة القط,Cri-du-chat-Syndrom,क्राई डू चैट सिंड्रोम,猫鳴き症候群
crohn's disease,enfermedad de Crohn,bệnh Crohn,مرض كرون,Morbus Crohn,क्रोहन रोग,クローン病
cryptosporidiosis,criptosporidiosis,bệnh cryptosporidiosis,داء خفيات الأبواغ,Kryptosporidiose,क्रिप्टोस्पोरिडियोसिस,クリプトスポリジウム症
crystal meth,metanfetamina cristalina,ma túy đá,الميثامفيتامين,Crystal Meth,क्रिस्टल मेथ,クリスタルメス
ct scan,tomografía computarizada,chụp CT,التصوير المقطعي المحوسب,CT-Scan,सीटी स्कैन,CTスキャン
cushing's syndrome,síndrome de Cushing,hội chứng Cushing,متلازمة كوشينغ,Cushing-Syndrom,कुशिंग सिंड्रोम,クッシング症候群
cuts,recortes,cắt,جروح,Schnitte,कटौती,削減
cyberbullying,ciberacoso,bắt nạt trên mạng,التنمر الإلكتروني,Cybermobbing,साइबर-धमकी,サイバーいじめ
cycling,ciclismo,đạp xe,ركوب الدراجات,Radfahren,साइकिल चलाना,サイクリング
cyclone and flood health risks,riesgos para la salud derivados de ciclones e inundaciones,rủi ro sức khỏe do lốc xoáy và lũ lụt,مخاطر صحية ناجمة عن الأعاصير والفيضانات,Gesundheitsrisiken durch Zyklone und Überschwemmungen,चक्रवात और बाढ़ से होने वाले स्वास्थ्य जोखिम,サイクロンと洪水による健康リスク
cyclothymia,ciclotimia,rối loạn khí sắc chu kỳ,اضطراب المزاج الدوري,Zyklothymie,Cyclothymia,気分循環症
cystic fibrosis,fibrosis quística,bệnh xơ nang,تليّف كيسي,Mukoviszidose,पुटीय तंतुशोथ,嚢胞性線維症
cystitis,cistitis,viêm bàng quang,التهاب المثانة,Blasenentzündung,मूत्राशयशोध,膀胱炎
cystoscopy,cistoscopia,nội soi bàng quang,تنظير المثانة,Zystoskopie,मूत्राशयदर्शन,膀胱鏡検査
cysts,quistes,u nang,الأكياس,Zysten,अल्सर,嚢胞
cytomegalovirus,citomegalovirus,vi-rút cự bào,فيروس مضخم للخلايا,Cytomegalovirus,साइटोमेगालो वायरस,サイトメガロウィルス
d-dimer test,prueba de dímero D,xét nghiệm d-dimer,اختبار د-دايمر,D-Dimer-Test,डी-डाइमर परीक्षण,Dダイマー検査
dairy foods,productos lácteos,thực phẩm từ sữa,منتجات الألبان,Milchprodukte,दूध से बने खाद्य पदार्थ,乳製品
dandruff,caspa,gàu,قشرة رأس,Schuppen,रूसी,ふけ
dbt,dbt,dbt,العلاج السلوكي الجدلي,dbt,डीबीटी,dbt
de quervain disease surgery,Cirugía de la enfermedad de De Quervain,Phẫu thuật điều trị bệnh De Quervain,جراحة مرض دي كيرفان,Operation bei Morbus de Quervain,डी क्वेरवेन रोग की सर्जरी,ドケルバン病手術
de quervain's disease,enfermedad de De Quervain,bệnh de quervain,مرض دي كيرفان,De-Quervain-Krankheit,डी क्वेरवेन रोग,ドケルバン病
deafness,sordera,điếc,الصمم,Taubheit,बहरापन,難聴
dealing with childhood cancer,Cómo afrontar el cáncer infantil,đối phó với bệnh ung thư ở trẻ em,التعامل مع سرطان الأطفال,Umgang mit Kinderkrebs,बचपन के कैंसर से निपटना,小児がんとの闘い
dealing with life events,afrontar los acontecimientos de la vida,đối phó với các sự kiện trong cuộc sống,التعامل مع أحداث الحياة,Umgang mit Lebensereignissen,जीवन की घटनाओं से निपटना,人生の出来事に対処する
dealing with morning sickness,Cómo lidiar con las náuseas matutinas,đối phó với ốm nghén,التعامل مع غثيان الصباح,Umgang mit Schwangerschaftsübelkeit,मॉर्निंग सिकनेस से निपटना,つわりへの対処法
deep vein thrombosis,trombosis venosa profunda,huyết khối tĩnh mạch sâu,تجلط الأوردة العميقة,tiefe Venenthrombose,गहरी नस घनास्रता,深部静脈血栓症
defibrillators,desfibriladores,máy khử rung tim,أجهزة إزالة الرجفان,Defibrillatoren,डिफ़िब्रिलेटर्स,除細動器
deficiency,deficiencia,thiếu hụt,نقص,Mangel,कमी,欠乏
degenerative arthritis,artritis degenerativa,viêm khớp thoái hóa,التهاب المفاصل التنكسي,degenerative Arthritis,अपक्षयी गठिया,変形性関節炎
dehydration,deshidración,mất nước,جفاف,Dehydration,निर्जलीकरण,脱水
delayed ejaculation,eyaculación retardada,xuất tinh chậm,تأخر القذف,verzögerte Ejakulation,विलंबित स्खलन,射精遅延
delirium and dementia,delirio y demencia,mê sảng và sa sút trí tuệ,الهذيان والخرف,Delir und Demenz,प्रलाप और मनोभ्रंश,せん妄と認知症
delusions,ilusiones,ảo tưởng,الأوهام,Wahnvorstellungen,भ्रम,妄想
dementia,demencia,chứng mất trí nhớ,الخَرَف,Demenz,मनोभ्रंश,認知症
dementia and driving,demencia y conducción,chứng mất trí nhớ và lái xe,الخرف والقيادة,Demenz und Autofahren,मनोभ्रंश और ड्राइविंग,認知症と運転
dengue fever,fiebre del dengue,sốt xuất huyết,حمى الضنك,Denguefieber,डेंगू बुखार,デング熱
dental bleeding,sangrado dental,chảy máu răng,نزيف الأسنان,Zahnblutung,दांतों से खून आना,歯の出血
dental braces and retainers,aparatos de ortodoncia y retenedores,niềng răng và dụng cụ giữ răng,تقويم الأسنان وأجهزة التثبيت,Zahnspangen und Retainer,डेंटल ब्रेसेस और रिटेनर,歯列矯正器具とリテーナー
dental bridge,puente dental,cầu răng,جسر الأسنان,Zahnbrücke,डेंटल ब्रिज,デンタルブリッジ
dental care,atención dental,chăm sóc răng miệng,العناية بالأسنان,Zahnpflege,दंत चिकित्सा देखभाल,歯科治療
dental check-up,revisión dental,khám răng,فحص الأسنان,Zahnärztliche Untersuchung,दंत जाँच,歯科検診
dental crown procedure,procedimiento de corona dental,thủ thuật bọc răng sứ,إجراء تركيب تاج الأسنان,Zahnkronenverfahren,डेंटल क्राउन प्रक्रिया,歯冠処置
dental erosion,erosión dental,mòn răng,تآكل الأسنان,Zahnerosion,दंत क्षरण,歯の浸食
dental fillings,empastes dentales,trám răng,حشوات الأسنان,Zahnfüllungen,दांतों की फिलिंग,歯の詰め物
dental fissure sealants,selladores de fisuras dentales,chất trám khe răng,مواد مانعة للتشققات السنية,Zahnfissurenversiegelung,दंत दरार सीलेंट,歯の溝を埋めるシーラント
dental hygeine,higiene dental,vệ sinh răng miệng,نظافة الأسنان,Zahnhygiene,दंत स्वच्छता,歯科衛生
dental injury,lesión dental,chấn thương răng miệng,إصابة في الأسنان,Zahnverletzung,दंत चोट,歯の損傷
dental problems,problemas dentales,các vấn đề về răng miệng,مشاكل الأسنان,Zahnprobleme,दंत समस्याएं,歯の問題
dental procedures,procedimientos dentales,các thủ thuật nha khoa,إجراءات طب الأسنان,zahnärztliche Eingriffe,दंत प्रक्रियाएं,歯科処置
dental procedures and appliances,procedimientos y aparatos dentales,các thủ thuật và thiết bị nha khoa,إجراءات وأجهزة طب الأسنان,Zahnärztliche Verfahren und Apparaturen,दंत चिकित्सा प्रक्रियाएं और उपकरण,歯科処置および歯科器具
dentures,dentadura postiza,răng giả,أطقم الأسنان,Zahnersatz,डेन्चर,義歯
depression,depresión,trầm cảm,اكتئاب,Depression,अवसाद,うつ
depression - how to help,depresión: cómo ayudar,Trầm cảm - cách điều trị,الاكتئاب - كيفية المساعدة,Depression – wie man helfen kann,अवसाद - इससे कैसे निपटें,うつ病 - 対処法
depression after pregnancy,depresión después del embarazo,trầm cảm sau khi mang thai,الاكتئاب بعد الحمل,Depression nach der Schwangerschaft,गर्भावस्था के बाद अवसाद,産後うつ病
depression in children,depresión en niños,trầm cảm ở trẻ em,الاكتئاب عند الأطفال,Depression bei Kindern,बच्चों में अवसाद,小児のうつ病
depression in men,depresión en los hombres,trầm cảm ở nam giới,الاكتئاب عند الرجال,Depression bei Männern,पुरुषों में अवसाद,男性のうつ病
depression in older people,depresión en personas mayores,trầm cảm ở người lớn tuổi,الاكتئاب لدى كبار السن,Depression bei älteren Menschen,वृद्ध लोगों में अवसाद,高齢者のうつ病
depression in women,depresión en las mujeres,trầm cảm ở phụ nữ,الاكتئاب عند النساء,Depression bei Frauen,महिलाओं में अवसाद,女性のうつ病
depression in young people,depresión en jóvenes,trầm cảm ở người trẻ tuổi,الاكتئاب لدى الشباب,Depression bei jungen Menschen,युवाओं में अवसाद,若者のうつ病
dermatitis,dermatitis,viêm da,التهاب الجلد,Dermatitis,जिल्द की सूजन,皮膚炎
dermatitis herpetiformis,dermatitis herpetiforme,viêm da dạng herpes,التهاب الجلد الهربسي الشكل,Dermatitis herpetiformis,डर्मेटाइटिस हर्पेटिफॉर्मिस,疱疹状皮膚炎
dermatologist,dermatólogo,bác sĩ da liễu,طبيب الأمراض الجلدية,Dermatologe,त्वचा विशेषज्ञ,皮膚科医
dermatomyositis,dermatomiositis,viêm da cơ,التهاب الجلد والعضلات,Dermatomyositis,डर्माटोमायोसिटिस,皮膚筋炎
detox,desintoxicación,giải độc,التخلص من السموم,Entgiftung,डिटॉक्स,デトックス
developmental milestones,hitos del desarrollo,các mốc phát triển,مراحل النمو,Entwicklungsmeilensteine,विकासात्मक महत्वपूर्णता,発達上の節目
deviated septum,tabique desviado,vách ngăn lệch,انحراف الحاجز الأنفي,Nasenscheidewandverkrümmung,पथभ्रष्ट झिल्ली,鼻中隔弯曲症
diabetes,diabetes,bệnh tiểu đường,السكري,Diabetes,मधुमेह,糖尿病
diabetes and insulin,diabetes e insulina,bệnh tiểu đường và insulin,مرض السكري والأنسولين,Diabetes und Insulin,मधुमेह और इंसुलिन,糖尿病とインスリン
diabetes medicines,medicamentos para la diabetes,thuốc trị tiểu đường,أدوية السكري,Diabetesmedikamente,मधुमेह की दवाएँ,糖尿病治療薬
diabetes screening tests,pruebas de detección de diabetes,xét nghiệm sàng lọc bệnh tiểu đường,اختبارات الكشف عن مرض السكري,Diabetes-Screeningtests,मधुमेह स्क्रीनिंग परीक्षण,糖尿病スクリーニング検査
diabetes testing and monitoring,Pruebas y seguimiento de la diabetes,xét nghiệm và theo dõi bệnh tiểu đường,فحص ومراقبة مرض السكري,Diabetes-Testung und -Überwachung,मधुमेह की जांच और निगरानी,糖尿病の検査とモニタリング
diabetic ketoacidosis,cetoacidosis diabética,nhiễm toan ceton do tiểu đường,الحماض الكيتوني السكري,diabetische Ketoazidose,मधुमेह कीटोएसिडोसिस,糖尿病性ケトアシドーシス
diabetic neuropathy,neuropatía diabética,bệnh thần kinh do tiểu đường,اعتلال الأعصاب السكري,diabetische Neuropathie,मधुमेह तंत्रिका रोग,糖尿病性神経障害
diabetic retinopathy,retinopatía diabética,bệnh võng mạc tiểu đường,اعتلال الشبكية السكري,diabetische Retinopathie,डायबिटिक रेटिनोपैथी,糖尿病網膜症
diagnostic testing,pruebas de diagnóstico,xét nghiệm chẩn đoán,الاختبارات التشخيصية,diagnostische Tests,नैदानिक ​​परीक्षण,診断検査
diagnostic tests,pruebas de diagnóstico,xét nghiệm chẩn đoán,الاختبارات التشخيصية,diagnostische Tests,नैदानिक ​​परीक्षण,診断検査
dialectical behaviour therapy,terapia dialéctica conductual,liệu pháp hành vi biện chứng,العلاج السلوكي الجدلي,dialektische Verhaltenstherapie,द्वंद्वात्मक व्यवहार चिकित्सा,弁証法的行動療法
dialysis,diálisis,lọc máu,غسيل الكلى,Dialyse,डायलिसिस,透析
diaphragm,diafragma,màng ngăn,غشاء,Membran,डायाफ्राम,横隔膜
diarrhoea,"formal: diarrea | informal: cagalera, flojera de estómago, heces sueltas, heces blandas","formal: tiêu chảy | informal: tào tháo đuổi, đi ngoài, phân lỏng","formal: إسهال | informal: إسهال, مغص مع إسهال, براز سائل, براز رخو","formal: Diarrhö | informal: Flitzekacke, Dünnpfiff, flüssiger Stuhl, Durchfall","formal: अतिसार | informal: दस्त, पेट चलना, ढीला मल, पतले दस्त","formal: 下痢 | informal: お腹がゆるい, 下痢, 軟便"
diarrhoea causes,la diarrea causa,tiêu chảy gây ra,أسباب الإسهال,Durchfallursachen,दस्त के कारण,下痢の原因
diarrhoea in children,diarrea en niños,tiêu chảy ở trẻ em,الإسهال عند الأطفال,Durchfall bei Kindern,बच्चों में दस्त,小児の下痢
diazepam,diazepam,diazepam,ديازيبام,Diazepam,डायजेपाम,ジアゼパム
diet,dieta,ăn kiêng,نظام عذائي,Diät,आहार,ダイエット
dietary fats,grasas dietéticas,chất béo trong chế độ ăn,الدهون الغذائية,Nahrungsfette,आहार वसा,食事性脂肪
dietary fibre,fibra dietética,chất xơ trong chế độ ăn uống,الألياف الغذائية,Ballaststoffe,आहार फाइबर,食物繊維
dietitians,dietistas,chuyên gia dinh dưỡng,أخصائيو التغذية,Diätologen,dietitians,栄養士
diets,dietas,chế độ ăn uống,الحميات الغذائية,Diäten,आहार,ダイエット
difficulty reaching female orgasm,dificultad para alcanzar el orgasmo femenino,khó đạt cực khoái ở nữ,صعوبة الوصول إلى النشوة الجنسية لدى النساء,Schwierigkeiten beim Erreichen des weiblichen Orgasmus,महिला ऑर्गेज्म तक पहुंचने में कठिनाई,女性のオーガズムに達するのが難しい
diffuse idiopathic skeletal hyperostosis,hiperostosis esquelética idiopática difusa,chứng tăng sinh xương vô căn lan tỏa,فرط التعظم الهيكلي المنتشر مجهول السبب,diffuse idiopathische Skeletthyperostose,विसरित अज्ञातहेतु कंकाल हाइपरोस्टोसिस,びまん性特発性骨増殖症
digestive system,sistema digestivo,hệ tiêu hóa,الجهاز الهضمي,Verdauungssystem,पाचन तंत्र,消化器系
digital thermometers,termómetros digitales,nhiệt kế kỹ thuật số,موازين حرارة رقمية,digitale Thermometer,डिजिटल थर्मामीटर,デジタル温度計
dihydrocodeine,dihidrocodeína,dihydrocodeine,ثنائي هيدروكودايين,Dihydrocodein,डाईहाइड्रोकोडीन,ジヒドロコデイン
dilatation and curettage,dilatación y legrado,nong và nạo tử cung,التوسيع والكحت,Dilatation und Kürettage,फैलाव और क्यूरेटेज,拡張掻爬術
diphtheria,difteria,bệnh bạch hầu,الخناق,Diphtherie,डिप्थीरिया,ジフテリア
disability services and allied healthcare,servicios para personas con discapacidad y atención médica afín,dịch vụ dành cho người khuyết tật và chăm sóc sức khỏe liên quan,خدمات ذوي الإعاقة والرعاية الصحية المساعدة,Dienstleistungen für Menschen mit Behinderungen und verwandte Gesundheitsdienstleistungen,विकलांगता सेवाएं और संबद्ध स्वास्थ्य सेवाएं,障害者サービスおよび関連医療
disability services and the ndis,servicios para discapacitados y el ndis,dịch vụ dành cho người khuyết tật và NDIS,خدمات ذوي الإعاقة ونظام دعم الإعاقة الوطني,Behindertenhilfe und die NDIS,विकलांगता सेवाएं और एनडीआई,障害者サービスとNDIS
disasters,desastres,thảm họa,الكوارث,Katastrophen,आपदाओं,災害
disease modifying antirheumatic drugs for arthritis,fármacos antirreumáticos modificadores de la enfermedad para la artritis,thuốc điều trị thấp khớp làm thay đổi tiến trình bệnh viêm khớp,الأدوية المضادة للروماتيزم المعدلة للمرض لعلاج التهاب المفاصل,krankheitsmodifizierende Antirheumatika bei Arthritis,गठिया के लिए रोग-संशोधक एंटीरूमेटिक दवाएं,関節炎に対する疾患修飾性抗リウマチ薬
disorientation,desorientación,mất phương hướng,الارتباك,Desorientierung,भटकाव,見当識障害
dissociative identity disorder,trastorno de identidad disociativa,rối loạn đa nhân cách,اضطراب الهوية الانفصامية,dissoziative Identitätsstörung,वियोजित पहचान विकार,解離性同一性障害
diuretic medicines,medicamentos diuréticos,thuốc lợi tiểu,الأدوية المدرة للبول,Diuretika,मूत्रवर्धक दवाएँ,利尿薬
diverticular disease,enfermedad diverticular,bệnh túi thừa,داء الرتوج,Divertikelerkrankung,डायवर्टिकुलर रोग,憩室疾患
divorce and break up,divorcio y ruptura,ly hôn và chia tay,الطلاق والانفصال,Scheidung und Trennung,तलाक और अलगाव,離婚と別れ
doctor,doctor,bác sĩ,طبيب,Arzt,चिकित्सक,医者
dog bites,mordeduras de perro,chó cắn,عضات الكلاب,Hundebisse,कुत्ते के काटने,犬に噛まれた
domestic violence and abusive relationships,violencia doméstica y relaciones abusivas,bạo lực gia đình và các mối quan hệ lạm dụng,العنف المنزلي والعلاقات المسيئة,häusliche Gewalt und missbräuchliche Beziehungen,घरेलू हिंसा और अपमानजनक रिश्ते,家庭内暴力と虐待的な関係
donation,donación,quyên góp,هبة,Spende,दान,寄付
dopamine,dopamina,dopamine,الدوبامين,Dopamin,डोपामाइन,ドーパミン
down syndrome,síndrome de Down,hội chứng Down,متلازمة داون,Down-Syndrom,डाउन सिंड्रोम,ダウン症候群
doxycycline,doxiciclina,doxycycline,دوكسيسايكلين,Doxycyclin,डॉक्सीसाइक्लिन,ドキシサイクリン
drinking alcohol,beber alcohol,uống rượu,شرب الكحول,Alkohol trinken,शराब पीना,アルコールを飲む
drinking water and your health,El agua potable y su salud,Nước uống và sức khỏe của bạn,مياه الشرب وصحتك,Trinkwasser und Ihre Gesundheit,पीने का पानी और आपका स्वास्थ्य,飲料水とあなたの健康
droughts,sequías,hạn hán,الجفاف,Dürren,सूखे,干ばつ
drowning,ahogo,chết đuối,الغرق,Ertrinken,डूबना,溺死
drug and alcohol rehabilitation,rehabilitación de drogas y alcohol,cai nghiện ma túy và rượu,إعادة تأهيل مدمني المخدرات والكحول,Drogen- und Alkoholrehabilitation,नशीली दवाओं और शराब का पुनर्वास,薬物・アルコール依存症のリハビリテーション
drug overdose,sobredosis de drogas,quá liều thuốc,جرعة زائدة من المخدرات,Drogenüberdosis,मात्रा से अधिक दवाई,薬物過剰摂取
drugs and alcohol,drogas y alcohol,ma túy và rượu,المخدرات والكحول,Drogen und Alkohol,ड्रग्स और शराब,薬物とアルコール
drugs and alcohol - how to help someone,Drogas y alcohol: cómo ayudar a alguien,Ma túy và rượu - cách giúp đỡ một người,المخدرات والكحول - كيفية مساعدة شخص ما,Drogen und Alkohol – wie man jemandem helfen kann,नशीली दवाओं और शराब - किसी की मदद कैसे करें,薬物とアルコール – 困っている人を助ける方法
drugs in sport,dopaje en el deporte,thuốc kích thích trong thể thao,المنشطات في الرياضة,Doping im Sport,खेल में ड्रग्स,スポーツにおける薬物使用
dry eyes,ojos secos,mắt khô,جفاف العين,trockene Augen,सूखी आँखें,ドライアイ
dry mouth syndrome,síndrome de boca seca,hội chứng khô miệng,متلازمة جفاف الفم,Syndrom des trockenen Mundes,मुंह सूखने का सिंड्रोम,ドライマウス症候群
dry orgasm,orgasmo seco,cực khoái khô,النشوة الجافة,trockener Orgasmus,शुष्क संभोग,ドライオーガズム
dry socket,alveolitis seca,ổ răng khô,جفاف تجويف السنخ,Alveolitis sicca,शुष्क सॉकेट,ドライソケット
duchenne muscular dystrophy,distrofia muscular de Duchenne,loạn dưỡng cơ Duchenne,ضمور دوشين العضلي,Duchenne-Muskeldystrophie,ड्यूशेन मस्कुलर डिस्ट्रॉफी,デュシェンヌ型筋ジストロフィー
duodenal ulcer,úlcera duodenal,loét tá tràng,قرحة الاثني عشر,Zwölffingerdarmgeschwür,ग्रहणी फोड़ा,十二指腸潰瘍
dupuytren's contracture,contractura de Dupuytren,chứng co cứng Dupuytren,تقفع دوبويتران,Dupuytren-Kontraktur,डुप्यूट्रेंस कॉन्ट्रैक्चर,デュピュイトラン拘縮
dupuytren's fasciectomy,fasciectomía de Dupuytren,phẫu thuật cắt bỏ màng Dupuytren,استئصال اللفافة في داء دوبويتران,Dupuytren-Fasziektomie,डुप्यूट्रेंस फेशिएक्टॉमी,デュピュイトラン拘縮に対する筋膜切除術
dust mites,ácaros del polvo,mạt bụi,عث الغبار,Hausstaubmilben,धूल के कण,ダニ
dust storms,tormentas de polvo,bão bụi,عواصف ترابية,Staubstürme,धूल भरी आंधी,砂嵐
dwarfism,enanismo,bệnh lùn,التقزم,Kleinwuchs,बौनापन,小人症
dying,muriendo,chết,الموت,sterben,मरना,死にゆく
dying at home,morir en casa,qua đời tại nhà,الموت في المنزل,Sterben zu Hause,घर पर मृत्यु,自宅で最期を迎える
dysarthria,disartria,chứng khó nói,عسر التلفظ,Dysarthrie,डिसार्थ्रिया,構音障害
dyslexia,dislexia,chứng khó đọc,عسر القراءة,Dyslexie,डिस्लेक्सिया,失読症
dysmenorrhoea,dismenorrea,đau bụng kinh,عسر الطمث,Dysmenorrhoe,कष्टार्तव,月経困難症
dysphagia,"formal: disfagia | informal: problemas para tragar, dificultad para tragar","formal: khó nuốt | informal: nghẹn, vướng họng","formal: عسر البلع | informal: صعوبة في البلع, مشاكل في البلع","formal: Dysphagie | informal: Schluckbeschwerden, Schluckprobleme","formal: निगलने में कठिनाई | informal: निगलने में तकलीफ, गले में अटकना","formal: 嚥下障害 | informal: 飲み込みにくさ, 喉がつまること"
dyspnoea,disnea,khó thở,بحة في الصوت,Atemnot,दमा,呼吸困難
dyspraxia,dispraxia,rối loạn vận động,عسر الأداء الحركي,Dyspraxie,दुष्क्रिया,発達性協調運動障害
dystonia,distonía,loạn trương lực cơ,خلل التوتر العضلي,Dystonie,दुस्तानता,ジストニア
e-cigarettes,cigarrillos electrónicos,thuốc lá điện tử,السجائر الإلكترونية,E-Zigaretten,ई-सिगरेट,電子タバコ
e-health,salud electrónica,y tế điện tử,الصحة الإلكترونية,E-Health,ई-स्वास्थ्य,eヘルス
e. coli infection,infección por E. coli,nhiễm trùng E. coli,عدوى الإشريكية القولونية,E. coli-Infektion,ई. कोलाई संक्रमण,大腸菌感染症
ear diseases and disorders,enfermedades y trastornos del oído,các bệnh và rối loạn về tai,أمراض واضطرابات الأذن,Ohrerkrankungen und -störungen,कान के रोग और विकार,耳の病気と障害
ear thermometers,termómetros de oído,nhiệt kế đo tai,موازين حرارة الأذن,Ohrthermometer,कान थर्मामीटर,耳式体温計
ear wax,cera del oído,ráy tai,شمع الأذن,Ohrenschmalz,कान का मैल,耳垢
earache,dolor de oídos,đau tai,ألم,Ohrenschmerzen,कान में दर्द,耳痛
early onset dementia,demencia de inicio temprano,chứng mất trí nhớ khởi phát sớm,الخرف المبكر,früh einsetzende Demenz,प्रारंभिक अवस्था में मनोभ्रंश,若年性認知症
ears,orejas,tai,آذان,Ohren,कान,耳
eating disorders,trastornos de la alimentación,rối loạn ăn uống,اضطرابات الأكل,Essstörungen,भोजन विकार,摂食障害
eating disorders and body image,trastornos alimentarios e imagen corporal,rối loạn ăn uống và hình ảnh cơ thể,اضطرابات الأكل وصورة الجسم,Essstörungen und Körperbild,खान-पान संबंधी विकार और शरीर की छवि,摂食障害と身体イメージ
eating healthy,comer sano,ăn uống lành mạnh,تناول طعاماً صحياً,gesunde Ernährung,स्वस्थ खाना,健康的な食事
eating unsafe foods,comer alimentos no seguros,ăn thực phẩm không an toàn,تناول الأطعمة غير الآمنة,Verzehr unsicherer Lebensmittel,असुरक्षित खाद्य पदार्थों का सेवन,安全でない食品を食べる
eating well,comer bien,ăn uống tốt,تناول الطعام بشكل جيد,gesund essen,अच्छा खाना,健康的な食事を摂る
ebola virus,virus del ébola,virus Ebola,فيروس إيبولا,Ebola-Virus,इबोला वायरस,エボラウイルス
ecstasy,éxtasis,sự hưng phấn,نشوة,Ekstase,परमानंद,エクスタシー
ectopic pregnancy,embarazo ectópico,thai ngoài tử cung,الحمل خارج الرحم,Eileiterschwangerschaft,एक्टोपिक गर्भावस्था,子宮外妊娠
eczema,eczema,bệnh chàm,الأكزيما,Ekzem,एक्जिमा,湿疹
edwards syndrome,síndrome de Edwards,hội chứng Edwards,متلازمة إدواردز,Edwards-Syndrom,एडवर्ड्स सिंड्रोम,エドワーズ症候群
egg allergy,alergia al huevo,dị ứng trứng,حساسية البيض,Eierallergie,अंडे से एलर्जी,卵アレルギー
ehlers-danlos syndrome,síndrome de Ehlers-Danlos,hội chứng Ehlers-Danlos,متلازمة إهلرز دانلوس,Ehlers-Danlos-Syndrom,एहलर्स-डानलोस सिंड्रोम,エーラース・ダンロス症候群
elective caesarean section,cesárea electiva,mổ lấy thai theo yêu cầu,عملية قيصرية اختيارية,geplanter Kaiserschnitt,ऐच्छिक सीज़ेरियन सेक्शन,選択的帝王切開
elective splenectomy,esplenectomía electiva,cắt bỏ lách tự chọn,استئصال الطحال الاختياري,elektive Splenektomie,ऐच्छिक स्प्लेनेक्टोमी,選択的脾臓摘出術
electric shocks and burns,descargas eléctricas y quemaduras,điện giật và bỏng,الصدمات الكهربائية والحروق,Stromschläge und Verbrennungen,बिजली के झटके और जलन,感電と火傷
electrocardiogram,electrocardiograma,điện tâm đồ,تخطيط كهربية القلب,Elektrokardiogramm,इलेक्ट्रोकार्डियोग्राम,心電図
electroconvulsive therapy,terapia electroconvulsiva,liệu pháp sốc điện,العلاج بالصدمات الكهربائية,Elektrokrampftherapie,विद्युत - चिकित्सा,電気けいれん療法
electroencephalogram,electroencefalograma,điện não đồ,تخطيط كهربية الدماغ,Elektroenzephalogramm,इलेक्ट्रोएन्सेफेलोग्राम,脳波図
elephantiasis,elefantiasis,bệnh phù chân voi,داء الفيل,Elefantiasis,फ़ीलपाँव,象皮病
emergency contraception,anticoncepción de emergencia,biện pháp tránh thai khẩn cấp,وسائل منع الحمل الطارئة,Notfallverhütung,आपातकालीन गर्भनिरोधक,緊急避妊薬
emergency departments,departamentos de urgencias,khoa cấp cứu,أقسام الطوارئ,Notaufnahmen,आपातकालीन विभाग,救急外来
emotional abuse,abuso emocional,lạm dụng cảm xúc,الإساءة العاطفية,emotionaler Missbrauch,भावनात्मक दुर्व्यवहार,精神的虐待
emphysema,enfisema,khí phế thũng,انتفاخ الرئة,Emphysem,एम्फीसेमा,肺気腫
encephalitis,encefalitis,viêm não,التهاب الدماغ,Enzephalitis,इंसेफेलाइटिस,脳炎
encephalopathy,encefalopatía,bệnh não,اعتلال الدماغ,Enzephalopathie,मस्तिष्क विकृति,脳症
end of life health,salud al final de la vida,sức khỏe cuối đời,الرعاية الصحية في نهاية العمر,Gesundheit am Lebensende,जीवन के अंतिम चरण का स्वास्थ्य,終末期医療
endocarditis,endocarditis,viêm nội tâm mạc,التهاب الشغاف,Endokarditis,एंडोकार्डिटिस,心内膜炎
endocrine disorders and diseases,trastornos y enfermedades endocrinas,rối loạn và bệnh lý nội tiết,اضطرابات وأمراض الغدد الصماء,endokrine Störungen und Erkrankungen,अंतःस्रावी विकार और रोग,内分泌障害および疾患
endocrine system,sistema endocrino,hệ thống nội tiết,الجهاز الصمّاوي,endokrines System,अंत: स्रावी प्रणाली,内分泌系
endocrinologist,endocrinólogo,bác sĩ nội tiết,أخصائيو الغدد الصماء,Endokrinologe,एंडोक्राइनोलॉजिस्ट,内分泌専門医
endometrial biopsy,biopsia endometrial,sinh thiết nội mạc tử cung,خزعة بطانة الرحم,Endometriumbiopsie,एंडोमेट्रियल बायोप्सी,子宮内膜生検
endometrial cancer,cáncer de endometrio,ung thư nội mạc tử cung,سرطان بطانة الرحم,Endometriumkarzinom,गर्भाशय कैंसर,子宮内膜がん
endometriosis,endometriosis,lạc nội mạc tử cung,الانتباذ البطاني الرحمي,Endometriose,endometriosis,子宮内膜症
endoscopic sinus surgery,cirugía endoscópica de senos paranasales,phẫu thuật nội soi xoang,جراحة الجيوب الأنفية بالمنظار,endoskopische Nasennebenhöhlenoperation,एंडोस्कोपिक साइनस सर्जरी,内視鏡下副鼻腔手術
endoscopic ultrasound,ecografía endoscópica,siêu âm nội soi,الموجات فوق الصوتية التنظيرية,endoskopischer Ultraschall,एंडोस्कोपिक अल्ट्रासाउंड,内視鏡超音波検査
endoscopy,endoscopia,nội soi,التنظير الداخلي,Endoskopie,एंडोस्कोपी,内視鏡検査
endovenous ablation,ablación endovenosa,triệt mạch máu nội tĩnh mạch,الاستئصال الوريدي,endovenöse Ablation,अंतःशिरा एब्लेशन,血管内焼灼術
engorgement,congestión,sự sung huyết,امتلاء الجسم,Schwellung,सूजन,充血
enterovirus in children,enterovirus en niños,enterovirus ở trẻ em,فيروس معوي عند الأطفال,Enteroviren bei Kindern,बच्चों में एंटरोवायरस,小児におけるエンテロウイルス
entropion and ectropion repair,Reparación de entropión y ectropión,Phẫu thuật điều trị lật mi trong và lật mi ngoài,إصلاح انقلاب الجفن الداخلي والخارجي,Entropium- und Ektropiumreparatur,एंट्रोपियन और एक्ट्रोपियन की मरम्मत,眼瞼内反症および眼瞼外反症の修復
epididymitis,epididimitis,viêm mào tinh hoàn,التهاب البربخ,Nebenhodenentzündung,epididymitis,精巣上体炎
epidural anaesthetic,anestesia epidural,gây tê ngoài màng cứng,التخدير فوق الجافية,Epiduralanästhesie,एपिड्यूरल एनेस्थेटिक,硬膜外麻酔
epidural injection for chronic pain relief,Inyección epidural para el alivio del dolor crónico,Tiêm ngoài màng cứng để giảm đau mãn tính,حقن فوق الجافية لتسكين الألم المزمن,Epidurale Injektion zur Linderung chronischer Schmerzen,दीर्घकालिक दर्द से राहत के लिए एपिड्यूरल इंजेक्शन,慢性疼痛緩和のための硬膜外注射
epigastric hernia repair,reparación de hernia epigástrica,Phẫu thuật sửa chữa thoát vị thượng vị,إصلاح الفتق فوق المعدي,Reparatur einer epigastrischen Hernie,एपिगैस्ट्रिक हर्निया की मरम्मत,上腹部ヘルニア修復
epilepsy,epilepsia,động kinh,الصرع,Epilepsie,मिरगी,てんかん
epipen,Epipen,bút tiêm epinephrine,إيبين,Epipen,कलम अधि,エピペン
erectile dysfunction,disfunción eréctil,rối loạn cương dương,الضعف الجنسي لدى الرجال,erektile Dysfunktion,स्तंभन दोष,勃起不全
erectile dysfunction medicines,medicamentos para la disfunción eréctil,thuốc điều trị rối loạn cương dương,أدوية ضعف الانتصاب,Medikamente gegen erektile Dysfunktion,स्तंभन दोष की दवाएँ,勃起不全治療薬
erythema nodosum,eritema nodoso,hồng ban nốt sần,الحمامى العقدية,Erythema nodosum,एरिथेमा नोडोसम,結節性紅斑
erythromelalgia,eritromelalgia,chứng đỏ da đầu chi,احمرار الأطراف المؤلم,Erythromelalgie,एरिथ्रोमेलजिया,紅斑性肢痛
escript,escript,kịch bản,نص إلكتروني,escript,स्क्रिप्ट,電子スクリプト
essential tremor,temblor esencial,run vô căn,الرعاش الأساسي,essentieller Tremor,आवश्यक कंपकंपी,本態性振戦
etherapy,terapia electrónica,liệu pháp điện tử,العلاج الإلكتروني,E-Therapie,ईथेरेपी,eセラピー
excessive worry,preocupación excesiva,lo lắng quá mức,قلق مفرط,übermäßige Sorgen,अत्यधिक चिंता,過度の心配
excision biopsy of a breast lump,Biopsia por escisión de un bulto en el seno,sinh thiết cắt bỏ khối u vú,خزعة استئصالية لكتلة في الثدي,Exzisionsbiopsie eines Brustknotens,स्तन में गांठ की एक्सिशन बायोप्सी,乳房腫瘤の切除生検
excision of a ganglion,escisión de un ganglio,cắt bỏ hạch thần kinh,استئصال العقدة العصبية,Exzision eines Ganglions,एक गैंग्लियन का निष्कासन,神経節の切除
exercise,ejercicio,bài tập,يمارس,Übung,व्यायाम,エクササイズ
exercise and fitness,ejercicio y aptitud física,tập thể dục và thể hình,التمارين واللياقة البدنية,Bewegung und Fitness,व्यायाम और फिटनेस,運動とフィットネス
exercise and mental health,ejercicio y salud mental,tập thể dục và sức khỏe tinh thần,ممارسة الرياضة والصحة النفسية,Bewegung und psychische Gesundheit,व्यायाम और मानसिक स्वास्थ्य,運動とメンタルヘルス
exercise physiologist,fisiólogo del ejercicio,nhà sinh lý học thể dục,أخصائي فسيولوجيا التمارين الرياضية,Sportphysiologe,व्यायाम शरीर क्रिया विज्ञानी,運動生理学者
expired medicines,medicamentos caducados,thuốc hết hạn,الأدوية منتهية الصلاحية,abgelaufene Medikamente,समाप्त हो चुकी दवाइयाँ,期限切れの医薬品
expressing breast milk,extracción de leche materna,vắt sữa mẹ,شفط حليب الثدي,Abpumpen von Muttermilch,स्तन का दूध निकालना,母乳を搾乳する
external cardioversion,cardioversión externa,chuyển nhịp tim ngoài lồng ngực,تقويم نظم القلب الخارجي,externe Kardioversion,बाह्य कार्डियोवर्जन,体外式除細動
extreme weather,condiciones climáticas extremas,thời tiết khắc nghiệt,الطقس القاسي,extremes Wetter,चरम मौसम,異常気象
eye,ojo,mắt,عين,Auge,आँख,目
eye cancer,cáncer de ojo,ung thư mắt,سرطان العين,Augenkrebs,आंखों का कैंसर,眼がん
eye care,cuidado de los ojos,chăm sóc mắt,العناية بالعيون,Augenpflege,आंख की देखभाल,眼科医療
eye discharge,secreción ocular,dịch tiết mắt,إفرازات العين,Augenausfluss,आँखों से स्राव,目やに
eye diseases and conditions,enfermedades y afecciones oculares,các bệnh và tình trạng về mắt,أمراض وحالات العيون,Augenkrankheiten und -zustände,आँखों के रोग और स्थितियाँ,眼疾患および眼の状態
eye floaters,moscas volantes,ruồi bay trước mắt,عوائم العين,Glaskörpertrübungen,आंख फैलानेवाला,飛蚊症
eye infections,infecciones oculares,nhiễm trùng mắt,التهابات العين,Augeninfektionen,आँखों के संक्रमण,眼感染症
eye strain,fatiga ocular,mỏi mắt,إجهاد العين,Augenbelastung,आंख पर जोर,眼精疲労
eye tests,pruebas de la vista,kiểm tra mắt,فحوصات العين,Sehtests,नेत्र परीक्षण,眼科検査
eye-health,salud ocular,sức khỏe mắt,صحة العين,Augengesundheit,नेत्र-स्वास्थ्य,目の健康
eyes,ojos,mắt,عيون,Augen,आँखें,目
fabry disease,enfermedad de Fabry,bệnh Fabry,مرض فابري,Fabry-Krankheit,फैब्री रोग,ファブリー病
face masks,mascarillas faciales,khẩu trang,أقنعة الوجه,Gesichtsmasken,चेहरे का मास्क,フェイスマスク
facelift,lifting facial,nâng cơ mặt,عملية شد الوجه,Facelift,नया रूप,フェイスリフト
facet joint injection,inyección en la articulación facetaria,tiêm khớp liên mấu,حقنة المفصل الوجيهي,Facettengelenksinjektion,फेसेट जॉइंट इंजेक्शन,椎間関節注射
facial bone fractures,fracturas de huesos faciales,gãy xương mặt,كسور عظام الوجه,Gesichtsknochenbrüche,चेहरे की हड्डियों में फ्रैक्चर,顔面骨折
facial droop,caída facial,sụp mí mắt,تدلي الوجه,Gesichtslähmung,चेहरे का झुकाव,顔のたるみ
facial injury,lesión facial,chấn thương mặt,إصابة في الوجه,Gesichtsverletzung,चेहरे पर चोट,顔面外傷
faecal incontinence,incontinencia fecal,không kiểm soát được phân,سلس البراز,Stuhlinkontinenz,मल असंयम,便失禁
falls,cascadas,thác,السقوط,Falls,फॉल्स,滝
family health history,antecedentes familiares de salud,tiền sử sức khỏe gia đình,التاريخ الصحي للعائلة,Familiengesundheitsgeschichte,पारिवारिक स्वास्थ्य इतिहास,家族の健康歴
family planning,planificación familiar,kế hoạch hóa gia đình,تنظيم الأسرة,Familienplanung,परिवार नियोजन,家族計画
farmer health,salud del agricultor,sức khỏe nông dân,صحة المزارعين,Gesundheit der Landwirte,किसान स्वास्थ्य,農家の健康
fasd,Fasd,fasd,fasd,fasd,fasd,fasd
fasting for tests,ayuno para pruebas,nhịn ăn để xét nghiệm,الصيام قبل الاختبارات,Fasten für Tests,परीक्षा के लिए उपवास,検査のための絶食
fat,gordo,mập,سمين,fett,मोटा,脂肪
fatigue,"formal: fatiga | informal: agotamiento, cansancio, estar derrengado","formal: mệt mỏi | informal: kiệt sức, mệt rã rời, đuối sức","formal: إعياء | informal: إرهاق شديد, تعب, خمول","formal: Fatigue | informal: Erschöpfung, Müdigkeit, Abgeschlagenheit","formal: थकान | informal: थकावट, कमजोरी, सुस्ती","formal: 疲労 | informal: 倦態感, お疲れ, 体がだるいこと"
fats,grasas,chất béo,الدهون,Fette,वसा,脂肪
fatty liver,hígado graso,gan nhiễm mỡ,الكبد الدهني,Fettleber,फैटी लीवर,脂肪肝
favism,favismo,bệnh thiếu máu tán huyết,الفافية,Favismus,फेविज़्म,ファビズム
febrile seizure,convulsión febril,cơn co giật do sốt,نوبة حمى,Fieberkrampf,बुखार के दौरे,熱性けいれん
feeding your newborn baby,alimentar a tu bebé recién nacido,cho trẻ sơ sinh ăn,إطعام طفلك حديث الولادة,Füttern Ihres Neugeborenen,अपने नवजात शिशु को दूध पिलाना,新生児に授乳する
feeling restless,sensación de inquietud,cảm thấy bồn chồn,الشعور بالأرق,Unruhegefühl,बेचैनी महसूस हो रही है,落ち着かない
feeling worthless,sentirse inútil,cảm thấy vô giá trị,الشعور بانعدام القيمة,sich wertlos fühlen,बेकार महसूस करना,自分に価値がないと感じる
female health,salud femenina,sức khỏe phụ nữ,صحة المرأة,Frauengesundheit,महिला स्वास्थ्य,女性の健康
female libido,libido femenina,ham muốn tình dục nữ,الرغبة الجنسية لدى النساء,weibliche Libido,महिला कामेच्छा,女性の性欲
female orgasm,orgasmo femenino,cực khoái nữ,النشوة الجنسية لدى المرأة,weiblicher Orgasmus,महिला ऑर्गेज्म,女性のオーガズム
female pattern hair loss,alopecia femenina,rụng tóc theo kiểu nữ,تساقط الشعر النمطي لدى النساء,weiblicher Haarausfall,महिलाओं में होने वाला बालों का झड़ना,女性型脱毛症
female reproductive system,sistema reproductor femenino,hệ sinh sản nữ,الجهاز التناسلي الأنثوي,weibliches Fortpflanzungssystem,महिला प्रजनन प्रणाली,女性生殖器系
female sexual problems,problemas sexuales femeninos,các vấn đề tình dục ở nữ giới,المشاكل الجنسية لدى النساء,weibliche Sexualprobleme,महिलाओं की यौन समस्याएं,女性の性的な問題
female sterilisation,esterilización femenina,triệt sản nữ,تعقيم الإناث,Sterilisation der Frau,महिला बंध्याकरण,女性の不妊手術
femoral hernia repair,reparación de hernia femoral,phẫu thuật sửa chữa thoát vị đùi,إصلاح الفتق الفخذي,Femoralhernienreparatur,फीमोरल हर्निया की मरम्मत,大腿ヘルニア修復
fentanyl,fentanilo,fentanyl,الفنتانيل,Fentanyl,फेंटानिल,フェンタニル
fertility awareness,conocimiento de la fertilidad,nhận thức về khả năng sinh sản,الوعي بالخصوبة,Fruchtbarkeitsbewusstsein,प्रजनन जागरूकता,妊孕性認識
fetal alcohol spectrum disorder,trastorno del espectro alcohólico fetal,rối loạn phổ rượu bào thai,اضطرابات طيف الكحول الجنيني,fetale Alkoholspektrumstörung,भ्रूण अल्कोहल स्पेक्ट्रम विकार,胎児性アルコールスペクトラム障害
fever in babies and children,fiebre en bebés y niños,sốt ở trẻ sơ sinh và trẻ em,الحمى عند الرضع والأطفال,Fieber bei Säuglingen und Kindern,शिशुओं और बच्चों में बुखार,乳幼児の発熱
fever in children,fiebre en niños,sốt ở trẻ em,الحمى عند الأطفال,Fieber bei Kindern,बच्चों में बुखार,小児の発熱
fibre,fibra,sợi,الفيبر,Faser,फाइबर,ファイバ
fibroids,fibromas,u xơ tử cung,الأورام الليفية,Myome,फाइब्रॉएड,子宮筋腫
fibromyalgia,fibromialgia,hội chứng đau cơ xơ hóa,الألم العضلي الليفي,Fibromyalgie,fibromyalgia,線維筋痛症
fifth disease,quinta enfermedad,bệnh thứ năm,المرض الخامس,fünfte Krankheit,पांचवा रोग,第五の病気
fillings,empastes,trám răng,الحشوات,Füllungen,भराई,詰め物
financial stress,estrés financiero,áp lực tài chính,الضغوط المالية,finanzieller Stress,वित्तीय तनाव,経済的ストレス
financial support during long-term illness,apoyo financiero durante una enfermedad prolongada,Hỗ trợ tài chính trong thời gian ốm đau dài hạn,الدعم المالي أثناء المرض طويل الأمد,finanzielle Unterstützung bei Langzeiterkrankung,दीर्घकालीन बीमारी के दौरान वित्तीय सहायता,長期療養中の経済的支援
finding the right health professional,encontrar al profesional de la salud adecuado,tìm kiếm chuyên gia y tế phù hợp,إيجاد أخصائي الرعاية الصحية المناسب,den richtigen Gesundheitsexperten finden,सही स्वास्थ्य पेशेवर को ढूंढना,適切な医療専門家を見つける
fire safety in your home,seguridad contra incendios en su hogar,an toàn phòng cháy chữa cháy trong nhà bạn,السلامة من الحرائق في منزلك,Brandschutz in Ihrem Zuhause,आपके घर में अग्नि सुरक्षा,ご自宅での火災安全対策
first aid advice,consejos de primeros auxilios,lời khuyên sơ cứu,نصائح الإسعافات الأولية,Erste-Hilfe-Tipps,प्राथमिक उपचार संबंधी सलाह,応急処置に関するアドバイス
first aid basics,conceptos básicos de primeros auxilios,những kiến ​​thức sơ cứu cơ bản,أساسيات الإسعافات الأولية,Grundlagen der Ersten Hilfe,प्राथमिक चिकित्सा की मूल बातें,応急処置の基礎知識
first aid kits,botiquines de primeros auxilios,bộ sơ cứu,حقائب الإسعافات الأولية,Erste-Hilfe-Sets,प्राथमिक चिकित्सा किट,救急箱
fitness,aptitud física,sự thích hợp,لياقة بدنية,Fitness,उपयुक्तता,フィットネス
fitness and exercise,aptitud física y ejercicio,thể dục và tập luyện,اللياقة البدنية والتمارين الرياضية,Fitness und Bewegung,फिटनेस और व्यायाम,フィットネスとエクササイズ
flat feet,pies planos,bàn chân phẳng,القدم المسطحة,Plattfüße,सपाट पैर,扁平足
flatulence,flatulencia,đầy hơi,انتفاخ البطن,Blähung,पेट फूलना,鼓腸
flexible cystoscopy,cistoscopia flexible,nội soi bàng quang mềm,تنظير المثانة المرن,flexible Zystoskopie,लचीली सिस्टोस्कोपी,軟性膀胱鏡検査
flexible sigmoidoscopy,sigmoidoscopia flexible,nội soi đại tràng sigma mềm,تنظير القولون السيني المرن,flexible Sigmoidoskopie,लचीली सिग्मोइडोस्कोपी,フレキシブルS状結腸鏡検査
floods and cyclone health risks,riesgos para la salud derivados de inundaciones y ciclones,rủi ro về sức khỏe do lũ lụt và lốc xoáy,مخاطر الفيضانات والأعاصير على الصحة,Gesundheitsrisiken durch Überschwemmungen und Zyklone,बाढ़ और चक्रवात से होने वाले स्वास्थ्य जोखिम,洪水とサイクロンによる健康リスク
floods and cyclones health and safety,Inundaciones y ciclones: salud y seguridad,"lũ lụt và lốc xoáy, sức khỏe và an toàn",الصحة والسلامة في حالات الفيضانات والأعاصير,Gesundheit und Sicherheit bei Überschwemmungen und Zyklonen,"बाढ़ और चक्रवात, स्वास्थ्य और सुरक्षा",洪水とサイクロンにおける健康と安全
flu and colds,gripe y resfriados,cúm và cảm lạnh,الإنفلونزا ونزلات البرد,Grippe und Erkältungen,फ्लू और सर्दी,インフルエンザと風邪
flu and colds during pregnancy and breastfeeding,gripe y resfriados durante el embarazo y la lactancia,cảm cúm và cảm lạnh trong thời kỳ mang thai và cho con bú,الإنفلونزا ونزلات البرد أثناء الحمل والرضاعة الطبيعية,Grippe und Erkältungen während Schwangerschaft und Stillzeit,गर्भावस्था और स्तनपान के दौरान फ्लू और सर्दी-जुकाम,妊娠中および授乳中のインフルエンザと風邪
flu prevention tips,Consejos para prevenir la gripe,Mẹo phòng ngừa cúm,نصائح للوقاية من الإنفلونزا,Tipps zur Grippeprävention,फ्लू से बचाव के सुझाव,インフルエンザ予防のヒント
flu vaccine faqs,Preguntas frecuentes sobre la vacuna contra la gripe,Câu hỏi thường gặp về vắc-xin cúm,الأسئلة الشائعة حول لقاح الإنفلونزا,Grippeimpfung – Häufig gestellte Fragen,फ्लू वैक्सीन से संबंधित अक्सर पूछे जाने वाले प्रश्न,インフルエンザワクチンに関するよくある質問
fluid from the ear,líquido del oído,dịch từ tai,سائل من الأذن,Flüssigkeit aus dem Ohr,कान से तरल पदार्थ,耳からの液体
folate,folato,folate,حمض الفوليك,Folsäure,फोलेट,葉酸
folate test,prueba de folato,xét nghiệm folate,اختبار حمض الفوليك,Folsäuretest,फोलेट परीक्षण,葉酸検査
follicle stimulating hormone,hormona folículo estimulante,hormone kích thích nang trứng,الهرمون المنبه للجريب,Follikelstimulierendes Hormon,कूप उत्तेजक हार्मोन,卵胞刺激ホルモン
folliculitis,foliculitis,viêm nang lông,التهاب الجريبات,Follikulitis,लोम,毛包炎
food,alimento,đồ ăn,طعام,Essen,खाना,食べ物
food allergies,alergias alimentarias,dị ứng thực phẩm,الحساسية الغذائية,Lebensmittelallergien,खाद्य प्रत्युर्जता,食物アレルギー
food groups,grupos de alimentos,nhóm thực phẩm,المجموعات الغذائية,Lebensmittelgruppen,खाद्य समूह,食品群
food intolerance and testing,Intolerancia alimentaria y pruebas,không dung nạp thực phẩm và xét nghiệm,عدم تحمل الطعام والاختبارات,Nahrungsmittelunverträglichkeit und Tests,खाद्य असहिष्णुता और परीक्षण,食物不耐性と検査
food labels,etiquetas de alimentos,nhãn thực phẩm,ملصقات الطعام,Lebensmittelkennzeichnungen,खाद्य लेबल,食品ラベル
food poisoning,intoxicación alimentaria,ngộ độc thực phẩm,التسمم الغذائي,Lebensmittelvergiftung,विषाक्त भोजन,食中毒
food safety,seguridad alimentaria,an toàn thực phẩm,سلامة الغذاء,Lebensmittelsicherheit,खाद्य सुरक्षा,食品安全
food safety guide,guía de seguridad alimentaria,hướng dẫn an toàn thực phẩm,دليل سلامة الغذاء,Leitfaden zur Lebensmittelsicherheit,खाद्य सुरक्षा मार्गदर्शिका,食品安全ガイド
foods high in iodine,alimentos ricos en yodo,thực phẩm giàu iốt,الأطعمة الغنية باليود,jodreiche Lebensmittel,आयोडीन से भरपूर खाद्य पदार्थ,ヨウ素を多く含む食品
foods high in iron,alimentos ricos en hierro,thực phẩm giàu chất sắt,أطعمة غنية بالحديد,eisenreiche Lebensmittel,आयरन से भरपूर खाद्य पदार्थ,鉄分を多く含む食品
foods high in magnesium,alimentos ricos en magnesio,thực phẩm giàu magie,أطعمة غنية بالمغنيسيوم,magnesiumreiche Lebensmittel,मैग्नीशियम से भरपूर खाद्य पदार्थ,マグネシウムを多く含む食品
foods high in potassium,alimentos ricos en potasio,thực phẩm giàu kali,أطعمة غنية بالبوتاسيوم,kaliumreiche Lebensmittel,पोटेशियम से भरपूर खाद्य पदार्थ,カリウムを多く含む食品
foods high in zinc,alimentos ricos en zinc,thực phẩm giàu kẽm,أطعمة غنية بالزنك,zinkreiche Lebensmittel,जस्ता से भरपूर खाद्य पदार्थ,亜鉛を多く含む食品
foot care,cuidado de los pies,chăm sóc bàn chân,العناية بالقدمين,Fußpflege,पांव की देखभाल,フットケア
foot fracture,fractura de pie,gãy xương bàn chân,كسر في القدم,Fußfraktur,पैर में फ्रैक्चर,足の骨折
fractures,fracturas,gãy xương,الكسور,Frakturen,भंग,骨折
fragile x syndrome,síndrome del cromosoma X frágil,hội chứng nhiễm sắc thể X dễ vỡ,متلازمة إكس الهشة,Fragiles-X-Syndrom,नाजुक एक्स सिंड्रोम,脆弱X症候群
frequent urination,micción frecuente,đi tiểu thường xuyên,كثرة التبول,häufiges Wasserlassen,जल्दी पेशाब आना,頻尿
frontotemporal dementia,demencia frontotemporal,chứng mất trí nhớ thùy trán thái dương,الخرف الجبهي الصدغي,frontotemporale Demenz,फ्रंटोटेम्पोरल मनोभ्रंश,前頭側頭型認知症
frostbite,congelación,tê cóng,قضمة الصقيع,Erfrierung,शीतदंश,凍傷
frozen shoulder,hombro congelado,vai đông cứng,الكتف المتجمد,Schultersteife,जमे हुए कंधे,五十肩
full blood count,hemograma completo,xét nghiệm máu toàn phần,تعداد الدم الكامل,vollständiges Blutbild,पूर्ण रक्त गणना,全血球数
fungal infections,infecciones por hongos,nhiễm trùng nấm,العدوى الفطرية,Pilzinfektionen,कवकीय संक्रमण,真菌感染症
gallstones,cálculos biliares,sỏi mật,حصى المرارة,Gallensteine,पित्ताशय की पथरी,胆石
gambling addiction,adicción al juego,nghiện cờ bạc,إدمان القمار,Spielsucht,जुए की लत,ギャンブル依存症
ganglion cyst,quiste ganglionar,u nang hạch,كيسة عقدية,Ganglionzyste,नाड़ीग्रन्थि पुटी,ガングリオン嚢胞
garcinia cambogia,garcinia cambogia,garcinia cambogia,غارسينيا كامبوجيا,Garcinia Cambogia,गार्सिनिया कैंबोगिया,ガルシニアカンボジア
gardnerella,gardnerella,gardnerella,غاردنريلا,Gardnerella,गर्द्नेरेल्ला,ガードネレラ
gastric bypass,bypass gástrico,phẫu thuật nối tắt dạ dày,تحويل مسار المعدة,Magenbypass,गैस्ट्रिक बाईपास,胃バイパス
gastric sleeve surgery,cirugía de manga gástrica,phẫu thuật cắt bỏ một phần dạ dày,جراحة تكميم المعدة,Schlauchmagenoperation,गैस्ट्रिक स्लीव सर्जरी,胃スリーブ手術
gastritis,gastritis,viêm dạ dày,التهاب المعدة,Gastritis,gastritis,胃炎
gastritis medicines,medicamentos para la gastritis,thuốc trị viêm dạ dày,أدوية التهاب المعدة,Medikamente gegen Gastritis,गैस्ट्राइटिस की दवाइयाँ,胃炎の薬
gastro intestinal illnesses,enfermedades gastrointestinales,bệnh lý đường tiêu hóa,أمراض الجهاز الهضمي,Magen-Darm-Erkrankungen,आंत्र संबंधी बीमारियाँ,胃腸疾患
gastrointestinal bleeding,hemorragia gastrointestinal,xuất huyết đường tiêu hóa,نزيف الجهاز الهضمي,gastrointestinale Blutungen,गैस्ट्रोइंटेस्टाइनल रक्तस्राव,消化管出血
gastroparesis,gastroparesia,liệt dạ dày,خزل المعدة,Gastroparese,gastroparesis,胃不全麻痺
gastroscopy,gastroscopia,nội soi dạ dày,التنظير المعدي,Gastroskopie,गैस्ट्रोस्कोपी,胃内視鏡検査
gender affirming surgery,cirugía de afirmación de género,phẫu thuật chuyển đổi giới tính,جراحة تأكيد الجنس,geschlechtsangleichende Operation,लिंग पुष्टि सर्जरी,性別適合手術
gender incongruence,incongruencia de género,sự không phù hợp về giới tính,عدم التوافق بين الجنسين,Geschlechtsinkongruenz,लिंग असंगति,性別不一致
general anaesthetic,anestesia general,gây mê toàn thân,التخدير العام,Vollnarkose,जनरल एनेस्थेटिक,全身麻酔
generalised anxiety disorder,trastorno de ansiedad generalizada,rối loạn lo âu lan tỏa,اضطراب القلق العام,generalisierte Angststörung,सामान्यीकृत चिंता विकार,全般性不安障害
generic vs. brand-name medicines,Medicamentos genéricos frente a medicamentos de marca,thuốc gốc so với thuốc biệt dược,الأدوية الجنيسة مقابل الأدوية ذات العلامات التجارية,Generika vs. Markenmedikamente,जेनेरिक बनाम ब्रांडेड दवाएं,ジェネリック医薬品とブランド医薬品
genetic disorders,trastornos genéticos,rối loạn di truyền,الاضطرابات الوراثية,genetische Störungen,आनुवंशिक विकार,遺伝性疾患
genetic disorders guide,guía sobre trastornos genéticos,hướng dẫn về rối loạn di truyền,دليل الاضطرابات الوراثية,Leitfaden zu genetischen Erkrankungen,आनुवंशिक विकार मार्गदर्शिका,遺伝性疾患ガイド
genetic testing,pruebas genéticas,xét nghiệm di truyền,الاختبارات الجينية,Gentests,आनुवंशिक परीक्षण,遺伝子検査
genital herpes,herpes genital,mụn rộp sinh dục,الهربس التناسلي,Genitalherpes,जननांग परिसर्प,性器ヘルペス
genital thrush in males,candidiasis genital en varones,bệnh nấm sinh dục ở nam giới,داء المبيضات التناسلي عند الذكور,Genitalpilz bei Männern,पुरुषों में जननांग थ्रश,男性の性器カンジダ症
genital warts,verrugas genitales,mụn cóc sinh dục,الثآليل التناسلية,Genitalwarzen,जननांग मस्सा,性器いぼ
geriatrician,geriatra,bác sĩ lão khoa,طبيب متخصص في طب الشيخوخة,Geriater,जराचिकित्सक,老年医学専門医
german measles,sarampión alemán,bệnh sởi Đức,الحصبة الألمانية,Röteln,जर्मन खसरा,風疹
gestational diabetes,diabetes gestacional,tiểu đường thai kỳ,سكري الحمل,Schwangerschaftsdiabetes,गर्भावस्थाजन्य मधुमेह,妊娠糖尿病
getting active,ponerse en actividad,trở nên năng động,النشاط البدني,aktiv werden,सक्रिय होना,アクティブになる
getting the most out of your pharmacist,Cómo sacar el máximo provecho de su farmacéutico,Tận dụng tối đa dịch vụ dược sĩ của bạn,تحقيق أقصى استفادة من خدمات الصيدلي,So holen Sie das Beste aus Ihrem Apotheker heraus,अपने फार्मासिस्ट से अधिकतम लाभ प्राप्त करना,薬剤師を最大限に活用する方法
ghb,ghb,ghb,غاما هيدروكسي بوتيرات,ghb,जीएचबी,ghb
giardiasis,giardiasis,bệnh giardia,داء الجيارديات,Giardiasis,गियार्डियासिस,ジアルジア症
gigantism,gigantismo,bệnh khổng lồ,العملقة,Gigantismus,gigantism,巨人症
gilbert's syndrome,síndrome de Gilbert,hội chứng Gilbert,متلازمة جيلبرت,Gilbert-Syndrom,गिल्बर्ट सिंड्रोम,ギルバート症候群
gingivitis,"formal: gingivitis | informal: enfermedad de las encías, encías inflamadas","formal: viêm nướu | informal: sưng nướu, chảy máu chân răng, bệnh về nướu","formal: التهاب اللثة | informal: مرض اللثة, لثة منتفخة, مرض في اللثة","formal: Gingivitis | informal: Zahnfleischentzündung, geschwollenes Zahnfleisch","formal: मसूड़े की सूजन | informal: मसूड़ों की बीमारी, सूजे हुए मसूड़े, मसूड़े का रोग","formal: 歯肉炎 | informal: 歯周病, 歯茎の腫れ"
giving birth - contractions,dar a luz - contracciones,sinh nở - các cơn co thắt,الولادة - الانقباضات,Geburt - Wehen,प्रसव - संकुचन,出産 - 陣痛
glandular fever,fiebre glandular,sốt tuyến,الحمى الغدية,Pfeiffersches Drüsenfieber,ग्रंथी वाला बुखार,伝染性単核球症
glaucoma,glaucoma,bệnh tăng nhãn áp,الجلوكوما,Glaukom,ग्लूकोमा,緑内障
glaucoma surgery,cirugía de glaucoma,phẫu thuật điều trị bệnh tăng nhãn áp,جراحة الجلوكوما,Glaukomoperation,ग्लूकोमा सर्जरी,緑内障手術
gliomas in children,gliomas en niños,u thần kinh đệm ở trẻ em,الأورام الدبقية عند الأطفال,Gliome bei Kindern,बच्चों में ग्लियोमा,小児の神経膠腫
glossary,glosario,bảng thuật ngữ,مسرد المصطلحات,Glossar,शब्दकोष,用語集
glue ear,oído serogénico,tai dính,التهاب الأذن الوسطى,Kleberohr,गोंद कान,耳垢栓塞
gluten-free diet,dieta sin gluten,chế độ ăn không chứa gluten,نظام غذائي خالٍ من الغلوتين,glutenfreie Ernährung,ग्लूटेन-मुक्त आहार,グルテンフリーダイエット
glycaemic index,índice glucémico,chỉ số đường huyết,مؤشر نسبة السكر في الدم,glykämischer Index,ग्लाइसेमिक सूचकांक,血糖指数
goal setting,establecimiento de objetivos,thiết lập mục tiêu,تحديد الأهداف,Zielsetzung,लक्ष्य की स्थापना,目標設定
going home from hospital,Regreso a casa desde el hospital.,xuất viện về nhà,العودة إلى المنزل من المستشفى,Entlassung aus dem Krankenhaus,अस्पताल से घर जा रहे हैं,病院から帰宅する
goitre,coto,bướu cổ,تضخم الغدة الدرقية,Kropf,गण्डमाला,甲状腺腫
gonorrhoea,gonorrea,bệnh lậu,السيلان,Tripper,सूजाक,淋病
good mental health,buena salud mental,sức khỏe tinh thần tốt,الصحة النفسية الجيدة,gute psychische Gesundheit,अच्छा मानसिक स्वास्थ्य,良好な精神状態
gord,Gord,quả bầu,جورد,Gord,गॉर्ड,ゴード
gout,gota,bệnh gout,النقرس,Gicht,गाउट,痛風
gout medication,medicamentos para la gota,thuốc trị bệnh gút,دواء النقرس,Gichtmedikamente,गाउट की दवा,痛風治療薬
gp,médico de cabecera,bác sĩ gia đình,طبيب عام,Hausarzt,जीपी,gp
gp urgent care,atención de urgencias del médico de cabecera,bác sĩ đa khoa chăm sóc khẩn cấp,رعاية طبية عاجلة من طبيب عام,Hausarzt-Notfallambulanz,सामान्य चिकित्सक आपातकालीन देखभाल,かかりつけ医の緊急診療
granuloma,granuloma,u hạt,الورم الحبيبي,Granulom,ग्रेन्युलोमा,肉芽腫
grass allergy,alergia al césped,dị ứng cỏ,حساسية العشب,Gräserallergie,घास से एलर्जी,草アレルギー
graves' disease,enfermedad de Graves,bệnh Graves,مرض جريفز,Morbus Basedow,कब्र रोग,バセドウ病
grazes,pastorea,chăn thả,الرعي,Weiden,चराता,かじりつく
greater trochanteric pain syndrome,síndrome de dolor trocantérico mayor,hội chứng đau mấu chuyển lớn,متلازمة ألم المدور الكبير,Schmerzsyndrom des Trochanter major,ग्रेटर ट्रोकेन्टेरिक दर्द सिंड्रोम,大転子痛症候群
grief,dolor,nỗi đau buồn,حزن,Kummer,दु: ख,悲しみ
grief before death,duelo antes de la muerte,nỗi đau buồn trước khi chết,الحزن قبل الموت,Trauer vor dem Tod,मृत्यु से पहले का शोक,死に先立つ悲しみ
groin irritation and infection,Irritación e infección en la ingle,kích ứng và nhiễm trùng vùng bẹn,تهيج والتهاب منطقة الفخذ,Reizung und Infektion im Leistenbereich,जांघों में जलन और संक्रमण,鼠径部の炎症と感染症
groin pain or swelling,dolor o hinchazón en la ingle,Đau hoặc sưng háng,ألم أو تورم في منطقة الفخذ,Schmerzen oder Schwellung in der Leistengegend,कमर में दर्द या सूजन,鼠径部の痛みまたは腫れ
grommets,ojales,khoen,حلقات تثبيت,Ösen,ग्रोमेट्स,ハトメ
group a streptococcal infection,infección estreptocócica del grupo A,nhiễm trùng liên cầu khuẩn nhóm A,عدوى المكورات العقدية من المجموعة أ,Gruppe-A-Streptokokkeninfektion,समूह ए स्ट्रेप्टोकोकल संक्रमण,A群連鎖球菌感染症
group b streptococcal infection,infección por estreptococo del grupo B,nhiễm trùng liên cầu khuẩn nhóm B,عدوى المكورات العقدية من المجموعة ب,Infektion mit Streptokokken der Gruppe B,समूह बी स्ट्रेप्टोकोकल संक्रमण,B群連鎖球菌感染症
group exercise,ejercicio en grupo,bài tập nhóm,تمرين جماعي,Gruppenübung,समूह अभ्यास,グループエクササイズ
growth disorders,trastornos del crecimiento,rối loạn tăng trưởng,اضطرابات النمو,Wachstumsstörungen,विकास संबंधी विकार,成長障害
guide dogs,perros guía,chó dẫn đường,كلاب الإرشاد,Blindenhunde,गाइड कुत्तों,盲導犬
guide to cosmetic surgery,Guía de cirugía estética,hướng dẫn về phẫu thuật thẩm mỹ,دليل جراحة التجميل,Leitfaden zur Schönheitschirurgie,कॉस्मेटिक सर्जरी के लिए गाइड,美容整形ガイド
guide to dental procedures,guía de procedimientos dentales,hướng dẫn về các thủ thuật nha khoa,دليل إجراءات طب الأسنان,Leitfaden zu zahnärztlichen Eingriffen,दंत चिकित्सा प्रक्रियाओं के लिए मार्गदर्शिका,歯科処置ガイド
guillain-barre syndrome,síndrome de Guillain-Barré,hội chứng Guillain-Barré,متلازمة غيلان باريه,Guillain-Barré-Syndrom,गिलियन-बैरे सिंड्रोम,ギランバレー症候群
gut health,salud intestinal,sức khỏe đường ruột,صحة الأمعاء,Darmgesundheit,आंतों का स्वास्थ्य,腸内環境
gut pain,dolor de estómago,đau bụng,ألم في المعدة,Bauchschmerzen,पेट में दर्द,腹痛
gynaecologist,ginecólogo,bác sĩ phụ khoa,طبيب نسائي,Gynäkologe,प्रसूतिशास्री,婦人科医
gynaecomastia,ginecomastia,chứng vú to ở nam giới,التثدي,Gynäkomastie,गाइनेकोमैस्टिया,女性化乳房
gynaecomastia surgery,cirugía de ginecomastia,phẫu thuật điều trị chứng vú to ở nam giới,جراحة التثدي,Gynäkomastie-Operation,गाइनेकोमास्टिया सर्जरी,女性化乳房手術
haemochromatosis,hemocromatosis,bệnh nhiễm sắc tố sắt,داء ترسب الأصبغة الدموية,Hämochromatose,हीमोक्रोमैटोसिस,ヘモクロマトーシス
haemolytic uraemic syndrome,síndrome urémico hemolítico,hội chứng tan máu urê huyết,متلازمة انحلال الدم اليوريمي,hämolytisch-urämisches Syndrom,हीमोलिटिक यूरेमिक सिंड्रोम,溶血性尿毒症症候群
haemophilia,hemofilia,bệnh máu khó đông,الهيموفيليا,Hämophilie,हीमोफीलिया,血友病
haemophilus influenzae type b,Haemophilus influenzae tipo b,Haemophilus influenzae loại b,المستدمية النزلية من النوع ب,Haemophilus influenzae Typ b,हीमोफिलस इन्फ्लुएंजा टाइप बी,インフルエンザ菌b型
haemoptysis,hemoptisis,ho ra máu,نفث الدم,Hämoptyse,हेमोटाईसिस,喀血
haemorrhoidectomy,hemorroidectomía,phẫu thuật cắt bỏ trĩ,استئصال البواسير,Hämorrhoidektomie,बवासीर का ऑपरेशन,痔核切除術
haemorrhoids,hemorroides,bệnh trĩ,البواسير,Hämorrhoiden,अर्श,痔
hair problems,problemas capilares,các vấn đề về tóc,مشاكل الشعر,Haarprobleme,बालों की समस्याएं,髪の悩み
hair transplant,trasplante de cabello,cấy ghép tóc,زراعة الشعر,Haartransplantation,बाल प्रत्यारोपण,植毛
hairloss,pérdida de cabello,rụng tóc,تساقط الشعر,Haarausfall,बालों का झड़ना,脱毛
halitosis,halitosis,hôi miệng,رائحة الفم الكريهة,Mundgeruch,मुंह से दुर्गंध,口臭
hallucination,alucinación,ảo giác,هلوسة,Halluzination,माया,幻覚
hand and finger fractures,fracturas de manos y dedos,gãy xương bàn tay và ngón tay,كسور في اليد والأصابع,Hand- und Fingerfrakturen,हाथ और उंगलियों में फ्रैक्चर,手と指の骨折
hand foot and mouth disease,"enfermedad de manos, pies y boca",bệnh tay chân miệng,مرض اليد والقدم والفم,Hand-Fuß-Mund-Krankheit,हाथ पैर और मुंह की बीमारी,手足口病
hand washing,lavarse las manos,rửa tay,غسل اليدين,Händewaschen,हाथ धोना,手洗い
hansen’s disease,enfermedad de Hansen,bệnh phong,مرض هانسن,Hansen-Krankheit,हैनसेन रोग,ハンセン病
hashimoto's disease,enfermedad de Hashimoto,bệnh Hashimoto,مرض هاشيموتو,Hashimoto-Krankheit,हाशिमोटो रोग,橋本病
hba1c test,prueba de hbA1c,xét nghiệm hba1c,اختبار الهيموجلوبين السكري (HbA1c),HbA1c-Test,एचबीए1सी परीक्षण,HbA1c検査
hcg levels,niveles de hCG,nồng độ hCG,مستويات هرمون الحمل,hCG-Spiegel,एचसीजी स्तर,hCGレベル
hcg test,prueba de hCG,xét nghiệm hCG,اختبار هرمون الحمل,hCG-Test,एचसीजी परीक्षण,hCG検査
head injuries,lesiones en la cabeza,chấn thương đầu,إصابات الرأس,Kopfverletzungen,सिर की चोटें,頭部外傷
head lice,piojos,chấy trên đầu,قمل الرأس,Kopfläuse,सिर की जूं,アタマジラミ
headaches,dolores de cabeza,đau đầu,الصداع,Kopfschmerzen,सिर दर्द,頭痛
health checks,controles de salud,kiểm tra sức khỏe,الفحوصات الصحية,Gesundheitschecks,स्वास्थ्य जांच,健康診断
health checks for women,revisiones médicas para mujeres,khám sức khỏe cho phụ nữ,الفحوصات الصحية للنساء,Gesundheitschecks für Frauen,महिलाओं के लिए स्वास्थ्य जांच,女性のための健康診断
health insurance,seguro médico,bảo hiểm y tế,التأمين الصحي,Krankenversicherung,स्वास्थ्य बीमा,健康保険
health problems present from birth,problemas de salud presentes desde el nacimiento,các vấn đề sức khỏe xuất hiện từ khi sinh ra,مشاكل صحية موجودة منذ الولادة,"Gesundheitliche Probleme, die von Geburt an vorhanden sind",जन्म से मौजूद स्वास्थ्य समस्याएं,出生時から存在する健康問題
health risks after a cyclone or flood,riesgos para la salud después de un ciclón o inundación,rủi ro về sức khỏe sau bão hoặc lũ lụt,المخاطر الصحية بعد الإعصار أو الفيضان,Gesundheitsrisiken nach einem Zyklon oder einer Überschwemmung,चक्रवात या बाढ़ के बाद स्वास्थ्य संबंधी जोखिम,サイクロンや洪水後の健康リスク
healthcare,cuidado de la salud,chăm sóc sức khỏe,الرعاية الصحية,Gesundheitspflege,स्वास्थ्य देखभाल,健康管理
healthcare professionals,profesionales de la salud,các chuyên gia chăm sóc sức khỏe,متخصصو الرعاية الصحية,Fachkräfte im Gesundheitswesen,स्वास्थ्य देखभाल पेशे,医療従事者
healthcare rights,derechos de atención médica,quyền chăm sóc sức khỏe,حقوق الرعاية الصحية,Gesundheitsrechte,स्वास्थ्य देखभाल अधिकार,医療を受ける権利
healthcare services,servicios de atención médica,dịch vụ chăm sóc sức khỏe,خدمات الرعاية الصحية,Gesundheitsdienstleistungen,स्वास्थ्य सेवाएँ,医療サービス
healthy and active children,niños sanos y activos,trẻ em khỏe mạnh và năng động,أطفال أصحاء ونشطون,gesunde und aktive Kinder,स्वस्थ और सक्रिय बच्चे,健康で活発な子供たち
healthy blood pressure,presión arterial saludable,huyết áp khỏe mạnh,ضغط دم صحي,gesunder Blutdruck,स्वस्थ रक्तचाप,健康な血圧
healthy bones,huesos sanos,xương chắc khỏe,عظام صحية,gesunde Knochen,स्वस्थ हड्डियाँ,健康な骨
healthy eating,alimentación saludable,ăn uống lành mạnh,تناول طعام صحي,gesunde Ernährung,पौष्टिक भोजन,健康的な食事
healthy eating for children,alimentación saludable para niños,chế độ ăn uống lành mạnh cho trẻ em,التغذية الصحية للأطفال,gesunde Ernährung für Kinder,बच्चों के लिए स्वस्थ आहार,子供のための健康的な食事
healthy food swaps,sustituciones de alimentos saludables,những lựa chọn thay thế thực phẩm lành mạnh,بدائل غذائية صحية,gesunde Lebensmittelalternativen,स्वस्थ खाद्य पदार्थों के विकल्प,健康的な食品への置き換え
healthy habits,hábitos saludables,thói quen lành mạnh,عادات صحية,gesunde Gewohnheiten,स्वस्थ आदते,健康的な習慣
healthy heart diet,dieta saludable para el corazón,chế độ ăn tốt cho tim mạch,نظام غذائي صحي للقلب,herzgesunde Ernährung,स्वस्थ हृदय आहार,心臓の健康に良い食事
healthy holiday tips,Consejos para unas vacaciones saludables,mẹo nghỉ lễ lành mạnh,نصائح صحية لقضاء العطلات,Tipps für einen gesunden Urlaub,स्वस्थ छुट्टियों के लिए सुझाव,健康的な休暇のヒント
healthy lifestyle,estilo de vida saludable,lối sống lành mạnh,نمط حياة صحي,gesunder Lebensstil,स्वस्थ जीवन शैली,健康的なライフスタイル
hearing aids,audífonos,máy trợ thính,أجهزة السمع,Hörgeräte,कान की मशीन,補聴器
hearing loss,pérdida de audición,mất thính lực,فقدان السمع,Hörverlust,बहरापन,難聴
hearing tests,pruebas de audición,kiểm tra thính lực,اختبارات السمع,Hörtests,श्रवण परीक्षण,聴力検査
heart,corazón,trái tim,قلب,Herz,दिल,心臓
heart and cardiovascular conditions,afecciones cardíacas y cardiovasculares,bệnh tim và các bệnh lý tim mạch,أمراض القلب والأوعية الدموية,Herz- und Kreislauferkrankungen,हृदय और हृदय संबंधी स्थितियां,心臓および循環器系の疾患
heart attack symptoms - differences in males and females,Síntomas de un ataque cardíaco: diferencias entre hombres y mujeres,Triệu chứng đau tim - sự khác biệt giữa nam và nữ,أعراض النوبة القلبية - الاختلافات بين الذكور والإناث,Herzinfarktsymptome – Unterschiede zwischen Männern und Frauen,दिल के दौरे के लक्षण - पुरुषों और महिलाओं में अंतर,心臓発作の症状 ― 男女間の違い
heart failure,insuficiencia cardiaca,suy tim,سكتة قلبية,Herzinsuffizienz,दिल की धड़कन रुकना,心不全
heart murmur,soplo cardíaco,tiếng thổi tim,نفخة قلبية,Herzgeräusch,दिल की असामान्य ध्वनि,心雑音
heart palpitations,palpitaciones cardíacas,tim đập nhanh,خفقان القلب,Herzklopfen,हृदय की धड़कन,動悸
heart surgery,cirugía cardíaca,phẫu thuật tim,جراحة القلب,Herzoperation,ह्रदय शल्य चिकित्सा,心臓手術
heart transplants,trasplantes de corazón,ghép tim,عمليات زرع القلب,Herztransplantationen,हृदय प्रत्यारोपण,心臓移植
heart valve disease,enfermedad de las válvulas cardíacas,bệnh van tim,مرض صمامات القلب,Herzklappenerkrankung,हृदय वाल्व रोग,心臓弁膜症
heat rash,sarpullido por calor,phát ban do nhiệt,طفح حراري,Hitzepickel,गर्मी से होने वाले दाने,あせも
heat related illness,enfermedades relacionadas con el calor,bệnh liên quan đến nhiệt,الأمراض ذات الصلة,hitzebedingte Erkrankungen,गर्मी से संबंधित बीमारी,熱中症
heat stroke,golpe de calor,say nắng,ضربة الشمس,Hitzschlag,लू लगना,熱中症
heater safety,seguridad del calentador,an toàn máy sưởi,سلامة المدفأة,Heizgerätesicherheit,हीटर की सुरक्षा,ヒーターの安全性
heatstroke,insolación,say nắng,ضربة شمس,Hitzschlag,लू लगना,熱中症
heatwaves,olas de calor,sóng nhiệt,موجات الحر,Hitzewellen,गर्म तरंगें,熱波
heavy periods,períodos abundantes,kinh nguyệt nhiều,غزارة الدورة الشهرية,starke Perioden,भारी मासिक धर्म,生理が重い
heel pain,dolor de talón,đau gót chân,ألم في الكعب,Fersenschmerzen,एडी का दर्द,かかとの痛み
helicobacter pylori,Helicobacter pylori,vi khuẩn Helicobacter pylori,جرثومة الملوية البوابية,Helicobacter pylori,हैलीकॉप्टर पायलॉरी,ヘリコバクター・ピロリ
help to remain living at home if you have a chronic disease or serious illness,Ayuda para seguir viviendo en casa si tienes una enfermedad crónica o una enfermedad grave.,hỗ trợ để bạn có thể tiếp tục sống tại nhà nếu bạn mắc bệnh mãn tính hoặc bệnh nặng.,المساعدة على البقاء في المنزل إذا كنت تعاني من مرض مزمن أو مرض خطير,"Hilfe, um auch bei chronischen oder schweren Erkrankungen weiterhin zu Hause leben zu können",यदि आपको कोई दीर्घकालिक बीमारी या गंभीर रोग है तो घर पर ही रहने में सहायता प्राप्त करें,慢性疾患や重篤な病気を抱えている場合でも、自宅で生活を続けられるように支援します。
hemicolectomy,hemicolectomía,cắt bỏ một phần đại tràng,استئصال نصف القولون,Hemikolektomie,हेमिकोलेक्टोमी,半結腸切除術
hepatitis,hepatitis,viêm gan,التهاب الكبد,Hepatitis,हेपेटाइटिस,肝炎
hepatitis a,hepatitis a,viêm gan A,التهاب الكبد أ,Hepatitis A,हेपेटाइटिस ए,A型肝炎
hepatitis b,hepatitis B,viêm gan B,التهاب الكبد ب,Hepatitis B,हेपेटाइटिस बी,B型肝炎
hepatitis c,hepatitis C,viêm gan c,التهاب الكبد ج,Hepatitis C,हेपेटाइटिस सी,C型肝炎
hereditary non-polyposis colorectal cancer,cáncer colorrectal hereditario no polipósico,ung thư đại trực tràng không polyp di truyền,سرطان القولون والمستقيم الوراثي غير السلائلي,hereditärer nicht-polypöser Darmkrebs,वंशानुगत नॉन-पॉलीपोसिस कोलोरेक्टल कैंसर,遺伝性非ポリポーシス大腸がん
hernias,hernias,thoát vị,الفتق,Hernien,हर्निया,ヘルニア
heroin,heroína,heroin,الهيروين,Heroin,हेरोइन,ヘロイン
herpes,herpes,herpes,الهربس,Herpes,हरपीज,ヘルペス
herpes zoster,herpes zóster,bệnh zona,الهربس النطاقي,Gürtelrose,दाद छाजन,帯状疱疹
herpesvirus infections,infecciones por herpesvirus,nhiễm virus herpes,عدوى فيروس الهربس,Herpesvirusinfektionen,हर्पीसवायरस संक्रमण,ヘルペスウイルス感染症
hiatus hernia,hernia hiatal,thoát vị hoành,فتق الحجاب الحاجز,Hiatushernie,हाइएटस हर्निया,食道裂孔ヘルニア
hiccups,hipo,nấc cụt,الفواق,Schluckauf,हिचकी,しゃっくり
hidden body fat,grasa corporal oculta,mỡ cơ thể ẩn,دهون الجسم الخفية,verstecktes Körperfett,शरीर में छिपी हुई चर्बी,隠れた体脂肪
high blood sugar,nivel alto de azúcar en sangre,đường huyết cao,ارتفاع نسبة السكر في الدم,hoher Blutzucker,उच्च रक्त शर्करा,高血糖
hip dysplasia,displasia de cadera,loạn sản khớp háng,خلل التنسج الوركي,Hüftdysplasie,कूल्हे की विकृति,股関節形成不全
hip pain,dolor de cadera,đau hông,ألم في الورك,Hüftschmerzen,कूल्हे का दर्द,股関節痛
hip replacement,reemplazo de cadera,thay khớp háng,استبدال مفصل الورك,Hüftprothese,कूल्हे का प्रतिस्थापन,股関節置換術
histrionic personality disorder,trastorno de personalidad histriónica,rối loạn nhân cách kịch tính,اضطراب الشخصية الهستيرية,histrionische Persönlichkeitsstörung,हिस्ट्रियोनिक व्यक्तित्व विकार,演技性人格障害
hiv and aids medicines,medicamentos contra el VIH y el SIDA,thuốc điều trị HIV và AIDS,أدوية فيروس نقص المناعة البشرية والإيدز,HIV- und AIDS-Medikamente,एचआईवी और एड्स की दवाएं,HIVおよびエイズ治療薬
hiv infection and aids,infección por VIH y SIDA,nhiễm HIV và AIDS,عدوى فيروس نقص المناعة البشرية والإيدز,HIV-Infektion und AIDS,एचआईवी संक्रमण और एड्स,HIV感染とエイズ
hmpv,hmpv,hmpv,فيروس نخر الدم البشري,hmpv,एचएमपीवी,hmpv
hoarding disorder,trastorno de acumulación,rối loạn tích trữ,اضطراب الاكتناز,Hortstörung,जमाखोरी विकार,ため込み症
hodgkin lymphoma,linfoma de Hodgkin,u lympho Hodgkin,لمفوما هودجكين,Hodgkin-Lymphom,हॉजकिन लिंफोमा,ホジキンリンパ腫
holiday health,salud durante las vacaciones,sức khỏe kỳ nghỉ,صحة العطلات,Urlaub Gesundheit,छुट्टी स्वास्थ्य,休暇中の健康
home medicines review,Revisión de medicamentos caseros,đánh giá thuốc tại nhà,مراجعة الأدوية المنزلية,Hausmittel-Überprüfung,घरेलू दवाओं की समीक्षा,家庭での薬のレビュー
homeopathy,homeopatía,liệu pháp vi lượng đồng căn,المعالجة المثلية,Homöopathie,होम्योपैथी,ホメオパシー
honey bee stings,picaduras de abejas,vết ong mật đốt,لسعات نحل العسل,Bienenstiche,मधुमक्खी के डंक,ミツバチの毒針
hormonal contraceptives and periods,anticonceptivos hormonales y menstruación,thuốc tránh thai nội tiết tố và kinh nguyệt,وسائل منع الحمل الهرمونية والدورة الشهرية,hormonelle Verhütungsmittel und Menstruation,हार्मोनल गर्भनिरोधक और मासिक धर्म,ホルモン避妊薬と生理
hormonal system,sistema hormonal,hệ thống nội tiết tố,النظام الهرموني,Hormonsystem,हार्मोनल प्रणाली,ホルモン系
hormone medications,medicamentos hormonales,thuốc nội tiết tố,الأدوية الهرمونية,Hormonpräparate,हार्मोन दवाएँ,ホルモン剤
hormone replacement therapy,terapia de reemplazo hormonal,liệu pháp thay thế hormone,العلاج الهرموني البديل,Hormonersatztherapie,हार्मोन प्रतिस्थापन चिकित्सा,ホルモン補充療法
hormones,hormonas,hormone,الهرمونات,Hormone,हार्मोन,ホルモン
hospital - public and private systems,Hospital: sistemas públicos y privados,bệnh viện - hệ thống công lập và tư nhân,المستشفيات - الأنظمة العامة والخاصة,Krankenhaus – öffentliche und private Systeme,अस्पताल - सार्वजनिक और निजी प्रणालियाँ,病院 - 公立および私立システム
hostel care,cuidado en el albergue,chăm sóc ký túc xá,رعاية النزل,Hostelbetreuung,छात्रावास देखभाल,ホステルケア
hot flushes,sofocos,cơn bốc hỏa,الهبات الساخنة,Hitzewallungen,गर्म चमक,ホットフラッシュ
hot flushes due to menopause,sofocos debido a la menopausia,cơn bốc hỏa do mãn kinh,الهبات الساخنة الناتجة عن انقطاع الطمث,Hitzewallungen aufgrund der Wechseljahre,रजोनिवृत्ति के कारण होने वाली गर्म लहरें,更年期によるほてり
hot weather,clima cálido,thời tiết nóng,الطقس الحار,heißes Wetter,गर्म मौसम,暑い天気
how alcohol affects your health,cómo afecta el alcohol a tu salud,Tác hại của rượu đối với sức khỏe,كيف يؤثر الكحول على صحتك,wie Alkohol Ihre Gesundheit beeinflusst,शराब आपके स्वास्थ्य को कैसे प्रभावित करती है,アルコールが健康に及ぼす影響
how do i pay for healthcare?,¿Cómo pago la atención médica?,Tôi thanh toán chi phí chăm sóc sức khỏe bằng cách nào?,كيف أدفع تكاليف الرعاية الصحية؟,Wie bezahle ich meine Gesundheitsversorgung?,मैं स्वास्थ्य सेवा के लिए भुगतान कैसे करूँ?,医療費はどのように支払えばいいですか？
how does adoption work?,¿Cómo funciona la adopción?,Quá trình nhận con nuôi diễn ra như thế nào?,كيف تتم عملية التبني؟,Wie funktioniert Adoption?,गोद लेने की प्रक्रिया कैसे काम करती है?,養子縁組はどのように行われるのですか？
how to deal with natural disasters,Cómo afrontar los desastres naturales,Cách đối phó với thiên tai,كيفية التعامل مع الكوارث الطبيعية,Wie man mit Naturkatastrophen umgeht,प्राकृतिक आपदाओं से कैसे निपटा जाए,自然災害への対処法
how to find the right health professional,cómo encontrar al profesional de la salud adecuado,Làm thế nào để tìm được chuyên gia y tế phù hợp?,كيفية العثور على أخصائي الرعاية الصحية المناسب,Wie man den richtigen Gesundheitsexperten findet,सही स्वास्थ्य पेशेवर को कैसे खोजें,適切な医療専門家を見つける方法
how to help someone who is misusing drugs or alcohol,Cómo ayudar a alguien que está abusando de las drogas o el alcohol.,Làm thế nào để giúp đỡ người đang lạm dụng ma túy hoặc rượu?,كيفية مساعدة شخص يسيء استخدام المخدرات أو الكحول,"Wie man jemandem helfen kann, der Drogen oder Alkohol missbraucht","जो व्यक्ति मादक पदार्थों या शराब का दुरुपयोग कर रहा है, उसकी मदद कैसे करें",薬物やアルコールを乱用している人を助ける方法
how to improve your posture,cómo mejorar tu postura,cách cải thiện tư thế của bạn,كيفية تحسين وضعية جسمك,Wie Sie Ihre Körperhaltung verbessern können,अपनी शारीरिक मुद्रा को कैसे सुधारें,姿勢を改善する方法
how to perform cpr,cómo realizar RCP,cách thực hiện hô hấp nhân tạo,كيفية إجراء الإنعاش القلبي الرئوي,Wie führt man eine Herz-Lungen-Wiederbelebung durch?,सीपीआर कैसे करें,心肺蘇生法の実施方法
how to read food labels,Cómo leer las etiquetas de los alimentos,Cách đọc nhãn thực phẩm,كيفية قراءة ملصقات الطعام,Wie man Lebensmitteletiketten liest,खाद्य पदार्थों के लेबल कैसे पढ़ें,食品ラベルの読み方
how to stop snoring,Cómo dejar de roncar,cách để ngừng ngáy,كيفية التوقف عن الشخير,Wie man mit dem Schnarchen aufhört,खर्राटे कैसे रोकें,いびきを止める方法
how to talk about your mental health concerns,Cómo hablar sobre tus preocupaciones de salud mental,Cách nói về những vấn đề sức khỏe tâm thần của bạn,كيفية التحدث عن مخاوفك المتعلقة بالصحة النفسية,Wie Sie über Ihre psychischen Gesundheitsprobleme sprechen können,अपनी मानसिक स्वास्थ्य संबंधी चिंताओं के बारे में कैसे बात करें,メンタルヘルスの悩みについて話す方法
how to use an inhaler device,Cómo usar un dispositivo inhalador,Cách sử dụng thiết bị hít thuốc,كيفية استخدام جهاز الاستنشاق,wie man ein Inhalationsgerät benutzt,इनहेलर डिवाइस का उपयोग कैसे करें,吸入器の使い方
hpv test,prueba de VPH,xét nghiệm HPV,اختبار فيروس الورم الحليمي البشري,HPV-Test,एचपीवी परीक्षण,HPV検査
hpv vaccine,vacuna contra el VPH,vắc-xin HPV,لقاح فيروس الورم الحليمي البشري,HPV-Impfstoff,एचपीवी वैक्सीन,HPVワクチン
htlv-1 infection,infección por HTLV-1,nhiễm trùng htlv-1,عدوى فيروس HTLV-1,HTLV-1-Infektion,एचटीएलवी-1 संक्रमण,HTLV-1感染
human bites,mordeduras humanas,vết cắn của con người,عضات بشرية,menschliche Bisse,मानव काटने,人間の咬傷
human chorionic gonadotropin test,prueba de gonadotropina coriónica humana,xét nghiệm gonadotropin màng đệm ở người,اختبار موجهة الغدد التناسلية المشيمية البشرية,Test auf humanes Choriongonadotropin,मानव कोरियोनिक गोनाडोट्रोपिन परीक्षण,ヒト絨毛性ゴナドトロピン検査
human growth hormone,hormona del crecimiento humana,hormone tăng trưởng của con người,هرمون النمو البشري,menschliches Wachstumshormon,मानव विकास हार्मोन,ヒト成長ホルモン
human metapneumovirus,metapneumovirus humano,virus metapneumovirus ở người,فيروس ميتابنوموفيروس البشري,humanes Metapneumovirus,मानव मेटापneumovirus,ヒトメタニューモウイルス
human papilloma virus,virus del papiloma humano,virus u nhú ở người,فيروس الورم الحليمي البشري,Humane Papillomviren,मानव पैपिलोमा वायरस,ヒトパピローマウイルス
human parainfluenza viruses,virus de la parainfluenza humana,virus cúm á ở người,فيروسات نظير الإنفلونزا البشرية,humane Parainfluenzaviren,मानव पैराइन्फ्लुएंजा वायरस,ヒトパラインフルエンザウイルス
huntington’s disease,enfermedad de Huntington,bệnh Huntington,مرض هنتنغتون,Huntington-Krankheit,हंटिंगटन रोग,ハンチントン病
hurting yourself,hacerte daño a ti mismo,tự làm tổn thương bản thân,إيذاء النفس,sich selbst verletzen,खुद को चोट पहुँचाना,自分を傷つける
hydration tips for children,Consejos de hidratación para niños,lời khuyên về việc bổ sung nước cho trẻ em,نصائح لترطيب الأطفال,Trinktipps für Kinder,बच्चों के लिए हाइड्रेशन संबंधी सुझाव,子供のための水分補給のヒント
hydrocele repair,reparación de hidrocele,phẫu thuật điều trị tràn dịch màng tinh hoàn,إصلاح القيلة المائية,Hydrozelenreparatur,हाइड्रोसील की मरम्मत,陰嚢水腫の修復
hydrocephalus,hidrocefalia,não úng thủy,استسقاء الرأس,Hydrozephalus,हाइड्रोसेफालस,水頭症
hydromorphone,hidromorfona,hydromorphone,هيدرومورفون,Hydromorphon,हाइड्रोमोर्फोन,ヒドロモルホン
hygiene for children,higiene para niños,vệ sinh cho trẻ em,النظافة الشخصية للأطفال,Hygiene für Kinder,बच्चों के लिए स्वच्छता,子供の衛生
hyperglycaemia,hiperglucemia,tăng đường huyết,ارتفاع سكر الدم,Hyperglykämie,हाइपरग्लाइसेमिया,高血糖
hyperhidrosis,"formal: hiperhidrosis | informal: sudoración excesiva, manos sudorosas","formal: tăng tiết mồ hôi | informal: đổ mồ hôi nhiều, mồ hôi trộm, đổ mồ hôi quá nhiều","formal: فرط التعرق | informal: تعرق مفرط, تعرق اليدين, التعرق المفرط","formal: Hyperhidrose | informal: übermäßiges Schwitzen, schwitzige Hände","formal: अतिस्वेद | informal: बहुत अधिक पसीना आना, पसीने से तर हाथ, अत्यधिक पसीना आना","formal: 多汗症 | informal: 異常な発汗, 手汗, 過剰な発汗"
hyperopia,hipermetropía,viễn thị,مدّ البصر,Weitsichtigkeit,पास का साफ़-साफ़ न दिखना,遠視
hypertension,"formal: hipertensión | informal: presión alta, hipertensión",formal: cao huyết áp | informal: huyết áp cao,formal: ارتفاع ضغط الدم | informal: ضغط دم مرتفع,formal: Hypertonie | informal: Bluthochdruck,"formal: उच्च रक्तचाप | informal: हाई ब्लड प्रेशर, उच्च रक्तचाप","formal: 高血圧 | informal: 血圧が高いこと, 高血圧"
hyperthyroidism,hipertiroidismo,cường giáp,فرط نشاط الغدة الدرقية,Hyperthyreose,हाइपरथायरायडिज्म,甲状腺機能亢進症
hypochondria,hipocondría,bệnh tưởng tượng,منطقة تحت الضلوع,Hypochondrie,रोगभ्रम,心気症
hypoglycaemia,hipoglucemia,hạ đường huyết,نقص سكر الدم,Hypoglykämie,रक्त ग्लूकोस,低血糖症
hypotension,"formal: hipotensión | informal: presión baja, presión arterial baja",formal: huyết áp thấp | informal: huyết áp thấp,"formal: انخفاض ضغط الدم | informal: ضغط دم منخفض, انخفاض ضغط الدم",formal: Hypotonie | informal: niedriger Blutdruck,"formal: निम्न रक्तचाप | informal: लो ब्लड प्रेशर, कम रक्तचाप","formal: 低血圧 | informal: 血圧が低いこと, 低血圧"
hypothermia,hipotermia,hạ thân nhiệt,انخفاض حرارة الجسم,Unterkühlung,हाइपोथर्मिया,低体温症
hypothyroidism,hipotiroidismo,suy giáp,قصور الغدة الدرقية,Hypothyreose,हाइपोथायरायडिज्म,甲状腺機能低下症
hysterectomy,histerectomía,cắt bỏ tử cung,استئصال الرحم,Hysterektomie,गर्भाशय,子宮摘出術
hysteroscopic endometrial ablation,ablación endometrial histeroscópica,cắt bỏ nội mạc tử cung bằng nội soi,استئصال بطانة الرحم بالمنظار الرحمي,hysteroskopische Endometriumablation,हिस्टेरोस्कोपिक एंडोमेट्रियल एब्लेशन,子宮鏡下子宮内膜アブレーション
hysteroscopy,histeroscopia,nội soi tử cung,تنظير الرحم,Hysteroskopie,गर्भाशयदर्शन,子宮鏡検査
ibs,SII,IBS,متلازمة القولون المتهيّج,IBS,IBS,IBS
ibuprofen,ibuprofeno,ibuprofen,ايبوبروفين,Ibuprofen,आइबुप्रोफ़ेन,イブプロフェン
ice,hielo,đá,ثلج,Eis,बर्फ़,氷
illicit drug use,consumo de drogas ilícitas,sử dụng ma túy bất hợp pháp,تعاطي المخدرات غير المشروعة,illegaler Drogenkonsum,अवैध मादक पदार्थों का सेवन,違法薬物の使用
imaging-assisted wide local excision,escisión local amplia asistida por imágenes,cắt bỏ rộng cục bộ có hỗ trợ hình ảnh,الاستئصال الموضعي الواسع بمساعدة التصوير,"Bildgebungsgestützte, großflächige lokale Exzision",इमेजिंग-सहायता प्राप्त व्यापक स्थानीय निष्कासन,画像誘導下広範囲局所切除術
immune system,sistema inmunitario,hệ miễn dịch,الجهاز المناعي,Immunsystem,प्रतिरक्षा तंत्र,免疫系
immunisation,inmunización,tiêm chủng,التطعيم,Immunisierung,प्रतिरक्षण,免疫
immunisation or vaccination - what's the difference?,Inmunización o vacunación: ¿cuál es la diferencia?,Tiêm chủng hay vaccine - sự khác biệt là gì?,التحصين أو التطعيم - ما الفرق؟,Immunisierung oder Impfung – worin besteht der Unterschied?,टीकाकरण और प्रतिरक्षण - इनमें क्या अंतर है?,予防接種とワクチン接種の違いは何ですか？
immunisation side effects,efectos secundarios de la inmunización,tác dụng phụ của tiêm chủng,الآثار الجانبية للتطعيم,Nebenwirkungen der Impfung,टीकाकरण के दुष्प्रभाव,予防接種の副作用
immunisations and vaccinations,inmunizaciones y vacunas,tiêm chủng và phòng ngừa bệnh tật,التحصينات والتطعيمات,Immunisierungen und Impfungen,टीकाकरण और प्रतिरक्षण,予防接種とワクチン接種
immunisations for travel,vacunas para viajar,tiêm phòng khi đi du lịch,التطعيمات اللازمة للسفر,Impfungen für die Reise,यात्रा के लिए टीकाकरण,旅行のための予防接種
impetigo,impétigo,chốc lở,القوباء,Impetigo,रोड़ा,膿痂疹
implantable cardioverter defibrillators,desfibriladores cardioversores implantables,máy khử rung tim cấy ghép,أجهزة تقويم نظم القلب القابلة للزرع,implantierbare Kardioverter-Defibrillatoren,प्रत्यारोपण योग्य कार्डियोवर्टर डिफिब्रिलेटर,植込み型除細動器
improve your sleep,mejora tu sueño,cải thiện giấc ngủ của bạn,حسّن نومك,Verbessern Sie Ihren Schlaf,अपनी नींद में सुधार करें,睡眠の質を改善する
incontinence,incontinencia,tiểu không tự chủ,سلس البول,Inkontinenz,असंयम,失禁
incontinence – an overview,Incontinencia: una visión general,chứng tiểu không tự chủ – tổng quan,سلس البول - نظرة عامة,Inkontinenz – ein Überblick,असंयम – एक अवलोकन,尿失禁の概要
indigenous australians and social and emotional wellbeing,Los indígenas australianos y su bienestar social y emocional,người Úc bản địa và sức khỏe tinh thần và cảm xúc,السكان الأصليون الأستراليون والرفاه الاجتماعي والعاطفي,Indigene Australier und soziales und emotionales Wohlbefinden,स्वदेशी ऑस्ट्रेलियाई और सामाजिक एवं भावनात्मक कल्याण,オーストラリア先住民と社会的・感情的幸福
indigenous health,salud indígena,sức khỏe bản địa,صحة السكان الأصليين,indigene Gesundheit,स्वदेशी स्वास्थ्य,先住民の健康
infants,bebés,trẻ sơ sinh,الرضع,Säuglinge,शिशुओं,乳児
infectious diseases,enfermedades infecciosas,bệnh truyền nhiễm,الأمراض المعدية,Infektionskrankheiten,संक्रामक रोग,感染症
infectious mononucleosis,mononucleosis infecciosa,bệnh tăng bạch cầu đơn nhân nhiễm trùng,داء كثرة الوحيدات العدوائية,infektiöse Mononukleose,संक्रामक मोनोन्यूक्लियोसिस,伝染性単核球症
infertility,esterilidad,vô sinh,العقم,Unfruchtbarkeit,बांझपन,不妊
inflammatory bowel disease,enfermedad inflamatoria intestinal,bệnh viêm ruột,مرض التهاب الأمعاء,entzündliche Darmerkrankung,सूजा आंत्र रोग,炎症性腸疾患
influenza,"formal: influenza | informal: la gripe, gripe","formal: bệnh cúm | informal: cảm cúm, cúm","formal: الإنفلونزا | informal: الإنفلونزا, الرشح","formal: Influenza | informal: echte Grippe, Grippe","formal: इन्फ्लूएंजा | informal: फ्लू, बुखार","formal: インフルエンザ | informal: インフル, インフルエンザ"
informed consent,consentimiento informado,sự đồng ý có hiểu biết,الموافقة المستنيرة,informierte Einwilligung,सूचित सहमति,インフォームドコンセント
infrared thermometers,termómetros infrarrojos,nhiệt kế hồng ngoại,موازين حرارة بالأشعة تحت الحمراء,Infrarot-Thermometer,अवरक्त थर्मामीटर,赤外線温度計
ingrown hair,pelo encarnado,tóc mọc ngược,شعر ينبت للداخل,eingewachsenes Haar,अंतर्वर्धी बाल,内方発育毛
ingrown toenail,uña encarnada,móng chân mọc ngược,ظفر القدم الناشب,eingewachsener Zehennagel,अंतर्वर्धित अंगूठे का नाखून,巻き爪
ingrown toenails,uñas encarnadas,móng chân mọc ngược,أظافر القدم الناشبة,eingewachsene Zehennägel,अंतर्वर्धित नाखून,巻き爪
inguinal hernia,hernia inguinal,thoát vị bẹn,الفتق الإربي,Leistenbruch,इंगुइनल हर्निया,鼠径ヘルニア
inguinal hernia repair,reparación de hernia inguinal,phẫu thuật sửa chữa thoát vị bẹn,إصلاح الفتق الإربي,Leistenbruchoperation,इंगुइनल हर्निया की मरम्मत,鼠径ヘルニア修復術
inhalants,inhalantes,chất hít,المواد المستنشقة,Inhalationsmittel,साँस लेने वाले पदार्थ,吸入剤
inhaler devices,dispositivos inhaladores,thiết bị hít,أجهزة الاستنشاق,Inhalationsgeräte,इनहेलर उपकरण,吸入器
injection or banding of haemorrhoids,Inyección o ligadura de hemorroides,tiêm hoặc thắt búi trĩ,حقن أو ربط البواسير,Injektion oder Gummibandligatur von Hämorrhoiden,बवासीर का इंजेक्शन या पट्टी बांधना,痔核への注射または結紮
injuries,lesiones,chấn thương,الإصابات,Verletzungen,चोट लगने की घटनाएं,負傷
inr test,prueba inr,kiểm tra inr,اختبار INR,INR-Test,आईएनआर परीक्षण,INR検査
insect bites and stings,picaduras y mordeduras de insectos,vết cắn và vết đốt của côn trùng,لدغات ولسعات الحشرات,Insektenstiche und -bisse,कीड़े के काटने और डंक,虫刺されと虫に刺された
inserting a gastric balloon,inserción de un balón gástrico,đặt bóng dạ dày,إدخال بالون معدي,Einsetzen eines Magenballons,गैस्ट्रिक बैलून डालना,胃内バルーンの挿入
inserting a pacemaker,inserción de un marcapasos,cấy ghép máy tạo nhịp tim,زرع جهاز تنظيم ضربات القلب,Einsetzen eines Herzschrittmachers,पेसमेकर लगाना,ペースメーカーの挿入
inserting a primary gastrostomy device,inserción de un dispositivo de gastrostomía primaria,đặt thiết bị mở thông dạ dày chính,إدخال جهاز فغر المعدة الأساسي,Einsetzen eines primären Gastrostomiegeräts,प्राथमिक गैस्ट्रोस्टोमी उपकरण सम्मिलित करना,一次胃瘻デバイスの挿入
inserting an internal cardioverter defibrillator,inserción de un desfibrilador cardioversor interno,cấy ghép máy khử rung tim nội bộ,إدخال جهاز مقوم نظم القلب ومزيل الرجفان الداخلي,Einsetzen eines internen Kardioverter-Defibrillators,आंतरिक कार्डियोवर्टर डिफिब्रिलेटर लगाना,体内植込み型除細動器の挿入
inserting an iucd,inserción de un DIU,đặt vòng tránh thai,إدخال اللولب الرحمي,Einsetzen einer Spirale,आईयूसीडी लगाना,子宮内避妊器具の挿入
insomnia,"formal: insomnio | informal: problemas para dormir, falta de sueño","formal: mất ngủ | informal: khó ngủ, thiếu ngủ","formal: أرق | informal: صعوبة في النوم, عدم القدرة على النوم","formal: Insomnie | informal: Schlafstörungen, Schlaflosigkeit","formal: अनिद्रा | informal: नींद न आना, बेचैनी","formal: 不眠症 | informal: 眠れないこと, 寝不足"
insulin and diabetes,insulina y diabetes,insulin và bệnh tiểu đường,الأنسولين ومرض السكري,Insulin und Diabetes,इंसुलिन और मधुमेह,インスリンと糖尿病
insulin devices,dispositivos de insulina,thiết bị insulin,أجهزة الأنسولين,Insulingeräte,इंसुलिन उपकरण,インスリンデバイス
intensive care - what to expect,Cuidados intensivos: qué esperar,Chăm sóc đặc biệt - những điều cần biết,العناية المركزة - ما يمكن توقعه,Intensivstation – was Sie erwartet,गहन चिकित्सा इकाई - क्या उम्मीद करें,集中治療室 - どのようなことが予想されるか
intermittent fasting,ayuno intermitente,nhịn ăn gián đoạn,الصيام المتقطع,Intervallfasten,आंतरायिक उपवास,断続的断食
internet - children,internet - niños,internet - trẻ em,الإنترنت - الأطفال,Internet - Kinder,इंटरनेट - बच्चे,インターネット - 子供
intersex variation,variación intersexual,biến thể lưỡng giới,التباين بين الجنسين,Intersex-Variation,इंटरसेक्स भिन्नता,インターセックス変異
intra-uterine contraceptive device,dispositivo intrauterino,thiết bị tránh thai đặt trong tử cung,جهاز منع الحمل داخل الرحم,Intrauterinpessar,गर्भाशय के भीतर गर्भनिरोधक उपकरण,子宮内避妊器具
invasive staph infections,infecciones invasivas por estafilococos,nhiễm trùng tụ cầu khuẩn xâm lấn,عدوى المكورات العنقودية الغازية,invasive Staphylokokkeninfektionen,आक्रामक स्टैफ संक्रमण,侵襲性ブドウ球菌感染症
iodine and your health,El yodo y su salud,Iốt và sức khỏe của bạn,اليود وصحتك,Jod und Ihre Gesundheit,आयोडीन और आपका स्वास्थ्य,ヨウ素とあなたの健康
iodine deficiency,deficiencia de yodo,thiếu iốt,نقص اليود,Jodmangel,आयोडीन की कमी,ヨウ素欠乏症
iron deficiency,deficiencia de hierro,thiếu sắt,نقص الحديد,Eisenmangel,आयरन की कमी,鉄欠乏症
iron infusion,infusión de hierro,truyền sắt,حقن الحديد,Eiseninfusion,आयरन इन्फ्यूजन,鉄剤の点滴
iron needs,necesidades de hierro,nhu cầu sắt,احتياجات الحديد,Eisenbedarf,लोहे की जरूरतें,鉄分は
iron studies blood test,análisis de sangre para estudios de hierro,xét nghiệm máu kiểm tra sắt,فحص الحديد في الدم,Eisenstatus Bluttest,आयरन संबंधी अध्ययन रक्त परीक्षण,鉄分検査血液検査
iron-rich foods,alimentos ricos en hierro,thực phẩm giàu sắt,الأطعمة الغنية بالحديد,eisenreiche Lebensmittel,आयरन से भरपूर खाद्य पदार्थ,鉄分豊富な食品
irregular periods,períodos irregulares,kinh nguyệt không đều,دورات شهرية غير منتظمة,unregelmäßige Perioden,अनियमित अवधि,不規則な期間
irritability and feeling on edge,irritabilidad y sensación de nerviosismo,cáu kỉnh và cảm giác bồn chồn,الشعور بالتهيج والتوتر,Reizbarkeit und Nervosität,चिड़चिड़ापन और बेचैनी महसूस होना,イライラ感と神経過敏
irritable bowel syndrome,síndrome del intestino irritable,hội chứng ruột kích thích,متلازمة القولون المتهيّج,Reizdarmsyndrom,संवेदनशील आंत की बीमारी,過敏性腸症候群
is it a cold or the flu?,¿Es un resfriado o gripe?,Là cảm lạnh hay cúm vậy?,هل هو نزلة برد أم إنفلونزا؟,Ist es eine Erkältung oder eine Grippe?,क्या यह सर्दी है या फ़्लू?,風邪ですか、それともインフルエンザですか？
ischaemic heart disease,enfermedad cardíaca isquémica,bệnh tim thiếu máu cục bộ,مرض القلب الإقفاري,ischämische Herzkrankheit,हृदय का रोग,虚血性心疾患
isolation,aislamiento,sự cách ly,عزل,Isolierung,एकांत,分離
itchy anus,picazón en el ano,ngứa hậu môn,حكة في فتحة الشرج,juckender Anus,खुजलीदार गुदा,肛門のかゆみ
itchy eyes,picazón en los ojos,mắt ngứa,حكة في العينين,juckende Augen,आंखों में जलन,目が痒い
itchy scalp,picazón en el cuero cabelludo,da đầu ngứa,حكة في فروة الرأس,juckende Kopfhaut,सिर की खुजली,頭皮のかゆみ
iud,dispositivo intrauterino,vòng tránh thai,لولب,Spirale,आईयूडी,子宮内避妊器具
japanese encephalitis,encefalitis japonesa,viêm não Nhật Bản,التهاب الدماغ الياباني,Japanische Enzephalitis,जापानी एन्सेफलाइटिस,日本脳炎
jaundice in adults,ictericia en adultos,vàng da ở người lớn,اليرقان عند البالغين,Gelbsucht bei Erwachsenen,वयस्कों में पीलिया,成人の黄疸
jaw dislocation,dislocación de la mandíbula,trật khớp hàm,خلع الفك,Kieferluxation,जबड़े का विस्थापन,顎関節脱臼
jellyfish stings,picaduras de medusas,vết chích của sứa,لسعات قنديل البحر,Quallenstiche,जेलीफिश के डंक,クラゲの刺傷
jet lag,descompensación horaria,say máy bay,اضطراب الرحلات الجوية الطويلة,Jetlag,जेट लैग,時差ぼけ
jev,Jev,jev,جيف,jev,जेईवी,ジェブ
jock itch,tiña inguinal,ngứa vùng bẹn,حكّة اللعب,Tinea cruris,जॉक खुजली,いんきんたむし
jogging,correr,chạy bộ,الهرولة,Jogging,धीमी दौड़,ジョギング
joint diseases and problems,enfermedades y problemas articulares,các bệnh và vấn đề về khớp,أمراض ومشاكل المفاصل,Gelenkerkrankungen und -probleme,जोड़ों के रोग और समस्याएं,関節疾患および問題
joint inflammation,inflamación de las articulaciones,viêm khớp,التهاب المفاصل,Gelenkentzündung,जोड़ों की सूजन,関節炎
joint pain and swelling,Dolor e hinchazón en las articulaciones,đau khớp và sưng,ألم وتورم في المفاصل,Gelenkschmerzen und Schwellungen,जोड़ों में दर्द और सूजन,関節の痛みと腫れ
junk food and your health,La comida basura y tu salud,Thức ăn nhanh và sức khỏe của bạn,الوجبات السريعة وصحتك,Junkfood und Ihre Gesundheit,जंक फूड और आपका स्वास्थ्य,ジャンクフードとあなたの健康
kaposi sarcoma,sarcoma de Kaposi,bệnh sarcoma Kaposi,ساركوما كابوزي,Kaposi-Sarkom,कापोसी सार्कोमा,カポジ肉腫
kava,kava,kava,الكافا,Kava,कावा,カヴァ
kawasaki disease,enfermedad de Kawasaki,bệnh Kawasaki,مرض كاواساكي,Kawasaki-Krankheit,कावासाकी रोग,川崎病
keeping fit,mantenerse en forma,giữ gìn sức khỏe,الحفاظ على اللياقة البدنية,fit bleiben,फिट रखते हुए,健康を維持する
keratoconus,queratocono,bệnh giác mạc hình nón,القرنية المخروطية,Keratokonus,keratoconus,円錐角膜
keratosis pilaris,queratosis pilaris,bệnh dày sừng nang lông,التقرن الشعري,Keratosis pilaris,केराटोसिस पिलारिस,毛孔性角化症
ketamine,ketamina,ketamine,الكيتامين,Ketamin,ketamine,ケタミン
ketogenic diet,dieta cetogénica,chế độ ăn ketogenic,النظام الغذائي الكيتوني,ketogene Diät,कीटोजेनिक आहार,ケトジェニックダイエット
kidney cancer,cáncer de riñón,ung thư thận,سرطان الكلى,Nierenkrebs,गुर्दे का कैंसर,腎臓がん
kidney failure,insuficiencia renal,suy thận,الفشل الكلوي,Nierenversagen,किडनी खराब,腎不全
kidney function tests,pruebas de función renal,xét nghiệm chức năng thận,اختبارات وظائف الكلى,Nierenfunktionstests,गुर्दे की कार्यक्षमता परीक्षण,腎機能検査
kidney infection,infección renal,nhiễm trùng thận,التهاب الكلى,Niereninfektion,गुर्दे का संक्रमण,腎臓感染症
kidney pain,dolor de riñón,đau thận,ألم في الكلى,Nierenschmerzen,गुर्दे में दर्द,腎臓の痛み
kidney transplants,trasplantes de riñón,ghép thận,عمليات زرع الكلى,Nierentransplantationen,गुर्दा प्रत्यारोपण,腎臓移植
kidneys,riñones,thận,الكليتان,Nieren,गुर्दे,腎臓
kids and mental health,niños y salud mental,trẻ em và sức khỏe tâm thần,الأطفال والصحة النفسية,Kinder und psychische Gesundheit,बच्चे और मानसिक स्वास्थ्य,子供とメンタルヘルス
kids' health,salud infantil,sức khỏe trẻ em,صحة الأطفال,Kindergesundheit,बच्चों का स्वास्थ्य,子供の健康
kilojoules,kilojulios,kilojoule,كيلوجول,Kilojoule,किलो जूल,キロジュール
kindness,amabilidad,lòng tốt,العطف,Freundlichkeit,दयालुता,親切
kissing disease,enfermedad del beso,bệnh lây truyền qua nụ hôn,مرض التقبيل,Kusskrankheit,चुंबन रोग,キス病
klinefelter syndrome,síndrome de Klinefelter,hội chứng Klinefelter,متلازمة كلاينفلتر,Klinefelter-Syndrom,क्लाइनफेल्टर सिंड्रोम,クラインフェルター症候群
knee injuries,lesiones de rodilla,chấn thương đầu gối,إصابات الركبة,Knieverletzungen,घुटने की चोटें,膝の怪我
knee pain,dolor de rodilla,đau đầu gối,ألم في الركبة,Knieschmerzen,घुटने के दर्द,膝の痛み
knee replacement,reemplazo de rodilla,thay khớp gối,استبدال مفصل الركبة,Knieprothese,नी रिप्लेसमेंट,膝関節置換術
knocks,golpes,gõ,طرق,Klopft,दस्तक देता है,ノック
know your standard drinks,conoce tus bebidas estándar,Hãy biết các loại đồ uống thông thường của bạn.,تعرف على مشروباتك القياسية,Kenne deine Standardgetränke,अपने मानक पेय पदार्थों को जानें,定番の飲み物を知っておく
labia problems,problemas de los labios vaginales,các vấn đề về môi âm hộ,مشاكل الشفرين,Labienprobleme,लेबिया संबंधी समस्याएं,陰唇の問題
labyrinthitis,laberintitis,viêm mê đạo,التهاب التيه,Labyrinthitis,Labyrinthitis,内耳炎
lactational amenorrhoea method,método de amenorrea de la lactancia,phương pháp vô kinh do cho con bú,طريقة انقطاع الطمث أثناء الرضاعة,Laktationsamenorrhoe-Methode,स्तनपान संबंधी अमेनोरिया विधि,授乳性無月経法
lactose intolerance,intolerancia a la lactosa,không dung nạp lactose,عدم تحمل اللاكتوز,Laktoseintoleranz,लैक्टोज असहिष्णुता,乳糖不耐症
laminectomy,laminectomía,phẫu thuật cắt bỏ màng cứng,استئصال الصفيحة الفقرية,Laminektomie,laminectomy,椎弓切除術
laparoscopic cholecystectomy,colecistectomía laparoscópica,phẫu thuật cắt túi mật nội soi,استئصال المرارة بالمنظار,laparoskopische Cholezystektomie,लैप्रोस्कोपिक कोलेसिस्टेक्टॉमी,腹腔鏡下胆嚢摘出術
laparoscopic heller's cardiomyotomy,cardiomiotomía de Heller laparoscópica,phẫu thuật cắt cơ tim Heller nội soi,استئصال عضلة القلب بالمنظار (عملية هيلر),laparoskopische Heller-Kardiomyotomie,लैप्रोस्कोपिक हेलर्स कार्डियोमायोटॉमी,腹腔鏡下ヘラー心筋切開術
laparoscopic hysterectomy,histerectomía laparoscópica,phẫu thuật cắt tử cung nội soi,استئصال الرحم بالمنظار,laparoskopische Hysterektomie,लैप्रोस्कोपिक हिस्टेरेक्टॉमी,腹腔鏡下子宮摘出術
laparoscopic incisional hernia repair,reparación laparoscópica de hernia incisional,Phẫu thuật nội soi điều trị thoát vị vết mổ,إصلاح الفتق الجراحي بالمنظار,laparoskopische Narbenhernienreparatur,लैप्रोस्कोपिक चीरा हर्निया की मरम्मत,腹腔鏡下切開ヘルニア修復術
laparoscopic inguinal hernia repair,reparación laparoscópica de hernia inguinal,phẫu thuật nội soi sửa chữa thoát vị bẹn,إصلاح الفتق الإربي بالمنظار,laparoskopische Leistenbruchoperation,लैप्रोस्कोपिक इनगुइनल हर्निया की मरम्मत,腹腔鏡下鼠径ヘルニア修復術
laparoscopic nissen fundoplication,fundoplicatura de Nissen laparoscópica,phẫu thuật nội soi Nissen đáy vị,تثبيت قاع المعدة بالمنظار,laparoskopische Nissen-Fundoplikatio,लैप्रोस्कोपिक निसेन फंडोप्लीकेशन,腹腔鏡下ニッセン噴門形成術
laparoscopic oophorectomy,ooforectomía laparoscópica,cắt bỏ buồng trứng bằng nội soi,استئصال المبيض بالمنظار,laparoskopische Ovarektomie,लैप्रोस्कोपिक ओफोरेक्टॉमी,腹腔鏡下卵巣摘出術
laparoscopic radical prostatectomy,prostatectomía radical laparoscópica,phẫu thuật cắt bỏ tuyến tiền liệt triệt để bằng phương pháp nội soi,استئصال البروستاتا الجذري بالمنظار,laparoskopische radikale Prostatektomie,लैप्रोस्कोपिक रेडिकल प्रोस्टेटेक्टॉमी,腹腔鏡下根治的前立腺摘除術
laparoscopic sterilisation,esterilización laparoscópica,triệt sản bằng nội soi,التعقيم بالمنظار,laparoskopische Sterilisation,लैप्रोस्कोपिक नसबंदी,腹腔鏡下不妊手術
laparoscopic subtotal hysterectomy,histerectomía subtotal laparoscópica,phẫu thuật cắt bỏ tử cung bán phần nội soi,استئصال الرحم الجزئي بالمنظار,laparoskopische subtotale Hysterektomie,लैप्रोस्कोपिक सबटोटल हिस्टेरेक्टॉमी,腹腔鏡下部分子宮摘出術
laparoscopy,laparoscopia,phẫu thuật nội soi,تنظير البطن,Laparoskopie,लेप्रोस्कोपी,腹腔鏡検査
laparoscopy and dye test,laparoscopia y prueba de tinción,nội soi và xét nghiệm thuốc nhuộm,تنظير البطن واختبار الصبغة,Laparoskopie und Farbstofftest,लैप्रोस्कोपी और डाई परीक्षण,腹腔鏡検査と色素検査
laparotomy,laparotomía,phẫu thuật mở bụng,فتح البطن,Laparotomie,laparotomy,開腹術
laryngectomy,laringectomía,phẫu thuật cắt thanh quản,استئصال الحنجرة,Laryngektomie,स्वरयंत्र-उच्छेदन,喉頭切除術
laryngitis,laringitis,viêm thanh quản,التهاب الحنجرة,Laryngitis,लैरींगाइटिस,喉頭炎
laryngoscopy,laringoscopia,nội soi thanh quản,تنظير الحنجرة,Laryngoskopie,लैरिंजोस्कोपी,喉頭鏡検査
laser eye surgery,cirugía ocular con láser,phẫu thuật mắt bằng laser,جراحة العيون بالليزر,Laser-Augenoperation,लेजर नेत्र शल्य चिकित्सा,レーザー眼科手術
lasik surgery,cirugía LASIK,phẫu thuật lasik,جراحة الليزك,LASIK-Operation,लेसिक सर्जरी,レーシック手術
lateral internal sphincterotomy,esfinterotomía interna lateral,cắt cơ vòng trong bên,بضع المصرة الداخلية الجانبي,laterale interne Sphinkterotomie,पार्श्व आंतरिक स्फिंक्टरोटॉमी,外側内括約筋切開術
laxatives,laxantes,thuốc nhuận tràng,الملينات,Abführmittel,रेचक,下剤
lazy eye,ojo vago,mắt lười,العين الكسولة,schielendes Auge,कमजोर नज़र,斜視
lead poisoning,saturnismo,ngộ độc chì,التسمم بالرصاص,Bleivergiftung,सीसा विषाक्तता,鉛中毒
learning disabilities,discapacidades de aprendizaje,khuyết tật học tập,صعوبات التعلم,Lernbehinderungen,सीखने की अयोग्यता,学習障害
leg pain,dolor en la pierna,đau chân,ألم في الساق,Beinschmerzen,पैर में दर्द,脚の痛み
leg ulcers,úlceras en las piernas,loét chân,قرح الساق,Beingeschwüre,पैर के अल्सर,下肢潰瘍
legionnaires' disease,legionelosis,Bệnh nhiễm trùng phổi,داء الفيالقة,Legionärskrankheit,लेगोनायर रोग,レジオネラ症
leprosy,lepra,bệnh phong,جذام,Lepra,कुष्ठ रोग,ハンセン病
leptospirosis,leptospirosis,bệnh leptospirosis,داء البريميات,Leptospirose,लेप्टोस्पाइरोसिस,レプトスピラ症
leukaemia,leucemia,bệnh bạch cầu,سرطان الدم,Leukämie,लेकिमिया,白血病
leukaemia in children,leucemia en niños,bệnh bạch cầu ở trẻ em,سرطان الدم عند الأطفال,Leukämie bei Kindern,बच्चों में ल्यूकेमिया,小児白血病
lewy body disease,enfermedad de cuerpos de Lewy,bệnh thể Lewy,مرض أجسام ليوي,Lewy-Körperchen-Krankheit,लेवी बॉडी रोग,レビー小体病
lgbtiqa+ mental health,salud mental lgttiqa+,sức khỏe tâm thần LGBTIQA+,الصحة النفسية للمثليين والمتحولين جنسياً,LGBTQ+ psychische Gesundheit,एलजीबीटीआईसीए+ मानसिक स्वास्थ्य,LGBTQ+のメンタルヘルス
libido,libido,ham muốn tình dục,الرغبة الجنسية,Libido,लीबीदो,性欲
lice,piojos,chấy,قمل,Läuse,जूँ,シラミ
life stages,etapas de la vida,các giai đoạn cuộc sống,مراحل الحياة,Lebensphasen,जीवन की अवस्थाएं,ライフステージ
lightheadedness,mareo,chóng mặt,دوار خفيف,Benommenheit,चक्कर,めまい
limb injuries,lesiones en las extremidades,chấn thương chi,إصابات الأطراف,Gliedmaßenverletzungen,अंगों में चोटें,四肢の負傷
limb numbness,entumecimiento de las extremidades,tê bì chân tay,تنميل الأطراف,Taubheitsgefühl in den Gliedmaßen,अंगों का सुन्न होना,手足のしびれ
lipoedema,lipedema,phù mỡ,الوذمة الشحمية,Lipödem,लिपोएडेमा,脂肪浮腫
lipoma,lipoma,u mỡ,الورم الشحمي,Lipom,चर्बी की रसीली,脂肪腫
liposuction,liposucción,hút mỡ,شفط الدهون,Fettabsaugung,लिपोसक्शन,脂肪吸引
listeria and listeriosis,listeria y listeriosis,vi khuẩn Listeria và bệnh nhiễm khuẩn Listeria,الليستيريا وداء الليستريات,Listerien und Listeriose,लिस्टेरिया और लिस्टेरियोसिस,リステリア菌とリステリア症
lithium,litio,lithium,الليثيوم,Lithium,लिथियम,リチウム
liver,hígado,gan,الكبد,Leber,जिगर,肝臓
liver biopsy,biopsia de hígado,sinh thiết gan,خزعة الكبد,Leberbiopsie,लीवर बायोप्सी,肝生検
liver cancer,cáncer de hígado,ung thư gan,سرطان الكبد,Leberkrebs,लिवर कैंसर,肝臓がん
liver cirrhosis,cirrosis hepática,xơ gan,تليف الكبد,Leberzirrhose,लिवर सिरोसिस,肝硬変
liver conditions and diseases,afecciones y enfermedades del hígado,các bệnh và vấn đề về gan,أمراض وحالات الكبد,Lebererkrankungen,यकृत संबंधी स्थितियाँ और रोग,肝臓の状態と疾患
liver failure,insuficiencia hepática,suy gan,فشل الكبد,Leberversagen,यकृत का काम करना बंद कर देना,肝不全
liver function tests,pruebas de función hepática,xét nghiệm chức năng gan,اختبارات وظائف الكبد,Leberfunktionstests,लिवर फ़ंक्शन परीक्षण,肝機能検査
living with a terminal illness,vivir con una enfermedad terminal,Sống chung với căn bệnh nan y,التعايش مع مرض عضال,Leben mit einer unheilbaren Krankheit,एक असाध्य बीमारी के साथ जीना,末期疾患と共に生きる
living with dementia,vivir con demencia,sống chung với chứng mất trí nhớ,التعايش مع الخرف,Leben mit Demenz,मनोभ्रंश के साथ जीना,認知症と共に生きる
local anaesthetic,anestesia local,thuốc gây tê tại chỗ,مخدر موضعي,Lokalanästhetikum,स्थानीय निश्चेतक,局所麻酔
loneliness,soledad,cô đơn,الوحدة,Einsamkeit,अकेलापन,孤独
long covid,COVID prolongado,COVID kéo dài,كوفيد طويل الأمد,Long Covid,लॉन्ग कोविड,ロングコロナ
long qt syndrome,síndrome de QT largo,hội chứng QT kéo dài,متلازمة كيو تي الطويلة,Long-QT-Syndrom,लॉन्ग क्यूटी सिंड्रोम,QT延長症候群
long-sightedness,hipermetropía,viễn thị,طول النظر,Weitsicht,दूरी की देखना,遠視
looking after a sick child,cuidar a un niño enfermo,chăm sóc một đứa trẻ bị ốm,رعاية طفل مريض,Betreuung eines kranken Kindes,बीमार बच्चे की देखभाल करना,病気の子供の世話をする
looking after others,cuidar de los demás,chăm sóc người khác,متابعة الآخرين,sich um andere kümmern,दूसरों की देखभाल करना,他人の世話をする
looking after someone with cancer,cuidar a alguien con cáncer,chăm sóc người bị ung thư,رعاية شخص مصاب بالسرطان,die Betreuung einer Person mit Krebs,कैंसर से पीड़ित किसी व्यक्ति की देखभाल करना,がん患者の介護
looking after someone with dementia or alzheimer's disease,cuidar a una persona con demencia o enfermedad de Alzheimer,chăm sóc người bị sa sút trí tuệ hoặc bệnh Alzheimer.,رعاية شخص مصاب بالخرف أو مرض الزهايمر,Betreuung einer Person mit Demenz oder Alzheimer-Krankheit,मनोभ्रंश या अल्जाइमर रोग से पीड़ित किसी व्यक्ति की देखभाल करना,認知症やアルツハイマー病の人の介護
looking after your baby or child’s teeth,Cómo cuidar los dientes de tu bebé o niño,chăm sóc răng miệng cho bé hoặc trẻ nhỏ,العناية بأسنان طفلك أو رضيعك,Die Zahnpflege Ihres Babys oder Kindes,अपने शिशु या बच्चे के दांतों की देखभाल करना,赤ちゃんや子供の歯のケア
looking after your eyes,cuidando tus ojos,chăm sóc đôi mắt của bạn,حماية عينيك,Pflegen Sie Ihre Augen,अपनी आँखों का ख्याल रखना,目のケア
losing interest,perder interés,mất hứng thú,فقدان الاهتمام,nachlassendes Interesse,रुचि खोना,興味を失う
loss,pérdida,sự mất mát,خسارة,Verlust,नुकसान,損失
loss of female libido,pérdida de la libido femenina,mất ham muốn tình dục ở nữ giới,فقدان الرغبة الجنسية لدى النساء,Verlust der weiblichen Libido,महिलाओं की कामेच्छा में कमी,女性の性欲減退
loss of male libido,pérdida de la libido masculina,mất ham muốn tình dục ở nam giới,فقدان الرغبة الجنسية لدى الذكور,Verlust der männlichen Libido,पुरुषों में कामेच्छा में कमी,男性の性欲減退
loss of muscle mass,pérdida de masa muscular,mất khối lượng cơ,فقدان كتلة العضلات,Verlust der Muskelmasse,मांसपेशियों के द्रव्यमान में कमी,筋肉量の減少
lou gehrig's disease,enfermedad de Lou Gehrig,bệnh Lou Gehrig,مرض لو جيريج,Lou-Gehrig-Krankheit,लू गेहरिग रोग,筋萎縮性側索硬化症（ルー・ゲーリック病）
low fodmap diets,dietas bajas en FODMAP,chế độ ăn ít FODMAP,حميات غذائية منخفضة الفودماب,Low-FODMAP-Diäten,कम FODMAP आहार,低FODMAP食
low vision,baja visión,thị lực thấp,ضعف البصر,Sehschwäche,कम दृष्टि,弱視
lower back pain,dolor lumbar,đau lưng dưới,ألم أسفل الظهر,Schmerzen im unteren Rücken,पीठ के निचले हिस्से में दर्द,腰痛
lower limb angiogram and angioplasty,angiografía y angioplastia de las extremidades inferiores,chụp mạch và nong mạch chi dưới,تصوير الأوعية الدموية للأطراف السفلية وتوسيع الأوعية الدموية,Angiographie und Angioplastie der unteren Extremitäten,निचले अंगों का एंजियोग्राम और एंजियोप्लास्टी,下肢血管造影および血管形成術
lsd,LSD,lsd,إل إس دي,LSD,एलएसडी,LSD
lumbago,lumbago,đau lưng,ألم أسفل الظهر,Lumbago,लूम्बेगो,腰痛
lumbar laminectomy,laminectomía lumbar,phẫu thuật cắt bỏ bản sống thắt lưng,استئصال الصفيحة الفقرية القطنية,lumbale Laminektomie,लम्बर लैमिनेक्टॉमी,腰椎椎弓切除術
lumbar microdiscectomy,microdiscectomía lumbar,phẫu thuật vi cắt đĩa đệm cột sống thắt lưng,استئصال القرص القطني المجهري,lumbale Mikrodiskektomie,लम्बर माइक्रोडिस्सेक्टोमी,腰椎椎間板切除術
lumbar puncture,punción lumbar,chọc dò tủy sống,البزل القطني,Lumbalpunktion,लकड़ी का पंचर,腰椎穿刺
lumbar spine,columna lumbar,cột sống thắt lưng,العمود الفقري القطني,Lendenwirbelsäule,काठ का रीढ़,腰椎
lump under armpit,bulto debajo de la axila,khối u dưới nách,كتلة تحت الإبط,Knoten unter der Achselhöhle,बगल के नीचे गांठ,脇の下のしこり
lung biopsy,biopsia pulmonar,sinh thiết phổi,خزعة الرئة,Lungenbiopsie,फेफड़े की बायोप्सी,肺生検
lung cancer,cáncer de pulmón,ung thư phổi,سرطان الرئة,Lungenkrebs,फेफड़े का कैंसर,肺癌
lung cancer screening,detección del cáncer de pulmón,sàng lọc ung thư phổi,فحص سرطان الرئة,Lungenkrebs-Screening,फेफड़ों के कैंसर की जांच,肺がん検診
lung conditions,afecciones pulmonares,các bệnh về phổi,أمراض الرئة,Lungenerkrankungen,फेफड़ों की स्थितियाँ,肺疾患
lupus,lupus,bệnh lupus,الذئبة,Lupus,एक प्रकार का वृक्ष,ループス
lyme disease,enfermedad de Lyme,bệnh Lyme,مرض لايم,Lyme-Krankheit,लाइम की बीमारी,ライム病
lymph nodes,ganglios linfáticos,hạch bạch huyết,الغدد الليمفاوية,Lymphknoten,लसीकापर्व,リンパ節
lymphoedema,linfedema,phù bạch huyết,الوذمة اللمفية,Lymphödem,लिम्फोएडेमा,リンパ浮腫
lymphoma,linfoma,u lympho,سرطان الغدد الليمفاوية,Lymphom,लिंफोमा,リンパ腫
lynch syndrome,síndrome de Lynch,hội chứng Lynch,متلازمة لينش,Lynchsyndrom,लिंच सिंड्रोम,リンチ症候群
lyssavirus,lisavirus,lyssavirus,فيروس داء الكلب,Lyssavirus,लिसावायरस,リッサウイルス
macular degeneration,degeneración macular,thoái hóa điểm vàng,التنكس البقعي,Makuladegeneration,चकत्तेदार अध: पतन,黄斑変性
magnesium and your health,El magnesio y su salud,Magie và sức khỏe của bạn,المغنيسيوم وصحتك,Magnesium und Ihre Gesundheit,मैग्नीशियम और आपका स्वास्थ्य,マグネシウムとあなたの健康
magnesium blood test,análisis de sangre de magnesio,xét nghiệm máu magiê,فحص المغنيسيوم في الدم,Magnesium-Bluttest,मैग्नीशियम रक्त परीक्षण,マグネシウム血液検査
magnesium deficiency,deficiencia de magnesio,thiếu magiê,نقص المغنيسيوم,Magnesiummangel,मैग्नीशियम की कमी,マグネシウム欠乏症
magnetic resonance imaging,imágenes por resonancia magnética,chụp cộng hưởng từ,التصوير بالرنين المغناطيسي,Magnetresonanztomographie,चुम्बकीय अनुनाद इमेजिंग,磁気共鳴画像法
making decisions about unplanned pregnancies,tomar decisiones sobre embarazos no planificados,đưa ra quyết định về việc mang thai ngoài ý muốn,اتخاذ القرارات بشأن حالات الحمل غير المخطط لها,Entscheidungen über ungeplante Schwangerschaften treffen,अनियोजित गर्भधारण के बारे में निर्णय लेना,予期せぬ妊娠に関する意思決定
malabsorption syndromes,síndromes de malabsorción,hội chứng kém hấp thu,متلازمات سوء الامتصاص,Malabsorptionssyndrome,कुअवशोषण सिंड्रोम,吸収不良症候群
malaria,malaria,sốt rét,ملاريا,Malaria,मलेरिया,マラリア
male health,salud masculina,sức khỏe nam giới,صحة الرجل,Männergesundheit,पुरुषों का स्वास्थ्य,男性の健康
male libido,libido masculina,ham muốn tình dục nam giới,الرغبة الجنسية لدى الرجال,männliche Libido,पुरुष कामेच्छा,男性の性欲
male mastectomy,mastectomía masculina,phẫu thuật cắt bỏ vú ở nam giới,استئصال الثدي عند الذكور,männliche Mastektomie,पुरुषों की मास्टेक्टॉमी,男性乳房切除術
male reproductive system,sistema reproductor masculino,hệ sinh sản nam,الجهاز التناسلي الذكري,männliches Fortpflanzungssystem,पुरुष प्रजनन तंत्र,男性生殖器系
male sexual problems,problemas sexuales masculinos,các vấn đề tình dục ở nam giới,مشاكل جنسية عند الرجال,Sexuelle Probleme bei Männern,पुरुषों की यौन समस्याएं,男性の性的な問題
male-pattern baldness,calvicie de patrón masculino,chứng hói đầu ở nam giới,الصلع الذكوري,männlicher Haarausfall,पुरुषों में होने वाला गंजापन,男性型脱毛症
malnutrition,desnutrición,suy dinh dưỡng,سوء التغذية,Unterernährung,कुपोषण,栄養失調
mammography,mamografía,chụp nhũ ảnh,التصوير الشعاعي للثدي,Mammographie,मैमोग्राफी,マンモグラフィー
manage your health in your 40s,Cuida tu salud a partir de los 40 años.,Quản lý sức khỏe của bạn ở độ tuổi 40,اهتم بصحتك في الأربعينيات من عمرك,Ihre Gesundheit in den 40ern im Griff behalten,40 की उम्र में अपने स्वास्थ्य का ध्यान रखें,40代の健康管理
manage your health in your 50s,Cuida tu salud a partir de los 50 años.,Quản lý sức khỏe của bạn ở độ tuổi 50,اهتم بصحتك في الخمسينيات من عمرك,Ihre Gesundheit im Alter von 50 Jahren im Griff behalten,50 की उम्र में अपने स्वास्थ्य का ध्यान रखें,50代の健康管理
manage your health in your 60s,Cuida tu salud a partir de los 60 años.,Quản lý sức khỏe của bạn ở độ tuổi 60,اهتم بصحتك في الستينيات من عمرك,Ihre Gesundheit im Alter von 60 Jahren managen,60 वर्ष की आयु में अपने स्वास्थ्य का ध्यान रखें,60代の健康管理
management of chronic conditions,manejo de enfermedades crónicas,quản lý các bệnh mãn tính,إدارة الحالات المزمنة,Management chronischer Erkrankungen,दीर्घकालिक स्थितियों का प्रबंधन,慢性疾患の管理
managing mood swings,controlar los cambios de humor,quản lý sự thay đổi tâm trạng,إدارة تقلبات المزاج,Umgang mit Stimmungsschwankungen,मनोदशा में होने वाले उतार-चढ़ाव का प्रबंधन,気分の変動を管理する
manic depression,depresión maníaca,trầm cảm hưng cảm,الاكتئاب الهوسي,manische Depression,उन्माद अवसाद,躁うつ病
marfan syndrome,síndrome de Marfan,hội chứng Marfan,متلازمة مارفان,Marfan-Syndrom,मार्फ़न सिंड्रोम,マルファン症候群
marijuana,marijuana,cần sa,قنب هندي,Marihuana,मारिजुआना,マリファナ
massage therapy guide,guía de terapia de masaje,hướng dẫn trị liệu mát-xa,دليل العلاج بالتدليك,Leitfaden zur Massagetherapie,मालिश चिकित्सा मार्गदर्शिका,マッサージ療法ガイド
mastectomy — breast cancer treatment or prevention,mastectomía: tratamiento o prevención del cáncer de mama,phẫu thuật cắt bỏ vú — điều trị hoặc phòng ngừa ung thư vú,استئصال الثدي - علاج أو الوقاية من سرطان الثدي,Mastektomie – Behandlung oder Vorbeugung von Brustkrebs,मैस्टेक्टॉमी — स्तन कैंसर का उपचार या रोकथाम,乳房切除術 ― 乳がんの治療または予防
mastitis,mastitis,viêm vú,التهاب الثدي,Mastitis,स्तन की सूजन,乳腺炎
maternal health and pregnancy,salud materna y embarazo,sức khỏe bà mẹ và thai kỳ,صحة الأم والحمل,Müttergesundheit und Schwangerschaft,मातृ स्वास्थ्य और गर्भावस्था,母体健康と妊娠
maternity care in australia,atención de maternidad en Australia,chăm sóc thai sản ở Úc,رعاية الأمومة في أستراليا,Mutterschaftsvorsorge in Australien,ऑस्ट्रेलिया में मातृत्व देखभाल,オーストラリアの産科医療
maxillary le fort 1 osteotomy,Osteotomía maxilar Le Fort 1,phẫu thuật cắt xương hàm trên Le Fort 1,قطع عظم الفك العلوي ليفورت 1,Le-Fort-I-Osteotomie des Oberkiefers,मैक्सिलरी ले फोर्ट 1 ऑस्टियोटॉमी,上顎ルフォー1型骨切り術
mdma,MDMA,mdma,إم دي إم إيه,MDMA,एमडीएमए,mdma
measles,sarampión,bệnh sởi,الحصبة,Masern,खसरा,麻疹
medical and surgical abortions,abortos médicos y quirúrgicos,phá thai bằng phương pháp nội khoa và phẫu thuật,الإجهاض الطبي والجراحي,medizinische und chirurgische Schwangerschaftsabbrüche,चिकित्सा और शल्य चिकित्सा गर्भपात,薬物による中絶と外科的中絶
medical kits,kits médicos,bộ dụng cụ y tế,مجموعات طبية,Erste-Hilfe-Sets,चिकित्सा किट,医療キット
medical terms glossary,glosario de términos médicos,bảng thuật ngữ y khoa,مسرد المصطلحات الطبية,Glossar medizinischer Fachbegriffe,चिकित्सा शब्दावली,医療用語集
medicare,seguro médico del estado,bảo hiểm y tế,الرعاية الطبية,Medicare,चिकित्सा,メディケア
medicare safety nets,redes de seguridad de Medicare,mạng lưới an sinh xã hội của Medicare,شبكات الأمان الصحي,Medicare-Sicherheitsnetze,मेडिकेयर सुरक्षा जाल,メディケアのセーフティネット
medication,medicamento,thuốc,دواء,Medikamente,दवाई,薬
medicinal cannabis,cannabis medicinal,cần sa y tế,القنب الطبي,medizinisches Cannabis,औषधीय भांग,医療用大麻
medicine recalls,retirada de medicamentos del mercado,thu hồi thuốc,سحب الأدوية من الأسواق,Rückrufe von Medikamenten,दवा वापस मंगाई गई,医薬品のリコール
medicines,medicamentos,các loại thuốc,الأدوية,Medikamente,दवाइयाँ,薬
medicines and addiction,Medicamentos y adicción,thuốc và nghiện,الأدوية والإدمان,Medikamente und Sucht,दवाइयाँ और लत,薬物と依存症
medicines and alcohol,medicamentos y alcohol,thuốc và rượu,الأدوية والكحول,Medikamente und Alkohol,दवाइयाँ और शराब,薬とアルコール
medicines and breastfeeding,medicamentos y lactancia materna,thuốc và cho con bú,الأدوية والرضاعة الطبيعية,Medikamente und Stillen,दवाइयाँ और स्तनपान,薬と授乳
medicines and driving,medicamentos y conducción,thuốc men và lái xe,الأدوية والقيادة,Medikamente und Autofahren,दवाइयाँ और ड्राइविंग,薬と運転
medicines for babies and children,medicamentos para bebés y niños,thuốc dành cho trẻ sơ sinh và trẻ em,أدوية للأطفال والرضع,Medikamente für Babys und Kinder,शिशुओं और बच्चों के लिए दवाइयाँ,乳幼児向け医薬品
medicines for bipolar disorder,medicamentos para el trastorno bipolar,thuốc điều trị rối loạn lưỡng cực,أدوية لعلاج اضطراب ثنائي القطب,Medikamente gegen bipolare Störung,द्विध्रुवी विकार के लिए दवाएँ,双極性障害の薬
medicines for colds,medicamentos para el resfriado,thuốc trị cảm lạnh,أدوية لعلاج نزلات البرد,Medikamente gegen Erkältungen,सर्दी-जुकाम की दवाइयाँ,風邪薬
medicines for pain,medicamentos para el dolor,thuốc giảm đau,أدوية لتسكين الألم,Schmerzmittel,दर्द निवारक दवाइयाँ,痛み止め薬
medicines safety for older people,Seguridad de los medicamentos para las personas mayores,sự an toàn của thuốc đối với người cao tuổi,سلامة الأدوية لكبار السن,Arzneimittelsicherheit für ältere Menschen,वृद्ध लोगों के लिए दवाओं की सुरक्षा,高齢者の医薬品の安全性
medicines to treat nicotine dependence,Medicamentos para tratar la dependencia de la nicotina,thuốc điều trị chứng nghiện nicotine,أدوية لعلاج إدمان النيكوتين,Medikamente zur Behandlung der Nikotinabhängigkeit,निकोटिन की लत के इलाज के लिए दवाएं,ニコチン依存症を治療するための薬
meditation,meditación,thiền định,تأمل,Meditation,ध्यान,瞑想
mediterranean diet,dieta mediterránea,chế độ ăn Địa Trung Hải,حمية البحر الأبيض المتوسط,mediterrane Ernährung,भूमध्यसागरीय आहार,地中海式ダイエット
melancholia,melancolía,chứng trầm cảm,الكآبة,Melancholie,विषाद,メランコリア
melanoma,melanoma,u hắc tố,سرطان الجلد,Melanom,मेलेनोमा,メラノーマ
melatonin,melatonina,melatonin,الميلاتونين,Melatonin,मेलाटोनिन,メラトニン
melioidosis,melioidosis,bệnh melioidosis,داء الميليودوز,Melioidose,melioidosis,類鼻疽
memory concerns,problemas de memoria,những lo ngại về trí nhớ,مشاكل في الذاكرة,Gedächtnisprobleme,स्मृति संबंधी समस्याएं,記憶に関する懸念
memory disorders,trastornos de la memoria,rối loạn trí nhớ,اضطرابات الذاكرة,Gedächtnisstörungen,स्मृति विकार,記憶障害
men and depression,hombres y depresión,đàn ông và chứng trầm cảm,الرجال والاكتئاب,Männer und Depression,पुरुष और अवसाद,男性と鬱病
men and mental health,Los hombres y la salud mental,nam giới và sức khỏe tâm thần,الرجال والصحة النفسية,Männer und psychische Gesundheit,पुरुष और मानसिक स्वास्थ्य,男性とメンタルヘルス
men's health,salud masculina,sức khỏe nam giới,صحة الرجال,Männergesundheit,पुरुषों का स्वास्थ्य,男性用健康
meniere’s disease,enfermedad de Ménière,bệnh Meniere,مرض منيير,Morbus Menière,मेनियर रोग,メニエール病
meningitis,meningitis,viêm màng não,التهاب السحايا,Meningitis,मस्तिष्कावरण शोथ,髄膜炎
meningococcal disease,enfermedad meningocócica,bệnh não mô cầu,مرض المكورات السحائية,Meningokokkenerkrankung,मेनिंगोकोकल रोग,髄膜炎菌感染症
menopausal hormone therapy,terapia hormonal para la menopausia,liệu pháp hormone mãn kinh,العلاج الهرموني لانقطاع الطمث,Hormontherapie in den Wechseljahren,रजोनिवृत्ति हार्मोन थेरेपी,更年期ホルモン療法
menopause,menopausia,mãn kinh,سن اليأس,Menopause,रजोनिवृत्ति,閉経
menopause - managing symptoms without medication,Menopausia: cómo controlar los síntomas sin medicamentos.,Mãn kinh - kiểm soát các triệu chứng mà không cần dùng thuốc,انقطاع الطمث - إدارة الأعراض بدون أدوية,Wechseljahre – Symptome ohne Medikamente lindern,रजोनिवृत्ति - बिना दवा के लक्षणों का प्रबंधन,更年期障害 - 薬を使わずに症状を管理する
menorrhagia,menorragia,rong kinh,غزارة الطمث,Menorrhagie,अत्यार्तव,月経過多
menstruation,menstruación,kinh nguyệt,الحيض,Menstruation,माहवारी,月経
mental health,salud mental,sức khỏe tâm thần,الصحة النفسية,psychische Gesundheit,मानसिक स्वास्थ्य,メンタルヘルス
mental health - where to get help,Salud mental: dónde obtener ayuda,Sức khỏe tâm thần - tìm kiếm sự trợ giúp ở đâu,الصحة النفسية - أين يمكن الحصول على المساعدة,Psychische Gesundheit – Wo man Hilfe findet,मानसिक स्वास्थ्य - सहायता कहाँ से प्राप्त करें,メンタルヘルス - 支援を受ける場所
mental health and aboriginal and torres strait islander people,salud mental y pueblos aborígenes e isleños del estrecho de Torres,sức khỏe tâm thần và người bản địa và người dân đảo Torres Strait,الصحة النفسية وسكان أستراليا الأصليين وسكان جزر مضيق توريس,psychische Gesundheit und die Aborigines und Torres-Strait-Insulaner,मानसिक स्वास्थ्य और आदिवासी और टोरेस स्ट्रेट द्वीप समूह के लोग,メンタルヘルスとアボリジニおよびトレス海峡諸島の人々
mental health and kids,salud mental y niños,sức khỏe tâm thần và trẻ em,الصحة النفسية والأطفال,psychische Gesundheit und Kinder,मानसिक स्वास्थ्य और बच्चे,メンタルヘルスと子供たち
mental health and menopause,salud mental y menopausia,sức khỏe tâm thần và mãn kinh,الصحة النفسية وانقطاع الطمث,psychische Gesundheit und Wechseljahre,मानसिक स्वास्थ्य और रजोनिवृत्ति,メンタルヘルスと更年期
mental health and older adults,salud mental y adultos mayores,sức khỏe tâm thần và người cao tuổi,الصحة النفسية وكبار السن,psychische Gesundheit und ältere Erwachsene,मानसिक स्वास्थ्य और वृद्ध वयस्क,高齢者のメンタルヘルス
mental health and teenagers,salud mental y adolescentes,sức khỏe tâm thần và thanh thiếu niên,الصحة النفسية والمراهقون,psychische Gesundheit und Teenager,मानसिक स्वास्थ्य और किशोर,メンタルヘルスと十代の若者
mental health and wellbeing,salud mental y bienestar,sức khỏe tâm thần và hạnh phúc,الصحة النفسية والرفاهية,psychische Gesundheit und Wohlbefinden,मानसिक स्वास्थ्य और कल्याण,メンタルヘルスとウェルビーイング
mental health care costs,costos de la atención de salud mental,chi phí chăm sóc sức khỏe tâm thần,تكاليف الرعاية الصحية النفسية,Kosten für psychische Gesundheitsversorgung,मानसिक स्वास्थ्य देखभाल की लागत,精神医療費
mental health conditions,trastornos de salud mental,các bệnh lý sức khỏe tâm thần,حالات الصحة العقلية,psychische Erkrankungen,मानसिक स्वास्थ्य स्थितियाँ,精神疾患
mental health crisis support,apoyo en crisis de salud mental,hỗ trợ khủng hoảng sức khỏe tâm thần,دعم الأزمات النفسية,Unterstützung bei psychischen Krisen,मानसिक स्वास्थ्य संकट सहायता,メンタルヘルス危機支援
mental health first aid,primeros auxilios en salud mental,sơ cứu sức khỏe tâm thần,الإسعافات الأولية للصحة النفسية,Erste Hilfe für psychische Gesundheit,मानसिक स्वास्थ्य प्राथमिक उपचार,メンタルヘルス応急処置
mental health helplines,Líneas de ayuda para la salud mental,đường dây trợ giúp sức khỏe tâm thần,خطوط المساعدة للصحة النفسية,Telefonseelsorge für psychische Gesundheit,मानसिक स्वास्थ्य हेल्पलाइन,メンタルヘルス相談窓口
mental health nurses,enfermeras de salud mental,y tá sức khỏe tâm thần,ممرضات الصحة النفسية,psychiatrische Krankenpfleger,मानसिक स्वास्थ्य नर्स,精神科看護師
mental health professionals,profesionales de la salud mental,các chuyên gia sức khỏe tâm thần,أخصائيو الصحة النفسية,Fachkräfte für psychische Gesundheit,मानसिक स्वास्थ्य पेशेवर,精神保健専門家
mental health recovery,recuperación de la salud mental,phục hồi sức khỏe tâm thần,التعافي من الأمراض النفسية,Genesung von psychischen Erkrankungen,मानसिक स्वास्थ्य पुनर्प्राप्ति,メンタルヘルスの回復
mental health resources,recursos de salud mental,nguồn lực sức khỏe tâm thần,موارد الصحة النفسية,Ressourcen zur psychischen Gesundheit,मानसिक स्वास्थ्य संसाधन,メンタルヘルス関連情報
mental health services,servicios de salud mental,dịch vụ sức khỏe tâm thần,خدمات الصحة النفسية,psychiatrische Dienste,मानसिक स्वास्थ्य सेवाएं,メンタルヘルスサービス
mental health signs of illness,signos de enfermedad mental,các dấu hiệu bệnh lý về sức khỏe tâm thần,علامات المرض النفسي,Anzeichen einer psychischen Erkrankung,मानसिक स्वास्थ्य संबंधी बीमारी के लक्षण,精神疾患の兆候
mental health treatment plan,plan de tratamiento de salud mental,kế hoạch điều trị sức khỏe tâm thần,خطة علاج الصحة النفسية,Behandlungsplan für psychische Gesundheit,मानसिक स्वास्थ्य उपचार योजना,精神保健治療計画
mental illness,enfermedad mental,bệnh tâm thần,المرض العقلي,Geisteskrankheit,मानसिक बिमारी,精神疾患
mental illness signs,signos de enfermedad mental,dấu hiệu bệnh tâm thần,علامات المرض العقلي,Anzeichen einer psychischen Erkrankung,मानसिक बीमारी के लक्षण,精神疾患の兆候
mental illness stigma,estigma de la enfermedad mental,kỳ thị bệnh tâm thần,وصمة المرض العقلي,Stigmatisierung psychischer Erkrankungen,मानसिक बीमारी का कलंक,精神疾患に対する偏見
mers,los meros,mers,mers,mers,एमईआरएस,マーズ
mesenteric adenitis,adenitis mesentérica,viêm hạch mạc treo,التهاب العقد اللمفاوية المساريقية,Mesenteriale Lymphadenitis,मेसेंटेरिक एडेनाइटिस,腸間膜リンパ節炎
mesothelioma,mesotelioma,u trung biểu mô,ورم المتوسطة,Mesotheliom,मेसोथेलियोमा,中皮腫
metabolic diseases,enfermedades metabólicas,bệnh chuyển hóa,الأمراض الأيضية,Stoffwechselerkrankungen,चयापचय संबंधी रोग,代謝性疾患
metabolic syndrome,síndrome metabólico,hội chứng chuyển hóa,متلازمة التمثيل الغذائي,Metabolisches Syndrom,चयापचयी लक्षण,メタボリックシンドローム
metabolism,metabolismo,chuyển hóa,الاسْتِقْلاب,Stoffwechsel,चयापचय,代謝
metastatic breast cancer,cáncer de mama metastásico,ung thư vú di căn,سرطان الثدي النقيلي,metastasierter Brustkrebs,मेटास्टेटिक स्तन कैंसर,転移性乳がん
metformin,metformina,metformin,ميتفورمين,Metformin,मेटफार्मिन,メトホルミン
methadone,metadona,methadone,الميثادون,Methadon,मेथाडोन,メタドン
microbiome; gut microbiome,microbioma; microbioma intestinal,hệ vi sinh vật; hệ vi sinh vật đường ruột,الميكروبيوم؛ ميكروبيوم الأمعاء,Mikrobiom; Darmmikrobiom,माइक्रोबायोम; आंत माइक्रोबायोम,マイクロバイオーム；腸内マイクロバイオーム
microdermabrasion,microdermoabrasión,mài da vi điểm,التقشير الدقيق للبشرة,Mikrodermabrasion,Microdermabrasion,マイクロダーマブレーション
microdochectomy,microdoquectomía,phẫu thuật cắt bỏ một phần ống dẫn tinh,استئصال القناة المنوية الصغيرة,Mikrodockinese,माइक्रोडोचेक्टोमी,マイクロドケクトミー
migraine,migraña,chứng đau nửa đầu,صداع نصفي,Migräne,माइग्रेन,片頭痛
milia,milia,mụn thịt,الدخينات,Milien,मिलिया,ミリア
miliaria,miliaria,miliaria,الدخنية,Miliaria,घमौरी,汗疹
mindfulness,consciencia,chánh niệm,اليقظة الذهنية,Achtsamkeit,सचेतन,マインドフルネス
mineral and vitamin deficiency,deficiencia de minerales y vitaminas,thiếu khoáng chất và vitamin,نقص المعادن والفيتامينات,Mineral- und Vitaminmangel,खनिज और विटामिन की कमी,ミネラルとビタミンの欠乏
minerals and vitamins a-z,minerales y vitaminas de la A a la Z,khoáng chất và vitamin từ A đến Z,المعادن والفيتامينات من الألف إلى الياء,Mineralstoffe und Vitamine A-Z,खनिज और विटामिन ए-जेड,ミネラルとビタミン A-Z
minerals and vitamins explained,Explicación de minerales y vitaminas,giải thích về khoáng chất và vitamin,شرح المعادن والفيتامينات,Mineralstoffe und Vitamine erklärt,खनिज और विटामिनों की व्याख्या,ミネラルとビタミンについて
mini pill,minipíldora,viên thuốc nhỏ,حبة صغيرة,Minipille,मिनी गोली,ミニピル
mini-mental state examination,examen mini-mental,kiểm tra trạng thái tâm thần thu nhỏ,فحص الحالة العقلية المصغر,Mini-Mental-Status-Test,लघु मानसिक अवस्था परीक्षण,ミニメンタルステート検査
mirtazapine,mirtazapina,mirtazapine,ميرتازابين,Mirtazapin,mirtazapine,ミルタザピン
miscarriage,aborto espontáneo,sảy thai,الإجهاض,Fehlgeburt,गर्भपात,流産
mite,ácaro,bọ ve,العث,Milbe,घुन,ダニ
mitral valve surgery,cirugía de la válvula mitral,phẫu thuật van hai lá,جراحة الصمام التاجي,Mitralklappenoperation,माइट्रल वाल्व सर्जरी,僧帽弁手術
mobility aids,ayudas para la movilidad,thiết bị hỗ trợ di chuyển,وسائل مساعدة على الحركة,Mobilitätshilfen,गतिशीलता सहायता,移動補助具
moles,lunares,nốt ruồi,الشامات,Mole,तिल,モル
molluscum contagiosum,molusco contagioso,bệnh u nhú lây nhiễm,المليساء المعدية,Molluscum contagiosum,मोलस्कम कॉन्टेजियोसम,伝染性軟属腫
monkeypox,viruela del mono,bệnh đậu mùa khỉ,جدري القرود,Affenpocken,मंकीपॉक्स,サル痘
mood disorders,trastornos del estado de ánimo,rối loạn tâm trạng,اضطرابات المزاج,Stimmungsstörungen,मनोदशा विकार,気分障害
mood swings,cambios de humor,thay đổi tâm trạng,تقلبات المزاج,Stimmungsschwankungen,मिजाज,気分の変動
morning after pill,píldora del día después,thuốc tránh thai khẩn cấp,حبوب منع الحمل الطارئة,Pille danach,सुबह गोली के बाद,緊急避妊薬
morning sickness,náuseas matutinas,ốm nghén,غثيان الصباح,Schwangerschaftsübelkeit,सुबह की बीमारी,つわり
morphine,morfina,morphin,مورفين,Morphium,अफ़ीम का सत्त्व,モルヒネ
mosquito bites,picaduras de mosquitos,vết muỗi đốt,لدغات البعوض,Mückenstiche,मच्छर का काटना,蚊に刺された
mosquito-borne diseases,enfermedades transmitidas por mosquitos,bệnh do muỗi truyền,الأمراض التي ينقلها البعوض,durch Mücken übertragene Krankheiten,मच्छर जनित रोग,蚊媒介性疾患
motion sickness,mareo por movimiento,say tàu xe,دوار الحركة,Reisekrankheit,मोशन सिकनेस,乗り物酔い
motivation: how to get started,Motivación: cómo empezar,Động lực: Làm thế nào để bắt đầu,الدافع: كيفية البدء,Motivation: Wie fängt man an?,प्रेरणा: शुरुआत कैसे करें,モチベーション：始め方
motor neurone disease,enfermedad de la neurona motora,bệnh thoái hóa thần kinh vận động,مرض العصبون الحركي,Motoneuronerkrankung,मोटर न्यूरॉन रोग,運動ニューロン疾患
mountain sickness,mal de altura,bệnh núi,داء المرتفعات,Höhenkrankheit,पर्वतीय रोग,高山病
mouth and teeth,boca y dientes,miệng và răng,الفم والأسنان,Mund und Zähne,मुंह और दांत,口と歯
mouth and tongue cuts,Cortes en la boca y la lengua,vết cắt miệng và lưỡi,جروح الفم واللسان,Schnitte im Mund- und Zungenbereich,मुंह और जीभ में कट,口と舌の切り傷
mouth cancer,cáncer de boca,ung thư miệng,سرطان الفم,Mundkrebs,मुंह का कैंसर,口腔がん
mouth diseases and conditions,enfermedades y afecciones bucales,các bệnh và tình trạng về miệng,أمراض وحالات الفم,Mundkrankheiten und -zustände,मुंह के रोग और स्थितियां,口腔疾患および症状
mouth sores and ulcers,llagas y úlceras en la boca,vết loét và vết thương trong miệng,تقرحات الفم,Mundgeschwüre und Aphten,मुंह के छाले और घाव,口内炎と潰瘍
movement disorders,trastornos del movimiento,rối loạn vận động,اضطرابات الدورة الشهرية,Bewegungsstörungen,गति विकार,運動障害
mpox,mpox,mpox,mpox,mpox,mpox,mpox
mri,resonancia magnética,chụp cộng hưởng từ,التصوير بالرنين المغناطيسي,MRT,एमआरआई,MRI
mrsa,SARM,mrsa,MRSA,MRSA,मरसा,MRSA
ms,EM,bệnh đa xơ cứng,آنسة,MS,एमएस,MS
ms-2 step,Paso ms-2,bước ms-2,الخطوة ms-2,ms-2 Schritt,एमएस-2 चरण,ms-2ステップ
multiple myeloma,mieloma múltiple,bệnh đa u tủy,ورم نقيي متعدد,Multiples Myelom,एकाधिक मायलोमा,多発性骨髄腫
multiple personality disorder,trastorno de personalidad múltiple,rối loạn đa nhân cách,اضطراب الشخصية المتعددة,multiple Persönlichkeitsstörung,बहु व्यक्तित्व विकार,多重人格障害
multiple sclerosis,esclerosis múltiple,bệnh đa xơ cứng,تصلب متعدد,Multiple Sklerose,मल्टीपल स्क्लेरोसिस,多発性硬化症
mumps,paperas,quai bị,النكاف,Mumps,कण्ठमाला का रोग,おたふく風邪
murray valley encephalitis,encefalitis del valle de Murray,viêm não thung lũng Murray,التهاب الدماغ في وادي موراي,Murray-Valley-Enzephalitis,मरे घाटी एन्सेफलाइटिस,マレーバレー脳炎
muscle aches and pains,dolores y molestias musculares,đau nhức cơ bắp,آلام العضلات,Muskelkater und -schmerzen,मांसपेशियों में दर्द और पीड़ा,筋肉の痛み
muscle mass,masa muscular,khối lượng cơ bắp,كتلة العضلات,Muskelmasse,मांसपेशियों,筋肉量
muscle relaxation and stress relief,relajación muscular y alivio del estrés,thư giãn cơ bắp và giảm căng thẳng,استرخاء العضلات وتخفيف التوتر,Muskelentspannung und Stressabbau,मांसपेशियों को आराम और तनाव से राहत,筋肉の弛緩とストレス解消
muscular dystrophy,distrofia muscular,loạn dưỡng cơ,ضمور العضلات,Muskeldystrophie,मांसपेशीय डिस्ट्रॉफी,筋ジストロフィー
my health record,mi historial médico,hồ sơ sức khỏe của tôi,سجلي الصحي,meine Gesundheitsakte,मेरा स्वास्थ्य रिकॉर्ड,私の健康記録
myalgic encephalomyelitis,encefalomielitis miálgica,viêm não cơ,التهاب الدماغ والنخاع العضلي المؤلم,Myalgische Enzephalomyelitis,मायलजिक एन्सेफेलोमाइलाइटिस,筋痛性脳脊髄炎
myasthenia gravis,miastenia gravis,bệnh nhược cơ,الوهن العضلي الوبيل,Myasthenia gravis,मियासथीनिया ग्रेविस,重症筋無力症
mycoplasma pneumoniae,micoplasma pneumoniae,vi khuẩn Mycoplasma pneumoniae,الميكوبلازما الرئوية,Mycoplasma pneumoniae,माइकोप्लाज्मा न्यूमोनिया,マイコプラズマ肺炎
myocardial infarction,"formal: infarto de miocardio | informal: ataque al corazón, infarto de miocardio","formal: nhồi máu cơ tim | informal: đột quỵ tim, đau tim",formal: احتشاء عضلة القلب | informal: نوبة قلبية,formal: Myokardinfarkt | informal: Herzinfarkt,formal: मायोकार्डियल इन्फार्क्शन | informal: दिल का दौरा,"formal: 心筋梗塞 | informal: 心臓麻痺, 心臓発作"
myocarditis,miocarditis,viêm cơ tim,التهاب عضل القلب,Myokarditis,मायोकार्डिटिस,心筋炎
myoma,mioma,u xơ tử cung,ورم ليفي,Myom,मायोमा,子宮筋腫
myopia,miopía,cận thị,قصر النظر,Kurzsichtigkeit,मायोपिया,近視
myringoplasty,miringoplastia,phẫu thuật vá màng nhĩ,رأب طبلة الأذن,Myringoplastik,मायरिंगोप्लास्टी,鼓膜形成術
nappy rash,dermatitis del pañal,hăm tã,طفح الحفاض,Windeldermatitis,नेपी रेश,おむつかぶれ
narcissistic personality disorder,trastorno de personalidad narcisista,rối loạn nhân cách ái kỷ,اضطراب الشخصية النرجسية,narzisstische Persönlichkeitsstörung,आत्ममुग्ध व्यक्तित्व विकार,自己愛性パーソナリティ障害
natural disasters,desastres naturales,thiên tai,الكوارث الطبيعية,Naturkatastrophen,प्राकृतिक आपदाएं,自然災害
natural family planning,planificación familiar natural,kế hoạch hóa gia đình tự nhiên,تنظيم الأسرة الطبيعي,natürliche Familienplanung,प्राकृतिक परिवार नियोजन,自然家族計画
nausea,"formal: náuseas | informal: ganas de vomitar, revuelto del estómago","formal: buồn nôn | informal: nôn nao, mắc ói","formal: غثيان | informal: لوعة, غثيان في المعدة","formal: Übelkeit | informal: Unwohlsein, Flaues Gefühl im Magen","formal: मतली | informal: उबकाई आना, जी घबराना","formal: 吐き気 | informal: 気持ち悪さ, 吐き気がする"
nausea - morning sickness,náuseas - vómitos matutinos,buồn nôn - ốm nghén,الغثيان - غثيان الصباح,Übelkeit - Schwangerschaftsübelkeit,मतली - मॉर्निंग सिकनेस,吐き気 - つわり
neck pain,dolor de cuello,đau cổ,ألم في الرقبة,Nackenschmerzen,गर्दन में दर्द,首の痛み
necrotising fasciitis,fascitis necrosante,viêm cân hoại tử,التهاب اللفافة الناخر,nekrotisierende Fasziitis,नेक्रोटाइजिंग फासिटिस,壊死性筋膜炎
needlestick injuries,lesiones por pinchazos de aguja,chấn thương do kim đâm,إصابات وخز الإبر,Nadelstichverletzungen,सुई चुभने से होने वाली चोटें,針刺し事故
nephrostomy,nefrostomía,mở thông thận,فغر الكلية,Nephrostomie,नेफ्रोस्टोमी,腎瘻造設術
nephrotic syndrome,síndrome nefrótico,hội chứng thận hư,المتلازمة الكلوية,nephrotisches Syndrom,नेफ़्रोटिक सिंड्रोम,ネフローゼ症候群
nerve pain,neuralgia,đau dây thần kinh,ألم عصبي المنشأ,Nervenschmerzen,तंत्रिका दर्द,神経痛
nerve pain medication,medicamentos para el dolor nervioso,thuốc giảm đau thần kinh,مسكنات آلام الأعصاب,Medikamente gegen Nervenschmerzen,तंत्रिका दर्द की दवा,神経痛薬
nervous breakdown,crisis nerviosa,suy sụp thần kinh,انهيار عصبي,Nervenzusammenbruch,तंत्रिका अवरोध,神経衰弱
nervous system,sistema nervioso,hệ thần kinh,الجهاز العصبي,Nervensystem,तंत्रिका तंत्र,神経系
nervous system diseases,enfermedades del sistema nervioso,bệnh lý hệ thần kinh,أمراض الجهاز العصبي,Erkrankungen des Nervensystems,तंत्रिका तंत्र रोग,神経系の疾患
nettle rash,erupción por ortiga,phát ban do cây tầm ma,طفح القراص,Nesselausschlag,बिछुआ के चकत्ते,蕁麻疹
neuroblastoma in children,neuroblastoma en niños,u nguyên bào thần kinh ở trẻ em,الورم الأرومي العصبي عند الأطفال,Neuroblastom bei Kindern,बच्चों में न्यूरोब्लास्टोमा,小児の神経芽腫
neurodiversity and neurodivergence,neurodiversidad y neurodivergencia,sự đa dạng thần kinh và sự khác biệt thần kinh,التنوع العصبي والاختلاف العصبي,Neurodiversität und Neurodivergenz,न्यूरोडायवर्सिटी और न्यूरोडायवर्जेंस,神経多様性と神経発達
neuroendocrine cancers,cánceres neuroendocrinos,ung thư thần kinh nội tiết,سرطانات الغدد الصماء العصبية,neuroendokrine Tumoren,न्यूरोएंडोक्राइन कैंसर,神経内分泌腫瘍
neurofibromatosis,neurofibromatosis,bệnh u sợi thần kinh,الورم الليفي العصبي,Neurofibromatose,न्यूरोफाइब्रोमेटोसिस,神経線維腫症
neurologist,neurólogo,bác sĩ thần kinh,طبيب أعصاب,Neurologe,न्यूरोलॉजिस्ट,神経科医
neuromuscular system,sistema neuromuscular,hệ thần kinh cơ,الجهاز العصبي العضلي,neuromuskuläres System,तंत्रिकामांसपेशी प्रणाली,神経筋系
neuropathy,neuropatía,bệnh thần kinh,اعتلال الأعصاب,Neuropathie,न्युरोपटी,神経障害
neurosurgeon,neurocirujano,bác sĩ phẫu thuật thần kinh,جراح أعصاب,Neurochirurg,न्यूरोसर्जन,脳神経外科医
neutropenia,neutropenia,giảm bạch cầu trung tính,قلة العدلات,Neutropenie,न्यूट्रोपिनिय,好中球減少症
nicotine and smoking,nicotina y tabaquismo,nicotine và hút thuốc,النيكوتين والتدخين,Nikotin und Rauchen,निकोटिन और धूम्रपान,ニコチンと喫煙
nicotine dependence medicines,medicamentos para la dependencia de la nicotina,thuốc điều trị nghiện nicotine,أدوية علاج إدمان النيكوتين,Medikamente gegen Nikotinabhängigkeit,निकोटिन की लत की दवाएँ,ニコチン依存症治療薬
night sweats,sudores nocturnos,đổ mồ hôi ban đêm,التعرق الليلي,Nachtschweiß,रात का पसीना,寝汗
nipah virus,virus nipah,virus nipah,فيروس نيباه,Nipah-Virus,निपाह वायरस,ニパウイルス
nocturia,noche,tiểu đêm,التبول الليلي,Nykturie,निशामेह,夜間頻尿
non-hodgkin lymphoma,linfoma no Hodgkin,u lympho không Hodgkin,سرطان الغدد الليمفاوية اللاهودجكينية,Non-Hodgkin-Lymphom,नॉन-हॉजकिन लिंफोमा,非ホジキンリンパ腫
non-hodgkin lymphoma in children,linfoma no Hodgkin en niños,u lympho không Hodgkin ở trẻ em,سرطان الغدد الليمفاوية اللاهودجكينية عند الأطفال,Non-Hodgkin-Lymphom bei Kindern,बच्चों में नॉन-हॉजकिन लिंफोमा,小児の非ホジキンリンパ腫
noonan syndrome,síndrome de Noonan,hội chứng Noonan,متلازمة نونان,Noonan-Syndrom,नूनन सिंड्रोम,ヌーナン症候群
norovirus infection,infección por norovirus,nhiễm trùng norovirus,عدوى فيروس نوروفيروس,Norovirus-Infektion,नोरोवायरस संक्रमण,ノロウイルス感染症
nose and throat,nariz y garganta,mũi và họng,الأنف والحلق,Nase und Rachen,नाक और गला,鼻と喉
nose cancer,cáncer de nariz,ung thư mũi,سرطان الأنف,Nasenkrebs,नाक का कैंसर,鼻がん
nosebleeds,hemorragias nasales,chảy máu mũi,نزيف الأنف,Nasenbluten,नाक से खून आना,鼻血
notification of illness and disease,notificación de enfermedades y dolencias,thông báo về bệnh tật,الإبلاغ عن المرض والحالة الصحية,Meldung von Krankheit und Krankheit,बीमारी और रोग की सूचना,病気および疾病の届出
nurses,enfermeras,y tá,الممرضات,Krankenschwestern,नर्स,看護師
nursing home care,atención en residencia de ancianos,chăm sóc tại nhà dưỡng lão,رعاية المسنين في دور الرعاية,Pflegeheimbetreuung,नर्सिंग होम देखभाल,介護施設でのケア
nursing post,puesto de enfermería,vị trí điều dưỡng,وظيفة التمريض,Krankenpflegestelle,नर्सिंग पद,看護師の投稿
nut allergies,alergias a los frutos secos,dị ứng hạt,حساسية المكسرات,Nussallergien,मेवों से एलर्जी,ナッツアレルギー
nutrition,nutrición,dinh dưỡng,تَغذِيَة,Ernährung,पोषण,栄養
nutrition and healthy eating,nutrición y alimentación saludable,dinh dưỡng và ăn uống lành mạnh,التغذية والأكل الصحي,Ernährung und gesunde Ernährung,पोषण और स्वस्थ खानपान,栄養と健康的な食生活
obesity,obesidad,béo phì,بدانة,Fettleibigkeit,मोटापा,肥満
obesity in children,obesidad en niños,béo phì ở trẻ em,السمنة عند الأطفال,Fettleibigkeit bei Kindern,बच्चों में मोटापा,小児肥満
object,objeto,sự vật,هدف,Objekt,वस्तु,物体
objects in the ear,objetos en el oído,vật thể trong tai,أجسام في الأذن,Gegenstände im Ohr,कान में वस्तुएं,耳の中の異物
objects in the nose,objetos en la nariz,vật thể trong mũi,أجسام في الأنف,Fremdkörper in der Nase,नाक में वस्तुएं,鼻の中の異物
objects or chemicals in the eye,objetos o sustancias químicas en el ojo,vật thể hoặc hóa chất trong mắt,دخول أجسام غريبة أو مواد كيميائية في العين,Fremdkörper oder Chemikalien im Auge,आँख में वस्तुएँ या रसायन चले जाना,目に異物や化学物質が入った場合
obsessive-compulsive disorder,trastorno obsesivo compulsivo,chứng rối loạn ám ảnh cưỡng chế,اضطراب الوسواس القهري,Zwangsstörung,अनियंत्रित जुनूनी विकार,強迫性障害
obstructive sleep apnoea,apnea obstructiva del sueño,chứng ngưng thở khi ngủ do tắc nghẽn,انقطاع النفس الانسدادي النومي,obstruktive Schlafapnoe,अवरोधक स्लीप एपनिया,閉塞性睡眠時無呼吸
occupational therapy,terapia ocupacional,trị liệu nghề nghiệp,العلاج الوظيفي,Beschäftigungstherapie,व्यावसायिक चिकित्सा,作業療法
oesophageal cancer,cáncer de esófago,ung thư thực quản,سرطان المريء,Speiseröhrenkrebs,ग्रासनली का कैंसर,食道がん
oestrogen blood test,análisis de sangre de estrógeno,xét nghiệm máu estrogen,اختبار هرمون الاستروجين في الدم,Östrogen-Bluttest,एस्ट्रोजन रक्त परीक्षण,エストロゲン血液検査
older adults,adultos mayores,người lớn tuổi,كبار السن,ältere Erwachsene,वृद्ध वयस्कों,高齢者
older people and depression,personas mayores y depresión,người cao tuổi và chứng trầm cảm,كبار السن والاكتئاب,ältere Menschen und Depression,वृद्ध लोग और अवसाद,高齢者と鬱病
older people and mental health,personas mayores y salud mental,người cao tuổi và sức khỏe tâm thần,كبار السن والصحة النفسية,ältere Menschen und psychische Gesundheit,बुजुर्ग लोग और मानसिक स्वास्थ्य,高齢者とメンタルヘルス
oncologist,oncólogo,bác sĩ ung thư,طبيب أورام,Onkologe,ऑन्कोलॉजिस्ट,腫瘍専門医
oophorectomy,ooforectomía,cắt bỏ buồng trứng,استئصال المبيض,Ovarektomie,अंडाशय को निकालना,卵巣摘出術
open cholecystectomy,colecistectomía abierta,phẫu thuật cắt bỏ túi mật mở,استئصال المرارة المفتوح,offene Cholezystektomie,ओपन कोलेसिस्टेक्टॉमी,開腹胆嚢摘出術
open incisional hernia repair,reparación abierta de hernia incisional,phẫu thuật sửa chữa thoát vị vết mổ hở,إصلاح الفتق الجراحي المفتوح,offene Narbenhernienreparation,ओपन इनसिजनल हर्निया रिपेयर,切開ヘルニア修復術
open inguinal hernia repair,reparación abierta de hernia inguinal,phẫu thuật sửa chữa thoát vị bẹn hở,إصلاح الفتق الإربي المفتوح,offene Leistenbruchoperation,ओपन इंगुइनल हर्निया की मरम्मत,鼠径ヘルニアの開腹修復
open tmj surgery,Cirugía abierta de la ATM,phẫu thuật mở khớp thái dương hàm,جراحة المفصل الصدغي الفكي المفتوحة,offene Kiefergelenksoperation,ओपन टीएमजे सर्जरी,顎関節開放手術
ophthalmologist,oftalmólogo,bác sĩ nhãn khoa,طبيب عيون,Augenarzt,नेत्र-विशेषज्ञ,眼科医
opioid medicines,medicamentos opioides,thuốc opioid,الأدوية الأفيونية,Opioidmedikamente,ओपिओइड दवाएँ,オピオイド系医薬品
opioid medicines and pain,medicamentos opioides y dolor,thuốc giảm đau opioid và cơn đau,الأدوية الأفيونية ومسكنات الألم,Opioidmedikamente und Schmerzen,ओपिओइड दवाएं और दर्द,オピオイド系鎮痛薬と痛み
opioid safety,seguridad de los opioides,an toàn opioid,سلامة المواد الأفيونية,Sicherheit im Umgang mit Opioiden,ओपिओइड सुरक्षा,オピオイドの安全性
opioid withdrawal symptoms,síntomas de abstinencia de opioides,triệu chứng cai nghiện opioid,أعراض انسحاب المواد الأفيونية,Opioidentzugssymptome,ओपिओइड वापसी के लक्षण,オピオイド離脱症状
optic neuritis,neuritis óptica,viêm dây thần kinh thị giác,التهاب العصب البصري,Optikusneuritis,ऑप्टिक न्यूरिटिस,視神経炎
options for feeding your baby,opciones para alimentar a tu bebé,các lựa chọn để cho bé ăn,خيارات لإطعام طفلك,Möglichkeiten zur Fütterung Ihres Babys,अपने बच्चे को खिलाने के विकल्प,赤ちゃんに授乳するための選択肢
options for managing chronic pain,Opciones para el manejo del dolor crónico,các lựa chọn để kiểm soát cơn đau mãn tính,خيارات إدارة الألم المزمن,Optionen zur Behandlung chronischer Schmerzen,दीर्घकालिक दर्द के प्रबंधन के विकल्प,慢性疼痛の管理方法
oral sex and mouth care,sexo oral y cuidado bucal,quan hệ tình dục bằng miệng và chăm sóc răng miệng,الجنس الفموي والعناية بالفم,Oralsex und Mundpflege,मुख मैथुन और मुंह की देखभाल,オーラルセックスと口腔ケア
oral thrush,candidiasis oral,nấm miệng,داء المبيضات الفموي,Mundsoor,मुंह का छाला,口腔カンジダ症
orchidopexy for a palpable testicle,Orquidopexia para un testículo palpable,Phẫu thuật cố định tinh hoàn cho trường hợp tinh hoàn sờ thấy được,تثبيت الخصية في حالة وجود خصية ملموسة,Orchidopexie bei einem tastbaren Hoden,स्पर्शनीय वृषण के लिए ऑर्किडोपेक्सी,触知可能な精巣に対する精巣固定術
organ and tissue donation,donación de órganos y tejidos,hiến tặng nội tạng và mô,التبرع بالأعضاء والأنسجة,Organ- und Gewebespende,अंग और ऊतक दान,臓器および組織の提供
organ transplants,trasplantes de órganos,cấy ghép nội tạng,عمليات زرع الأعضاء,Organtransplantationen,अंग प्रत्यारोपण,臓器移植
orthodontic treatments,tratamientos de ortodoncia,điều trị chỉnh nha,علاجات تقويم الأسنان,kieferorthopädische Behandlungen,ऑर्थोडॉन्टिक उपचार,歯列矯正治療
orthodontists,ortodoncistas,bác sĩ chỉnh nha,أخصائيو تقويم الأسنان,Kieferorthopäden,दाँतों,矯正歯科医
osteoarthritis,osteoartritis,viêm khớp thoái hóa,هشاشة العظام,Arthrose,पुराने ऑस्टियोआर्थराइटिस,変形性関節症
osteoarthritis medication,medicamentos para la osteoartritis,thuốc điều trị viêm xương khớp,أدوية التهاب المفاصل,Medikamente gegen Arthrose,ऑस्टियोआर्थराइटिस की दवा,変形性関節症の薬
osteomyelitis,osteomielitis,viêm xương tủy,التهاب العظم والنقي,Osteomyelitis,अस्थिमज्जा का प्रदाह,骨髄炎
osteopathy,osteopatía,liệu pháp nắn xương,طب تقويم العظام,Osteopathie,अस्थिरोगविज्ञानी,オステオパシー
osteopenia,osteopenia,loãng xương,هشاشة العظام,Osteopenie,ऑस्टियोपेनिया,骨減少症
osteoporosis,osteoporosis,loãng xương,هشاشة العظام,Osteoporose,ऑस्टियोपोरोसिस,骨粗鬆症
osteoporosis medicines,medicamentos para la osteoporosis,thuốc loãng xương,أدوية هشاشة العظام,Osteoporose-Medikamente,ऑस्टियोपोरोसिस की दवाएँ,骨粗鬆症治療薬
osteosarcoma,osteosarcoma,ung thư xương,ساركوما العظام,Osteosarkom,ऑस्टियो सार्कोमा,骨肉腫
ostomy,ostomía,hậu môn nhân tạo,فغر القولون,Stoma,ओस्टोमी,ストーマ
otitis externa,otitis externa,viêm tai ngoài,التهاب الأذن الخارجية,Otitis externa,ओटाइटिस एक्सटर्ना,外耳炎
otosclerosis,otosclerosis,xơ cứng tai,تصلب الأذن,Otosklerose,Otosclerosis,耳硬化症
ovarian cancer,cáncer de ovario,ung thư buồng trứng,سرطان المبيض,Eierstockkrebs,अंडाशयी कैंसर,卵巣がん
ovarian cysts,quistes ováricos,u nang buồng trứng,أكياس المبيض,Eierstockzysten,अंडाशय की सिस्ट,卵巣嚢胞
ovarian torsion,torsión ovárica,xoắn buồng trứng,التواء المبيض,Eierstocktorsion,अंडाशय मरोड़,卵巣捻転
ovariectomy,ovariectomía,cắt bỏ buồng trứng,استئصال المبيض,Ovarektomie,अंडाशय को हटा देना,卵巣摘出術
over the counter medicines,medicamentos de venta libre,thuốc không cần kê đơn,الأدوية التي تُصرف بدون وصفة طبية,rezeptfreie Medikamente,बिना डॉक्टर के पर्चे के मिलने वाली दवाएँ,市販薬
overactive thyroid,tiroides hiperactiva,tuyến giáp hoạt động quá mức,فرط نشاط الغدة الدرقية,Schilddrüsenüberfunktion,अतिसक्रिय थायरॉइड,甲状腺機能亢進症
overdose,sobredosis,quá liều,جرعة زائدة,Überdosis,जरूरत से ज्यादा,過剰摂取
overweight children,niños con sobrepeso,trẻ em thừa cân,الأطفال الذين يعانون من زيادة الوزن,übergewichtige Kinder,अधिक वजन वाले बच्चे,太りすぎの子供たち
oxycodone,oxicodona,oxycodone,أوكسيكودون,Oxycodon,ऑक्सीकोडोन,オキシコドン
oxytocin,oxitocina,oxytocin,الأوكسيتوسين,Oxytocin,ऑक्सीटोसिन,オキシトシン
pacemaker,marcapasos,máy tạo nhịp tim,أجهزة تنظيم ضربات القلب,Schrittmacher,पेसमेकर,ペースメーカー
paediatricians,pediatras,bác sĩ nhi khoa,أطباء الأطفال,Kinderärzte,बाल रोग,小児科医
paget's disease of bone,enfermedad de Paget ósea,bệnh Paget xương,مرض باجيت العظمي,Morbus Paget der Knochen,हड्डी का पैगेट रोग,骨のパジェット病
pain,dolor,nỗi đau,ألم,Schmerz,दर्द,痛み
pain and aches,dolor y molestias,đau nhức,الألم والوجع,Schmerzen und Beschwerden,दर्द और पीड़ा,痛みとうずき
pain and opioid medicines,analgésicos y opioides,thuốc giảm đau và thuốc opioid,مسكنات الألم والأدوية الأفيونية,Schmerzmittel und Opioidmedikamente,दर्द निवारक और ओपिओइड दवाएं,痛みとオピオイド系鎮痛薬
pain in groin,dolor en la ingle,đau háng,ألم في منطقة الفخذ,Schmerzen in der Leiste,कमर में दर्द,鼠径部の痛み
pain question planner,planificador de preguntas sobre el dolor,công cụ lập kế hoạch câu hỏi về cơn đau,مخطط أسئلة الألم,Schmerzfrageplaner,दर्द संबंधी प्रश्न योजनाकार,痛みに関する質問プランナー
pain relief,alivio del dolor,giảm đau,تسكين الألم,Schmerzlinderung,दर्द से राहत,痛みの緩和
pain relief after surgery,alivio del dolor después de la cirugía,giảm đau sau phẫu thuật,تسكين الألم بعد الجراحة,Schmerzlinderung nach der Operation,सर्जरी के बाद दर्द से राहत,手術後の痛みの緩和
pain-relief medicines,medicamentos para aliviar el dolor,thuốc giảm đau,أدوية تسكين الألم,Schmerzmittel,दर्द निवारक दवाएँ,鎮痛剤
painful periods,períodos dolorosos,kinh nguyệt đau,آلام الدورة الشهرية,schmerzhafte Perioden,दर्दनाक मासिक धर्म,生理痛
painful sex,sexo doloroso,quan hệ tình dục đau đớn,ممارسة الجنس المؤلمة,schmerzhafter Sex,दर्दनाक सेक्स,痛みを伴うセックス
painkillers,analgésicos,thuốc giảm đau,مسكنات الألم,Schmerzmittel,दर्दनाशक,鎮痛剤
palliative care,cuidados paliativos,chăm sóc giảm nhẹ,الرعاية التلطيفية,Palliativpflege,प्रशामक देखभाल,緩和ケア
palpitations,palpitaciones,tim đập nhanh,خفقان القلب,Herzklopfen,धड़कन तेज़ होना,動悸
pam,Pam,pam,بام,Pam,पाम,パム
pancreas,páncreas,tuyến tụy,البنكرياس,Pankreas,अग्न्याशय,膵臓
pancreatic cancer,cáncer de páncreas,ung thư tuyến tụy,سرطان البنكرياس,Bauchspeicheldrüsenkrebs,अग्न्याशय का कैंसर,膵臓癌
pancreatitis,pancreatitis,viêm tụy,التهاب البنكرياس,Pankreatitis,अग्नाशयशोथ,膵炎
pandemics,pandemias,đại dịch,الأوبئة,Pandemien,महामारियां,パンデミック
panic attacks and panic disorder,ataques de pánico y trastorno de pánico,các cơn hoảng loạn và rối loạn hoảng loạn,نوبات الهلع واضطراب الهلع,Panikattacken und Panikstörung,घबराहट के दौरे और घबराहट विकार,パニック発作とパニック障害
pap smear,citología vaginal,phết tế bào cổ tử cung,مسحة عنق الرحم,Pap-Abstrich,पैप स्मीयर,パップテスト
paracentesis,paracentesis,chọc hút dịch màng bụng,بزل البطن,Parazentese,पैरासेन्टेसिस,腹水穿刺
paramedics,paramédicos,nhân viên cứu hộ,المسعفون,Rettungssanitäter,सहयोगी,救急隊員
paranoia,paranoia,chứng hoang tưởng,جنون العظمة,Paranoia,पागलपन,パラノイア
parasite conditions,condiciones parasitarias,tình trạng ký sinh trùng,حالات الإصابة بالطفيليات,Parasitenbefall,परजीवी स्थितियाँ,寄生虫の状態
parathyroid glands,glándulas paratiroides,tuyến cận giáp,الغدد جارات الدرقية,Nebenschilddrüsen,पैराथाइरॉइड ग्रंथियां,副甲状腺
parathyroidectomy,paratiroidectomía,phẫu thuật cắt bỏ tuyến cận giáp,استئصال الغدة الدرقية,Parathyreoidektomie,पैराथाइरोइडेक्टॉमी,副甲状腺切除術
paratyphoid and typhoid fever,fiebre paratifoidea y fiebre tifoidea,bệnh phó thương hàn và sốt thương hàn,حمى نظيرة التيفوئيد وحمى التيفوئيد,Paratyphus und Typhus,पैराटाइफाइड और टाइफाइड बुखार,パラチフスと腸チフス
paraumbilical and umbilical hernia repair,Reparación de hernias paraumbilicales y umbilicales,Phẫu thuật sửa chữa thoát vị rốn và thoát vị cạnh rốn,إصلاح الفتق حول السرة والفتق السري,Reparatur von paraumbilikalen und Nabelhernien,पैराअम्बिलिकल और अम्बिलिकल हर्निया की मरम्मत,臍傍ヘルニアおよび臍ヘルニアの修復
parechovirus,parechovirus,virus parechovirus,فيروس باريكو,Parechovirus,पैरेकोवायरस,パレコウイルス
parkinson's disease,enfermedad de Parkinson,bệnh Parkinson,مرض باركنسون,Parkinson-Krankheit,पार्किंसंस रोग,パーキンソン病
party drugs,drogas de fiesta,thuốc kích thích dùng trong tiệc tùng,مخدرات الحفلات,Partydrogen,पार्टी ड्रग्स,パーティー用ドラッグ
parvovirus b19,parvovirus b19,parvovirus b19,فيروس بارفو ب19,Parvovirus B19,पार्वोवायरस बी19,パルボウイルスB19
passive smoking,tabaquismo pasivo,hút thuốc thụ động,التدخين السلبي,Passivrauchen,अनिवारक धूम्रपान,受動喫煙
patient assisted travel schemes,programas de asistencia para pacientes en viajes,các chương trình hỗ trợ đi lại cho bệnh nhân,برامج السفر بمساعدة المرضى,Patientenunterstützte Reiseprogramme,रोगी सहायता प्राप्त यात्रा योजनाएँ,患者支援旅行制度
paying for dental care,pagar por la atención dental,chi trả cho dịch vụ chăm sóc răng miệng,دفع تكاليف العناية بالأسنان,Kosten für zahnärztliche Versorgung,दंत चिकित्सा देखभाल के लिए भुगतान करना,歯科治療費の支払い
paying for diagnostic testing,pago de pruebas diagnósticas,chi trả cho xét nghiệm chẩn đoán,دفع تكاليف الفحوصات التشخيصية,Kosten für diagnostische Tests,नैदानिक ​​परीक्षण के लिए भुगतान करना,診断検査費用を支払う
pcos,síndrome de ovario poliquístico,PCOS,تكيس المبايض,PCOS,पीसीओ,PCOS
peanut allergies,alergias al cacahuete,dị ứng đậu phộng,حساسية الفول السوداني,Erdnussallergien,मूंगफली से एलर्जी,ピーナッツアレルギー
peanut allergy,alergia al cacahuete,dị ứng đậu phộng,حساسية الفول السوداني,Erdnussallergie,मूंगफली से एलर्जी,ピーナッツアレルギー
peg tube placement,Colocación del tubo de clavija,đặt ống chốt,وضع أنبوب التغذية,PEG-Rohr-Platzierung,पेग ट्यूब प्लेसमेंट,ペグチューブの配置
pelvic floor exercises,ejercicios del suelo pélvico,bài tập sàn chậu,تمارين قاع الحوض,Beckenbodenübungen,श्रोणि तल के व्यायाम,骨盤底筋エクササイズ
pelvic inflammatory disease,enfermedad inflamatoria pélvica,bệnh viêm vùng chậu,مرض التهاب الحوض,Beckenentzündung,श्रोणि सूजन बीमारी,骨盤内炎症性疾患
pelvic pain,dolor pélvico,đau vùng chậu,ألم الحوض,Beckenschmerzen,श्रोणि में दर्द,骨盤痛
penicillin,penicilina,penicillin,البنسلين,Penicillin,पेनिसिलिन,ペニシリン
penis care,cuidado del pene,chăm sóc dương vật,العناية بالقضيب,Penispflege,लिंग की देखभाल,ペニスケア
penis injury,lesión de pene,chấn thương dương vật,إصابة في القضيب,Penisverletzung,लिंग में चोट,陰茎損傷
penis irritation,irritación del pene,kích ứng dương vật,تهيج القضيب,Penisreizung,लिंग में जलन,陰茎の炎症
penis problems,problemas del pene,vấn đề về dương vật,مشاكل القضيب,Penisprobleme,लिंग संबंधी समस्याएं,ペニスの問題
people in rural or remote locations and mental health,personas en zonas rurales o remotas y salud mental,người dân ở vùng nông thôn hoặc vùng hẻo lánh và sức khỏe tâm thần,الأشخاص في المناطق الريفية أو النائية والصحة النفسية,Menschen in ländlichen oder abgelegenen Gebieten und psychische Gesundheit,ग्रामीण या दूरस्थ स्थानों में रहने वाले लोग और उनका मानसिक स्वास्थ्य,農村部や遠隔地に住む人々とメンタルヘルス
pep,energía,sự hăng hái,بيب,Pep,जोश,ペップ
percutaneous coronary intervention,intervención coronaria percutánea,can thiệp mạch vành qua da,التدخل التاجي عن طريق الجلد,perkutane Koronarintervention,परक्यूटेनियस कोरोनरी इंटरवेंशन,経皮的冠動脈インターベンション
pericarditis,pericarditis,viêm màng ngoài tim,التهاب التامور,Perikarditis,पेरिकार्डिटिस,心膜炎
perimenopause,perimenopausia,tiền mãn kinh,فترة ما قبل انقطاع الطمث,Perimenopause,perimenopause,更年期移行期
period pain,dolor menstrual,đau bụng kinh,آلام الدورة الشهرية,Regelschmerzen,मासिक धर्म का दर्द,生理痛
period problems,problemas menstruales,vấn đề kinh nguyệt,مشاكل الدورة الشهرية,Periodenprobleme,मासिक धर्म संबंधी समस्याएं,生理の問題
periods,períodos,thời kỳ,فترات,Perioden,अवधि,期間
periods during breastfeeding,períodos durante la lactancia,giai đoạn trong thời kỳ cho con bú,الفترات أثناء الرضاعة الطبيعية,Perioden während des Stillens,स्तनपान के दौरान की अवधि,授乳中の期間
peripheral nerve block,bloqueo de nervios periféricos,phong bế thần kinh ngoại biên,حصر الأعصاب الطرفية,periphere Nervenblockade,परिधीय तंत्रिका ब्लॉक,末梢神経ブロック
peripheral nerve disorders,trastornos de los nervios periféricos,rối loạn thần kinh ngoại biên,اضطرابات الأعصاب الطرفية,Erkrankungen des peripheren Nervensystems,परिधीय तंत्रिका विकार,末梢神経障害
peripheral neuropathy,neuropatía periférica,bệnh thần kinh ngoại biên,اعتلال الأعصاب المحيطية,periphere Neuropathie,परिधीय तंत्रिकाविकृति,末梢神経障害
peripheral vascular disease,enfermedad vascular periférica,bệnh mạch máu ngoại biên,مرض الأوعية الدموية الطرفية,periphere Gefäßerkrankung,बाह्य संवहनी बीमारी,末梢血管疾患
peritoneoscopy,peritoneoscopia,nội soi phúc mạc,تنظير الصفاق,Peritoneoskopie,पेरिटोनोस्कोपी,腹腔鏡検査
peritonitis,peritonitis,viêm phúc mạc,التهاب الصفاق,Peritonitis,पेरिटोनिटिस,腹膜炎
personal hygiene,higiene personal,vệ sinh cá nhân,النظافة الشخصية,persönliche Hygiene,व्यक्तिगत स्वच्छता,個人の衛生
personality disorder,trastorno de la personalidad,rối loạn nhân cách,اضطراب الشخصية,Persönlichkeitsstörung,व्यक्तित्व विकार,人格障害
perthes disease,enfermedad de Perthes,bệnh Perthes,مرض بيرثيز,Morbus Perthes,पर्थेस रोग,ペルテス病
pesticide poisoning,intoxicación por pesticidas,ngộ độc thuốc trừ sâu,التسمم بالمبيدات الحشرية,Pestizidvergiftung,कीटनाशक विषाक्तता,農薬中毒
pet allergy,alergia a las mascotas,dị ứng thú cưng,حساسية الحيوانات الأليفة,Tierhaarallergie,पालतू जानवरों से एलर्जी,ペットアレルギー
pet scan,tomografía por emisión de positrones (PET),chụp PET,فحص PET,PET-Scan,पालतू पशु स्कैन,PETスキャン
pethidine,petidina,pethidine,بيثيدين,Pethidin,pethidine,ペチジン
pets,mascotas,thú cưng,حيوانات أليفة,Haustiere,पालतू जानवर,ペット
pharmaceutical benefits scheme,plan de beneficios farmacéuticos,chương trình trợ cấp dược phẩm,برنامج مزايا الأدوية,Arzneimittel-Leistungsprogramm,दवा लाभ योजना,医薬品給付制度
pharmacist,farmacéutico,dược sĩ,صيدلي,Apotheker,फार्मासिस्ट,薬剤師
pharyngitis,"formal: faringitis | informal: dolor de garganta, faringitis estreptocócica","formal: viêm họng | informal: đau họng, viêm họng liên cầu khuẩn","formal: التهاب البلعوم | informal: احتقان الحلق, التهاب الحلق, التهاب الحلق العقدي","formal: Pharyngitis | informal: Halsschmerzen, Halsentzündung, Streptokokken-Angina","formal: ग्रसनीशोथ | informal: गले में खराश, गला खराब होना, गले का संक्रमण","formal: 咽頭炎 | informal: 喉の痛み, のどの腫れ, 連鎖球菌性咽頭炎"
phenylketonuria,fenilcetonuria,bệnh phenylketonuria,بيلة الفينيل كيتون,Phenylketonurie,फेनिलकेटोनुरिया,フェニルケトン尿症
phobias,fobias,nỗi sợ hãi,الرهاب,Phobien,भय,恐怖症
physical activity,actividad física,hoạt động thể chất,النشاط البدني,körperliche Aktivität,शारीरिक गतिविधि,身体活動
physical activity benefits for children,Beneficios de la actividad física para los niños,Lợi ích của hoạt động thể chất đối với trẻ em,فوائد النشاط البدني للأطفال,Vorteile körperlicher Aktivität für Kinder,बच्चों के लिए शारीरिक गतिविधि के लाभ,子供にとっての身体活動の利点
physical examination by a doctor,examen físico realizado por un médico,khám sức khỏe tổng quát bởi bác sĩ,الفحص البدني من قبل الطبيب,körperliche Untersuchung durch einen Arzt,डॉक्टर द्वारा शारीरिक परीक्षण,医師による身体検査
physical process of dying,proceso físico de morir,quá trình vật lý của cái chết,العملية الجسدية للموت,physischer Sterbeprozess,मरने की शारीरिक प्रक्रिया,死に至る身体的過程
physiotherapy,fisioterapia,vật lý trị liệu,العلاج الطبيعي,Physiotherapie,भौतिक चिकित्सा,理学療法
pica,pica,pica,بيكا,Pica,छापे का पाइका नाप का अक्षर,ピカ
piercing,perforación,xỏ khuyên,ثقب الجسم,Piercing,पियर्सिंग,ピアス
pilonidal disease,enfermedad pilonidal,bệnh nang lông,مرض الناسور الشعري,Pilonidalerkrankung,पिलोनाइडल रोग,毛巣病
pineal gland,glándula pineal,tuyến tùng,الغدة الصنوبرية,Zirbeldrüse,पीनियल ग्रंथि,松果体
pinnaplasty,pinnaplastia,phẫu thuật tạo hình vành tai,عملية تجميل صيوان الأذن,Ohrenkorrektur,पिन्नाप्लास्टी,耳介形成術
pituitary gland,glándula pituitaria,tuyến yên,الغدة النخامية,Hypophyse,पिट्यूटरी ग्रंथि,下垂体
pityriasis rosea,pitiriasis rosada,bệnh vảy phấn hồng,النخالية الوردية,Pityriasis rosea,पिटिरियासिस रोजिया,ジベルバラ色粃糠疹
placenta praevia,placenta previa,nhau tiền đạo,المشيمة المنزاحة,Placenta praevia,प्लेसेंटा प्रीविया,前置胎盤
planning pregnancy,planificación del embarazo,lên kế hoạch mang thai,التخطيط للحمل,Schwangerschaftsplanung,गर्भावस्था की योजना बनाना,妊娠計画
plant stings,picaduras de plantas,cây chích,لسعات النباتات,Pflanzenstiche,पौधे के डंक,植物の毒針
plantar fasciitis,fascitis plantar,viêm cân gan chân,التهاب اللفافة الأخمصية,Plantarfasziitis,प्लांटर फैसिसाइटिस,足底筋膜炎
pleural effusion,derrame pleural,tràn dịch màng phổi,انصباب جنبي,Pleuraerguss,फुफ्फुस बहाव,胸水
pleurisy,pleuritis,viêm màng phổi,التهاب الجنبة,Pleuritis,फुस्फुस के आवरण में शोथ,胸膜炎
pneumococcal disease,enfermedad neumocócica,bệnh phế cầu khuẩn,مرض المكورات الرئوية,Pneumokokkenerkrankung,न्यूमोकोकल रोग,肺炎球菌感染症
pneumonia,neumonía,viêm phổi,التهاب رئوي,Lungenentzündung,न्यूमोनिया,肺炎
pneumothorax,neumotórax,tràn khí màng phổi,استرواح الصدر,Pneumothorax,वातिलवक्ष,気胸
podiatrist,podólogo,bác sĩ chân,مطبب الأرجل,Podologe,पोडियाट्रिस्ट,足病医
poisoning,envenenamiento,ngộ độc,تسمم,Vergiftung,जहर,中毒
polio,polio,bệnh bại liệt,شلل الأطفال,Polio,पोलियो,ポリオ
pollen allergy,alergia al polen,dị ứng phấn hoa,حساسية حبوب اللقاح,Pollenallergie,पराग से एलर्जी,花粉症
polycystic ovarian syndrome,síndrome de ovario poliquístico,hội chứng buồng trứng đa nang,متلازمة تكيس المبايض,polyzystisches Ovarialsyndrom,पॉलीसिस्टिक डिम्बग्रंथि सिंड्रोम,多嚢胞性卵巣症候群
polymyalgia rheumatica,polimialgia reumática,viêm đa cơ dạng thấp,التهاب العضلات الروماتيزمي,Polymyalgia rheumatica,पोलिमेल्जिया रुमेटिका,リウマチ性多発筋痛症
polyps,pólipos,polyp,الزوائد اللحمية,Polypen,जंतु,ポリープ
porphyria,porfiria,bệnh rối loạn chuyển hóa porphyrin,البورفيريا,Porphyrie,आनुवांशिक असामान्यता,ポルフィリン症
positron emission tomography,tomografía por emisión de positrones,chụp cắt lớp phát xạ positron,التصوير المقطعي بالإصدار البوزيتروني,Positronen-Emissions-Tomographie,पॉज़िट्रॉन उत्सर्जन टोमोग्राफी,陽電子放出断層撮影
post menopause,posmenopausia,sau mãn kinh,ما بعد انقطاع الطمث,postmenopausen,रजोनिवृत्ति के बाद,閉経後
post-nasal drip,goteo posnasal,chảy dịch mũi sau,سيلان الأنف الخلفي,postnasales Tropfen,पोस्ट नेज़ल ड्रिप,後鼻漏
post-traumatic stress disorder,trastorno de estrés postraumático,rối loạn căng thẳng sau chấn thương,اضطراب ما بعد الصدمة,posttraumatische Belastungsstörung,अभिघातज के बाद का तनाव विकार,心的外傷後ストレス障害
posterior prolapse,prolapso posterior,sa tạng sau,تدلي الجزء الخلفي من الجسم,hinterer Prolaps,पश्चवर्ती प्रोलैप्स,後方脱出
posterior repair,reparación posterior,sửa chữa phía sau,إصلاح خلفي,hintere Reparatur,पश्चवर्ती मरम्मत,後方修復
postnatal depression,depresión posparto,trầm cảm sau sinh,اكتئاب ما بعد الولادة,postnatale Depression,प्रसवोत्तर अवसाद,産後うつ病
postural orthostatic tachycardia syndrome,síndrome de taquicardia ortostática postural,hội chứng nhịp tim nhanh tư thế đứng,متلازمة تسرع القلب الوضعي الانتصابي,Posturales orthostatisches Tachykardiesyndrom,पोस्टुरल ऑर्थोस्टैटिक टैचीकार्डिया सिंड्रोम,起立性頻脈症候群
potassium and your health,El potasio y su salud,Kali và sức khỏe của bạn,البوتاسيوم وصحتك,Kalium und Ihre Gesundheit,पोटेशियम और आपका स्वास्थ्य,カリウムとあなたの健康
potassium deficiency,deficiencia de potasio,thiếu kali,نقص البوتاسيوم,Kaliummangel,पोटेशियम की कमी,カリウム欠乏症
prader-willi syndrome,síndrome de Prader-Willi,hội chứng Prader-Willi,متلازمة برادر ويلي,Prader-Willi-Syndrom,प्रेडर-विली सिंड्रोम,プラダー・ウィリー症候群
pre-diabetes,prediabetes,tiền tiểu đường,مقدمات السكري,Prädiabetes,पूर्व मधुमेह,糖尿病予備軍
pre-eclampsia,preeclampsia,tiền sản giật,تسمم الحمل,Präeklampsie,पूर्व प्रसवाक्षेप,妊娠高血圧症候群
pre-exposure prophylaxis,profilaxis preexposición,dự phòng trước phơi nhiễm,الوقاية قبل التعرض,Präexpositionsprophylaxe,पूर्व-एक्सपोज़र प्रोफिलैक्सिस,曝露前予防
prednisolone,prednisolona,prednisolone,بريدنيزولون,Prednisolon,प्रेडनिसोलोन,プレドニゾロン
pregnancy,embarazo,mang thai,الحمل,Schwangerschaft,गर्भावस्था,妊娠
pregnancy warning signs,señales de alerta del embarazo,dấu hiệu cảnh báo mang thai,علامات تحذيرية للحمل,Warnzeichen in der Schwangerschaft,गर्भावस्था के चेतावनी संकेत,妊娠の警告サイン
premature and early menopause,menopausia precoz y temprana,mãn kinh sớm và sớm,انقطاع الطمث المبكر وانقطاع الطمث المبكر,vorzeitige und frühe Menopause,असमय और जल्दी रजोनिवृत्ति,早発閉経
premature ejaculation,eyaculación precoz,xuất tinh sớm,سرعة القذف,vorzeitiger Samenerguss,शीघ्रपतन,早漏
premenstrual syndrome,síndrome premenstrual,hội chứng tiền kinh nguyệt,متلازمة ما قبل الحيض,Prämenstruelles Syndrom,प्रागार्तव,月経前症候群
preparing for surgery,preparación para la cirugía,chuẩn bị cho ca phẫu thuật,الاستعداد للجراحة,Vorbereitung auf die Operation,सर्जरी की तैयारी,手術の準備
presbyopia,presbicia,lão thị,قصر النظر الشيخوخي,Alterssichtigkeit,जरादूरदृष्टि,老眼
pressure sores,úlceras por presión,vết loét do áp lực,تقرحات الضغط,Druckgeschwüre,प्रेशर सोर,褥瘡
prickly heat,sarpullido por calor,rôm sảy,الحرارة الشائكة,Hitzepickel,तेज गर्मी के कारण दाने निकलना,あせも
primary aldosteronism,aldosteronismo primario,bệnh cường aldosteron nguyên phát,فرط الألدوستيرونية الأولي,primärer Aldosteronismus,प्राथमिक एल्डोस्टेरोनिज़्म,原発性アルドステロン症
primary amoebic meningoencephalitis,meningoencefalitis amebiana primaria,viêm màng não do amip nguyên phát,التهاب السحايا والدماغ الأميبي الأولي,primäre Amöbenmeningoenzephalitis,प्राथमिक अमीबिक मेनिंगोएन्सेफलाइटिस,原発性アメーバ性髄膜脳炎
primary anti-reflux surgery,cirugía antirreflujo primaria,phẫu thuật chống trào ngược chính,جراحة الارتجاع الأولية,primäre Antireflux-Operation,प्राथमिक एंटी-रिफ्लक्स सर्जरी,一次逆流防止手術
private health insurance,seguro médico privado,bảo hiểm y tế tư nhân,التأمين الصحي الخاص,private Krankenversicherung,निजी स्वास्थ्य बीमा,民間医療保険
probiotics,probióticos,men vi sinh,البروبيوتيك,Probiotika,प्रोबायोटिक्स,プロバイオティクス
proctitis,proctitis,viêm trực tràng,التهاب المستقيم,Proktitis,प्रोक्टाइटिस,直腸炎
progestogen-only contraceptive pill,píldora anticonceptiva de solo progestágeno,thuốc tránh thai chỉ chứa progestogen,حبوب منع الحمل التي تحتوي على البروجستيرون فقط,Gestagen-Monopräparat,केवल प्रोजेस्टोजेन युक्त गर्भनिरोधक गोली,プロゲステロン単剤の経口避妊薬
prolapsed uterus,prolapso uterino,sa tử cung,هبوط الرحم,Gebärmuttervorfall,गर्भाशय का अग्रभाग,子宮脱
prolonged erection,erección prolongada,cương cứng kéo dài,انتصاب مطول,verlängerte Erektion,लंबे समय तक इरेक्शन,持続勃起
prostate cancer,cáncer de próstata,ung thư tuyến tiền liệt,سرطان البروستاتا,Prostatakrebs,प्रोस्टेट कैंसर,前立腺がん
prostate problems,problemas de próstata,các vấn đề về tuyến tiền liệt,مشاكل البروستاتا,Prostataprobleme,प्रोस्टेट संबंधी समस्याएं,前立腺の問題
prostheses,prótesis,bộ phận giả,الأطراف الاصطناعية,Prothesen,कृत्रिम अंग,義肢
protein,proteína,protein,بروتين,Protein,प्रोटीन,タンパク質
prothrombin time,tiempo de protrombina,thời gian prothrombin,زمن البروثرومبين,Prothrombinzeit,प्रोथॉम्बिन समय,プロトロンビン時間
pruritus ani,prurito anal,ngứa hậu môn,حكة شرجية,Pruritus ani,गुदा में खुजली,肛門のかゆみ
psa test,prueba de PSA,xét nghiệm PSA,اختبار مستضد البروستات النوعي (PSA),PSA-Test,पीएसए परीक्षण,PSA検査
psoriasis,soriasis,bệnh vẩy nến,صدفية,Schuppenflechte,सोरायसिस,乾癬
psoriasis medication,medicamentos para la psoriasis,thuốc trị bệnh vảy nến,أدوية الصدفية,Psoriasis-Medikamente,सोरायसिस की दवा,乾癬治療薬
psoriatic arthritis,artritis psoriásica,viêm khớp vảy nến,التهاب المفاصل الصدفي,Psoriasis-Arthritis,सोरायटिक गठिया,乾癬性関節炎
psychiatrist,psiquiatra,bác sĩ tâm thần,طبيب نفساني,Psychiater,मनोचिकित्सक,精神科医
psychological trauma,trauma psicológico,chấn thương tâm lý,الصدمة النفسية,psychisches Trauma,मनोवैज्ञानिक आघात,心理的トラウマ
psychologists,psicólogos,các nhà tâm lý học,علماء النفس,Psychologen,मनोवैज्ञानिकों,心理学者
psychosis,psicosis,loạn thần,ذهان,Psychose,मनोविकृति,精神病
psychotherapy,psicoterapia,liệu pháp tâm lý,العلاج النفسي,Psychotherapie,मनोचिकित्सा,心理療法
ptosis surgery,cirugía de ptosis,phẫu thuật sụp mí mắt,جراحة تدلي الجفن,Ptosis-Operation,पलकों के गिरने की सर्जरी,眼瞼下垂手術
puberty,pubertad,tuổi dậy thì,بلوغ,Pubertät,तरुणाई,思春期
pubic lice,piojos púbicos,rận mu,قمل العانة,Filzläuse,जघन जूँ,陰毛ジラミ
public and private hospital systems,sistemas hospitalarios públicos y privados,hệ thống bệnh viện công và tư,أنظمة المستشفيات العامة والخاصة,öffentliche und private Krankenhaussysteme,सार्वजनिक और निजी अस्पताल प्रणालियाँ,公立および私立病院システム
pulmonary embolism,embolia pulmonar,tắc mạch phổi,الانصمام الرئوي,Lungenembolie,फुफ्फुसीय अंतःशल्यता,肺塞栓症
pulmonary fibrosis,fibrosis pulmonar,xơ phổi,التليف الرئوي,Lungenfibrose,फेफड़े की तंतुमयता,肺線維症
pulmonary hypertension,hipertensión pulmonar,tăng huyết áp động mạch phổi,ارتفاع ضغط الشريان الرئوي,pulmonale Hypertonie,फेफड़ों की धमनियों में उच्च रक्तचाप,肺高血圧症
punch biopsy of a skin lesion,biopsia por punción de una lesión cutánea,sinh thiết bấm lỗ tổn thương da,خزعة جلدية بالثقب,Stanzbiopsie einer Hautläsion,त्वचा के घाव की पंच बायोप्सी,皮膚病変のパンチ生検
pyloromyotomy,piloromiotomía,phẫu thuật cắt cơ môn vị,بضع البواب,Pyloromyotomie,पाइलोरोमायोटॉमी,幽門筋切開術
q fever,fiebre q,sốt q,حمى كيو,Q-Fieber,क्यू बुखार,Q熱
question builder,creador de preguntas,công cụ xây dựng câu hỏi,أداة إنشاء الأسئلة,Fragengenerator,प्रश्न निर्माता,質問作成ツール
questions to ask before taking a medicine,preguntas que debe hacerse antes de tomar un medicamento,Những câu hỏi cần đặt ra trước khi dùng thuốc.,أسئلة يجب طرحها قبل تناول الدواء,"Fragen, die man sich vor der Einnahme eines Medikaments stellen sollte",दवा लेने से पहले पूछे जाने वाले प्रश्न,薬を服用する前に尋ねるべき質問
questions to ask your doctor,preguntas que debe hacerle a su médico,những câu hỏi cần hỏi bác sĩ,أسئلة لطرحها على طبيبك,Fragen an Ihren Arzt,अपने डॉक्टर से पूछने योग्य प्रश्न,医師に尋ねるべき質問
quit smoking,dejar de fumar,bỏ thuốc lá,الإقلاع عن التدخين,Mit dem Rauchen aufhören,धूम्रपान छोड़ने,禁煙する
quitting vaping,dejar de vapear,bỏ thuốc lá điện tử,الإقلاع عن التدخين الإلكتروني,Aufhören mit dem Dampfen,वेपिंग छोड़ना,電子タバコをやめる
rabies,rabia,bệnh dại,داء الكلب,Tollwut,रेबीज,狂犬病
radio-frequency endometrial ablation,ablación endometrial por radiofrecuencia,đốt nội mạc tử cung bằng sóng tần số vô tuyến,استئصال بطانة الرحم بالترددات الراديوية,Radiofrequenzablation des Endometriums,रेडियो-आवृत्ति एंडोमेट्रियल एब्लेशन,高周波子宮内膜アブレーション
radiographer,radiógrafo,kỹ thuật viên chụp X-quang,أخصائي الأشعة,Radiologe,रेडियोग्राफ़ पर काम करनेवाल,放射線技師
radiologist,radiólogo,bác sĩ X quang,أخصائي الأشعة,Radiologe,रेडियोलोकेशन करनेवाला,放射線科医
radiotherapy,radioterapia,xạ trị,العلاج الإشعاعي,Strahlentherapie,रेडियोथेरेपी,放射線療法
rape,violación,hiếp dâm,اغتصاب,vergewaltigen,बलात्कार,レイプ
rashes,erupciones,phát ban,طفح جلدي,Ausschläge,चकत्ते,発疹
raynaud's phenomenon,fenómeno de Raynaud,hội chứng Raynaud,ظاهرة رينود,Raynaud-Phänomen,रेनॉड की घटना,レイノー現象
recalls of medicines,retiradas de medicamentos,thu hồi thuốc,سحب الأدوية,Rückrufe von Medikamenten,दवाओं की वापसी,医薬品のリコール
recovery,recuperación,sự hồi phục,استعادة,Erholung,वसूली,回復
rectal bleeding,sangrado rectal,chảy máu trực tràng,نزيف شرجي,Rektale Blutungen,मलाशय से रक्तस्राव,直腸出血
rectal cancer,cáncer de recto,ung thư trực tràng,سرطان المستقيم,Rektumkarzinom,मलाशय कैंसर,直腸がん
rectal diseases and conditions,enfermedades y afecciones rectales,các bệnh và tình trạng trực tràng,أمراض وحالات المستقيم,Erkrankungen und Beschwerden des Rektums,मलाशय संबंधी रोग और स्थितियाँ,直腸疾患および症状
rectocele,rectocele,sa trực tràng,فتق المستقيم,Rektozele,रेक्टोसील,直腸瘤
red blood cells,glóbulos rojos,hồng cầu,خلايا الدم الحمراء,rote Blutkörperchen,लाल रक्त कोशिकाओं,赤血球
reducing visceral fat,reducción de la grasa visceral,giảm mỡ nội tạng,تقليل الدهون الحشوية,Reduzierung des viszeralen Fetts,आंतरिक अंगों की चर्बी कम करना,内臓脂肪を減らす
reducing your risk of developing a blood clot,reducir el riesgo de desarrollar un coágulo de sangre,giảm nguy cơ hình thành cục máu đông,تقليل خطر الإصابة بجلطة دموية,Verringerung des Risikos der Bildung eines Blutgerinnsels,रक्त का थक्का बनने के जोखिम को कम करना,血栓ができるリスクを軽減する
referrals,referencias,giới thiệu,الإحالات,Empfehlungen,रेफरल,紹介
reflux,reflujo,trào ngược,الارتجاع,Reflux,भाटा,還流
refractive errors,errores de refracción,tật khúc xạ,أخطاء الانكسار,Refraktionsfehler,अपवर्तक त्रुटियाँ,屈折異常
rehabilitation,rehabilitación,phục hồi chức năng,إعادة التأهيل,Rehabilitation,पुनर्वास,リハビリテーション
rehabilitation after illness or injury,rehabilitación después de una enfermedad o lesión,Phục hồi chức năng sau khi ốm đau hoặc chấn thương,إعادة التأهيل بعد المرض أو الإصابة,Rehabilitation nach Krankheit oder Verletzung,बीमारी या चोट के बाद पुनर्वास,病気や怪我からの回復
relaxation techniques for stress relief,técnicas de relajación para aliviar el estrés,các kỹ thuật thư giãn để giảm căng thẳng,تقنيات الاسترخاء لتخفيف التوتر,Entspannungstechniken zur Stressbewältigung,तनाव से राहत पाने के लिए विश्राम तकनीकें,ストレス解消のためのリラクゼーションテクニック
remedial massage,masaje terapéutico,massage trị liệu,التدليك العلاجي,Heilmassage,उपचारात्मक मालिश,治療マッサージ
removing benign skin lesions,Extirpación de lesiones cutáneas benignas,loại bỏ các tổn thương da lành tính,إزالة الآفات الجلدية الحميدة,Entfernung gutartiger Hautläsionen,सौम्य त्वचा घावों को हटाना,良性皮膚病変の除去
removing metalwork,eliminación de trabajos metálicos,tháo dỡ các bộ phận kim loại,إزالة المشغولات المعدنية,Metallarbeiten entfernen,धातु के काम को हटाना,金属加工品の取り外し
removing permanent teeth,extracción de dientes permanentes,nhổ răng vĩnh viễn,إزالة الأسنان الدائمة,Entfernung bleibender Zähne,स्थायी दांत निकालना,永久歯の抜歯
reporting problems with medicines,informar sobre problemas con los medicamentos,báo cáo các vấn đề liên quan đến thuốc,الإبلاغ عن مشاكل الأدوية,Meldung von Problemen mit Medikamenten,दवाओं से संबंधित समस्याओं की रिपोर्टिंग,医薬品に関する問題の報告
residential aged care,residencias para ancianos,chăm sóc người cao tuổi tại nhà,دور رعاية المسنين,stationäre Altenpflege,आवासीय वृद्ध देखभाल,高齢者向け居住型介護施設
resilience,resiliencia,khả năng phục hồi,صمود,Widerstandsfähigkeit,लचीलापन,回復力
respiratory syncytial virus,Virus sincitial respiratorio,vi-rút thể hợp bào gây bệnh lý hô hấp,الفيروس المخلوي التنفسي,Respiratorisches Synzytial-Virus,श्वसनतंत्र संबंधी बहुकेंद्रकी वाइरस,RSウイルス
respiratory system,sistema respiratorio,hệ hô hấp,الجهاز التنفسي,Atmungssystem,श्वसन प्रणाली,呼吸器系
respiratory viruses,virus respiratorios,vi rút đường hô hấp,الفيروسات التنفسية,Atemwegsviren,श्वसन वायरस,呼吸器ウイルス
respite care,cuidados de relevo,chăm sóc tạm thời,الرعاية المؤقتة,Kurzzeitpflege,राहत देखभाल,短期入所介護
resting heart rate,frecuencia cardíaca en reposo,nhịp tim khi nghỉ ngơi,معدل ضربات القلب أثناء الراحة,Ruhepuls,विश्राम के समय हृदय गति,安静時心拍数
restless legs syndrome,síndrome de piernas inquietas,hội chứng chân không yên,متلازمة تململ الساقين,Restless-Legs-Syndrom,बेचैन पैर सिंड्रोम,むずむず脚症候群
retained object or tampon,objeto retenido o tampón,vật thể sót lại hoặc băng vệ sinh,جسم عالق أو سدادة قطنية,Fremdkörper oder Tampon,अंदर फंसी हुई वस्तु या टैम्पोन,体内に異物またはタンポンが残っている
retinal detachment,desprendimiento de retina,bong võng mạc,انفصال الشبكية,Netzhautablösung,रेटिना का अलग होना,網膜剥離
retinal detachment surgery,cirugía de desprendimiento de retina,phẫu thuật bong võng mạc,جراحة انفصال الشبكية,Netzhautablösungsoperation,रेटिना अलग होने की सर्जरी,網膜剥離手術
retinitis pigmentosa,retinitis pigmentosa,viêm võng mạc sắc tố,التهاب الشبكية الصباغي,Retinitis pigmentosa,रेटिनाइटिस पिगमेंटोसा,網膜色素変性症
rett syndrome,síndrome de Rett,hội chứng Rett,متلازمة ريت,Rett-Syndrom,रेट सिंड्रोम,レット症候群
reversal of hartmann's procedure,Reversión del procedimiento de Hartmann,đảo ngược quy trình Hartmann,عكس إجراء هارتمان,Umkehrung des Hartmann-Verfahrens,हार्टमैन की प्रक्रिया का उलटफेर,ハルトマン手術の逆転
reversing a vasectomy,revertir una vasectomía,đảo ngược quá trình thắt ống dẫn tinh,عكس عملية قطع القناة المنوية,Rückgängigmachung einer Vasektomie,नसबंदी को उलटना,精管切除術を元に戻す
revision total hip replacement,Revisión de reemplazo total de cadera,phẫu thuật thay khớp háng toàn phần tái tạo,مراجعة استبدال مفصل الورك الكلي,Revisions-Totalhüftprothese,कुल कूल्हे के प्रतिस्थापन का संशोधन,人工股関節再置換術
revision total knee replacement,Revisión de reemplazo total de rodilla,phẫu thuật thay khớp gối toàn phần tái tạo,مراجعة استبدال مفصل الركبة الكلي,Revisions-Kniegelenkersatz,कुल घुटने के प्रतिस्थापन का संशोधन,人工膝関節再置換術
revision total shoulder replacement,Revisión de reemplazo total de hombro,phẫu thuật thay khớp vai toàn phần tái tạo,مراجعة استبدال الكتف بالكامل,Revisions-Total-Schulterprothese,कुल कंधे के प्रतिस्थापन का संशोधन,人工肩関節全置換術の再置換
rhabdomyolysis,rabdomiólisis,tiêu cơ vân,انحلال الربيدات,Rhabdomyolyse,रैबडोमायोलिसिस,横紋筋融解症
rheumatic fever,fiebre reumática,sốt thấp khớp,الحمى الروماتيزمية,rheumatisches Fieber,वातज्वर,リウマチ熱
rheumatic heart disease,enfermedad cardíaca reumática,bệnh tim thấp khớp,مرض القلب الروماتيزمي,rheumatisches Herzleiden,रुमेटिक हृदय रोग,リウマチ性心疾患
rheumatoid arthritis,artritis reumatoide,viêm khớp dạng thấp,التهاب المفصل الروماتويدي,rheumatoide Arthritis,रूमेटाइड गठिया,関節リウマチ
rhinoplasty,rinoplastia,phẫu thuật thẩm mỹ mũi,عملية تجميل الأنف,Nasenkorrektur,रिनोप्लास्टी,鼻形成術
rhinosinusitis,rinosinusitis,viêm xoang mũi,التهاب الجيوب الأنفية,Rhinosinusitis,राइनोसिनुसाइटिस,副鼻腔炎
rhinovirus,rinovirus,rhinovirus,فيروس الأنف,Rhinovirus,rhinovirus,ライノウイルス
rickets,raquitismo,còi xương,الكساح,Rachitis,सूखा रोग,くる病
rights of consumers,derechos de los consumidores,quyền của người tiêu dùng,حقوق المستهلكين,Rechte der Verbraucher,उपभोक्ताओं के अधिकार,消費者の権利
rigid cystoscopy,cistoscopia rígida,nội soi bàng quang cứng,تنظير المثانة الصلب,starre Zystoskopie,कठोर सिस्टोस्कोपी,硬性膀胱鏡検査
ringing in the ears,zumbido en los oídos,ù tai,طنين في الأذنين,Klingeln in den Ohren,कान में घंटी बज रही है,耳鳴りがする
root canal treatment,tratamiento de conducto radicular,điều trị tủy răng,علاج قناة الجذر,Wurzelkanalbehandlung,रूट कैनाल उपचार,根管治療
rosacea,rosácea,bệnh trứng cá đỏ,العُدّ الوردي,Rosacea,rosacea,酒さ様皮膚炎
roseola infantum,roséola infantil,bệnh sởi ở trẻ sơ sinh,الوردية الطفولية,Roseola infantum,रोजियोला इन्फेंटम,乳児バラ疹
ross river virus infection,infección por el virus del río Ross,nhiễm virus sông Ross,عدوى فيروس نهر روس,Ross-River-Virus-Infektion,रॉस नदी वायरस संक्रमण,ロスリバーウイルス感染症
rotator cuff injury,lesión del manguito rotador,chấn thương gân cơ xoay vai,إصابة الكفة المدورة,Rotatorenmanschettenverletzung,रोटेटर कफ की चोट,回旋筋腱板損傷
rotavirus infection,infección por rotavirus,nhiễm trùng rotavirus,عدوى فيروس الروتا,Rotavirusinfektion,रोटावायरस संक्रमण,ロタウイルス感染症
routine antenatal tests,pruebas prenatales de rutina,xét nghiệm tiền sản định kỳ,الفحوصات الروتينية قبل الولادة,routinemäßige pränatale Tests,नियमित प्रसवपूर्व परीक्षण,定期的な妊婦健診
rsi,rsi,rsi,مؤشر الكسر الرسغي,RSI,आरएसआई,rsi
rsv,rsv,rsv,rsv,rsv,आरएसवी,RSV
rubella,rubéola,bệnh rubella,الحصبة الألمانية,Röteln,रूबेला,風疹
running,correr,đang chạy,جري,läuft,दौड़ना,ランニング
runny nose,goteo nasal,sổ mũi,سيلان الأنف,laufende Nase,बहती नाक,鼻水
rural and remote health,salud rural y remota,y tế nông thôn và vùng sâu vùng xa,الصحة الريفية والنائية,ländliche und abgelegene Gesundheitsversorgung,ग्रामीण और दूरस्थ स्वास्थ्य,農村部および遠隔地の医療
rural health services,servicios de salud rurales,dịch vụ y tế nông thôn,خدمات الصحة الريفية,ländliche Gesundheitsdienste,ग्रामीण स्वास्थ्य सेवाएं,農村部の医療サービス
sacroiliitis,sacroileítis,viêm khớp cùng chậu,التهاب المفصل العجزي الحرقفي,Sakroiliitis,सैक्रोइलिटिस,仙腸関節炎
safe exercise for children,Ejercicio seguro para niños,bài tập thể dục an toàn cho trẻ em,ممارسة الرياضة الآمنة للأطفال,sichere Bewegung für Kinder,बच्चों के लिए सुरक्षित व्यायाम,子供のための安全な運動
safe sex,sexo seguro,quan hệ tình dục an toàn,ممارسة الجنس الآمن,sicherer Sex,सुरक्षित यौन संबंध,安全なセックス
salmonella,salmonela,vi khuẩn Salmonella,السالمونيلا,Salmonellen,साल्मोनेला,サルモネラ
salpingectomy,salpingectomía,cắt bỏ ống dẫn trứng,استئصال البوق,Salpingektomie,सैल्पिंगेक्टोमी,卵管切除術
salt,sal,muối,ملح,Salz,नमक,塩
sarcoidosis,sarcoidosis,bệnh sarcoidosis,الساركويد,Sarkoidose,सारकॉइडोसिस,サルコイドーシス
sars,SARS,bệnh sars,سارس,SARS,सार्स,SARS
saturated fat,grasas saturadas,chất béo bão hòa,الدهون المشبعة,gesättigte Fettsäuren,संतृप्त वसा,飽和脂肪
scabies,sarna,ghẻ,الجرب,Krätze,खुजली,疥癬
scalds,escaldaduras,bỏng,يحرق,Verbrühungen,झुलसना,やけど
scarlet fever,escarlatina,sốt ban đỏ,الحمى القرمزية,Scharlach,लोहित ज्बर,猩紅熱
scheduling of medicines and poisons,Clasificación de medicamentos y venenos,phân loại thuốc và chất độc,جدولة الأدوية والسموم,Einteilung von Medikamenten und Giften,दवाओं और जहरों का निर्धारण,医薬品および毒物の規制
schizoaffective disorder,trastorno esquizoafectivo,rối loạn tâm thần phân liệt,اضطراب الفصام الوجداني,schizoaffektive Störung,स्किज़ोअफेक्टिव डिसऑर्डर,統合失調感情障害
schizophrenia,esquizofrenia,tâm thần phân liệt,فُصام,Schizophrenie,एक प्रकार का मानसिक विकार,統合失調症
school exclusion,exclusión escolar,bị đuổi học,الاستبعاد من المدرسة,Schulausschluss,स्कूल से निष्कासन,学校からの排除
school exclusion periods,períodos de exclusión escolar,thời gian bị loại khỏi trường học,فترات الاستبعاد من المدرسة,Schulausschlusszeiten,स्कूल से निष्कासन की अवधि,学校からの退学期間
sciatica,ciática,đau thần kinh tọa,عرق النسا,Ischias,साइटिका,坐骨神経痛
scleroderma,esclerodermia,bệnh xơ cứng bì,تصلب الجلد,Sklerodermie,त्वग्काठिन्य,強皮症
scoliosis,escoliosis,vẹo cột sống,الجنف,Skoliose,पार्श्वकुब्जता,脊柱側弯症
scurvy,escorbuto,bệnh scurvy,داء الإسقربوط,Skorbut,पाजी,壊血病
sea sick,Mareo,say sóng,دوار البحر,seekrank,समुद्री बीमारी,船酔い
seafood allergies,alergias a los mariscos,dị ứng hải sản,الحساسية تجاه المأكولات البحرية,Meeresfrüchteallergien,समुद्री भोजन से एलर्जी,魚介類アレルギー
seasonal affective disorder,trastorno afectivo estacional,rối loạn cảm xúc theo mùa,الاضطراب العاطفي الموسمي,saisonale affektive Störung,मौसम की वजह से होने वाली बिमारी,季節性感情障害
seasonal flu,gripe estacional,cúm mùa,الإنفلونزا الموسمية,saisonale Grippe,मौसमी फ्लू,季節性インフルエンザ
seborrhoeic dermatitis,dermatitis seborreica,viêm da tiết bã,التهاب الجلد الدهني,seborrhoische Dermatitis,सेबोरहाइक डर्मेटाइटिस,脂漏性皮膚炎
seizures,convulsiones,cơn động kinh,نوبات,Anfälle,बरामदगी,発作
self-esteem,autoestima,lòng tự trọng,تقدير الذات,Selbstwertgefühl,आत्मसम्मान,自尊心
self-examination,autoexamen,tự kiểm tra,الفحص الذاتي,Selbstuntersuchung,स्वयं परीक्षा,自己検査
self-harm,autolesión,tự làm hại bản thân,الأذى الذاتي,Selbstverletzung,खुद को नुकसान,自傷
self-talk,diálogo interno,tự nói chuyện với bản thân,الحديث مع النفس,Selbstgespräch,अपनी बात,自己対話
seniors,personas mayores,người cao tuổi,كبار السن,Senioren,वरिष्ठ,高齢者
seniors' health,salud de las personas mayores,sức khỏe người cao tuổi,صحة كبار السن,Gesundheit von Senioren,वरिष्ठ नागरिकों का स्वास्थ्य,高齢者の健康
sensory impairments,deficiencias sensoriales,suy giảm giác quan,الإعاقات الحسية,sensorische Beeinträchtigungen,संवेदी हानि,感覚障害
sentinel node biopsy,biopsia del ganglio centinela,sinh thiết hạch gác,خزعة العقدة الليمفاوية الحارسة,Sentinel-Lymphknotenbiopsie,सेंटिनल नोड बायोप्सी,センチネルリンパ節生検
separation anxiety,ansiedad por separación,lo lắng chia ly,قلق الانفصال,Trennungsangst,विभाजन की उत्कण्ठा,分離不安
sepsis,septicemia,nhiễm trùng huyết,الإنتان,Sepsis,पूति,敗血症
sepsis and septicaemia,sepsis y septicemia,nhiễm trùng huyết và nhiễm trùng máu,الإنتان وتسمم الدم,Sepsis und Septikämie,सेप्सिस और सेप्टीसीमिया,敗血症と敗血症性ショック
septic arthritis,artritis séptica,viêm khớp nhiễm trùng,التهاب المفاصل الإنتاني,septische Arthritis,सेप्टिक गठिया,化膿性関節炎
septoplasty,septoplastia,phẫu thuật chỉnh vách ngăn mũi,عملية تجميل الحاجز الأنفي,Septumplastik,सेप्टोप्लास्टी,鼻中隔形成術
septorhinoplasty,septorrinoplastia,phẫu thuật chỉnh hình vách ngăn mũi,عملية تجميل الأنف,Septorhinoplastik,सेप्टोरिनोप्लास्टी,鼻中隔形成術
serotonin,serotonin,serotonin,السيروتونين,Serotonin,सेरोटोनिन,セロトニン
sever's disease,enfermedad de Sever,bệnh Sever,مرض سيفر,Sever-Krankheit,सेवर रोग,セーバー病
severe acute respiratory syndrome,síndrome respiratorio agudo grave,hội chứng hô hấp cấp tính nặng,متلازمة تنفسية حادة وخيمة,schweres akutes respiratorisches Syndrom,सीवियर एक्यूट रेस्पिरेटरी सिंड्रोम,重症急性呼吸器症候群
sex and disability,sexo y discapacidad,giới tính và khuyết tật,الجنس والإعاقة,Geschlecht und Behinderung,लिंग और विकलांगता,性別と障害
sexual assault,agresión sexual,tấn công tình dục,الاعتداء الجنسي,sexueller Übergriff,यौन उत्पीड़न,性的暴行
sexual harassment,Acoso sexual,quấy rối tình dục,التحرش الجنسي,sexuelle Belästigung,यौन उत्पीड़न,性的嫌がらせ
sexual health,salud sexual,sức khỏe tình dục,الصحة الجنسية,sexuelle Gesundheit,यौन स्वास्थ्य,性に関する健康
sexual problems,problemas sexuales,vấn đề tình dục,مشاكل جنسية,sexuelle Probleme,यौन समस्याएं,性的な問題
sexually transmitted infections,infecciones de transmisión sexual,các bệnh lây truyền qua đường tình dục,الأمراض المنقولة جنسياً,sexuell übertragbare Infektionen,यौन रूप से संक्रामित संक्रमण,性感染症
shigella,shigella,bệnh lỵ,الشيغيلا,Shigella,शिगेला,赤痢菌
shin splints,periostitis tibial,đau ống chân,التهاب عظم الساق,Schienbeinkantensyndrom,पिंडली में दर्द,脛骨過労性骨膜炎
shingles,herpes,bệnh zona,هربس نطاقي,Gürtelrose,दाद,帯状疱疹
shock,choque,sốc,صدمة,Schock,झटका,ショック
shocks,choques,cú sốc,الصدمات,Schocks,झटके,衝撃
shopping addiction,adicción a las compras,nghiện mua sắm,إدمان التسوق,Kaufsucht,खरीदारी की लत,買い物依存症
short-sightedness,miopía,cận thị,قصر النظر,Kurzsichtigkeit,अदूरदर्शिता,近視
short-term care,atención a corto plazo,chăm sóc ngắn hạn,الرعاية قصيرة الأجل,Kurzzeitpflege,अल्पकालिक देखभाल,短期介護
should i be tested for heart disease?,¿Debería hacerme pruebas para detectar enfermedades cardíacas?,Tôi có nên đi xét nghiệm bệnh tim không?,هل ينبغي عليّ الخضوع لفحص أمراض القلب؟,Sollte ich mich auf Herzkrankheiten untersuchen lassen?,क्या मुझे हृदय रोग की जांच करानी चाहिए?,心臓病の検査を受けるべきでしょうか？
should i be tested for skin cancer?,¿Debería hacerme una prueba para detectar cáncer de piel?,Tôi có nên đi xét nghiệm ung thư da không?,هل ينبغي عليّ الخضوع لفحص سرطان الجلد؟,Sollte ich mich auf Hautkrebs testen lassen?,क्या मुझे त्वचा कैंसर की जांच करानी चाहिए?,皮膚がんの検査を受けるべきでしょうか？
shoulder pain,dolor de hombro,đau vai,ألم في الكتف,Schulterschmerzen,कंधे में दर्द,肩の痛み
shoulder stabilisation surgery,cirugía de estabilización del hombro,phẫu thuật ổn định khớp vai,جراحة تثبيت الكتف,Schulterstabilisierungsoperation,कंधे को स्थिर करने की सर्जरी,肩関節安定化手術
shoulder surgery,cirugía de hombro,phẫu thuật vai,جراحة الكتف,Schulteroperation,कंधे की सर्जरी,肩の手術
sick children,niños enfermos,trẻ em bị bệnh,الأطفال المرضى,kranke Kinder,बीमार बच्चे,病気の子供たち
sickle cell anaemia,anemia falciforme,bệnh thiếu máu hồng cầu hình lưỡi liềm,فقر الدم المنجلي,Sichelzellenanämie,रक्त की लाल कोशिकाओं की कमी,鎌状赤血球貧血
side effects from medicines,efectos secundarios de los medicamentos,tác dụng phụ của thuốc,الآثار الجانبية للأدوية,Nebenwirkungen von Medikamenten,दवाओं के दुष्प्रभाव,薬の副作用
signs of mental health issues,señales de problemas de salud mental,dấu hiệu của các vấn đề sức khỏe tâm thần,علامات مشاكل الصحة النفسية,Anzeichen psychischer Probleme,मानसिक स्वास्थ्य समस्याओं के लक्षण,精神疾患の兆候
sildenafil,sildenafil,sildenafil,سيلدينافيل,Sildenafil,सिल्डेनाफिल,シルデナフィル
silicosis,silicosis,bệnh bụi phổi silic,داء السيليكا,Silikose,सिलिकोसिस,珪肺症
sinusitis,sinusitis,viêm xoang,التهاب الجيوب الأنفية,Sinusitis,साइनसाइटिस,副鼻腔炎
sjögren’s syndrome,síndrome de Sjögren,hội chứng Sjögren,متلازمة شوغرن,Sjögren-Syndrom,सजोग्रेन सिंड्रोम,シェーグレン症候群
skin,piel,da,جلد,Haut,त्वचा,肌
skin cancer,cáncer de piel,ung thư da,سرطان الجلد,Hautkrebs,त्वचा कैंसर,皮膚がん
skin conditions,afecciones de la piel,các bệnh về da,الأمراض الجلدية,Hauterkrankungen,त्वचा की स्थिति,皮膚疾患
skin staph infections,infecciones cutáneas por estafilococos,nhiễm trùng tụ cầu khuẩn trên da,عدوى المكورات العنقودية الجلدية,Hautinfektionen mit Staphylokokken,त्वचा के स्टैफ संक्रमण,皮膚ブドウ球菌感染症
skin tags,etiquetas de la piel,mụn thịt trên da,زوائد جلدية,Hautanhängsel,त्वचा की चिप्पी,スキンタグ
slapped cheek syndrome,síndrome de la mejilla abofeteada,hội chứng má đỏ,متلازمة الخد المصفوع,Ohrfeigen-Syndrom,थप्पड़ मारे गाल सिंड्रोम,頬を叩かれたような感覚
sleep,dormir,ngủ,ينام,schlafen,नींद,寝る
sleep disorders,trastornos del sueño,rối loạn giấc ngủ,اضطرابات النوم,Schlafstörungen,नींद संबंधी विकार,睡眠障害
sleep paralysis,parálisis del sueño,tê liệt khi ngủ,شلل النوم,Schlafparalyse,नींद पक्षाघात,睡眠麻痺
sleep tips for children,Consejos para que los niños duerman bien,lời khuyên về giấc ngủ cho trẻ em,نصائح نوم للأطفال,Schlaftipps für Kinder,बच्चों के लिए नींद संबंधी सुझाव,子供の睡眠に関するアドバイス
sleeping pills,píldoras para dormir,thuốc ngủ,حبوب منومة,Schlafmittel,नींद की गोलियां,睡眠薬
sleepwalking,somnambulismo,mộng du,المشي أثناء النوم,Schlafwandeln,नींद में चलने,夢遊病
sleeve gastrectomy surgery,cirugía de gastrectomía en manga,phẫu thuật cắt bỏ một phần dạ dày,جراحة تكميم المعدة,Schlauchmagen-Operation,स्लीव गैस्ट्रेक्टॉमी सर्जरी,スリーブ状胃切除術
slips,resbalones,trượt,انزلاقات,Rutschen,फिसल जाता है,スリップ
smallpox,viruela,bệnh đậu mùa,الجدري,Pocken,चेचक,天然痘
smoking,de fumar,hút thuốc,تدخين,Rauchen,धूम्रपान,喫煙
smoking and vaping,fumar y vapear,hút thuốc và thuốc lá điện tử,التدخين والتبخير الإلكتروني,Rauchen und Dampfen,धूम्रपान और वेपिंग,喫煙と電子タバコの使用
snake bites,mordeduras de serpiente,vết rắn cắn,لدغات الثعابين,Schlangenbisse,सांप ने काट लिया,ヘビに噛まれた
sneezing,estornudar,hắt hơi,العطس,Niesen,छींकना,くしゃみ
social anxiety,ansiedad social,lo âu xã hội,القلق الاجتماعي,soziale Angst,सामाजिक चिंता,社交不安
social behaviour disorders,trastornos del comportamiento social,rối loạn hành vi xã hội,اضطرابات السلوك الاجتماعي,Störungen des Sozialverhaltens,सामाजिक व्यवहार विकार,社会的行動障害
social workers,trabajadores sociales,nhân viên xã hội,الأخصائيون الاجتماعيون,Sozialarbeiter,सामाजिक कार्यकर्ता,ソーシャルワーカー
sodium,sodio,natri,الصوديوم,Natrium,सोडियम,ナトリウム
soft tissue sarcoma in children,sarcoma de tejidos blandos en niños,U sarcoma mô mềm ở trẻ em,ساركوما الأنسجة الرخوة عند الأطفال,Weichteilsarkom bei Kindern,बच्चों में नरम ऊतक सार्कोमा,小児の軟部組織肉腫
sore throats,dolor de garganta,đau họng,التهاب الحلق,Halsschmerzen,गले गले,喉の痛み
speech development in children,desarrollo del habla en los niños,sự phát triển ngôn ngữ ở trẻ em,تطور الكلام عند الأطفال,Sprachentwicklung bei Kindern,बच्चों में वाक् विकास,子どもの言語発達
speech pathology,patología del habla,bệnh lý ngôn ngữ,أخصائي أمراض النطق,Sprachpathologie,वाक् विकृति विज्ञान,言語療法
speech problems,problemas del habla,vấn đề về lời nói,مشاكل النطق,Sprachprobleme,बोलने में समस्याएँ,言語障害
speed,velocidad,tốc độ,سرعة,Geschwindigkeit,रफ़्तार,スピード
spider bites,picaduras de araña,vết cắn của nhện,لدغات العناكب,Spinnenbisse,मकड़ी के काटने,クモに噛まれた
spina bifida,espina bífida,tật nứt đốt sống,السنسنة المشقوقة,Spina bifida,स्पाइना बिफिडा,二分脊椎
spinal anaesthetic,anestesia espinal,gây tê tủy sống,التخدير النخاعي,Spinalanästhesie,स्पाइनल एनेस्थेटिक,脊髄麻酔
spinal cord injuries,lesiones de la médula espinal,chấn thương tủy sống,إصابات الحبل الشوكي,Rückenmarksverletzungen,रीढ़ की हड्डी की चोटें,脊髄損傷
spinal disc problems,problemas de disco espinal,các vấn đề về đĩa đệm cột sống,مشاكل العمود الفقري,Bandscheibenprobleme,रीढ़ की हड्डी की डिस्क संबंधी समस्याएं,椎間板の問題
spinal disorders,trastornos de la columna vertebral,rối loạn cột sống,اضطرابات العمود الفقري,Wirbelsäulenerkrankungen,रीढ़ की हड्डी के विकार,脊椎疾患
spinal muscular atrophy,atrofia muscular espinal,teo cơ cột sống,ضمور العضلات الشوكي,spinale Muskelatrophie,स्पाइनल मस्कुलर एट्रोफी,脊髄性筋萎縮症
spinal stenosis,estenosis espinal,hẹp ống sống,تضيق القناة الشوكية,Spinalkanalstenose,स्पाइनल स्टेनोसिस,脊柱管狭窄症
spleen problems,problemas del bazo,các vấn đề về lá lách,مشاكل الطحال,Milzprobleme,तिल्ली की समस्याएं,脾臓の問題
spondylolisthesis,espondilolistesis,trượt đốt sống,انزلاق الفقرات,Spondylolisthesis,स्पोंडिलोलिस्थेसिस,脊椎すべり症
sport benefits for children,Beneficios del deporte para los niños,Lợi ích của thể thao đối với trẻ em,فوائد رياضية للأطفال,Vorteile des Sports für Kinder,बच्चों के लिए खेल के लाभ,子供にとってのスポーツの利点
sports massage,masaje deportivo,massage thể thao,التدليك الرياضي,Sportmassage,खेल मालिश,スポーツマッサージ
spotting,punteo,phát hiện,رصد,Sichtung,खोलना,スポッティング
sprained ankle,esguince de tobillo,bong gân mắt cá chân,التواء الكاحل,verstauchtes Sprunggelenk,मोच खाए टखने,足首の捻挫
sprained wrist,esguince de muñeca,bong gân cổ tay,التواء في المعصم,verstauchtes Handgelenk,मोचग्रस्त कलाई,手首の捻挫
sprains and strains,esguinces y distensiones,bong gân và căng cơ,الالتواءات والإجهاد,Verstauchungen und Zerrungen,मोच और खिंचाव,捻挫と肉離れ
squamous cell carcinoma,carcinoma de células escamosas,ung thư biểu mô tế bào vảy,سرطانة حرشفية الخلايا,Plattenepithelkarzinom,त्वचा कोशिकाओं का कार्सिनोमा,扁平上皮癌
st john's wort,hierba de San Juan,cây Hypericum perforatum,نبتة سانت جون,Johanniskraut,सेंट जॉन का पौधा,セントジョーンズワート
standard drink,bebida estándar,đồ uống tiêu chuẩn,مشروب قياسي,Standardgetränk,मानक पेय,標準的な飲み物
stapedectomy,estapedectomía,phẫu thuật cắt bỏ xương bàn đạp,استئصال الركاب,Stapedektomie,स्टेपेडेक्टोमी,アブミ骨切除術
staph infections,infecciones por estafilococos,nhiễm trùng tụ cầu khuẩn,عدوى المكورات العنقودية,Staphylokokkeninfektionen,स्टैफ संक्रमण,ブドウ球菌感染症
statins,estatinas,statin,الستاتينات,Statine,स्टेटिन,スタチン
staying fit,mantenerse en forma,giữ dáng,الحفاظ على اللياقة البدنية,fit bleiben,चुस्त रहना,健康を維持する
staying motivated,mantenerse motivado,duy trì động lực,حافظ على حماسك,Motivation bewahren,प्रेरित रहना,モチベーションを維持する
staying safe during floods and cyclones,mantenerse a salvo durante inundaciones y ciclones,Giữ an toàn trong thời gian lũ lụt và bão lốc,الحفاظ على السلامة أثناء الفيضانات والأعاصير,Sicherheit bei Überschwemmungen und Zyklonen,बाढ़ और चक्रवात के दौरान सुरक्षित रहना,洪水やサイクロン発生時の安全確保
stem cells,células madre,tế bào gốc,الخلايا الجذعية,Stammzellen,स्टेम कोशिकाएं,幹細胞
steroid injection,inyección de esteroides,tiêm steroid,حقنة الستيرويد,Steroidinjektion,स्टेरॉयड इंजेक्शन,ステロイド注射
steroids,esteroides,steroid,المنشطات,Steroide,'स्टेरॉयड,ステロイド
sticky eye,ojo pegajoso,con mắt dính,عين لزجة,klebriges Auge,चिपचिपी आँख,粘着眼
stimulant drugs,drogas estimulantes,thuốc kích thích,الأدوية المنشطة,Stimulanzien,उत्तेजक दवाएँ,覚醒剤
stinging plants,plantas urticantes,cây có gai,النباتات اللاذعة,Brennnesselpflanzen,चुभने वाले पौधे,刺す植物
stings and bites,picaduras y mordeduras,vết chích và vết cắn,اللسعات واللدغات,Stiche und Bisse,डंक और काटने,刺したり噛んだりする
stis,stis,stis,الأمراض المنقولة جنسياً,stis,एसटीआई,スティス
stis screening tests,pruebas de detección de ETS,xét nghiệm sàng lọc bệnh lây truyền qua đường tình dục,اختبارات الكشف عن الأمراض المنقولة جنسياً,STI-Screeningtests,एसटीआई स्क्रीनिंग परीक्षण,性感染症スクリーニング検査
stoma,estoma,lỗ mở,فغر,Stoma,स्टोमा,ストーマ
stomach cancer,cáncer de estómago,ung thư dạ dày,سرطان المعدة,Magenkrebs,आमाशय का कैंसर,胃癌
stomach pain,dolor de estómago,đau bụng,ألم في المعدة,Magenschmerzen,पेट दर्द,腹痛
stomach ulcers,úlceras estomacales,loét dạ dày,قرحة المعدة,Magengeschwüre,पेट के अल्सर,胃潰瘍
stool changes,cambios en las heces,thay đổi phân,تغيرات في البراز,Stuhlveränderungen,मल में परिवर्तन,便の変化
stool tests,análisis de heces,xét nghiệm phân,اختبارات البراز,Stuhltests,मल परीक्षण,便検査
storms,tormentas,bão,العواصف,Stürme,तूफान,嵐
strains and sprains,distensiones y esguinces,bong gân và căng cơ,الالتواءات والإجهادات,Zerrungen und Verstauchungen,मरोड़ और मोच,捻挫と挫傷
strength training,entrenamiento de fuerza,tập luyện sức mạnh,تدريب القوة,Krafttraining,मज़बूती की ट्रेनिंग,筋力トレーニング
streptococcal infection,infección estreptocócica,nhiễm trùng liên cầu khuẩn,عدوى المكورات العقدية,Streptokokkeninfektion,स्ट्रेप्टोकोकल संक्रमण,連鎖球菌感染症
stress,estrés,nhấn mạnh,ضغط,Stress,तनाव,ストレス
stress in young people,estrés en los jóvenes,căng thẳng ở người trẻ,التوتر لدى الشباب,Stress bei jungen Menschen,युवाओं में तनाव,若者のストレス
stress relief and relaxation,alivio del estrés y relajación,giảm căng thẳng và thư giãn,تخفيف التوتر والاسترخاء,Stressabbau und Entspannung,तनाव से मुक्ति और आराम,ストレス解消とリラクゼーション
stroke,ataque,đột quỵ,سكتة دماغية,Schlaganfall,आघात,脳卒中
stuttering,tartamudeo,nói lắp,التأتأة,Stottern,हकलाना,どもり
stye,orzuelo,lẹo mắt,جذر الشعرة,Schweinestall,स्टाई,麦粒腫
subdural haematoma,hematoma subdural,tụ máu dưới màng cứng,ورم دموي تحت الجافية,Subduralhämatom,सबड्यूरल हेमाटोमा,硬膜下血腫
substance misuse,abuso de sustancias,lạm dụng chất gây nghiện,إساءة استخدام المواد المخدرة,Substanzmissbrauch,मादक पदार्थों का दुरुपयोग,薬物乱用
sudden infant death syndrome,síndrome de muerte súbita del lactante,hội chứng đột tử ở trẻ sơ sinh,متلازمة موت الرضع المفاجئ,Plötzlicher Kindstod,अचानक शिशु मृत्यु सिंड्रोम,乳幼児突然死症候群
sugar,azúcar,đường,سكر,Zucker,चीनी,砂糖
suicidal thoughts,pensamientos suicidas,ý nghĩ tự tử,أفكار انتحارية,Selbstmordgedanken,आत्महत्या के विचार,自殺願望
suicide,suicidio,tự tử,انتحار,Selbstmord,आत्मघाती,自殺
suicide warning signs,señales de advertencia de suicidio,dấu hiệu cảnh báo tự tử,علامات تحذيرية للانتحار,Suizid-Warnzeichen,आत्महत्या के चेतावनी संकेत,自殺の兆候
summer skin rashes,erupciones cutáneas de verano,phát ban da mùa hè,طفح جلدي صيفي,Sommerliche Hautausschläge,गर्मी के मौसम में त्वचा पर चकत्ते,夏の皮膚発疹
sunburn and sun protection,quemaduras solares y protección solar,cháy nắng và bảo vệ da khỏi ánh nắng mặt trời,حروق الشمس والحماية من الشمس,Sonnenbrand und Sonnenschutz,धूप से त्वचा का जलना और धूप से बचाव,日焼けと日焼け対策
sunscreen,protector solar,kem chống nắng,واقي الشمس,Sonnenschutzmittel,सनस्क्रीन,日焼け止め
support for children with cancer,apoyo para niños con cáncer,hỗ trợ cho trẻ em mắc bệnh ung thư,دعم الأطفال المصابين بالسرطان,Unterstützung für krebskranke Kinder,कैंसर से पीड़ित बच्चों के लिए सहायता,がんを患う子どもたちへの支援
support for parents of children with cancer,apoyo para padres de niños con cáncer,Hỗ trợ cho cha mẹ có con mắc bệnh ung thư,دعم آباء الأطفال المصابين بالسرطان,Unterstützung für Eltern von krebskranken Kindern,कैंसर से पीड़ित बच्चों के माता-पिता के लिए सहायता,がんを患う子どもの親への支援
surgery,cirugía,ca phẫu thuật,جراحة,Operation,शल्य चिकित्सा,手術
surgery for anal fistula,cirugía para fístula anal,phẫu thuật điều trị rò hậu môn,جراحة الناسور الشرجي,Operation bei Analfistel,गुदा फिस्टुला के लिए सर्जरी,肛門瘻の手術
surgery for benign scrotal lumps,Cirugía para extirpar bultos escrotales benignos,phẫu thuật điều trị u lành tính ở bìu,جراحة لعلاج الأورام الحميدة في كيس الصفن,Operation bei gutartigen Hodensackknoten,अंडकोष में सौम्य गांठों के लिए सर्जरी,良性陰嚢腫瘤の手術
surgery for de quervain's disease,Cirugía para la enfermedad de De Quervain,phẫu thuật điều trị bệnh De Quervain,جراحة لعلاج مرض دي كيرفان,Operation bei Morbus De Quervain,डीक्वेरवेन रोग के लिए सर्जरी,ドケルバン病の手術
surgery for diverticular disease,cirugía para la enfermedad diverticular,phẫu thuật điều trị bệnh túi thừa,جراحة لعلاج داء الرتج,Operation bei Divertikulose,डायवर्टिकुलर रोग के लिए सर्जरी,憩室疾患の手術
surgery for ingrowing toenail,Cirugía para uña encarnada,phẫu thuật điều trị móng chân mọc ngược,جراحة لعلاج ظفر القدم الناشب,Operation bei eingewachsenem Zehennagel,पैर के नाखून के अंदर की ओर बढ़ने की सर्जरी,巻き爪の手術
surgery for large hiatus hernia,cirugía para hernia hiatal grande,phẫu thuật điều trị thoát vị hoành lớn,جراحة الفتق الحجابي الكبير,Operation bei großem Zwerchfellbruch,बड़े हायटस हर्निया के लिए सर्जरी,大きな食道裂孔ヘルニアの手術
surgery for pilonidal sinus,Cirugía para el quiste pilonidal,phẫu thuật điều trị u nang lông vùng hậu môn,جراحة الناسور الشعري,Operation bei Steißbeinfistel,पिलोनाइडल साइनस के लिए सर्जरी,毛巣洞の手術
surgery for problems of the small toes,Cirugía para problemas de los dedos pequeños de los pies,phẫu thuật điều trị các vấn đề về ngón chân út,جراحة لعلاج مشاكل أصابع القدم الصغيرة,Operation bei Problemen der kleinen Zehen,पैर की छोटी उंगलियों की समस्याओं के लिए सर्जरी,小指の疾患に対する手術
surgery for rectal cancer,cirugía para el cáncer de recto,phẫu thuật điều trị ung thư trực tràng,جراحة سرطان المستقيم,Operation bei Rektumkarzinom,मलाशय के कैंसर के लिए सर्जरी,直腸がんの手術
surgery for tennis elbow,Cirugía para el codo de tenista,phẫu thuật điều trị viêm khuỷu tay do chơi tennis,جراحة لعلاج مرفق التنس,Operation bei Tennisarm,टेनिस एल्बो के लिए सर्जरी,テニス肘の手術
surgical and medical abortions,abortos quirúrgicos y médicos,phá thai bằng phẫu thuật và bằng thuốc,عمليات الإجهاض الجراحية والطبية,chirurgische und medikamentöse Schwangerschaftsabbrüche,शल्य चिकित्सा और चिकित्सीय गर्भपात,外科的および薬物による中絶
swallowed object,objeto tragado,vật thể bị nuốt,جسم مبتلع,verschluckter Gegenstand,निगली हुई वस्तु,飲み込んだ異物
swallowed substance,sustancia ingerida,chất nuốt,المادة المبتلعة,verschluckte Substanz,निगला हुआ पदार्थ,飲み込んだ物質
sweating,transpiración,đổ mồ hôi,التعرق,Schwitzen,पसीना आना,発汗
sweats,sudor,mồ hôi,عرق,Schweißausbrüche,पसीना,スウェット
swedish massage,masaje sueco,massage Thụy Điển,التدليك السويدي,schwedische Massage,स्वीडिश संदेश,スウェーデン式マッサージ
swelling in groin,hinchazón en la ingle,sưng ở háng,تورم في منطقة الفخذ,Schwellung in der Leiste,कमर में सूजन,鼠径部の腫れ
swimmer's ear,oído de nadador,tai của người bơi,أذن السباح,Schwimmerohr,तैराक का कान,水泳耳
swimming,nadar,bơi,سباحة,Baden,तैरना,水泳
swimming safety,seguridad en la natación,an toàn khi bơi,السلامة أثناء السباحة,Schwimmsicherheit,तैराकी सुरक्षा,水泳時の安全
swollen glands,ganglios inflamados,hạch sưng,الغدد المتورمة,geschwollene Drüsen,सूजी हुई ग्रंथियाँ,リンパ腺の腫れ
swollen or painful testicle,testículo hinchado o doloroso,tinh hoàn sưng hoặc đau,خصية متورمة أو مؤلمة,geschwollener oder schmerzhafter Hoden,सूजा हुआ या दर्दनाक अंडकोष,睾丸の腫れや痛み
symptom checker,comprobador de síntomas,công cụ kiểm tra triệu chứng,مدقق الأعراض,Symptom-Checker,लक्षण जांचकर्ता,症状チェッカー
symptoms of serious illness in babies and children,Síntomas de enfermedades graves en bebés y niños,các triệu chứng của bệnh nặng ở trẻ sơ sinh và trẻ em,أعراض الأمراض الخطيرة عند الرضع والأطفال,Symptome schwerer Erkrankungen bei Säuglingen und Kindern,शिशुओं और बच्चों में गंभीर बीमारी के लक्षण,乳幼児の重篤な病気の症状
syndrome x,síndrome x,hội chứng x,متلازمة إكس,Syndrom X,सिंड्रोम x,症候群X
syphilis,sífilis,bệnh giang mai,الزهري,Syphilis,उपदंश,梅毒
syringe injuries,lesiones por jeringas,chấn thương do kim tiêm,إصابات الحقن,Verletzungen durch Spritzen,सिरिंज से होने वाली चोटें,注射器による怪我
tachycardia,taquicardia,nhịp tim nhanh,تسرع القلب,Tachykardie,tachycardia,頻脈
tadalafil,tadalafil,tadalafil,تادالافيل,Tadalafil,Tadalafil,タダラフィル
tai chi,tai chi,thái cực quyền,تاي تشي,Tai Chi,ताई ची,太極拳
tailbone pain and injury,Dolor y lesiones en el coxis,Đau và chấn thương xương cụt,ألم وإصابة في عظم العصعص,Steißbeinschmerzen und -verletzungen,टेलबोन में दर्द और चोट,尾骨の痛みと怪我
taking opioid medicines safely,tomar medicamentos opioides de forma segura,sử dụng thuốc opioid một cách an toàn,تناول الأدوية الأفيونية بأمان,sichere Einnahme von Opioidmedikamenten,ओपिओइड दवाओं का सुरक्षित सेवन,オピオイド系鎮痛薬を安全に服用する
talking about your mental health concerns,Hablar sobre tus preocupaciones de salud mental,Nói về những lo ngại của bạn,التحدث عن مخاوفك المتعلقة بالصحة النفسية,über Ihre psychischen Gesundheitsprobleme sprechen,अपनी मानसिक स्वास्थ्य संबंधी चिंताओं के बारे में बात करना,メンタルヘルスの悩みについて話す
talking to your doctor about mental health,hablar con tu médico sobre salud mental,Trao đổi với bác sĩ về sức khỏe tâm thần.,التحدث مع طبيبك حول الصحة النفسية,Sprechen Sie mit Ihrem Arzt über psychische Gesundheit,अपने डॉक्टर से मानसिक स्वास्थ्य के बारे में बात करना,メンタルヘルスについて医師と話し合う
talking to your employer about illness,hablar con tu empleador sobre la enfermedad,Trao đổi với chủ lao động về tình trạng sức khỏe của bạn.,التحدث مع صاحب العمل بشأن المرض,Sprechen Sie mit Ihrem Arbeitgeber über Ihre Krankheit,अपने नियोक्ता से बीमारी के बारे में बात करना,病気について雇用主と話し合う
tampon,tampón,băng vệ sinh,حشا,Tampon,तंपन,タンポン
tapentadol,tapentadol,tapentadol,تابينتادول,Tapentadol,टैपेंटाडोल,タペンタドール
tapeworm,tenia,sán dây,الشريطية,Bandwurm,टेपवर्म,サナダムシ
tattoo,tatuaje,hình xăm,وشم,Tätowierung,टटू,入れ墨
tay-sachs disease,enfermedad de Tay-Sachs,bệnh tay-sachs,مرض تاي ساكس,Tay-Sachs-Krankheit,टे-सैक्स रोग,テイ・サックス病
tb,tuberculosis,lao,السل,tb,टीबी,結核
teen aggression,agresión adolescente,sự hung hăng của tuổi teen,عدوانية المراهقين,Aggression bei Jugendlichen,किशोरों की आक्रामकता,十代の攻撃性
teenage anxiety,ansiedad adolescente,lo lắng tuổi thiếu niên,قلق المراهقين,Angstzustände bei Teenagern,किशोरों की चिंता,十代の不安
teenagers and adolescent's mental health,salud mental de adolescentes y jóvenes,sức khỏe tâm thần của thanh thiếu niên và vị thành niên,الصحة النفسية للمراهقين والشباب,psychische Gesundheit von Teenagern und Jugendlichen,किशोरों और युवा वयस्कों का मानसिक स्वास्थ्य,10代の若者と青年のメンタルヘルス
teenagers' health,salud de los adolescentes,sức khỏe của thanh thiếu niên,صحة المراهقين,Gesundheit von Teenagern,किशोरों का स्वास्थ्य,十代の若者の健康
teeth,dientes,răng,أسنان,Zähne,दाँत,歯
teeth grinding,rechinar los dientes,nghiến răng,صرير الأسنان,Zähneknirschen,दांत पीसना,歯ぎしり
teeth whitening,blanqueamiento dental,làm trắng răng,تبييض الأسنان,Zahnaufhellung,दांतों को सफेद करना,歯のホワイトニング
temazepam,temazepam,temazepam,تيمازيبام,Temazepam,टेमाजेपाम,テマゼパム
temporomandibular joint arthroscopy,artroscopia de la articulación temporomandibular,nội soi khớp thái dương hàm,تنظير المفصل الصدغي الفكي,Kiefergelenksarthroskopie,टेम्पोरोमैंडिबुलर जॉइंट आर्थ्रोस्कोपी,顎関節鏡検査
temporomandibular joint dysfunction,disfunción de la articulación temporomandibular,rối loạn chức năng khớp thái dương hàm,خلل في المفصل الصدغي الفكي,Funktionsstörung des Kiefergelenks,टेम्पोरोमैंडिबुलर जोड़ की शिथिलता,顎関節機能障害
tendinopathy,tendinopatía,viêm gân,اعتلال الأوتار,Tendinopathie,टेंडिनोपैथी,腱障害
tendinosis,tendinosis,viêm gân,التهاب الأوتار,Tendinose,Tendinosis,腱炎
tendonitis,tendinitis,viêm gân,التهاب الأوتار,Sehnenentzündung,टेंडोनाइटिस,腱炎
tennis elbow,codo de tenista,khuỷu tay tennis,مرفق التنس,Tennisarm,क्रिकेट कोहनी,テニス肘
tennis elbow surgery,Cirugía de codo de tenista,phẫu thuật khuỷu tay tennis,جراحة مرفق التنس,Tennisarm-Operation,टेनिस एल्बो सर्जरी,テニス肘手術
tens,decenas,hàng chục,عشرات,Zehner,दसियों,10
tension headache,dolor de cabeza,đau đầu do căng thẳng,صداع التوتر,Spannungskopfschmerzen,तनाव सिरदर्द,緊張型頭痛
terminal conditions and grief,enfermedades terminales y duelo,bệnh nan y và nỗi đau buồn,الحالات المرضية الميؤوس من شفائها والحزن,unheilbare Krankheiten und Trauer,असाध्य स्थितियाँ और शोक,末期症状と悲しみ
terminal illness,enfermedad terminal,bệnh nan y,مرض عضال,unheilbare Krankheit,लाइलाज बीमारी,末期疾患
termination,terminación,chấm dứt,إنهاء الخدمة,Beendigung,समापन,終了
testicular cancer,cáncer testicular,ung thư tinh hoàn,سرطان الخصية,Hodenkrebs,शुक्र ग्रंथि का कैंसर,精巣がん
testicular torsion,torsión testicular,xoắn tinh hoàn,التواء الخصية,Hodentorsion,वृषण मरोड़,精巣捻転
testing for allergy,pruebas de alergia,xét nghiệm dị ứng,اختبار الحساسية,Allergietest,एलर्जी की जांच,アレルギー検査
testosterone,testosterona,testosterone,التستوستيرون,Testosteron,टेस्टोस्टेरोन,テストステロン
testosterone test,prueba de testosterona,xét nghiệm testosterone,اختبار التستوستيرون,Testosterontest,टेस्टोस्टेरोन परीक्षण,テストステロン検査
tetanus,tétanos,uốn ván,كُزاز,Tetanus,धनुस्तंभ,破傷風
thalassaemia,talasemia,bệnh thalassemia,الثلاسيميا,Thalassämie,थैलेसीमिया,サラセミア
the pill,la píldora,viên thuốc,حبوب منع الحمل,die Pille,गोली,ピル
the role of a nurse,El papel de una enfermera,vai trò của một y tá,دور الممرضة,die Rolle einer Krankenschwester,नर्स की भूमिका,看護師の役割
the role of public health alerts,El papel de las alertas de salud pública,vai trò của các cảnh báo y tế công cộng,دور التنبيهات الصحية العامة,die Rolle von Warnmeldungen im Bereich der öffentlichen Gesundheit,सार्वजनिक स्वास्थ्य चेतावनियों की भूमिका,公衆衛生警報の役割
the-role-of-a-dermatologist,El papel de un dermatólogo,vai trò của bác sĩ da liễu,دور طبيب الأمراض الجلدية,die Rolle eines Dermatologen,त्वचा विशेषज्ञ की भूमिका,皮膚科医の役割
thermal balloon endometrial ablation,ablación endometrial con balón térmico,đốt nội mạc tử cung bằng bóng nhiệt,استئصال بطانة الرحم بالبالون الحراري,Thermische Ballon-Endometriumablation,थर्मल बैलून एंडोमेट्रियल एब्लेशन,熱バルーン子宮内膜アブレーション
thoracoscopy,toracoscopia,nội soi lồng ngực,تنظير الصدر,Thorakoskopie,थोराकोस्कोपी,胸腔鏡検査
threadworms,gusanos intestinales,giun kim,الديدان الدبوسية,Madenwürmer,धागे के कीड़े,線虫
throat cancer,cáncer de garganta,ung thư họng,سرطان الحلق,Kehlkopfkrebs,गले का कैंसर,喉頭がん
throat diseases,enfermedades de la garganta,bệnh về họng,أمراض الحلق,Halskrankheiten,गले की बीमारियाँ,喉の病気
thrombocytopenia,trombocitopenia,giảm tiểu cầu,نقص الصفيحات,Thrombozytopenie,थ्रोम्बोसाइटोपेनिया,血小板減少症
thrush,tordo,bệnh nấm miệng,مرض القلاع,Soor,थ्रश,ツグミ
thunderstorm asthma,tormenta eléctrica asma,hen suyễn do giông bão,الربو الناتج عن العواصف الرعدية,Gewitterasthma,गरज के साथ तूफान अस्थमा,雷雨喘息
thyroid cancer,cáncer de tiroides,ung thư tuyến giáp,سرطان الغدة الدرقية,Schilddrüsenkrebs,थायराइड कैंसर,甲状腺がん
thyroid function tests,pruebas de función tiroidea,xét nghiệm chức năng tuyến giáp,اختبارات وظائف الغدة الدرقية,Schilddrüsenfunktionstests,थायरॉइड फंक्शन टेस्ट,甲状腺機能検査
thyroid gland,glándula tiroides,tuyến giáp,الغدة الدرقية,Schilddrüse,थाइरॉयड ग्रंथि,甲状腺
thyroid problems,problemas de tiroides,các vấn đề về tuyến giáp,مشاكل الغدة الدرقية,Schilddrüsenprobleme,थायरॉयड समस्याएं,甲状腺の問題
thyroidectomy,tiroidectomía,phẫu thuật cắt bỏ tuyến giáp,استئصال الغدة الدرقية,Schilddrüsenentfernung,थायरॉयडेक्टॉमी,甲状腺切除術
thyroidectomy for suspected cancer,Tiroidectomía por sospecha de cáncer,phẫu thuật cắt bỏ tuyến giáp do nghi ngờ ung thư,استئصال الغدة الدرقية للاشتباه في الإصابة بالسرطان,Schilddrüsenentfernung bei Verdacht auf Krebs,कैंसर के संदेह में थायरॉयडेक्टॉमी,癌が疑われる場合の甲状腺切除術
thyrotoxicosis,tirotoxicosis,cường giáp,فرط نشاط الغدة الدرقية,Thyreotoxikose,थायरोटोक्सीकोसिस,甲状腺中毒症
tia,tia,tia,تيا,Tia,तिया,ティア
tick bites,picaduras de garrapatas,vết cắn của ve,لدغات القراد,Zeckenbisse,टिक के काटने,ダニ刺され
tinea,tiña,nấm da,سعفة,Tinea,टिनिअ,白癬
tinnitus,"formal: tinnitus | informal: zumbido en los oídos, pitido en el oído","formal: ù tai | informal: tiếng ve kêu trong tai, tiếng ù tai","formal: طنين | informal: طنين في الأذن, وش في الأذن","formal: Tinnitus | informal: Ohrensausen, Pfeifen im Ohr","formal: कर्णक्ष्वेड | informal: कान बजना, कानों में सायं-सायं होना","formal: 耳鳴り | informal: 耳鳴り, キーンとする音"
tips for safe and responsible drinking,Consejos para beber de forma segura y responsable,lời khuyên để uống rượu an toàn và có trách nhiệm,نصائح للشرب الآمن والمسؤول,Tipps für sicheren und verantwortungsvollen Alkoholkonsum,सुरक्षित और ज़िम्मेदार तरीके से शराब पीने के लिए सुझाव,安全で責任ある飲酒のためのヒント
tissue and organ donation,Donación de tejidos y órganos,hiến tặng mô và nội tạng,التبرع بالأنسجة والأعضاء,Gewebe- und Organspende,ऊतक और अंग दान,組織および臓器提供
tmj arthroscopy,artroscopia de la ATM,nội soi khớp thái dương hàm,تنظير مفصل الفك الصدغي,Kiefergelenksarthroskopie,टीएमजे आर्थ्रोस्कोपी,顎関節鏡検査
toddlers and babies,niños pequeños y bebés,trẻ mới biết đi và trẻ sơ sinh,الأطفال الصغار والرضع,Kleinkinder und Babys,छोटे बच्चे और शिशु,幼児と赤ちゃん
toe,dedo del pie,ngón chân,اصبع القدم,Zehe,पैर की अंगुली,つま先
toe and forefoot amputation,amputación de dedos y antepié,cắt cụt ngón chân và bàn chân trước,بتر أصابع القدم ومقدمة القدم,Zehen- und Vorfußamputation,पैर की उंगली और अग्रपाद का विच्छेदन,つま先と前足部の切断
toe fracture,fractura del dedo del pie,gãy ngón chân,كسر في إصبع القدم,Zehenbruch,पैर की उंगली में फ्रैक्चर,足指の骨折
toenail infection,infección de las uñas de los pies,nhiễm trùng móng chân,عدوى أظافر القدم,Zehennagelinfektion,पैर के नाखून में संक्रमण,足の爪の感染症
toilet training,entrenamiento para ir al baño,huấn luyện đi vệ sinh,التدريب على استخدام المرحاض,Toilettentraining,शौचालय प्रशिक्षण,トイレトレーニング
tongue and mouth cuts,Cortes en la lengua y la boca,vết cắt lưỡi và miệng,جروح اللسان والفم,Zungen- und Mundverletzungen,जीभ और मुंह में कट,舌と口の切り傷
tongue-tie division,división de frenillo lingual,phân chia dính lưỡi,قسم ربط اللسان,Zungenbändchen-Abteilung,जीभ-बंधन विभाजन,舌小帯切除術
tonsil stones,cálculos amigdalinos,sỏi amidan,حصى اللوزتين,Mandelsteine,टन्सिल का पत्थर,扁桃腺結石
tonsillectomy,amigdalectomía,cắt amidan,إستئصال اللوزتين,Mandelentfernung,तोंसिल्लेक्टोमी,扁桃腺摘出術
tonsillitis,amigdalitis,viêm amiđan,التهاب اللوزتين,Mandelentzündung,टॉन्सिल्लितिस,扁桃炎
tooth abscess,absceso dental,áp xe răng,خراج الأسنان,Zahnabszess,दांत का फोड़ा,歯の膿瘍
tooth extraction,extracción dental,nhổ răng,خلع الأسنان,Zahnextraktion,दांत उखाड़ना,抜歯
toothache and gum swelling,dolor de muelas e inflamación de las encías,đau răng và sưng nướu,ألم الأسنان وتورم اللثة,Zahnschmerzen und Zahnfleischschwellung,दांत दर्द और मसूड़ों में सूजन,歯痛と歯茎の腫れ
torticollis. neck strain,tortícolis. distensión cervical,chứng vẹo cổ. căng cơ cổ,التواء الرقبة. إجهاد الرقبة,Schiefhals. Nackenverspannung.,गर्दन में खिंचाव (टॉर्टिकोलिस)।,斜頸。首の捻挫
total ankle replacement,reemplazo total de tobillo,thay khớp mắt cá chân toàn phần,استبدال كامل للكاحل,Totale Sprunggelenksersatz,कुल टखने का प्रतिस्थापन,足関節全置換術
total elbow replacement,reemplazo total de codo,thay khớp khuỷu tay toàn phần,استبدال كامل للمرفق,vollständiger Ellbogenersatz,कुल कोहनी प्रतिस्थापन,肘関節全置換術
total shoulder replacement,reemplazo total de hombro,thay khớp vai toàn phần,استبدال مفصل الكتف بالكامل,totaler Schulterersatz,कुल कंधे का प्रतिस्थापन,肩関節全置換術
total thyroidectomy,tiroidectomía total,cắt bỏ toàn bộ tuyến giáp,استئصال الغدة الدرقية بالكامل,totale Thyreoidektomie,कुल थायरॉयडेक्टॉमी,甲状腺全摘出術
tourette syndrome,síndrome de Tourette,hội chứng Tourette,متلازمة توريت,Tourette-Syndrom,टॉरेट सिंड्रोम,トゥレット症候群
toxic fumes,humos tóxicos,khói độc,أبخرة سامة,giftige Dämpfe,जहरीली गैसें,有毒ガス
toxic shock syndrome,síndrome de shock tóxico,hội chứng sốc nhiễm độc,متلازمة الصدمة التسممية,toxisches Schocksyndrom,टॉक्सिक शॉक सिंड्रोम,毒素性ショック症候群
toxoplasmosis,toxoplasmosis,bệnh toxoplasmosis,داء المقوسات,Toxoplasmose,टोक्सोप्लाज़मोसिज़,トキソプラズマ症
tracheostomy,traqueostomía,mở khí quản,فغر الرغامي,Tracheostomie,ट्रेकियोस्टोमी,気管切開
trachoma,tracoma,bệnh đau mắt hột,التراخوما,Trachom,ट्रेकोमा,トラコーマ
tramadol,tramadol,tramadol,ترامادول,Tramadol,ट्रामाडोल,トラマドール
trans-oesophageal echocardiogram,ecocardiograma transesofágico,siêu âm tim qua thực quản,تخطيط صدى القلب عبر المريء,transösophageale Echokardiographie,ट्रांस-ओसोफेजियल इकोकार्डियोग्राम,経食道心エコー検査
transbronchial biopsy,biopsia transbronquial,sinh thiết xuyên phế quản,خزعة عبر القصبات الهوائية,transbronchiale Biopsie,ट्रांसब्रोंकियल बायोप्सी,経気管支生検
transcutaneous electrical nerve stimulation,estimulación nerviosa eléctrica transcutánea,kích thích thần kinh điện xuyên da,التحفيز الكهربائي للأعصاب عبر الجلد,transkutane elektrische Nervenstimulation,ट्रांसकुटनेऔस विद्युत तंत्रिका उत्तेजना,経皮的電気神経刺激
transfusion,transfusión,truyền máu,نقل الدم,Transfusion,ट्रांसफ्यूजन,輸血
transient ischaemic attack,ataque isquémico transitorio,cơn thiếu máu cục bộ thoáng qua,نوبة نقص تروية عابرة,transitorische ischämische Attacke,क्षणिक इस्केमिक हमला,一過性脳虚血発作
transurethral resection of the prostate,resección transuretral de la próstata,Cắt bỏ tuyến tiền liệt qua niệu đạo,استئصال البروستاتا عبر الإحليل,transurethrale Resektion der Prostata,प्रोस्टेट का ट्रांसयूरेथ्रल रिसेक्शन,経尿道的前立腺切除術
transverse myelitis,mielitis transversa,viêm tủy ngang,التهاب النخاع المستعرض,Querschnittsmyelitis,ट्रांसवर्स मायलाइटिस,横断性脊髄炎
trapeziectomy,trapeciectomía,phẫu thuật cắt bỏ xương thang,استئصال العظم شبه المنحرف,Trapezektomie,ट्रेपेज़िएक्टॉमी,僧帽筋切除術
travel health,salud en los viajes,sức khỏe khi đi du lịch,صحة المسافرين,Reisegesundheit,यात्रा स्वास्थ्य,旅行中の健康
travel medical kits,botiquines médicos de viaje,bộ dụng cụ y tế du lịch,حقائب الإسعافات الأولية للسفر,Reiseapotheken,यात्रा चिकित्सा किट,旅行用救急キット
travel sickness,mareo por viaje,say tàu xe,دوار السفر,Reisekrankheit,यात्रा संबंधी रोग,乗り物酔い
travel vaccinations,vacunas para viajes,tiêm phòng du lịch,التطعيمات اللازمة للسفر,Reiseimpfungen,यात्रा टीकाकरण,旅行用ワクチン接種
travelling for healthcare,viajar para recibir atención médica,đi lại để khám chữa bệnh,السفر لتلقي الرعاية الصحية,Reisen aus medizinischen Gründen,स्वास्थ्य सेवा के लिए यात्रा करना,医療目的での旅行
treatments for addiction,tratamientos para la adicción,các phương pháp điều trị nghiện,علاجات الإدمان,Behandlungen für Suchterkrankungen,नशे की लत के उपचार,依存症の治療
tree nut allergy,alergia a los frutos secos,dị ứng hạt cây,حساسية المكسرات,Baumnussallergie,पेड़ के मेवों से एलर्जी,木の実アレルギー
trichomoniasis,tricomoniasis,bệnh trùng roi,داء المشعرات,Trichomoniasis,ट्राइकोमोनियासिस,トリコモナス症
trichotillomania,tricotilomanía,chứng nhổ tóc,هوس نتف الشعر,Trichotillomanie,ट्राइकोटिलोमेनिया,抜毛症
trigeminal neuralgia,neuralgia del trigémino,đau dây thần kinh tam thoa,ألم العصب ثلاثي التوائم,Trigeminusneuralgie,ट्राइजेमिनल न्यूराल्जिया,三叉神経痛
trigger finger release,liberación del dedo del gatillo,giải phóng ngón tay cò súng,تحرير إصبع الزناد,Loslassen des Zeigefingers,ट्रिगर उंगली रिलीज,トリガーフィンガーリリース
triglycerides,triglicéridos,chất béo trung tính,الدهون الثلاثية,Triglyceride,ट्राइग्लिसराइड्स,トリグリセリド
triple zero,triple cero,ba số không,ثلاثة صفر,Drei Null,ट्रिपल ज़ीरो,トリプルゼロ
trips,viajes,chuyến đi,رحلات,Reisen,ट्रिप्स,旅行
trisomy 18,trisomía 18,hội chứng trisomy 18,التثلث الصبغي 18,Trisomie 18,ट्राइसोमी 18,18トリソミー
tss,tss,tss,تسس,tss,टीएसएस,ツッ
tubal ligation,ligadura de trompas,thắt ống dẫn trứng,ربط الأنابيب,Tubenligatur,ट्यूबल लिगेशन,卵管結紮
tuberculosis,tuberculosis,bệnh lao,مرض الدرن,Tuberkulose,तपेदिक,結核
tuberous sclerosis,esclerosis tuberosa,bệnh xơ cứng củ,التصلب الدرني,tuberöse Sklerose,ट्यूबरस स्क्लेरोसिस,結節性硬化症
tummy pain,dolor de estómago,đau bụng,ألم في البطن,Bauchschmerzen,पेट दर्द,腹痛
tumours,tumores,khối u,الأورام,Tumore,ट्यूमर,腫瘍
turbinectomy,turbinectomía,cắt bỏ cuốn mũi,استئصال القرينات الأنفية,Turbinektomie,टर्बाइनेक्टोमी,鼻甲介切除術
turner syndrome,síndrome de Turner,hội chứng Turner,متلازمة تيرنر,Turner-Syndrom,हत्थेदार बर्तन सहलक्षण,ターナー症候群
turp,turp,nhựa thông,زيت التربنتين,Terpentin,टर्प,タープ
twitching eye,ojo tembloroso,mắt giật,ارتعاش العين,zuckendes Auge,आँख फड़कना,まぶたの痙攣
type 1 diabetes,diabetes tipo 1,bệnh tiểu đường loại 1,داء السكري من النوع الأول,Typ-1-Diabetes,टाइप 1 मधुमेह,1型糖尿病
type 2 diabetes,diabetes tipo 2,bệnh tiểu đường loại 2,داء السكري من النوع الثاني,Typ-2-Diabetes,टाइप 2 मधुमेह,2型糖尿病
types of thermometer for fever,Tipos de termómetros para la fiebre,các loại nhiệt kế đo sốt,أنواع موازين الحرارة لقياس الحمى,Arten von Fieberthermometern,बुखार मापने वाले थर्मामीटर के प्रकार,発熱用の体温計の種類
typhoid and paratyphoid fever,fiebre tifoidea y paratifoidea,thương hàn và phó thương hàn,حمى التيفوئيد وحمى نظيرة التيفوئيد,Typhus und Paratyphus,टाइफाइड और पैराटाइफाइड बुखार,腸チフスおよびパラチフス
ulcerative colitis,colitis ulcerosa,viêm loét đại tràng,التهاب القولون التقرحي,Colitis ulcerosa,नासूर के साथ बड़ी आंत में सूजन,潰瘍性大腸炎
ulcers,úlceras,loét,القرحة,Geschwüre,अल्सर,潰瘍
ulcers and mouth sores,úlceras y llagas en la boca,loét và vết thương miệng,القرح وتقرحات الفم,Geschwüre und Mundgeschwüre,अल्सर और मुंह के छाले,潰瘍と口内炎
ulnar nerve entrapment,atrapamiento del nervio cubital,hội chứng chèn ép dây thần kinh trụ,انحصار العصب الزندي,Ulnarisnervenkompression,अलनार तंत्रिका अवरोध,尺骨神経絞扼
ulnar nerve release,liberación del nervio cubital,giải phóng dây thần kinh trụ,تحرير العصب الزندي,Entlastung des Ellennervs,अलनार तंत्रिका रिलीज,尺骨神経解放術
ultrasound,ultrasonido,siêu âm,الموجات فوق الصوتية,Ultraschall,अल्ट्रासाउंड,超音波
umbilical hernia,hernia umbilical,thoát vị rốn,الفتق السري,Nabelbruch,नाभि हर्निया,臍ヘルニア
umbilical hernia repair,reparación de hernia umbilical,phẫu thuật sửa chữa thoát vị rốn,إصلاح الفتق السري,Nabelbruchoperation,नाभि हर्निया की मरम्मत,臍ヘルニア修復
underlying causes of vomiting,causas subyacentes del vómito,nguyên nhân cơ bản của nôn mửa,الأسباب الكامنة وراء القيء,zugrunde liegende Ursachen des Erbrechens,उल्टी के अंतर्निहित कारण,嘔吐の根本原因
understanding pathology tests,Comprensión de las pruebas de patología,hiểu về các xét nghiệm bệnh lý,فهم اختبارات علم الأمراض,Verständnis von Pathologietests,पैथोलॉजी परीक्षणों को समझना,病理検査の理解
understanding the public and private hospital systems,comprender los sistemas hospitalarios públicos y privados,Hiểu biết về hệ thống bệnh viện công và tư,فهم أنظمة المستشفيات العامة والخاصة,Verständnis der öffentlichen und privaten Krankenhaussysteme,सार्वजनिक और निजी अस्पताल प्रणालियों को समझना,公立病院と私立病院のシステムを理解する
underweight,bajo peso,thiếu cân,نقص الوزن,Untergewicht,कम वजन,低体重
undescended testicles,testículos no descendidos,tinh hoàn ẩn,الخصيتان غير النازلتين,nicht abgestiegene Hoden,अंडकोष का नीचे न उतरना,停留精巣
unicompartmental knee replacement,reemplazo unicompartimental de rodilla,thay khớp gối một phần,استبدال الركبة أحادي الحجرة,unikompartimentelle Knieprothese,यूनिकम्पार्टमेंटल घुटने का प्रतिस्थापन,単顆人工膝関節置換術
unplanned pregnancy,embarazo no planificado,mang thai ngoài ý muốn,حمل غير مخطط له,ungeplante Schwangerschaft,अनियोजित गर्भावस्था,予期せぬ妊娠
unpleasant thoughts,pensamientos desagradables,những suy nghĩ khó chịu,أفكار مزعجة,unangenehme Gedanken,अप्रिय विचार,不快な考え
upper back pain,dolor en la parte superior de la espalda,đau lưng trên,ألم في أعلى الظهر,Schmerzen im oberen Rücken,ऊपरी पीठ में दर्द,背中上部の痛み
upper gi endoscopy,endoscopia digestiva alta,nội soi đường tiêu hóa trên,تنظير الجهاز الهضمي العلوي,obere GI-Endoskopie,ऊपरी जीआई एंडोस्कोपी,上部消化管内視鏡検査
upper gi endoscopy and colonoscopy,endoscopia digestiva alta y colonoscopia,nội soi đường tiêu hóa trên và nội soi đại tràng,التنظير العلوي للجهاز الهضمي وتنظير القولون,obere GI-Endoskopie und Koloskopie,ऊपरी जीआई एंडोस्कोपी और कोलोनोस्कोपी,上部消化管内視鏡検査および大腸内視鏡検査
upper gi endoscopy and dilatation,endoscopia digestiva alta y dilatación,nội soi đường tiêu hóa trên và nong thực quản,تنظير الجهاز الهضمي العلوي وتوسيعه,obere GI-Endoskopie und Dilatation,ऊपरी जीआई एंडोस्कोपी और फैलाव,上部消化管内視鏡検査および拡張術
ureteroscopy,ureteroscopia,nội soi niệu quản,تنظير الحالب,Ureteroskopie,मूत्रवाहिनी शल्य चिकित्सा,尿管鏡検査
urethrotomy,uretrotomía,mở niệu đạo,بضع الإحليل,Urethrotomie,मूत्रमार्ग विच्छेदन,尿道切開術
urgent care clinics,clínicas de atención de urgencia,phòng khám cấp cứu,عيادات الرعاية العاجلة,Notfallambulanzen,आपातकालीन देखभाल क्लीनिक,救急診療所
urinary incontinence,incontinencia urinaria,tiểu không tự chủ,سلس البول,Harninkontinenz,मूत्रीय अन्सयम,尿失禁
urinary problems,problemas urinarios,các vấn đề về đường tiết niệu,مشاكل المسالك البولية,Harnwegsprobleme,मूत्र संबंधी समस्याएं,尿路系の問題
urinary retention,retención urinaria,bí tiểu,احتباس البول,Harnverhalt,मूत्रीय अवरोधन,尿閉
urinary system,sistema urinario,hệ tiết niệu,الجهاز البولي,Harnsystem,मूत्र प्रणाली,泌尿器系
urinary tract infection,infección del tracto urinario,nhiễm trùng đường tiết niệu,التهاب المسالك البولية,Harnwegsinfektion,मूत्र पथ के संक्रमण,尿路感染症
urine colour chart,tabla de colores de la orina,bảng màu nước tiểu,مخطط ألوان البول,Urinfarbskala,मूत्र रंग चार्ट,尿の色見本
urine tests,análisis de orina,xét nghiệm nước tiểu,اختبارات البول,Urintests,मूत्र परीक्षण,尿検査
urologist,urólogo,bác sĩ tiết niệu,طبيب المسالك البولية,Urologe,उरोलोजिस्त,泌尿器科医
urticaria,"formal: urticaria | informal: ronchas, erupción cutánea, urticaria","formal: mày đay | informal: phát ban, nổi mẩn đỏ, tổ ong","formal: شرى | informal: خلايا النحل, طفح جلدي","formal: Urtikaria | informal: Nesselsucht, Hautausschlag","formal: शीतपित्त | informal: पित्ती, लाल चकत्ते, हीव्स","formal: じんましん | informal: 蕁麻疹, 湿疹, 蜂の巣"
uterine cancer,cáncer de útero,ung thư tử cung,سرطان الرحم,Gebärmutterkrebs,गर्भाशय कैंसर,子宮がん
uterine disorders,trastornos uterinos,rối loạn tử cung,اضطرابات الرحم,Gebärmuttererkrankungen,गर्भाशय संबंधी विकार,子宮疾患
uti,uti,nhiễm trùng đường tiết niệu,التهاب المسالك البولية,Harnwegsinfektion,यूटीआई,尿路感染症
uveitis,uveítis,viêm màng bồ đào,التهاب العنبية,Uveitis,यूवेइटिस,ぶどう膜炎
vaccination,vacunación,tiêm chủng,تلقيح,Impfung,टीकाकरण,予防接種
vaccination or immunisation- what's the difference?,¿Vacunación o inmunización? ¿Cuál es la diferencia?,Tiêm phòng hay miễn dịch - sự khác biệt là gì?,التطعيم أو التحصين - ما الفرق؟,Impfung oder Immunisierung – worin besteht der Unterschied?,टीकाकरण और प्रतिरक्षण - इनमें क्या अंतर है?,ワクチン接種と免疫接種の違いは何ですか？
vaccinations for travel,vacunas para viajar,tiêm phòng khi đi du lịch,التطعيمات اللازمة للسفر,Impfungen für die Reise,यात्रा के लिए टीकाकरण,旅行のための予防接種
vaccine preventable diseases,enfermedades prevenibles por vacunación,các bệnh có thể phòng ngừa bằng vắc-xin,الأمراض التي يمكن الوقاية منها باللقاحات,durch Impfung vermeidbare Krankheiten,टीके से रोके जा सकने वाले रोग,ワクチンで予防可能な疾患
vaginal and irritation and infection,Irritación vaginal e infección,kích ứng và nhiễm trùng âm đạo,تهيج والتهاب المهبل,Vaginalreizung und Infektion,योनि में जलन और संक्रमण,膣の炎症と感染
vaginal bleeding,sangrado vaginal,chảy máu âm đạo,نزيف مهبلي,vaginale Blutungen,योनि से रक्तस्राव,膣からの出血
vaginal discharge,flujo vaginal,dịch tiết âm đạo,إفرازات مهبلية,vaginaler Ausfluss,योनि स्राव,膣分泌物
vaginal dryness,sequedad vaginal,khô âm đạo,جفاف المهبل,Scheidentrockenheit,योनि में सूखापन,膣の乾燥
vaginal hysterectomy,histerectomía vaginal,cắt bỏ tử cung qua đường âm đạo,استئصال الرحم عن طريق المهبل,vaginale Hysterektomie,योनि हिस्टेरेक्टॉमी,経膣子宮摘出術
vaginal problems,problemas vaginales,các vấn đề về âm đạo,مشاكل المهبل,vaginale Probleme,योनि संबंधी समस्याएं,膣の問題
vaginal ring,anillo vaginal,vòng âm đạo,حلقة مهبلية,Vaginalring,योनि वलय,膣リング
vaginal thrush,candidiasis vaginal,nấm âm đạo,داء المبيضات المهبلي,Scheidenpilz,योनि में फंगल संक्रमण,膣カンジダ症
vaginismus,vaginismo,chứng co thắt âm đạo,التشنج المهبلي,Vaginismus,योनि का संकुचन,膣痙攣
vaginosis,vaginosis,viêm âm đạo,التهاب المهبل,Vaginose,वगिनोसिस,膣炎
vaping,vapeo,hút thuốc lá điện tử,التدخين الإلكتروني,Dampfen,vaping,電子タバコ
varicella,"formal: varicela | informal: lepra, peste cristal, varicela","formal: bệnh thủy đậu | informal: trái rạ, thủy đậu","formal: جدري الماء | informal: جديري الماء, حُماق",formal: Varizellen | informal: Windpocken,"formal: वरिसेला | informal: छोटी माता, चेचक",formal: 水痘 | informal: 水疱瘡
varicocele,varicocele,giãn tĩnh mạch tinh hoàn,دوالي الخصية,Varikozele,वृषण-शिरापस्फीति,精索静脈瘤
varicose veins,varices,giãn tĩnh mạch,توسع الأوردة,Krampfadern,वैरिकाज - वेंस,静脈瘤
varicose veins surgery,cirugía de varices,phẫu thuật giãn tĩnh mạch,جراحة الدوالي,Krampfadernoperation,वैरिकोज वेन्स सर्जरी,静脈瘤手術
vascular dementia,demencia vascular,chứng mất trí nhớ mạch máu,الخرف الوعائي,vaskuläre Demenz,संवहनी मनोभ्रंश,血管性認知症
vascular disease,enfermedad vascular,bệnh mạch máu,أمراض الأوعية الدموية,Gefäßerkrankung,संवहनी रोग,血管疾患
vascular system,sistema vascular,hệ thống mạch máu,الجهاز الوعائي,Gefäßsystem,संवहनी प्रणाली,血管系
vasculitis,vasculitis,viêm mạch máu,التهاب الأوعية الدموية,Vaskulitis,वाहिकाशोथ,血管炎
vasectomy,vasectomía,thắt ống dẫn tinh,عملية قطع القناة المنوية,Vasektomie,पुरुष नसबंदी,精管切除術
vegetables,verduras,rau,خضروات,Gemüse,सब्ज़ियाँ,野菜
vegetarian and vegan diets,dietas vegetarianas y veganas,chế độ ăn chay và thuần chay,الأنظمة الغذائية النباتية والنباتية الصرفة,vegetarische und vegane Ernährung,शाकाहारी और वीगन आहार,ベジタリアンとビーガンの食事
veneers,carillas,lớp phủ,قشور الأسنان,Furniere,VENEERS,ベニア
venereal diseases,enfermedades venéreas,bệnh hoa liễu,الأمراض المنقولة جنسياً,Geschlechtskrankheiten,यौन रोग,性病
verrucas,verrugas,mụn cóc,الثآليل,Warzen,मस्से,イボ
vertigo,"formal: vértigo | informal: mareo, sensación de que todo da vueltas","formal: chóng mặt | informal: chóng mặt, quay cuồng","formal: دوار | informal: دوخة, احساس بالدوران","formal: Vertigo | informal: Schwindel, Drehschwindel","formal: चक्कर आना | informal: चक्कर, घूमने की अनुभूति, चक्कर आना","formal: めまい | informal: めまい, 目が回ること"
vestibular schwannoma,schwannoma vestibular,u thần kinh tiền đình,ورم شفاني دهليزي,Vestibularisschwannom,वेस्टिबुलर श्वानोमा,前庭神経鞘腫
viagra,Viagra,viagra,الفياجرا,Viagra,वियाग्रा,バイアグラ
viral haemorrhagic fevers,fiebres hemorrágicas virales,sốt xuất huyết do virus,الحمى النزفية الفيروسية,virale hämorrhagische Fieber,वायरल रक्तस्रावी बुखार,ウイルス性出血熱
viral infections,infecciones virales,nhiễm trùng virus,العدوى الفيروسية,Virusinfektionen,वायरल संक्रमण,ウイルス感染症
viral pneumonia,neumonía viral,viêm phổi do virus,الالتهاب الرئوي الفيروسي,virale Lungenentzündung,वायरल निमोनिया,ウイルス性肺炎
viral vs bacterial infections,infecciones virales frente a infecciones bacterianas,nhiễm trùng do virus so với nhiễm trùng do vi khuẩn,العدوى الفيروسية مقابل العدوى البكتيرية,Virusinfektionen im Vergleich zu bakteriellen Infektionen,वायरल बनाम जीवाणु संक्रमण,ウイルス感染と細菌感染の違い
virtual care clinics,clínicas de atención virtual,phòng khám chăm sóc ảo,عيادات الرعاية الافتراضية,virtuelle Gesundheitskliniken,वर्चुअल केयर क्लीनिक,バーチャルケアクリニック
visceral fat,grasa visceral,mỡ nội tạng,الدهون الحشوية,viszerales Fett,आंतरिक वसा,内臓脂肪
vision impairment,discapacidad visual,suy giảm thị lực,ضعف البصر,Sehbehinderung,लज़र में खराबी,視覚障害
vitamin a,vitamina a,vitamin a,فيتامين أ,Vitamin A,विटामिन ए,ビタミンA
vitamin a deficiency,deficiencia de vitamina A,thiếu vitamin A,نقص فيتامين أ,Vitamin-A-Mangel,विटामिन ए की कमी,ビタミンA欠乏症
vitamin and mineral deficiency,deficiencia de vitaminas y minerales,thiếu vitamin và khoáng chất,نقص الفيتامينات والمعادن,Vitamin- und Mineralstoffmangel,विटामिन और खनिज की कमी,ビタミンとミネラルの欠乏
vitamin b,vitamina b,vitamin B,فيتامين ب,Vitamin B,विटामिन बी,ビタミンB
vitamin b deficiency,deficiencia de vitamina B,thiếu vitamin B,نقص فيتامين ب,Vitamin-B-Mangel,विटामिन बी की कमी,ビタミンB欠乏症
vitamin b12 test,prueba de vitamina B12,xét nghiệm vitamin B12,اختبار فيتامين ب12,Vitamin-B12-Test,विटामिन बी12 परीक्षण,ビタミンB12検査
vitamin b6 toxicity,toxicidad de la vitamina B6,độc tính vitamin B6,سمية فيتامين ب6,Vitamin-B6-Toxizität,विटामिन बी6 विषाक्तता,ビタミンB6中毒
vitamin c,vitamina c,vitamin c,فيتامين ج,Vitamin C,विटामिन सी,ビタミンC
vitamin c deficiency,deficiencia de vitamina C,thiếu vitamin C,نقص فيتامين ج,Vitamin-C-Mangel,विटामिन सी की कमी,ビタミンC欠乏症
vitamin d,vitamina d,vitamin D,فيتامين د,Vitamin D,विटामिन डी,ビタミンD
vitamin d deficiency,deficiencia de vitamina D,thiếu vitamin D,نقص فيتامين د,Vitamin-D-Mangel,विटामिन डी की कमी,ビタミンD欠乏症
vitamin d test,prueba de vitamina D,xét nghiệm vitamin D,اختبار فيتامين د,Vitamin-D-Test,विटामिन डी परीक्षण,ビタミンD検査
vitamin e,vitamina e,vitamin e,فيتامين هـ,Vitamin E,विटामिन ई,ビタミンE
vitamin k deficiency,deficiencia de vitamina K,thiếu vitamin K,نقص فيتامين ك,Vitamin-K-Mangel,विटामिन K की कमी,ビタミンK欠乏症
vitamins and minerals a-z,Vitaminas y minerales de la A a la Z,vitamin và khoáng chất từ ​​A đến Z,الفيتامينات والمعادن من الألف إلى الياء,Vitamine und Mineralstoffe A-Z,विटामिन और खनिज ए-जेड,ビタミンとミネラル A-Z
vitamins and minerals explained,Explicación de las vitaminas y los minerales,giải thích về vitamin và khoáng chất,شرح الفيتامينات والمعادن,Vitamine und Mineralstoffe erklärt,विटामिन और खनिजों की व्याख्या,ビタミンとミネラルについて解説
vitiligo,vitíligo,bạch biến,البهاق,Vitiligo,विटिलिगो,白斑
voluntary assisted dying,muerte asistida voluntaria,cái chết được hỗ trợ tự nguyện,الموت بمساعدة طبية طوعية,freiwillige Sterbehilfe,स्वैच्छिक सहायता प्राप्त मृत्यु,自発的な安楽死
volunteering,voluntariado,tình nguyện,التطوع,Freiwilligenarbeit,स्वयं सेवा,ボランティア活動
vomiting,"formal: vómitos | informal: vomitar, devolver, malo del estómago, vomitando","formal: nôn mửa | informal: ói, nôn, mắc ói, nôn mửa","formal: قيء | informal: استفراغ, ترجيع, تعبان في المعدة, التقيؤ","formal: Erbrechen | informal: Übergeben, Kotzen, schlecht im Magen, Erbrechen","formal: वमन | informal: उल्टी होना, उल्टी, जी मिचलाना, फेंक रहा","formal: 嘔吐 | informal: 吐くこと, 戻すこと, お腹が気持ち悪い, 嘔吐"
vomiting - morning sickness,vómitos - náuseas matutinas,nôn mửa - ốm nghén,القيء - غثيان الصباح,Erbrechen - Schwangerschaftsübelkeit,उल्टी - मॉर्निंग सिकनेस,嘔吐 - つわり
von willebrand disease,enfermedad de von Willebrand,bệnh von Willebrand,مرض فون ويلبراند,von-Willebrand-Krankheit,वॉन विलेब्रांड रोग,フォン・ヴィルブランド病
waist circumference,circunferencia de la cintura,chu vi vòng eo,محيط الخصر,Taillenumfang,कमर परिधि,ウエスト周囲
walking for exercise,caminar para hacer ejercicio,đi bộ để tập thể dục,المشي لممارسة الرياضة,Spazierengehen als Bewegung,व्यायाम के लिए पैदल चलना,運動のためのウォーキング
warning signs during pregnancy,señales de alerta durante el embarazo,dấu hiệu cảnh báo trong thai kỳ,علامات تحذيرية أثناء الحمل,Warnzeichen während der Schwangerschaft,गर्भावस्था के दौरान चेतावनी के संकेत,妊娠中の警告サイン
warning signs of suicide,señales de advertencia de suicidio,dấu hiệu cảnh báo tự tử,علامات تحذيرية للانتحار,Warnzeichen für Suizidgefährdung,आत्महत्या के चेतावनी संकेत,自殺の兆候
warts,verrugas,mụn cóc,الثآليل,Warzen,मौसा,イボ
washing hands,lavarse las manos,rửa tay,غسل اليدين,Händewaschen,हाथ धोना,手を洗う
wasp stings,picaduras de avispa,vết đốt của ong bắp cày,لسعات الدبابير,Wespenstiche,ततैया के डंक,スズメバチの毒針
water and your health,El agua y tu salud,nước và sức khỏe của bạn,الماء وصحتك,Wasser und Ihre Gesundheit,पानी और आपका स्वास्थ्य,水とあなたの健康
water safety,seguridad en el agua,an toàn nước,السلامة المائية,Wassersicherheit,जल सुरक्षा,水の安全
watery stools,heces líquidas,phân lỏng,براز مائي,wässriger Stuhlgang,पतले दस्त,水様便
weather,clima,thời tiết,طقس,Wetter,मौसम,天気
weight,peso,cân nặng,وزن,Gewicht,वज़न,重さ
weight loss medicine,medicamentos para bajar de peso,thuốc giảm cân,أدوية إنقاص الوزن,Medikamente zur Gewichtsreduktion,वजन घटाने की दवा,減量薬
weight-loss diets,dietas para bajar de peso,chế độ ăn kiêng giảm cân,حميات إنقاص الوزن,Diäten zur Gewichtsreduktion,वजन घटाने वाले आहार,減量ダイエット
wellbeing at work,bienestar en el trabajo,sức khỏe tại nơi làm việc,الرفاهية في مكان العمل,Wohlbefinden am Arbeitsplatz,कार्यस्थल पर खुशहाली,職場におけるウェルビーイング
wernicke encephalopathy,encefalopatía de Wernicke,bệnh não Wernicke,اعتلال الدماغ فيرنيك,Wernicke-Enzephalopathie,वर्निक एन्सेफेलोपैथी,ウェルニッケ脳症
what is a radiographer and a radiologist?,¿Qué es un técnico en radiología y un radiólogo?,Kỹ thuật viên chụp X-quang và bác sĩ chụp X-quang là gì?,ما هو أخصائي الأشعة وما هو أخصائي الأشعة؟,Was ist ein Radiologieassistent und was ein Radiologe?,रेडियोग्राफर और रेडियोलॉजिस्ट क्या होते हैं?,放射線技師と放射線科医とは何ですか？
what to expect from a physical examination by your doctor,Qué esperar de un examen físico realizado por su médico.,Những điều cần biết về buổi khám sức khỏe định kỳ của bác sĩ.,ما الذي يمكن توقعه من الفحص البدني الذي يجريه طبيبك؟,Was Sie von einer körperlichen Untersuchung durch Ihren Arzt erwarten können,अपने डॉक्टर द्वारा की जाने वाली शारीरिक जांच से क्या उम्मीद करें,医師による身体検査で期待できること
whiplash,latigazo,chấn thương cổ,إصابة الرقبة المفاجئة,Schleudertrauma,मोच,むち打ち症
white blood cells,glóbulos blancos,tế bào bạch cầu,خلايا الدم البيضاء,weiße Blutkörperchen,श्वेत रुधिराणु,白血球
wide local excision,escisión local amplia,cắt bỏ cục bộ rộng,استئصال موضعي واسع,weite lokale Exzision,व्यापक स्थानीय निष्कासन,広範囲局所切除
williams syndrome,síndrome de Williams,hội chứng Williams,متلازمة ويليامز,Williams-Syndrom,विलियम्स सिंड्रोम,ウィリアムズ症候群
winter health hazards at home,Riesgos para la salud en el hogar durante el invierno,Các mối nguy hại sức khỏe mùa đông tại nhà,المخاطر الصحية في فصل الشتاء في المنزل,Gesundheitsgefahren im Winter zu Hause,घर में सर्दियों के दौरान स्वास्थ्य संबंधी खतरे,冬の家庭における健康被害
wisdom teeth removal,Extracción de muelas del juicio,nhổ răng khôn,خلع ضرس العقل,Weisheitszahnentfernung,अक्ल दाढ़ निकालना,親知らずの抜歯
withdrawal from addiction,Abstinencia de adicción,cai nghiện,الانسحاب من الإدمان,Entzugserscheinungen,लत से छुटकारा पाना,依存症からの離脱
withdrawal symptoms,síntomas de abstinencia,triệu chứng cai nghiện,أعراض الانسحاب,Entzugssymptome,लक्षण,禁断症状
wolff-parkinson-white syndrome,síndrome de Wolff-Parkinson-White,hội chứng Wolff-Parkinson-White,متلازمة وولف-باركنسون-وايت,Wolff-Parkinson-White-Syndrom,वोल्फ-पार्किंसन-व्हाइट सिंड्रोम,ウォルフ・パーキンソン・ホワイト症候群
women and depression,mujeres y depresión,phụ nữ và chứng trầm cảm,النساء والاكتئاب,Frauen und Depression,महिलाएं और अवसाद,女性と鬱病
women's health,salud de la mujer,sức khỏe phụ nữ,صحة المرأة,Frauengesundheit,महिलाओं की सेहत,女性の健康
work-life balance,equilibrio entre la vida laboral y personal,cân bằng giữa công việc và cuộc sống,التوازن بين العمل والحياة,Work-Life-Balance,कार्य संतुलन,ワークライフバランス
work-related stress,estrés relacionado con el trabajo,căng thẳng liên quan đến công việc,الإجهاد المرتبط بالعمل,arbeitsbedingter Stress,कार्य संबंधी तनाव,仕事関連のストレス
workers' compensation,compensación laboral,bồi thường cho người lao động,تعويضات العمال,Arbeiterentschädigung,कर्मचारी भुगतान,労災補償
workers' insurance,seguro de trabajadores,bảo hiểm người lao động,تأمين العمال,Arbeiterversicherung,श्रमिकों का बीमा,労働者保険
working from home,trabajar desde casa,làm việc tại nhà,العمل من المنزل,Arbeiten von zu Hause aus,घर से काम करना,在宅勤務
workplace bullying,acoso laboral,bắt nạt nơi làm việc,التنمر في مكان العمل,Mobbing am Arbeitsplatz,कार्यस्थल पर बदमाशी,職場いじめ
workplace health,salud en el lugar de trabajo,sức khỏe nơi làm việc,الصحة في مكان العمل,Gesundheit am Arbeitsplatz,कार्यस्थल स्वास्थ्य,職場の健康
worms,gusanos,giun,الديدان,Würmer,कीड़े,ミミズ
worried about your memory,preocupado por tu memoria,lo lắng về trí nhớ của bạn,قلق بشأن ذاكرتك,Ich mache mir Sorgen um mein Gedächtnis,आपकी याददाश्त को लेकर चिंतित,記憶力が心配です
wounds,heridas,vết thương,جروح,Wunden,घाव,傷
wrist pain,dolor de muñeca,đau cổ tay,ألم في الرسغ,Handgelenkschmerzen,कलाई का दर्द,手首の痛み
x-rays,rayos X,tia X,الأشعة السينية,Röntgenstrahlen,एक्स-रे,X線
yellow fever,fiebre amarilla,sốt vàng,حمى صفراء,Gelbfieber,पीला बुखार,黄熱病
yoga,yoga,yoga,اليوغا,Yoga,योग,ヨガ
young adults' health,salud de los adultos jóvenes,sức khỏe của người trẻ tuổi,صحة الشباب,Gesundheit junger Erwachsener,युवा वयस्कों का स्वास्थ्य,若年成人の健康
young people and depression,jóvenes y depresión,người trẻ và chứng trầm cảm,الشباب والاكتئاب,junge Menschen und Depression,युवा लोग और अवसाद,若者と鬱病
younger onset dementia,demencia de inicio temprano,chứng mất trí nhớ khởi phát sớm,الخرف المبكر,Demenz mit jüngerem Beginn,कम उम्र में शुरू होने वाला मनोभ्रंश,若年性認知症
youth,juventud,thiếu niên,شباب,Jugend,युवा,若者
youth suicide,suicidio juvenil,tự tử ở thanh thiếu niên,انتحار الشباب,Selbstmord unter Jugendlichen,युवा आत्महत्या,若者の自殺
zika virus,virus del Zika,virus Zika,فيروس زيكا,Zika-Virus,ज़िका वायरस,ジカウイルス
zinc and your health,El zinc y su salud,kẽm và sức khỏe của bạn,الزنك وصحتك,Zink und Ihre Gesundheit,जस्ता और आपका स्वास्थ्य,亜鉛とあなたの健康
zinc deficiency,deficiencia de zinc,thiếu kẽm,نقص الزنك,Zinkmangel,जस्ता की कमी,亜鉛欠乏症
zoster,zóster,bệnh zona,الحزام الناري,Zoster,दाद,帯状疱疹
dyspnea,"formal: disnea | informal: dificultad para respirar, falta de aire, ahogo","formal: khó thở | informal: hụt hơi, khó thở, thở dốc","formal: ضيق التنفس | informal: ضيق في التنفس, صعوبة في التنفس, كتمة","formal: Dyspnoe | informal: Kurzatmigkeit, Atemnot, Schweratmigkeit","formal: डिस्पनिया | informal: साँस फूलना, साँस लेने में तकलीफ, साँस की कमी, सांस लेने में कठिनाई, साँस लेने में तकलीफ़","formal: 呼吸困難 | informal: 息切れ, 息苦しさ, 息が荒い, 呼吸困難"
bronchodilator,broncodilatador,thuốc giãn phế quản,موسع للشعب الهوائية,Bronchodilatator,ब्रांकोडायलेटर,気管支拡張剤
inhaler,inhalador,ống hít,جهاز استنشاق,Inhalator,साँस लेनेवाला,吸入器
puffer,bomba,ống hít,بخاخ الربو,Inhalator,पफर,フグ
spacer,espaciador,buồng đệm,مباعد,Spacer,स्पेसर,スペーサー
general practitioner,médico de cabecera,bác sĩ gia đình,طبيب عام,Hausarzt,सामान्य चिकित्सक,一般開業医
emergency room,urgencias,phòng cấp cứu,الطوارئ,Notaufnahme,आपातकालीन कक्ष,救急処置室
er,urgencias,phòng cấp cứu,الطوارئ,Notaufnahme,एर,er
stiff neck,rigidez de nuca,cứng cổ,صلابة الرقبة,steifer Nacken,गर्दन में अकड़न,肩こり
light sensitivity,sensibilidad a la luz,nhạy cảm với ánh sáng,حساسية الضوء,Lichtempfindlichkeit,प्रकाश संवेदनशीलता,光感受性
stuffy nose,nariz tapada,ngạt mũi,انسداد الأنف,verstopfte Nase,बंद नाक,鼻づまり
knee cap,rótula,xương bánh chè,رضفة الركبة,Kniescheibe,घुटने की टोपी,膝蓋骨（お皿）
deformity,deformidad,biến dạng,تشوه,Deformität,कुरूपता,変形
numbness,entumecimiento,tê liệt,خدر,Taubheit,सुन्न होना,しびれ
chest congestion,congestión en el pecho,tắc nghẽn ngực,احتقان الصدر,Bruststauung,छाती में जकड़न,胸のつかえ（胸部うっ血）
fainted,se desmayó,ngất xỉu,أغمي عليه,in Ohnmacht gefallen,बेहोश होना,気絶した
chemist,químico,nhà hóa học,كيميائي,Chemiker,केमिस्ट (दवा की दुकान),化学者
dry cough,tos seca,ho khan,سعال جاف,trockener Husten,सूखी खांसी,空咳
memory loss,pérdida de memoria,mất trí nhớ,فقدان الذاكرة,Gedächtnisverlust,स्मृति हानि,物忘れ
syncope,"formal: síncope | informal: desmayo, desvanecimiento, pérdida de conocimiento","formal: ngất xỉu | informal: ngất, bất tỉnh, xỉu, ngất xỉu","formal: إغماء | informal: إغماء, فقدان الوعي, غيبوبة خفيفة","formal: Synkope | informal: Ohnmacht, Kreislaufkollaps, Schwarzwerden vor den Augen","formal: मूर्च्छा | informal: बेहोश होना, चक्कर खाकर गिरना, अंधेरा छाना","formal: 失神 | informal: 気絶, 意識を失う, 目の前が真っ暗になる, 失神"
epistaxis,"formal: epistaxis | informal: sangrado de nariz, hemorragia nasal","formal: chảy máu cam | informal: chảy máu mũi, máu cam","formal: رعاف | informal: نزيف الأنف, رعاف","formal: Epistaxis | informal: Nasenbluten, blutende Nase","formal: नकसीर | informal: नाक से खून बहना, नकसीर","formal: 鼻出血 | informal: 鼻血, 鼻から血が出る"
pertussis,"formal: tos ferina | informal: tos convulsa, tos ferina",formal: bệnh ho gà | informal: ho gà,"formal: السعال الديكي | informal: سعال ديكي, السعال الديكي",formal: Pertussis | informal: Keuchhusten,"formal: काली खांसी | informal: कुकुर खांसी, काली खांसी","formal: 百日咳 | informal: 百日ぜき, 百日咳"
fracture,"formal: fractura | informal: hueso roto, fisura","formal: gãy xương | informal: bể xương, nứt xương","formal: كسر | informal: عظم مكسور, شرخ","formal: Fraktur | informal: Knochenbruch, Riss","formal: अस्थि-भंग | informal: हड्डी टूटना, दरार","formal: 骨折 | informal: 骨折, ひび"
renal calculi,"formal: cálculos renales | informal: piedras en los riñones, cálculos renales","formal: sỏi thận | informal: đá trong thận, sỏi thận","formal: حصى الكلى | informal: حصوات الكلى, حصى الكلى",formal: Nierensteine | informal: Nierensteine,"formal: गुर्दे की पथरी | informal: किडनी की पथरी, गुर्दे की पथरी","formal: 腎結石 | informal: 尿路結石, 腎臓結石"
hyperpyrexia,"formal: hiperpirexia | informal: fiebre muy alta, quemando de fiebre","formal: sốt cao co giật | informal: sốt cao, nóng hầm hập","formal: فرط السخونة | informal: حمى شديدة, جسم حار جدا","formal: Hyperpyrexie | informal: hohes Fieber, glühend heiß","formal: अतिताप | informal: तेज बुखार, तप रहा शरीर","formal: 超高熱 | informal: 高熱, 体が燃えるように熱い"
dyspepsia,"formal: dispepsia | informal: indigestión, acidez de estómago, acidez","formal: khó tiêu | informal: đầy bụng, ợ chua, ợ nóng, khó tiêu","formal: عسر الهضم | informal: عسر الهضم, حرقة المعدة, حرقة في المعدة","formal: Dyspepsie | informal: Verdauungsstörung, Sodbrennen, Verdauungsstörungen","formal: अपच | informal: बदहजमी, सीने में जलन, पेट में जलन, अपच","formal: 消化不良 | informal: 消化不良, 胸焼け"
pruritus,"formal: prurito | informal: picazón, picor de piel, piel con picazón","formal: ngứa | informal: ngứa da, ngứa ngáy, da ngứa","formal: حكة | informal: حكة, حكة جلدية, حكة في الجلد","formal: Pruritus | informal: Juckreiz, juckende Haut","formal: खुजली | informal: खुजली, खाज, खुजली वाली त्वचा","formal: 掻痒症 | informal: かゆみ, 皮膚のかゆみ, かゆみのある肌"
cephalalgia,formal: cefalalgia | informal: dolor de cabeza,formal: đau đầu | informal: nhức đầu,"formal: صداع | informal: وجع رأس, صداع",formal: Cephalgie | informal: Kopfschmerzen,formal: शिरःशूल | informal: सिरदर्द,formal: 頭痛 | informal: 頭痛
laceration,"formal: laceración | informal: corte, brecha, desgarro","formal: vết rách | informal: vết cắt, vết chém, vết rách","formal: تهتك | informal: جرح, شق عميق, تمزق","formal: Lazeration | informal: Schnittwunde, Klaffende Wunde, Riss","formal: विदारण | informal: घाव, चीरा, कटाव","formal: 裂傷 | informal: 切り傷, 深い傷, 破れ傷"
contusion,"formal: contusión | informal: moretón, hematoma",formal: vết bầm tím | informal: bầm tím,"formal: كدمة | informal: كدمة, رضة","formal: Kontusion | informal: Bluterguss, blauer Fleck","formal: भीतरी चोट | informal: नील, गुम चोट","formal: 打撲傷 | informal: 青あざ, 打ち身"
edema,"formal: edema | informal: hinchazón, retención de líquidos","formal: phù nề | informal: sưng phù, tích nước, giữ nước, sưng tấy","formal: وذمة | informal: تورم, احتباس السوائل","formal: Ödem | informal: Schwellung, Wasseransammlung, Flüssigkeitsretention","formal: सूजन | informal: सूजन, द्रव प्रतिधारण, शरीर में तरल की अधिकता","formal: 浮腫 | informal: むくみ, 水がたまる, 体液貯留, 腫れ"
tremor,"formal: temblor | informal: tembleque, tirones","formal: run | informal: bị run, co giật nhẹ","formal: رعشة | informal: رجفة, ارتعاش","formal: Tremor | informal: Zittern, Zittern der Hände","formal: कंपन | informal: कंपकंपी, कांपना","formal: 震え | informal: 手足の震え, 震え"
spasm,"formal: espasmo | informal: calambre, tirón muscular","formal: co thắt | informal: chuột rút, co giật cơ","formal: تشنج | informal: تشنج عضلي, تقلص عضلي","formal: Spasmus | informal: Krampf, Muskelzucken","formal: ऐंठन | informal: ऐंठन, मांसपेशियों का खिंचाव","formal: 痙攣 | informal: けいれん, つること"
dysuria,"formal: disuria | informal: dolor al orinar, ardor al hacer pis","formal: tiểu buốt | informal: tiểu rát, buốt khi đi tiểu","formal: عسر البول | informal: ألم أثناء التبول, حرقان عند التبول","formal: Dysurie | informal: schmerzhaftes Wasserlassen, Brennen beim Urinieren","formal: मूत्रकृच्छ्र | informal: पेशाब में दर्द, पेशाब में जलन","formal: 排尿困難 | informal: 排尿時の痛み, おしっこするときの痛み"
clavicle,formal: clavícula | informal: clavícula,formal: xương đòn | informal: xương quai xanh,formal: ترقوة | informal: عظمة الترقوة,formal: Klavikula | informal: Schlüsselbein,formal: हंसली | informal: कॉलर की हड्डी,formal: 鎖骨 | informal: 鎖骨
patella,"formal: rótula | informal: rótula, tapa de la rodilla",formal: xương bánh chè | informal: bánh chè,formal: رضفة | informal: صابونة الركبة,formal: Patella | informal: Kniescheibe,"formal: पटैला | informal: घुटने की हड्डी, कटोरी",formal: 膝蓋骨 | informal: 膝の皿
sternum,formal: esternón | informal: hueso del pecho,formal: xương ức | informal: xương lồng ngực,formal: قص | informal: عظمة القص,formal: Sternum | informal: Brustbein,formal: उरोस्थि | informal: छाती की हड्डी,formal: 胸骨 | informal: 胸の骨
trachea,"formal: tráquea | informal: tráquea, tubo de la respiración",formal: khí quản | informal: đường thở chính,formal: رغامي | informal: القصبة الهوائية,formal: Trachea | informal: Luftröhre,formal: श्वासनली | informal: सांस की नली,formal: 気管 | informal: 気管
phlegm,"formal: flema | informal: moco, mocos","formal: đờm | informal: đờm dãi, nhớt","formal: بلغم | informal: مخاط, مخاط الأنف","formal: Phlegma | informal: Schleim, Rotz","formal: कफ | informal: बलगम, बलगम","formal: 痰 | informal: 鼻水, 鼻汁"
abrasion,"formal: abrasión | informal: raspón, rasguño","formal: vết trầy xước | informal: vết xước, trầy da","formal: سحج | informal: خدش, جرح سطحي","formal: Abrasion | informal: Schürfwunde, Kratzer","formal: अपघर्षण | informal: खरोंच, रगड़","formal: 擦過傷 | informal: 擦り傷, かき傷"
pyrexia,"formal: pirexia | informal: fiebre, temperatura alta","formal: sốt | informal: sốt, nhiệt độ cao","formal: حمى | informal: حرارة مرتفعة, سخونة, درجة حرارة عالية","formal: Pyrexie | informal: Fieber, hohe Temperatur","formal: ज्वर | informal: बुखार, तेज तापमान, उच्च तापमान","formal: 発熱 | informal: 熱, 高熱, 高温"
obstipation,formal: obstipación | informal: estreñimiento severo,formal: táo bón nặng | informal: táo bón nghiêm trọng,formal: إمساك شديد | informal: إمساك حاد,formal: Obstipation | informal: schwere Verstopfung,formal: कब्ज | informal: गंभीर कब्ज,formal: 重度便秘 | informal: ひどい便秘
dysphonia,"formal: disfonía | informal: ronquera, voz ronca","formal: khàn giọng | informal: mất giọng, giọng khàn","formal: بحة الصوت | informal: بحة, فقدان الصوت","formal: Dysphonie | informal: Heiserkeit, Stimmverlust","formal: स्वरभंग | informal: गला बैठना, आवाज खोना","formal: 発声障害 | informal: 声がれ, 声が出ないこと"
erythema,"formal: eritema | informal: enrojecimiento, rubor de piel","formal: ban đỏ | informal: ửng đỏ, ửng đỏ da","formal: حمامي | informal: احمرار, احمرار الجلد","formal: Erythem | informal: Rötung, Hautrötung","formal: लालिमा | informal: लालपन, त्वचा का लाल होना","formal: 紅斑 | informal: 赤み, 皮膚の赤み"
stridor,"formal: estridor | informal: respiración ruidosa, silbido al respirar, sibilancias","formal: thở rít | informal: thở khò khè, tiếng thở rít","formal: صرير | informal: صوت صفير عند التنفس, خرخرة, أزيز","formal: Stridor | informal: pfeifendes Atemgeräusch, Keuchen","formal: स्ट्रिडोर | informal: घरघराहट, साँस से आवाज़ आना","formal: 喘鳴 | informal: ぜーぜーいう呼吸音, 呼吸の雑音, 喘鳴"
dental caries,"formal: caries dentales | informal: caries, diente picado, diente podrido, caries dental","formal: sâu răng | informal: sâu răng, lỗ hổng răng, răng sún","formal: تسوس الأسنان | informal: تسوس, حفرة في السن, ضرس مسوس, تسوس الأسنان","formal: Zahnkaries | informal: Karies, Zahnfäule, Zahnloch","formal: दंत क्षय | informal: दांतों की सड़न, कैविटी, सड़ा हुआ दांत, दांतों में सड़न","formal: う蝕 | informal: 虫歯, 虫歯の穴"
