id,group_id,breeding,children,dob,kill_weight,name,visual_ids_history,registration_status,related_meat_labels,is_castrated,is_male,pedigree,sire_is_pedigree,sire_studs,stud_sired_id,visual_id,dam_id,sire_id,description,breed_society_registration,e_id,passport_number,dead_at,owners_history,owner_id,animal_type_id,e_ids_history,is_pedigree,link_to_origin_animal_id,created_at,updated_at,dam_passport_number,sire_passport_number,is_on_farm,date_left_farm,date_moved_to_farm,animal_subtype,is_regulatory_synced,lot_id,link_to_my_sire_id,birth_information_id,field_id,meta_data,location_id,updated_by_id,last_regulatory_synced_date,animal_colour_id,kill_fat_score,kill_quality,kill_fat_score_int,kill_quality_int,is_birthed,dam_passport_number_cleaned,e_id_cleaned,passport_number_cleaned,sire_passport_number_cleaned,is_pregnant,pregnancy_due_date,is_owned_by_impact,impact_status,is_soft_deleted,soft_deleted_at
d2a853cd-413f-4703-a2e0-b2fc553248df,4e81207b-dd6d-45b0-afc9-818b978c5131,false,,2021-06-28,,,,false,,false,true,,false,,,,,79a6f95f-a17d-42db-bd99-9cd0cba4321d,,false,,UK286760401728,,[],3117,3,{},false,,2022-10-27 11:35:38.792083,2023-06-02 14:21:39.414001,UK286760500987,UK303596702930,false,2023-05-29 13:45:37.000,2021-06-28,,false,,,,a88ecf99-075e-40c8-bd32-b69fa4b32978,"{""bcms_sync_history_info_at"": ""2022-10-27T11:37:14.437582+00:00""}",3176.0,,2023-05-31 01:00:33.046139,,,,,,false,UK286760500987,,UK286760401728,UK303596702930,false,,false,,false,
aeff3779-3e3a-4ba0-abfc-64b83070cfe9,8732c7aa-0c01-4226-adb5-be660ca52d23,false,,2020-05-29,,,,false,,false,false,,false,,,,1ea18cd5-9904-4ad1-86db-26b0c4aa9a96,,,false,,UK286760201649,,[],3117,3,{},false,,2022-10-27 11:35:28.598835,2023-04-11 11:06:28.507829,UK286760501505,UK706021602429,false,2023-04-06 10:55:26.000,2020-05-29,,false,,,,a88ecf99-075e-40c8-bd32-b69fa4b32978,"{""bcms_sync_history_info_at"": ""2022-10-27T11:37:05.303374+00:00""}",3176.0,,2023-04-12 00:54:40.921704,,,,,,true,UK286760501505,,UK286760201649,UK706021602429,false,,false,,false,
63045f85-41d1-474e-bef0-adbc44b63099,4e81207b-dd6d-45b0-afc9-818b978c5131,false,,2021-06-11,,,,false,,false,true,,false,,,,d981a07c-de8f-4546-a8ed-45d77b18e82e,79a6f95f-a17d-42db-bd99-9cd0cba4321d,,false,,UK286760301720,,[],3117,3,{},false,,2022-10-27 11:35:37.852061,2023-06-02 14:21:39.414001,UK286760500994,UK303596702930,false,2023-05-29 13:45:37.000,2021-06-11,,false,,,,a88ecf99-075e-40c8-bd32-b69fa4b32978,"{""bcms_sync_history_info_at"": ""2022-10-27T11:37:34.979336+00:00""}",3176.0,,2023-05-31 01:00:31.280471,,,,,,false,UK286760500994,,UK286760301720,UK303596702930,false,,false,,false,
e7b103eb-7c35-4016-938c-70b1d021c2ef,8732c7aa-0c01-4226-adb5-be660ca52d23,false,,2020-04-03,,,,false,,false,false,,false,,,,e55cdd80-0e6c-4cbe-8faf-d693065d9df1,,,false,,UK286760201607,,[],3117,3,{},false,,2022-10-27 11:35:26.130950,2023-04-11 11:06:28.507829,UK286760601478,UK706021602429,false,2023-04-06 10:55:26.000,2020-04-03,,false,,,,a88ecf99-075e-40c8-bd32-b69fa4b32978,"{""bcms_sync_history_info_at"": ""2022-10-27T11:36:37.746457+00:00""}",3176.0,,2023-04-12 00:54:39.323677,,,,,,true,UK286760601478,,UK286760201607,UK706021602429,false,,false,,false,
218bd92e-ebd1-4a38-b41f-16ad4f9033e7,4e81207b-dd6d-45b0-afc9-818b978c5131,false,,2021-05-28,,,,false,,false,true,,false,,,,,79a6f95f-a17d-42db-bd99-9cd0cba4321d,,false,,UK286760201705,,[],3117,3,{},false,,2022-10-27 11:35:35.980249,2023-06-02 14:21:39.414001,UK286760601205,UK303596702930,false,2023-05-29 13:45:37.000,2021-05-28,,false,,,,a88ecf99-075e-40c8-bd32-b69fa4b32978,"{""bcms_sync_history_info_at"": ""2022-10-27T11:36:51.494696+00:00""}",3176.0,,2023-05-31 01:00:28.270267,,,,,,false,UK286760601205,,UK286760201705,UK303596702930,false,,false,,false,
7d44c101-31d9-40d5-a2a0-dd0bc28a8aa5,8732c7aa-0c01-4226-adb5-be660ca52d23,false,,2020-05-03,,,,false,,false,false,,false,,,,,75b34d7f-fed4-422e-980d-64ebe455f23f,,false,,UK286760101641,,[],3117,3,{},false,,2022-10-27 11:35:28.293318,2023-02-13 12:59:44.380550,UK286760500987,UK311688400085,false,2023-02-13 12:56:55.999,2020-05-03,,false,,,,a88ecf99-075e-40c8-bd32-b69fa4b32978,"{""bcms_sync_history_info_at"": ""2022-10-27T11:37:22.743764+00:00""}",3176.0,,2023-02-07 00:58:02.880373,,,,,,true,UK286760500987,,UK286760101641,UK311688400085,false,,false,,false,
8642f061-84de-40ea-a79e-358cdac8435b,6d2f8d45-38a1-4321-bc1d-3f7d34b14cb3,false,,2022-05-11,,,,false,,false,false,,false,,,,6e4902df-479d-4ff3-9275-17372a9bc576,79a6f95f-a17d-42db-bd99-9cd0cba4321d,,false,,UK286760201740,,[],3117,3,{},false,,2022-10-27 11:35:40.662560,2023-01-20 12:43:05.994432,UK286760101480,UK303596702930,false,2023-01-18 09:51:03.000,2022-05-11,,false,,,,a88ecf99-075e-40c8-bd32-b69fa4b32978,"{""bcms_sync_history_info_at"": ""2022-10-27T11:37:36.896931+00:00""}",3176.0,,2023-01-20 00:53:28.998462,,,,,,false,UK286760101480,,UK286760201740,UK303596702930,false,,false,,false,
2f565052-6bf6-4611-987c-0130e1895b28,6d2f8d45-38a1-4321-bc1d-3f7d34b14cb3,false,,2022-05-09,,,,false,,false,true,,false,,,,4f15ba63-564a-49b5-bd06-187bca782273,27093282-0d47-4aaf-a8de-f15cf5a9c6c1,,false,,UK286760501666,,[],3117,3,{},false,,2022-10-27 11:35:30.452116,2023-04-11 11:06:28.507829,UK286760501652,UK307558500093,false,2023-04-06 10:55:26.000,2022-05-09,,false,,,,a88ecf99-075e-40c8-bd32-b69fa4b32978,"{""bcms_sync_history_info_at"": ""2022-10-27T11:36:46.697082+00:00""}",3176.0,,2023-04-12 00:54:42.318147,,,,,,false,UK286760501652,,UK286760501666,UK307558500093,false,,false,,false,
e3824554-5f89-43a0-96ca-e64b62e6143b,fa1b8abc-477e-4a03-9edf-89bc6db35922,false,,2022-03-15,,,,false,{},false,false,,false,,,XXXX,,,,false,,UK323773405824,,[],3117,3,{},false,,2022-09-23 14:25:03.824159,2024-04-16 14:32:30.778394,UK323773303590,XXXX CENTRE,false,2024-04-01 14:22:47.000,2022-09-22,,false,,,,55daad6e-33ea-42fb-b41c-74ac85b6a068,"{""bcms_sync_history_info_at"": ""2022-10-27T11:38:37.772179+00:00""}",3176.0,,2024-04-02 01:16:46.479917,,,,,,false,UK323773303590,,UK323773405824,XXXXCENTRE,false,,false,,false,
18f97093-31a0-40be-930b-b9c9065e908f,4e81207b-dd6d-45b0-afc9-818b978c5131,false,,2021-06-08,,,,false,,false,true,,false,,,,d61092eb-216c-4c4f-b9c8-85a0fef2b465,79a6f95f-a17d-42db-bd99-9cd0cba4321d,,false,,UK286760701717,,[],3117,3,{},false,,2022-10-27 11:35:37.389569,2023-06-02 14:21:39.414001,UK286760700919,UK303596702930,false,2023-05-29 13:45:37.000,2021-06-08,,false,,,,a88ecf99-075e-40c8-bd32-b69fa4b32978,"{""bcms_sync_history_info_at"": ""2022-10-27T11:37:40.690890+00:00""}",3176.0,,2023-05-31 01:00:30.374155,,,,,,false,UK286760700919,,UK286760701717,UK303596702930,false,,false,,false,
203b30a2-6f9e-47a0-9da8-e7fa3c996eea,4e81207b-dd6d-45b0-afc9-818b978c5131,false,,2021-05-27,,,,false,,false,true,,false,,,,609bb931-fb2f-4236-9be4-dde6f6061aa5,79a6f95f-a17d-42db-bd99-9cd0cba4321d,,false,,UK286760701703,,[],3117,3,{},false,,2022-10-27 11:35:35.680063,2023-06-02 14:21:39.414001,UK286760501533,UK303596702930,false,2023-05-29 13:45:37.000,2021-05-27,,false,,,,a88ecf99-075e-40c8-bd32-b69fa4b32978,"{""bcms_sync_history_info_at"": ""2022-10-27T11:36:34.023504+00:00""}",3176.0,,2023-05-31 01:00:27.672571,,,,,,false,UK286760501533,,UK286760701703,UK303596702930,false,,false,,false,
ca9f690b-038b-469b-b1f0-3c3f8900b58f,4e81207b-dd6d-45b0-afc9-818b978c5131,false,,2021-05-07,,,,false,,false,true,,false,,,,3d1b3af7-c6d8-4c75-8c67-24d5915c7e52,75b34d7f-fed4-422e-980d-64ebe455f23f,,false,,UK286760201663,,[],3117,3,{},false,,2022-10-27 11:35:29.977281,2023-03-07 08:25:24.493560,UK286760501498,UK311688400085,false,2023-03-06 08:20:40.000,2021-05-07,,false,,,,a88ecf99-075e-40c8-bd32-b69fa4b32978,"{""bcms_sync_history_info_at"": ""2022-10-27T11:36:45.804338+00:00""}",3176.0,,2023-03-08 00:40:32.266275,,,,,,false,UK286760501498,,UK286760201663,UK311688400085,false,,false,,false,
14a3a047-94a6-4279-859c-8ddd4a18e4f9,4e81207b-dd6d-45b0-afc9-818b978c5131,false,,2021-05-04,,,,false,,false,false,,false,,,,11263207-d29d-489f-a5a7-6b568b52a877,79a6f95f-a17d-42db-bd99-9cd0cba4321d,,false,,UK286760501659,,[],3117,3,{},false,,2022-10-27 11:35:29.362593,2023-06-02 14:21:39.414001,UK286760101235,UK303596702930,false,2023-05-29 13:45:37.000,2021-05-04,,false,,,,a88ecf99-075e-40c8-bd32-b69fa4b32978,"{""bcms_sync_history_info_at"": ""2022-10-27T11:37:26.753129+00:00""}",3176.0,,2023-05-31 01:00:20.066615,,,,,,false,UK286760101235,,UK286760501659,UK303596702930,false,,false,,false,
80a38c8e-29a8-4129-9cf8-4d45b712730c,fa1b8abc-477e-4a03-9edf-89bc6db35922,false,,2022-03-04,,,,false,{},false,false,,false,,,XXXX,,,,false,,UK323773605777,,[],3117,3,{},false,,2022-09-23 14:25:01.971754,2024-04-16 14:32:31.311538,UK323773503662,XXXX CENTRE,false,2024-04-01 14:22:47.000,2022-09-22,,false,,,,55daad6e-33ea-42fb-b41c-74ac85b6a068,"{""bcms_sync_history_info_at"": ""2022-10-27T11:36:58.476875+00:00""}",3176.0,,2024-04-02 01:16:42.113755,,,,,,false,UK323773503662,,UK323773605777,XXXXCENTRE,false,,false,,false,
9a51e268-9319-4753-93c9-988ca6643094,4e81207b-dd6d-45b0-afc9-818b978c5131,false,,2021-05-25,,,,false,,false,true,,false,,,,f62749ef-4dea-44c4-a42d-75fbfc807de9,79a6f95f-a17d-42db-bd99-9cd0cba4321d,,false,,UK286760601695,,[],3117,3,{},false,,2022-10-27 11:35:34.728307,2023-06-02 14:21:39.414001,UK286760201474,UK303596702930,false,2023-05-29 13:45:37.000,2021-05-25,,false,,,,a88ecf99-075e-40c8-bd32-b69fa4b32978,"{""bcms_sync_history_info_at"": ""2022-10-27T11:37:05.396415+00:00""}",3176.0,,2023-05-31 01:00:26.562935,,,,,,false,UK286760201474,,UK286760601695,UK303596702930,false,,false,,false,
e16ffb1b-58ea-448d-bdd5-b6031b803ad2,8732c7aa-0c01-4226-adb5-be660ca52d23,false,,2014-06-08,,,,false,,false,false,,false,,,,,75b34d7f-fed4-422e-980d-64ebe455f23f,,false,,UK286760501218,,[],3117,3,{},false,,2022-10-27 11:35:20.366265,2023-06-02 14:21:39.414001,UK286760300950,UK311688400085,false,2023-05-29 13:45:37.000,2014-06-08,,false,,,,a88ecf99-075e-40c8-bd32-b69fa4b32978,"{""bcms_sync_history_info_at"": ""2022-10-27T11:36:13.063181+00:00""}",3176.0,,2023-05-31 01:00:09.281296,,,,,,true,UK286760300950,,UK286760501218,UK311688400085,false,,false,,false,
b6d71a01-13f8-49ce-8063-e370e9b886e6,4e81207b-dd6d-45b0-afc9-818b978c5131,false,,2021-05-04,,,,false,,false,true,,false,,,,e1754e28-0e68-4d56-870e-727df663e608,,,false,,UK286760601660,,[],3117,3,{},false,,2022-10-27 11:35:29.516053,2023-06-02 14:21:39.414001,UK286760301083,UK706021602429,false,2023-05-29 13:45:37.000,2021-05-04,,false,,,,a88ecf99-075e-40c8-bd32-b69fa4b32978,"{""bcms_sync_history_info_at"": ""2022-10-27T11:36:24.144900+00:00""}",3176.0,,2023-05-31 01:00:20.364753,,,,,,false,UK286760301083,,UK286760601660,UK706021602429,false,,false,,false,
a404061e-eb28-4c3f-9e67-13926644ca07,fa1b8abc-477e-4a03-9edf-89bc6db35922,false,,2022-02-20,,,,false,{},false,false,,false,,,XXXX,,,,false,,UK323773405705,,[],3117,3,{},false,,2022-09-23 14:24:59.737127,2023-11-17 09:46:20.933965,UK323773504698,XXXX CENTRE,false,2023-04-06 10:55:26.000,2022-09-22,,false,,,,a6c8945f-0d32-478d-b447-5fd0c38192d7,"{""bcms_sync_history_info_at"": ""2022-10-27T11:38:51.595867+00:00""}",3176.0,,2023-04-12 00:54:55.912464,,,,,,false,,,UK323773405705,,false,,false,,false,
5f0b38b9-9bcb-41da-927f-6fc69d799da6,8732c7aa-0c01-4226-adb5-be660ca52d23,false,,2020-03-27,,,,false,,false,false,,false,,,,,,,false,,UK286760601590,,[],3117,3,{},false,,2022-10-27 11:35:25.509699,2024-02-29 08:49:33.283099,UK286760201495,UK706021602429,false,2024-02-20 08:47:03.000,2020-03-27,,false,,,,a88ecf99-075e-40c8-bd32-b69fa4b32978,"{""bcms_sync_history_info_at"": ""2022-10-27T11:36:42.693141+00:00""}",3176.0,,2024-02-21 00:21:31.372698,,,,,,true,UK286760201495,,UK286760601590,UK706021602429,false,,false,,false,
5b692764-0f74-40af-8f63-279d4d99a4f7,4dd3ca36-6f51-4d43-b8ab-3c8977060df1,false,,2021-03-06,264.4,,{},false,{},true,true,,false,,,XXXX,,,,false,937 000002613436,UK722969605833,2023-03-16 00:00:00,[],3117,3,{},false,a4615f64-4d90-478a-b124-bf22a47a7cda,2021-09-14 10:11:30.527916,2023-03-20 14:35:40.752782,UK722969704427,UK742194700324,false,2022-09-21 08:55:16.000,2021-07-30,,false,,,,,{},,4145.0,,,4L,O+4L,,,false,UK722969704427,937000002613436,UK722969605833,UK742194700324,false,,false,,false,
1b52fe86-cc44-4e4c-bee1-43a8509691b9,4e81207b-dd6d-45b0-afc9-818b978c5131,false,,2021-05-17,,,,false,,false,true,,false,,,,4402eb23-151c-4f5c-8387-ea05dc52a1f5,,,false,,UK286760401679,,[],3117,3,{},false,,2022-10-27 11:35:32.509898,2023-06-02 14:21:39.414001,UK286760301496,UK706021602429,false,2023-05-29 13:45:37.000,2021-05-17,,false,,,,a88ecf99-075e-40c8-bd32-b69fa4b32978,"{""bcms_sync_history_info_at"": ""2022-10-27T11:36:27.720230+00:00""}",3176.0,,2023-05-31 01:00:24.067372,,,,,,false,UK286760301496,,UK286760401679,UK706021602429,false,,false,,false,
204f1a14-0a08-4e81-8d01-bbd8984e47dd,4dd3ca36-6f51-4d43-b8ab-3c8977060df1,false,,2021-03-24,271.3,,{},false,{},false,false,,false,,,XXXX,,,,false,,UK317104100771,2023-03-16 00:00:00,[],3117,3,{},false,098a1acc-5a25-40ed-9d91-c894b00f73c0,2021-09-14 10:31:23.467828,2023-05-31 10:58:53.418337,UK200900101092,UK313622300109,false,2022-09-21 08:55:16.000,2021-07-30,,false,,,,,{},,4145.0,,,O+,O+4L,,,false,UK200900101092,,UK317104100771,UK313622300109,false,,false,,false,
6ce5069e-cad8-4001-89d2-26907dc4e819,,false,,2021-02-24,,,{},false,{},false,true,,false,,,,,,,false,,UK317104400676,2021-12-07 16:40:58,[],3117,3,{},false,,2021-09-14 10:27:49.611754,2022-10-11 08:14:10.282311,UK160719300560,UK313622200164,false,,2021-07-30,,false,,,,,{},,,,,,,,,false,UK160719300560,,UK317104400676,UK313622200164,false,,false,,false,
2793257a-bdaf-4345-b9cf-8a10d591ea96,5709975f-a221-4ca4-959e-c967c72a2252,false,,2021-02-20,,,{},false,{},true,true,,false,,,,,,,false,937 000002508467,UK722969205766,,[],3117,3,{},false,9c694af2-c341-4f27-a3de-da50502b85e0,2021-09-14 10:11:54.657727,2022-10-26 15:39:23.011622,UK722969404732,UK742194700324,false,2022-08-23 08:15:45.000,2021-07-30,,false,1112.0,,,9c6742d4-5408-4bc1-b622-cdfff7a27569,{},3176.0,4145.0,,,,,,,false,UK722969404732,937000002508467,UK722969205766,UK742194700324,false,,false,,false,
450110bf-06d1-4305-a82c-0dcdff2f8125,3ee83986-2d56-4f2d-9526-8da1596438a0,false,,2021-02-26,,,{},false,{},false,false,,false,,,XXXX,,,,false,937 000002508490,UK722969405789,,[],3117,3,{},false,56e9a29d-8e88-450d-b471-13f16aca0275,2021-09-14 10:11:50.298720,2022-10-11 08:14:16.418759,UK722969704490,UK742194700324,false,2022-09-21 08:55:16.000,2021-07-30,,false,,,,,{},,4145.0,,,,,,,false,UK722969704490,937000002508490,UK722969405789,UK742194700324,false,,false,,false,
0bb32681-df31-45cf-a36d-ba2f828fe7ef,5709975f-a221-4ca4-959e-c967c72a2252,false,,2021-03-25,,,{},false,{},true,true,,false,,,,,,,false,937 000002613496,UK722969205892,,[],3117,3,{},false,bf8c159e-3641-4015-823f-e737417f7910,2021-09-14 10:11:47.924535,2022-10-26 15:56:11.740228,UK722969303702,UK742194700324,false,2022-08-23 08:15:45.000,2021-07-30,,false,1112.0,,,ddcf29a2-4007-4fc4-96b3-b538224b5091,{},3176.0,4145.0,,,,,,,false,UK722969303702,937000002613496,UK722969205892,UK742194700324,false,,false,,false,
94e6e067-695a-4884-b9f2-ccd1b6d78a72,3ee83986-2d56-4f2d-9526-8da1596438a0,false,,2021-03-17,296.2,,{},false,{},false,false,,false,,,XXXX,,29503546-9e29-4974-aa3c-f321aa51e6da,,false,937 000002613473,UK722969105870,2023-04-25 00:00:00,[],3117,3,{},false,e696f297-b60b-4785-9de2-c1669b737c65,2021-09-14 10:11:35.472756,2023-05-31 10:58:51.326566,UK722969204891,UK742194400384,false,2022-09-21 08:55:16.000,2021-07-30,,false,,,,,{},,4145.0,,,R,R4L,,,false,UK722969204891,937000002613473,UK722969105870,UK742194400384,false,,false,,false,
c15bb521-f9e0-441f-aa0a-477371816bd4,3ee83986-2d56-4f2d-9526-8da1596438a0,false,,2021-02-28,273.4,,{},false,{},false,false,,false,,,XXXX,,,,false,937 000002508498,UK722969505797,2023-03-16 00:00:00,[],3117,3,{},false,fc8f9d3a-2c19-47e5-9ba9-76496f3021e9,2021-09-14 10:11:58.154664,2023-03-20 14:35:40.212386,UK722969504516,UK742194700324,false,2022-09-21 08:55:16.000,2021-07-30,,false,,,,,{},,4145.0,,,4H,O+4H,,,false,UK722969504516,937000002508498,UK722969505797,UK742194700324,false,,false,,false,
609bb931-fb2f-4236-9be4-dde6f6061aa5,8732c7aa-0c01-4226-adb5-be660ca52d23,false,,2019-03-18,,,,false,,false,false,,false,,,,11263207-d29d-489f-a5a7-6b568b52a877,,,false,,UK286760501533,,[],3117,3,{},false,,2022-10-27 11:35:24.405767,2024-03-08 11:38:23.539828,UK286760101235,UK706021602429,false,2024-03-06 11:37:41.000,2019-03-18,,false,,,,a88ecf99-075e-40c8-bd32-b69fa4b32978,"{""bcms_sync_history_info_at"": ""2022-10-27T11:36:34.469154+00:00""}",3176.0,,2024-03-09 00:19:00.514622,,,,,,true,UK286760101235,,UK286760501533,UK706021602429,false,,false,,false,
8cf7af38-5759-4525-aac2-96fdc0a6010d,4dd3ca36-6f51-4d43-b8ab-3c8977060df1,false,,2021-02-22,280.8,,{},false,{},false,false,,false,,,XXXX,,,,false,937 000002508469,UK722969405768,2023-03-16 00:00:00,[],3117,3,{},false,9841ff1e-af06-46c5-be91-60e46d5f03c6,2021-09-14 10:11:55.379733,2023-03-20 14:35:43.671141,UK722969403731,UK742194700324,false,2022-09-21 08:55:16.000,2021-07-30,,false,,,,,{},,4145.0,,,3,R3,,,false,UK722969403731,937000002508469,UK722969405768,UK742194700324,false,,false,,false,
8f4ac982-1645-4f5e-929f-dd773f682695,4e81207b-dd6d-45b0-afc9-818b978c5131,false,,2021-06-02,,,,false,,false,false,,false,,,,d7a80cab-a8ed-4e70-8d6a-8531ecd2d9d7,79a6f95f-a17d-42db-bd99-9cd0cba4321d,,false,,UK286760701710,,[],3117,3,{},false,,2022-10-27 11:35:36.448560,2023-01-20 12:43:05.994432,UK286760101256,UK303596702930,false,2023-01-18 09:51:03.000,2021-06-02,,false,,,,a88ecf99-075e-40c8-bd32-b69fa4b32978,"{""bcms_sync_history_info_at"": ""2022-10-27T11:37:20.302824+00:00""}",3176.0,,2023-01-20 00:53:25.624608,,,,,,false,UK286760101256,,UK286760701710,UK303596702930,false,,false,,false,
d135f560-fce2-4697-8472-475fa113bfa5,4dd3ca36-6f51-4d43-b8ab-3c8977060df1,false,,2021-03-11,299.5,,{},false,{},false,false,,false,,,XXXX,,,,false,,UK320610411853,2023-04-25 00:00:00,[],3117,3,{},false,99b9f877-5601-4024-82e0-e0933c1c9d7e,2021-09-14 10:27:53.041607,2023-05-31 10:58:50.927030,UK320610506023,PROTEUS,false,2022-09-21 08:55:16.000,2021-07-30,,false,,,,,{},,4145.0,,,O+,O+ 4H,,,false,UK320610506023,,UK320610411853,PROTEUS,false,,false,,false,
ee195c95-8a17-484b-905a-e51ba97db105,3ee83986-2d56-4f2d-9526-8da1596438a0,false,,2021-02-25,247.8,,{},false,{},true,true,,false,,,XXXX,,,,false,937 000002508485,UK722969605784,2023-03-16 00:00:00,[],3117,3,{},false,8e76ba51-8246-4be8-b978-8aebc9175ebc,2021-09-14 10:11:45.394523,2023-03-20 14:35:38.583057,UK341064302024,UK722871100298,false,2022-09-21 08:55:16.000,2021-07-30,,false,,,,,{},,3877.0,,,4L,O+4L,,,false,UK341064302024,937000002508485,UK722969605784,UK722871100298,false,,false,,false,
5cd4959d-1f34-4ad0-9ee9-6ff829f0d823,4dd3ca36-6f51-4d43-b8ab-3c8977060df1,false,,2021-03-05,,,{},false,{},true,true,,false,,,XXXX,,,,false,,UK320610311775,,[],3117,3,{},false,d515b51d-49a8-4eee-8b15-df160db1afe0,2021-09-14 10:27:51.321940,2022-10-19 14:01:29.535736,UK320610706781,PROTEUS,false,2022-09-21 08:55:16.000,2021-07-30,,false,,,,,{},,4145.0,,,,,,,false,UK320610706781,,UK320610311775,PROTEUS,false,,false,,false,
62b6642f-bab9-4187-baa2-c34c32f0da99,3ee83986-2d56-4f2d-9526-8da1596438a0,false,,2021-03-07,266.4,,{},false,{},true,true,,false,,,XXXX,,88cdae7a-15ed-4a89-8d59-b444b8689746,,false,937 000002613438,UK722969105835,2023-03-16 00:00:00,[],3117,3,{},false,3df5c583-de59-440b-b68d-a0a5e0ebbf6a,2021-09-14 10:11:57.323590,2023-03-20 14:35:38.764821,UK722969303898,UK742194500364,false,2022-09-21 08:55:16.000,2021-07-30,,false,,,,,{},,4145.0,,,3,O+3,,,false,UK722969303898,937000002613438,UK722969105835,UK742194500364,false,,false,,false,
d15dbda9-1a3e-44fc-9061-2a7a7f1e792d,5709975f-a221-4ca4-959e-c967c72a2252,false,,2021-02-11,,,{},false,{},false,false,,false,,,,,,,false,937 000002508449,UK722969505748,,[],3117,3,{},false,2d131372-e0ca-4f5c-8b22-09155cf30193,2021-09-14 10:12:02.064366,2022-10-26 15:37:29.252787,UK341064602055,UK742194700324,false,2022-08-23 08:15:45.000,2021-07-30,,false,1112.0,,,ddcf29a2-4007-4fc4-96b3-b538224b5091,{},3176.0,3877.0,,,,,,,false,UK341064602055,937000002508449,UK722969505748,UK742194700324,false,,false,,false,
a7ca25f7-d17f-41ce-9f6a-f9df97c5b5d5,4dd3ca36-6f51-4d43-b8ab-3c8977060df1,false,,2021-03-17,252.4,,{},false,{},false,false,,false,,,XXXX,,29503546-9e29-4974-aa3c-f321aa51e6da,,false,937 000002613478,UK722969505874,2023-03-16 00:00:00,[],3117,3,{},false,09c0880b-04c8-4ced-8cdd-a46d2024faf6,2021-09-14 10:11:41.400429,2023-03-20 14:35:43.854532,UK722969604930,UK742194400384,false,2022-09-21 08:55:16.000,2021-07-30,,false,,,,,{},,3877.0,,,4H,R4H,,,false,UK722969604930,937000002613478,UK722969505874,UK742194400384,false,,false,,false,
f72c65b9-046d-4017-996c-06a1c692ad07,4dd3ca36-6f51-4d43-b8ab-3c8977060df1,false,,2021-02-24,293.8,,{},false,{},false,false,,false,,,XXXX,,29503546-9e29-4974-aa3c-f321aa51e6da,,false,937 000002508481,UK722969205780,2023-04-25 00:00:00,[],3117,3,{},false,d041eaa3-c371-4457-b4d3-0695f651d54b,2021-09-14 10:11:49.115133,2023-05-31 10:58:51.124634,UK722969404508,UK742194400384,false,2022-09-21 08:55:16.000,2021-07-30,,false,,,,,{},,4145.0,,,O+,O+4L,,,false,UK722969404508,937000002508481,UK722969205780,UK742194400384,false,,false,,false,
71576c82-e36a-4689-88ed-a32ce75cdf7b,5709975f-a221-4ca4-959e-c967c72a2252,false,,2021-02-19,,,{},false,{},false,false,,false,,,,,,,false,937 000002508462,UK722969405761,,[],3117,3,{},false,da69ac03-b4dc-4e42-821a-a6e25ea58ae3,2021-09-14 10:11:54.305719,2022-10-26 16:27:42.849207,UK722969304731,UK742194700324,false,2022-08-23 08:15:45.000,2021-07-30,,false,1112.0,,,9c6742d4-5408-4bc1-b622-cdfff7a27569,{},3176.0,4145.0,,,,,,,false,UK722969304731,937000002508462,UK722969405761,UK742194700324,false,,false,,false,
41bc9ba9-2733-4772-817d-d6c5e9bf2da9,4dd3ca36-6f51-4d43-b8ab-3c8977060df1,false,,2021-02-19,261.4,,{},false,{},false,false,,false,,,XXXX,,,,false,937 000002508461,UK722969305760,2023-03-16 00:00:00,[],3117,3,{},false,c5b14671-22a9-42bc-a122-b86d62933538,2021-09-14 10:11:53.961618,2023-03-20 14:35:38.944289,UK722969604727,UK742194700324,false,2022-09-21 08:55:16.000,2021-07-30,,false,,,,,{},,3877.0,,,4L,O+4L,,,false,UK722969604727,937000002508461,UK722969305760,UK742194700324,false,,false,,false,
2b8f33e6-c262-4e13-89a5-ad6f60c10e4b,8732c7aa-0c01-4226-adb5-be660ca52d23,false,,2020-05-03,,,,false,,false,false,,false,,,,d7a80cab-a8ed-4e70-8d6a-8531ecd2d9d7,75b34d7f-fed4-422e-980d-64ebe455f23f,,false,,UK286760701626,,[],3117,3,{},false,,2022-10-27 11:35:27.378837,2023-04-11 11:06:28.507829,UK286760101256,UK311688400085,false,2023-04-06 10:55:26.000,2020-05-03,,false,,,,a88ecf99-075e-40c8-bd32-b69fa4b32978,"{""bcms_sync_history_info_at"": ""2022-10-27T11:36:52.424033+00:00""}",3176.0,,2023-04-12 00:54:40.143184,,,,,,true,UK286760101256,,UK286760701626,UK311688400085,false,,false,,false,
5d64573c-b720-4dca-a8b0-19744d9b4246,6d2f8d45-38a1-4321-bc1d-3f7d34b14cb3,false,,2022-06-04,,,,false,,false,false,,false,,,,480862f2-feb0-49b0-9497-5537f0dc2e43,79a6f95f-a17d-42db-bd99-9cd0cba4321d,,false,,UK286760701787,2023-07-21 08:09:41,[],3117,3,{},false,,2022-10-27 11:35:47.942662,2023-07-26 08:10:11.584194,UK286760600988,UK303596702930,true,,2022-06-04,,false,,,,a88ecf99-075e-40c8-bd32-b69fa4b32978,"{""bcms_sync_history_info_at"": ""2022-10-27T11:37:38.947573+00:00""}",3176.0,,2023-07-26 01:14:37.858711,,,,,,false,UK286760600988,,UK286760701787,UK303596702930,false,,false,,false,
ea36d045-53e6-4411-a6ae-bd9a9ddc3678,3ee83986-2d56-4f2d-9526-8da1596438a0,false,,2021-02-28,259.0,,{},false,{},false,false,,false,,,XXXX,,,,false,937 000002508499,UK722969605798,2023-03-16 00:00:00,[],3117,3,{},false,ef668021-6182-4595-b5fd-06914171d068,2021-09-14 10:11:48.414229,2023-03-20 14:35:42.219178,UK722969703881,UK742194700324,false,2022-09-21 08:55:16.000,2021-07-30,,false,,,,,{},,4145.0,,,4H,O+4H,,,false,UK722969703881,937000002508499,UK722969605798,UK742194700324,false,,false,,false,
25de4b95-2102-48b0-94f2-e559a3315bb9,5709975f-a221-4ca4-959e-c967c72a2252,false,,2021-03-25,,,{},false,{},false,false,,false,,,,,,,false,,UK210923402962,,[],3117,3,{},false,07a7cd38-9eaf-4d81-8ce2-a78a6d7f34fe,2021-09-14 10:31:20.539465,2022-10-26 15:55:15.431344,UK207658202891,GA BRIEL MOSSY,false,2022-08-23 08:15:45.000,2021-07-30,,false,1112.0,,,9c6742d4-5408-4bc1-b622-cdfff7a27569,{},3176.0,4145.0,,,,,,,false,UK207658202891,,UK210923402962,GABRIELMOSSY,false,,false,,false,
1979ed3c-5f0a-434b-915d-2eab9ada0d43,,false,,2021-02-04,,,{},false,{},false,true,,false,,,,7e400dd9-2956-4617-a57b-744e8f970485,,,false,,UK744581703768,2021-10-24 15:40:04,[],3117,3,{},false,,2021-09-14 10:31:25.271649,2022-10-11 08:14:20.344432,UK263255202561,UK313622300109,false,,2021-07-30,,false,,,,,{},,,,,,,,,false,UK263255202561,,UK744581703768,UK313622300109,false,,false,,false,
acc88bb0-1086-4949-8a1b-eb06ca314923,4dd3ca36-6f51-4d43-b8ab-3c8977060df1,false,,2021-03-07,,,{},false,{},false,false,,false,,,,,,,false,937 000002613440,UK722969305837,,[],3117,3,{},false,,2021-09-14 10:11:57.532560,2022-10-11 08:14:15.584010,UK331243300554,UK742194700324,false,2022-01-06 12:22:33.499,2021-07-30,,false,,,,,{},,4145.0,,,,,,,false,UK331243300554,937000002613440,UK722969305837,UK742194700324,false,,false,,false,
7659379a-17a8-48ee-ae2a-51b8392be511,5709975f-a221-4ca4-959e-c967c72a2252,false,,2021-02-20,,,{},false,{},false,false,,false,,,,,,,false,937 000002508465,UK722969705764,,[],3117,3,{},false,6daab60a-9f3b-4485-96f8-71d4b0bd8873,2021-09-14 10:11:55.006799,2022-10-26 15:38:23.548398,UK722969604370,UK742194700324,false,2022-08-23 08:15:45.000,2021-07-30,,false,1112.0,,,9c6742d4-5408-4bc1-b622-cdfff7a27569,{},3176.0,4145.0,,,,,,,false,UK722969604370,937000002508465,UK722969705764,UK742194700324,false,,false,,false,
b036f307-872d-442c-b59b-a9ff98733ced,4dd3ca36-6f51-4d43-b8ab-3c8977060df1,false,,2021-03-01,276.2,,{},false,{},false,false,,false,,,XXXX,,,,false,,UK320610511700,2023-03-16 00:00:00,[],3117,3,{},false,61eacab6-853c-43a5-97a1-3027e4f79511,2021-09-14 10:27:53.540716,2023-05-31 10:58:54.537447,UK320610205726,PROTEUS,false,2022-09-21 08:55:16.000,2021-07-30,,false,,,,,{},,4145.0,,,O+,O+4L,,,false,UK320610205726,,UK320610511700,PROTEUS,false,,false,,false,
24961180-84c7-4b60-b86d-37c01b72f9b5,4dd3ca36-6f51-4d43-b8ab-3c8977060df1,false,,2021-04-01,274.0,,{},false,{},false,false,,false,,,XXXX,,88cdae7a-15ed-4a89-8d59-b444b8689746,,false,937 000002613508,UK722969705904,2023-03-09 00:00:00,[],3117,3,{},false,36389295-5271-4000-9dc3-7ac00005532f,2021-09-14 10:12:03.682019,2023-03-10 17:15:58.742399,UK722969703524,UK742194500364,false,2022-09-21 08:55:16.000,2021-07-30,,false,,,,,{},,4145.0,,,4L,O+4L,,,false,UK722969703524,937000002613508,UK722969705904,UK742194500364,false,,false,,false,
cc97acc9-d5e1-4c95-bca4-d9f54745241b,5709975f-a221-4ca4-959e-c967c72a2252,false,,2021-03-16,,,{},false,{},false,true,,false,,,,,,,false,,UK210923202918,,[],3117,3,{},false,34cb1498-c67f-477b-8b81-22e4a6f78cae,2021-09-14 10:31:19.450042,2022-10-26 16:29:46.957557,UK207658401955,GA BRIEL MOSSY,false,2022-08-23 08:15:45.000,2021-07-30,,false,1112.0,,,9c6742d4-5408-4bc1-b622-cdfff7a27569,{},3176.0,4145.0,,,,,,,false,UK207658401955,,UK210923202918,GABRIELMOSSY,false,,false,,false,
3d1b6096-8528-40be-9136-c0fbee0a0409,5709975f-a221-4ca4-959e-c967c72a2252,false,,2021-03-28,,,{},false,{},false,true,,false,,,,,,,false,,UK210923602950,,[],3117,3,{},false,f78852a0-842e-45d1-8151-1b0607df9b72,2021-09-14 10:31:22.431407,2022-10-26 16:28:47.635833,UK207658202555,GA BRIEL MOSSY,false,2022-08-23 08:15:45.000,2021-07-30,,false,1112.0,,,ddcf29a2-4007-4fc4-96b3-b538224b5091,{},3176.0,4145.0,,,,,,,false,UK207658202555,,UK210923602950,GABRIELMOSSY,false,,false,,false,
08f88e1f-7ee3-4c52-8876-47902e75bfc6,4e81207b-dd6d-45b0-afc9-818b978c5131,false,,2021-06-20,,,,false,,false,true,,false,,,,1c0ac02e-1e62-4e52-a9d9-bbc379971ee1,,,false,,UK286760301727,,[],3117,3,{},false,,2022-10-27 11:35:38.637621,2023-06-02 14:21:39.414001,UK286760701535,UK706021602429,false,2023-05-29 13:45:37.000,2021-06-20,,false,,,,a88ecf99-075e-40c8-bd32-b69fa4b32978,"{""bcms_sync_history_info_at"": ""2022-10-27T11:36:47.232170+00:00""}",3176.0,,2023-05-31 01:00:32.572535,,,,,,false,UK286760701535,,UK286760301727,UK706021602429,false,,false,,false,
a830501a-010d-4f33-be76-9e420b4b8cba,3ee83986-2d56-4f2d-9526-8da1596438a0,false,,2021-03-15,,,{},false,{},true,true,,false,,,,,,,false,,UK210923102903,,[],3117,3,{},false,,2021-09-14 10:31:18.781044,2022-10-19 13:17:47.772467,UK210923600976,GA BRIEL MOSSY,false,2022-01-06 12:22:33.000,2021-07-30,,false,,,,,{},,4145.0,,,,,,,false,UK210923600976,,UK210923102903,GABRIELMOSSY,false,,false,,false,
77068f6c-24b7-4f43-811a-8c868027d248,8732c7aa-0c01-4226-adb5-be660ca52d23,false,,2019-04-10,,,,false,,false,false,,false,,,,084fae05-8529-425c-a66c-7e76958b9ebf,75b34d7f-fed4-422e-980d-64ebe455f23f,,false,,UK286760201565,,[],3117,3,{},false,,2022-10-27 11:35:24.887029,2023-04-11 11:06:28.507829,UK286760700975,UK311688400085,false,2023-04-06 10:55:26.000,2019-04-10,,false,,,,a88ecf99-075e-40c8-bd32-b69fa4b32978,"{""bcms_sync_history_info_at"": ""2022-10-27T11:36:31.585803+00:00""}",3176.0,,2023-04-12 00:54:38.511232,,,,,,true,UK286760700975,,UK286760201565,UK311688400085,false,,false,,false,
d981a07c-de8f-4546-a8ed-45d77b18e82e,8732c7aa-0c01-4226-adb5-be660ca52d23,false,,2012-04-23,,,,false,,false,false,,false,,,,,,,false,,UK286760500994,,[],3117,3,{},false,,2022-10-27 11:35:18.733202,2024-02-29 08:49:33.310763,UKZP0224 01086,UK122086600549,false,2024-02-20 08:47:03.000,2013-03-14,,false,,,,a88ecf99-075e-40c8-bd32-b69fa4b32978,"{""bcms_sync_history_info_at"": ""2022-10-27T11:36:02.483702+00:00""}",3176.0,,2024-02-21 00:21:26.804724,,,,,,true,UKZP022401086,,UK286760500994,UK122086600549,false,,false,,false,
1493f341-3231-4c9c-950c-c623e9c53516,fa1b8abc-477e-4a03-9edf-89bc6db35922,false,,2022-02-21,,,,false,{},true,true,,false,,,XXXX,,,,false,,UK323773405712,,[],3117,3,{},false,,2022-09-23 14:24:59.957863,2024-04-16 14:32:31.237093,UK323773503690,XXXX CENTRE,false,2024-04-01 14:22:47.000,2022-09-22,,false,,,,55daad6e-33ea-42fb-b41c-74ac85b6a068,"{""bcms_sync_history_info_at"": ""2022-10-27T11:38:52.513439+00:00""}",3176.0,,2024-04-02 01:16:37.041744,,,,,,false,UK323773503690,,UK323773405712,XXXXCENTRE,false,,false,,false,
3873163d-60a2-440b-91aa-e9903ea15236,4dd3ca36-6f51-4d43-b8ab-3c8977060df1,false,,2021-03-28,260.1,,{},false,{},true,true,,false,,,XXXX,,,,false,937 000002613500,UK722969605896,2023-03-16 00:00:00,[],3117,3,{},false,646464cd-dff7-4bc4-98d4-92fa9962edc1,2021-09-14 10:11:58.758394,2023-03-20 14:35:39.849640,UK722969603824,UK742194700324,false,2022-09-21 08:55:16.000,2021-07-30,,false,,,,,{},,4145.0,,,4L,O+4L,,,false,UK722969603824,937000002613500,UK722969605896,UK742194700324,false,,false,,false,
30af59e6-1ced-4d0b-82af-c1b2c3b8562b,3ee83986-2d56-4f2d-9526-8da1596438a0,false,,2021-03-06,314.2,,{},false,{},true,true,,false,,,XXXX,,,,false,937 000002613435,UK722969505832,2023-04-25 00:00:00,[],3117,3,{},false,b6377d1f-6bdf-4416-9815-5605a82ef661,2021-09-14 10:11:31.322950,2023-05-31 10:58:50.709616,UK341064602076,UK742194700324,false,2022-09-21 08:55:16.000,2021-07-30,,false,,,,,{},,4145.0,,,R,R3,,,false,UK341064602076,937000002613435,UK722969505832,UK742194700324,false,,false,,false,
3cbdf922-6d25-4a37-96de-2c76d8e27744,4dd3ca36-6f51-4d43-b8ab-3c8977060df1,false,,2021-04-01,298.9,,{},false,{},false,false,,false,,,XXXX,,,,false,,UK210923602971,2023-03-09 00:00:00,[],3117,3,{},false,abe1c30a-4263-449f-b049-d936b11a156c,2021-09-14 10:31:22.639572,2023-05-31 10:58:52.845249,UK210923700025,GA BRIEL MOSSY,false,2022-09-21 08:55:16.000,2021-07-30,,false,,,,,{},,4145.0,,,O+,O+4L,,,false,UK210923700025,,UK210923602971,GABRIELMOSSY,false,,false,,false,
bd6b975e-0547-43f2-9e62-c8459e257806,4dd3ca36-6f51-4d43-b8ab-3c8977060df1,false,,2021-03-03,290.6,,{},false,{},true,true,,false,,,XXXX,,,,false,,UK320610411734,2023-03-09 00:00:00,[],3117,3,{},false,0dd6b5ff-525d-413c-aa9d-8f34a99320af,2021-09-14 10:27:52.557543,2023-05-31 10:58:52.654724,UK320610107636,PROTEUS,false,2022-09-21 08:55:16.000,2021-07-30,,false,,,,,{},,4145.0,,,O+,O+4L,,,false,UK320610107636,,UK320610411734,PROTEUS,false,,false,,false,
711324dc-fdd4-4676-ad01-cdf72761afeb,3ee83986-2d56-4f2d-9526-8da1596438a0,false,,2021-02-26,,,{},false,{},false,false,,false,,,XXXX,,,,false,937 000002508486,UK722969705785,,[],3117,3,{},false,0e61918e-4b66-4c2f-89c9-e537731c8cb8,2021-09-14 10:11:46.165443,2022-10-11 08:14:19.430788,UK722969704714,UK742194700324,false,2022-09-21 08:55:16.000,2021-07-30,,false,,,,,{},,4145.0,,,,,,,false,UK722969704714,937000002508486,UK722969705785,UK742194700324,false,,false,,false,
45b260cd-2b03-4a07-9632-d27f4845dcc0,4e81207b-dd6d-45b0-afc9-818b978c5131,false,,2021-05-25,,,,false,,false,true,,false,,,,ba103b3a-d10a-4dab-a222-f56277a9efa0,,,false,,UK286760701689,,[],3117,3,{},false,,2022-10-27 11:35:33.787404,2023-03-07 08:25:24.493560,UK286760101179,UK706021602429,false,2023-03-06 08:20:40.000,2021-05-25,,false,,,,a88ecf99-075e-40c8-bd32-b69fa4b32978,"{""bcms_sync_history_info_at"": ""2022-10-27T11:36:33.345926+00:00""}",3176.0,,2023-03-08 00:40:35.870395,,,,,,false,UK286760101179,,UK286760701689,UK706021602429,false,,false,,false,
1c0ac02e-1e62-4e52-a9d9-bbc379971ee1,8732c7aa-0c01-4226-adb5-be660ca52d23,false,,2019-03-22,,,,false,,false,false,,false,,,,,75b34d7f-fed4-422e-980d-64ebe455f23f,,false,,UK286760701535,,[],3117,3,{},false,,2022-10-27 11:35:24.566070,2023-04-11 11:06:28.507829,UK286760101116,UK311688400085,false,2023-04-06 10:55:26.000,2019-03-22,,false,,,,a88ecf99-075e-40c8-bd32-b69fa4b32978,"{""bcms_sync_history_info_at"": ""2022-10-27T11:36:51.851185+00:00""}",3176.0,,2023-04-12 00:54:38.304809,,,,,,true,UK286760101116,,UK286760701535,UK311688400085,false,,false,,false,
d3cd4678-7a06-4fbf-a34f-840eaa69dc25,4e81207b-dd6d-45b0-afc9-818b978c5131,false,,2021-06-11,,,,false,,false,true,,false,,,,c013ae96-185e-4e28-ab6f-21771bbfe978,79a6f95f-a17d-42db-bd99-9cd0cba4321d,,false,,UK286760201719,,[],3117,3,{},false,,2022-10-27 11:35:37.702417,2023-06-02 14:21:39.414001,UK286760300915,UK303596702930,false,2023-05-29 13:45:37.000,2021-06-11,,false,,,,a88ecf99-075e-40c8-bd32-b69fa4b32978,"{""bcms_sync_history_info_at"": ""2022-10-27T11:37:24.974985+00:00""}",3176.0,,2023-05-31 01:00:31.050424,,,,,,false,UK286760300915,,UK286760201719,UK303596702930,false,,false,,false,
2e563ecc-c663-443a-a3bb-759f257a3a84,4e81207b-dd6d-45b0-afc9-818b978c5131,false,,2021-05-31,,,,false,,false,true,,false,,,,,,,false,,UK286760601709,,[],3117,3,{},false,,2022-10-27 11:35:36.290366,2023-06-02 14:21:39.414001,UK286760101116,UK706021602429,false,2023-05-29 13:45:37.000,2021-05-31,,false,,,,a88ecf99-075e-40c8-bd32-b69fa4b32978,"{""bcms_sync_history_info_at"": ""2022-10-27T11:36:27.725315+00:00""}",3176.0,,2023-05-31 01:00:28.778343,,,,,,false,UK286760101116,,UK286760601709,UK706021602429,false,,false,,false,
b4ac2737-81b5-4900-9bd0-0d7b41381495,,false,,2021-03-13,,,{},false,{},false,false,,false,,,,,,,false,937 000002613462,UK722969405859,2021-10-27 15:37:40,[],3117,3,{},false,,2021-09-14 10:11:41.821747,2022-10-11 08:14:17.062644,UK722969704000,UK742194700324,false,,2021-07-30,,false,,,,,{},,3877.0,,,,,,,false,UK722969704000,937000002613462,UK722969405859,UK742194700324,false,,false,,false,
100df59b-ccad-4d8e-903d-1734692290b9,5709975f-a221-4ca4-959e-c967c72a2252,false,,2021-02-12,,,{},false,{},false,false,,false,,,,,,,false,,UK317104400634,,[],3117,3,{},false,a4bd4a3e-26f4-471b-9936-2bf9834355b9,2021-09-14 10:27:49.090648,2022-10-26 15:30:33.724967,IE226818890141,US4017831035,false,2022-08-23 08:15:45.000,2021-07-30,,false,1112.0,,,9c6742d4-5408-4bc1-b622-cdfff7a27569,{},3176.0,4145.0,,,,,,,false,IE226818890141,,UK317104400634,US4017831035,false,,false,,false,
7a6f5768-be48-4a27-a956-c1582edef8bd,3ee83986-2d56-4f2d-9526-8da1596438a0,false,,2021-03-13,281.8,,{},false,{},false,false,,false,,,XXXX,,,,false,,UK317104400746,2023-03-16 00:00:00,[],3117,3,{},false,606978bd-5cb4-4182-85fb-ed9313fcafb7,2021-09-14 10:31:24.128644,2023-05-31 10:58:53.791343,UK303763102411,UK313622300109,false,2022-09-21 08:55:16.000,2021-07-30,,false,,,,,{},,4145.0,,,R,R4L,,,false,UK303763102411,,UK317104400746,UK313622300109,false,,false,,false,
eb52a3f3-c890-4fd5-b34d-fb02216a103b,5709975f-a221-4ca4-959e-c967c72a2252,false,,2021-04-03,,,{},false,{},false,false,,false,,,,,,,false,,UK210923402976,,[],3117,3,{},false,7b77c77f-f4bd-4209-9bb1-b417257ccd4f,2021-09-14 10:31:20.751135,2022-10-26 15:49:24.967197,UK207658302717,GA BRIEL MOSSY,false,2022-08-23 08:15:45.000,2021-07-30,,false,1112.0,,,ddcf29a2-4007-4fc4-96b3-b538224b5091,{},3176.0,4145.0,,,,,,,false,UK207658302717,,UK210923402976,GABRIELMOSSY,false,,false,,false,
95e09ba6-f69a-4909-bce0-2b5920286336,5709975f-a221-4ca4-959e-c967c72a2252,false,,2021-03-08,,,{},false,{},true,true,,false,,,,,,,false,937 000002613445,UK722969105842,,[],3117,3,{},false,a6b0ba36-53fc-4933-b1e5-3086a0b287a6,2021-09-14 10:11:43.553660,2022-10-26 16:22:50.870163,UK722969504425,UK742194700324,false,2022-08-23 08:15:45.000,2021-07-30,,false,1112.0,,,ddcf29a2-4007-4fc4-96b3-b538224b5091,{},3176.0,4145.0,,,,,,,false,UK722969504425,937000002613445,UK722969105842,UK742194700324,false,,false,,false,
851fc06d-0ee6-4d88-858e-487cad378e00,5709975f-a221-4ca4-959e-c967c72a2252,false,,2021-03-19,,,{},false,{},false,false,,false,,,,,,,false,,UK210923702923,,[],3117,3,{},false,7e8a90c6-87b0-40d7-89d8-136d53bb1540,2021-09-14 10:31:22.841482,2022-10-26 16:19:52.684332,UK210923300413,GA BRIEL MOSSY,false,2022-08-23 08:15:45.000,2021-07-30,,false,1112.0,,,ddcf29a2-4007-4fc4-96b3-b538224b5091,{},3176.0,4145.0,,,,,,,false,UK210923300413,,UK210923702923,GABRIELMOSSY,false,,false,,false,
a10906f3-e68c-4d8e-8c66-6fac44c07739,fa1b8abc-477e-4a03-9edf-89bc6db35922,false,,2022-02-18,,,,false,{},true,true,,false,,,XXXX,,,,false,,UK323773305690,,[],3117,3,{},false,,2022-09-23 14:24:59.141667,2024-04-16 14:32:31.080951,UK323773502759,XXXX CENTRE,false,2024-04-01 14:22:47.000,2022-09-22,,false,,,,55daad6e-33ea-42fb-b41c-74ac85b6a068,"{""bcms_sync_history_info_at"": ""2022-10-27T11:38:53.409541+00:00""}",3176.0,,2024-04-02 01:16:35.316750,,,,,,false,UK323773502759,,UK323773305690,XXXXCENTRE,false,,false,,false,
8359768c-46c9-42c5-83ab-58c32b1913ca,fa1b8abc-477e-4a03-9edf-89bc6db35922,false,,2022-03-09,,,,false,{},false,false,,false,,,XXXX,,,,false,,UK323773405803,,[],3117,3,{},false,,2022-09-23 14:25:02.933982,2024-04-16 14:32:30.983905,UK323773704791,XXXX CENTRE,false,2024-04-01 14:22:47.000,2022-09-22,,false,,,,55daad6e-33ea-42fb-b41c-74ac85b6a068,"{""bcms_sync_history_info_at"": ""2022-10-27T11:38:28.818772+00:00""}",3176.0,,2024-04-02 01:16:44.100487,,,,,,false,UK323773704791,,UK323773405803,XXXXCENTRE,false,,false,,false,
eea8cd85-dc45-4ecb-a34f-cacaef14c06d,8732c7aa-0c01-4226-adb5-be660ca52d23,false,,2018-04-13,,,,false,,false,false,,false,,,,480862f2-feb0-49b0-9497-5537f0dc2e43,75b34d7f-fed4-422e-980d-64ebe455f23f,,false,,UK286760601471,,[],3117,3,{},false,,2022-10-27 11:35:22.104967,2023-02-13 12:59:44.380550,UK286760600988,UK311688400085,false,2023-02-13 12:56:55.999,2018-04-13,,false,,,,a88ecf99-075e-40c8-bd32-b69fa4b32978,"{""bcms_sync_history_info_at"": ""2022-10-27T11:36:03.156871+00:00""}",3176.0,,2023-02-07 00:58:01.168711,,,,,,true,UK286760600988,,UK286760601471,UK311688400085,false,,false,,false,
7f50ed19-0295-441d-be5c-b231333ed4df,fa1b8abc-477e-4a03-9edf-89bc6db35922,false,,2022-03-07,,,,false,{},true,true,,false,,,XXXX,,,,false,,UK323773605791,2023-07-24 08:10:30,[],3117,3,{},false,,2022-09-23 14:25:02.458766,2023-11-17 09:46:20.933965,UK323773303226,XXXX CENTRE,true,,2022-09-22,,false,,,,a6c8945f-0d32-478d-b447-5fd0c38192d7,"{""bcms_sync_history_info_at"": ""2022-10-27T11:38:52.470515+00:00""}",3176.0,,2023-07-26 01:14:56.038347,,,,,,false,,,UK323773605791,,false,,false,,false,
1214fada-f7ac-49f6-9fee-05ef8a6656d6,3ee83986-2d56-4f2d-9526-8da1596438a0,false,,2021-04-01,298.7,,{},false,{},true,true,,false,,,XXXX,,,,false,,UK210923202981,2023-03-09 00:00:00,[],3117,3,{},false,e6155bbf-7d2b-40f8-84b8-8e961531e51d,2021-09-14 10:31:19.885187,2023-05-31 10:58:52.094116,UK210923601081,GA BRIEL MOSSY,false,2022-09-21 08:55:16.000,2021-07-30,,false,,,,,{},,4145.0,,,O+,O+4L,,,false,UK210923601081,,UK210923202981,GABRIELMOSSY,false,,false,,false,
285cade1-158a-4875-8602-002fd7bfc4b6,4e81207b-dd6d-45b0-afc9-818b978c5131,false,,2021-06-11,,,,false,,false,true,,false,,,,1f6db47c-a9cc-438e-9890-c708e62d8f34,,,false,,UK286760401721,,[],3117,3,{},false,,2022-10-27 11:35:38.002224,2023-06-02 14:21:39.414001,UK286760301174,UK706021602429,false,2023-05-29 13:45:37.000,2021-06-11,,false,,,,a88ecf99-075e-40c8-bd32-b69fa4b32978,"{""bcms_sync_history_info_at"": ""2022-10-27T11:37:04.977087+00:00""}",3176.0,,2023-05-31 01:00:31.642472,,,,,,false,UK286760301174,,UK286760401721,UK706021602429,false,,false,,false,
33a6e4d7-3dec-48b1-8024-5d1ddc66a318,8732c7aa-0c01-4226-adb5-be660ca52d23,false,,2015-04-22,,,,false,,false,false,,false,,,,,,,false,,UK286760501267,,[],3117,3,{},false,,2022-10-27 11:35:21.020484,2024-02-29 08:49:33.269044,UK286760700940,UK311688500023,false,2024-02-20 08:47:03.000,2015-04-22,,false,,,,a88ecf99-075e-40c8-bd32-b69fa4b32978,"{""bcms_sync_history_info_at"": ""2022-10-27T11:36:31.194071+00:00""}",3176.0,,2024-02-21 00:21:28.712844,,,,,,true,UK286760700940,,UK286760501267,UK311688500023,false,,false,,false,
a4e4c0c0-632c-43f9-8421-8fe59205c796,fa1b8abc-477e-4a03-9edf-89bc6db35922,false,,2022-03-03,,,,false,{},false,false,,false,,,XXXX,,,,false,,UK323773105772,,[],3117,3,{},false,,2022-09-23 14:25:01.812288,2024-04-16 14:32:31.472198,UK320616103679,XXXX CENTRE,false,2024-04-01 14:22:47.000,2022-09-22,,false,,,,55daad6e-33ea-42fb-b41c-74ac85b6a068,"{""bcms_sync_history_info_at"": ""2022-10-27T11:38:46.277571+00:00""}",3176.0,,2024-04-02 01:16:41.633816,,,,,,false,UK320616103679,,UK323773105772,XXXXCENTRE,false,,false,,false,
599b5295-1660-48f7-8b1b-61494fe7fb8f,3ee83986-2d56-4f2d-9526-8da1596438a0,false,,2021-02-26,313.4,,{},false,{},true,true,,false,,,XXXX,,,,false,,UK320610711632,2023-03-09 00:00:00,[],3117,3,{},false,2b8ee769-8dfd-480f-9501-0412abe79440,2021-09-14 10:27:56.520451,2023-03-10 17:16:01.617480,UK320610707194,PROTEUS,false,2022-09-21 08:55:16.000,2021-07-30,,false,,,,,{},,4145.0,,,4L,O+4L,,,false,UK320610707194,,UK320610711632,PROTEUS,false,,false,,false,
3769fe44-8393-4fff-a46c-a8e88b86fa0a,4dd3ca36-6f51-4d43-b8ab-3c8977060df1,false,,2021-02-20,269.7,,{},false,{},true,true,,false,,,XXXX,,,,false,937 000002508466,UK722969105765,2023-03-09 00:00:00,[],3117,3,{},false,8da62e3d-5c27-4bab-9880-7ea04954bab3,2021-09-14 10:11:35.064425,2023-03-10 17:16:00.534132,UK722969603845,UK742194700324,false,2022-09-21 08:55:16.000,2021-07-30,,false,,,,,{},,4145.0,,,3,O+3,,,false,UK722969603845,937000002508466,UK722969105765,UK742194700324,false,,false,,false,
51b70a4e-62e2-423f-b76e-92b127f8090c,6d2f8d45-38a1-4321-bc1d-3f7d34b14cb3,false,,2022-05-30,,,,false,,false,false,,false,,,,c013ae96-185e-4e28-ab6f-21771bbfe978,79a6f95f-a17d-42db-bd99-9cd0cba4321d,,false,,UK286760501785,,[],3117,3,{},false,,2022-10-27 11:35:47.634630,2023-06-02 14:21:39.414001,UK286760300915,UK303596702930,false,2023-05-29 13:45:37.000,2022-05-30,,false,,,,a88ecf99-075e-40c8-bd32-b69fa4b32978,"{""bcms_sync_history_info_at"": ""2022-10-27T11:37:27.304975+00:00""}",3176.0,,2023-05-24 00:49:55.335082,,,,,,false,UK286760300915,,UK286760501785,UK303596702930,false,,false,,false,
54075dd7-1e64-4dc5-adbf-ca9b1721c08d,4e81207b-dd6d-45b0-afc9-818b978c5131,false,,2021-05-25,,,,false,,false,true,,false,,,,0c2cbea2-9b54-48b6-a255-46a526300542,79a6f95f-a17d-42db-bd99-9cd0cba4321d,,false,,UK286760401700,,[],3117,3,{},false,,2022-10-27 11:35:35.349050,2023-06-02 14:21:39.414001,UK286760301216,UK303596702930,false,2023-05-29 13:45:37.000,2021-05-25,,false,,,,a88ecf99-075e-40c8-bd32-b69fa4b32978,"{""bcms_sync_history_info_at"": ""2022-10-27T11:36:38.262655+00:00""}",3176.0,,2023-05-31 01:00:27.076191,,,,,,false,UK286760301216,,UK286760401700,UK303596702930,false,,false,,false,
76bd650b-ee38-480f-adbf-158e59b02bbc,4e81207b-dd6d-45b0-afc9-818b978c5131,false,,2021-07-01,,,,false,,false,true,,false,,,,480862f2-feb0-49b0-9497-5537f0dc2e43,79a6f95f-a17d-42db-bd99-9cd0cba4321d,,false,,UK286760501729,,[],3117,3,{},false,,2022-10-27 11:35:38.949146,2023-06-02 14:21:39.414001,UK286760600988,UK303596702930,false,2023-05-29 13:45:37.000,2021-07-01,,false,,,,a88ecf99-075e-40c8-bd32-b69fa4b32978,"{""bcms_sync_history_info_at"": ""2022-10-27T11:36:55.765799+00:00""}",3176.0,,2023-05-31 01:00:33.272292,,,,,,false,UK286760600988,,UK286760501729,UK303596702930,false,,false,,false,
fedd8594-29e8-493a-a8db-9274a69d641e,8732c7aa-0c01-4226-adb5-be660ca52d23,false,,2020-05-25,,,,false,,false,false,,false,,,,,,,false,,UK286760101655,,[],3117,3,{},false,,2022-10-27 11:35:29.053172,2023-04-11 11:06:28.507829,UK286760501470,UK706021602429,false,2023-04-06 10:55:26.000,2020-05-25,,false,,,,a88ecf99-075e-40c8-bd32-b69fa4b32978,"{""bcms_sync_history_info_at"": ""2022-10-27T11:36:27.248091+00:00""}",3176.0,,2023-04-12 00:54:41.205389,,,,,,true,UK286760501470,,UK286760101655,UK706021602429,false,,false,,false,
468d9197-2e40-46dd-854d-47353c0a66af,4dd3ca36-6f51-4d43-b8ab-3c8977060df1,false,,2021-03-06,288.7,,{},false,{},true,true,,false,,,XXXX,,,,false,,UK320610611792,2023-03-16 00:00:00,[],3117,3,{},false,b156f9fd-ca58-416b-883c-f3931f8ddaf4,2021-09-14 10:27:55.689921,2023-05-31 10:58:54.159427,UK320610507752,PROTEUS,false,2022-09-21 08:55:16.000,2021-07-30,,false,,,,,{},,4145.0,,,O+,O+4L,,,false,UK320610507752,,UK320610611792,PROTEUS,false,,false,,false,
c794a9a4-3712-45b8-9e13-539e9cc461f8,4dd3ca36-6f51-4d43-b8ab-3c8977060df1,false,,2021-02-25,314.4,,{},false,{},true,true,,false,,,XXXX,,,,false,937 000002508484,UK722969505783,2023-03-09 00:00:00,[],3117,3,{},false,4df7ccf1-d37a-4c5d-bddc-8e110bb3f237,2021-09-14 10:12:01.678521,2023-03-10 17:20:02.832777,UK722969104722,UK742194700324,false,2022-09-21 08:55:16.000,2021-07-30,,false,,,,,{},,4145.0,,,4L,O+4L,,,false,UK722969104722,937000002508484,UK722969505783,UK742194700324,false,,false,,false,
dbcd1a04-4d70-4bdb-8b2a-185d6ecf5849,4dd3ca36-6f51-4d43-b8ab-3c8977060df1,false,,2021-03-07,263.0,,{},false,{},true,true,,false,,,XXXX,,,,false,937 000002613441,UK722969405838,2023-03-16 00:00:00,[],3117,3,{},false,d9b4ae19-e266-432d-a146-4e85e37c9609,2021-09-14 10:11:42.016064,2023-03-20 14:35:38.393425,UK722969204415,UK742194700324,false,2022-09-21 08:55:16.000,2021-07-30,,false,,,,,{},,4145.0,,,4L,O+4L,,,false,UK722969204415,937000002613441,UK722969405838,UK742194700324,false,,false,,false,
ecb70459-bb72-409e-92be-5b173681bbf8,5709975f-a221-4ca4-959e-c967c72a2252,false,,2021-03-05,,,{},false,{},false,false,,false,,,,,,,false,937 000002613428,UK722969505825,,[],3117,3,{},false,2d4fafbe-9158-4fde-8445-ca04bdd638c2,2021-09-14 10:11:59.160425,2022-10-26 15:50:15.187643,UK722969203141,UK742194700324,false,2022-08-23 08:15:45.000,2021-07-30,,false,1112.0,,,ddcf29a2-4007-4fc4-96b3-b538224b5091,{},3176.0,3877.0,,,,,,,false,UK722969203141,937000002613428,UK722969505825,UK742194700324,false,,false,,false,
966d5a86-1e7d-484c-a63e-ee9ec060e269,5709975f-a221-4ca4-959e-c967c72a2252,false,,2021-03-08,,,{},false,{},true,true,,false,,,,,29503546-9e29-4974-aa3c-f321aa51e6da,,false,937 000002613448,UK722969405845,,[],3117,3,{},false,9e46139f-1ce0-4299-84ad-0ac0731fd643,2021-09-14 10:11:39.252398,2022-10-26 16:20:50.200222,UK722969104918,UK742194400384,false,2022-08-23 08:15:45.000,2021-07-30,,false,1112.0,,,ddcf29a2-4007-4fc4-96b3-b538224b5091,{},3176.0,3877.0,,,,,,,false,UK722969104918,937000002613448,UK722969405845,UK742194400384,false,,false,,false,
d87278e0-1e2b-4a28-8d73-9af8b7303792,4dd3ca36-6f51-4d43-b8ab-3c8977060df1,false,,2021-03-06,277.4,,{},false,{},true,true,,false,,,XXXX,,,,false,,UK320610611785,2023-03-09 00:00:00,[],3117,3,{},false,d36c73da-52da-42c2-8fc0-69be479ed211,2021-09-14 10:27:55.254079,2023-05-31 10:58:52.282335,UK320610605583,PROTEUS,false,2022-09-21 08:55:16.000,2021-07-30,,false,,,,,{},,4145.0,,,O+,O+4L,,,false,UK320610605583,,UK320610611785,PROTEUS,false,,false,,false,
a32d7dbf-2ec8-433c-a5a4-0a980bba9c7a,4e81207b-dd6d-45b0-afc9-818b978c5131,false,,2021-05-23,,,,false,,false,true,,false,,,,6c98aa3b-9ec8-41b1-9225-a394db5bb730,,,false,,UK286760201691,,[],3117,3,{},false,,2022-10-27 11:35:34.109250,2023-06-02 14:21:39.414001,UK286760701178,UK706021602429,false,2023-05-29 13:45:37.000,2021-05-23,,false,,,,a88ecf99-075e-40c8-bd32-b69fa4b32978,"{""bcms_sync_history_info_at"": ""2022-10-27T11:36:33.520225+00:00""}",3176.0,,2023-05-31 01:00:25.676752,,,,,,false,UK286760701178,,UK286760201691,UK706021602429,false,,false,,false,
cf789cda-d884-47fd-909c-89ad44ed15c8,4e81207b-dd6d-45b0-afc9-818b978c5131,false,,2021-06-07,,,,false,,false,true,,false,,,,f86db5a5-8383-4e08-b700-96a68ef1e36c,79a6f95f-a17d-42db-bd99-9cd0cba4321d,,false,,UK286760501715,,[],3117,3,{},false,,2022-10-27 11:35:37.079074,2023-06-02 14:21:39.414001,UK286760701339,UK303596702930,false,2023-05-29 13:45:37.000,2021-06-07,,false,,,,a88ecf99-075e-40c8-bd32-b69fa4b32978,"{""bcms_sync_history_info_at"": ""2022-10-27T11:37:42.489329+00:00""}",3176.0,,2023-05-31 01:00:29.872206,,,,,,false,UK286760701339,,UK286760501715,UK303596702930,false,,false,,false,
3e3814ed-dd36-4f8f-a95b-c83696470c1e,4dd3ca36-6f51-4d43-b8ab-3c8977060df1,false,,2021-02-25,303.4,,{},false,{},true,true,,false,,,XXXX,,,,false,937 000002508483,UK722969405782,2023-03-09 00:00:00,[],3117,3,{},false,dd751285-aab3-4b02-9e6f-864bec15b1d4,2021-09-14 10:11:35.870979,2023-03-10 17:20:03.537248,UK722969403486,UK742194700324,false,2022-09-21 08:55:16.000,2021-07-30,,false,,,,,{},,4145.0,,,3,O+3,,,false,UK722969403486,937000002508483,UK722969405782,UK742194700324,false,,false,,false,
6648cc1b-183c-4027-85ab-6dc618fcbe51,4e81207b-dd6d-45b0-afc9-818b978c5131,false,,2021-06-09,,,,false,,false,true,,false,,,,2f4704f7-0ab5-4e83-8ef4-321cbc511edd,79a6f95f-a17d-42db-bd99-9cd0cba4321d,,false,,UK286760101718,,[],3117,3,{},false,,2022-10-27 11:35:37.546905,2023-06-02 14:21:39.414001,UK286760401378,UK303596702930,false,2023-05-29 13:45:37.000,2021-06-09,,false,,,,a88ecf99-075e-40c8-bd32-b69fa4b32978,"{""bcms_sync_history_info_at"": ""2022-10-27T11:36:32.942905+00:00""}",3176.0,,2023-05-31 01:00:30.684704,,,,,,false,UK286760401378,,UK286760101718,UK303596702930,false,,false,,false,
01b47142-7324-479e-8ce9-07b941d6c2fa,4e81207b-dd6d-45b0-afc9-818b978c5131,false,,2021-05-07,,,,false,,false,true,,false,,,,a2131a21-46fb-4f5e-97eb-8572656b13b5,75b34d7f-fed4-422e-980d-64ebe455f23f,,false,,UK286760101662,,[],3117,3,{},false,,2022-10-27 11:35:29.822660,2023-06-02 14:21:39.414001,UK286760401511,UK311688400085,false,2023-05-29 13:45:37.000,2021-05-07,,false,,,,a88ecf99-075e-40c8-bd32-b69fa4b32978,"{""bcms_sync_history_info_at"": ""2022-10-27T11:36:46.895496+00:00""}",3176.0,,2023-05-31 01:00:20.852069,,,,,,false,UK286760401511,,UK286760101662,UK311688400085,false,,false,,false,
36d412bc-c361-4812-8106-b7675cdd15d3,6d2f8d45-38a1-4321-bc1d-3f7d34b14cb3,false,,2022-05-28,,,,false,,false,true,,false,,,,e7b103eb-7c35-4016-938c-70b1d021c2ef,27093282-0d47-4aaf-a8de-f15cf5a9c6c1,,false,,UK286760501778,,[],3117,3,{},false,,2022-10-27 11:35:46.686175,2023-04-11 11:06:28.507829,UK286760201607,UK307558500093,false,2023-04-06 10:55:26.000,2022-05-28,,false,,,,a88ecf99-075e-40c8-bd32-b69fa4b32978,"{""bcms_sync_history_info_at"": ""2022-10-27T11:37:52.950214+00:00""}",3176.0,,2023-04-12 00:54:51.402223,,,,,,false,UK286760201607,,UK286760501778,UK307558500093,false,,false,,false,
407eaedc-fe92-44a1-87e5-8e0b7d06c73a,8732c7aa-0c01-4226-adb5-be660ca52d23,false,,2020-04-05,,,,false,,false,false,,false,,,,084fae05-8529-425c-a66c-7e76958b9ebf,75b34d7f-fed4-422e-980d-64ebe455f23f,,false,,UK286760101613,,[],3117,3,{},false,,2022-10-27 11:35:26.614195,2023-04-11 11:06:28.507829,UK286760700975,UK311688400085,false,2023-04-06 10:55:26.000,2020-04-05,,false,,,,a88ecf99-075e-40c8-bd32-b69fa4b32978,"{""bcms_sync_history_info_at"": ""2022-10-27T11:36:18.013639+00:00""}",3176.0,,2023-04-12 00:54:39.533849,,,,,,true,UK286760700975,,UK286760101613,UK311688400085,false,,false,,false,
084fae05-8529-425c-a66c-7e76958b9ebf,8732c7aa-0c01-4226-adb5-be660ca52d23,false,,2012-04-08,,,,false,,false,false,,false,,,,,,,false,,UK286760700975,,[],3117,3,{},false,,2022-10-27 11:35:18.405828,2024-02-29 08:49:33.255078,UK286760400251,UK122086600549,false,2024-02-20 08:47:03.000,2013-03-14,,false,,,,a88ecf99-075e-40c8-bd32-b69fa4b32978,"{""bcms_sync_history_info_at"": ""2022-10-27T11:36:09.192583+00:00""}",3176.0,,2024-02-21 00:21:26.508689,,,,,,true,UK286760400251,,UK286760700975,UK122086600549,false,,false,,false,
fc4288b4-5b7a-41b6-bede-bec057f584f7,4dd3ca36-6f51-4d43-b8ab-3c8977060df1,false,,2021-03-03,280.4,,{},false,{},true,true,,false,,,XXXX,,,,false,,UK320610611736,2023-03-09 00:00:00,[],3117,3,{},false,f8528f55-447e-4c1f-9be3-ab538e7b359a,2021-09-14 10:27:54.803897,2023-03-10 17:15:59.293749,UK320610304453,PROTEUS,false,2022-09-21 08:55:16.000,2021-07-30,,false,,,,,{},,4145.0,,,4L,O+4L,,,false,UK320610304453,,UK320610611736,PROTEUS,false,,false,,false,
576abf73-7ebd-4b36-82cd-13dcc5ae96a2,4dd3ca36-6f51-4d43-b8ab-3c8977060df1,false,,2021-03-01,276.2,,{},false,{},false,false,,false,,,XXXX,,,,false,,UK320610311698,2023-03-16 00:00:00,[],3117,3,{},false,6e6c139d-3beb-484b-8b67-22ff43125b8e,2021-09-14 10:27:50.797892,2023-05-31 10:58:54.350121,UK320610105830,PROTEUS,false,2022-09-21 08:55:16.000,2021-07-30,,false,,,,,{},,4145.0,,,O+,O+4H,,,false,UK320610105830,,UK320610311698,PROTEUS,false,,false,,false,
4c28394a-6075-48a2-931f-ecb1cff20437,3ee83986-2d56-4f2d-9526-8da1596438a0,false,,2021-02-10,280.2,,{},false,{},false,false,,false,,,XXXX,,,,false,937 000002508448,UK722969405747,2023-03-16 00:00:00,[],3117,3,{},false,fa9180c7-273d-421f-8cb5-6cb0cc3747e3,2021-09-14 10:11:43.194418,2023-03-20 14:35:42.949306,UK722969704735,UK742194700324,false,2022-09-21 08:55:16.000,2021-07-30,,false,,,,,{},,4145.0,,,4L,O+4L,,,false,UK722969704735,937000002508448,UK722969405747,UK742194700324,false,,false,,false,
8f32d77c-b2e8-4b8a-9bcc-9fc078370e3f,3ee83986-2d56-4f2d-9526-8da1596438a0,false,,2021-03-03,285.8,,{},false,{},true,true,,false,,,XXXX,,,,false,937 000002508512,UK722969505811,2023-03-09 00:00:00,[],3117,3,{},false,87903528-cc09-4aef-bfff-be9dcf4546c0,2021-09-14 10:11:52.061113,2023-03-10 17:16:03.586420,UK722969104659,UK742194700324,false,2022-09-21 08:55:16.000,2021-07-30,,false,,,,,{},,4145.0,,,4L,R4L,,,false,UK722969104659,937000002508512,UK722969505811,UK742194700324,false,,false,,false,
f2176e41-fb91-49b8-8d38-e7e6dc426909,4dd3ca36-6f51-4d43-b8ab-3c8977060df1,false,,2021-03-10,,,{},false,{},false,false,,false,,,XXXX,,,,false,937 000002613455,UK722969405852,,[],3117,3,{},false,b814eaa1-f624-4c16-8f8c-c21feeaa76b4,2021-09-14 10:11:38.888929,2022-10-11 08:14:16.985709,UK722969103455,UK742194700324,false,2022-09-21 08:55:16.000,2021-07-30,,false,,,,,{},,4145.0,,,,,,,false,UK722969103455,937000002613455,UK722969405852,UK742194700324,false,,false,,false,
9a5d8d16-4004-4585-b500-3484bf8d8cd2,4dd3ca36-6f51-4d43-b8ab-3c8977060df1,false,,2021-02-21,285.2,,{},false,{},true,true,,false,,,XXXX,,,,false,937 000002508468,UK722969305767,2023-03-09 00:00:00,[],3117,3,{},false,7b7a1292-a963-43aa-96b4-dffccfa58fa8,2021-09-14 10:11:38.187675,2023-03-10 17:16:04.515537,UK722969104386,UK742194700324,false,2022-09-21 08:55:16.000,2021-07-30,,false,,,,,{},,4145.0,,,4L,O+4L,,,false,UK722969104386,937000002508468,UK722969305767,UK742194700324,false,,false,,false,
9fbc75c7-95a5-4223-af2b-fe49dbdebecc,5709975f-a221-4ca4-959e-c967c72a2252,false,,2021-03-23,,,{},false,{},false,false,,false,,,,,,,false,,UK210923502949,,[],3117,3,{},false,77ae1f7e-98a1-473a-8a8b-6b93cdbb8ada,2021-09-14 10:31:22.006987,2022-10-26 16:14:06.795742,UK210923701495,ST OCK BULL,false,2022-08-23 08:15:45.000,2021-07-30,,false,1112.0,,,ddcf29a2-4007-4fc4-96b3-b538224b5091,{},3176.0,4145.0,,,,,,,false,UK210923701495,,UK210923502949,STOCKBULL,false,,false,,false,
0b44fb0a-839a-4381-91b8-f12e6d529818,5709975f-a221-4ca4-959e-c967c72a2252,false,,2021-03-08,,,{},false,{},false,false,,false,,,,,29503546-9e29-4974-aa3c-f321aa51e6da,,false,937 000002613447,UK722969305844,,[],3117,3,{},false,e7ab1675-8bd4-433c-92e2-5db645a33ca5,2021-09-14 10:12:02.495059,2022-10-26 15:34:00.187497,UK722969303716,UK742194400384,false,2022-08-23 08:15:45.000,2021-07-30,,false,1112.0,,,ddcf29a2-4007-4fc4-96b3-b538224b5091,{},3176.0,3877.0,,,,,,,false,UK722969303716,937000002613447,UK722969305844,UK742194400384,false,,false,,false,
09b9adf2-df24-4e7b-8794-e4d923221da4,4dd3ca36-6f51-4d43-b8ab-3c8977060df1,false,,2021-03-07,,,{},false,{},true,true,,false,,,XXXX,,,,false,,UK320610311803,,[],3117,3,{},false,3ede2c94-c147-449a-bb82-97ae1e5cc332,2021-09-14 10:27:51.738240,2022-10-19 14:02:12.981795,UK320610707341,PROTEUS,false,2022-09-21 08:55:16.000,2021-07-30,,false,,,,,{},,4145.0,,,,,,,false,UK320610707341,,UK320610311803,PROTEUS,false,,false,,false,
4bf63f47-bd63-4c0c-a826-0028fa35bed7,3ee83986-2d56-4f2d-9526-8da1596438a0,false,,2021-03-16,289.1,,{},false,{},true,true,,false,,,XXXX,,29503546-9e29-4974-aa3c-f321aa51e6da,,false,937 000002613468,UK722969305865,2023-03-09 00:00:00,[],3117,3,{},false,46e9f760-79e6-4737-b051-8b139bc9ad47,2021-09-14 10:11:46.853727,2023-03-10 17:16:00.358070,UK722969304899,UK742194400384,false,2022-09-21 08:55:16.000,2021-07-30,,false,,,,,{},,3877.0,,,4L,O+4L,,,false,UK722969304899,937000002613468,UK722969305865,UK742194400384,false,,false,,false,
cb9947fa-0f01-4d11-a616-60c4c9d8a78c,5709975f-a221-4ca4-959e-c967c72a2252,false,,2021-03-07,,,{},false,{},true,true,,false,,,,,,,false,937 000002613437,UK722969705834,,[],3117,3,{},false,0aeef93f-ea41-43ad-8731-6e85483adffb,2021-09-14 10:11:36.724916,2022-10-26 15:48:26.833280,UK722969703510,UK742194700324,false,2022-08-23 08:15:45.000,2021-07-30,,false,1112.0,,,9c6742d4-5408-4bc1-b622-cdfff7a27569,{},3176.0,4145.0,,,,,,,false,UK722969703510,937000002613437,UK722969705834,UK742194700324,false,,false,,false,
f017d746-ba14-4e49-b447-a3386c36c339,3ee83986-2d56-4f2d-9526-8da1596438a0,false,,2021-03-23,280.7,,{},false,{},false,false,,false,,,XXXX,,,,false,,UK317104300766,2023-03-09 00:00:00,[],3117,3,{},false,0732fba9-715a-4a04-9b6e-b19f28b269c1,2021-09-14 10:31:23.911817,2023-05-31 10:58:51.906894,UK303763503493,,false,2022-09-21 08:55:16.000,2021-07-30,,false,,,,,{},,4145.0,,,O+,O+4L,,,false,UK303763503493,,UK317104300766,,false,,false,,false,
6e69a279-d52d-432d-a9cf-1531b4425c2f,8732c7aa-0c01-4226-adb5-be660ca52d23,false,,2021-06-06,,,,false,,false,false,,false,,,,,79a6f95f-a17d-42db-bd99-9cd0cba4321d,,false,,UK286760401714,,[],3117,3,{},false,,2022-10-27 11:35:36.930366,2024-02-29 08:49:33.296610,UK286760301538,UK303596702930,false,2024-02-20 08:47:03.000,2021-06-06,,false,,,,a88ecf99-075e-40c8-bd32-b69fa4b32978,"{""bcms_sync_history_info_at"": ""2022-10-27T11:37:22.336147+00:00""}",3176.0,,2024-02-21 00:21:35.575227,,,,,,false,UK286760301538,,UK286760401714,UK303596702930,false,,false,,false,
5776f066-a82c-4f55-99be-d1e3be638c19,3ee83986-2d56-4f2d-9526-8da1596438a0,false,,2021-02-28,274.0,,{},false,{},false,false,,false,,,XXXX,,29503546-9e29-4974-aa3c-f321aa51e6da,,false,937 000002508502,UK722969205801,2023-03-16 00:00:00,[],3117,3,{},false,23d7d598-83e7-412a-a024-7f4a4f58dcff,2021-09-14 10:12:01.289866,2023-03-20 14:35:41.120101,UK722969604734,UK742194400384,false,2022-09-21 08:55:16.000,2021-07-30,,false,,,,,{},,4145.0,,,4H,O+4H,,,false,UK722969604734,937000002508502,UK722969205801,UK742194400384,false,,false,,false,
75b8502a-448c-4253-8ac7-12128953c367,4dd3ca36-6f51-4d43-b8ab-3c8977060df1,false,,2021-02-26,313.8,,{},false,{},true,true,,false,,,XXXX,,,,false,937 000002508488,UK722969205787,2023-03-09 00:00:00,[],3117,3,{},false,5e794d59-d338-4e6c-b884-71f1dc6d5386,2021-09-14 10:11:56.394612,2023-03-10 17:16:04.338200,UK722969604230,UK742194700324,false,2022-09-21 08:55:16.000,2021-07-30,,false,,,,,{},,3877.0,,,4L,R4L,,,false,UK722969604230,937000002508488,UK722969205787,UK742194700324,false,,false,,false,
abc94438-9ef6-47a6-9647-2a4c0111fe99,3ee83986-2d56-4f2d-9526-8da1596438a0,false,,2021-03-09,325.6,,{},false,{},true,true,,false,,,XXXX,,,,false,,UK317104600734,2023-03-09 00:00:00,[],3117,3,{},false,a3a7f7b3-9697-4306-ad36-b6008866385d,2021-09-14 10:31:24.841883,2023-03-10 17:15:59.470632,UK303763103244,UK313622200164,false,2022-09-21 08:55:16.000,2021-07-30,,false,,,,,{},,4145.0,,,4H,O+4H,,,false,UK303763103244,,UK317104600734,UK313622200164,false,,false,,false,
41d0e4b4-4f8b-4b75-9fc5-0d795b99d606,5709975f-a221-4ca4-959e-c967c72a2252,false,,2021-03-02,,,{},false,{},false,true,,false,,,,,,,false,,UK317104200702,,[],3117,3,{},false,8a7542b6-9515-40ef-8580-2dd6dda7b3f4,2021-09-14 10:27:48.438834,2022-10-26 16:18:41.830399,UK317104700070,US4017831035,false,2022-08-23 08:15:45.000,2021-07-30,,false,1112.0,,,9c6742d4-5408-4bc1-b622-cdfff7a27569,{},3176.0,4145.0,,,,,,,false,UK317104700070,,UK317104200702,US4017831035,false,,false,,false,
18082121-85e5-4058-97cd-572766f087d5,4dd3ca36-6f51-4d43-b8ab-3c8977060df1,false,,2021-02-18,289.7,,{},false,{},true,true,,false,,,XXXX,,,,false,937 000002508458,UK722969705757,2023-03-16 00:00:00,[],3117,3,{},false,e5de34f8-73ea-4241-889c-f935df627694,2021-09-14 10:11:41.157049,2023-03-20 14:35:42.401945,UK722969103707,UK742194700324,false,2022-09-21 08:55:16.000,2021-07-30,,false,,,,,{},,4145.0,,,4L,O+4L,,,false,UK722969103707,937000002508458,UK722969705757,UK742194700324,false,,false,,false,
307b6a1b-c728-4bcc-acf4-136f654b4c79,4dd3ca36-6f51-4d43-b8ab-3c8977060df1,false,,2021-02-26,279.7,,{},false,{},true,true,,false,,,XXXX,,29503546-9e29-4974-aa3c-f321aa51e6da,,false,937 000002508489,UK722969305788,2023-03-09 00:00:00,[],3117,3,{},false,4ef097af-7c0f-4cc1-9111-9a2a9d50fb8b,2021-09-14 10:11:50.650700,2023-03-10 17:15:58.561366,UK722969404914,UK742194400384,false,2022-09-21 08:55:16.000,2021-07-30,,false,,,,,{},,4145.0,,,3,O+3,,,false,UK722969404914,937000002508489,UK722969305788,UK742194400384,false,,false,,false,
ed295c2d-7cbe-4cd9-9aa2-8d0117558505,5709975f-a221-4ca4-959e-c967c72a2252,false,,2021-03-01,,,{},false,{},true,true,,false,,,,,,,false,937 000002508505,UK722969505804,,[],3117,3,{},false,c0887d24-787b-470e-864e-aa4a6ea2abdb,2021-09-14 10:11:58.558294,2022-10-26 15:32:40.191145,UK341064502110,UK742194700324,false,2022-08-23 08:15:45.000,2021-07-30,,false,1112.0,,,9c6742d4-5408-4bc1-b622-cdfff7a27569,{},3176.0,4145.0,,,,,,,false,UK341064502110,937000002508505,UK722969505804,UK742194700324,false,,false,,false,
73aac93a-bd7f-4e42-8843-5b6fa9356360,3ee83986-2d56-4f2d-9526-8da1596438a0,false,,2021-02-11,313.6,,{},false,{},false,false,,false,,,XXXX,,29503546-9e29-4974-aa3c-f321aa51e6da,,false,937 000002508450,UK722969605749,2023-03-09 00:00:00,[],3117,3,{},false,d3cc6c80-3675-4774-8f30-48199c0e7873,2021-09-14 10:11:49.522191,2023-03-10 17:20:02.654610,UK722969304703,UK742194400384,false,2022-09-21 08:55:16.000,2021-07-30,,false,,,,,{},,4145.0,,,4H,O+4H,,,false,UK722969304703,937000002508450,UK722969605749,UK742194400384,false,,false,,false,
3f0f81b1-2459-4fa3-954b-08cbda4f0c9c,5709975f-a221-4ca4-959e-c967c72a2252,false,,2021-03-02,,,{},false,{},false,true,,false,,,,,,,false,,UK320610111717,,[],3117,3,{},false,0f241754-53d6-4d33-bc65-42ce2041b238,2021-09-14 10:27:50.168748,2022-10-26 15:51:00.430390,UK320610208708,PROTEUS,false,2022-08-23 08:15:45.000,2021-07-30,,false,1112.0,,,ddcf29a2-4007-4fc4-96b3-b538224b5091,{},3176.0,4145.0,,,,,,,false,UK320610208708,,UK320610111717,PROTEUS,false,,false,,false,
b6f9888b-3cdd-4836-9eaf-8547b5545a71,4dd3ca36-6f51-4d43-b8ab-3c8977060df1,false,,2021-03-01,300.4,,{},false,{},true,true,,false,,,XXXX,,,,false,937 000002508504,UK722969405803,2023-03-16 00:00:00,[],3117,3,{},false,54025fbb-35a8-4d26-ad1c-f446630080ae,2021-09-14 10:11:57.122207,2023-03-20 14:35:42.585409,UK722969203533,UK742194700324,false,2022-09-21 08:55:16.000,2021-07-30,,false,,,,,{},,4145.0,,,4L,O+4L,,,false,UK722969203533,937000002508504,UK722969405803,UK742194700324,false,,false,,false,
74c7e86f-14d9-4ca4-85c8-02fbbdc21fec,4dd3ca36-6f51-4d43-b8ab-3c8977060df1,false,,2021-02-19,262.0,,{},false,{},false,false,,false,,,XXXX,,,,false,937 000002508463,UK722969505762,2023-03-16 00:00:00,[],3117,3,{},false,b00e858d-60cb-4c0a-bccb-73c8de14af02,2021-09-14 10:11:41.615161,2023-03-20 14:35:41.847306,UK722969304731,UK742194700324,false,2022-09-21 08:55:16.000,2021-07-30,,false,,,,,{},,4145.0,,,4L,O+4L,,,false,UK722969304731,937000002508463,UK722969505762,UK742194700324,false,,false,,false,
a696591b-d1de-4f1e-bfdf-9d68a0d691cb,4dd3ca36-6f51-4d43-b8ab-3c8977060df1,false,,2021-03-24,282.8,,{},false,{},false,false,,false,,,XXXX,,,,false,,UK210923102959,2023-03-16 00:00:00,[],3117,3,{},false,261340f5-35be-4c75-af7d-1711b864f854,2021-09-14 10:31:19.231005,2023-05-31 10:58:53.230938,UK207658102106,GA BRIEL MOSSY,false,2022-09-21 08:55:16.000,2021-07-30,,false,,,,,{},,4145.0,,,O+,O+4L,,,false,UK207658102106,,UK210923102959,GABRIELMOSSY,false,,false,,false,
4402eb23-151c-4f5c-8387-ea05dc52a1f5,8732c7aa-0c01-4226-adb5-be660ca52d23,false,,2018-05-04,,,,false,,false,false,,false,,,,,,,false,,UK286760301496,,[],3117,3,{},false,,2022-10-27 11:35:23.330851,2023-02-13 12:59:44.380550,UK286760601079,UK170032100242,false,2023-02-13 12:56:55.999,2018-05-04,,false,,,,a88ecf99-075e-40c8-bd32-b69fa4b32978,"{""bcms_sync_history_info_at"": ""2022-10-27T11:36:33.434592+00:00""}",3176.0,,2023-02-07 00:58:01.540253,,,,,,true,UK286760601079,,UK286760301496,UK170032100242,false,,false,,false,
447091a5-26c1-4bd2-9d54-fc7229758fbb,4e81207b-dd6d-45b0-afc9-818b978c5131,false,,2021-05-22,,,,false,,false,false,,false,,,,c5363393-d5e9-4872-a524-8ccced4cb9f0,,,false,,UK286760501687,,[],3117,3,{},false,,2022-10-27 11:35:33.473166,2023-03-07 08:25:24.493560,UK286760701500,UK706021602429,false,2023-03-06 08:20:40.000,2021-05-22,,false,,,,a88ecf99-075e-40c8-bd32-b69fa4b32978,"{""bcms_sync_history_info_at"": ""2022-10-27T11:36:43.737064+00:00""}",3176.0,,2023-03-08 00:40:35.657725,,,,,,false,UK286760701500,,UK286760501687,UK706021602429,false,,false,,false,
dc2df3cb-1e9f-4439-a29d-65eec0e61960,5709975f-a221-4ca4-959e-c967c72a2252,false,,2021-03-19,,,{},false,{},true,true,,false,,,,,,,false,937 000002613484,UK722969405880,,[],3117,3,{},false,abce6553-8155-41b9-a4a5-c4590c853dd5,2021-09-14 10:11:37.404071,2022-10-11 08:14:17.140949,UK722969704525,UK742194700324,false,2022-08-23 08:15:45.000,2021-07-30,,false,1112.0,,,847ff71a-d85d-4d74-a793-7498992f2a11,{},3176.0,4145.0,,,,,,,false,UK722969704525,937000002613484,UK722969405880,UK742194700324,false,,false,,false,
3dde5fe3-7132-49f8-8373-deae64b515a6,3ee83986-2d56-4f2d-9526-8da1596438a0,false,,2021-02-23,274.4,,{},false,{},false,false,,false,,,XXXX,,,,false,937 000002508475,UK722969305774,2023-03-16 00:00:00,[],3117,3,{},false,848a367a-53af-493f-b40d-4bb0ec908ec9,2021-09-14 10:11:33.327069,2023-03-20 14:35:41.300025,UK722969704672,UK742194700324,false,2022-09-21 08:55:16.000,2021-07-30,,false,,,,,{},,4145.0,,,4L,O+4L,,,false,UK722969704672,937000002508475,UK722969305774,UK742194700324,false,,false,,false,
ee6baaff-0973-4bbd-950a-25e1b8fd9ffc,4dd3ca36-6f51-4d43-b8ab-3c8977060df1,false,,2021-03-03,254.8,,{},false,{},false,false,,false,,,XXXX,,,,false,,UK320610611729,2023-03-16 00:00:00,[],3117,3,{},false,5173bde9-1ad6-41d6-bd5f-dc1e85e55316,2021-09-14 10:27:54.360148,2023-05-31 10:58:53.978016,UK320610304348,PROTEUS,false,2022-09-21 08:55:16.000,2021-07-30,,false,,,,,{},,4145.0,,,O+,O+4L,,,false,UK320610304348,,UK320610611729,PROTEUS,false,,false,,false,
92791ba9-9ef0-428c-8491-94a3d68cd64c,3ee83986-2d56-4f2d-9526-8da1596438a0,false,,2021-02-15,282.0,,{},false,{},false,false,,false,,,XXXX,,,,false,937 000002508453,UK722969205752,2023-03-09 00:00:00,[],3117,3,{},false,18b1447f-f12b-442c-962a-a119c01c83f3,2021-09-14 10:11:36.269208,2023-03-10 17:16:01.798501,UK722969404494,UK742194700324,false,2022-09-21 08:55:16.000,2021-07-30,,false,,,,,{},,4145.0,,,4H,R4H,,,false,UK722969404494,937000002508453,UK722969205752,UK742194700324,false,,false,,false,
769df82a-1233-4165-9f29-f4673d49c1e6,3ee83986-2d56-4f2d-9526-8da1596438a0,false,,2021-04-05,283.6,,{},false,{},true,true,,false,,,XXXX,,29503546-9e29-4974-aa3c-f321aa51e6da,,false,937 000002613514,UK722969605910,2023-03-09 00:00:00,[],3117,3,{},false,a6e113fd-d92c-4330-a92a-6ba55288f8dd,2021-09-14 10:12:00.934250,2023-03-10 17:16:00.000320,UK722969304906,UK742194400384,false,2022-09-21 08:55:16.000,2021-07-30,,false,,,,,{},,4145.0,,,4L,O+4L,,,false,UK722969304906,937000002613514,UK722969605910,UK742194400384,false,,false,,false,
e21ebd7c-194f-4c30-8309-3b859da8e8ff,5709975f-a221-4ca4-959e-c967c72a2252,false,,2021-03-13,,,{},false,{},false,true,,false,,,,,,,false,,UK320610611862,,[],3117,3,{},false,16333126-9b38-4622-9beb-b81fe5812922,2021-09-14 10:27:56.061425,2022-10-26 15:51:54.624905,UK320610407961,PROTEUS,false,2022-08-23 08:15:45.000,2021-07-30,,false,1112.0,,,9c6742d4-5408-4bc1-b622-cdfff7a27569,{},3176.0,4145.0,,,,,,,false,UK320610407961,,UK320610611862,PROTEUS,false,,false,,false,
7c71a4e5-2aaa-4128-a459-d303465e217b,5709975f-a221-4ca4-959e-c967c72a2252,false,,2021-03-03,,,{},false,{},true,true,,false,,,,,,,false,937 000002508515,UK722969105814,,[],3117,3,{},false,02298b95-f5bb-47a8-ae60-73eccf77fee3,2021-09-14 10:11:39.598791,2022-10-26 16:22:07.027448,UK722969204394,UK742194700324,false,2022-08-23 08:15:45.000,2021-07-30,,false,1112.0,,,9c6742d4-5408-4bc1-b622-cdfff7a27569,{},3176.0,4145.0,,,,,,,false,UK722969204394,937000002508515,UK722969105814,UK742194700324,false,,false,,false,
acf4d7a0-71c0-47df-816c-f329c66d204b,4dd3ca36-6f51-4d43-b8ab-3c8977060df1,false,,2021-02-18,291.0,,{},false,{},true,true,,false,,,XXXX,,,,false,937 000002508459,UK722969105758,2023-03-09 00:00:00,[],3117,3,{},false,2fa541a9-8815-4ac8-8ea8-84e94a01bd3d,2021-09-14 10:11:34.277814,2023-03-10 17:15:58.923046,UK722969404410,UK742194700324,false,2022-09-21 08:55:16.000,2021-07-30,,false,,,,,{},,4145.0,,,4L,O+4L,,,false,UK722969404410,937000002508459,UK722969105758,UK742194700324,false,,false,,false,
7f2ed266-5e35-4217-b200-c4c24f9a5b81,3ee83986-2d56-4f2d-9526-8da1596438a0,false,,2021-03-22,279.5,,{},false,{},false,false,,false,,,XXXX,,29503546-9e29-4974-aa3c-f321aa51e6da,,false,937 000002613492,UK722969505888,2023-03-16 00:00:00,[],3117,3,{},false,71403d12-84cb-431d-bdd1-3db61897b50c,2021-09-14 10:11:58.962235,2023-03-20 14:35:38.012682,UK722969404900,UK742194400384,false,2022-09-21 08:55:16.000,2021-07-30,,false,,,,,{},,4145.0,,,4L,O+4L,,,false,UK722969404900,937000002613492,UK722969505888,UK742194400384,false,,false,,false,
01352e7e-94c0-4a2d-95fc-5e15de2bcc6d,8732c7aa-0c01-4226-adb5-be660ca52d23,false,,2018-06-17,,,,false,,false,false,,false,,,,,75b34d7f-fed4-422e-980d-64ebe455f23f,,false,,UK286760201530,,[],3117,3,{},false,,2022-10-27 11:35:24.250950,2023-01-20 12:43:05.994432,UK286760501162,UK311688400085,false,2023-01-18 09:51:03.000,2018-06-17,,false,,,,a88ecf99-075e-40c8-bd32-b69fa4b32978,"{""bcms_sync_history_info_at"": ""2022-10-27T11:36:19.654297+00:00""}",3176.0,,2023-01-20 00:53:14.204471,,,,,,true,UK286760501162,,UK286760201530,UK311688400085,false,,false,,false,
e590bf7f-85cf-4979-85dc-4ec647c22bd4,fa1b8abc-477e-4a03-9edf-89bc6db35922,false,,2022-03-31,,,,false,{},false,false,,false,,,XXXX,,,,false,,UK323773505853,,[],3117,3,{},false,,2022-09-23 14:25:05.169928,2024-04-16 14:32:30.674108,UK323773702152,XXXX CENTRE,false,2024-04-01 14:22:47.000,2022-09-22,,false,,,,55daad6e-33ea-42fb-b41c-74ac85b6a068,"{""bcms_sync_history_info_at"": ""2022-10-27T11:38:51.303986+00:00""}",3176.0,,2024-04-02 01:16:50.296317,,,,,,false,UK323773702152,,UK323773505853,XXXXCENTRE,false,,false,,false,
e145607d-f135-4900-a295-61773942a02c,3ee83986-2d56-4f2d-9526-8da1596438a0,false,,2021-02-26,275.8,,{},false,{},false,false,,false,,,XXXX,,,,false,937 000002508492,UK722969605791,2023-03-16 00:00:00,[],3117,3,{},false,9d627590-4073-44b0-9702-49b7498baa0a,2021-09-14 10:11:51.353260,2023-03-20 14:35:37.448243,UK722969304717,UK742194700324,false,2022-09-21 08:55:16.000,2021-07-30,,false,,,,,{},,4145.0,,,4L,O+4L,,,false,UK722969304717,937000002508492,UK722969605791,UK742194700324,false,,false,,false,
c6606413-32f6-48c4-bd0c-e975206ecfa6,fa1b8abc-477e-4a03-9edf-89bc6db35922,false,,2022-03-01,252.8,,,false,{},false,false,,false,,,XXXX,,,,false,,UK323773605763,2024-04-02 00:00:00,[],3117,3,{},false,,2022-09-23 14:25:01.492084,2024-04-16 14:32:31.100041,UK323773402149,XXXX CENTRE,false,2024-04-01 14:22:47.000,2022-09-22,,false,,,,55daad6e-33ea-42fb-b41c-74ac85b6a068,"{""bcms_sync_history_info_at"": ""2022-10-27T11:38:31.829682+00:00""}",3176.0,,2024-04-02 01:16:40.695008,,O3,-O3,,,false,UK323773402149,,UK323773605763,XXXXCENTRE,false,,false,,false,
f068c0bd-12be-4798-b721-3fecbfd6f223,fa1b8abc-477e-4a03-9edf-89bc6db35922,false,,2022-02-16,220.6,,,false,{},false,false,,false,,,XXXX,,,,false,,UK323773705680,2024-04-02 00:00:00,[],3117,3,{},false,,2022-09-23 14:24:58.685666,2024-04-16 14:32:31.379534,UK323773703139,XXXX CENTRE,false,2024-04-01 14:22:47.000,2022-09-22,,false,,,,55daad6e-33ea-42fb-b41c-74ac85b6a068,"{""bcms_sync_history_info_at"": ""2022-10-27T11:37:18.142589+00:00""}",3176.0,,2024-04-02 01:16:34.106128,,O3,-O3,,,false,UK323773703139,,UK323773705680,XXXXCENTRE,false,,false,,false,
65abafdc-a9b7-4f94-83ec-4bb255e44ec1,fa1b8abc-477e-4a03-9edf-89bc6db35922,false,,2022-02-16,259.7,,,false,{},true,true,,false,,,XXXX,,,,false,,UK323773105681,2024-04-02 00:00:00,[],3117,3,{},false,,2022-09-23 14:24:58.760900,2024-04-16 14:32:31.435180,UK323773303583,XXXX CENTRE,false,2024-04-01 14:22:47.000,2022-09-22,,false,,,,55daad6e-33ea-42fb-b41c-74ac85b6a068,"{""bcms_sync_history_info_at"": ""2022-10-27T11:38:43.936896+00:00""}",3176.0,,2024-04-02 01:16:34.327790,,O2,-O2,,,false,UK323773303583,,UK323773105681,XXXXCENTRE,false,,false,,false,
c4ff9044-f451-47a2-9cf5-55e81ed5b1c0,5709975f-a221-4ca4-959e-c967c72a2252,false,,2021-03-02,,,{},false,{},false,false,,false,,,,,,,false,937 000002508510,UK722969305809,,[],3117,3,{},false,d6bfe397-bdbc-4a88-8904-452e0fad25f1,2021-09-14 10:11:37.753290,2022-10-11 08:14:15.420658,UK722969703650,UK742194700324,false,2022-08-23 08:15:45.000,2021-07-30,,false,1112.0,,,847ff71a-d85d-4d74-a793-7498992f2a11,{},3176.0,4145.0,,,,,,,false,UK722969703650,937000002508510,UK722969305809,UK742194700324,false,,false,,false,
63a7435d-e7d5-4083-a58d-583c04c2c3cd,4e81207b-dd6d-45b0-afc9-818b978c5131,false,,2021-05-17,,,,false,,false,true,,false,,,,,79a6f95f-a17d-42db-bd99-9cd0cba4321d,,false,,UK286760501680,,[],3117,3,{},false,,2022-10-27 11:35:32.669600,2023-03-07 08:25:24.493560,UK286760501582,UK303596702930,false,2023-03-06 08:20:40.000,2021-05-17,,false,,,,a88ecf99-075e-40c8-bd32-b69fa4b32978,"{""bcms_sync_history_info_at"": ""2022-10-27T11:36:45.541992+00:00""}",3176.0,,2023-03-08 00:40:34.967217,,,,,,false,UK286760501582,,UK286760501680,UK303596702930,false,,false,,false,
6dd09559-842f-400f-b1de-3e824510afc5,4dd3ca36-6f51-4d43-b8ab-3c8977060df1,false,,2021-03-05,289.1,,{},false,{},false,false,,false,,,XXXX,,,,false,,UK320610711779,2023-03-09 00:00:00,[],3117,3,{},false,2c3f211b-2578-4e2d-8a6f-85f8a0dd9573,2021-09-14 10:27:57.271201,2023-05-31 10:58:53.035511,UK320610704821,PROTEUS,false,2022-09-21 08:55:16.000,2021-07-30,,false,,,,,{},,4145.0,,,R,R4H,,,false,UK320610704821,,UK320610711779,PROTEUS,false,,false,,false,
460a6994-f926-4308-bf0c-b5a6381512f8,5709975f-a221-4ca4-959e-c967c72a2252,false,,2021-03-15,,,{},false,{},false,true,,false,,,,,,,false,,UK210923502907,,[],3117,3,{},false,8e10ce6a-62bb-46bd-a792-85ce3d5a38b3,2021-09-14 10:31:21.383255,2022-10-26 16:26:54.109747,UK210923600472,GA BRIEL MOSSY,false,2022-08-23 08:15:45.000,2021-07-30,,false,1112.0,,,9c6742d4-5408-4bc1-b622-cdfff7a27569,{},3176.0,4145.0,,,,,,,false,UK210923600472,,UK210923502907,GABRIELMOSSY,false,,false,,false,
204c79ea-7f9a-443f-866f-6005b2594f18,3ee83986-2d56-4f2d-9526-8da1596438a0,false,,2021-02-23,293.2,,{},false,{},true,true,,false,,,XXXX,,,,false,937 000002508474,UK722969205773,2023-03-09 00:00:00,[],3117,3,{},false,31bb62a4-6fa9-4a37-ba0e-3300c21271ec,2021-09-14 10:11:37.099419,2023-03-10 17:15:59.648740,UK722969203680,UK742194700324,false,2022-09-21 08:55:16.000,2021-07-30,,false,,,,,{},,4145.0,,,3,O+3,,,false,UK722969203680,937000002508474,UK722969205773,UK742194700324,false,,false,,false,
f7100a7e-adb5-4969-b1d3-c0a7dfd6e2b0,3ee83986-2d56-4f2d-9526-8da1596438a0,false,,2021-02-27,289.1,,{},false,{},true,true,,false,,,XXXX,,,,false,937 000002508493,UK722969705792,2023-03-09 00:00:00,[],3117,3,{},false,8086ed93-ae64-42d3-84f2-0de669a5bbc9,2021-09-14 10:11:47.555440,2023-03-10 17:16:01.252320,UK722969403150,UK742194700324,false,2022-09-21 08:55:16.000,2021-07-30,,false,,,,,{},,3877.0,,,4L,O+4L,,,false,UK722969403150,937000002508493,UK722969705792,UK742194700324,false,,false,,false,
54e8cc83-b361-481e-a243-c7da1171c9f1,3ee83986-2d56-4f2d-9526-8da1596438a0,false,,2021-02-23,282.8,,{},false,{},false,false,,false,,,XXXX,,,,false,937 000002508473,UK722969105772,2023-03-09 00:00:00,[],3117,3,{},false,96773027-68c0-4216-b634-1b571b74c715,2021-09-14 10:11:43.946933,2023-03-10 17:16:02.519274,UK722969403311,UK742194700324,false,2022-09-21 08:55:16.000,2021-07-30,,false,,,,,{},,4145.0,,,4L,O+4L,,,false,UK722969403311,937000002508473,UK722969105772,UK742194700324,false,,false,,false,
10675540-984d-4638-a65f-c875e78dd191,4dd3ca36-6f51-4d43-b8ab-3c8977060df1,false,,2021-03-17,270.9,,{},false,{},false,false,,false,,,XXXX,,,,false,937 000002613476,UK722969305872,2023-03-16 00:00:00,[],3117,3,{},false,1fc9c904-5c5a-4a66-87ce-e95f0c326f51,2021-09-14 10:12:00.586015,2023-03-20 14:35:39.493125,UK722969604139,UK742194700324,false,2022-09-21 08:55:16.000,2021-07-30,,false,,,,,{},,4145.0,,,4L,O+4L,,,false,UK722969604139,937000002613476,UK722969305872,UK742194700324,false,,false,,false,
174e649d-949a-4485-b84b-cc8a82f49104,5709975f-a221-4ca4-959e-c967c72a2252,false,,2021-03-05,,,{},false,{},true,true,,false,,,,,,,false,937 000002613431,UK722969105828,,[],3117,3,{},false,6a81b188-8c3f-4896-9be3-b51f8267b586,2021-09-14 10:11:42.495105,2022-10-26 15:31:50.406424,UK722969204359,UK742194700324,false,2022-08-23 08:15:45.000,2021-07-30,,false,1112.0,,,ddcf29a2-4007-4fc4-96b3-b538224b5091,{},3176.0,4145.0,,,,,,,false,UK722969204359,937000002613431,UK722969105828,UK742194700324,false,,false,,false,
5da9847e-86bb-4739-886e-99a1a2b37a39,4e81207b-dd6d-45b0-afc9-818b978c5131,false,,2021-05-17,,,,false,,false,true,,false,,,,01352e7e-94c0-4a2d-95fc-5e15de2bcc6d,,,false,,UK286760301678,,[],3117,3,{},false,,2022-10-27 11:35:32.344104,2023-06-02 14:21:39.414001,UK286760201530,UK706021602429,false,2023-05-29 13:45:37.000,2021-05-17,,false,,,,a88ecf99-075e-40c8-bd32-b69fa4b32978,"{""bcms_sync_history_info_at"": ""2022-10-27T11:37:59.551727+00:00""}",3176.0,,2023-05-31 01:00:23.849362,,,,,,false,UK286760201530,,UK286760301678,UK706021602429,false,,false,,false,
b8fef6d0-3114-4471-8203-fe0b324cf97b,fa1b8abc-477e-4a03-9edf-89bc6db35922,false,,2022-03-08,270.1,,,false,{},true,true,,false,,,XXXX,,,,false,,UK323773405796,2024-04-02 00:00:00,[],3117,3,{},false,,2022-09-23 14:25:02.617898,2024-04-16 14:32:30.963990,UK323773203680,XXXX CENTRE,false,2024-04-01 14:22:47.000,2022-09-22,,false,,,,55daad6e-33ea-42fb-b41c-74ac85b6a068,"{""bcms_sync_history_info_at"": ""2022-10-27T11:37:36.483962+00:00""}",3176.0,,2024-04-02 01:16:43.109126,,O3,-O3,,,false,UK323773203680,,UK323773405796,XXXXCENTRE,false,,false,,false,
4ffa997c-8b3e-40af-a6d4-e806b0acef59,fa1b8abc-477e-4a03-9edf-89bc6db35922,false,,2022-02-18,239.5,,,false,{},false,false,,false,,,XXXX,,,,false,,UK323773105688,2024-04-02 00:00:00,[],3117,3,{},false,,2022-09-23 14:24:59.063301,2024-04-16 14:32:31.274684,UK323773103637,XXXX CENTRE,false,2024-04-01 14:22:47.000,2022-09-22,,false,,,,55daad6e-33ea-42fb-b41c-74ac85b6a068,"{""bcms_sync_history_info_at"": ""2022-10-27T11:36:58.118674+00:00""}",3176.0,,2024-04-02 01:16:35.034201,,O3,-O3,,,false,UK323773103637,,UK323773105688,XXXXCENTRE,false,,false,,false,
6355ee6d-2b7f-41ef-a572-680669f2c8e8,fa1b8abc-477e-4a03-9edf-89bc6db35922,false,,2022-03-18,251.2,,,false,{},false,false,,false,,,XXXX,,,,false,,UK323773705834,2024-04-02 00:00:00,[],3117,3,{},false,,2022-09-23 14:25:04.378749,2024-04-16 14:32:31.062641,UK323773504033,XXXX CENTRE,false,2024-04-01 14:22:47.000,2022-09-22,,false,,,,55daad6e-33ea-42fb-b41c-74ac85b6a068,"{""bcms_sync_history_info_at"": ""2022-10-27T11:37:25.170060+00:00""}",3176.0,,2024-04-02 01:16:48.201758,,O3,-O3,,,false,UK323773504033,,UK323773705834,XXXXCENTRE,false,,false,,false,
771c01c2-a602-4d4c-a343-f35d6c78ec19,fa1b8abc-477e-4a03-9edf-89bc6db35922,false,,2022-03-17,272.6,,,false,{},false,false,,false,,,XXXX,,,,false,,UK323773405831,2024-04-02 00:00:00,[],3117,3,{},false,,2022-09-23 14:25:04.142722,2024-04-16 14:32:30.696085,UK320616203645,XXXX CENTRE,false,2024-04-01 14:22:47.000,2022-09-22,,false,,,,55daad6e-33ea-42fb-b41c-74ac85b6a068,"{""bcms_sync_history_info_at"": ""2022-10-27T11:38:49.784325+00:00""}",3176.0,,2024-04-02 01:16:47.478645,,O3,-O3,,,false,UK320616203645,,UK323773405831,XXXXCENTRE,false,,false,,false,
66de2643-672c-42f4-aa55-0cb8af9bb980,fa1b8abc-477e-4a03-9edf-89bc6db35922,false,,2022-02-25,259.5,,,false,{},true,true,,false,,,XXXX,,,,false,,UK323773105744,2024-04-02 00:00:00,[],3117,3,{},false,,2022-09-23 14:25:00.858133,2024-04-16 14:32:30.717289,UK323773404739,XXXX CENTRE,false,2024-04-01 14:22:47.000,2022-09-22,,false,,,,55daad6e-33ea-42fb-b41c-74ac85b6a068,"{""bcms_sync_history_info_at"": ""2022-10-27T11:38:25.281995+00:00""}",3176.0,,2024-04-02 01:16:39.330143,,+3,O+3,,,false,UK323773404739,,UK323773105744,XXXXCENTRE,false,,false,,false,
31eac5fd-2662-4c6b-8c19-c5278b07e200,fa1b8abc-477e-4a03-9edf-89bc6db35922,false,,2022-03-24,284.6,,,false,{},true,true,,false,,,XXXX,,,,false,,UK323773505839,2024-04-23 00:00:00,[],3117,3,{},false,,2022-09-23 14:25:04.615383,2024-04-22 15:15:28.133570,UK323773303149,XXXX CENTRE,false,2024-04-22 15:10:25.683,2022-09-22,,false,,,,9c6742d4-5408-4bc1-b622-cdfff7a27569,"{""bcms_sync_history_info_at"": ""2022-10-27T11:38:41.673477+00:00""}",3176.0,,2024-04-23 01:22:25.435892,,O3,-O3,,,false,UK323773303149,,UK323773505839,XXXXCENTRE,false,,false,,false,
848faff4-2437-43e4-b4ff-cd23fc286d2b,fa1b8abc-477e-4a03-9edf-89bc6db35922,false,,2022-03-05,256.2,,,false,{},true,true,,false,,,XXXX,,,,false,,UK323773705785,2024-04-23 00:00:00,[],3117,3,{},false,,2022-09-23 14:25:02.216274,2024-04-22 15:15:28.556887,UK323773404004,XXXX CENTRE,false,2024-04-22 15:10:25.683,2022-09-22,,false,,,,ddcf29a2-4007-4fc4-96b3-b538224b5091,"{""bcms_sync_history_info_at"": ""2022-10-27T11:38:11.691993+00:00""}",3176.0,,2024-04-23 01:22:24.130705,,+2,P+2,,,false,UK323773404004,,UK323773705785,XXXXCENTRE,false,,false,,false,
dd5a21f8-7431-4713-ae6b-7b8bf03d74e0,fa1b8abc-477e-4a03-9edf-89bc6db35922,false,,2022-02-22,269.5,,,false,{},true,true,,false,,,XXXX,,,,false,,UK323773505720,2024-04-23 00:00:00,[],3117,3,{},false,,2022-09-23 14:25:00.333136,2024-04-22 15:15:28.758324,UK323773403178,XXXX CENTRE,false,2024-04-22 15:10:25.683,2022-09-22,,false,,,,ddcf29a2-4007-4fc4-96b3-b538224b5091,"{""bcms_sync_history_info_at"": ""2022-10-27T11:37:07.942804+00:00""}",3176.0,,2024-04-23 01:22:21.007938,,O3,-O3,,,false,UK323773403178,,UK323773505720,XXXXCENTRE,false,,false,,false,
c053432e-39c6-432c-b00a-701ea8574551,fa1b8abc-477e-4a03-9edf-89bc6db35922,false,,2022-03-09,208.4,,,false,{},false,false,,false,,,XXXX,,,,false,,UK323773205801,2024-04-23 00:00:00,[],3117,3,{},false,,2022-09-23 14:25:02.855632,2024-04-22 15:15:28.696146,UK323773302799,XXXX CENTRE,false,2024-04-22 15:10:25.683,2022-09-22,,false,,,,ddcf29a2-4007-4fc4-96b3-b538224b5091,"{""bcms_sync_history_info_at"": ""2022-10-27T11:38:11.124362+00:00""}",3176.0,,2024-04-23 01:22:24.755338,,O3,-O3,,,false,UK323773302799,,UK323773205801,XXXXCENTRE,false,,false,,false,
5827ff23-bbd1-48c7-a099-84122d168ac7,fa1b8abc-477e-4a03-9edf-89bc6db35922,false,,2022-02-16,262.4,,,false,{},true,true,,false,,,XXXX,,,,false,,UK323773505678,2024-04-23 00:00:00,[],3117,3,{},false,,2022-09-23 14:24:58.608077,2024-04-22 15:15:28.213858,UK323773102475,XXXX CENTRE,false,2024-04-22 15:10:25.683,2022-09-22,,false,,,,9c6742d4-5408-4bc1-b622-cdfff7a27569,"{""bcms_sync_history_info_at"": ""2022-10-27T11:38:29.072948+00:00""}",3176.0,,2024-04-23 01:22:17.642874,,O3,-O3,,,false,UK323773102475,,UK323773505678,XXXXCENTRE,false,,false,,false,
1e4c1a5b-fdf3-4a86-a5e6-fb3ed7a43b25,8732c7aa-0c01-4226-adb5-be660ca52d23,false,,2020-05-24,,,,false,,false,false,,false,,,,480862f2-feb0-49b0-9497-5537f0dc2e43,,,false,,UK286760601653,,[],3117,3,{},false,,2022-10-27 11:35:28.896462,2023-03-07 08:25:24.493560,UK286760600988,,false,2023-03-06 08:20:40.000,2020-05-24,,false,,,,a88ecf99-075e-40c8-bd32-b69fa4b32978,"{""bcms_sync_history_info_at"": ""2022-10-27T11:36:27.940383+00:00""}",3176.0,,2023-03-08 00:40:31.275921,,,,,,true,UK286760600988,,UK286760601653,,false,,false,,false,
d61092eb-216c-4c4f-b9c8-85a0fef2b465,8732c7aa-0c01-4226-adb5-be660ca52d23,false,,2011-04-17,,,,false,,false,false,,false,,,,,,,false,,UK286760700919,,[],3117,3,{},false,,2022-10-27 11:35:18.241160,2023-06-02 14:21:39.414001,UK286760200641,UK122086600549,false,2023-05-29 13:45:37.000,2013-03-14,,false,,,,a88ecf99-075e-40c8-bd32-b69fa4b32978,"{""bcms_sync_history_info_at"": ""2022-10-27T11:36:03.478860+00:00""}",3176.0,,2023-05-31 01:00:06.155002,,,,,,true,UK286760200641,,UK286760700919,UK122086600549,false,,false,,false,
a1075b21-93bf-4250-83a2-27a2f1dfc7f7,3ee83986-2d56-4f2d-9526-8da1596438a0,false,,2021-02-28,268.4,,{},false,{},true,true,,false,,,XXXX,,29503546-9e29-4974-aa3c-f321aa51e6da,,false,937 000002508497,UK722969405796,2023-03-16 00:00:00,[],3117,3,{},false,e305005f-5fdb-4170-95b2-cf1a47980673,2021-09-14 10:11:39.955168,2023-03-20 14:35:38.198755,UK722969604671,UK742194400384,false,2022-09-21 08:55:16.000,2021-07-30,,false,,,,,{},,4145.0,,,3,O+3,,,false,UK722969604671,937000002508497,UK722969405796,UK742194400384,false,,false,,false,
60abe2c3-a4a2-45a0-a1ac-6c050a23edc5,fa1b8abc-477e-4a03-9edf-89bc6db35922,false,,2022-03-03,238.2,,,false,{},false,false,,false,,,XXXX,,,,false,,UK323773305774,2024-04-02 00:00:00,[],3117,3,{},false,,2022-09-23 14:25:01.892712,2024-04-16 14:32:30.890031,UK323773104701,XXXX CENTRE,false,2024-04-01 14:22:47.000,2022-09-22,,false,,,,55daad6e-33ea-42fb-b41c-74ac85b6a068,"{""bcms_sync_history_info_at"": ""2022-10-27T11:37:27.879546+00:00""}",3176.0,,2024-04-02 01:16:41.891576,,4L,-O4L,,,false,UK323773104701,,UK323773305774,XXXXCENTRE,false,,false,,false,
e96b5f3d-1e36-4ce6-b1c1-d4a0d88a8fed,fa1b8abc-477e-4a03-9edf-89bc6db35922,false,,2022-03-18,210.2,,,false,{},false,false,,false,,,XXXX,,,,false,,UK323773505832,2024-04-02 00:00:00,[],3117,3,{},false,,2022-09-23 14:25:04.222527,2024-04-16 14:32:30.927538,UK323773402842,XXXX CENTRE,false,2024-04-01 14:22:47.000,2022-09-22,,false,,,,55daad6e-33ea-42fb-b41c-74ac85b6a068,"{""bcms_sync_history_info_at"": ""2022-10-27T11:38:05.047618+00:00""}",3176.0,,2024-04-02 01:16:47.716024,,O2,-O2,,,false,UK323773402842,,UK323773505832,XXXXCENTRE,false,,false,,false,
c8e42b20-ae5c-4776-8eed-8b0bf6db4837,fa1b8abc-477e-4a03-9edf-89bc6db35922,false,,2022-03-17,205.8,,,false,{},false,false,,false,,,XXXX,,,,false,,UK323773205829,2024-04-02 00:00:00,[],3117,3,{},false,,2022-09-23 14:25:04.062629,2024-04-16 14:32:30.759092,UK323773501891,XXXX CENTRE,false,2024-04-01 14:22:47.000,2022-09-22,,false,,,,55daad6e-33ea-42fb-b41c-74ac85b6a068,"{""bcms_sync_history_info_at"": ""2022-10-27T11:37:42.777205+00:00""}",3176.0,,2024-04-02 01:16:47.222520,,4L,-O4L,,,false,UK323773501891,,UK323773205829,XXXXCENTRE,false,,false,,false,
ce4d4f46-2b0a-4a6e-9ab5-679659c5557a,fa1b8abc-477e-4a03-9edf-89bc6db35922,false,,2022-02-14,298.6,,,false,{},true,true,,false,,,XXXX,,,,false,,UK323773205668,2024-04-02 00:00:00,[],3117,3,{},false,,2022-09-23 14:24:58.382770,2024-04-16 14:32:31.336550,UK323773704539,XXXX CENTRE,false,2024-04-01 14:22:47.000,2022-09-22,,false,,,,55daad6e-33ea-42fb-b41c-74ac85b6a068,"{""bcms_sync_history_info_at"": ""2022-10-27T11:37:58.336846+00:00""}",3176.0,,2024-04-02 01:16:33.093090,,4L,-O4L,,,false,UK323773704539,,UK323773205668,XXXXCENTRE,false,,false,,false,
429ecd7c-7c76-4a7e-8ea2-a84b6db136b4,fa1b8abc-477e-4a03-9edf-89bc6db35922,false,,2022-02-17,245.6,,,false,{},false,false,,false,,,XXXX,,,,false,,UK323773505685,2024-04-02 00:00:00,[],3117,3,{},false,,2022-09-23 14:24:58.987883,2024-04-16 14:32:31.398506,UK323773203554,XXXX CENTRE,false,2024-04-01 14:22:47.000,2022-09-22,,false,,,,55daad6e-33ea-42fb-b41c-74ac85b6a068,"{""bcms_sync_history_info_at"": ""2022-10-27T11:38:36.559749+00:00""}",3176.0,,2024-04-02 01:16:34.823451,,4L,-O4L,,,false,UK323773203554,,UK323773505685,XXXXCENTRE,false,,false,,false,
22a008b4-b9bd-45de-a1e6-3c3f9d0d67a1,fa1b8abc-477e-4a03-9edf-89bc6db35922,false,,2022-04-03,247.6,,,false,{},false,false,,false,,,XXXX,,,,false,,UK323773105695,2024-02-13 00:00:00,[],3117,3,{},false,,2022-09-23 14:24:59.291557,2024-02-19 15:37:27.587380,UK323773604503,,false,2024-02-12 14:45:32.000,2022-09-22,,false,,,,9c6742d4-5408-4bc1-b622-cdfff7a27569,"{""bcms_sync_history_info_at"": ""2022-10-27T11:37:51.946953+00:00""}",3176.0,,2024-02-14 00:47:41.484364,,4L,-O4L,,,false,UK323773604503,,UK323773105695,,false,,false,,false,
ecb4d09b-7f83-4b96-9596-74e087374223,fa1b8abc-477e-4a03-9edf-89bc6db35922,false,,2022-03-15,249.5,,,false,{},false,false,,false,,,XXXX,,,,false,,UK323773305823,2024-02-13 00:00:00,[],3117,3,{},false,,2022-09-23 14:25:03.743771,2024-02-19 15:37:27.637473,UK323773303590,XXXX CENTRE,false,2024-02-12 14:45:32.000,2022-09-22,,false,,,,9c6742d4-5408-4bc1-b622-cdfff7a27569,"{""bcms_sync_history_info_at"": ""2022-10-27T11:38:30.653176+00:00""}",3176.0,,2024-02-14 00:47:49.286412,,4L,-O4L,,,false,UK323773303590,,UK323773305823,XXXXCENTRE,false,,false,,false,
7cc80a5c-c9cd-4f94-9c03-206e273ba25e,4dd3ca36-6f51-4d43-b8ab-3c8977060df1,false,,2021-03-04,275.8,,{},false,{},false,false,,false,,,XXXX,,88cdae7a-15ed-4a89-8d59-b444b8689746,,false,937 000002613424,UK722969105821,2023-03-16 00:00:00,[],3117,3,{},false,1c29d7e2-d490-4d1d-a564-9e557b1ed053,2021-09-14 10:11:31.756400,2023-03-20 14:35:37.640700,UK722969104701,UK742194500364,false,2022-09-21 08:55:16.000,2021-07-30,,false,,,,,{},,4145.0,,,4L,O+4L,,,false,UK722969104701,937000002613424,UK722969105821,UK742194500364,false,,false,,false,
26781a67-e991-479c-948a-3ac8ed7c0c70,5709975f-a221-4ca4-959e-c967c72a2252,false,,2021-03-15,,,{},false,{},false,false,,false,,,,,,,false,,UK210923502886,,[],3117,3,{},false,7ea38607-c66e-46b4-a7eb-1b5e96e3f4b6,2021-09-14 10:31:21.171701,2022-10-26 16:15:11.571007,UK207658502705,GA BRIEL MOSSY,false,2022-08-23 08:15:45.000,2021-07-30,,false,1112.0,,,ddcf29a2-4007-4fc4-96b3-b538224b5091,{},3176.0,4145.0,,,,,,,false,UK207658502705,,UK210923502886,GABRIELMOSSY,false,,false,,false,
6b16b4b8-9133-456c-a68c-358245e273e3,4dd3ca36-6f51-4d43-b8ab-3c8977060df1,false,,2021-02-27,,,{},false,{},true,true,,false,,,,,,,false,937 000002508496,UK722969305795,,[],3117,3,{},false,,2021-09-14 10:11:56.750021,2022-10-11 08:14:15.255915,UK722969304360,UK742194700324,false,2022-02-09 13:20:05.868,2021-07-30,,false,,,,,{},,4145.0,,,,,,,false,UK722969304360,937000002508496,UK722969305795,UK742194700324,false,,false,,false,
271c4d38-15d9-48ac-9d7c-f50f342d820e,4dd3ca36-6f51-4d43-b8ab-3c8977060df1,false,,2021-03-03,,,{},false,{},false,false,,false,,,XXXX,,,,false,937 000002508514,UK722969705813,,[],3117,3,{},false,c564dad9-03d2-41e7-9b12-a64950d8a313,2021-09-14 10:11:45.818389,2022-10-11 08:14:19.674869,UK722969503459,UK742194700324,false,2022-09-21 08:55:16.000,2021-07-30,,false,,,,,{},,4145.0,,,,,,,false,UK722969503459,937000002508514,UK722969705813,UK742194700324,false,,false,,false,
36464cde-376e-4905-8e6e-2b9f5b50f6ac,5709975f-a221-4ca4-959e-c967c72a2252,false,,2021-03-05,,,{},false,{},false,false,,false,,,,,,,false,937 000002613432,UK722969205829,,[],3117,3,{},false,4b0d4d2d-bead-4c5c-a60a-fd39f9e2aed2,2021-09-14 10:11:53.133077,2022-10-26 15:40:14.697320,UK341064202058,UK742194700324,false,2022-08-23 08:15:45.000,2021-07-30,,false,1112.0,,,ddcf29a2-4007-4fc4-96b3-b538224b5091,{},3176.0,4145.0,,,,,,,false,UK341064202058,937000002613432,UK722969205829,UK742194700324,false,,false,,false,
817c7a05-6fb8-47a5-8d32-7fde6d4b4cb1,4dd3ca36-6f51-4d43-b8ab-3c8977060df1,false,,2021-02-16,,,{},false,{},false,false,,false,,,XXXX,,,,false,937 000002508454,UK722969305753,,[],3117,3,{},false,ff2dc3e1-2cee-4b4c-9345-e115773cc8a7,2021-09-14 10:11:29.049527,2022-10-11 08:14:14.769708,UK341064302087,UK742194700324,false,2022-09-21 08:55:16.000,2021-07-30,,false,,,,,{},,4145.0,,,,,,,false,UK341064302087,937000002508454,UK722969305753,UK742194700324,false,,false,,false,
fe232bf8-1697-4993-9c1f-daab57c10edf,5709975f-a221-4ca4-959e-c967c72a2252,false,,2021-03-05,,,{},false,{},true,true,,false,,,,,,,false,937 000002613430,UK722969705827,,[],3117,3,{},false,a1104ea2-0775-4653-b523-abc2aac323f7,2021-09-14 10:11:52.787600,2022-10-11 08:14:19.843363,UK722969703846,UK742194700324,false,2022-08-23 08:15:45.000,2021-07-30,,false,1112.0,,,847ff71a-d85d-4d74-a793-7498992f2a11,{},3176.0,4145.0,,,,,,,false,UK722969703846,937000002613430,UK722969705827,UK742194700324,false,,false,,false,
a01e39b7-d3a3-4294-adcd-97d4bc050383,8732c7aa-0c01-4226-adb5-be660ca52d23,false,,2020-04-08,,,,false,,false,false,,false,,,,e1754e28-0e68-4d56-870e-727df663e608,,,false,,UK286760601618,,[],3117,3,{},false,,2022-10-27 11:35:26.768815,2023-04-11 11:06:28.507829,UK286760301083,UK706021602429,false,2023-04-06 10:55:26.000,2020-04-08,,false,,,,a88ecf99-075e-40c8-bd32-b69fa4b32978,"{""bcms_sync_history_info_at"": ""2022-10-27T11:36:09.772124+00:00""}",3176.0,,2023-04-12 00:54:39.638947,,,,,,true,UK286760301083,,UK286760601618,UK706021602429,false,,false,,false,
a821368e-b667-4708-868f-e5d1d372d8e3,8732c7aa-0c01-4226-adb5-be660ca52d23,false,,2019-05-03,,,,false,,false,false,,false,,,,,75b34d7f-fed4-422e-980d-64ebe455f23f,,false,,UK286760701577,,[],3117,3,{},false,,2022-10-27 11:35:25.199590,2023-04-11 11:06:28.507829,UK286760500987,UK311688400085,false,2023-04-06 10:55:26.000,2019-05-03,,false,,,,a88ecf99-075e-40c8-bd32-b69fa4b32978,"{""bcms_sync_history_info_at"": ""2022-10-27T11:36:03.956077+00:00""}",3176.0,,2023-04-12 00:54:38.720390,,,,,,true,UK286760500987,,UK286760701577,UK311688400085,false,,false,,false,
a735fec1-1d34-456a-b46a-db3893f104db,fa1b8abc-477e-4a03-9edf-89bc6db35922,false,,2022-02-17,,,,false,{},true,true,,false,,,XXXX,,,,false,,UK323773305683,,[],3117,3,{},false,,2022-09-23 14:24:58.836034,2023-11-17 09:46:20.933965,UK323773503543,,false,2023-04-06 10:55:26.000,2022-09-22,,false,,,,a6c8945f-0d32-478d-b447-5fd0c38192d7,"{""bcms_sync_history_info_at"": ""2022-10-27T11:38:50.533214+00:00""}",3176.0,,2023-04-12 00:54:54.812488,,,,,,false,,,UK323773305683,,false,,false,,false,
af928aaa-59f6-4056-ab3b-f9dcd1ac3aa4,fa1b8abc-477e-4a03-9edf-89bc6db35922,false,,2022-03-08,248.0,,{},false,{},false,false,,false,,,XXXX,,,,false,,UK323773305795,2024-02-13 00:00:00,[],3117,3,{},false,,2022-09-23 14:25:05.329612,2024-02-19 15:37:27.552175,UK323773203561,XXXX CENTRE,false,2024-02-12 14:45:32.000,2022-09-22,,false,,,,ddcf29a2-4007-4fc4-96b3-b538224b5091,"{""bcms_sync_history_info_at"": ""2022-10-27T11:38:15.217361+00:00""}",3176.0,,2024-02-14 00:47:47.673037,,4L,O+4L,,,false,UK323773203561,,UK323773305795,XXXXCENTRE,false,,false,,false,
5a9c9653-08d2-47df-b6b0-475855d5267a,fa1b8abc-477e-4a03-9edf-89bc6db35922,false,,2022-03-02,278.3,,,false,{},true,true,,false,,,XXXX,,,,false,,UK323773305767,2024-04-23 00:00:00,[],3117,3,{},false,,2022-09-23 14:25:01.651365,2024-04-22 15:15:28.495586,UK323773203533,XXXX CENTRE,false,2024-04-22 15:10:25.683,2022-09-22,,false,,,,ddcf29a2-4007-4fc4-96b3-b538224b5091,"{""bcms_sync_history_info_at"": ""2022-10-27T11:38:27.307589+00:00""}",3176.0,,2024-04-23 01:22:23.875791,,O3,-O3,,,false,UK323773203533,,UK323773305767,XXXXCENTRE,false,,false,,false,
c26a3485-77a8-4cc6-a174-9888a89537e1,fa1b8abc-477e-4a03-9edf-89bc6db35922,false,,2022-03-01,271.7,,,false,{},true,true,,false,,,XXXX,,,,false,,UK323773705764,2024-04-23 00:00:00,[],3117,3,{},false,,2022-09-23 14:25:01.571416,2024-04-22 15:15:28.712097,UK323773503627,XXXX CENTRE,false,2024-04-22 15:10:25.683,2022-09-22,,false,,,,ddcf29a2-4007-4fc4-96b3-b538224b5091,"{""bcms_sync_history_info_at"": ""2022-10-27T11:38:46.106600+00:00""}",3176.0,,2024-04-23 01:22:23.667880,,O3,-O3,,,false,UK323773503627,,UK323773705764,XXXXCENTRE,false,,false,,false,
8b9c0475-b9bc-4ba3-9502-ccd88983b7eb,fa1b8abc-477e-4a03-9edf-89bc6db35922,false,,2022-02-23,266.0,,,false,{},true,true,,false,,,XXXX,,,,false,,UK323773605728,2024-04-23 00:00:00,[],3117,3,{},false,,2022-09-23 14:25:00.633302,2024-04-22 15:15:28.588897,UK323773504019,XXXX CENTRE,false,2024-04-22 15:10:25.683,2022-09-22,,false,,,,ddcf29a2-4007-4fc4-96b3-b538224b5091,"{""bcms_sync_history_info_at"": ""2022-10-27T11:38:52.388151+00:00""}",3176.0,,2024-04-23 01:22:22.128790,,O3,-O3,,,false,UK323773504019,,UK323773605728,XXXXCENTRE,false,,false,,false,
6f4331c8-c8f0-4235-a5e9-f26b2b3cf2a5,fa1b8abc-477e-4a03-9edf-89bc6db35922,false,,2022-02-16,272.8,,,false,{},true,true,,false,,,XXXX,,,,false,,UK323773405677,2024-04-23 00:00:00,[],3117,3,{},false,,2022-09-23 14:24:58.531586,2024-04-22 15:15:28.525619,UK323773703755,XXXX CENTRE,false,2024-04-22 15:10:25.683,2022-09-22,,false,,,,ddcf29a2-4007-4fc4-96b3-b538224b5091,"{""bcms_sync_history_info_at"": ""2022-10-27T11:38:49.633973+00:00""}",3176.0,,2024-04-23 01:22:17.036406,,O2,-O2,,,false,UK323773703755,,UK323773405677,XXXXCENTRE,false,,false,,false,
1f6db47c-a9cc-438e-9890-c708e62d8f34,8732c7aa-0c01-4226-adb5-be660ca52d23,false,,2014-05-01,,,,false,,false,false,,false,,,,,,,false,,UK286760301174,,[],3117,3,{},false,,2022-10-27 11:35:19.711702,2023-09-19 16:00:44.765738,UK286760200529,UK286760400734,true,,2014-05-01,,true,,,,a88ecf99-075e-40c8-bd32-b69fa4b32978,"{""bcms_sync_history_info_at"": ""2022-10-27T11:35:59.541835+00:00""}",3176.0,,2024-05-01 00:46:43.186898,,,,,,true,UK286760200529,,UK286760301174,UK286760400734,false,,false,,false,
6c98aa3b-9ec8-41b1-9225-a394db5bb730,8732c7aa-0c01-4226-adb5-be660ca52d23,false,,2014-05-02,,,,false,,false,false,,false,,,,,,,false,,UK286760701178,,[],3117,3,{},false,,2022-10-27 11:35:19.871356,2023-09-19 16:00:44.765738,UK286760400524,UK286760400734,true,,2014-05-02,,true,,,,a88ecf99-075e-40c8-bd32-b69fa4b32978,"{""bcms_sync_history_info_at"": ""2022-10-27T11:36:12.816280+00:00""}",3176.0,,2024-05-01 00:46:43.392279,,,,,,true,UK286760400524,,UK286760701178,UK286760400734,false,,false,,false,
f3577960-7921-4e1d-9ff1-35d915217dce,8732c7aa-0c01-4226-adb5-be660ca52d23,false,,2016-05-06,,,,false,,false,false,,false,,,,,,,false,,UK286760601352,,[],3117,3,{},false,,2022-10-27 11:35:21.654148,2023-09-19 16:00:44.765738,UK286760300285,UK311688500023,true,,2016-05-06,,true,,,,a88ecf99-075e-40c8-bd32-b69fa4b32978,"{""bcms_sync_history_info_at"": ""2022-10-27T11:36:10.563161+00:00""}",3176.0,,2024-05-01 00:46:46.720462,,,,,,true,UK286760300285,,UK286760601352,UK311688500023,false,,false,,false,
2f4704f7-0ab5-4e83-8ef4-321cbc511edd,8732c7aa-0c01-4226-adb5-be660ca52d23,false,,2016-06-05,,,,false,,false,false,,false,,,,,,,false,,UK286760401378,,[],3117,3,{},false,,2022-10-27 11:35:21.950134,2023-09-19 16:00:44.765738,UK286760200270,UK286760400734,true,,2016-06-05,,true,,,,a88ecf99-075e-40c8-bd32-b69fa4b32978,"{""bcms_sync_history_info_at"": ""2022-10-27T11:36:10.648091+00:00""}",3176.0,,2024-05-01 00:46:47.502434,,,,,,true,UK286760200270,,UK286760401378,UK286760400734,false,,false,,false,
a2cf5259-32ec-45fa-83e4-e2225fed4074,8732c7aa-0c01-4226-adb5-be660ca52d23,false,,2021-06-12,,,,false,,false,false,,false,,,,,,,false,,UK286760501722,,[],3117,3,{},false,,2022-10-27 11:35:38.169086,2023-09-19 16:00:44.765738,UK286760701472,UK706021602429,true,,2021-06-12,,true,,,,a88ecf99-075e-40c8-bd32-b69fa4b32978,"{""bcms_sync_history_info_at"": ""2022-10-27T11:37:09.081188+00:00""}",3176.0,,2024-05-01 00:47:10.904181,,,,,,true,UK286760701472,,UK286760501722,UK706021602429,false,,false,,false,
bb96e002-c392-47f2-b85d-6d1d818b2b6b,8732c7aa-0c01-4226-adb5-be660ca52d23,false,,2021-05-25,,,,false,,false,false,,false,,,,,,,false,,UK286760201698,,[],3117,3,{},false,,2022-10-27 11:35:35.039849,2023-09-19 16:00:44.765738,UK286760501470,UK706021602429,true,,2021-05-25,,true,,,,a88ecf99-075e-40c8-bd32-b69fa4b32978,"{""bcms_sync_history_info_at"": ""2022-10-27T11:37:05.060833+00:00""}",3176.0,,2024-05-01 00:47:08.236168,,,,,,true,UK286760501470,,UK286760201698,UK706021602429,false,,false,,false,
291cfc74-2a98-4bc8-be88-92126d20968e,8732c7aa-0c01-4226-adb5-be660ca52d23,false,,2020-04-09,,,,false,,false,false,,false,,,,,75b34d7f-fed4-422e-980d-64ebe455f23f,,false,,UK286760401630,,[],3117,3,{},false,,2022-10-27 11:35:27.534694,2023-09-19 16:00:44.765738,UK286760700947,UK311688400085,true,,2020-04-09,,true,,,,a88ecf99-075e-40c8-bd32-b69fa4b32978,"{""bcms_sync_history_info_at"": ""2022-10-27T11:36:21.870628+00:00""}",3176.0,,2024-05-01 00:46:57.382896,,,,,,true,UK286760700947,,UK286760401630,UK311688400085,false,,false,,false,
c5363393-d5e9-4872-a524-8ccced4cb9f0,8732c7aa-0c01-4226-adb5-be660ca52d23,false,,2018-05-07,,,,false,,false,false,,false,,,,3d16d7df-2b91-4f74-9f77-9a334aea52ae,,,false,,UK286760701500,,[],3117,3,{},false,,2022-10-27 11:35:23.641485,2023-09-19 16:00:44.765738,UK286760401161,UK170032100242,true,,2018-05-07,,true,,,,a88ecf99-075e-40c8-bd32-b69fa4b32978,"{""bcms_sync_history_info_at"": ""2022-10-27T11:36:21.868499+00:00""}",3176.0,,2024-05-01 00:46:51.610940,,,,,,true,UK286760401161,,UK286760701500,UK170032100242,false,,false,,false,
892169c8-5a97-4163-9496-da638ed93486,8732c7aa-0c01-4226-adb5-be660ca52d23,false,,2020-04-23,,,,false,,false,false,,false,,,,996a3ccd-02bb-4217-867d-2e01f8beb862,,,false,,UK286760301636,,[],3117,3,{},false,,2022-10-27 11:35:27.987318,2023-09-19 16:00:44.765738,UK286760701479,UK706021602429,true,,2020-04-23,,true,,,,a88ecf99-075e-40c8-bd32-b69fa4b32978,"{""bcms_sync_history_info_at"": ""2022-10-27T11:37:26.151189+00:00""}",3176.0,,2024-05-01 00:46:58.402992,,,,,,true,UK286760701479,,UK286760301636,UK706021602429,false,,false,,false,
cd67bab6-f739-4268-a885-d2e6e0685498,8732c7aa-0c01-4226-adb5-be660ca52d23,false,,2020-04-26,,,,false,,false,false,,false,,,,fffd1f96-ac35-48d5-8fba-2abf682c23a2,,,false,,UK286760501631,,[],3117,3,{},false,,2022-10-27 11:35:27.685591,2023-09-19 16:00:44.765738,UK286760101473,UK706021602429,true,,2020-04-26,,true,,,,a88ecf99-075e-40c8-bd32-b69fa4b32978,"{""bcms_sync_history_info_at"": ""2022-10-27T11:36:12.792949+00:00""}",3176.0,,2024-05-01 00:46:57.699772,,,,,,true,UK286760101473,,UK286760501631,UK706021602429,false,,false,,false,
fa0b5f4f-42aa-486e-9edc-296fe52ae400,8732c7aa-0c01-4226-adb5-be660ca52d23,false,,2020-05-03,,,,false,,false,false,,false,,,,4402eb23-151c-4f5c-8387-ea05dc52a1f5,,,false,,UK286760501645,,[],3117,3,{},false,,2022-10-27 11:35:28.443115,2023-09-19 16:00:44.765738,UK286760301496,UK706021602429,true,,2020-05-03,,true,,,,a88ecf99-075e-40c8-bd32-b69fa4b32978,"{""bcms_sync_history_info_at"": ""2022-10-27T11:36:15.825115+00:00""}",3176.0,,2024-05-01 00:46:59.099261,,,,,,true,UK286760301496,,UK286760501645,UK706021602429,false,,false,,false,
70c47b6e-be9e-4621-8043-39f473c80abf,8732c7aa-0c01-4226-adb5-be660ca52d23,false,,2021-06-20,,,,false,,false,false,,false,,,,8f780568-89e4-445b-a650-d63a53796cb1,,,false,,UK286760201726,,[],3117,3,{},false,,2022-10-27 11:35:38.478476,2023-09-19 16:00:44.765738,UK286760301503,UK706021602429,true,,2021-06-20,,true,,,,a88ecf99-075e-40c8-bd32-b69fa4b32978,"{""bcms_sync_history_info_at"": ""2022-10-27T11:37:05.631775+00:00""}",3176.0,,2024-05-01 00:47:11.394959,,,,,,true,UK286760301503,,UK286760201726,UK706021602429,false,,false,,false,
8d717b40-9f9d-463e-b7e3-e7c788fac928,6d2f8d45-38a1-4321-bc1d-3f7d34b14cb3,false,,2022-05-05,,,,false,,false,true,,false,,,,e16ffb1b-58ea-448d-bdd5-b6031b803ad2,79a6f95f-a17d-42db-bd99-9cd0cba4321d,,false,,UK286760201733,,[],3117,3,{},false,,2022-10-27 11:35:39.566576,2024-01-10 14:34:27.162024,UK286760501218,UK303596702930,true,,2022-05-05,,true,,,,a88ecf99-075e-40c8-bd32-b69fa4b32978,"{""bcms_sync_history_info_at"": ""2022-10-27T11:37:09.816096+00:00""}",3176.0,,2024-05-01 00:47:13.606890,,,,,,false,UK286760501218,,UK286760201733,UK303596702930,false,,false,,false,
3d5cb070-206a-48f1-838f-3b63ebf079fc,6d2f8d45-38a1-4321-bc1d-3f7d34b14cb3,false,,2022-05-22,,,,false,,false,false,,false,,,,1c0ac02e-1e62-4e52-a9d9-bbc379971ee1,79a6f95f-a17d-42db-bd99-9cd0cba4321d,,false,,UK286760301769,,[],3117,3,{},false,,2022-10-27 11:35:45.248991,2023-11-20 14:27:29.948950,UK286760701535,UK303596702930,true,,2022-05-22,,true,,,,a88ecf99-075e-40c8-bd32-b69fa4b32978,"{""bcms_sync_history_info_at"": ""2022-10-27T11:38:20.715874+00:00""}",3176.0,,2024-05-01 00:47:27.102791,,,,,,false,UK286760701535,,UK286760301769,UK303596702930,false,,false,,false,
085f217b-2836-48e3-9de3-bfa5d11ec220,6d2f8d45-38a1-4321-bc1d-3f7d34b14cb3,false,,2022-05-29,,,,false,,false,false,,false,,,,b70f6e5c-a0a7-4b0b-9bed-ee37f5853c38,79a6f95f-a17d-42db-bd99-9cd0cba4321d,,false,,UK286760201782,,[],3117,3,{},false,,2022-10-27 11:35:47.310699,2023-11-20 14:25:48.915184,UK286760701598,UK303596702930,true,,2022-05-29,,true,,,,a88ecf99-075e-40c8-bd32-b69fa4b32978,"{""bcms_sync_history_info_at"": ""2022-10-27T11:37:14.437021+00:00""}",3176.0,,2024-05-01 00:47:32.418338,,,,,,false,UK286760701598,,UK286760201782,UK303596702930,false,,false,,false,
839129a2-d71f-4d4b-a945-5990579a7ed9,6d2f8d45-38a1-4321-bc1d-3f7d34b14cb3,false,,2022-05-13,,,,false,,false,false,,false,,,,a790842e-a8bd-40fe-bc72-e2fa02507c7b,79a6f95f-a17d-42db-bd99-9cd0cba4321d,,false,,UK286760101746,,[],3117,3,{},false,,2022-10-27 11:35:41.654213,2023-11-20 14:26:42.549035,UK286760701157,UK303596702930,true,,2022-05-13,,true,,,,a88ecf99-075e-40c8-bd32-b69fa4b32978,"{""bcms_sync_history_info_at"": ""2022-10-27T11:38:05.472228+00:00""}",3176.0,,2024-05-01 00:47:17.887284,,,,,,false,UK286760701157,,UK286760101746,UK303596702930,false,,false,,false,
9802cabc-4f24-4452-9029-d5bc8f5ee7f7,6d2f8d45-38a1-4321-bc1d-3f7d34b14cb3,false,,2022-05-13,,,,false,,false,true,,false,,,,7f423ba4-3f38-40c6-af18-4a6fc2258ec2,79a6f95f-a17d-42db-bd99-9cd0cba4321d,,false,,UK286760701745,,[],3117,3,{},false,,2022-10-27 11:35:41.489748,2024-01-10 14:35:42.430769,UK286760301237,UK303596702930,true,,2022-05-13,,true,,,,a88ecf99-075e-40c8-bd32-b69fa4b32978,"{""bcms_sync_history_info_at"": ""2022-10-27T11:37:39.368391+00:00""}",3176.0,,2024-05-01 00:47:17.487329,,,,,,false,UK286760301237,,UK286760701745,UK303596702930,false,,false,,false,
673445b1-ea79-4273-ae66-04118847238c,6d2f8d45-38a1-4321-bc1d-3f7d34b14cb3,false,,2022-06-19,,,,false,,false,false,,false,,,,3d1b3af7-c6d8-4c75-8c67-24d5915c7e52,79a6f95f-a17d-42db-bd99-9cd0cba4321d,,false,,UK286760201796,,[],3117,3,{},false,,2022-10-27 11:35:49.344201,2023-11-20 14:27:56.727282,UK286760501498,UK303596702930,true,,2022-06-19,,true,,,,a88ecf99-075e-40c8-bd32-b69fa4b32978,"{""bcms_sync_history_info_at"": ""2022-10-27T11:38:01.585970+00:00""}",3176.0,,2024-05-01 00:47:36.399433,,,,,,false,UK286760501498,,UK286760201796,UK303596702930,false,,false,,false,
c1487d4c-d260-4505-94c5-612aa52b3b88,6d2f8d45-38a1-4321-bc1d-3f7d34b14cb3,false,,2022-05-22,,,,false,,false,true,,false,,,,4d644097-211d-4078-9e08-8d6ff60dc5fd,75b34d7f-fed4-422e-980d-64ebe455f23f,,false,,UK286760101767,,[],3117,3,{},false,,2022-10-27 11:35:44.938219,2024-01-10 14:35:33.540426,UK286760101165,UK311688400085,true,,2022-05-22,,true,,,,a88ecf99-075e-40c8-bd32-b69fa4b32978,"{""bcms_sync_history_info_at"": ""2022-10-27T11:36:45.633972+00:00""}",3176.0,,2024-05-01 00:47:26.214737,,,,,,false,UK286760101165,,UK286760101767,UK311688400085,false,,false,,false,
fbbd1618-0b9a-4fc1-9934-4a6a993b2794,b68ab45f-c243-4e2e-b3f4-47b7f367d7f4,false,,2023-05-14,,,,false,,false,false,,false,,,,eecdebfc-1721-4d03-8a68-a0c5f7e16a6f,27093282-0d47-4aaf-a8de-f15cf5a9c6c1,,false,,UK286760201803,,[],3117,3,{},false,,2023-05-18 00:59:31.074549,2024-03-18 13:04:20.352226,UK286760701661,UK307558500093,true,,2023-05-14,,true,,,,a88ecf99-075e-40c8-bd32-b69fa4b32978,"{""bcms_sync_history_info_at"": ""2023-05-18T01:59:25.406605+00:00""}",3176.0,,2024-05-01 00:47:38.910975,,,,,,false,UK286760701661,,UK286760201803,UK307558500093,false,,false,,false,
370783c9-c93e-4b72-bfc1-f0d1bbd945eb,b68ab45f-c243-4e2e-b3f4-47b7f367d7f4,false,,2023-05-24,,,,false,,false,false,,false,,,,ff4ffcc3-f1b8-45d2-9135-b816b2d4f033,27093282-0d47-4aaf-a8de-f15cf5a9c6c1,,false,,UK286760701829,,[],3117,3,{},false,,2023-05-28 00:39:48.705334,2024-03-18 13:01:18.651505,UK286760601723,UK307558500093,true,,2023-05-24,,true,,,,a88ecf99-075e-40c8-bd32-b69fa4b32978,"{""bcms_sync_history_info_at"": ""2023-05-28T02:28:41.634306+00:00""}",3176.0,,2024-05-01 00:47:50.810930,,,,,,false,UK286760601723,,UK286760701829,UK307558500093,false,,false,,false,
08f077b9-991b-4339-988e-0bb241b91dcc,b68ab45f-c243-4e2e-b3f4-47b7f367d7f4,false,,2023-05-19,,,,false,,false,true,,false,,,,b30ecc30-110f-4d65-893e-343ef12b8fe0,27093282-0d47-4aaf-a8de-f15cf5a9c6c1,,false,,UK286760101816,,[],3117,3,{},false,,2023-05-27 01:04:59.665883,2024-03-18 12:59:59.177482,UK286760401686,UK307558500093,true,,2023-05-19,,true,,,,a88ecf99-075e-40c8-bd32-b69fa4b32978,"{""bcms_sync_history_info_at"": ""2023-05-27T02:19:45.908058+00:00""}",3176.0,,2024-05-01 00:47:44.718329,,,,,,false,UK286760401686,,UK286760101816,UK307558500093,false,,false,,false,
17a23da6-9c93-46c8-837a-0a231e88f7cb,b68ab45f-c243-4e2e-b3f4-47b7f367d7f4,false,,2023-06-12,,,,false,,false,true,,false,,,,8d33ddcf-e011-4c86-87fb-b6e45db15bc6,27093282-0d47-4aaf-a8de-f15cf5a9c6c1,,false,,UK286760701857,,[],3117,3,{},false,,2023-06-16 00:55:43.247415,2024-03-18 13:04:38.848789,UK286760701675,UK307558500093,true,,2023-06-12,,true,,,,a88ecf99-075e-40c8-bd32-b69fa4b32978,"{""bcms_sync_history_info_at"": ""2023-06-16T02:01:50.143869+00:00""}",3176.0,,2024-05-01 00:48:00.534920,,,,,,false,UK286760701675,,UK286760701857,UK307558500093,false,,false,,false,
19f25aed-8bd0-4a94-bd0b-e41319cad84b,b68ab45f-c243-4e2e-b3f4-47b7f367d7f4,false,,2023-06-04,,,,false,,false,true,,false,,,,feec92fa-5e92-44a3-9d39-3724f87f1fa3,9d8ce68c-5459-4967-aac8-a0ff04a29c2b,,false,,UK286760101851,,[],3117,3,{},false,,2023-06-15 01:01:17.969987,2024-03-18 13:02:46.021140,UK286760401637,UK286872501057,true,,2023-06-04,,true,,,,a88ecf99-075e-40c8-bd32-b69fa4b32978,"{""bcms_sync_history_info_at"": ""2023-06-15T02:06:47.332678+00:00""}",3176.0,,2024-05-01 00:47:58.494530,,,,,,false,UK286760401637,,UK286760101851,UK286872501057,false,,false,,false,
35c2f8fb-292e-4ace-9d0d-4c391bfa6b25,b68ab45f-c243-4e2e-b3f4-47b7f367d7f4,false,,2023-06-11,,,,false,,false,false,,false,,,,6e4902df-479d-4ff3-9275-17372a9bc576,9d8ce68c-5459-4967-aac8-a0ff04a29c2b,,false,,UK286760401854,,[],3117,3,{},false,,2023-06-14 01:08:12.447313,2024-03-18 13:02:55.850841,UK286760101480,UK286872501057,true,,2023-06-11,,true,,,,a88ecf99-075e-40c8-bd32-b69fa4b32978,"{""bcms_sync_history_info_at"": ""2023-06-14T02:24:58.497697+00:00""}",3176.0,,2024-05-01 00:47:59.315201,,,,,,false,UK286760101480,,UK286760401854,UK286872501057,false,,false,,false,
17be3f37-fa88-4c4b-b0c9-ad04eb45a7a3,b68ab45f-c243-4e2e-b3f4-47b7f367d7f4,false,,2023-06-21,,,,false,,false,true,,false,,,,1f6db47c-a9cc-438e-9890-c708e62d8f34,75b34d7f-fed4-422e-980d-64ebe455f23f,,false,,UK286760701864,,[],3117,3,{},false,,2023-06-24 01:01:44.492627,2024-03-18 13:01:46.056349,UK286760301174,UK311688400085,true,,2023-06-21,,true,,,,a88ecf99-075e-40c8-bd32-b69fa4b32978,"{""bcms_sync_history_info_at"": ""2023-06-24T02:13:16.498299+00:00""}",3176.0,,2024-05-01 00:48:04.198895,,,,,,false,UK286760301174,,UK286760701864,UK311688400085,false,,false,,false,
f04662e9-4eb2-4f26-9045-8f6a4e9be19e,b68ab45f-c243-4e2e-b3f4-47b7f367d7f4,false,,2023-06-13,,,,false,,false,false,,false,,,,6c98aa3b-9ec8-41b1-9225-a394db5bb730,75b34d7f-fed4-422e-980d-64ebe455f23f,,false,,UK286760201859,,[],3117,3,{},false,,2023-06-18 00:42:30.653986,2024-03-18 13:03:12.189799,UK286760701178,UK311688400085,true,,2023-06-13,,true,,,,a88ecf99-075e-40c8-bd32-b69fa4b32978,"{""bcms_sync_history_info_at"": ""2023-06-18T02:10:05.023387+00:00""}",3176.0,,2024-05-01 00:48:01.492519,,,,,,false,UK286760701178,,UK286760201859,UK311688400085,false,,false,,false,
9740d218-07cc-4c94-b764-e02c1a9c3e39,b68ab45f-c243-4e2e-b3f4-47b7f367d7f4,false,,2023-05-29,,,,false,,false,true,,false,,,,f3577960-7921-4e1d-9ff1-35d915217dce,9d8ce68c-5459-4967-aac8-a0ff04a29c2b,,false,,UK286760601842,,[],3117,3,{},false,,2023-06-01 01:09:21.152078,2024-03-18 13:00:17.299421,UK286760601352,UK286872501057,true,,2023-05-29,,true,,,,a88ecf99-075e-40c8-bd32-b69fa4b32978,"{""bcms_sync_history_info_at"": ""2023-06-01T02:16:13.749473+00:00""}",3176.0,,2024-05-01 00:47:56.293199,,,,,,false,UK286760601352,,UK286760601842,UK286872501057,false,,false,,false,
4deda364-678c-48ea-829a-a5c262f8083a,fa1b8abc-477e-4a03-9edf-89bc6db35922,false,,2022-02-19,259.9,,,false,{},true,true,,false,,,XXXX,,,,false,,UK323773605693,2024-04-23 00:00:00,[],3117,3,{},false,,2022-09-23 14:24:59.217941,2024-04-22 15:15:28.182632,UK323773302820,XXXX CENTRE,false,2024-04-22 15:10:25.683,2022-09-22,,false,,,,9c6742d4-5408-4bc1-b622-cdfff7a27569,"{""bcms_sync_history_info_at"": ""2022-10-27T11:38:42.856106+00:00""}",3176.0,,2024-04-23 01:22:18.251815,,O3,-O3,,,false,UK323773302820,,UK323773605693,XXXXCENTRE,false,,false,,false,
2990acf6-d45e-490e-a3c3-cf58884af2ab,fa1b8abc-477e-4a03-9edf-89bc6db35922,false,,2022-03-09,218.8,,,false,{},true,true,,false,,,XXXX,,,,false,,UK323773705799,2024-04-23 00:00:00,[],3117,3,{},false,,2022-09-23 14:25:02.777933,2024-04-22 15:15:28.114864,UK323773704672,XXXX CENTRE,false,2024-04-22 15:10:25.683,2022-09-22,,false,,,,ddcf29a2-4007-4fc4-96b3-b538224b5091,"{""bcms_sync_history_info_at"": ""2022-10-27T11:38:04.747247+00:00""}",3176.0,,2024-04-23 01:22:24.588172,,O3,-O3,,,false,UK323773704672,,UK323773705799,XXXXCENTRE,false,,false,,false,
4bfe6032-bbe1-485e-8b29-2aa4a92ee6f1,fa1b8abc-477e-4a03-9edf-89bc6db35922,false,,2022-03-08,247.2,,,false,{},false,false,,false,,,XXXX,,,,false,,UK323773105793,2024-04-23 00:00:00,[],3117,3,{},false,,2022-09-23 14:25:02.537479,2024-04-22 15:15:28.166974,UK323773401911,XXXX CENTRE,false,2024-04-22 15:10:25.683,2022-09-22,,false,,,,ddcf29a2-4007-4fc4-96b3-b538224b5091,"{""bcms_sync_history_info_at"": ""2022-10-27T11:38:10.599955+00:00""}",3176.0,,2024-04-23 01:22:24.358683,,O3,-O3,,,false,UK323773401911,,UK323773105793,XXXXCENTRE,false,,false,,false,
52986aaa-9c04-4bfa-bfa1-4f19f07681cf,fa1b8abc-477e-4a03-9edf-89bc6db35922,false,,2022-02-28,265.2,,,false,{},true,true,,false,,,XXXX,,,,false,,UK323773105758,2024-04-23 00:00:00,[],3117,3,{},false,,2022-09-23 14:25:01.326032,2024-04-22 15:15:28.197716,UK323773503711,XXXX CENTRE,false,2024-04-22 15:10:25.683,2022-09-22,,false,,,,ddcf29a2-4007-4fc4-96b3-b538224b5091,"{""bcms_sync_history_info_at"": ""2022-10-27T11:38:52.894731+00:00""}",3176.0,,2024-04-23 01:22:23.234858,,O2,-O2,,,false,UK323773503711,,UK323773105758,XXXXCENTRE,false,,false,,false,
49201496-8697-4960-9e63-6268ecbb4f91,8732c7aa-0c01-4226-adb5-be660ca52d23,false,,2013-04-20,,,,false,,false,false,,false,,,,,,,false,,UK286760701087,,[],3117,3,{},false,,2022-10-27 11:35:19.063110,2023-09-19 16:00:44.765738,UK286760500616,UK286760400734,true,,2013-04-20,,true,,,,a88ecf99-075e-40c8-bd32-b69fa4b32978,"{""bcms_sync_history_info_at"": ""2022-10-27T11:36:06.729429+00:00""}",3176.0,,2024-05-01 00:46:42.285323,,,,,,true,UK286760500616,,UK286760701087,UK286760400734,false,,false,,false,
3d16d7df-2b91-4f74-9f77-9a334aea52ae,8732c7aa-0c01-4226-adb5-be660ca52d23,false,,2014-04-24,,,,false,,false,false,,false,,,,,,,false,,UK286760401161,,[],3117,3,{},false,,2022-10-27 11:35:19.395849,2023-09-19 16:00:44.765738,UK286760600337,UK286760400734,true,,2014-04-24,,true,,,,a88ecf99-075e-40c8-bd32-b69fa4b32978,"{""bcms_sync_history_info_at"": ""2022-10-27T11:36:09.786676+00:00""}",3176.0,,2024-05-01 00:46:42.715527,,,,,,true,UK286760600337,,UK286760401161,UK286760400734,false,,false,,false,
8d33ddcf-e011-4c86-87fb-b6e45db15bc6,8732c7aa-0c01-4226-adb5-be660ca52d23,false,,2021-05-12,,,,false,,false,false,,false,,,,,,,false,,UK286760701675,,[],3117,3,{},false,,2022-10-27 11:35:31.863322,2023-09-19 16:00:44.765738,UK286760300950,UK706021602429,true,,2021-05-12,,true,,,,a88ecf99-075e-40c8-bd32-b69fa4b32978,"{""bcms_sync_history_info_at"": ""2022-10-27T11:36:22.094364+00:00""}",3176.0,,2024-05-01 00:47:04.190937,,,,,,true,UK286760300950,,UK286760701675,UK706021602429,false,,false,,false,
95bda01a-68a3-4e83-bf41-7061aa9380de,8732c7aa-0c01-4226-adb5-be660ca52d23,false,,2020-03-26,,,,false,,false,false,,false,,,,,75b34d7f-fed4-422e-980d-64ebe455f23f,,false,,UK286760401588,,[],3117,3,{},false,,2022-10-27 11:35:25.350467,2024-03-28 12:00:40.636070,UK286760401182,UK311688400085,true,,2020-03-26,,true,,,,a88ecf99-075e-40c8-bd32-b69fa4b32978,"{""bcms_sync_history_info_at"": ""2022-10-27T11:36:07.096226+00:00""}",3176.0,,2024-05-01 00:46:54.278732,,,,,,true,UK286760401182,,UK286760401588,UK311688400085,false,,false,,false,
e1754e28-0e68-4d56-870e-727df663e608,8732c7aa-0c01-4226-adb5-be660ca52d23,false,,2013-04-19,,,,false,,false,false,,false,,,,,75b34d7f-fed4-422e-980d-64ebe455f23f,,false,,UK286760301083,,[],3117,3,{},false,,2022-10-27 11:35:18.899121,2023-09-19 16:00:44.765738,UK286760400706,UK311688400085,true,,2013-04-19,,true,,,,a88ecf99-075e-40c8-bd32-b69fa4b32978,"{""bcms_sync_history_info_at"": ""2022-10-27T11:35:56.731349+00:00""}",3176.0,,2024-05-01 00:46:41.982784,,,,,,true,UK286760400706,,UK286760301083,UK311688400085,false,,false,,false,
f62749ef-4dea-44c4-a42d-75fbfc807de9,8732c7aa-0c01-4226-adb5-be660ca52d23,false,,2018-04-21,,,,false,,false,false,,false,,,,,75b34d7f-fed4-422e-980d-64ebe455f23f,,false,,UK286760201474,,[],3117,3,{},false,,2022-10-27 11:35:22.413563,2023-09-19 16:00:44.765738,UK286760700674,UK311688400085,true,,2018-04-21,,true,,,,a88ecf99-075e-40c8-bd32-b69fa4b32978,"{""bcms_sync_history_info_at"": ""2022-10-27T11:37:03.382130+00:00""}",3176.0,,2024-05-01 00:46:48.282951,,,,,,true,UK286760700674,,UK286760201474,UK311688400085,false,,false,,false,
817b566c-d929-4166-97f3-b4131f9a439e,6d2f8d45-38a1-4321-bc1d-3f7d34b14cb3,false,,2022-05-05,,,,false,,false,false,,false,,,,f62749ef-4dea-44c4-a42d-75fbfc807de9,79a6f95f-a17d-42db-bd99-9cd0cba4321d,,false,,UK286760301734,,[],3117,3,{},false,,2022-10-27 11:35:39.720180,2024-01-10 14:35:03.927007,UK286760201474,UK303596702930,true,,2022-05-05,,true,,,,a88ecf99-075e-40c8-bd32-b69fa4b32978,"{""bcms_sync_history_info_at"": ""2022-10-27T11:37:48.720397+00:00""}",3176.0,,2024-05-01 00:47:14.080532,,,,,,false,UK286760201474,,UK286760301734,UK303596702930,false,,false,,false,
b0a43288-4f4e-4143-b8ca-29a7a2068c3b,8732c7aa-0c01-4226-adb5-be660ca52d23,false,,2021-05-26,,,,false,,false,false,,false,,,,e134f42f-b4b1-4c33-9919-e87ffe054202,79a6f95f-a17d-42db-bd99-9cd0cba4321d,,false,,UK286760601702,,[],3117,3,{},false,,2022-10-27 11:35:35.514292,2023-09-19 16:00:44.765738,UK286760401567,UK303596702930,true,,2021-05-26,,true,,,,a88ecf99-075e-40c8-bd32-b69fa4b32978,"{""bcms_sync_history_info_at"": ""2022-10-27T11:37:03.831344+00:00""}",3176.0,,2024-05-01 00:47:08.601498,,,,,,true,UK286760401567,,UK286760601702,UK303596702930,false,,false,,false,
b676c359-5cc0-4f2f-b58f-377d679b4124,6d2f8d45-38a1-4321-bc1d-3f7d34b14cb3,false,,2022-05-06,,,,false,,false,false,,false,,,,1ea18cd5-9904-4ad1-86db-26b0c4aa9a96,75b34d7f-fed4-422e-980d-64ebe455f23f,,false,,UK286760601737,,[],3117,3,{},false,,2022-10-27 11:35:40.184545,2023-11-20 14:25:35.032252,UK286760501505,UK311688400085,true,,2022-05-06,,true,,,,a88ecf99-075e-40c8-bd32-b69fa4b32978,"{""bcms_sync_history_info_at"": ""2022-10-27T11:37:08.701336+00:00""}",3176.0,,2024-05-01 00:47:15.120366,,,,,,false,UK286760501505,,UK286760601737,UK311688400085,false,,false,,false,
f3ca58cb-dfc6-4de1-940a-43154284ff55,8732c7aa-0c01-4226-adb5-be660ca52d23,false,,2021-06-03,,,,false,,false,false,,false,,,,7f423ba4-3f38-40c6-af18-4a6fc2258ec2,79a6f95f-a17d-42db-bd99-9cd0cba4321d,,false,,UK286760101711,,[],3117,3,{},false,,2022-10-27 11:35:36.617650,2023-09-19 16:00:44.765738,UK286760301237,UK303596702930,true,,2021-06-03,,true,,,,a88ecf99-075e-40c8-bd32-b69fa4b32978,"{""bcms_sync_history_info_at"": ""2022-10-27T11:36:49.367396+00:00""}",3176.0,,2024-05-01 00:47:09.818147,,,,,,true,UK286760301237,,UK286760101711,UK303596702930,false,,false,,false,
54e2440f-5c63-4799-9c34-64ebd8412f6d,6d2f8d45-38a1-4321-bc1d-3f7d34b14cb3,false,,2022-05-12,,,,false,,false,false,,false,,,,d981a07c-de8f-4546-a8ed-45d77b18e82e,79a6f95f-a17d-42db-bd99-9cd0cba4321d,,false,,UK286760501743,,[],3117,3,{},false,,2022-10-27 11:35:41.161357,2024-01-10 14:35:26.632411,UK286760500994,UK303596702930,true,,2022-05-12,,true,,,,a88ecf99-075e-40c8-bd32-b69fa4b32978,"{""bcms_sync_history_info_at"": ""2022-10-27T11:37:08.862061+00:00""}",3176.0,,2024-05-01 00:47:16.734913,,,,,,false,UK286760500994,,UK286760501743,UK303596702930,false,,false,,false,
27a97a67-7d30-404c-b29d-e4c4eca9b907,6d2f8d45-38a1-4321-bc1d-3f7d34b14cb3,false,,2022-05-18,,,,false,,false,true,,false,,,,01352e7e-94c0-4a2d-95fc-5e15de2bcc6d,79a6f95f-a17d-42db-bd99-9cd0cba4321d,,false,,UK286760601758,,[],3117,3,{},false,,2022-10-27 11:35:43.543702,2024-01-10 14:34:56.287959,UK286760201530,UK303596702930,true,,2022-05-18,,true,,,,a88ecf99-075e-40c8-bd32-b69fa4b32978,"{""bcms_sync_history_info_at"": ""2022-10-27T11:38:08.478481+00:00""}",3176.0,,2024-05-01 00:47:22.725066,,,,,,false,UK286760201530,,UK286760601758,UK303596702930,false,,false,,false,
3dbc8f17-1d17-4c76-9bb1-9526dbea57eb,6d2f8d45-38a1-4321-bc1d-3f7d34b14cb3,false,,2022-05-26,,,,false,,false,true,,false,,,,3d16d7df-2b91-4f74-9f77-9a334aea52ae,79a6f95f-a17d-42db-bd99-9cd0cba4321d,,false,,UK286760301776,,[],3117,3,{},false,,2022-10-27 11:35:46.359695,2024-01-10 14:34:27.120081,UK286760401161,UK303596702930,true,,2022-05-26,,true,,,,a88ecf99-075e-40c8-bd32-b69fa4b32978,"{""bcms_sync_history_info_at"": ""2022-10-27T11:37:22.731197+00:00""}",3176.0,,2024-05-01 00:47:30.131262,,,,,,false,UK286760401161,,UK286760301776,UK303596702930,false,,false,,false,
60e674d0-e1d3-420f-8dcb-d467ab8de307,6d2f8d45-38a1-4321-bc1d-3f7d34b14cb3,false,,2022-05-25,,,,false,,false,false,,false,,,,301a1f85-f5c2-4263-b30b-f9434e1eb459,75b34d7f-fed4-422e-980d-64ebe455f23f,,false,,UK286760101774,,[],3117,3,{},false,,2022-10-27 11:35:46.044257,2023-11-20 14:25:42.412131,UK286760701563,UK311688400085,true,,2022-05-25,,true,,,,a88ecf99-075e-40c8-bd32-b69fa4b32978,"{""bcms_sync_history_info_at"": ""2022-10-27T11:37:00.758436+00:00""}",3176.0,,2024-05-01 00:47:29.202969,,,,,,false,UK286760701563,,UK286760101774,UK311688400085,false,,false,,false,
12c02466-05e7-4de5-a0e5-c271f0522dec,6d2f8d45-38a1-4321-bc1d-3f7d34b14cb3,false,,2022-05-25,,,,false,,false,true,,false,,,,f86db5a5-8383-4e08-b700-96a68ef1e36c,79a6f95f-a17d-42db-bd99-9cd0cba4321d,,false,,UK286760201775,,[],3117,3,{},false,,2022-10-27 11:35:46.200214,2024-01-10 14:34:49.762557,UK286760701339,UK303596702930,true,,2022-05-25,,true,,,,a88ecf99-075e-40c8-bd32-b69fa4b32978,"{""bcms_sync_history_info_at"": ""2022-10-27T11:37:31.935191+00:00""}",3176.0,,2024-05-01 00:47:29.677892,,,,,,false,UK286760701339,,UK286760201775,UK303596702930,false,,false,,false,
74927492-8cbb-4407-bdb9-f0925032cf04,6d2f8d45-38a1-4321-bc1d-3f7d34b14cb3,false,,2022-05-16,,,,false,,false,false,,false,,,,,79a6f95f-a17d-42db-bd99-9cd0cba4321d,,false,,UK286760101753,,[],3117,3,{},false,,2022-10-27 11:35:42.737892,2024-01-10 14:35:01.390525,UK286760501596,UK303596702930,true,,2022-05-16,,true,,,,a88ecf99-075e-40c8-bd32-b69fa4b32978,"{""bcms_sync_history_info_at"": ""2022-10-27T11:37:42.818360+00:00""}",3176.0,,2024-05-01 00:47:20.889083,,,,,,false,UK286760501596,,UK286760101753,UK303596702930,false,,false,,false,
e94e99fc-298f-4651-9671-979d8af3d478,6d2f8d45-38a1-4321-bc1d-3f7d34b14cb3,false,,2022-05-16,,,,false,,false,true,,false,,,,0b4e5344-ae6a-4942-bf67-293a0b305e6f,75b34d7f-fed4-422e-980d-64ebe455f23f,,false,,UK286760601751,,[],3117,3,{},false,,2022-10-27 11:35:42.426474,2024-01-10 14:35:02.177321,UK286760401329,UK311688400085,true,,2022-05-16,,true,,,,a88ecf99-075e-40c8-bd32-b69fa4b32978,"{""bcms_sync_history_info_at"": ""2022-10-27T11:37:39.124376+00:00""}",3176.0,,2024-05-01 00:47:20.074952,,,,,,false,UK286760401329,,UK286760601751,UK311688400085,false,,false,,false,
9bfed2f7-1cea-446e-b86a-b5ced5720a1c,6d2f8d45-38a1-4321-bc1d-3f7d34b14cb3,false,,2022-05-20,,,,false,,false,false,,false,,,,fffd1f96-ac35-48d5-8fba-2abf682c23a2,79a6f95f-a17d-42db-bd99-9cd0cba4321d,,false,,UK286760401763,,[],3117,3,{},false,,2022-10-27 11:35:44.317565,2023-11-20 14:26:27.410311,UK286760101473,UK303596702930,true,,2022-05-20,,true,,,,a88ecf99-075e-40c8-bd32-b69fa4b32978,"{""bcms_sync_history_info_at"": ""2022-10-27T11:38:01.399116+00:00""}",3176.0,,2024-05-01 00:47:24.575749,,,,,,false,UK286760101473,,UK286760401763,UK303596702930,false,,false,,false,
7ad825f6-4188-4edb-b60b-790ac40d82a5,b68ab45f-c243-4e2e-b3f4-47b7f367d7f4,false,,2023-05-09,,,,false,,false,true,,false,,,,996a3ccd-02bb-4217-867d-2e01f8beb862,9d8ce68c-5459-4967-aac8-a0ff04a29c2b,,false,,UK286760601800,,[],3117,3,{},false,,2023-05-13 01:01:11.178683,2024-03-18 13:02:54.605057,UK286760701479,UK286872501057,true,,2023-05-09,,true,,,,a88ecf99-075e-40c8-bd32-b69fa4b32978,"{""bcms_sync_history_info_at"": ""2023-05-13T02:08:11.999666+00:00""}",3176.0,,2024-05-01 00:47:37.874996,,,,,,false,UK286760701479,,UK286760601800,UK286872501057,false,,false,,false,
a05c4d98-4083-4591-b168-f13b68fb3716,6d2f8d45-38a1-4321-bc1d-3f7d34b14cb3,false,,2022-05-23,,,,false,,false,true,,false,,,,63c51867-4d23-4d84-acd8-a877a6011c36,79a6f95f-a17d-42db-bd99-9cd0cba4321d,,false,,UK286760401770,,[],3117,3,{},false,,2022-10-27 11:35:45.404332,2024-01-10 14:35:43.107626,UK286760501281,UK303596702930,true,,2022-05-23,,true,,,,a88ecf99-075e-40c8-bd32-b69fa4b32978,"{""bcms_sync_history_info_at"": ""2022-10-27T11:36:39.874877+00:00""}",3176.0,,2024-05-01 00:47:27.404844,,,,,,false,UK286760501281,,UK286760401770,UK303596702930,false,,false,,false,
cfdfb14a-3366-4c5b-8864-1d42fed2f880,6d2f8d45-38a1-4321-bc1d-3f7d34b14cb3,false,,2022-05-24,,,,false,,false,true,,false,,,,b527a952-472b-4d32-8f0a-7a1b51230bdb,27093282-0d47-4aaf-a8de-f15cf5a9c6c1,,false,,UK286760601772,,[],3117,3,{},false,,2022-10-27 11:35:45.725764,2024-01-10 14:34:35.002338,UK286760601625,UK307558500093,true,,2022-05-24,,true,,,,a88ecf99-075e-40c8-bd32-b69fa4b32978,"{""bcms_sync_history_info_at"": ""2022-10-27T11:36:53.921700+00:00""}",3176.0,,2024-05-01 00:47:28.305403,,,,,,false,UK286760601625,,UK286760601772,UK307558500093,false,,false,,false,
307b42c4-ba6f-4361-9511-29ebce090e25,b68ab45f-c243-4e2e-b3f4-47b7f367d7f4,false,,2023-05-17,,,,false,,false,false,,false,,,,a2131a21-46fb-4f5e-97eb-8572656b13b5,9d8ce68c-5459-4967-aac8-a0ff04a29c2b,,false,,UK286760701808,,[],3117,3,{},false,,2023-05-19 00:47:29.454007,2024-03-18 13:02:45.630536,UK286760401511,UK286872501057,true,,2023-05-17,,true,,,,a88ecf99-075e-40c8-bd32-b69fa4b32978,"{""bcms_sync_history_info_at"": ""2023-05-19T01:46:10.192093+00:00""}",3176.0,,2024-05-01 00:47:40.775754,,,,,,false,UK286760401511,,UK286760701808,UK286872501057,false,,false,,false,
04212631-8e5c-4b25-ba7a-46f608d2c31a,b68ab45f-c243-4e2e-b3f4-47b7f367d7f4,false,,2023-05-22,,,,false,,false,true,,false,,,,49201496-8697-4960-9e63-6268ecbb4f91,75b34d7f-fed4-422e-980d-64ebe455f23f,,false,,UK286760501827,,[],3117,3,{},false,,2023-05-27 01:05:03.600237,2024-03-18 13:03:57.268185,UK286760701087,UK311688400085,true,,2023-05-22,,true,,,,a88ecf99-075e-40c8-bd32-b69fa4b32978,"{""bcms_sync_history_info_at"": ""2023-05-27T02:19:18.236766+00:00""}",3176.0,,2024-05-01 00:47:49.886899,,,,,,false,UK286760701087,,UK286760501827,UK311688400085,false,,false,,false,
1d721d65-e6f3-4fb5-a2aa-c193c76e82b9,b68ab45f-c243-4e2e-b3f4-47b7f367d7f4,false,,2023-05-17,,,,false,,false,true,,false,,,,e1754e28-0e68-4d56-870e-727df663e608,9d8ce68c-5459-4967-aac8-a0ff04a29c2b,,false,,UK286760201810,,[],3117,3,{},false,,2023-05-28 00:39:44.705832,2024-03-18 13:00:56.655780,UK286760301083,UK286872501057,true,,2023-05-17,,true,,,,a88ecf99-075e-40c8-bd32-b69fa4b32978,"{""bcms_sync_history_info_at"": ""2023-05-28T02:28:39.585165+00:00""}",3176.0,,2024-05-01 00:47:41.452408,,,,,,false,UK286760301083,,UK286760201810,UK286872501057,false,,false,,false,
3b4ca14d-4bd1-4655-a954-61436997b82d,b68ab45f-c243-4e2e-b3f4-47b7f367d7f4,false,,2023-05-21,,,,false,,false,false,,false,,,,33a6e4d7-3dec-48b1-8024-5d1ddc66a318,9d8ce68c-5459-4967-aac8-a0ff04a29c2b,,false,,UK286760101823,,[],3117,3,{},false,,2023-05-27 01:05:02.407206,2024-03-18 13:02:45.312555,UK286760501267,UK286872501057,true,,2023-05-21,,true,,,,a88ecf99-075e-40c8-bd32-b69fa4b32978,"{""bcms_sync_history_info_at"": ""2023-05-27T02:19:40.141738+00:00""}",3176.0,,2024-05-01 00:47:47.610897,,,,,,false,UK286760501267,,UK286760101823,UK286872501057,false,,false,,false,
9e810985-cab7-43af-ab09-ff946d35d20d,b68ab45f-c243-4e2e-b3f4-47b7f367d7f4,false,,2023-05-20,,,,false,,false,true,,false,,,,2385368c-be13-407f-a0b2-cab178145872,27093282-0d47-4aaf-a8de-f15cf5a9c6c1,,false,,UK286760501820,,[],3117,3,{},false,,2023-05-27 01:05:01.510564,2024-03-18 13:01:41.953778,UK286760501673,UK307558500093,true,,2023-05-20,,true,,,,a88ecf99-075e-40c8-bd32-b69fa4b32978,"{""bcms_sync_history_info_at"": ""2023-05-27T02:19:35.289918+00:00""}",3176.0,,2024-05-01 00:47:46.116762,,,,,,false,UK286760501673,,UK286760501820,UK307558500093,false,,false,,false,
be6d306d-84ab-4001-92a0-c897d854a8f1,b68ab45f-c243-4e2e-b3f4-47b7f367d7f4,false,,2023-05-19,,,,false,,false,true,,false,,,,d1d93cc0-ab7a-443d-ba74-9ebb08cc075d,27093282-0d47-4aaf-a8de-f15cf5a9c6c1,,false,,UK286760201817,,[],3117,3,{},false,,2023-05-27 01:05:00.170437,2024-03-18 13:00:33.164820,UK286760101704,UK307558500093,true,,2023-05-19,,true,,,,a88ecf99-075e-40c8-bd32-b69fa4b32978,"{""bcms_sync_history_info_at"": ""2023-05-27T02:19:32.741684+00:00""}",3176.0,,2024-05-01 00:47:45.215817,,,,,,false,UK286760101704,,UK286760201817,UK307558500093,false,,false,,false,
cf12198f-555e-48f1-a9ca-bc482f9cd004,b68ab45f-c243-4e2e-b3f4-47b7f367d7f4,false,,2023-05-21,,,,false,,false,false,,false,,,,0cfa3824-713e-4f25-8114-33fd3e4c26db,27093282-0d47-4aaf-a8de-f15cf5a9c6c1,,false,,UK286760201824,,[],3117,3,{},false,,2023-05-27 01:05:02.743835,2024-03-18 13:03:04.299604,UK286760301692,UK307558500093,true,,2023-05-21,,true,,,,a88ecf99-075e-40c8-bd32-b69fa4b32978,"{""bcms_sync_history_info_at"": ""2023-05-27T02:19:48.407177+00:00""}",3176.0,,2024-05-01 00:47:48.322070,,,,,,false,UK286760301692,,UK286760201824,UK307558500093,false,,false,,false,
e0bc14ed-8f14-4403-bd13-5097c0f57c10,b68ab45f-c243-4e2e-b3f4-47b7f367d7f4,false,,2023-05-20,,,,false,,false,false,,false,,,,3d16d7df-2b91-4f74-9f77-9a334aea52ae,9d8ce68c-5459-4967-aac8-a0ff04a29c2b,,false,,UK286760701822,,[],3117,3,{},false,,2023-05-27 01:05:02.108077,2023-09-19 15:59:55.642023,UK286760401161,UK286872501057,true,,2023-05-20,,true,,,,a88ecf99-075e-40c8-bd32-b69fa4b32978,"{""bcms_sync_history_info_at"": ""2023-05-27T02:19:37.143769+00:00""}",3176.0,,2024-05-01 00:47:46.975050,,,,,,false,UK286760401161,,UK286760701822,UK286872501057,false,,false,,false,
a0c9510e-bbef-4a50-89f7-3db75430a02e,b68ab45f-c243-4e2e-b3f4-47b7f367d7f4,false,,2023-06-11,,,,false,,false,false,,false,,,,e134f42f-b4b1-4c33-9919-e87ffe054202,75b34d7f-fed4-422e-980d-64ebe455f23f,,false,,UK286760501855,,[],3117,3,{},false,,2023-06-14 01:08:12.822482,2024-03-18 13:04:32.091206,UK286760401567,UK311688400085,true,,2023-06-11,,true,,,,a88ecf99-075e-40c8-bd32-b69fa4b32978,"{""bcms_sync_history_info_at"": ""2023-06-14T02:25:04.412228+00:00""}",3176.0,,2024-05-01 00:47:59.690932,,,,,,false,UK286760401567,,UK286760501855,UK311688400085,false,,false,,false,
d3c04f95-a07c-4a82-9834-1d0a55b29350,b68ab45f-c243-4e2e-b3f4-47b7f367d7f4,false,,2023-05-30,,,,false,,false,true,,false,,,,3d1b3af7-c6d8-4c75-8c67-24d5915c7e52,9d8ce68c-5459-4967-aac8-a0ff04a29c2b,,false,,UK286760701843,,[],3117,3,{},false,,2023-06-04 00:56:27.804726,2024-03-18 13:04:07.442732,UK286760501498,UK286872501057,true,,2023-05-30,,true,,,,a88ecf99-075e-40c8-bd32-b69fa4b32978,"{""bcms_sync_history_info_at"": ""2023-06-04T02:03:22.056299+00:00""}",3176.0,,2024-05-01 00:47:56.519572,,,,,,false,UK286760501498,,UK286760701843,UK286872501057,false,,false,,false,
e95788eb-0432-4cc9-a4b8-e31726343f17,b68ab45f-c243-4e2e-b3f4-47b7f367d7f4,false,,2023-05-26,,,,false,,false,false,,false,,,,77396068-d56b-4fe3-98e3-5367eeba76fc,27093282-0d47-4aaf-a8de-f15cf5a9c6c1,,false,,UK286760501834,,[],3117,3,{},false,,2023-06-01 01:09:18.615116,2024-03-18 13:01:53.175755,UK286760101683,UK307558500093,true,,2023-05-26,,true,,,,a88ecf99-075e-40c8-bd32-b69fa4b32978,"{""bcms_sync_history_info_at"": ""2023-06-01T02:16:47.344589+00:00""}",3176.0,,2024-05-01 00:47:53.310880,,,,,,false,UK286760101683,,UK286760501834,UK307558500093,false,,false,,false,
074dd80e-919b-49ca-a068-4fe4cbc338a5,5709975f-a221-4ca4-959e-c967c72a2252,false,,2021-04-04,,,{},false,{},false,false,,false,,,,,,,false,,UK210923502984,,[],3117,3,{},false,18524082-5157-40b2-998a-8014c1c595d9,2021-09-14 10:31:22.224331,2022-10-11 08:14:09.396997,UK210923100838,GA BRIEL MOSSY,false,2022-08-23 08:15:45.000,2021-07-30,,false,1112.0,,,847ff71a-d85d-4d74-a793-7498992f2a11,{},3176.0,4145.0,,,,,,,false,UK210923100838,,UK210923502984,GABRIELMOSSY,false,,false,,false,
aaef8b89-3f92-4e01-af76-a83fcecfe24d,3ee83986-2d56-4f2d-9526-8da1596438a0,false,,2021-03-24,306.0,,{},false,{},false,false,,false,,,XXXX,,,,false,,UK317104700770,2023-03-09 00:00:00,[],3117,3,{},false,61e7f0e4-94a2-4836-813b-878d192506c9,2021-09-14 10:31:25.054647,2023-05-31 10:58:52.467391,UK317104600041,UK313622300109,false,2022-09-21 08:55:16.000,2021-07-30,,false,,,,,{},,4145.0,,,R,R4L,,,false,UK317104600041,,UK317104700770,UK313622300109,false,,false,,false,
426d14b9-0224-42f6-a8c1-06220e03d3cc,5709975f-a221-4ca4-959e-c967c72a2252,false,,2021-03-08,,,{},false,{},false,true,,false,,,,,,,false,,UK320610511812,,[],3117,3,{},false,46a39f07-6d45-4904-8a26-35d1a370a072,2021-09-14 10:27:53.934033,2022-10-26 15:53:17.157642,UK320610306924,PROTEUS,false,2022-08-23 08:15:45.000,2021-07-30,,false,1112.0,,,9c6742d4-5408-4bc1-b622-cdfff7a27569,{},3176.0,4145.0,,,,,,,false,UK320610306924,,UK320610511812,PROTEUS,false,,false,,false,
f7d8ae65-1bdd-4175-bdc7-a610e24b7b78,4dd3ca36-6f51-4d43-b8ab-3c8977060df1,false,,2021-04-05,,,{},false,{},true,true,,false,,,,,88cdae7a-15ed-4a89-8d59-b444b8689746,,false,937 000002613515,UK722969705911,,[],3117,3,{},false,,2021-09-14 10:11:47.220660,2022-10-11 08:14:20.258299,UK722969403920,UK742194500364,false,2022-01-06 12:22:33.499,2021-07-30,,false,,,,,{},,4145.0,,,,,,,false,UK722969403920,937000002613515,UK722969705911,UK742194500364,false,,false,,false,
6a72e8a9-243f-4aaf-b84c-7bfffae2e6f4,4e81207b-dd6d-45b0-afc9-818b978c5131,false,,2021-05-07,,,,false,,false,true,,false,,,,,,,false,,UK286760201670,,[],3117,3,{},false,,2022-10-27 11:35:31.079272,2023-03-07 08:25:24.493560,UK286760201544,UK706021602429,false,2023-03-06 08:20:40.000,2021-05-07,,false,,,,a88ecf99-075e-40c8-bd32-b69fa4b32978,"{""bcms_sync_history_info_at"": ""2022-10-27T11:36:17.371698+00:00""}",3176.0,,2023-03-08 00:40:33.455408,,,,,,false,UK286760201544,,UK286760201670,UK706021602429,false,,false,,false,
8e899911-5d88-4ff5-bf15-7f86902cbdc3,5709975f-a221-4ca4-959e-c967c72a2252,false,,2021-04-05,,,{},false,{},false,false,,false,,,,,,,false,937 000002613516,UK722969105912,,[],3117,3,{},false,798a72b0-7dc6-44d6-8c4b-bca78ccac8c6,2021-09-14 10:11:59.433750,2022-10-26 16:12:55.868941,IE191365220481,UK722871100298,false,2022-08-23 08:15:45.000,2021-07-30,,false,1112.0,,,ddcf29a2-4007-4fc4-96b3-b538224b5091,{},3176.0,4145.0,,,,,,,false,IE191365220481,937000002613516,UK722969105912,UK722871100298,false,,false,,false,
c5ea6027-1812-4e5b-a236-900372433c03,5709975f-a221-4ca4-959e-c967c72a2252,false,,2021-02-25,,,{},false,{},true,true,,false,,,,,,,false,937 000002508482,UK722969305781,,[],3117,3,{},false,34579987-fa62-4c8d-a184-9ec68c6d439a,2021-09-14 10:11:40.746834,2022-10-26 16:31:28.337577,UK331243700516,UK742194700324,false,2022-08-23 08:15:45.000,2021-07-30,,false,1112.0,,,ddcf29a2-4007-4fc4-96b3-b538224b5091,{},3176.0,4145.0,,,,,,,false,UK331243700516,937000002508482,UK722969305781,UK742194700324,false,,false,,false,
772e9de5-97ee-40e8-a68a-bea8a93d162b,5709975f-a221-4ca4-959e-c967c72a2252,false,,2021-03-01,,,{},false,{},false,false,,false,,,,,,,false,937 000002508503,UK722969305802,,[],3117,3,{},false,9b63e198-03b3-4162-a5e1-1f73ab759197,2021-09-14 10:11:46.503840,2022-10-26 16:10:56.709187,UK722969304108,UK742194700324,false,2022-08-23 08:15:45.000,2021-07-30,,false,1112.0,,,9c6742d4-5408-4bc1-b622-cdfff7a27569,{},3176.0,4145.0,,,,,,,false,UK722969304108,937000002508503,UK722969305802,UK742194700324,false,,false,,false,
82f1eae4-3385-4478-a5ea-70cd428474f3,3ee83986-2d56-4f2d-9526-8da1596438a0,false,,2021-03-20,259.1,,{},false,{},true,true,,false,,,XXXX,,,,false,937 000002613486,UK722969605882,2023-03-16 00:00:00,[],3117,3,{},false,c6a4748a-2cb9-4b84-9326-d0f5ff152bf9,2021-09-14 10:12:03.307443,2023-03-20 14:35:40.573523,UK722969404907,UK742194700324,false,2022-09-21 08:55:16.000,2021-07-30,,false,,,,,{},,4145.0,,,4L,O+4L,,,false,UK722969404907,937000002613486,UK722969605882,UK742194700324,false,,false,,false,
3ffa7e4d-232c-4d1d-b146-90ea8aa42803,3ee83986-2d56-4f2d-9526-8da1596438a0,false,,2021-02-23,312.0,,{},false,{},true,true,,false,,,XXXX,,,,false,937 000002508476,UK722969405775,2023-03-09 00:00:00,[],3117,3,{},false,c8a5f0ac-de9d-4ff0-866e-027398540bbd,2021-09-14 10:11:52.443875,2023-03-10 17:16:03.057322,UK722969403829,UK742194700324,false,2022-09-21 08:55:16.000,2021-07-30,,false,,,,,{},,4145.0,,,4L,O+4L,,,false,UK722969403829,937000002508476,UK722969405775,UK742194700324,false,,false,,false,
794977d9-b83d-4f58-a813-59ae139776b9,5709975f-a221-4ca4-959e-c967c72a2252,false,,2021-03-17,,,{},false,{},true,true,,false,,,,,,,false,937 000002613475,UK722969205871,,[],3117,3,{},false,8463d671-62e1-4788-9f8a-66f839e470c3,2021-09-14 10:11:59.854983,2022-10-26 15:47:16.139681,UK722969304493,UK742194700324,false,2022-08-23 08:15:45.000,2021-07-30,,false,1112.0,,,ddcf29a2-4007-4fc4-96b3-b538224b5091,{},3176.0,4145.0,,,,,,,false,UK722969304493,937000002613475,UK722969205871,UK742194700324,false,,false,,false,
47d0b5d2-80dc-49ef-b8e6-a69628b876d3,4dd3ca36-6f51-4d43-b8ab-3c8977060df1,false,,2021-03-16,300.9,,{},false,{},true,true,,false,,,XXXX,,,,false,,UK210923302912,2023-03-09 00:00:00,[],3117,3,{},false,f541cdbf-4bca-4e9f-a5d8-9f3868543dcb,2021-09-14 10:31:20.307178,2023-05-31 10:58:51.719466,UK210923200937,GA BRIEL MOSSY,false,2022-09-21 08:55:16.000,2021-07-30,,false,,,,,{},,4145.0,,,O+,O+4L,,,false,UK210923200937,,UK210923302912,GABRIELMOSSY,false,,false,,false,
9b006116-8236-457d-871d-e3f3c3130322,3ee83986-2d56-4f2d-9526-8da1596438a0,false,,2021-03-10,282.0,,{},false,{},true,true,,false,,,XXXX,,88cdae7a-15ed-4a89-8d59-b444b8689746,,false,937 000002613453,UK722969205850,2023-03-09 00:00:00,[],3117,3,{},false,4fe3844a-7410-4c3b-987c-6bdcfac6d969,2021-09-14 10:11:51.695395,2023-03-10 17:16:00.897137,UK722969504236,UK742194500364,false,2022-09-21 08:55:16.000,2021-07-30,,false,,,,,{},,4145.0,,,3,R3,,,false,UK722969504236,937000002613453,UK722969205850,UK742194500364,false,,false,,false,
80d161ce-1387-4198-85dc-79933f2d6cdd,5709975f-a221-4ca4-959e-c967c72a2252,false,,2021-03-09,,,{},false,{},false,true,,false,,,,,,,false,,UK210923102854,,[],3117,3,{},false,35a4151c-d995-4168-a246-aa8031a8dc4d,2021-09-14 10:31:18.312150,2022-10-26 15:25:53.802294,UK210923400442,GA BRIEL MOSSY,false,2022-08-23 08:15:45.000,2021-07-30,,false,1112.0,,,9c6742d4-5408-4bc1-b622-cdfff7a27569,{},3176.0,4145.0,,,,,,,false,UK210923400442,,UK210923102854,GABRIELMOSSY,false,,false,,false,
9a9b9363-b686-4e83-98f9-b10345d17857,4dd3ca36-6f51-4d43-b8ab-3c8977060df1,false,,2021-03-02,278.1,,{},false,{},false,false,,false,,,XXXX,,,,false,,UK320610711723,2023-03-09 00:00:00,[],3117,3,{},false,b27a4a41-5597-48ee-9557-cc6c1a3cd40c,2021-09-14 10:27:56.899504,2023-03-10 17:16:01.072928,UK320610505904,PROTEUS,false,2022-09-21 08:55:16.000,2021-07-30,,false,,,,,{},,4145.0,,,4H,O+4H,,,false,UK320610505904,,UK320610711723,PROTEUS,false,,false,,false,
20683aca-2a94-4fbf-aa99-4938547710ca,4dd3ca36-6f51-4d43-b8ab-3c8977060df1,false,,2021-03-03,252.3,,{},false,{},false,false,,false,,,XXXX,,,,false,937 000002508513,UK722969605812,2023-03-16 00:00:00,[],3117,3,{},false,279a3641-00ce-4c39-b393-e79a30126fb1,2021-09-14 10:12:00.204615,2023-03-20 14:35:41.663425,UK722969303863,UK742194700324,false,2022-09-21 08:55:16.000,2021-07-30,,false,,,,,{},,3877.0,,,4H,O+4H,,,false,UK722969303863,937000002508513,UK722969605812,UK742194700324,false,,false,,false,
94ef4975-18ad-47fc-ad00-47860bfe378d,4dd3ca36-6f51-4d43-b8ab-3c8977060df1,false,,2021-03-28,306.4,,{},false,{},true,true,,false,,,XXXX,,,,false,,UK210923702951,2023-03-09 00:00:00,[],3117,3,{},false,2f5f7d08-5243-4cb2-97db-84b997999c51,2021-09-14 10:31:23.256211,2023-05-31 10:58:51.525128,UK207658502236,GA BRIEL MOSSY,false,2022-09-21 08:55:16.000,2021-07-30,,false,,,,,{},,4145.0,,,O+,O+4L,,,false,UK207658502236,,UK210923702951,GABRIELMOSSY,false,,false,,false,
887ae862-8d97-4692-ac41-2d8242921526,4e81207b-dd6d-45b0-afc9-818b978c5131,false,,2021-05-24,,,,false,,false,false,,false,,,,fffd1f96-ac35-48d5-8fba-2abf682c23a2,79a6f95f-a17d-42db-bd99-9cd0cba4321d,,false,,UK286760101697,,[],3117,3,{},false,,2022-10-27 11:35:34.883658,2023-03-07 08:25:24.493560,UK286760101473,UK303596702930,false,2023-03-06 08:20:40.000,2021-05-24,,false,,,,a88ecf99-075e-40c8-bd32-b69fa4b32978,"{""bcms_sync_history_info_at"": ""2022-10-27T11:37:01.089170+00:00""}",3176.0,,2023-03-08 00:40:36.954017,,,,,,false,UK286760101473,,UK286760101697,UK303596702930,false,,false,,false,
e23b1341-3436-4815-a65e-69f3eb8c1046,4dd3ca36-6f51-4d43-b8ab-3c8977060df1,false,,2021-02-24,256.2,,{},false,{},false,false,,false,,,XXXX,,,,false,937 000002508477,UK722969505776,2023-03-16 00:00:00,[],3117,3,{},false,83ab7f1c-2736-412e-abac-70c80749e007,2021-09-14 10:11:56.060722,2023-03-20 14:35:42.031240,UK722969304416,UK742194700324,false,2022-09-21 08:55:16.000,2021-07-30,,false,,,,,{},,4145.0,,,4L,O+4L,,,false,UK722969304416,937000002508477,UK722969505776,UK742194700324,false,,false,,false,
534fbf9d-f759-4dbf-be3d-7fae26224280,3ee83986-2d56-4f2d-9526-8da1596438a0,false,,2021-02-18,285.6,,{},false,{},false,false,,false,,,XXXX,,29503546-9e29-4974-aa3c-f321aa51e6da,,false,937 000002508460,UK722969205759,2023-03-16 00:00:00,[],3117,3,{},false,9f805025-52e1-47fd-8da5-03229f27fd5b,2021-09-14 10:11:49.892338,2023-03-20 14:35:39.670918,UK722969304710,UK742194400384,false,2022-09-21 08:55:16.000,2021-07-30,,false,,,,,{},,4145.0,,,4L,O+4L,,,false,UK722969304710,937000002508460,UK722969205759,UK742194400384,false,,false,,false,
b2376ee4-76ce-4671-bc98-393e4fc51a22,5709975f-a221-4ca4-959e-c967c72a2252,false,,2021-04-04,,,{},false,{},false,false,,false,,,,,,,false,,UK210923402983,,[],3117,3,{},false,69d40805-ac86-4f41-96a5-c268a83926da,2021-09-14 10:31:20.955566,2022-10-26 16:25:01.795514,UK210923100061,GA BRIEL MOSSY,false,2022-08-23 08:15:45.000,2021-07-30,,false,1112.0,,,ddcf29a2-4007-4fc4-96b3-b538224b5091,{},3176.0,4145.0,,,,,,,false,UK210923100061,,UK210923402983,GABRIELMOSSY,false,,false,,false,
7236d2de-605d-48f3-8aab-b565d7ed1308,5709975f-a221-4ca4-959e-c967c72a2252,false,,2021-03-18,,,{},false,{},false,false,,false,,,,,,,false,,UK210923502921,,[],3117,3,{},false,4cd71a6f-56c5-46bb-b8c9-7f3cbe3b0f33,2021-09-14 10:31:21.587302,2022-10-26 16:25:54.483167,UK207658302738,GA BRIEL MOSSY,false,2022-08-23 08:15:45.000,2021-07-30,,false,1112.0,,,ddcf29a2-4007-4fc4-96b3-b538224b5091,{},3176.0,4145.0,,,,,,,false,UK207658302738,,UK210923502921,GABRIELMOSSY,false,,false,,false,
63a0f877-1980-433d-bb58-b3de18f91328,4dd3ca36-6f51-4d43-b8ab-3c8977060df1,false,,2021-03-15,,,{},false,{},false,false,,false,,,,,,,false,,UK210923302898,,[],3117,3,{},false,,2021-09-14 10:31:20.095700,2022-10-11 08:14:08.626978,UK102020403780,GA BRIEL MOSSY,false,2022-01-06 12:22:33.499,2021-07-30,,false,,,,,{},,4145.0,,,,,,,false,UK102020403780,,UK210923302898,GABRIELMOSSY,false,,false,,false,
4b315846-1c64-455c-9121-6e27c1dc4d9e,4dd3ca36-6f51-4d43-b8ab-3c8977060df1,false,,2021-03-18,306.4,,{},false,{},true,true,,false,,,XXXX,,29503546-9e29-4974-aa3c-f321aa51e6da,,false,937 000002613480,UK722969705876,2023-03-09 00:00:00,[],3117,3,{},false,ff279266-0e87-4732-95bf-0a6d4f7834be,2021-09-14 10:11:44.697438,2023-03-10 17:16:02.340593,UK722969704931,UK742194400384,false,2022-09-21 08:55:16.000,2021-07-30,,false,,,,,{},,4145.0,,,3,O+3,,,false,UK722969704931,937000002613480,UK722969705876,UK742194400384,false,,false,,false,
ce6db7ba-255e-43f3-ba67-5fcd4ceb5db6,3ee83986-2d56-4f2d-9526-8da1596438a0,false,,2021-02-22,289.6,,{},false,{},true,true,,false,,,XXXX,,,,false,937 000002508471,UK722969605770,2023-03-09 00:00:00,[],3117,3,{},false,2980c701-393a-43bc-94ce-22b1246f5ce0,2021-09-14 10:11:55.719569,2023-03-10 17:16:04.164668,UK722969504523,UK742194700324,false,2022-09-21 08:55:16.000,2021-07-30,,false,,,,,{},,4145.0,,,4L,O+4L,,,false,UK722969504523,937000002508471,UK722969605770,UK742194700324,false,,false,,false,
d8815721-4f0e-4ecd-8f48-5b7c0a0324ec,4e81207b-dd6d-45b0-afc9-818b978c5131,false,,2021-05-24,,,,false,,false,true,,false,,,,e55cdd80-0e6c-4cbe-8faf-d693065d9df1,,,false,,UK286760401693,,[],3117,3,{},false,,2022-10-27 11:35:34.415388,2023-03-07 08:25:24.493560,UK286760601478,UK706021602429,false,2023-03-06 08:20:40.000,2021-05-24,,false,,,,a88ecf99-075e-40c8-bd32-b69fa4b32978,"{""bcms_sync_history_info_at"": ""2022-10-27T11:36:37.173718+00:00""}",3176.0,,2023-03-08 00:40:36.466125,,,,,,false,UK286760601478,,UK286760401693,UK706021602429,false,,false,,false,
9bf75b6b-81c9-491a-92eb-117622af2596,4dd3ca36-6f51-4d43-b8ab-3c8977060df1,false,,2021-03-06,275.4,,{},false,{},true,true,,false,,,XXXX,,29503546-9e29-4974-aa3c-f321aa51e6da,,false,937 000002613434,UK722969405831,2023-03-16 00:00:00,[],3117,3,{},false,1174cce5-4693-4889-b4f9-c788df4e0a55,2021-09-14 10:11:44.309242,2023-03-20 14:35:37.829396,UK722969504740,UK742194400384,false,2022-09-21 08:55:16.000,2021-07-30,,false,,,,,{},,4145.0,,,3,O+3,,,false,UK722969504740,937000002613434,UK722969405831,UK742194400384,false,,false,,false,
da5bc2f5-cb34-44f9-a63a-9eac68bcd422,4e81207b-dd6d-45b0-afc9-818b978c5131,false,,2021-05-11,,,,false,,false,false,,false,,,,8e39213c-a890-42e1-a6d2-4c9eddb39cff,,,false,,UK286760401672,,[],3117,3,{},false,,2022-10-27 11:35:31.400491,2023-03-07 08:25:24.493560,UK286760401476,UK706021602429,false,2023-03-06 08:20:40.000,2021-05-11,,false,,,,a88ecf99-075e-40c8-bd32-b69fa4b32978,"{""bcms_sync_history_info_at"": ""2022-10-27T11:37:30.968020+00:00""}",3176.0,,2023-03-08 00:40:33.759139,,,,,,false,UK286760401476,,UK286760401672,UK706021602429,false,,false,,false,
7c0be3de-f78b-427a-9101-1d53cf41e03f,5709975f-a221-4ca4-959e-c967c72a2252,false,,2021-03-21,,,{},false,{},false,false,,false,,,,,,,false,,UK210923502942,,[],3117,3,{},false,0969dab5-f237-4f18-869b-d03291c31e2d,2021-09-14 10:31:21.788726,2022-10-26 16:16:57.006476,UK207658502299,GA BRIEL MOSSY,false,2022-08-23 08:15:45.000,2021-07-30,,false,1112.0,,,9c6742d4-5408-4bc1-b622-cdfff7a27569,{},3176.0,4145.0,,,,,,,false,UK207658502299,,UK210923502942,GABRIELMOSSY,false,,false,,false,
b29855ea-fc76-473a-8eae-ef265ff062f0,4e81207b-dd6d-45b0-afc9-818b978c5131,false,,2021-05-23,,,,false,,false,true,,false,,,,,,,false,,UK286760601688,,[],3117,3,{},false,,2022-10-27 11:35:33.631036,2023-06-02 14:21:39.414001,UK286760501463,UK706021602429,false,2023-05-29 13:45:37.000,2021-05-23,,false,,,,a88ecf99-075e-40c8-bd32-b69fa4b32978,"{""bcms_sync_history_info_at"": ""2022-10-27T11:36:56.299511+00:00""}",3176.0,,2023-05-31 01:00:25.145224,,,,,,false,UK286760501463,,UK286760601688,UK706021602429,false,,false,,false,
c561c12b-7be1-4fcf-9413-5b26cb590f59,8732c7aa-0c01-4226-adb5-be660ca52d23,false,,2020-04-03,,,,false,,false,false,,false,,,,,75b34d7f-fed4-422e-980d-64ebe455f23f,,false,,UK286760301608,,[],3117,3,{},false,,2022-10-27 11:35:26.290425,2023-02-13 12:59:44.380550,UK286760700604,UK311688400085,false,2023-02-13 12:56:55.999,2020-04-03,,false,,,,a88ecf99-075e-40c8-bd32-b69fa4b32978,"{""bcms_sync_history_info_at"": ""2022-10-27T11:36:43.088175+00:00""}",3176.0,,2023-02-07 00:58:02.303027,,,,,,true,UK286760700604,,UK286760301608,UK311688400085,false,,false,,false,
1a86b86a-9752-4970-954f-64dde17567d4,5709975f-a221-4ca4-959e-c967c72a2252,false,,2021-03-07,,,{},false,{},false,false,,false,,,,,,,false,,UK320610711800,,[],3117,3,{},false,ff4d4925-1592-4e00-b643-056d180b2e63,2021-09-14 10:27:57.758408,2022-10-26 15:34:58.058444,UK320610704135,,false,2022-08-23 08:15:45.000,2021-07-30,,false,1112.0,,,9c6742d4-5408-4bc1-b622-cdfff7a27569,{},3176.0,4145.0,,,,,,,false,UK320610704135,,UK320610711800,,false,,false,,false,
c9a0375a-6664-4bee-84dd-3a4bc874c716,5709975f-a221-4ca4-959e-c967c72a2252,false,,2021-03-11,,,{},false,{},false,false,,false,,,,,,,false,,UK210923102868,,[],3117,3,{},false,5e432229-d09f-49e4-8ef3-551b3d13365e,2021-09-14 10:31:18.558490,2022-10-26 15:29:12.009246,UK210923600402,GA BRIEL MOSSY,false,2022-08-23 08:15:45.000,2021-07-30,,false,1112.0,,,ddcf29a2-4007-4fc4-96b3-b538224b5091,{},3176.0,4145.0,,,,,,,false,UK210923600402,,UK210923102868,GABRIELMOSSY,false,,false,,false,
dc6105c9-f04e-4a6a-8b18-5aed301814a3,5709975f-a221-4ca4-959e-c967c72a2252,false,,2021-03-05,,,{},false,{},false,false,,false,,,,,29503546-9e29-4974-aa3c-f321aa51e6da,,false,937 000002613427,UK722969405824,,[],3117,3,{},false,29ae86ef-30b2-45a6-b6cc-0d641d22a7eb,2021-09-14 10:11:42.220593,2022-10-26 15:54:20.236718,UK722969604902,UK742194400384,false,2022-08-23 08:15:45.000,2021-07-30,,false,1112.0,,,ddcf29a2-4007-4fc4-96b3-b538224b5091,{},3176.0,4145.0,,,,,,,false,UK722969604902,937000002613427,UK722969405824,UK742194400384,false,,false,,false,
e08b2d7c-4a2d-4fd4-b3e3-9456bc7b9824,3ee83986-2d56-4f2d-9526-8da1596438a0,false,,2021-03-18,,,{},false,{},true,true,,false,,,,,,,false,,UK317104300759,,[],3117,3,{},false,,2021-09-14 10:31:23.690753,2022-10-19 14:00:42.976471,UK303763502947,UK313622300109,false,2022-01-06 12:22:33.000,2021-07-30,,false,,,,,{},,4145.0,,,,,,,false,UK303763502947,,UK317104300759,UK313622300109,false,,false,,false,
888c2139-771a-470e-a2ba-97ab06263b60,4e81207b-dd6d-45b0-afc9-818b978c5131,false,,2021-05-12,,,,false,,false,false,,false,,,,eea8cd85-dc45-4ecb-a34f-cacaef14c06d,79a6f95f-a17d-42db-bd99-9cd0cba4321d,,false,,UK286760601674,,[],3117,3,{},false,,2022-10-27 11:35:31.714390,2023-03-07 08:25:24.493560,UK286760601471,UK303596702930,false,2023-03-06 08:20:40.000,2021-05-12,,false,,,,a88ecf99-075e-40c8-bd32-b69fa4b32978,"{""bcms_sync_history_info_at"": ""2022-10-27T11:37:43.315422+00:00""}",3176.0,,2023-03-08 00:40:34.145368,,,,,,false,UK286760601471,,UK286760601674,UK303596702930,false,,false,,false,
8c6748b0-8942-4ac3-8af2-95c9732c595c,fa1b8abc-477e-4a03-9edf-89bc6db35922,false,,2022-02-21,255.4,,,false,{},true,true,,false,,,XXXX,,,,false,,UK323773105716,2024-04-02 00:00:00,[],3117,3,{},false,,2022-09-23 14:25:00.111965,2024-04-16 14:32:30.946087,UK323773403549,XXXX CENTRE,false,2024-04-01 14:22:47.000,2022-09-22,,false,,,,55daad6e-33ea-42fb-b41c-74ac85b6a068,"{""bcms_sync_history_info_at"": ""2022-10-27T11:37:57.393716+00:00""}",3176.0,,2024-04-02 01:16:37.489772,,+3,O+3,,,false,UK323773403549,,UK323773105716,XXXXCENTRE,false,,false,,false,
affc71e8-ae23-49d1-b03c-15f85d55cb0a,fa1b8abc-477e-4a03-9edf-89bc6db35922,false,,2022-03-25,214.2,,,false,{},false,false,,false,,,XXXX,,,,false,,UK323773205843,2024-04-02 00:00:00,[],3117,3,{},false,,2022-09-23 14:25:04.776046,2024-04-16 14:32:30.834358,UK323773102825,XXXX CENTRE,false,2024-04-01 14:22:47.000,2022-09-22,,false,,,,55daad6e-33ea-42fb-b41c-74ac85b6a068,"{""bcms_sync_history_info_at"": ""2022-10-27T11:38:46.314166+00:00""}",3176.0,,2024-04-02 01:16:49.290243,,O3,-O3,,,false,UK323773102825,,UK323773205843,XXXXCENTRE,false,,false,,false,
7b7a7362-09be-4ab1-8de1-f0241d79eb80,fa1b8abc-477e-4a03-9edf-89bc6db35922,false,,2022-03-10,229.9,,,false,{},false,false,,false,,,XXXX,,,,false,,UK323773605805,2024-04-02 00:00:00,[],3117,3,{},false,,2022-09-23 14:25:03.014506,2024-04-16 14:32:31.176993,UK323773103672,XXXX CENTRE,false,2024-04-01 14:22:47.000,2022-09-22,,false,,,,55daad6e-33ea-42fb-b41c-74ac85b6a068,"{""bcms_sync_history_info_at"": ""2022-10-27T11:38:29.908397+00:00""}",3176.0,,2024-04-02 01:16:44.335616,,O3,-O3,,,false,UK323773103672,,UK323773605805,XXXXCENTRE,false,,false,,false,
e90a213d-9214-47b8-97c5-b8f6516ee30d,fa1b8abc-477e-4a03-9edf-89bc6db35922,false,,2022-02-22,212.3,,,false,{},false,false,,false,,,XXXX,,,,false,,UK323773405726,2024-04-02 00:00:00,[],3117,3,{},false,,2022-09-23 14:25:00.558658,2024-04-16 14:32:31.043657,UK323773304689,XXXX CENTRE,false,2024-04-01 14:22:47.000,2022-09-22,,false,,,,55daad6e-33ea-42fb-b41c-74ac85b6a068,"{""bcms_sync_history_info_at"": ""2022-10-27T11:37:56.426248+00:00""}",3176.0,,2024-04-02 01:16:38.696788,,O3,-O3,,,false,UK323773304689,,UK323773405726,XXXXCENTRE,false,,false,,false,
8647de4f-acec-43b4-b80a-7d367b40d2d1,fa1b8abc-477e-4a03-9edf-89bc6db35922,false,,2022-02-27,226.4,,,false,{},true,true,,false,,,XXXX,,,,false,,UK323773105751,2024-04-23 00:00:00,[],3117,3,{},false,,2022-09-23 14:25:01.089925,2024-04-22 15:15:28.573088,UK323773604741,XXXX CENTRE,false,2024-04-22 15:10:25.683,2022-09-22,,false,,,,ddcf29a2-4007-4fc4-96b3-b538224b5091,"{""bcms_sync_history_info_at"": ""2022-10-27T11:38:53.307832+00:00""}",3176.0,,2024-04-23 01:22:22.527934,,O3,-O3,,,false,UK323773604741,,UK323773105751,XXXXCENTRE,false,,false,,false,
948ac2a7-1ca1-4ac8-8d25-7c93a0f6e5b6,fa1b8abc-477e-4a03-9edf-89bc6db35922,false,,2022-03-01,245.8,,,false,{},true,true,,false,,,XXXX,,,,false,,UK323773405761,2024-04-23 00:00:00,[],3117,3,{},false,,2022-09-23 14:25:01.407397,2024-04-22 15:15:28.604171,UK323773403493,XXXX CENTRE,false,2024-04-22 15:10:25.683,2022-09-22,,false,,,,9c6742d4-5408-4bc1-b622-cdfff7a27569,"{""bcms_sync_history_info_at"": ""2022-10-27T11:37:59.487144+00:00""}",3176.0,,2024-04-23 01:22:23.440418,,O3,-O3,,,false,UK323773403493,,UK323773405761,XXXXCENTRE,false,,false,,false,
2755185e-96a0-4910-896c-880d5d3393f6,8732c7aa-0c01-4226-adb5-be660ca52d23,false,,2016-05-20,,,,false,,false,false,,false,,,,,,,false,,UK286760201369,,[],3117,3,{},false,,2022-10-27 11:35:21.804124,2023-09-19 16:00:44.765738,UK286760600260,UK286760400734,true,,2016-05-20,,true,,,,a88ecf99-075e-40c8-bd32-b69fa4b32978,"{""bcms_sync_history_info_at"": ""2022-10-27T11:36:14.045064+00:00""}",3176.0,,2024-05-01 00:46:47.108498,,,,,,true,UK286760600260,,UK286760201369,UK286760400734,false,,false,,false,
b050aa92-a5b9-4475-a70c-108740d18db3,8732c7aa-0c01-4226-adb5-be660ca52d23,false,,2009-05-06,,,,false,,false,false,,false,,,,,,,false,,UK286760300761,,[],3117,3,{},false,,2022-10-27 11:35:17.880590,2023-09-19 16:00:44.765738,UKND0973 00346,,true,,2013-03-14,,true,,,,a88ecf99-075e-40c8-bd32-b69fa4b32978,"{""bcms_sync_history_info_at"": ""2022-10-27T11:35:49.872432+00:00""}",3176.0,,2024-05-01 00:46:41.021457,,,,,,true,UKND097300346,,UK286760300761,,false,,false,,false,
f64ceb5c-5de6-42c0-b9d6-6b213626176d,8732c7aa-0c01-4226-adb5-be660ca52d23,false,,2021-06-07,,,,false,,false,false,,false,,,,,,,false,,UK286760601716,,[],3117,3,{},false,,2022-10-27 11:35:37.233376,2023-09-19 16:00:44.765738,UK286760201327,UK706021602429,true,,2021-06-07,,true,,,,a88ecf99-075e-40c8-bd32-b69fa4b32978,"{""bcms_sync_history_info_at"": ""2022-10-27T11:37:03.102620+00:00""}",3176.0,,2024-05-01 00:47:10.505082,,,,,,true,UK286760201327,,UK286760601716,UK706021602429,false,,false,,false,
348e366a-3904-46aa-926d-49f9069d23fa,6d2f8d45-38a1-4321-bc1d-3f7d34b14cb3,false,,2022-04-28,,,,false,,false,false,,false,,,,e1754e28-0e68-4d56-870e-727df663e608,79a6f95f-a17d-42db-bd99-9cd0cba4321d,,false,,UK286760701731,,[],3117,3,{},false,,2022-10-27 11:35:39.249954,2023-11-20 14:27:26.302423,UK286760301083,UK303596702930,true,,2022-04-28,,true,,,,a88ecf99-075e-40c8-bd32-b69fa4b32978,"{""bcms_sync_history_info_at"": ""2022-10-27T11:36:44.854883+00:00""}",3176.0,,2024-05-01 00:47:12.678921,,,,,,false,UK286760301083,,UK286760701731,UK303596702930,false,,false,,false,
6e4902df-479d-4ff3-9275-17372a9bc576,8732c7aa-0c01-4226-adb5-be660ca52d23,false,,2018-04-27,,,,false,,false,false,,false,,,,,75b34d7f-fed4-422e-980d-64ebe455f23f,,false,,UK286760101480,,[],3117,3,{},false,,2022-10-27 11:35:23.016489,2023-09-19 16:00:44.765738,UK286760700604,UK311688400085,true,,2018-04-27,,true,,,,a88ecf99-075e-40c8-bd32-b69fa4b32978,"{""bcms_sync_history_info_at"": ""2022-10-27T11:37:25.641976+00:00""}",3176.0,,2024-05-01 00:46:50.134888,,,,,,true,UK286760700604,,UK286760101480,UK311688400085,false,,false,,false,
71d0f202-9b7f-4b6f-87f9-c8067b01bc69,8732c7aa-0c01-4226-adb5-be660ca52d23,false,,2020-04-23,,,,false,,false,false,,false,,,,0b4e5344-ae6a-4942-bf67-293a0b305e6f,75b34d7f-fed4-422e-980d-64ebe455f23f,,false,,UK286760501610,,[],3117,3,{},false,,2022-10-27 11:35:26.449375,2023-09-19 16:00:44.765738,UK286760401329,UK311688400085,true,,2020-04-23,,true,,,,a88ecf99-075e-40c8-bd32-b69fa4b32978,"{""bcms_sync_history_info_at"": ""2022-10-27T11:36:14.223243+00:00""}",3176.0,,2024-05-01 00:46:55.895187,,,,,,true,UK286760401329,,UK286760501610,UK311688400085,false,,false,,false,
a2131a21-46fb-4f5e-97eb-8572656b13b5,8732c7aa-0c01-4226-adb5-be660ca52d23,false,,2018-05-29,,,,false,,false,false,,false,,,,e16ffb1b-58ea-448d-bdd5-b6031b803ad2,75b34d7f-fed4-422e-980d-64ebe455f23f,,false,,UK286760401511,,[],3117,3,{},false,,2022-10-27 11:35:24.101147,2023-09-19 16:00:44.765738,UK286760501218,UK311688400085,true,,2018-05-29,,true,,,,a88ecf99-075e-40c8-bd32-b69fa4b32978,"{""bcms_sync_history_info_at"": ""2022-10-27T11:36:23.418842+00:00""}",3176.0,,2024-05-01 00:46:53.043146,,,,,,true,UK286760501218,,UK286760401511,UK311688400085,false,,false,,false,
5fb45706-4255-438a-a5d8-29654eb650b1,8732c7aa-0c01-4226-adb5-be660ca52d23,false,,2021-05-16,,,,false,,false,false,,false,,,,084fae05-8529-425c-a66c-7e76958b9ebf,79a6f95f-a17d-42db-bd99-9cd0cba4321d,,false,,UK286760201677,,[],3117,3,{},false,,2022-10-27 11:35:32.178552,2023-09-19 16:00:44.765738,UK286760700975,UK303596702930,true,,2021-05-16,,true,,,,a88ecf99-075e-40c8-bd32-b69fa4b32978,"{""bcms_sync_history_info_at"": ""2022-10-27T11:36:50.042548+00:00""}",3176.0,,2024-05-01 00:47:05.126717,,,,,,true,UK286760700975,,UK286760201677,UK303596702930,false,,false,,false,
77396068-d56b-4fe3-98e3-5367eeba76fc,8732c7aa-0c01-4226-adb5-be660ca52d23,false,,2021-05-22,,,,false,,false,false,,false,,,,33a6e4d7-3dec-48b1-8024-5d1ddc66a318,79a6f95f-a17d-42db-bd99-9cd0cba4321d,,false,,UK286760101683,,[],3117,3,{},false,,2022-10-27 11:35:33.155185,2023-09-19 16:00:44.765738,UK286760501267,UK303596702930,true,,2021-05-22,,true,,,,a88ecf99-075e-40c8-bd32-b69fa4b32978,"{""bcms_sync_history_info_at"": ""2022-10-27T11:36:30.799975+00:00""}",3176.0,,2024-05-01 00:47:06.418523,,,,,,true,UK286760501267,,UK286760101683,UK303596702930,false,,false,,false,
9d0a4414-f0cd-417a-b806-3718101636e0,6d2f8d45-38a1-4321-bc1d-3f7d34b14cb3,false,,2022-05-11,,,,false,,false,true,,false,,,,6c98aa3b-9ec8-41b1-9225-a394db5bb730,75b34d7f-fed4-422e-980d-64ebe455f23f,,false,,UK286760301741,,[],3117,3,{},false,,2022-10-27 11:35:40.822770,2024-01-10 14:34:29.573819,UK286760701178,UK311688400085,true,,2022-05-11,,true,,,,a88ecf99-075e-40c8-bd32-b69fa4b32978,"{""bcms_sync_history_info_at"": ""2022-10-27T11:36:49.830658+00:00""}",3176.0,,2024-05-01 00:47:16.009160,,,,,,false,UK286760701178,,UK286760301741,UK311688400085,false,,false,,false,
06ab4e04-1447-47a0-9a20-a6f7573939c5,6d2f8d45-38a1-4321-bc1d-3f7d34b14cb3,false,,2022-06-20,,,,false,,false,true,,false,,,,996a3ccd-02bb-4217-867d-2e01f8beb862,79a6f95f-a17d-42db-bd99-9cd0cba4321d,,false,,UK286760301797,,[],3117,3,{},false,,2022-10-27 11:35:49.511329,2024-01-10 14:35:17.026091,UK286760701479,UK303596702930,true,,2022-06-20,,true,,,,a88ecf99-075e-40c8-bd32-b69fa4b32978,"{""bcms_sync_history_info_at"": ""2022-10-27T11:37:59.708721+00:00""}",3176.0,,2024-05-01 00:47:36.802911,,,,,,false,UK286760701479,,UK286760301797,UK303596702930,false,,false,,false,
81d6091a-fb13-4559-a689-bb34b89045e7,6d2f8d45-38a1-4321-bc1d-3f7d34b14cb3,false,,2022-05-22,,,,false,,false,true,,false,,,,aeff3779-3e3a-4ba0-abfc-64b83070cfe9,27093282-0d47-4aaf-a8de-f15cf5a9c6c1,,false,,UK286760201768,,[],3117,3,{},false,,2022-10-27 11:35:45.097892,2024-01-10 14:34:55.061933,UK286760201649,UK307558500093,true,,2022-05-22,,true,,,,a88ecf99-075e-40c8-bd32-b69fa4b32978,"{""bcms_sync_history_info_at"": ""2022-10-27T11:37:45.182523+00:00""}",3176.0,,2024-05-01 00:47:26.745219,,,,,,false,UK286760201649,,UK286760201768,UK307558500093,false,,false,,false,
5902ff4e-3a0a-4272-84cf-c15cf171b168,6d2f8d45-38a1-4321-bc1d-3f7d34b14cb3,false,,2022-06-04,,,,false,,false,true,,false,,,,1b240021-f1cc-447c-874c-a243e4669aa9,27093282-0d47-4aaf-a8de-f15cf5a9c6c1,,false,,UK286760101788,,[],3117,3,{},false,,2022-10-27 11:35:48.099998,2024-01-10 14:35:05.012073,UK286760701619,UK307558500093,true,,2022-06-04,,true,,,,a88ecf99-075e-40c8-bd32-b69fa4b32978,"{""bcms_sync_history_info_at"": ""2022-10-27T11:38:17.012122+00:00""}",3176.0,,2024-05-01 00:47:33.618285,,,,,,false,UK286760701619,,UK286760101788,UK307558500093,false,,false,,false,
77a8fede-fe53-4197-a802-58c5ebf0708d,6d2f8d45-38a1-4321-bc1d-3f7d34b14cb3,false,,2022-06-06,,,,false,,false,false,,false,,,,33a6e4d7-3dec-48b1-8024-5d1ddc66a318,79a6f95f-a17d-42db-bd99-9cd0cba4321d,,false,,UK286760401791,,[],3117,3,{},false,,2022-10-27 11:35:48.556865,2023-11-20 14:27:17.986434,UK286760501267,UK303596702930,true,,2022-06-06,,true,,,,a88ecf99-075e-40c8-bd32-b69fa4b32978,"{""bcms_sync_history_info_at"": ""2022-10-27T11:38:31.157552+00:00""}",3176.0,,2024-05-01 00:47:34.377005,,,,,,false,UK286760501267,,UK286760401791,UK303596702930,false,,false,,false,
c9cfd07f-691c-44f9-a79d-4baf6c9bb7a8,6d2f8d45-38a1-4321-bc1d-3f7d34b14cb3,false,,2022-06-09,,,,false,,false,false,,false,,,,325eb7e4-b176-4975-8c84-5d4579ee847f,27093282-0d47-4aaf-a8de-f15cf5a9c6c1,,false,,UK286760501792,,[],3117,3,{},false,,2022-10-27 11:35:48.708625,2024-01-10 14:34:54.940390,UK286760701633,UK307558500093,true,,2022-06-09,,true,,,,a88ecf99-075e-40c8-bd32-b69fa4b32978,"{""bcms_sync_history_info_at"": ""2022-10-27T11:37:14.668832+00:00""}",3176.0,,2024-05-01 00:47:34.727899,,,,,,false,UK286760701633,,UK286760501792,UK307558500093,false,,false,,false,
32f6849b-c37f-4105-8e1b-7326ed2a2d9c,b68ab45f-c243-4e2e-b3f4-47b7f367d7f4,false,,2023-05-17,,,,false,,false,false,,false,,,,490951fb-0ec8-4df9-9d38-c284dcfa416b,75b34d7f-fed4-422e-980d-64ebe455f23f,,false,,UK286760301811,,[],3117,3,{},false,,2023-05-28 00:39:45.112800,2024-03-18 13:01:00.079119,UK286760201656,UK311688400085,true,,2023-05-17,,true,,,,a88ecf99-075e-40c8-bd32-b69fa4b32978,"{""bcms_sync_history_info_at"": ""2023-05-28T02:28:44.677046+00:00""}",3176.0,,2024-05-01 00:47:41.838968,,,,,,false,UK286760201656,,UK286760301811,UK311688400085,false,,false,,false,
1b40cd42-673f-4696-a9d3-596ab2335437,b68ab45f-c243-4e2e-b3f4-47b7f367d7f4,false,,2023-07-10,,,,false,,false,true,,false,,,,f64ceb5c-5de6-42c0-b9d6-6b213626176d,27093282-0d47-4aaf-a8de-f15cf5a9c6c1,,false,,UK286760101872,,[],3117,3,{},false,,2023-07-19 00:46:23.370107,2023-09-19 15:59:55.642023,UK286760601716,UK307558500093,true,,2023-07-10,,true,,,,a88ecf99-075e-40c8-bd32-b69fa4b32978,"{""bcms_sync_history_info_at"": ""2023-07-19T02:03:43.651653+00:00""}",3176.0,,2024-05-01 00:48:06.650915,,,,,,false,UK286760601716,,UK286760101872,UK307558500093,false,,false,,false,
a1076318-0a70-4d66-8393-4150728097a4,b68ab45f-c243-4e2e-b3f4-47b7f367d7f4,false,,2023-06-01,,,,false,,false,false,,false,,,,63c51867-4d23-4d84-acd8-a877a6011c36,9d8ce68c-5459-4967-aac8-a0ff04a29c2b,,false,,UK286760301846,,[],3117,3,{},false,,2023-06-04 00:56:28.800969,2024-03-18 13:00:01.920113,UK286760501281,UK286872501057,true,,2023-06-01,,true,,,,a88ecf99-075e-40c8-bd32-b69fa4b32978,"{""bcms_sync_history_info_at"": ""2023-06-04T02:03:24.886927+00:00""}",3176.0,,2024-05-01 00:47:57.286400,,,,,,false,UK286760501281,,UK286760301846,UK286872501057,false,,false,,false,
af1b5547-74c7-48f2-b2d9-444d0d956251,b68ab45f-c243-4e2e-b3f4-47b7f367d7f4,false,,2023-07-04,,,,false,,false,false,,false,,,,fa0b5f4f-42aa-486e-9edc-296fe52ae400,75b34d7f-fed4-422e-980d-64ebe455f23f,,false,,UK286760701871,,[],3117,3,{},false,,2023-07-07 01:09:54.704280,2024-03-18 13:01:51.392246,UK286760501645,UK311688400085,true,,2023-07-04,,true,,,,a88ecf99-075e-40c8-bd32-b69fa4b32978,"{""bcms_sync_history_info_at"": ""2023-07-07T02:28:01.564713+00:00""}",3176.0,,2024-05-01 00:48:06.186974,,,,,,false,UK286760501645,,UK286760701871,UK311688400085,false,,false,,false,
a0417cdc-1cdc-4d93-9ac5-f7bc220e99a2,b68ab45f-c243-4e2e-b3f4-47b7f367d7f4,false,,2023-05-25,,,,false,,false,true,,false,,,,adffde2c-6d40-443f-9e37-97a99f214c57,27093282-0d47-4aaf-a8de-f15cf5a9c6c1,,false,,UK286760201831,,[],3117,3,{},false,,2023-05-28 00:39:49.311063,2024-03-18 13:00:26.554288,UK286760101676,UK307558500093,true,,2023-05-25,,true,,,,a88ecf99-075e-40c8-bd32-b69fa4b32978,"{""bcms_sync_history_info_at"": ""2023-05-28T02:28:41.927707+00:00""}",3176.0,,2024-05-01 00:47:51.697756,,,,,,false,UK286760101676,,UK286760201831,UK307558500093,false,,false,,false,
0cfa3824-713e-4f25-8114-33fd3e4c26db,8732c7aa-0c01-4226-adb5-be660ca52d23,false,,2021-05-24,,,,false,,false,false,,false,,,,a790842e-a8bd-40fe-bc72-e2fa02507c7b,75b34d7f-fed4-422e-980d-64ebe455f23f,,false,,UK286760301692,,[],3117,3,{},false,,2022-10-27 11:35:34.261246,2024-03-08 11:38:23.521229,UK286760701157,UK311688400085,false,2024-03-06 11:37:41.000,2021-05-24,,false,,,,a88ecf99-075e-40c8-bd32-b69fa4b32978,"{""bcms_sync_history_info_at"": ""2022-10-27T11:37:04.331171+00:00""}",3176.0,,2024-03-09 00:19:02.118525,,,,,,true,UK286760701157,,UK286760301692,UK311688400085,false,,false,,false,
ff4ffcc3-f1b8-45d2-9135-b816b2d4f033,8732c7aa-0c01-4226-adb5-be660ca52d23,false,,2021-06-12,,,,false,,false,false,,false,,,,,79a6f95f-a17d-42db-bd99-9cd0cba4321d,,false,,UK286760601723,,[],3117,3,{},false,,2022-10-27 11:35:38.325914,2024-02-29 08:49:33.337909,UK286760700947,UK303596702930,false,2024-02-20 08:47:03.000,2021-06-12,,false,,,,a88ecf99-075e-40c8-bd32-b69fa4b32978,"{""bcms_sync_history_info_at"": ""2022-10-27T11:36:46.161768+00:00""}",3176.0,,2024-02-21 00:21:35.893790,,,,,,true,UK286760700947,,UK286760601723,UK303596702930,false,,false,,false,
ecb127fd-6380-42bb-8622-d9815649ef65,5709975f-a221-4ca4-959e-c967c72a2252,false,,2021-03-31,,,{},false,{},false,true,,false,,,,,,,false,,UK317104400753,,[],3117,3,{},false,55c16e59-483d-4829-ad40-80bbc2195ac7,2021-09-14 10:31:24.634939,2022-10-26 16:32:29.771448,UK303763403268,UK313622300109,false,2022-08-23 08:15:45.000,2021-07-30,,false,1112.0,,,ddcf29a2-4007-4fc4-96b3-b538224b5091,{},3176.0,4145.0,,,,,,,false,UK303763403268,,UK317104400753,UK313622300109,false,,false,,false,
fc505bba-136b-44a0-8a3a-3694fbf7a83d,5709975f-a221-4ca4-959e-c967c72a2252,false,,2021-03-09,,,{},false,{},false,false,,false,,,,,,,false,937 000002613451,UK722969705848,,[],3117,3,{},false,c6ee8961-fff1-4e25-b6cc-cc72ff78ce0f,2021-09-14 10:11:57.955480,2022-10-11 08:14:20.011867,UK722969703685,UK722871100298,false,2022-08-23 08:15:45.000,2021-07-30,,false,1112.0,,,847ff71a-d85d-4d74-a793-7498992f2a11,{},3176.0,4145.0,,,,,,,false,UK722969703685,937000002613451,UK722969705848,UK722871100298,false,,false,,false,
6b25474f-866e-4efa-bbe9-ae9f50c78b4a,3ee83986-2d56-4f2d-9526-8da1596438a0,false,,2021-03-22,264.4,,{},false,{},false,false,,false,,,XXXX,,,,false,,UK210923702937,2023-03-16 00:00:00,[],3117,3,{},false,f2d7562f-c72e-4ac0-828b-57f30de3f742,2021-09-14 10:31:23.047249,2023-05-31 10:58:53.608569,UK211225700111,GA BRIEL MOSSY,false,2022-09-21 08:55:16.000,2021-07-30,,false,,,,,{},,4145.0,,,O+,O+4H,,,false,UK211225700111,,UK210923702937,GABRIELMOSSY,false,,false,,false,
3d789e18-25f3-4592-8c44-f9af9e5f68f4,6d2f8d45-38a1-4321-bc1d-3f7d34b14cb3,false,,2022-05-18,,,,false,,false,false,,false,,,,0c2cbea2-9b54-48b6-a255-46a526300542,79a6f95f-a17d-42db-bd99-9cd0cba4321d,,false,,UK286760101760,,[],3117,3,{},false,,2022-10-27 11:35:43.857649,2023-04-11 11:06:28.507829,UK286760301216,UK303596702930,false,2023-04-06 10:55:26.000,2022-05-18,,false,,,,a88ecf99-075e-40c8-bd32-b69fa4b32978,"{""bcms_sync_history_info_at"": ""2022-10-27T11:36:33.831656+00:00""}",3176.0,,2023-04-12 00:54:49.224191,,,,,,false,UK286760301216,,UK286760101760,UK303596702930,false,,false,,false,
5f093683-cd91-483a-9d7c-0a85462dcb21,3ee83986-2d56-4f2d-9526-8da1596438a0,false,,2021-03-02,267.0,,{},false,{},true,true,,false,,,XXXX,,,,false,937 000002508509,UK722969205808,2023-03-16 00:00:00,[],3117,3,{},false,d42598b4-494f-4658-8a8f-8dcaa5e8d3b3,2021-09-14 10:11:48.771682,2023-03-20 14:35:41.484391,UK722969604202,UK742194700324,false,2022-09-21 08:55:16.000,2021-07-30,,false,,,,,{},,4145.0,,,4L,O+4L,,,false,UK722969604202,937000002508509,UK722969205808,UK742194700324,false,,false,,false,
ef16d4b4-7d59-4678-b45c-05e8eb6e0f72,fa1b8abc-477e-4a03-9edf-89bc6db35922,false,,2022-02-14,,,,false,{},true,true,,false,,,XXXX,,,,false,,UK323773605665,,[],3117,3,{},false,,2022-09-23 14:24:58.297131,2023-11-17 09:46:20.933965,UK323773502955,XXXX CENTRE,false,2023-04-06 10:55:26.000,2022-09-22,,false,,,,a6c8945f-0d32-478d-b447-5fd0c38192d7,"{""bcms_sync_history_info_at"": ""2022-10-27T11:37:56.977018+00:00""}",3176.0,,2023-04-12 00:54:54.123098,,,,,,false,,,UK323773605665,,false,,false,,false,
7657550f-b2af-46c9-a2d2-e500b8137e6e,3ee83986-2d56-4f2d-9526-8da1596438a0,false,,2021-02-28,291.2,,{},false,{},true,true,,false,,,XXXX,,,,false,937 000002508500,UK722969705799,2023-03-09 00:00:00,[],3117,3,{},false,6dc97021-b015-48c1-bd09-5b14ae628e22,2021-09-14 10:11:30.900455,2023-03-10 17:16:03.768389,UK722969604503,UK742194700324,false,2022-09-21 08:55:16.000,2021-07-30,,false,,,,,{},,4145.0,,,4H,O+4H,,,false,UK722969604503,937000002508500,UK722969705799,UK742194700324,false,,false,,false,
59a33b26-bd16-4e40-b289-7a163a96ff69,5709975f-a221-4ca4-959e-c967c72a2252,false,,2021-02-28,,,{},false,{},false,true,,false,,,,,,,false,,UK320610411664,,[],3117,3,{},false,40faa10f-7e82-4729-9b17-30834b40c1b0,2021-09-14 10:27:52.098433,2022-10-26 16:23:44.082200,UK320610208029,PROTEUS,false,2022-08-23 08:15:45.000,2021-07-30,,false,1112.0,,,9c6742d4-5408-4bc1-b622-cdfff7a27569,{},3176.0,4145.0,,,,,,,false,UK320610208029,,UK320610411664,PROTEUS,false,,false,,false,
9cd00ee2-afcb-4465-b229-398e609e3a0d,5709975f-a221-4ca4-959e-c967c72a2252,false,,2021-02-27,,,{},false,{},false,false,,false,,,,,29503546-9e29-4974-aa3c-f321aa51e6da,,false,937 000002508494,UK722969105793,,[],3117,3,{},false,8801b488-0d55-46e6-8b72-ecae7ffb0815,2021-09-14 10:11:32.546716,2022-10-26 15:35:39.580897,UK722969204716,UK742194400384,false,2022-08-23 08:15:45.000,2021-07-30,,false,1112.0,,,9c6742d4-5408-4bc1-b622-cdfff7a27569,{},3176.0,3877.0,,,,,,,false,UK722969204716,937000002508494,UK722969105793,UK742194400384,false,,false,,false,
797565bb-9968-444b-9af2-9eac79ca44c6,4dd3ca36-6f51-4d43-b8ab-3c8977060df1,false,,2021-02-24,264.0,,{},false,{},false,false,,false,,,XXXX,,29503546-9e29-4974-aa3c-f321aa51e6da,,false,937 000002508480,UK722969105779,2023-03-16 00:00:00,[],3117,3,{},false,2b1547db-e144-455e-b88b-d208c137360e,2021-09-14 10:11:42.835244,2023-03-20 14:35:40.030167,UK722969404704,UK742194400384,false,2022-09-21 08:55:16.000,2021-07-30,,false,,,,,{},,3877.0,,,4L,O+4L,,,false,UK722969404704,937000002508480,UK722969105779,UK742194400384,false,,false,,false,
4db75807-35e2-485f-a7b2-612e30fec7be,4e81207b-dd6d-45b0-afc9-818b978c5131,false,,2021-05-25,,,,false,,false,true,,false,,,,,,,false,,UK286760301699,,[],3117,3,{},false,,2022-10-27 11:35:35.191606,2023-03-07 08:25:24.493560,UK286760201509,UK706021602429,false,2023-03-06 08:20:40.000,2021-05-25,,false,,,,a88ecf99-075e-40c8-bd32-b69fa4b32978,"{""bcms_sync_history_info_at"": ""2022-10-27T11:37:22.511926+00:00""}",3176.0,,2023-03-08 00:40:37.254431,,,,,,false,UK286760201509,,UK286760301699,UK706021602429,false,,false,,false,
de3527e5-ed46-41e0-9fb8-0166a9e21fe6,fa1b8abc-477e-4a03-9edf-89bc6db35922,false,,2022-03-04,,,,false,{},true,true,,false,,,XXXX,,,,false,,UK323773305781,,[],3117,3,{},false,,2022-09-23 14:25:02.052260,2023-12-11 12:35:01.839159,UK323773504747,XXXX CENTRE,false,2023-12-10 12:31:42.000,2022-09-22,,false,,,,9c6742d4-5408-4bc1-b622-cdfff7a27569,"{""bcms_sync_history_info_at"": ""2022-10-27T11:38:15.944185+00:00""}",3176.0,,2023-12-12 00:36:04.797101,,,,,,false,UK323773504747,,UK323773305781,XXXXCENTRE,false,,false,,false,
85dba3b1-819b-4c61-b64c-9584d64f9236,fa1b8abc-477e-4a03-9edf-89bc6db35922,false,,2022-02-20,279.1,,,false,{},false,false,,false,,,XXXX,,,,false,,UK323773205710,2024-04-02 00:00:00,[],3117,3,{},false,,2022-09-23 14:24:59.884286,2024-04-16 14:32:31.293052,UK323773504124,XXXX CENTRE,false,2024-04-01 14:22:47.000,2022-09-22,,false,,,,55daad6e-33ea-42fb-b41c-74ac85b6a068,"{""bcms_sync_history_info_at"": ""2022-10-27T11:37:21.825568+00:00""}",3176.0,,2024-04-02 01:16:36.784844,,O3,-O3,,,false,UK323773504124,,UK323773205710,XXXXCENTRE,false,,false,,false,
db8e96cd-8a53-43b8-a241-6cebe548edc1,fa1b8abc-477e-4a03-9edf-89bc6db35922,false,,2022-03-15,226.6,,,false,{},false,false,,false,,,XXXX,,,,false,,UK323773605819,2024-04-02 00:00:00,[],3117,3,{},false,,2022-09-23 14:25:03.586245,2024-04-16 14:32:31.117916,UK323773703559,XXXX CENTRE,false,2024-04-01 14:22:47.000,2022-09-22,,false,,,,55daad6e-33ea-42fb-b41c-74ac85b6a068,"{""bcms_sync_history_info_at"": ""2022-10-27T11:37:42.277571+00:00""}",3176.0,,2024-04-02 01:16:45.979407,,O3,-O3,,,false,UK323773703559,,UK323773605819,XXXXCENTRE,false,,false,,false,
6e05d9d5-6117-4125-9f4f-e822e8849b14,fa1b8abc-477e-4a03-9edf-89bc6db35922,false,,2022-03-14,241.8,,,false,{},true,true,,false,,,XXXX,,,,false,,UK323773305816,2024-04-02 00:00:00,[],3117,3,{},false,,2022-09-23 14:25:03.500286,2024-04-16 14:32:31.136225,UK323773504670,XXXX CENTRE,false,2024-04-01 14:22:47.000,2022-09-22,,false,,,,55daad6e-33ea-42fb-b41c-74ac85b6a068,"{""bcms_sync_history_info_at"": ""2022-10-27T11:38:33.563912+00:00""}",3176.0,,2024-04-02 01:16:45.723400,,+3,O+3,,,false,UK323773504670,,UK323773305816,XXXXCENTRE,false,,false,,false,
4df4bf16-ae17-462f-8f08-d54c9155eea1,fa1b8abc-477e-4a03-9edf-89bc6db35922,false,,2022-02-24,265.8,,,false,{},true,true,,false,,,XXXX,,,,false,,UK323773405740,2024-04-02 00:00:00,[],3117,3,{},false,,2022-09-23 14:25:00.707210,2024-04-16 14:32:31.154611,UK323773603215,XXXX CENTRE,false,2024-04-01 14:22:47.000,2022-09-22,,false,,,,55daad6e-33ea-42fb-b41c-74ac85b6a068,"{""bcms_sync_history_info_at"": ""2022-10-27T11:38:52.753982+00:00""}",3176.0,,2024-04-02 01:16:39.003262,,O3,-O3,,,false,UK323773603215,,UK323773405740,XXXXCENTRE,false,,false,,false,
3e8f638b-9280-49e7-82e8-bb295905f0dd,fa1b8abc-477e-4a03-9edf-89bc6db35922,false,,2022-03-13,301.9,,,false,{},true,true,,false,,,XXXX,,,,false,,UK323773505811,2024-04-02 00:00:00,[],3117,3,{},false,,2022-09-23 14:25:03.178954,2024-04-16 14:32:30.816165,UK323773403752,XXXX CENTRE,false,2024-04-01 14:22:47.000,2022-09-22,,false,,,,55daad6e-33ea-42fb-b41c-74ac85b6a068,"{""bcms_sync_history_info_at"": ""2022-10-27T11:38:25.937570+00:00""}",3176.0,,2024-04-02 01:16:44.908732,,O3,-O3,,,false,UK323773403752,,UK323773505811,XXXXCENTRE,false,,false,,false,
e372da76-027c-47f6-a629-7bd21120a292,fa1b8abc-477e-4a03-9edf-89bc6db35922,false,,2022-02-17,239.5,,,false,{},false,false,,false,,,XXXX,,,,false,,UK323773405684,2024-04-02 00:00:00,[],3117,3,{},false,,2022-09-23 14:24:58.913315,2024-04-16 14:32:31.355128,UK323773303107,XXXX CENTRE,false,2024-04-01 14:22:47.000,2022-09-22,,false,,,,55daad6e-33ea-42fb-b41c-74ac85b6a068,"{""bcms_sync_history_info_at"": ""2022-10-27T11:38:13.784413+00:00""}",3176.0,,2024-04-02 01:16:34.590567,,O3,-O3,,,false,UK323773303107,,UK323773405684,XXXXCENTRE,false,,false,,false,
75b34d7f-fed4-422e-980d-64ebe455f23f,f826e20b-e812-4d93-99bd-7957e78d9fff,false,,2011-04-01,,,,false,,false,true,,false,,,,,,,false,,UK311688400085,2023-09-08 15:53:21,[],3117,3,{},false,,2022-10-27 11:35:50.165772,2023-09-19 15:55:08.682883,UK561998300680,,true,,2014-03-27,,false,,,,a88ecf99-075e-40c8-bd32-b69fa4b32978,"{""bcms_sync_history_info_at"": ""2022-10-27T11:39:07.951584+00:00""}",3176.0,,2023-09-12 02:04:09.949994,,,,,,false,UK561998300680,,UK311688400085,,false,,false,,false,
677f0633-2c4e-4df8-9436-d7ce9fee055f,3ee83986-2d56-4f2d-9526-8da1596438a0,false,,2021-03-28,,,{},false,{},true,true,,false,,,,,,,false,,UK210923202960,,[],3117,3,{},false,,2021-09-14 10:31:19.681517,2022-10-19 13:58:25.331169,UK102020203925,GA BRIEL MOSSY,false,2022-01-06 12:22:33.000,2021-07-30,,false,,,,,{},,4145.0,,,,,,,false,UK102020203925,,UK210923202960,GABRIELMOSSY,false,,false,,false,
10505166-001b-47f2-b1e8-cbd9f1405ff1,3ee83986-2d56-4f2d-9526-8da1596438a0,false,,2021-03-08,279.1,,{},false,{},true,true,,false,,,XXXX,,,,false,937 000002613446,UK722969205843,2023-03-16 00:00:00,[],3117,3,{},false,df89e9f2-b1f8-446a-89dd-44641217b95d,2021-09-14 10:11:57.755428,2023-03-20 14:35:39.310429,UK722969303212,UK742194700324,false,2022-09-21 08:55:16.000,2021-07-30,,false,,,,,{},,4145.0,,,4L,O+4L,,,false,UK722969303212,937000002613446,UK722969205843,UK742194700324,false,,false,,false,
8cb7b10f-7ecd-441a-bd83-48b7551a382f,fa1b8abc-477e-4a03-9edf-89bc6db35922,false,,2022-03-24,,,,false,{},false,false,,false,,,XXXX,,,,false,,UK323773105842,,[],3117,3,{},false,,2022-09-23 14:25:04.697903,2023-11-17 09:46:20.933965,UK323773602802,XXXX CENTRE,false,2023-04-06 10:55:26.000,2022-09-22,,false,,,,a6c8945f-0d32-478d-b447-5fd0c38192d7,"{""bcms_sync_history_info_at"": ""2022-10-27T11:37:51.719598+00:00""}",3176.0,,2023-04-12 00:55:01.438677,,,,,,false,,,UK323773105842,,false,,false,,false,
1ada7dfa-25d4-4c80-b306-cef23c2b77af,4e81207b-dd6d-45b0-afc9-818b978c5131,false,,2021-05-15,,,,false,,false,true,,false,,,,,,,false,,UK286760701682,,[],3117,3,{},false,,2022-10-27 11:35:32.982156,2023-01-20 12:43:05.994432,UK286760201537,UK706021602429,false,2023-01-18 09:51:03.000,2021-05-15,,false,,,,a88ecf99-075e-40c8-bd32-b69fa4b32978,"{""bcms_sync_history_info_at"": ""2022-10-27T11:36:46.172728+00:00""}",3176.0,,2023-01-20 00:53:22.301804,,,,,,false,UK286760201537,,UK286760701682,UK706021602429,false,,false,,false,
7cea2341-82f2-44a5-bbe5-db0fd8548fe7,5709975f-a221-4ca4-959e-c967c72a2252,false,,2021-03-12,,,{},false,{},false,false,,false,,,,,,,false,937 000002613459,UK722969105856,,[],3117,3,{},false,4c378813-d25a-4246-a4da-09e6ff12bcb9,2021-09-14 10:11:51.002392,2022-10-26 15:57:30.404066,UK745921701520,UK742194700324,false,2022-08-23 08:15:45.000,2021-07-30,,false,1112.0,,,9c6742d4-5408-4bc1-b622-cdfff7a27569,{},3176.0,4145.0,,,,,,,false,UK745921701520,937000002613459,UK722969105856,UK742194700324,false,,false,,false,
c2b35033-a714-4db3-964c-6b546bf7e6b5,5709975f-a221-4ca4-959e-c967c72a2252,false,,2021-03-04,,,{},false,{},true,true,,false,,,,,,,false,937 000002613426,UK722969305823,,[],3117,3,{},false,141e50d8-11be-4cc2-b773-7dfe849a4bec,2021-09-14 10:11:38.539329,2022-10-26 16:30:36.800962,UK722969703748,UK742194700324,false,2022-08-23 08:15:45.000,2021-07-30,,false,1112.0,,,ddcf29a2-4007-4fc4-96b3-b538224b5091,{},3176.0,4145.0,,,,,,,false,UK722969703748,937000002613426,UK722969305823,UK742194700324,false,,false,,false,
ece8071f-80b9-44b2-b343-1056e4a79dfd,5709975f-a221-4ca4-959e-c967c72a2252,false,,2021-03-19,,,{},false,{},false,false,,false,,,,,,,false,,UK210923102924,,[],3117,3,{},false,58ca28b6-f4a7-419f-a34c-08b7c20d4ec2,2021-09-14 10:31:18.995878,2022-10-26 15:28:07.934505,UK102020203806,GA BRIEL MOSSY,false,2022-08-23 08:15:45.000,2021-07-30,,false,1112.0,,,9c6742d4-5408-4bc1-b622-cdfff7a27569,{},3176.0,4145.0,,,,,,,false,UK102020203806,,UK210923102924,GABRIELMOSSY,false,,false,,false,
7d499dfe-a781-423e-b384-770d65785fe4,3ee83986-2d56-4f2d-9526-8da1596438a0,false,,2021-02-27,260.1,,{},false,{},false,false,,false,,,XXXX,,,,false,937 000002508495,UK722969205794,2023-03-09 00:00:00,[],3117,3,{},false,1e519d7a-5148-4c4f-9268-a9b7d07d30f3,2021-09-14 10:11:40.299701,2023-03-10 17:16:01.979188,UK722969504572,UK742194700324,false,2022-09-21 08:55:16.000,2021-07-30,,false,,,,,{},,4145.0,,,4L,R4L,,,false,UK722969504572,937000002508495,UK722969205794,UK742194700324,false,,false,,false,
7fa8f41a-e525-43cc-b219-e33af5f85ac4,5709975f-a221-4ca4-959e-c967c72a2252,false,,2021-03-04,,,{},false,{},true,true,,false,,,,,,,false,937 000002508521,UK722969705820,,[],3117,3,{},false,364734e2-3ad6-4872-86ec-2cf027585fb6,2021-09-14 10:11:30.073506,2022-10-26 16:11:46.567254,UK722969604489,UK742194700324,false,2022-08-23 08:15:45.000,2021-07-30,,false,1112.0,,,9c6742d4-5408-4bc1-b622-cdfff7a27569,{},3176.0,4145.0,,,,,,,false,UK722969604489,937000002508521,UK722969705820,UK742194700324,false,,false,,false,
10fc5193-b249-4c70-9526-c316b8991d10,3ee83986-2d56-4f2d-9526-8da1596438a0,false,,2021-03-11,276.4,,{},false,{},true,true,,false,,,XXXX,,,,false,937 000002613456,UK722969505853,2023-03-16 00:00:00,[],3117,3,{},false,6108b7ed-5192-4f4f-b0a0-539086a97e86,2021-09-14 10:11:34.677216,2023-03-20 14:35:42.766933,UK341135602169,UK742194700324,false,2022-09-21 08:55:16.000,2021-07-30,,false,,,,,{},,4145.0,,,4L,O+4L,,,false,UK341135602169,937000002613456,UK722969505853,UK742194700324,false,,false,,false,
9cdda4fd-c9b4-45b3-8ec7-ec1551598f99,3ee83986-2d56-4f2d-9526-8da1596438a0,false,,2021-03-07,,,{},false,{},false,false,,false,,,XXXX,,29503546-9e29-4974-aa3c-f321aa51e6da,,false,937 000002613439,UK722969205836,,[],3117,3,{},false,3f72c8ea-036a-42da-acae-a75d213e5dd7,2021-09-14 10:11:58.350733,2022-10-11 08:14:14.371669,UK722969504530,UK742194400384,false,2022-09-21 08:55:16.000,2021-07-30,,false,,,,,{},,4145.0,,,,,,,false,UK722969504530,937000002613439,UK722969205836,UK742194400384,false,,false,,false,
dfe4916e-fbf0-4218-9227-3c1b173154e7,3ee83986-2d56-4f2d-9526-8da1596438a0,false,,2021-02-26,284.2,,{},false,{},true,true,,false,,,XXXX,,29503546-9e29-4974-aa3c-f321aa51e6da,,false,937 000002508491,UK722969505790,2023-03-09 00:00:00,[],3117,3,{},false,b9079c6e-1c9f-4828-9dee-d09ea523fe51,2021-09-14 10:11:45.040026,2023-03-10 17:16:00.184550,UK722969104694,UK742194400384,false,2022-09-21 08:55:16.000,2021-07-30,,false,,,,,{},,4145.0,,,3,O+3,,,false,UK722969104694,937000002508491,UK722969505790,UK742194400384,false,,false,,false,
916570a8-fbaf-4e9b-a844-d09b852f14be,3ee83986-2d56-4f2d-9526-8da1596438a0,false,,2021-02-19,,,{},false,{},false,false,,false,,,,,29503546-9e29-4974-aa3c-f321aa51e6da,,false,937 000002508464,UK722969605763,,[],3117,3,{},false,,2021-09-14 10:11:53.489566,2022-10-11 08:14:18.304115,UK722969204898,UK742194400384,false,2022-01-06 12:22:33.499,2021-07-30,,false,,,,,{},,4145.0,,,,,,,false,UK722969204898,937000002508464,UK722969605763,UK742194400384,false,,false,,false,
a10fd2a0-c2de-43e9-b168-f9f1dd50e9a3,4dd3ca36-6f51-4d43-b8ab-3c8977060df1,false,,2021-03-03,290.9,,{},false,{},true,true,,false,,,XXXX,,,,false,937 000002508516,UK722969205815,2023-03-09 00:00:00,[],3117,3,{},false,5e53a7fb-40f0-44d9-84ef-974bb44a361e,2021-09-14 10:11:32.166448,2023-03-10 17:16:02.877080,UK722969704112,UK742194700324,false,2022-09-21 08:55:16.000,2021-07-30,,false,,,,,{},,4145.0,,,4L,O+4L,,,false,UK722969704112,937000002508516,UK722969205815,UK742194700324,false,,false,,false,
3f5016c5-dcc8-4703-9591-0a49ceeb8e42,3ee83986-2d56-4f2d-9526-8da1596438a0,false,,2021-03-29,292.0,,{},false,{},true,true,,false,,,XXXX,,,,false,937 000002613502,UK722969105898,2023-03-09 00:00:00,[],3117,3,{},false,56b870ab-586a-4834-a115-5a5113d84b36,2021-09-14 10:11:29.532926,2023-03-10 17:16:04.689496,UK745921301523,UK742194700324,false,2022-09-21 08:55:16.000,2021-07-30,,false,,,,,{},,4145.0,,,4L,O+4L,,,false,UK745921301523,937000002613502,UK722969105898,UK742194700324,false,,false,,false,
f28c4440-3b18-4b5e-aa84-6d1c706b75bb,3ee83986-2d56-4f2d-9526-8da1596438a0,false,,2021-03-05,289.0,,{},false,{},true,true,,false,,,XXXX,,,,false,937 000002613429,UK722969605826,2023-03-16 00:00:00,[],3117,3,{},false,8225f173-b073-48a3-8c04-028bbbbedecb,2021-09-14 10:12:02.889829,2023-03-20 14:35:43.491107,UK722969403640,UK742194700324,false,2022-09-21 08:55:16.000,2021-07-30,,false,,,,,{},,4145.0,,,3,R3,,,false,UK722969403640,937000002613429,UK722969605826,UK742194700324,false,,false,,false,
954fa3c1-0176-4379-9da9-fcbfa72336e6,6d2f8d45-38a1-4321-bc1d-3f7d34b14cb3,false,,2022-06-06,,,,false,,false,false,,false,,,,b050aa92-a5b9-4475-a70c-108740d18db3,79a6f95f-a17d-42db-bd99-9cd0cba4321d,,false,,UK286760301790,2023-07-28 08:46:53,[],3117,3,{},false,,2022-10-27 11:35:48.402080,2023-07-31 08:47:13.702829,UK286760300761,UK303596702930,true,,2022-06-06,,false,,,,a88ecf99-075e-40c8-bd32-b69fa4b32978,"{""bcms_sync_history_info_at"": ""2022-10-27T11:38:29.150730+00:00""}",3176.0,,2023-08-01 00:57:05.272299,,,,,,false,UK286760300761,,UK286760301790,UK303596702930,false,,false,,false,
91da0873-3472-45a1-b50d-ce73f41b76fc,4e81207b-dd6d-45b0-afc9-818b978c5131,false,,2021-05-11,,,,false,,false,false,,false,,,,996a3ccd-02bb-4217-867d-2e01f8beb862,,,false,,UK286760301671,,[],3117,3,{},false,,2022-10-27 11:35:31.245526,2023-03-07 08:25:24.493560,UK286760701479,UK706021602429,false,2023-03-06 08:20:40.000,2021-05-11,,false,,,,a88ecf99-075e-40c8-bd32-b69fa4b32978,"{""bcms_sync_history_info_at"": ""2022-10-27T11:37:07.942559+00:00""}",3176.0,,2023-03-08 00:40:33.563767,,,,,,false,UK286760701479,,UK286760301671,UK706021602429,false,,false,,false,
e7881883-ad23-45b4-9d6f-d1ab18c297d9,fa1b8abc-477e-4a03-9edf-89bc6db35922,false,,2022-03-09,234.0,,,false,{},false,false,,false,,,XXXX,,,,false,,UK323773605798,2024-04-02 00:00:00,[],3117,3,{},false,,2022-09-23 14:25:02.697714,2024-04-16 14:32:30.908226,UK323773404760,XXXX CENTRE,false,2024-04-01 14:22:47.000,2022-09-22,,false,,,,55daad6e-33ea-42fb-b41c-74ac85b6a068,"{""bcms_sync_history_info_at"": ""2022-10-27T11:38:14.189784+00:00""}",3176.0,,2024-04-02 01:16:43.378490,,4L,-O4L,,,false,UK323773404760,,UK323773605798,XXXXCENTRE,false,,false,,false,
86713e67-6161-41a8-95f8-f95c594dbb50,fa1b8abc-477e-4a03-9edf-89bc6db35922,false,,2022-02-19,223.6,,,false,{},false,false,,false,,,XXXX,,,,false,,UK323773505699,2024-04-02 00:00:00,[],3117,3,{},false,,2022-09-23 14:24:59.515337,2024-04-16 14:32:31.002994,IE361224341104,XXXX CENTRE,false,2024-04-01 14:22:47.000,2022-09-22,,false,,,,55daad6e-33ea-42fb-b41c-74ac85b6a068,"{""bcms_sync_history_info_at"": ""2022-10-27T11:38:16.020499+00:00""}",3176.0,,2024-04-02 01:16:35.996941,,4L,-O4L,,,false,IE361224341104,,UK323773505699,XXXXCENTRE,false,,false,,false,
e0f5d5df-2f38-4583-be9e-2a226a583f51,5709975f-a221-4ca4-959e-c967c72a2252,false,,2021-03-04,,,{},false,{},true,true,,false,,,,,29503546-9e29-4974-aa3c-f321aa51e6da,,false,937 000002508520,UK722969605819,,[],3117,3,{},false,60ce3ff7-b1be-4a3c-93e2-f517eeedbedb,2021-09-14 10:11:27.678734,2022-10-26 16:16:04.767814,UK722969404725,UK742194400384,false,2022-08-23 08:15:45.000,2021-07-30,,false,1112.0,,,9c6742d4-5408-4bc1-b622-cdfff7a27569,{},3176.0,3877.0,,,,,,,false,UK722969404725,937000002508520,UK722969605819,UK742194400384,false,,false,,false,
da54e5a2-fbfb-4b1d-8ec7-c4d5f6ed26ed,3ee83986-2d56-4f2d-9526-8da1596438a0,false,,2021-02-15,305.2,,{},false,{},true,true,,false,,,XXXX,,29503546-9e29-4974-aa3c-f321aa51e6da,,false,937 000002508452,UK722969105751,2023-03-09 00:00:00,[],3117,3,{},false,6c1c5b5f-0b54-40d0-8644-683614f9a02e,2021-09-14 10:11:32.920085,2023-03-10 17:16:00.721421,UK722969604496,UK742194400384,false,2022-09-21 08:55:16.000,2021-07-30,,false,,,,,{},,4145.0,,,4L,R4L,,,false,UK722969604496,937000002508452,UK722969105751,UK742194400384,false,,false,,false,
c013ae96-185e-4e28-ab6f-21771bbfe978,8732c7aa-0c01-4226-adb5-be660ca52d23,false,,2011-04-14,,,,false,,false,false,,false,,,,,,,false,,UK286760300915,,[],3117,3,{},false,,2022-10-27 11:35:18.074665,2023-03-07 08:25:24.493560,UK286760300663,,false,2023-03-06 08:20:40.000,2013-03-14,,false,,,,a88ecf99-075e-40c8-bd32-b69fa4b32978,"{""bcms_sync_history_info_at"": ""2022-10-27T11:35:56.322312+00:00""}",3176.0,,2023-03-08 00:40:21.577224,,,,,,true,UK286760300663,,UK286760300915,,false,,false,,false,
ead78669-f157-494e-9345-a6a9d45ce623,fa1b8abc-477e-4a03-9edf-89bc6db35922,false,,2022-03-27,260.6,,,false,{},true,true,,false,,,XXXX,,,,false,,UK323773105849,2024-04-02 00:00:00,[],3117,3,{},false,,2022-09-23 14:25:05.092658,2024-04-16 14:32:31.509218,UK323773704091,XXXX CENTRE,false,2024-04-01 14:22:47.000,2022-09-22,,false,,,,55daad6e-33ea-42fb-b41c-74ac85b6a068,"{""bcms_sync_history_info_at"": ""2022-10-27T11:38:51.409196+00:00""}",3176.0,,2024-04-02 01:16:50.021781,,O3,-O3,,,false,UK323773704091,,UK323773105849,XXXXCENTRE,false,,false,,false,
a080d453-0391-4fc0-a77a-0c6e2ccad31c,fa1b8abc-477e-4a03-9edf-89bc6db35922,false,,2022-03-13,244.4,,,false,{},false,false,,false,,,XXXX,,,,false,,UK323773405810,2024-04-02 00:00:00,[],3117,3,{},false,,2022-09-23 14:25:03.097300,2024-04-16 14:32:30.598790,UK323773302960,XXXX CENTRE,false,2024-04-01 14:22:47.000,2022-09-22,,false,,,,55daad6e-33ea-42fb-b41c-74ac85b6a068,"{""bcms_sync_history_info_at"": ""2022-10-27T11:37:21.344333+00:00""}",3176.0,,2024-04-02 01:16:44.606859,,O3,-O3,,,false,UK323773302960,,UK323773405810,XXXXCENTRE,false,,false,,false,
4c8610c6-8f50-4673-9e16-e74aaccd83ec,fa1b8abc-477e-4a03-9edf-89bc6db35922,false,,2022-02-25,253.8,,,false,{},false,false,,false,,,XXXX,,,,false,,UK323773305746,2024-02-13 00:00:00,[],3117,3,{},false,,2022-09-23 14:25:00.935582,2024-02-19 15:37:27.604613,UK323773703748,XXXX CENTRE,false,2024-02-12 14:45:32.000,2022-09-22,,false,,,,9c6742d4-5408-4bc1-b622-cdfff7a27569,"{""bcms_sync_history_info_at"": ""2022-10-27T11:38:46.998897+00:00""}",3176.0,,2024-02-14 00:47:44.902765,,4L,O+4L,,,false,UK323773703748,,UK323773305746,XXXXCENTRE,false,,false,,false,
04f40950-8f7b-4a22-a185-b632991f5d1a,fa1b8abc-477e-4a03-9edf-89bc6db35922,false,,2022-03-26,247.2,,,false,{},false,false,,false,,,XXXX,,,,false,,UK323773705848,2024-02-13 00:00:00,[],3117,3,{},false,,2022-09-23 14:25:05.014234,2024-02-19 15:37:27.653559,UK323773703174,XXXX CENTRE,false,2024-02-12 14:45:32.000,2022-09-22,,false,,,,9c6742d4-5408-4bc1-b622-cdfff7a27569,"{""bcms_sync_history_info_at"": ""2022-10-27T11:38:36.737989+00:00""}",3176.0,,2024-02-14 00:47:50.896904,,+3,O+3,,,false,UK323773703174,,UK323773705848,XXXXCENTRE,false,,false,,false,
9af8f6ea-f849-467f-852a-906c756939c5,fa1b8abc-477e-4a03-9edf-89bc6db35922,false,,2022-02-19,220.5,,,false,{},true,true,,false,,,XXXX,,,,false,,UK323773205703,2024-04-23 00:00:00,[],3117,3,{},false,,2022-09-23 14:24:59.662528,2024-04-22 15:15:28.648467,IE181802322043,XXXX CENTRE,false,2024-04-22 15:10:25.683,2022-09-22,,false,,,,ddcf29a2-4007-4fc4-96b3-b538224b5091,"{""bcms_sync_history_info_at"": ""2022-10-27T11:38:52.596116+00:00""}",3176.0,,2024-04-23 01:22:19.135832,,+1,P+1,,,false,IE181802322043,,UK323773205703,XXXXCENTRE,false,,false,,false,
0c0cc03b-31f2-43ba-b6f5-fdb2a834ca9c,fa1b8abc-477e-4a03-9edf-89bc6db35922,false,,2022-02-21,208.0,,,false,{},false,false,,false,,,XXXX,,,,false,,UK323773605714,2024-04-23 00:00:00,[],3117,3,{},false,,2022-09-23 14:25:00.038486,2024-04-22 15:15:28.080996,UK323773404557,XXXX CENTRE,false,2024-04-22 15:10:25.683,2022-09-22,,false,,,,ddcf29a2-4007-4fc4-96b3-b538224b5091,"{""bcms_sync_history_info_at"": ""2022-10-27T11:38:49.506716+00:00""}",3176.0,,2024-04-23 01:22:19.952937,,O2,-O2,,,false,UK323773404557,,UK323773605714,XXXXCENTRE,false,,false,,false,
595efe9c-c095-4374-ad95-2777b5604f37,fa1b8abc-477e-4a03-9edf-89bc6db35922,false,,2022-02-19,278.9,,,false,{},true,true,,false,,,XXXX,,,,false,,UK323773405698,2024-04-23 00:00:00,[],3117,3,{},false,,2022-09-23 14:24:59.440218,2024-04-22 15:15:28.229498,UK320616503739,XXXX CENTRE,false,2024-04-22 15:10:25.683,2022-09-22,,false,,,,ddcf29a2-4007-4fc4-96b3-b538224b5091,"{""bcms_sync_history_info_at"": ""2022-10-27T11:37:53.791286+00:00""}",3176.0,,2024-04-23 01:22:18.667854,,O3,-O3,,,false,UK320616503739,,UK323773405698,XXXXCENTRE,false,,false,,false,
417225e4-d671-486f-853e-685e0fa8c4d1,fa1b8abc-477e-4a03-9edf-89bc6db35922,false,,2022-03-16,241.8,,,false,{},true,true,,false,,,XXXX,,,,false,,UK323773105828,2024-04-02 00:00:00,[],3117,3,{},false,,2022-09-23 14:25:03.984342,2024-04-16 14:32:30.797321,UK323773303534,XXXX CENTRE,false,2024-04-01 14:22:47.000,2022-09-22,,false,,,,55daad6e-33ea-42fb-b41c-74ac85b6a068,"{""bcms_sync_history_info_at"": ""2022-10-27T11:37:27.925472+00:00""}",3176.0,,2024-04-02 01:16:47.007466,,O3,-O3,,,false,UK323773303534,,UK323773105828,XXXXCENTRE,false,,false,,false,
ee190171-ca2b-4a88-9a71-86024433464c,fa1b8abc-477e-4a03-9edf-89bc6db35922,false,,2022-02-21,209.4,,,false,{},false,false,,false,,,XXXX,,,,false,,UK323773305718,2024-04-02 00:00:00,[],3117,3,{},false,,2022-09-23 14:25:00.259512,2024-04-16 14:32:31.416785,UK323773203253,XXXX CENTRE,false,2024-04-01 14:22:47.000,2022-09-22,,false,,,,55daad6e-33ea-42fb-b41c-74ac85b6a068,"{""bcms_sync_history_info_at"": ""2022-10-27T11:37:39.298664+00:00""}",3176.0,,2024-04-02 01:16:37.899091,,4L,-O4L,,,false,UK323773203253,,UK323773305718,XXXXCENTRE,false,,false,,false,
d5328262-ba23-45e6-8fb1-b7ef77d100a1,fa1b8abc-477e-4a03-9edf-89bc6db35922,false,,2022-03-07,259.3,,,false,{},false,false,,false,,,XXXX,,,,false,,UK323773505790,2024-02-13 00:00:00,[],3117,3,{},false,,2022-09-23 14:25:02.377619,2024-02-19 15:37:27.620759,UK323773704056,XXXX CENTRE,false,2024-02-12 14:45:32.000,2022-09-22,,false,,,,9c6742d4-5408-4bc1-b622-cdfff7a27569,"{""bcms_sync_history_info_at"": ""2022-10-27T11:38:15.806876+00:00""}",3176.0,,2024-02-14 00:47:47.468313,,5L,O+5L,,,false,UK323773704056,,UK323773505790,XXXXCENTRE,false,,false,,false,
d105e5cb-b6f8-4b0d-88cd-281fc47e0217,fa1b8abc-477e-4a03-9edf-89bc6db35922,false,,2022-02-19,253.4,,,false,{},false,false,,false,,,XXXX,,,,false,,UK323773305697,2024-02-13 00:00:00,[],3117,3,{},false,,2022-09-23 14:24:59.365140,2024-02-19 15:37:27.534979,UK323773503634,XXXX CENTRE,false,2024-02-12 14:45:32.000,2022-09-22,,false,,,,9c6742d4-5408-4bc1-b622-cdfff7a27569,"{""bcms_sync_history_info_at"": ""2022-10-27T11:37:56.275457+00:00""}",3176.0,,2024-02-14 00:47:41.672886,,4L,O+4L,,,false,UK323773503634,,UK323773305697,XXXXCENTRE,false,,false,,false,
96b9f38e-c600-4cc4-ae8b-025b579bb6af,fa1b8abc-477e-4a03-9edf-89bc6db35922,false,,2022-02-28,251.4,,,false,{},false,false,,false,,,XXXX,,,,false,,UK323773705757,2024-04-23 00:00:00,[],3117,3,{},false,,2022-09-23 14:25:01.247416,2024-04-22 15:15:28.619077,UK323773504579,XXXX CENTRE,false,2024-04-22 15:10:25.683,2022-09-22,,false,,,,ddcf29a2-4007-4fc4-96b3-b538224b5091,"{""bcms_sync_history_info_at"": ""2022-10-27T11:38:11.868671+00:00""}",3176.0,,2024-04-23 01:22:22.977788,,4L,-O4L,,,false,UK323773504579,,UK323773705757,XXXXCENTRE,false,,false,,false,
0543830f-d978-435f-a6d2-3affb01aa83c,fa1b8abc-477e-4a03-9edf-89bc6db35922,false,,2022-02-22,265.0,,,false,{},true,true,,false,,,XXXX,,,,false,,UK323773205724,2024-04-23 00:00:00,[],3117,3,{},false,,2022-09-23 14:25:00.482055,2024-04-22 15:15:28.046449,UK323773404571,XXXX CENTRE,false,2024-04-22 15:10:25.683,2022-09-22,,false,,,,9c6742d4-5408-4bc1-b622-cdfff7a27569,"{""bcms_sync_history_info_at"": ""2022-10-27T11:38:14.347286+00:00""}",3176.0,,2024-04-23 01:22:21.677030,,O3,-O3,,,false,UK323773404571,,UK323773205724,XXXXCENTRE,false,,false,,false,
6ec13b00-476e-4ff1-8735-3ab79b4fb9a5,fa1b8abc-477e-4a03-9edf-89bc6db35922,false,,2022-02-22,259.5,,,false,{},true,true,,false,,,XXXX,,,,false,,UK323773105723,2024-04-23 00:00:00,[],3117,3,{},false,,2022-09-27 15:00:49.726456,2024-04-22 15:15:28.510831,UK323773504026,XXXX CENTRE,false,2024-04-22 15:10:25.683,2022-09-22,,false,,,,ddcf29a2-4007-4fc4-96b3-b538224b5091,"{""bcms_sync_history_info_at"": ""2022-10-27T11:38:12.818871+00:00""}",3176.0,,2024-04-23 01:22:21.357312,,O3,-O3,,,false,UK323773504026,,UK323773105723,XXXXCENTRE,false,,false,,false,
ba103b3a-d10a-4dab-a222-f56277a9efa0,8732c7aa-0c01-4226-adb5-be660ca52d23,false,,2014-05-02,,,,false,,false,false,,false,,,,,,,false,,UK286760101179,,[],3117,3,{},false,,2022-10-27 11:35:20.036619,2023-09-19 16:00:44.765738,UK286760200270,UK286760400734,true,,2014-05-02,,true,,,,a88ecf99-075e-40c8-bd32-b69fa4b32978,"{""bcms_sync_history_info_at"": ""2022-10-27T11:36:15.827384+00:00""}",3176.0,,2024-05-01 00:46:43.898937,,,,,,true,UK286760200270,,UK286760101179,UK286760400734,false,,false,,false,
0c2cbea2-9b54-48b6-a255-46a526300542,8732c7aa-0c01-4226-adb5-be660ca52d23,false,,2014-06-02,,,,false,,false,false,,false,,,,,,,false,,UK286760301216,,[],3117,3,{},false,,2022-10-27 11:35:20.204546,2023-09-19 16:00:44.765738,UK286760700660,UK311688500023,true,,2014-06-02,,true,,,,a88ecf99-075e-40c8-bd32-b69fa4b32978,"{""bcms_sync_history_info_at"": ""2022-10-27T11:36:06.710933+00:00""}",3176.0,,2024-05-01 00:46:44.305551,,,,,,true,UK286760700660,,UK286760301216,UK311688500023,false,,false,,false,
63c51867-4d23-4d84-acd8-a877a6011c36,8732c7aa-0c01-4226-adb5-be660ca52d23,false,,2015-04-28,,,,false,,false,false,,false,,,,,,,false,,UK286760501281,,[],3117,3,{},false,,2022-10-27 11:35:21.175231,2023-09-19 16:00:44.765738,UK286760300166,UK286760400734,true,,2015-04-28,,true,,,,a88ecf99-075e-40c8-bd32-b69fa4b32978,"{""bcms_sync_history_info_at"": ""2022-10-27T11:36:28.097177+00:00""}",3176.0,,2024-05-01 00:46:45.990945,,,,,,true,UK286760300166,,UK286760501281,UK286760400734,false,,false,,false,
4f15ba63-564a-49b5-bd06-187bca782273,8732c7aa-0c01-4226-adb5-be660ca52d23,false,,2020-05-24,,,,false,,false,false,,false,,,,480862f2-feb0-49b0-9497-5537f0dc2e43,,,false,,UK286760501652,,[],3117,3,{},false,,2022-10-27 11:35:28.744866,2023-09-19 16:00:44.765738,UK286760600988,,true,,2020-05-24,,true,,,,a88ecf99-075e-40c8-bd32-b69fa4b32978,"{""bcms_sync_history_info_at"": ""2022-10-27T11:37:05.463059+00:00""}",3176.0,,2024-05-01 00:46:59.434643,,,,,,true,UK286760600988,,UK286760501652,,false,,false,,false,
0e506764-c4e0-45fc-a47a-71196819ccf8,6d2f8d45-38a1-4321-bc1d-3f7d34b14cb3,false,,2022-04-29,,,,false,,false,true,,false,,,,8e39213c-a890-42e1-a6d2-4c9eddb39cff,79a6f95f-a17d-42db-bd99-9cd0cba4321d,,false,,UK286760101732,,[],3117,3,{},false,,2022-10-27 11:35:39.410838,2024-01-10 14:35:34.815616,UK286760401476,UK303596702930,true,,2022-04-29,,true,,,,a88ecf99-075e-40c8-bd32-b69fa4b32978,"{""bcms_sync_history_info_at"": ""2022-10-27T11:37:22.915902+00:00""}",3176.0,,2024-05-01 00:47:13.174977,,,,,,false,UK286760401476,,UK286760101732,UK303596702930,false,,false,,false,
996a3ccd-02bb-4217-867d-2e01f8beb862,8732c7aa-0c01-4226-adb5-be660ca52d23,false,,2018-04-26,,,,false,,false,false,,false,,,,,75b34d7f-fed4-422e-980d-64ebe455f23f,,false,,UK286760701479,,[],3117,3,{},false,,2022-10-27 11:35:22.864969,2023-09-19 16:00:44.765738,UK286760500861,UK311688400085,true,,2018-04-26,,true,,,,a88ecf99-075e-40c8-bd32-b69fa4b32978,"{""bcms_sync_history_info_at"": ""2022-10-27T11:36:17.360869+00:00""}",3176.0,,2024-05-01 00:46:49.606917,,,,,,true,UK286760500861,,UK286760701479,UK311688400085,false,,false,,false,
b70f6e5c-a0a7-4b0b-9bed-ee37f5853c38,8732c7aa-0c01-4226-adb5-be660ca52d23,false,,2020-03-29,,,,false,,false,false,,false,,,,a790842e-a8bd-40fe-bc72-e2fa02507c7b,75b34d7f-fed4-422e-980d-64ebe455f23f,,false,,UK286760701598,,[],3117,3,{},false,,2022-10-27 11:35:25.822101,2023-09-19 16:00:44.765738,UK286760701157,UK311688400085,true,,2020-03-29,,true,,,,a88ecf99-075e-40c8-bd32-b69fa4b32978,"{""bcms_sync_history_info_at"": ""2022-10-27T11:36:08.290490+00:00""}",3176.0,,2024-05-01 00:46:55.040845,,,,,,true,UK286760701157,,UK286760701598,UK311688400085,false,,false,,false,
d7a80cab-a8ed-4e70-8d6a-8531ecd2d9d7,8732c7aa-0c01-4226-adb5-be660ca52d23,false,,2015-04-18,,,,false,,false,false,,false,,,,,75b34d7f-fed4-422e-980d-64ebe455f23f,,false,,UK286760101256,,[],3117,3,{},false,,2022-10-27 11:35:20.859558,2023-09-19 16:00:44.765738,UK286760500385,UK311688400085,true,,2015-04-18,,true,,,,a88ecf99-075e-40c8-bd32-b69fa4b32978,"{""bcms_sync_history_info_at"": ""2022-10-27T11:36:13.556493+00:00""}",3176.0,,2024-05-01 00:46:45.586946,,,,,,true,UK286760500385,,UK286760101256,UK311688400085,false,,false,,false,
4e682816-8f5e-404b-954a-af25eeeb20c7,6d2f8d45-38a1-4321-bc1d-3f7d34b14cb3,false,,2022-06-12,,,,false,,false,false,,false,,,,cd67bab6-f739-4268-a885-d2e6e0685498,27093282-0d47-4aaf-a8de-f15cf5a9c6c1,,false,,UK286760601793,,[],3117,3,{},false,,2022-10-27 11:35:48.863969,2023-11-20 14:27:41.797635,UK286760501631,UK307558500093,true,,2022-06-12,,true,,,,a88ecf99-075e-40c8-bd32-b69fa4b32978,"{""bcms_sync_history_info_at"": ""2022-10-27T11:37:36.150875+00:00""}",3176.0,,2024-05-01 00:47:35.184072,,,,,,false,UK286760501631,,UK286760601793,UK307558500093,false,,false,,false,
267387f8-faea-4f92-b0e4-8de10af42b56,6d2f8d45-38a1-4321-bc1d-3f7d34b14cb3,false,,2022-06-13,,,,false,,false,true,,false,,,,407eaedc-fe92-44a1-87e5-8e0b7d06c73a,79a6f95f-a17d-42db-bd99-9cd0cba4321d,,false,,UK286760701794,,[],3117,3,{},false,,2022-10-27 11:35:49.021960,2024-01-10 14:35:34.133368,UK286760101613,UK303596702930,true,,2022-06-13,,true,,,,a88ecf99-075e-40c8-bd32-b69fa4b32978,"{""bcms_sync_history_info_at"": ""2022-10-27T11:37:31.364243+00:00""}",3176.0,,2024-05-01 00:47:35.617864,,,,,,false,UK286760101613,,UK286760701794,UK303596702930,false,,false,,false,
66efe458-3762-40f8-a87b-9030804e95ae,6d2f8d45-38a1-4321-bc1d-3f7d34b14cb3,false,,2022-05-15,,,,false,,false,true,,false,,,,a3577a2e-e93d-42b6-b9eb-da20de3bf45a,79a6f95f-a17d-42db-bd99-9cd0cba4321d,,false,,UK286760501750,,[],3117,3,{},false,,2022-10-27 11:35:42.265857,2024-01-10 14:34:29.089330,UK286760201593,UK303596702930,true,,2022-05-15,,true,,,,a88ecf99-075e-40c8-bd32-b69fa4b32978,"{""bcms_sync_history_info_at"": ""2022-10-27T11:37:25.170122+00:00""}",3176.0,,2024-05-01 00:47:19.625735,,,,,,false,UK286760201593,,UK286760501750,UK303596702930,false,,false,,false,
c4823188-e9e7-4f73-8b6b-c198de6e9ef3,6d2f8d45-38a1-4321-bc1d-3f7d34b14cb3,false,,2022-05-16,,,,false,,false,false,,false,,,,ba103b3a-d10a-4dab-a222-f56277a9efa0,75b34d7f-fed4-422e-980d-64ebe455f23f,,false,,UK286760201754,,[],3117,3,{},false,,2022-10-27 11:35:42.898168,2023-11-20 14:27:11.488525,UK286760101179,UK311688400085,true,,2022-05-16,,true,,,,a88ecf99-075e-40c8-bd32-b69fa4b32978,"{""bcms_sync_history_info_at"": ""2022-10-27T11:36:46.349445+00:00""}",3176.0,,2024-05-01 00:47:21.296452,,,,,,false,UK286760101179,,UK286760201754,UK311688400085,false,,false,,false,
e687fdc4-f885-44f2-9fc0-825602ab3158,6d2f8d45-38a1-4321-bc1d-3f7d34b14cb3,false,,2022-05-16,,,,false,,false,true,,false,,,,e134f42f-b4b1-4c33-9919-e87ffe054202,75b34d7f-fed4-422e-980d-64ebe455f23f,,false,,UK286760301755,,[],3117,3,{},false,,2022-10-27 11:35:43.060431,2024-01-10 14:35:34.911053,UK286760401567,UK311688400085,true,,2022-05-16,,true,,,,a88ecf99-075e-40c8-bd32-b69fa4b32978,"{""bcms_sync_history_info_at"": ""2022-10-27T11:37:44.261342+00:00""}",3176.0,,2024-05-01 00:47:21.686756,,,,,,false,UK286760401567,,UK286760301755,UK311688400085,false,,false,,false,
7e8ee97b-b223-477a-84a9-baef1a5fdb03,6d2f8d45-38a1-4321-bc1d-3f7d34b14cb3,false,,2022-05-21,,,,false,,false,false,,false,,,,f3577960-7921-4e1d-9ff1-35d915217dce,79a6f95f-a17d-42db-bd99-9cd0cba4321d,,false,,UK286760601765,,[],3117,3,{},false,,2022-10-27 11:35:44.626226,2023-11-20 14:26:57.515570,UK286760601352,UK303596702930,true,,2022-05-21,,true,,,,a88ecf99-075e-40c8-bd32-b69fa4b32978,"{""bcms_sync_history_info_at"": ""2022-10-27T11:38:02.945845+00:00""}",3176.0,,2024-05-01 00:47:25.295730,,,,,,false,UK286760601352,,UK286760601765,UK303596702930,false,,false,,false,
ab7d9a4a-a3f4-489c-95f6-11ed678549b0,6d2f8d45-38a1-4321-bc1d-3f7d34b14cb3,false,,2022-05-18,,,,false,,false,true,,false,,,,7e73f411-999f-4161-9083-de53c4650331,75b34d7f-fed4-422e-980d-64ebe455f23f,,false,,UK286760501757,,[],3117,3,{},false,,2022-10-27 11:35:43.383174,2024-01-10 14:35:22.846249,UK286760201488,UK311688400085,true,,2022-05-18,,true,,,,a88ecf99-075e-40c8-bd32-b69fa4b32978,"{""bcms_sync_history_info_at"": ""2022-10-27T11:36:42.655014+00:00""}",3176.0,,2024-05-01 00:47:22.409330,,,,,,false,UK286760201488,,UK286760501757,UK311688400085,false,,false,,false,
8091fa8e-1bbb-41fd-8b4f-ea355f640bc1,6d2f8d45-38a1-4321-bc1d-3f7d34b14cb3,false,,2022-05-23,,,,false,,false,false,,false,,,,291cfc74-2a98-4bc8-be88-92126d20968e,27093282-0d47-4aaf-a8de-f15cf5a9c6c1,,false,,UK286760501771,,[],3117,3,{},false,,2022-10-27 11:35:45.563261,2023-11-20 14:26:54.746303,UK286760401630,UK307558500093,true,,2022-05-23,,true,,,,a88ecf99-075e-40c8-bd32-b69fa4b32978,"{""bcms_sync_history_info_at"": ""2022-10-27T11:37:42.848405+00:00""}",3176.0,,2024-05-01 00:47:27.919577,,,,,,false,UK286760401630,,UK286760501771,UK307558500093,false,,false,,false,
b046a593-a952-4b95-af2e-78c94e77e3d6,6d2f8d45-38a1-4321-bc1d-3f7d34b14cb3,false,,2022-05-29,,,,false,,false,false,,false,,,,a2131a21-46fb-4f5e-97eb-8572656b13b5,79a6f95f-a17d-42db-bd99-9cd0cba4321d,,false,,UK286760101781,,[],3117,3,{},false,,2022-10-27 11:35:47.158078,2023-11-20 14:25:35.527981,UK286760401511,UK303596702930,true,,2022-05-29,,true,,,,a88ecf99-075e-40c8-bd32-b69fa4b32978,"{""bcms_sync_history_info_at"": ""2022-10-27T11:37:57.580825+00:00""}",3176.0,,2024-05-01 00:47:31.921004,,,,,,false,UK286760401511,,UK286760101781,UK303596702930,false,,false,,false,
d56949c4-7ddd-40d5-ac83-72c1ee1758a8,b68ab45f-c243-4e2e-b3f4-47b7f367d7f4,false,,2023-05-12,,,,false,,false,false,,false,,,,d7a80cab-a8ed-4e70-8d6a-8531ecd2d9d7,9d8ce68c-5459-4967-aac8-a0ff04a29c2b,,false,,UK286760701801,,[],3117,3,{},false,,2023-05-18 00:59:30.277924,2024-03-18 13:02:26.620259,UK286760101256,UK286872501057,true,,2023-05-12,,true,,,,a88ecf99-075e-40c8-bd32-b69fa4b32978,"{""bcms_sync_history_info_at"": ""2023-05-18T01:59:21.177860+00:00""}",3176.0,,2024-05-01 00:47:38.198967,,,,,,false,UK286760101256,,UK286760701801,UK286872501057,false,,false,,false,
ddfcc222-bc46-4460-bd06-e35a539344cb,6d2f8d45-38a1-4321-bc1d-3f7d34b14cb3,false,,2022-05-30,,,,false,,false,false,,false,,,,1e4c1a5b-fdf3-4a86-a5e6-fb3ed7a43b25,27093282-0d47-4aaf-a8de-f15cf5a9c6c1,,false,,UK286760301783,,[],3117,3,{},false,,2022-10-27 11:35:47.479500,2023-11-20 14:26:12.807892,UK286760601653,UK307558500093,true,,2022-05-30,,true,,,,a88ecf99-075e-40c8-bd32-b69fa4b32978,"{""bcms_sync_history_info_at"": ""2022-10-27T11:37:24.210743+00:00""}",3176.0,,2024-05-01 00:47:32.826090,,,,,,false,UK286760601653,,UK286760301783,UK307558500093,false,,false,,false,
54cf06ec-84b3-4cdd-a7c8-e6639a634855,b68ab45f-c243-4e2e-b3f4-47b7f367d7f4,false,,2023-05-21,,,,false,,false,false,,false,,,,301a1f85-f5c2-4263-b30b-f9434e1eb459,75b34d7f-fed4-422e-980d-64ebe455f23f,,false,,UK286760401826,,[],3117,3,{},false,,2023-05-27 01:05:03.340900,2024-03-18 13:01:58.681667,UK286760701563,UK311688400085,true,,2023-05-21,,true,,,,a88ecf99-075e-40c8-bd32-b69fa4b32978,"{""bcms_sync_history_info_at"": ""2023-05-27T02:19:50.031585+00:00""}",3176.0,,2024-05-01 00:47:49.395016,,,,,,false,UK286760701563,,UK286760401826,UK311688400085,false,,false,,false,
5ff806ec-bba9-4105-a67b-132dab6ce8b4,b68ab45f-c243-4e2e-b3f4-47b7f367d7f4,false,,2023-05-19,,,,false,,false,false,,false,,,,a790842e-a8bd-40fe-bc72-e2fa02507c7b,9d8ce68c-5459-4967-aac8-a0ff04a29c2b,,false,,UK286760701815,,[],3117,3,{},false,,2023-05-27 01:04:59.171798,2023-09-19 15:59:55.642023,UK286760701157,UK286872501057,true,,2023-05-19,,true,,,,a88ecf99-075e-40c8-bd32-b69fa4b32978,"{""bcms_sync_history_info_at"": ""2023-05-27T02:19:36.248423+00:00""}",3176.0,,2024-05-01 00:47:44.194904,,,,,,false,UK286760701157,,UK286760701815,UK286872501057,false,,false,,false,
114a1804-b167-4533-b5d2-5733591ce5db,b68ab45f-c243-4e2e-b3f4-47b7f367d7f4,false,,2023-06-17,,,,false,,false,true,,false,,,,7e73f411-999f-4161-9083-de53c4650331,75b34d7f-fed4-422e-980d-64ebe455f23f,,false,,UK286760501862,,[],3117,3,{},false,,2023-06-22 01:03:19.704308,2024-03-18 13:03:45.957343,UK286760201488,UK311688400085,true,,2023-06-17,,true,,,,a88ecf99-075e-40c8-bd32-b69fa4b32978,"{""bcms_sync_history_info_at"": ""2023-06-22T02:20:37.198432+00:00""}",3176.0,,2024-05-01 00:48:03.346933,,,,,,false,UK286760201488,,UK286760501862,UK311688400085,false,,false,,false,
8edc8c55-ee1d-4303-a04e-5261529b5db2,b68ab45f-c243-4e2e-b3f4-47b7f367d7f4,false,,2023-06-22,,,,false,,false,true,,false,,,,0c2cbea2-9b54-48b6-a255-46a526300542,9d8ce68c-5459-4967-aac8-a0ff04a29c2b,,false,,UK286760301867,,[],3117,3,{},false,,2023-06-24 01:01:45.216993,2024-03-18 13:00:55.673881,UK286760301216,UK286872501057,true,,2023-06-22,,true,,,,a88ecf99-075e-40c8-bd32-b69fa4b32978,"{""bcms_sync_history_info_at"": ""2023-06-24T02:13:16.943965+00:00""}",3176.0,,2024-05-01 00:48:04.995670,,,,,,false,UK286760301216,,UK286760301867,UK286872501057,false,,false,,false,
e0ccf100-0c22-468e-bce0-20eaaaf1dc14,b68ab45f-c243-4e2e-b3f4-47b7f367d7f4,false,,2023-06-28,,,,false,,false,false,,false,,,,084fae05-8529-425c-a66c-7e76958b9ebf,9d8ce68c-5459-4967-aac8-a0ff04a29c2b,,false,,UK286760601870,,[],3117,3,{},false,,2023-07-02 01:10:48.658953,2024-03-18 13:03:25.716934,UK286760700975,UK286872501057,true,,2023-06-28,,true,,,,a88ecf99-075e-40c8-bd32-b69fa4b32978,"{""bcms_sync_history_info_at"": ""2023-07-02T02:12:58.299155+00:00""}",3176.0,,2024-05-01 00:48:05.799106,,,,,,false,UK286760700975,,UK286760601870,UK286872501057,false,,false,,false,
5de7ab3a-4bbf-4892-9709-37b7dd0e3492,b68ab45f-c243-4e2e-b3f4-47b7f367d7f4,false,,2023-05-27,,,,false,,false,false,,false,,,,a2cf5259-32ec-45fa-83e4-e2225fed4074,27093282-0d47-4aaf-a8de-f15cf5a9c6c1,,false,,UK286760101837,,[],3117,3,{},false,,2023-06-01 01:09:19.742339,2024-03-18 13:00:13.118461,UK286760501722,UK307558500093,true,,2023-05-27,,true,,,,a88ecf99-075e-40c8-bd32-b69fa4b32978,"{""bcms_sync_history_info_at"": ""2023-06-01T02:16:38.909709+00:00""}",3176.0,,2024-05-01 00:47:54.714919,,,,,,false,UK286760501722,,UK286760101837,UK307558500093,false,,false,,false,
6bb6289a-11ac-411e-a1d0-4adaa0f6b974,b68ab45f-c243-4e2e-b3f4-47b7f367d7f4,false,,2023-05-26,,,,false,,false,false,,false,,,,bb96e002-c392-47f2-b85d-6d1d818b2b6b,27093282-0d47-4aaf-a8de-f15cf5a9c6c1,,false,,UK286760301832,,[],3117,3,{},false,,2023-05-28 00:39:49.596817,2024-03-18 13:01:27.214805,UK286760201698,UK307558500093,true,,2023-05-26,,true,,,,a88ecf99-075e-40c8-bd32-b69fa4b32978,"{""bcms_sync_history_info_at"": ""2023-05-28T02:28:47.016370+00:00""}",3176.0,,2024-05-01 00:47:52.214893,,,,,,false,UK286760201698,,UK286760301832,UK307558500093,false,,false,,false,
9c9b7e11-e024-47fe-ad3f-7b5b130f1b83,b68ab45f-c243-4e2e-b3f4-47b7f367d7f4,false,,2023-05-26,,,,false,,false,false,,false,,,,2f4704f7-0ab5-4e83-8ef4-321cbc511edd,9d8ce68c-5459-4967-aac8-a0ff04a29c2b,,false,,UK286760601835,,[],3117,3,{},false,,2023-06-01 01:09:19.160797,2024-03-18 13:01:20.942855,UK286760401378,UK286872501057,true,,2023-05-26,,true,,,,a88ecf99-075e-40c8-bd32-b69fa4b32978,"{""bcms_sync_history_info_at"": ""2023-06-01T02:16:48.476781+00:00""}",3176.0,,2024-05-01 00:47:53.814877,,,,,,false,UK286760401378,,UK286760601835,UK286872501057,false,,false,,false,
f86db5a5-8383-4e08-b700-96a68ef1e36c,8732c7aa-0c01-4226-adb5-be660ca52d23,false,,2016-05-03,,,,false,,false,false,,false,,,,,,,false,,UK286760701339,,[],3117,3,{},false,,2022-10-27 11:35:21.496318,2024-02-29 08:49:33.324382,UK286760500861,UK286760400734,false,2024-02-20 08:47:03.000,2016-05-03,,false,,,,a88ecf99-075e-40c8-bd32-b69fa4b32978,"{""bcms_sync_history_info_at"": ""2022-10-27T11:36:30.159532+00:00""}",3176.0,,2024-02-21 00:21:29.176632,,,,,,true,UK286760500861,,UK286760701339,UK286760400734,false,,false,,false,
2cc23a10-8a6c-4815-81e9-5c71c7a77914,fa1b8abc-477e-4a03-9edf-89bc6db35922,false,,2022-03-18,259.1,,,false,{},true,true,,false,,,XXXX,,,,false,,UK323773605833,2024-04-02 00:00:00,[],3117,3,{},false,,2022-09-23 14:25:04.300885,2024-04-16 14:32:31.255922,UK323773104736,XXXX CENTRE,false,2024-04-01 14:22:47.000,2022-09-22,,false,,,,55daad6e-33ea-42fb-b41c-74ac85b6a068,"{""bcms_sync_history_info_at"": ""2022-10-27T11:37:22.821284+00:00""}",3176.0,,2024-04-02 01:16:47.923578,,O3,-O3,,,false,UK323773104736,,UK323773605833,XXXXCENTRE,false,,false,,false,
ead07cf1-8194-478d-a480-be209599e95e,fa1b8abc-477e-4a03-9edf-89bc6db35922,false,,2022-03-26,250.8,,,false,{},false,false,,false,,,XXXX,,,,false,,UK323773505846,2024-04-02 00:00:00,[],3117,3,{},false,,2022-09-23 14:25:04.854933,2024-04-16 14:32:30.738431,UK323773504222,XXXX CENTRE,false,2024-04-01 14:22:47.000,2022-09-22,,false,,,,55daad6e-33ea-42fb-b41c-74ac85b6a068,"{""bcms_sync_history_info_at"": ""2022-10-27T11:38:42.738924+00:00""}",3176.0,,2024-04-02 01:16:49.527936,,O3,-O3,,,false,UK323773504222,,UK323773505846,XXXXCENTRE,false,,false,,false,
49122c85-c7e7-4c14-b789-01facd490b2b,fa1b8abc-477e-4a03-9edf-89bc6db35922,false,,2022-03-05,226.4,,,false,{},false,false,,false,,,XXXX,,,,false,,UK323773405782,2024-04-02 00:00:00,[],3117,3,{},false,,2022-09-23 14:25:02.131630,2024-04-16 14:32:31.197814,UK323773604818,XXXX CENTRE,false,2024-04-01 14:22:47.000,2022-09-22,,false,,,,55daad6e-33ea-42fb-b41c-74ac85b6a068,"{""bcms_sync_history_info_at"": ""2022-10-27T11:38:53.687806+00:00""}",3176.0,,2024-04-02 01:16:42.326502,,4L,-O4L,,,false,UK323773604818,,UK323773405782,XXXXCENTRE,false,,false,,false,
fd5a7845-2b68-403b-b2ac-31b26a2cf779,fa1b8abc-477e-4a03-9edf-89bc6db35922,false,,2022-03-15,227.2,,,false,{},false,false,,false,,,XXXX,,,,false,,UK323773105821,2024-04-02 00:00:00,[],3117,3,{},false,,2022-09-23 14:25:03.665277,2024-04-16 14:32:30.853071,UK323773502773,XXXX CENTRE,false,2024-04-01 14:22:47.000,2022-09-22,,false,,,,55daad6e-33ea-42fb-b41c-74ac85b6a068,"{""bcms_sync_history_info_at"": ""2022-10-27T11:38:29.162934+00:00""}",3176.0,,2024-04-02 01:16:46.207712,,4L,-O4L,,,false,UK323773502773,,UK323773105821,XXXXCENTRE,false,,false,,false,
21d3b7c7-03e3-4738-a154-50b6eb3355c0,fa1b8abc-477e-4a03-9edf-89bc6db35922,false,,2022-03-19,231.4,,,false,{},true,true,,false,,,XXXX,,,,false,,UK323773205836,2024-04-02 00:00:00,[],3117,3,{},false,,2022-09-23 14:25:04.457472,2024-04-16 14:32:31.490580,UK323773204177,XXXX CENTRE,false,2024-04-01 14:22:47.000,2022-09-22,,false,,,,55daad6e-33ea-42fb-b41c-74ac85b6a068,"{""bcms_sync_history_info_at"": ""2022-10-27T11:38:08.688757+00:00""}",3176.0,,2024-04-02 01:16:48.478982,,4L,-O4L,,,false,UK323773204177,,UK323773205836,XXXXCENTRE,false,,false,,false,
70924c60-c63e-4e77-a26a-78d3724cf761,fa1b8abc-477e-4a03-9edf-89bc6db35922,false,,2022-03-20,259.0,,,false,{},false,false,,false,,,XXXX,,,,false,,UK323773305837,2024-04-02 00:00:00,[],3117,3,{},false,,2022-09-23 14:25:04.536877,2024-04-16 14:32:30.569106,UK323773203491,XXXX CENTRE,false,2024-04-01 14:22:47.000,2022-09-22,,false,,,,55daad6e-33ea-42fb-b41c-74ac85b6a068,"{""bcms_sync_history_info_at"": ""2022-10-27T11:38:32.519842+00:00""}",3176.0,,2024-04-02 01:16:48.718613,,4L,-O4L,,,false,UK323773203491,,UK323773305837,XXXXCENTRE,false,,false,,false,
c415e974-0993-4a38-af16-caf9c7330113,fa1b8abc-477e-4a03-9edf-89bc6db35922,false,,2022-03-02,297.2,,,false,{},true,true,,false,,,XXXX,,,,false,,UK323773605770,2024-04-02 00:00:00,[],3117,3,{},false,,2022-09-23 14:25:01.732013,2024-04-16 14:32:30.651975,UK323773302806,XXXX CENTRE,false,2024-04-01 14:22:47.000,2022-09-22,,false,,,,55daad6e-33ea-42fb-b41c-74ac85b6a068,"{""bcms_sync_history_info_at"": ""2022-10-27T11:38:44.413650+00:00""}",3176.0,,2024-04-02 01:16:41.416556,,O3,-O3,,,false,UK323773302806,,UK323773605770,XXXXCENTRE,false,,false,,false,
9752003e-df4a-483c-ac38-ca254b62cb3a,fa1b8abc-477e-4a03-9edf-89bc6db35922,false,,2022-02-28,228.4,,,false,{},true,true,,false,,,XXXX,,,,false,,UK323773605756,2024-04-23 00:00:00,[],3117,3,{},false,,2022-09-23 14:25:01.168428,2024-04-22 15:15:28.633809,UK323773503963,XXXX CENTRE,false,2024-04-22 15:10:25.683,2022-09-22,,false,,,,ddcf29a2-4007-4fc4-96b3-b538224b5091,"{""bcms_sync_history_info_at"": ""2022-10-27T11:38:52.125239+00:00""}",3176.0,,2024-04-23 01:22:22.752963,,O3,-O3,,,false,UK323773503963,,UK323773605756,XXXXCENTRE,false,,false,,false,
d4275e18-239e-4fda-a44b-647e248a73e2,fa1b8abc-477e-4a03-9edf-89bc6db35922,false,,2022-03-16,272.6,,,false,{},true,true,,false,,,XXXX,,,,false,,UK323773605826,2024-04-23 00:00:00,[],3117,3,{},false,,2022-09-23 14:25:03.904645,2024-04-22 15:15:28.728421,UK323773104134,XXXX CENTRE,false,2024-04-22 15:10:25.683,2022-09-22,,false,,,,9c6742d4-5408-4bc1-b622-cdfff7a27569,"{""bcms_sync_history_info_at"": ""2022-10-27T11:38:33.729289+00:00""}",3176.0,,2024-04-23 01:22:25.227937,,O3,-O3,,,false,UK323773104134,,UK323773605826,XXXXCENTRE,false,,false,,false,
f161da6c-1ac0-4ae0-a5ac-6a2e60cf25dd,fa1b8abc-477e-4a03-9edf-89bc6db35922,false,,2022-02-22,303.8,,,false,{},true,true,,false,,,XXXX,,,,false,,UK323773705722,2024-04-02 00:00:00,[],3117,3,{},false,,2022-09-23 14:25:00.407601,2024-04-16 14:32:31.453635,UK323773104162,XXXX CENTRE,false,2024-04-01 14:22:47.000,2022-09-22,,false,,,,55daad6e-33ea-42fb-b41c-74ac85b6a068,"{""bcms_sync_history_info_at"": ""2022-10-27T11:38:26.109724+00:00""}",3176.0,,2024-04-02 01:16:38.222281,,O3,-O3,,,false,UK323773104162,,UK323773705722,XXXXCENTRE,false,,false,,false,
2beefdc0-2da5-4ae5-9880-8b20ff078794,fa1b8abc-477e-4a03-9edf-89bc6db35922,false,,2022-03-14,250.9,,,false,{},false,false,,false,,,XXXX,,,,false,,UK323773205815,2024-02-13 00:00:00,[],3117,3,{},false,,2022-09-23 14:25:03.419948,2024-02-19 15:37:27.496938,UK323773703713,XXXX CENTRE,false,2024-02-12 14:45:32.000,2022-09-22,,false,,,,9c6742d4-5408-4bc1-b622-cdfff7a27569,"{""bcms_sync_history_info_at"": ""2022-10-27T11:38:30.243015+00:00""}",3176.0,,2024-02-14 00:47:48.871473,,4L,O+4L,,,false,UK323773703713,,UK323773205815,XXXXCENTRE,false,,false,,false,
7ce69f8f-5ae4-40c1-80b2-d8399f1edb64,fa1b8abc-477e-4a03-9edf-89bc6db35922,false,,2022-02-15,251.1,,,false,{},true,true,,false,,,XXXX,,,,false,,UK323773205675,2024-04-23 00:00:00,[],3117,3,{},false,,2022-09-23 14:24:58.457175,2024-04-22 15:15:28.541246,UK323773203218,XXXX CENTRE,false,2024-04-22 15:10:25.683,2022-09-22,,false,,,,ddcf29a2-4007-4fc4-96b3-b538224b5091,"{""bcms_sync_history_info_at"": ""2022-10-27T11:37:34.574347+00:00""}",3176.0,,2024-04-23 01:22:16.559828,,O2,-O2,,,false,UK323773203218,,UK323773205675,XXXXCENTRE,false,,false,,false,
9d8ce68c-5459-4967-aac8-a0ff04a29c2b,f826e20b-e812-4d93-99bd-7957e78d9fff,false,,2018-04-18,,,,false,,false,true,,false,,,,,,,false,,UK286872501057,,[],3117,3,{},false,,2022-10-27 11:35:49.849282,2023-09-28 13:55:22.553057,UK286872400720,UK282841100929,true,,2022-03-25,,true,,,,a88ecf99-075e-40c8-bd32-b69fa4b32978,"{""bcms_sync_history_info_at"": ""2022-10-27T11:38:40.135914+00:00""}",3176.0,,2024-05-01 00:48:08.378854,,,,,,false,UK286872400720,,UK286872501057,UK282841100929,false,,false,,false,
301a1f85-f5c2-4263-b30b-f9434e1eb459,8732c7aa-0c01-4226-adb5-be660ca52d23,false,,2019-04-09,,,,false,,false,false,,false,,,,33a6e4d7-3dec-48b1-8024-5d1ddc66a318,,,false,,UK286760701563,,[],3117,3,{},false,,2022-10-27 11:35:24.728229,2023-09-19 16:00:44.765738,UK286760501267,UK706021602429,true,,2019-04-09,,true,,,,a88ecf99-075e-40c8-bd32-b69fa4b32978,"{""bcms_sync_history_info_at"": ""2022-10-27T11:37:53.708991+00:00""}",3176.0,,2024-05-01 00:46:53.586820,,,,,,true,UK286760501267,,UK286760701563,UK706021602429,false,,false,,false,
8e39213c-a890-42e1-a6d2-4c9eddb39cff,8732c7aa-0c01-4226-adb5-be660ca52d23,false,,2018-04-22,,,,false,,false,false,,false,,,,,75b34d7f-fed4-422e-980d-64ebe455f23f,,false,,UK286760401476,,[],3117,3,{},false,,2022-10-27 11:35:22.565854,2023-09-19 16:00:44.765738,UK286760200277,UK311688400085,true,,2018-04-22,,true,,,,a88ecf99-075e-40c8-bd32-b69fa4b32978,"{""bcms_sync_history_info_at"": ""2022-10-27T11:37:19.361503+00:00""}",3176.0,,2024-05-01 00:46:48.612714,,,,,,true,UK286760200277,,UK286760401476,UK311688400085,false,,false,,false,
e134f42f-b4b1-4c33-9919-e87ffe054202,8732c7aa-0c01-4226-adb5-be660ca52d23,false,,2019-04-11,,,,false,,false,false,,false,,,,0b4e5344-ae6a-4942-bf67-293a0b305e6f,,,false,,UK286760401567,,[],3117,3,{},false,,2022-10-27 11:35:25.044553,2023-09-19 16:00:44.765738,UK286760401329,UK706021602429,true,,2019-04-11,,true,,,,a88ecf99-075e-40c8-bd32-b69fa4b32978,"{""bcms_sync_history_info_at"": ""2022-10-27T11:36:00.961763+00:00""}",3176.0,,2024-05-01 00:46:53.997862,,,,,,true,UK286760401329,,UK286760401567,UK706021602429,false,,false,,false,
eecdebfc-1721-4d03-8a68-a0c5f7e16a6f,8732c7aa-0c01-4226-adb5-be660ca52d23,false,,2021-05-06,,,,false,,false,false,,false,,,,6e4902df-479d-4ff3-9275-17372a9bc576,,,false,,UK286760701661,,[],3117,3,{},false,,2022-10-27 11:35:29.671283,2023-09-19 16:00:44.765738,UK286760101480,UK706021602429,true,,2021-05-06,,true,,,,a88ecf99-075e-40c8-bd32-b69fa4b32978,"{""bcms_sync_history_info_at"": ""2022-10-27T11:37:11.384370+00:00""}",3176.0,,2024-05-01 00:47:00.175606,,,,,,true,UK286760101480,,UK286760701661,UK706021602429,false,,false,,false,
fdb1ce61-da53-4554-836e-b54360cc188f,6d2f8d45-38a1-4321-bc1d-3f7d34b14cb3,false,,2022-05-06,,,,false,,false,false,,false,,,,a821368e-b667-4708-868f-e5d1d372d8e3,79a6f95f-a17d-42db-bd99-9cd0cba4321d,,false,,UK286760501736,,[],3117,3,{},false,,2022-10-27 11:35:40.028891,2023-11-20 14:25:58.532118,UK286760701577,UK303596702930,true,,2022-05-06,,true,,,,a88ecf99-075e-40c8-bd32-b69fa4b32978,"{""bcms_sync_history_info_at"": ""2022-10-27T11:36:46.121920+00:00""}",3176.0,,2024-05-01 00:47:14.823430,,,,,,false,UK286760701577,,UK286760501736,UK303596702930,false,,false,,false,
157ee08f-816e-4235-8b88-a50e9d231a14,6d2f8d45-38a1-4321-bc1d-3f7d34b14cb3,false,,2022-06-04,,,,false,,false,true,,false,,,,480862f2-feb0-49b0-9497-5537f0dc2e43,79a6f95f-a17d-42db-bd99-9cd0cba4321d,,false,,UK286760601786,,[],3117,3,{},false,,2022-10-27 11:35:47.788432,2024-01-10 14:34:31.096765,UK286760600988,UK303596702930,true,,2022-06-04,,true,,,,a88ecf99-075e-40c8-bd32-b69fa4b32978,"{""bcms_sync_history_info_at"": ""2022-10-27T11:38:21.783867+00:00""}",3176.0,,2024-05-01 00:47:33.206903,,,,,,false,UK286760600988,,UK286760601786,UK303596702930,false,,false,,false,
98665798-dd78-4998-895f-085627726723,6d2f8d45-38a1-4321-bc1d-3f7d34b14cb3,false,,2022-05-14,,,,false,,false,true,,false,,,,1f6db47c-a9cc-438e-9890-c708e62d8f34,75b34d7f-fed4-422e-980d-64ebe455f23f,,false,,UK286760301748,,[],3117,3,{},false,,2022-10-27 11:35:41.960860,2024-01-10 14:35:28.077311,UK286760301174,UK311688400085,true,,2022-05-14,,true,,,,a88ecf99-075e-40c8-bd32-b69fa4b32978,"{""bcms_sync_history_info_at"": ""2022-10-27T11:37:14.090784+00:00""}",3176.0,,2024-05-01 00:47:18.789351,,,,,,false,UK286760301174,,UK286760301748,UK311688400085,false,,false,,false,
cd4edef4-67ec-425d-8cf4-2d8c827043a0,6d2f8d45-38a1-4321-bc1d-3f7d34b14cb3,false,,2022-05-14,,,,false,,false,true,,false,,,,fedd8594-29e8-493a-a8db-9274a69d641e,27093282-0d47-4aaf-a8de-f15cf5a9c6c1,,false,,UK286760201747,,[],3117,3,{},false,,2022-10-27 11:35:41.811375,2024-01-10 14:35:22.314211,UK286760101655,UK307558500093,true,,2022-05-14,,true,,,,a88ecf99-075e-40c8-bd32-b69fa4b32978,"{""bcms_sync_history_info_at"": ""2022-10-27T11:36:28.298286+00:00""}",3176.0,,2024-05-01 00:47:18.376918,,,,,,false,UK286760101655,,UK286760201747,UK307558500093,false,,false,,false,
a4236c6f-f859-4557-95d7-939805fc4c6d,6d2f8d45-38a1-4321-bc1d-3f7d34b14cb3,false,,2022-05-16,,,,false,,false,true,,false,,,,8f780568-89e4-445b-a650-d63a53796cb1,75b34d7f-fed4-422e-980d-64ebe455f23f,,false,,UK286760701752,,[],3117,3,{},false,,2022-10-27 11:35:42.578397,2024-01-10 14:34:59.203211,UK286760301503,UK311688400085,true,,2022-05-16,,true,,,,a88ecf99-075e-40c8-bd32-b69fa4b32978,"{""bcms_sync_history_info_at"": ""2022-10-27T11:37:21.121111+00:00""}",3176.0,,2024-05-01 00:47:20.410964,,,,,,false,UK286760301503,,UK286760701752,UK311688400085,false,,false,,false,
6d596a9e-5671-4d92-aa86-a249ea51bada,6d2f8d45-38a1-4321-bc1d-3f7d34b14cb3,false,,2022-05-19,,,,false,,false,true,,false,,,,2b8f33e6-c262-4e13-89a5-ad6f60c10e4b,27093282-0d47-4aaf-a8de-f15cf5a9c6c1,,false,,UK286760301762,,[],3117,3,{},false,,2022-10-27 11:35:44.162526,2024-01-10 14:35:14.837434,UK286760701626,UK307558500093,true,,2022-05-19,,true,,,,a88ecf99-075e-40c8-bd32-b69fa4b32978,"{""bcms_sync_history_info_at"": ""2022-10-27T11:37:56.136928+00:00""}",3176.0,,2024-05-01 00:47:23.921276,,,,,,false,UK286760701626,,UK286760301762,UK307558500093,false,,false,,false,
5b682352-bfa0-4c57-9453-fd82e84a1a24,6d2f8d45-38a1-4321-bc1d-3f7d34b14cb3,false,,2022-05-28,,,,false,,false,true,,false,,,,eea8cd85-dc45-4ecb-a34f-cacaef14c06d,79a6f95f-a17d-42db-bd99-9cd0cba4321d,,false,,UK286760601779,,[],3117,3,{},false,,2022-10-27 11:35:46.841578,2024-01-10 14:34:45.950597,UK286760601471,UK303596702930,true,,2022-05-28,,true,,,,a88ecf99-075e-40c8-bd32-b69fa4b32978,"{""bcms_sync_history_info_at"": ""2022-10-27T11:38:12.815641+00:00""}",3176.0,,2024-05-01 00:47:30.987053,,,,,,false,UK286760601471,,UK286760601779,UK303596702930,false,,false,,false,
968f5f5c-eef0-454b-b390-1ae709a44463,b68ab45f-c243-4e2e-b3f4-47b7f367d7f4,false,,2023-05-08,,,,false,,false,true,,false,,,,c5363393-d5e9-4872-a524-8ccced4cb9f0,75b34d7f-fed4-422e-980d-64ebe455f23f,,false,,UK286760501799,,[],3117,3,{},false,,2023-05-13 01:01:10.589896,2024-03-18 13:03:59.732038,UK286760701500,UK311688400085,true,,2023-05-08,,true,,,,a88ecf99-075e-40c8-bd32-b69fa4b32978,"{""bcms_sync_history_info_at"": ""2023-05-13T02:08:22.418785+00:00""}",3176.0,,2024-05-01 00:47:37.486863,,,,,,false,UK286760701500,,UK286760501799,UK311688400085,false,,false,,false,
f5756d9b-968b-4514-ba6a-73fddae62f20,6d2f8d45-38a1-4321-bc1d-3f7d34b14cb3,false,,2022-06-06,,,,false,,false,true,,false,,,,892169c8-5a97-4163-9496-da638ed93486,27093282-0d47-4aaf-a8de-f15cf5a9c6c1,,false,,UK286760201789,,[],3117,3,{},false,,2022-10-27 11:35:48.253055,2024-01-10 14:35:45.900037,UK286760301636,UK307558500093,true,,2022-06-06,,true,,,,a88ecf99-075e-40c8-bd32-b69fa4b32978,"{""bcms_sync_history_info_at"": ""2022-10-27T11:37:37.680385+00:00""}",3176.0,,2024-05-01 00:47:33.978920,,,,,,false,UK286760301636,,UK286760201789,UK307558500093,false,,false,,false,
2d547d66-b293-45b0-8dee-cf7e72a7add9,b68ab45f-c243-4e2e-b3f4-47b7f367d7f4,false,,2023-05-20,,,,false,,false,false,,false,,,,fffd1f96-ac35-48d5-8fba-2abf682c23a2,9d8ce68c-5459-4967-aac8-a0ff04a29c2b,,false,,UK286760301818,,[],3117,3,{},false,,2023-05-27 01:05:00.666782,2024-03-18 13:01:54.960878,UK286760101473,UK286872501057,true,,2023-05-20,,true,,,,a88ecf99-075e-40c8-bd32-b69fa4b32978,"{""bcms_sync_history_info_at"": ""2023-05-27T02:19:37.379219+00:00""}",3176.0,,2024-05-01 00:47:45.599117,,,,,,false,UK286760101473,,UK286760301818,UK286872501057,false,,false,,false,
be024e02-4d8d-4f7b-9a5f-83f4d7a6726a,b68ab45f-c243-4e2e-b3f4-47b7f367d7f4,false,,2023-05-21,,,,false,,false,false,,false,,,,892169c8-5a97-4163-9496-da638ed93486,27093282-0d47-4aaf-a8de-f15cf5a9c6c1,,false,,UK286760301825,,[],3117,3,{},false,,2023-05-27 01:05:03.014937,2024-03-18 13:02:22.140712,UK286760301636,UK307558500093,true,,2023-05-21,,true,,,,a88ecf99-075e-40c8-bd32-b69fa4b32978,"{""bcms_sync_history_info_at"": ""2023-05-27T02:19:48.021020+00:00""}",3176.0,,2024-05-01 00:47:48.917898,,,,,,false,UK286760301636,,UK286760301825,UK307558500093,false,,false,,false,
6716355e-e48b-493c-beeb-94f1da2812b6,b68ab45f-c243-4e2e-b3f4-47b7f367d7f4,false,,2023-06-12,,,,false,,false,false,,false,,,,95bda01a-68a3-4e83-bf41-7061aa9380de,9d8ce68c-5459-4967-aac8-a0ff04a29c2b,,false,,UK286760601856,,[],3117,3,{},false,,2023-06-14 01:08:13.122522,2024-03-18 13:03:16.692612,UK286760401588,UK286872501057,true,,2023-06-12,,true,,,,a88ecf99-075e-40c8-bd32-b69fa4b32978,"{""bcms_sync_history_info_at"": ""2023-06-14T02:25:04.635224+00:00""}",3176.0,,2024-05-01 00:48:00.109504,,,,,,false,UK286760401588,,UK286760601856,UK286872501057,false,,false,,false,
e3d0f409-4987-4bee-ab33-910e8bb97c9c,b68ab45f-c243-4e2e-b3f4-47b7f367d7f4,false,,2023-06-21,,,,false,,false,true,,false,,,,8e39213c-a890-42e1-a6d2-4c9eddb39cff,9d8ce68c-5459-4967-aac8-a0ff04a29c2b,,false,,UK286760101865,,[],3117,3,{},false,,2023-06-24 01:01:44.717355,2024-03-18 13:02:55.356747,UK286760401476,UK286872501057,true,,2023-06-21,,true,,,,a88ecf99-075e-40c8-bd32-b69fa4b32978,"{""bcms_sync_history_info_at"": ""2023-06-24T02:13:16.815619+00:00""}",3176.0,,2024-05-01 00:48:04.454755,,,,,,false,UK286760401476,,UK286760101865,UK286872501057,false,,false,,false,
91dd3476-7025-493d-a610-4ed6c92964a9,b68ab45f-c243-4e2e-b3f4-47b7f367d7f4,false,,2023-05-26,,,,false,,false,true,,false,,,,cf715f17-5105-48e1-a01a-a6bf60377258,27093282-0d47-4aaf-a8de-f15cf5a9c6c1,,false,,UK286760401833,,[],3117,3,{},false,,2023-05-28 00:39:49.898273,2024-03-18 13:03:24.873564,UK286760401623,UK307558500093,true,,2023-05-26,,true,,,,a88ecf99-075e-40c8-bd32-b69fa4b32978,"{""bcms_sync_history_info_at"": ""2023-05-28T02:28:46.549360+00:00""}",3176.0,,2024-05-01 00:47:52.780971,,,,,,false,UK286760401623,,UK286760401833,UK307558500093,false,,false,,false,
366a60c1-30e1-4940-bf1d-c16f4fe91684,fa1b8abc-477e-4a03-9edf-89bc6db35922,false,,2022-02-25,214.2,,,false,{},false,false,,false,,,XXXX,,,,false,,UK323773605742,2024-04-23 00:00:00,[],3117,3,{},false,,2022-09-23 14:25:00.782429,2024-04-22 15:15:28.149462,UK323773104715,XXXX CENTRE,false,2024-04-22 15:10:25.683,2022-09-22,,false,,,,ddcf29a2-4007-4fc4-96b3-b538224b5091,"{""bcms_sync_history_info_at"": ""2022-10-27T11:38:32.154774+00:00""}",3176.0,,2024-04-23 01:22:22.263764,,O3,-O3,,,false,UK323773104715,,UK323773605742,XXXXCENTRE,false,,false,,false,
480862f2-feb0-49b0-9497-5537f0dc2e43,8732c7aa-0c01-4226-adb5-be660ca52d23,false,,2012-04-16,,,,false,,false,false,,false,,,,,,,false,,UK286760600988,,[],3117,3,{},false,,2022-10-27 11:35:18.572179,2023-09-19 16:00:44.765738,UK286760700254,UK122086600549,true,,2013-03-14,,true,,,,a88ecf99-075e-40c8-bd32-b69fa4b32978,"{""bcms_sync_history_info_at"": ""2022-10-27T11:35:54.711300+00:00""}",3176.0,,2024-05-01 00:46:41.520343,,,,,,true,UK286760700254,,UK286760600988,UK122086600549,false,,false,,false,
0b4e5344-ae6a-4942-bf67-293a0b305e6f,8732c7aa-0c01-4226-adb5-be660ca52d23,false,,2016-04-22,,,,false,,false,false,,false,,,,,,,false,,UK286760401329,,[],3117,3,{},false,,2022-10-27 11:35:21.338513,2023-09-19 16:00:44.765738,UK286760200452,UK286760400734,true,,2016-04-22,,true,,,,a88ecf99-075e-40c8-bd32-b69fa4b32978,"{""bcms_sync_history_info_at"": ""2022-10-27T11:36:08.042731+00:00""}",3176.0,,2024-05-01 00:46:46.381487,,,,,,true,UK286760200452,,UK286760401329,UK286760400734,false,,false,,false,
8f780568-89e4-445b-a650-d63a53796cb1,8732c7aa-0c01-4226-adb5-be660ca52d23,false,,2018-05-10,,,,false,,false,false,,false,,,,,,,false,,UK286760301503,,[],3117,3,{},false,,2022-10-27 11:35:23.790996,2023-09-19 16:00:44.765738,UK286760501190,UK170032100242,true,,2018-05-10,,true,,,,a88ecf99-075e-40c8-bd32-b69fa4b32978,"{""bcms_sync_history_info_at"": ""2022-10-27T11:36:23.891977+00:00""}",3176.0,,2024-05-01 00:46:52.198843,,,,,,true,UK286760501190,,UK286760301503,UK170032100242,false,,false,,false,
27093282-0d47-4aaf-a8de-f15cf5a9c6c1,f826e20b-e812-4d93-99bd-7957e78d9fff,false,,2019-07-06,,,,false,,false,true,,false,,,,,,,false,,UK307558500093,,[],3117,3,{},false,,2022-10-27 11:35:50.007896,2023-09-28 13:55:22.548035,UK263115300532,UK521497700112,true,,2021-05-20,,true,,,,a88ecf99-075e-40c8-bd32-b69fa4b32978,"{""bcms_sync_history_info_at"": ""2022-10-27T11:38:26.685612+00:00""}",3176.0,,2024-05-01 00:48:09.180606,,,,,,false,UK263115300532,,UK307558500093,UK521497700112,false,,false,,false,
11263207-d29d-489f-a5a7-6b568b52a877,8732c7aa-0c01-4226-adb5-be660ca52d23,false,,2015-04-04,,,,false,,false,false,,false,,,,,75b34d7f-fed4-422e-980d-64ebe455f23f,,false,,UK286760101235,,[],3117,3,{},false,,2022-10-27 11:35:20.527287,2023-09-19 16:00:44.765738,UK286760200809,UK311688400085,true,,2015-04-04,,true,,,,a88ecf99-075e-40c8-bd32-b69fa4b32978,"{""bcms_sync_history_info_at"": ""2022-10-27T11:36:07.366055+00:00""}",3176.0,,2024-05-01 00:46:44.712355,,,,,,true,UK286760200809,,UK286760101235,UK311688400085,false,,false,,false,
325eb7e4-b176-4975-8c84-5d4579ee847f,8732c7aa-0c01-4226-adb5-be660ca52d23,false,,2020-04-22,,,,false,,false,false,,false,,,,,75b34d7f-fed4-422e-980d-64ebe455f23f,,false,,UK286760701633,,[],3117,3,{},false,,2022-10-27 11:35:27.835250,2023-09-19 16:00:44.765738,UK286760601296,UK311688400085,true,,2020-04-22,,true,,,,a88ecf99-075e-40c8-bd32-b69fa4b32978,"{""bcms_sync_history_info_at"": ""2022-10-27T11:36:24.142464+00:00""}",3176.0,,2024-05-01 00:46:58.088706,,,,,,true,UK286760601296,,UK286760701633,UK311688400085,false,,false,,false,
1f7500c8-97d2-44bd-929f-d86b87ef22a5,8732c7aa-0c01-4226-adb5-be660ca52d23,false,,2021-05-14,,,,false,,false,false,,false,,,,,79a6f95f-a17d-42db-bd99-9cd0cba4321d,,false,,UK286760601681,,[],3117,3,{},false,,2022-10-27 11:35:32.820232,2023-09-19 16:00:44.765738,UK286760101550,UK303596702930,true,,2021-05-14,,true,,,,a88ecf99-075e-40c8-bd32-b69fa4b32978,"{""bcms_sync_history_info_at"": ""2022-10-27T11:36:24.060925+00:00""}",3176.0,,2024-05-01 00:47:05.818898,,,,,,true,UK286760101550,,UK286760601681,UK303596702930,false,,false,,false,
67616e0e-e6d2-43a2-9526-8b0a24e8e6b2,8732c7aa-0c01-4226-adb5-be660ca52d23,false,,2020-03-29,,,,false,,false,false,,false,,,,6e4902df-479d-4ff3-9275-17372a9bc576,,,false,,UK286760101599,,[],3117,3,{},false,,2022-10-27 11:35:25.974473,2023-09-19 16:00:44.765738,UK286760101480,UK706021602429,true,,2020-03-29,,true,,,,a88ecf99-075e-40c8-bd32-b69fa4b32978,"{""bcms_sync_history_info_at"": ""2022-10-27T11:36:14.408876+00:00""}",3176.0,,2024-05-01 00:46:55.509443,,,,,,true,UK286760101480,,UK286760101599,UK706021602429,false,,false,,false,
a3577a2e-e93d-42b6-b9eb-da20de3bf45a,8732c7aa-0c01-4226-adb5-be660ca52d23,false,,2020-03-27,,,,false,,false,false,,false,,,,,75b34d7f-fed4-422e-980d-64ebe455f23f,,false,,UK286760201593,,[],3117,3,{},false,,2022-10-27 11:35:25.669053,2023-09-19 16:00:44.765738,UK286760500903,UK311688400085,true,,2020-03-27,,true,,,,a88ecf99-075e-40c8-bd32-b69fa4b32978,"{""bcms_sync_history_info_at"": ""2022-10-27T11:37:22.479797+00:00""}",3176.0,,2024-05-01 00:46:54.609580,,,,,,true,UK286760500903,,UK286760201593,UK311688400085,false,,false,,false,
feec92fa-5e92-44a3-9d39-3724f87f1fa3,8732c7aa-0c01-4226-adb5-be660ca52d23,false,,2020-04-23,,,,false,,false,false,,false,,,,,75b34d7f-fed4-422e-980d-64ebe455f23f,,false,,UK286760401637,,[],3117,3,{},false,,2022-10-27 11:35:28.141204,2023-09-19 16:00:44.765738,UK286760701080,UK311688400085,true,,2020-04-23,,true,,,,a88ecf99-075e-40c8-bd32-b69fa4b32978,"{""bcms_sync_history_info_at"": ""2022-10-27T11:36:18.010370+00:00""}",3176.0,,2024-05-01 00:46:58.780546,,,,,,true,UK286760701080,,UK286760401637,UK311688400085,false,,false,,false,
dd0505d0-0385-425e-9e57-9a586916f1df,8732c7aa-0c01-4226-adb5-be660ca52d23,false,,2021-05-31,,,,false,,false,false,,false,,,,3d16d7df-2b91-4f74-9f77-9a334aea52ae,,,false,,UK286760501708,,[],3117,3,{},false,,2022-10-27 11:35:36.136911,2023-09-19 16:00:44.765738,UK286760401161,UK706021602429,true,,2021-05-31,,true,,,,a88ecf99-075e-40c8-bd32-b69fa4b32978,"{""bcms_sync_history_info_at"": ""2022-10-27T11:37:23.016680+00:00""}",3176.0,,2024-05-01 00:47:09.494975,,,,,,true,UK286760401161,,UK286760501708,UK706021602429,false,,false,,false,
514a09a0-717a-4891-97c9-d8fffd0163ce,6d2f8d45-38a1-4321-bc1d-3f7d34b14cb3,false,,2022-05-16,,,,false,,false,true,,false,,,,609bb931-fb2f-4236-9be4-dde6f6061aa5,79a6f95f-a17d-42db-bd99-9cd0cba4321d,,false,,UK286760401756,,[],3117,3,{},false,,2022-10-27 11:35:43.220441,2024-01-10 14:34:56.753669,UK286760501533,UK303596702930,true,,2022-05-16,,true,,,,a88ecf99-075e-40c8-bd32-b69fa4b32978,"{""bcms_sync_history_info_at"": ""2022-10-27T11:37:53.501771+00:00""}",3176.0,,2024-05-01 00:47:22.008532,,,,,,false,UK286760501533,,UK286760401756,UK303596702930,false,,false,,false,
756cb43f-663a-4181-ac7e-22d3b4fb3671,6d2f8d45-38a1-4321-bc1d-3f7d34b14cb3,false,,2022-05-11,,,,false,,false,false,,false,,,,d61092eb-216c-4c4f-b9c8-85a0fef2b465,79a6f95f-a17d-42db-bd99-9cd0cba4321d,,false,,UK286760401742,,[],3117,3,{},false,,2022-10-27 11:35:40.992431,2023-11-20 14:28:15.404877,UK286760700919,UK303596702930,true,,2022-05-11,,true,,,,a88ecf99-075e-40c8-bd32-b69fa4b32978,"{""bcms_sync_history_info_at"": ""2022-10-27T11:37:31.301515+00:00""}",3176.0,,2024-05-01 00:47:16.320028,,,,,,false,UK286760700919,,UK286760401742,UK303596702930,false,,false,,false,
6ece9069-1934-4c92-8796-7040873a14ee,6d2f8d45-38a1-4321-bc1d-3f7d34b14cb3,false,,2022-05-26,,,,false,,false,false,,false,,,,c561c12b-7be1-4fcf-9413-5b26cb590f59,79a6f95f-a17d-42db-bd99-9cd0cba4321d,,false,,UK286760401777,,[],3117,3,{},false,,2022-10-27 11:35:46.526742,2024-01-10 14:34:29.049673,UK286760301608,UK303596702930,true,,2022-05-26,,true,,,,a88ecf99-075e-40c8-bd32-b69fa4b32978,"{""bcms_sync_history_info_at"": ""2022-10-27T11:36:52.088799+00:00""}",3176.0,,2024-05-01 00:47:30.515231,,,,,,false,UK286760301608,,UK286760401777,UK303596702930,false,,false,,false,
b68c59df-2d74-49a4-a9cb-61c32cf270cb,b68ab45f-c243-4e2e-b3f4-47b7f367d7f4,false,,2023-05-14,,,,false,,false,true,,false,,,,291cfc74-2a98-4bc8-be88-92126d20968e,27093282-0d47-4aaf-a8de-f15cf5a9c6c1,,false,,UK286760101802,,[],3117,3,{},false,,2023-05-18 00:59:30.689211,2024-03-18 12:59:59.687966,UK286760401630,UK307558500093,true,,2023-05-14,,true,,,,a88ecf99-075e-40c8-bd32-b69fa4b32978,"{""bcms_sync_history_info_at"": ""2023-05-18T01:59:09.322431+00:00""}",3176.0,,2024-05-01 00:47:38.585430,,,,,,false,UK286760401630,,UK286760101802,UK307558500093,false,,false,,false,
cb6a6373-bd11-40a6-885b-bb4008c5f928,6d2f8d45-38a1-4321-bc1d-3f7d34b14cb3,false,,2022-06-26,,,,false,,false,true,,false,,,,7d44c101-31d9-40d5-a2a0-dd0bc28a8aa5,27093282-0d47-4aaf-a8de-f15cf5a9c6c1,,false,,UK286760401798,,[],3117,3,{},false,,2022-10-27 11:35:49.678436,2024-01-10 14:35:22.492058,UK286760101641,UK307558500093,true,,2022-06-26,,true,,,,a88ecf99-075e-40c8-bd32-b69fa4b32978,"{""bcms_sync_history_info_at"": ""2022-10-27T11:37:40.860602+00:00""}",3176.0,,2024-05-01 00:47:37.113065,,,,,,false,UK286760101641,,UK286760401798,UK307558500093,false,,false,,false,
5cf1201c-d802-4556-9645-98a26e96f750,b68ab45f-c243-4e2e-b3f4-47b7f367d7f4,false,,2023-05-25,,,,false,,false,true,,false,,,,a3577a2e-e93d-42b6-b9eb-da20de3bf45a,9d8ce68c-5459-4967-aac8-a0ff04a29c2b,,false,,UK286760101830,,[],3117,3,{},false,,2023-05-28 00:39:49.005303,2024-03-18 13:00:40.708716,UK286760201593,UK286872501057,true,,2023-05-25,,true,,,,a88ecf99-075e-40c8-bd32-b69fa4b32978,"{""bcms_sync_history_info_at"": ""2023-05-28T02:28:38.075482+00:00""}",3176.0,,2024-05-01 00:47:51.217060,,,,,,false,UK286760201593,,UK286760101830,UK286872501057,false,,false,,false,
94ae49e1-2054-4804-8a04-743ee2855d09,b68ab45f-c243-4e2e-b3f4-47b7f367d7f4,false,,2023-05-17,,,,false,,false,false,,false,,,,7f423ba4-3f38-40c6-af18-4a6fc2258ec2,9d8ce68c-5459-4967-aac8-a0ff04a29c2b,,false,,UK286760601807,,[],3117,3,{},false,,2023-05-19 00:47:28.974474,2024-03-18 13:01:35.986611,UK286760301237,UK286872501057,true,,2023-05-17,,true,,,,a88ecf99-075e-40c8-bd32-b69fa4b32978,"{""bcms_sync_history_info_at"": ""2023-05-19T01:45:46.032465+00:00""}",3176.0,,2024-05-01 00:47:40.382892,,,,,,false,UK286760301237,,UK286760601807,UK286872501057,false,,false,,false,
fa418f80-2698-4884-bfa5-2b65b466f90f,b68ab45f-c243-4e2e-b3f4-47b7f367d7f4,false,,2023-05-18,,,,false,,false,true,,false,,,,ba103b3a-d10a-4dab-a222-f56277a9efa0,75b34d7f-fed4-422e-980d-64ebe455f23f,,false,,UK286760601814,,[],3117,3,{},false,,2023-05-27 01:04:58.579518,2024-03-18 13:00:32.128401,UK286760101179,UK311688400085,true,,2023-05-18,,true,,,,a88ecf99-075e-40c8-bd32-b69fa4b32978,"{""bcms_sync_history_info_at"": ""2023-05-27T02:19:43.828844+00:00""}",3176.0,,2024-05-01 00:47:43.690872,,,,,,false,UK286760101179,,UK286760601814,UK311688400085,false,,false,,false,
ee1e2dbd-712f-458e-a702-71ffc90b1ea6,b68ab45f-c243-4e2e-b3f4-47b7f367d7f4,false,,2023-05-17,,,,false,,false,true,,false,,,,cd67bab6-f739-4268-a885-d2e6e0685498,27093282-0d47-4aaf-a8de-f15cf5a9c6c1,,false,,UK286760401812,,[],3117,3,{},false,,2023-05-28 00:39:45.612791,2024-03-18 13:04:30.722405,UK286760501631,UK307558500093,true,,2023-05-17,,true,,,,a88ecf99-075e-40c8-bd32-b69fa4b32978,"{""bcms_sync_history_info_at"": ""2023-05-28T02:28:39.730292+00:00""}",3176.0,,2024-05-01 00:47:42.494923,,,,,,false,UK286760501631,,UK286760401812,UK307558500093,false,,false,,false,
506b5e94-7906-47ae-8bf6-db24f0ccb7ab,b68ab45f-c243-4e2e-b3f4-47b7f367d7f4,false,,2023-06-15,,,,false,,false,true,,false,,,,1f7500c8-97d2-44bd-929f-d86b87ef22a5,27093282-0d47-4aaf-a8de-f15cf5a9c6c1,,false,,UK286760301860,,[],3117,3,{},false,,2023-06-18 00:42:31.199101,2024-03-18 13:03:51.458577,UK286760601681,UK307558500093,true,,2023-06-15,,true,,,,a88ecf99-075e-40c8-bd32-b69fa4b32978,"{""bcms_sync_history_info_at"": ""2023-06-18T02:10:04.352320+00:00""}",3176.0,,2024-05-01 00:48:02.228947,,,,,,false,UK286760601681,,UK286760301860,UK307558500093,false,,false,,false,
27bfb5bd-350a-4a22-9064-ec61c61b12e2,b68ab45f-c243-4e2e-b3f4-47b7f367d7f4,false,,2023-06-24,,,,false,,false,false,,false,,,,d981a07c-de8f-4546-a8ed-45d77b18e82e,9d8ce68c-5459-4967-aac8-a0ff04a29c2b,,false,,UK286760501869,,[],3117,3,{},false,,2023-06-28 02:07:32.619380,2024-03-18 13:01:32.968378,UK286760500994,UK286872501057,true,,2023-06-24,,true,,,,a88ecf99-075e-40c8-bd32-b69fa4b32978,"{""bcms_sync_history_info_at"": ""2023-06-28T02:17:44.671981+00:00""}",3176.0,,2024-05-01 00:48:05.486918,,,,,,false,UK286760500994,,UK286760501869,UK286872501057,false,,false,,false,
6ebafd82-1b4b-4a1c-bca5-7fda9135a7bd,b68ab45f-c243-4e2e-b3f4-47b7f367d7f4,false,,2023-06-02,,,,false,,false,false,,false,,,,609bb931-fb2f-4236-9be4-dde6f6061aa5,9d8ce68c-5459-4967-aac8-a0ff04a29c2b,,false,,UK286760501848,,[],3117,3,{},false,,2023-06-08 00:50:31.178280,2024-03-18 13:03:44.036360,UK286760501533,UK286872501057,true,,2023-06-02,,true,,,,a88ecf99-075e-40c8-bd32-b69fa4b32978,"{""bcms_sync_history_info_at"": ""2023-06-08T02:13:56.664319+00:00""}",3176.0,,2024-05-01 00:47:57.781426,,,,,,false,UK286760501533,,UK286760501848,UK286872501057,false,,false,,false,
8bffb12d-d155-42f0-aed6-042570d8bcd7,b68ab45f-c243-4e2e-b3f4-47b7f367d7f4,false,,2023-06-02,,,,false,,false,false,,false,,,,1b240021-f1cc-447c-874c-a243e4669aa9,75b34d7f-fed4-422e-980d-64ebe455f23f,,false,,UK286760601849,,[],3117,3,{},false,,2023-06-08 00:50:31.756008,2024-03-18 13:02:29.236989,UK286760701619,UK311688400085,true,,2023-06-02,,true,,,,a88ecf99-075e-40c8-bd32-b69fa4b32978,"{""bcms_sync_history_info_at"": ""2023-06-08T02:12:13.691947+00:00""}",3176.0,,2024-05-01 00:47:58.003621,,,,,,false,UK286760701619,,UK286760601849,UK311688400085,false,,false,,false,
c08dace1-f725-4727-a097-d0469c5b56a5,b68ab45f-c243-4e2e-b3f4-47b7f367d7f4,false,,2023-06-13,,,,false,,false,false,,false,,,,f62749ef-4dea-44c4-a42d-75fbfc807de9,9d8ce68c-5459-4967-aac8-a0ff04a29c2b,,false,,UK286760101858,,[],3117,3,{},false,,2023-06-16 00:55:43.492773,2024-03-18 13:00:58.606045,UK286760201474,UK286872501057,true,,2023-06-13,,true,,,,a88ecf99-075e-40c8-bd32-b69fa4b32978,"{""bcms_sync_history_info_at"": ""2023-06-16T02:01:56.738862+00:00""}",3176.0,,2024-05-01 00:48:00.992092,,,,,,false,UK286760201474,,UK286760101858,UK286872501057,false,,false,,false,
ca8515ba-7d98-494f-a881-36b12d7feadc,b68ab45f-c243-4e2e-b3f4-47b7f367d7f4,false,,2023-06-02,,,,false,,false,true,,false,,,,4f15ba63-564a-49b5-bd06-187bca782273,9d8ce68c-5459-4967-aac8-a0ff04a29c2b,,false,,UK286760401847,,[],3117,3,{},false,,2023-06-04 00:56:29.138811,2024-03-18 13:04:33.552939,UK286760501652,UK286872501057,true,,2023-06-02,,true,,,,a88ecf99-075e-40c8-bd32-b69fa4b32978,"{""bcms_sync_history_info_at"": ""2023-06-04T02:03:27.448777+00:00""}",3176.0,,2024-05-01 00:47:57.504164,,,,,,false,UK286760501652,,UK286760401847,UK286872501057,false,,false,,false,
5f016f6c-a237-4a6c-bb28-f32d7352bb5b,b68ab45f-c243-4e2e-b3f4-47b7f367d7f4,false,,2023-06-23,,,,false,,false,true,,false,,,,44f4590e-5c01-43f9-8ca9-c1612bc47d5b,27093282-0d47-4aaf-a8de-f15cf5a9c6c1,,false,,UK286760401868,,[],3117,3,{},false,,2023-06-28 02:07:32.432564,2024-03-18 13:03:41.496508,UK286760501694,UK307558500093,true,,2023-06-23,,true,,,,a88ecf99-075e-40c8-bd32-b69fa4b32978,"{""bcms_sync_history_info_at"": ""2023-06-28T02:17:44.081339+00:00""}",3176.0,,2024-05-01 00:48:05.216677,,,,,,false,UK286760501694,,UK286760401868,UK307558500093,false,,false,,false,
94090340-8427-4771-8ce4-a9554325ff9c,b68ab45f-c243-4e2e-b3f4-47b7f367d7f4,false,,2023-06-18,,,,false,,false,true,,false,,,,0b4e5344-ae6a-4942-bf67-293a0b305e6f,75b34d7f-fed4-422e-980d-64ebe455f23f,,false,,UK286760601863,,[],3117,3,{},false,,2023-06-22 01:03:19.996385,2024-03-18 13:02:22.070122,UK286760401329,UK311688400085,true,,2023-06-18,,true,,,,a88ecf99-075e-40c8-bd32-b69fa4b32978,"{""bcms_sync_history_info_at"": ""2023-06-22T02:20:44.005615+00:00""}",3176.0,,2024-05-01 00:48:03.882466,,,,,,false,UK286760401329,,UK286760601863,UK311688400085,false,,false,,false,
df4ce676-0f0a-4475-a75e-5d8119557b56,b68ab45f-c243-4e2e-b3f4-47b7f367d7f4,false,,2023-06-17,,,,false,,false,false,,false,,,,e55cdd80-0e6c-4cbe-8faf-d693065d9df1,75b34d7f-fed4-422e-980d-64ebe455f23f,,false,,UK286760401861,,[],3117,3,{},false,,2023-06-22 01:03:19.406822,2024-03-18 13:00:50.074528,UK286760601478,UK311688400085,true,,2023-06-17,,true,,,,a88ecf99-075e-40c8-bd32-b69fa4b32978,"{""bcms_sync_history_info_at"": ""2023-06-22T02:20:06.798911+00:00""}",3176.0,,2024-05-01 00:48:02.778926,,,,,,false,UK286760601478,,UK286760401861,UK311688400085,false,,false,,false,
56cca363-99cb-4baf-a152-204e2c98860f,b68ab45f-c243-4e2e-b3f4-47b7f367d7f4,false,,2023-05-30,,,,false,,false,false,,false,,,,71d0f202-9b7f-4b6f-87f9-c8067b01bc69,9d8ce68c-5459-4967-aac8-a0ff04a29c2b,,false,,UK286760101844,,[],3117,3,{},false,,2023-06-04 00:56:28.288643,2024-03-18 13:02:10.199091,UK286760501610,UK286872501057,true,,2023-05-30,,true,,,,a88ecf99-075e-40c8-bd32-b69fa4b32978,"{""bcms_sync_history_info_at"": ""2023-06-04T02:03:18.955430+00:00""}",3176.0,,2024-05-01 00:47:56.786244,,,,,,false,UK286760501610,,UK286760101844,UK286872501057,false,,false,,false,
999a6c2a-72bf-4e4e-a8ba-1c01f61a2698,b68ab45f-c243-4e2e-b3f4-47b7f367d7f4,false,,2023-05-28,,,,false,,false,false,,false,,,,b527a952-472b-4d32-8f0a-7a1b51230bdb,9d8ce68c-5459-4967-aac8-a0ff04a29c2b,,false,,UK286760201838,,[],3117,3,{},false,,2023-06-01 01:09:20.047321,2024-03-18 13:00:28.618062,UK286760601625,UK286872501057,true,,2023-05-28,,true,,,,a88ecf99-075e-40c8-bd32-b69fa4b32978,"{""bcms_sync_history_info_at"": ""2023-06-01T02:16:47.516884+00:00""}",3176.0,,2024-05-01 00:47:55.188644,,,,,,false,UK286760601625,,UK286760201838,UK286872501057,false,,false,,false,
a3c8002c-90b9-4997-a3ec-44db850810d2,fa1b8abc-477e-4a03-9edf-89bc6db35922,false,,2022-03-13,274.6,,,false,{},true,true,,false,,,XXXX,,,,false,,UK323773705813,2024-04-23 00:00:00,[],3117,3,{},false,,2022-09-23 14:25:03.258866,2024-04-22 15:15:28.667366,UK323773504502,XXXX CENTRE,false,2024-04-22 15:10:25.683,2022-09-22,,false,,,,9c6742d4-5408-4bc1-b622-cdfff7a27569,"{""bcms_sync_history_info_at"": ""2022-10-27T11:37:34.910596+00:00""}",3176.0,,2024-04-23 01:22:24.967808,,O3,-O3,,,false,UK323773504502,,UK323773705813,XXXXCENTRE,false,,false,,false,
e55cdd80-0e6c-4cbe-8faf-d693065d9df1,8732c7aa-0c01-4226-adb5-be660ca52d23,false,,2018-04-26,,,,false,,false,false,,false,,,,,,,false,,UK286760601478,,[],3117,3,{},false,,2022-10-27 11:35:22.717312,2023-09-19 16:00:44.765738,UK286760101011,UK170032100242,true,,2018-04-26,,true,,,,a88ecf99-075e-40c8-bd32-b69fa4b32978,"{""bcms_sync_history_info_at"": ""2022-10-27T11:36:49.330535+00:00""}",3176.0,,2024-05-01 00:46:49.106978,,,,,,true,UK286760101011,,UK286760601478,UK170032100242,false,,false,,false,
1b240021-f1cc-447c-874c-a243e4669aa9,8732c7aa-0c01-4226-adb5-be660ca52d23,false,,2020-04-08,,,,false,,false,false,,false,,,,,,,false,,UK286760701619,,[],3117,3,{},false,,2022-10-27 11:35:26.921705,2023-09-19 16:00:44.765738,UK286760301468,UK706021602429,true,,2020-04-08,,true,,,,a88ecf99-075e-40c8-bd32-b69fa4b32978,"{""bcms_sync_history_info_at"": ""2022-10-27T11:36:46.162166+00:00""}",3176.0,,2024-05-01 00:46:56.279687,,,,,,true,UK286760301468,,UK286760701619,UK706021602429,false,,false,,false,
490951fb-0ec8-4df9-9d38-c284dcfa416b,8732c7aa-0c01-4226-adb5-be660ca52d23,false,,2020-05-24,,,,false,,false,false,,false,,,,,,,false,,UK286760201656,,[],3117,3,{},false,,2022-10-27 11:35:29.210587,2023-09-19 16:00:44.765738,UK286760701472,UK706021602429,true,,2020-05-24,,true,,,,a88ecf99-075e-40c8-bd32-b69fa4b32978,"{""bcms_sync_history_info_at"": ""2022-10-27T11:36:36.023919+00:00""}",3176.0,,2024-05-01 00:46:59.802940,,,,,,true,UK286760701472,,UK286760201656,UK706021602429,false,,false,,false,
344288e3-285e-457c-85f6-b89ad642fb40,f826e20b-e812-4d93-99bd-7957e78d9fff,false,,2020-09-20,,,,false,,false,true,,false,,,,,,,false,,UK303605401720,,[],3117,3,{},false,,2023-02-05 00:45:06.951407,2023-09-19 16:00:17.374390,UK303605201424,UK303605701499,true,,2023-02-02,,true,,,,a88ecf99-075e-40c8-bd32-b69fa4b32978,"{""bcms_sync_history_info_at"": ""2023-02-05T01:49:58.616646+00:00""}",3176.0,,2024-05-01 00:48:08.716055,,,,,,false,UK303605201424,,UK303605401720,UK303605701499,false,,false,,false,
3d1b3af7-c6d8-4c75-8c67-24d5915c7e52,8732c7aa-0c01-4226-adb5-be660ca52d23,false,,2018-05-06,,,,false,,false,false,,false,,,,,75b34d7f-fed4-422e-980d-64ebe455f23f,,false,,UK286760501498,,[],3117,3,{},false,,2022-10-27 11:35:23.488179,2023-09-19 16:00:44.765738,UK286760400265,UK311688400085,true,,2018-05-06,,true,,,,a88ecf99-075e-40c8-bd32-b69fa4b32978,"{""bcms_sync_history_info_at"": ""2022-10-27T11:36:19.765670+00:00""}",3176.0,,2024-05-01 00:46:51.049926,,,,,,true,UK286760400265,,UK286760501498,UK311688400085,false,,false,,false,
44f4590e-5c01-43f9-8ca9-c1612bc47d5b,8732c7aa-0c01-4226-adb5-be660ca52d23,false,,2021-05-28,,,,false,,false,false,,false,,,,7e73f411-999f-4161-9083-de53c4650331,,,false,,UK286760501694,,[],3117,3,{},false,,2022-10-27 11:35:34.574681,2023-09-19 16:00:44.765738,UK286760201488,UK706021602429,true,,2021-05-28,,true,,,,a88ecf99-075e-40c8-bd32-b69fa4b32978,"{""bcms_sync_history_info_at"": ""2022-10-27T11:36:51.127032+00:00""}",3176.0,,2024-05-01 00:47:07.799709,,,,,,true,UK286760201488,,UK286760501694,UK706021602429,false,,false,,false,
2385368c-be13-407f-a0b2-cab178145872,8732c7aa-0c01-4226-adb5-be660ca52d23,false,,2021-05-11,,,,false,,false,false,,false,,,,301a1f85-f5c2-4263-b30b-f9434e1eb459,79a6f95f-a17d-42db-bd99-9cd0cba4321d,,false,,UK286760501673,,[],3117,3,{},false,,2022-10-27 11:35:31.561332,2023-09-19 16:00:44.765738,UK286760701563,UK303596702930,true,,2021-05-11,,true,,,,a88ecf99-075e-40c8-bd32-b69fa4b32978,"{""bcms_sync_history_info_at"": ""2022-10-27T11:37:37.887264+00:00""}",3176.0,,2024-05-01 00:47:03.478760,,,,,,true,UK286760701563,,UK286760501673,UK303596702930,false,,false,,false,
17ab27bc-dd83-46b0-a56d-ba78b41ee803,6d2f8d45-38a1-4321-bc1d-3f7d34b14cb3,false,,2022-05-07,,,,false,,false,false,,false,,,,71d0f202-9b7f-4b6f-87f9-c8067b01bc69,79a6f95f-a17d-42db-bd99-9cd0cba4321d,,false,,UK286760101739,,[],3117,3,{},false,,2022-10-27 11:35:40.505165,2023-11-20 14:27:06.487959,UK286760501610,UK303596702930,true,,2022-05-07,,true,,,,a88ecf99-075e-40c8-bd32-b69fa4b32978,"{""bcms_sync_history_info_at"": ""2022-10-27T11:37:18.559671+00:00""}",3176.0,,2024-05-01 00:47:15.725756,,,,,,false,UK286760501610,,UK286760101739,UK303596702930,false,,false,,false,
a790842e-a8bd-40fe-bc72-e2fa02507c7b,8732c7aa-0c01-4226-adb5-be660ca52d23,false,,2014-04-21,,,,false,,false,false,,false,,,,,75b34d7f-fed4-422e-980d-64ebe455f23f,,false,,UK286760701157,,[],3117,3,{},false,,2022-10-27 11:35:19.233159,2023-09-19 16:00:44.765738,UK286760400706,UK311688400085,true,,2014-04-21,,true,,,,a88ecf99-075e-40c8-bd32-b69fa4b32978,"{""bcms_sync_history_info_at"": ""2022-10-27T11:36:07.046585+00:00""}",3176.0,,2024-05-01 00:46:42.493186,,,,,,true,UK286760400706,,UK286760701157,UK311688400085,false,,false,,false,
54312981-5301-421f-94cd-85781227e1a5,6d2f8d45-38a1-4321-bc1d-3f7d34b14cb3,false,,2022-05-07,,,,false,,false,true,,false,,,,490951fb-0ec8-4df9-9d38-c284dcfa416b,27093282-0d47-4aaf-a8de-f15cf5a9c6c1,,false,,UK286760301664,,[],3117,3,{},false,,2022-10-27 11:35:30.144307,2024-04-22 15:52:05.908761,UK286760201656,UK307558500093,true,,2022-05-07,,true,,,,a88ecf99-075e-40c8-bd32-b69fa4b32978,"{""bcms_sync_history_info_at"": ""2022-10-27T11:36:19.599853+00:00""}",3176.0,,2024-05-01 00:47:00.610825,,,,,,false,UK286760201656,,UK286760301664,UK307558500093,false,,false,,false,
b527a952-472b-4d32-8f0a-7a1b51230bdb,8732c7aa-0c01-4226-adb5-be660ca52d23,false,,2020-04-15,,,,false,,false,false,,false,,,,33a6e4d7-3dec-48b1-8024-5d1ddc66a318,75b34d7f-fed4-422e-980d-64ebe455f23f,,false,,UK286760601625,,[],3117,3,{},false,,2022-10-27 11:35:27.228252,2023-09-19 16:00:44.765738,UK286760501267,UK311688400085,true,,2020-04-15,,true,,,,a88ecf99-075e-40c8-bd32-b69fa4b32978,"{""bcms_sync_history_info_at"": ""2022-10-27T11:36:17.808589+00:00""}",3176.0,,2024-05-01 00:46:56.987298,,,,,,true,UK286760501267,,UK286760601625,UK311688400085,false,,false,,false,
fffd1f96-ac35-48d5-8fba-2abf682c23a2,8732c7aa-0c01-4226-adb5-be660ca52d23,false,,2018-04-20,,,,false,,false,false,,false,,,,,75b34d7f-fed4-422e-980d-64ebe455f23f,,false,,UK286760101473,,[],3117,3,{},false,,2022-10-27 11:35:22.257678,2023-09-19 16:00:44.765738,UK286760701080,UK311688400085,true,,2018-04-20,,true,,,,a88ecf99-075e-40c8-bd32-b69fa4b32978,"{""bcms_sync_history_info_at"": ""2022-10-27T11:36:51.747748+00:00""}",3176.0,,2024-05-01 00:46:47.886890,,,,,,true,UK286760701080,,UK286760101473,UK311688400085,false,,false,,false,
97269045-03c2-4112-830d-bd36b56c0028,6d2f8d45-38a1-4321-bc1d-3f7d34b14cb3,false,,2022-04-24,,,,false,,false,false,,false,,,,5f0b38b9-9bcb-41da-927f-6fc69d799da6,27093282-0d47-4aaf-a8de-f15cf5a9c6c1,,false,,UK286760601730,,[],3117,3,{},false,,2022-10-27 11:35:39.101568,2023-11-20 14:25:51.855139,UK286760601590,UK307558500093,true,,2022-04-24,,true,,,,a88ecf99-075e-40c8-bd32-b69fa4b32978,"{""bcms_sync_history_info_at"": ""2022-10-27T11:36:56.501040+00:00""}",3176.0,,2024-05-01 00:47:12.002902,,,,,,false,UK286760601590,,UK286760601730,UK307558500093,false,,false,,false,
b30ecc30-110f-4d65-893e-343ef12b8fe0,8732c7aa-0c01-4226-adb5-be660ca52d23,false,,2021-05-22,,,,false,,false,false,,false,,,,49201496-8697-4960-9e63-6268ecbb4f91,79a6f95f-a17d-42db-bd99-9cd0cba4321d,,false,,UK286760401686,,[],3117,3,{},false,,2022-10-27 11:35:33.315902,2023-09-19 16:00:44.765738,UK286760701087,UK303596702930,true,,2021-05-22,,true,,,,a88ecf99-075e-40c8-bd32-b69fa4b32978,"{""bcms_sync_history_info_at"": ""2022-10-27T11:36:44.933309+00:00""}",3176.0,,2024-05-01 00:47:06.779154,,,,,,true,UK286760701087,,UK286760401686,UK303596702930,false,,false,,false,
d1d93cc0-ab7a-443d-ba74-9ebb08cc075d,8732c7aa-0c01-4226-adb5-be660ca52d23,false,,2021-05-27,,,,false,,false,false,,false,,,,4d644097-211d-4078-9e08-8d6ff60dc5fd,79a6f95f-a17d-42db-bd99-9cd0cba4321d,,false,,UK286760101704,,[],3117,3,{},false,,2022-10-27 11:35:35.826477,2023-09-19 16:00:44.765738,UK286760101165,UK303596702930,true,,2021-05-27,,true,,,,a88ecf99-075e-40c8-bd32-b69fa4b32978,"{""bcms_sync_history_info_at"": ""2022-10-27T11:37:26.182467+00:00""}",3176.0,,2024-05-01 00:47:09.022567,,,,,,true,UK286760101165,,UK286760101704,UK303596702930,false,,false,,false,
cdd1a945-2f2e-4e8e-b802-7c7b50a326fe,6d2f8d45-38a1-4321-bc1d-3f7d34b14cb3,false,,2022-05-07,,,,false,,false,false,,false,,,,95bda01a-68a3-4e83-bf41-7061aa9380de,79a6f95f-a17d-42db-bd99-9cd0cba4321d,,false,,UK286760701738,,[],3117,3,{},false,,2022-10-27 11:35:40.339555,2023-11-20 14:25:59.529835,UK286760401588,UK303596702930,true,,2022-05-07,,true,,,,a88ecf99-075e-40c8-bd32-b69fa4b32978,"{""bcms_sync_history_info_at"": ""2022-10-27T11:36:46.624612+00:00""}",3176.0,,2024-05-01 00:47:15.400952,,,,,,false,UK286760401588,,UK286760701738,UK303596702930,false,,false,,false,
d03c4cdf-f657-4673-af80-115ec8a5ec0c,6d2f8d45-38a1-4321-bc1d-3f7d34b14cb3,false,,2022-05-06,,,,false,,false,true,,false,,,,49201496-8697-4960-9e63-6268ecbb4f91,75b34d7f-fed4-422e-980d-64ebe455f23f,,false,,UK286760401735,,[],3117,3,{},false,,2022-10-27 11:35:39.870113,2024-01-10 14:35:01.527199,UK286760701087,UK311688400085,true,,2022-05-06,,true,,,,a88ecf99-075e-40c8-bd32-b69fa4b32978,"{""bcms_sync_history_info_at"": ""2022-10-27T11:37:01.852062+00:00""}",3176.0,,2024-05-01 00:47:14.498217,,,,,,false,UK286760701087,,UK286760401735,UK311688400085,false,,false,,false,
32be6f70-14db-461a-9352-928509cc94c4,6d2f8d45-38a1-4321-bc1d-3f7d34b14cb3,false,,2022-05-15,,,,false,,false,true,,false,,,,77068f6c-24b7-4f43-811a-8c868027d248,79a6f95f-a17d-42db-bd99-9cd0cba4321d,,false,,UK286760401749,,[],3117,3,{},false,,2022-10-27 11:35:42.115538,2024-01-10 14:34:27.205226,UK286760201565,UK303596702930,true,,2022-05-15,,true,,,,a88ecf99-075e-40c8-bd32-b69fa4b32978,"{""bcms_sync_history_info_at"": ""2022-10-27T11:37:40.461054+00:00""}",3176.0,,2024-05-01 00:47:19.200844,,,,,,false,UK286760201565,,UK286760401749,UK303596702930,false,,false,,false,
491059e2-2ef6-4f1d-83ce-2d6511898780,6d2f8d45-38a1-4321-bc1d-3f7d34b14cb3,false,,2022-06-17,,,,false,,false,true,,false,,,,084fae05-8529-425c-a66c-7e76958b9ebf,79a6f95f-a17d-42db-bd99-9cd0cba4321d,,false,,UK286760101795,,[],3117,3,{},false,,2022-10-27 11:35:49.184352,2024-01-10 14:34:55.102809,UK286760700975,UK303596702930,true,,2022-06-17,,true,,,,a88ecf99-075e-40c8-bd32-b69fa4b32978,"{""bcms_sync_history_info_at"": ""2022-10-27T11:37:04.944505+00:00""}",3176.0,,2024-05-01 00:47:36.034933,,,,,,false,UK286760700975,,UK286760101795,UK303596702930,false,,false,,false,
f6e6742d-ed4f-46bb-afda-c6db63cbd496,6d2f8d45-38a1-4321-bc1d-3f7d34b14cb3,false,,2022-05-12,,,,false,,false,true,,false,,,,2755185e-96a0-4910-896c-880d5d3393f6,79a6f95f-a17d-42db-bd99-9cd0cba4321d,,false,,UK286760601744,,[],3117,3,{},false,,2022-10-27 11:35:41.324125,2024-01-10 14:35:03.284142,UK286760201369,UK303596702930,true,,2022-05-12,,true,,,,a88ecf99-075e-40c8-bd32-b69fa4b32978,"{""bcms_sync_history_info_at"": ""2022-10-27T11:37:10.581755+00:00""}",3176.0,,2024-05-01 00:47:17.186914,,,,,,false,UK286760201369,,UK286760601744,UK303596702930,false,,false,,false,
fdb94142-da49-4be5-aca8-e9907e181a10,6d2f8d45-38a1-4321-bc1d-3f7d34b14cb3,false,,2022-05-25,,,,false,,false,false,,false,,,,d7a80cab-a8ed-4e70-8d6a-8531ecd2d9d7,79a6f95f-a17d-42db-bd99-9cd0cba4321d,,false,,UK286760701773,,[],3117,3,{},false,,2022-10-27 11:35:45.885431,2023-11-20 14:27:32.824706,UK286760101256,UK303596702930,true,,2022-05-25,,true,,,,a88ecf99-075e-40c8-bd32-b69fa4b32978,"{""bcms_sync_history_info_at"": ""2022-10-27T11:37:44.581239+00:00""}",3176.0,,2024-05-01 00:47:28.714127,,,,,,false,UK286760101256,,UK286760701773,UK303596702930,false,,false,,false,
91de5abe-afc6-4ba0-8ad0-d084b17fd210,b68ab45f-c243-4e2e-b3f4-47b7f367d7f4,false,,2023-05-14,,,,false,,false,true,,false,,,,4d644097-211d-4078-9e08-8d6ff60dc5fd,75b34d7f-fed4-422e-980d-64ebe455f23f,,false,,UK286760501806,,[],3117,3,{},false,,2023-05-18 00:59:32.006179,2024-03-18 13:04:14.873922,UK286760101165,UK311688400085,true,,2023-05-14,,true,,,,a88ecf99-075e-40c8-bd32-b69fa4b32978,"{""bcms_sync_history_info_at"": ""2023-05-18T01:59:27.450935+00:00""}",3176.0,,2024-05-01 00:47:40.020899,,,,,,false,UK286760101165,,UK286760501806,UK311688400085,false,,false,,false,
890bbdc6-355f-4085-be84-b1241cce563b,b68ab45f-c243-4e2e-b3f4-47b7f367d7f4,false,,2023-05-20,,,,false,,false,true,,false,,,,dd0505d0-0385-425e-9e57-9a586916f1df,27093282-0d47-4aaf-a8de-f15cf5a9c6c1,,false,,UK286760601821,,[],3117,3,{},false,,2023-05-27 01:05:01.808037,2024-03-18 13:01:29.244296,UK286760501708,UK307558500093,true,,2023-05-20,,true,,,,a88ecf99-075e-40c8-bd32-b69fa4b32978,"{""bcms_sync_history_info_at"": ""2023-05-27T02:19:39.839747+00:00""}",3176.0,,2024-05-01 00:47:46.405279,,,,,,false,UK286760501708,,UK286760601821,UK307558500093,false,,false,,false,
d2bba77c-7341-4e41-9de4-2ea193187c34,b68ab45f-c243-4e2e-b3f4-47b7f367d7f4,false,,2023-05-24,,,,false,,false,false,,false,,,,1ea18cd5-9904-4ad1-86db-26b0c4aa9a96,75b34d7f-fed4-422e-980d-64ebe455f23f,,false,,UK286760601828,,[],3117,3,{},false,,2023-05-28 00:39:48.405307,2024-03-18 13:04:23.655285,UK286760501505,UK311688400085,true,,2023-05-24,,true,,,,a88ecf99-075e-40c8-bd32-b69fa4b32978,"{""bcms_sync_history_info_at"": ""2023-05-28T02:28:39.171325+00:00""}",3176.0,,2024-05-01 00:47:50.379655,,,,,,false,UK286760501505,,UK286760601828,UK311688400085,false,,false,,false,
46254ee9-2052-46fb-b70f-8553039d2053,b68ab45f-c243-4e2e-b3f4-47b7f367d7f4,false,,2023-05-31,,,,false,,false,true,,false,,,,b050aa92-a5b9-4475-a70c-108740d18db3,9d8ce68c-5459-4967-aac8-a0ff04a29c2b,,false,,UK286760201845,,[],3117,3,{},false,,2023-06-04 00:56:28.542222,2024-03-18 13:03:04.838272,UK286760300761,UK286872501057,true,,2023-05-31,,true,,,,a88ecf99-075e-40c8-bd32-b69fa4b32978,"{""bcms_sync_history_info_at"": ""2023-06-04T02:03:16.259384+00:00""}",3176.0,,2024-05-01 00:47:56.985893,,,,,,false,UK286760300761,,UK286760201845,UK286872501057,false,,false,,false,
0cce6619-7f39-4ef2-adb6-f99e50cd9cf6,b68ab45f-c243-4e2e-b3f4-47b7f367d7f4,false,,2023-07-19,,,,false,,false,false,,false,,,,480862f2-feb0-49b0-9497-5537f0dc2e43,9d8ce68c-5459-4967-aac8-a0ff04a29c2b,,false,,UK286760201873,,[],3117,3,{},false,,2023-07-22 00:57:24.943546,2023-11-01 12:55:31.046869,UK286760600988,UK286872501057,true,,2023-07-19,,true,,,,a88ecf99-075e-40c8-bd32-b69fa4b32978,"{""bcms_sync_history_info_at"": ""2023-07-22T02:31:06.190036+00:00""}",3176.0,,2024-05-01 00:48:07.291099,,,,,,false,UK286760600988,,UK286760201873,UK286872501057,false,,false,,false,
b7b75e50-46d7-423e-ade1-91a5cf297b70,b68ab45f-c243-4e2e-b3f4-47b7f367d7f4,false,,2023-07-19,,,,false,,false,false,,false,,,,f86db5a5-8383-4e08-b700-96a68ef1e36c,9d8ce68c-5459-4967-aac8-a0ff04a29c2b,,false,,UK286760301874,,[],3117,3,{},false,,2023-07-22 00:57:25.381518,2024-03-18 12:59:59.424321,UK286760701339,UK286872501057,true,,2023-07-19,,true,,,,a88ecf99-075e-40c8-bd32-b69fa4b32978,"{""bcms_sync_history_info_at"": ""2023-07-22T02:31:04.106004+00:00""}",3176.0,,2024-05-01 00:48:07.878022,,,,,,false,UK286760701339,,UK286760301874,UK286872501057,false,,false,,false,
f6114877-31ca-4e6d-bdbc-b3d5d4ee816c,b68ab45f-c243-4e2e-b3f4-47b7f367d7f4,false,,2023-06-22,,,,false,,false,true,,false,,,,b70f6e5c-a0a7-4b0b-9bed-ee37f5853c38,9d8ce68c-5459-4967-aac8-a0ff04a29c2b,,false,,UK286760201866,,[],3117,3,{},false,,2023-06-24 01:01:44.982676,2024-03-18 13:03:00.022811,UK286760701598,UK286872501057,true,,2023-06-22,,true,,,,a88ecf99-075e-40c8-bd32-b69fa4b32978,"{""bcms_sync_history_info_at"": ""2023-06-24T02:13:13.946140+00:00""}",3176.0,,2024-05-01 00:48:04.694810,,,,,,false,UK286760701598,,UK286760201866,UK286872501057,false,,false,,false,
8958cdf4-8485-46e8-9bfe-e3a0fedfd9c6,b68ab45f-c243-4e2e-b3f4-47b7f367d7f4,false,,2023-05-29,,,,false,,false,true,,false,,,,2755185e-96a0-4910-896c-880d5d3393f6,9d8ce68c-5459-4967-aac8-a0ff04a29c2b,,false,,UK286760301839,,[],3117,3,{},false,,2023-06-01 01:09:20.288652,2024-03-18 13:03:51.542331,UK286760201369,UK286872501057,true,,2023-05-29,,true,,,,a88ecf99-075e-40c8-bd32-b69fa4b32978,"{""bcms_sync_history_info_at"": ""2023-06-01T02:16:16.296467+00:00""}",3176.0,,2024-05-01 00:47:55.482865,,,,,,false,UK286760201369,,UK286760301839,UK286872501057,false,,false,,false,
f28a090e-2b3c-4d77-997b-50e2af8f0f8b,b68ab45f-c243-4e2e-b3f4-47b7f367d7f4,false,,2023-05-26,,,,false,,false,false,,false,,,,11263207-d29d-489f-a5a7-6b568b52a877,9d8ce68c-5459-4967-aac8-a0ff04a29c2b,,false,,UK286760701836,,[],3117,3,{},false,,2023-06-01 01:09:19.453597,2024-03-18 13:02:12.991598,UK286760101235,UK286872501057,true,,2023-05-26,,true,,,,a88ecf99-075e-40c8-bd32-b69fa4b32978,"{""bcms_sync_history_info_at"": ""2023-06-01T02:16:09.600260+00:00""}",3176.0,,2024-05-01 00:47:54.295140,,,,,,false,UK286760101235,,UK286760701836,UK286872501057,false,,false,,false,
3a9fbcaf-2ad7-495c-9a65-8e2485c6d76f,fa1b8abc-477e-4a03-9edf-89bc6db35922,false,,2022-02-26,245.6,,,false,{},true,true,,false,,,XXXX,,,,false,,UK323773605749,2024-04-02 00:00:00,[],3117,3,{},false,,2022-09-23 14:25:01.011589,2024-04-16 14:32:31.024968,UK323773404585,XXXX CENTRE,false,2024-04-01 14:22:47.000,2022-09-22,,false,,,,55daad6e-33ea-42fb-b41c-74ac85b6a068,"{""bcms_sync_history_info_at"": ""2022-10-27T11:38:03.026144+00:00""}",3176.0,,2024-04-02 01:16:39.493837,,O3,-O3,,,false,UK323773404585,,UK323773605749,XXXXCENTRE,false,,false,,false,
6d2b90b8-67d7-428d-b09b-58f9a61f56eb,fa1b8abc-477e-4a03-9edf-89bc6db35922,false,,2022-03-14,271.4,,,false,{},true,true,,false,,,XXXX,,,,false,,UK323773105814,2024-04-02 00:00:00,[],3117,3,{},false,,2022-09-23 14:25:03.340382,2024-04-16 14:32:30.872546,UK323773204611,XXXX CENTRE,false,2024-04-01 14:22:47.000,2022-09-22,,false,,,,55daad6e-33ea-42fb-b41c-74ac85b6a068,"{""bcms_sync_history_info_at"": ""2022-10-27T11:37:56.052286+00:00""}",3176.0,,2024-04-02 01:16:45.500688,,O3,-O3,,,false,UK323773204611,,UK323773105814,XXXXCENTRE,false,,false,,false,
5b34f6b4-21f5-4ead-b8db-21a17ba34064,fa1b8abc-477e-4a03-9edf-89bc6db35922,false,,2022-03-26,217.2,,,false,{},false,false,,false,,,XXXX,,,,false,,UK323773605847,2024-04-02 00:00:00,[],3117,3,{},false,,2022-09-23 14:25:04.935245,2024-04-16 14:32:31.216819,UK323773103091,XXXX CENTRE,false,2024-04-01 14:22:47.000,2022-09-22,,false,,,,55daad6e-33ea-42fb-b41c-74ac85b6a068,"{""bcms_sync_history_info_at"": ""2022-10-27T11:38:42.355366+00:00""}",3176.0,,2024-04-02 01:16:49.756404,,O3,-O3,,,false,UK323773103091,,UK323773605847,XXXXCENTRE,false,,false,,false,
cd754558-e60b-4a7a-9aa5-4b729fb8add9,fa1b8abc-477e-4a03-9edf-89bc6db35922,false,,2022-02-19,243.0,,,false,{},false,false,,false,,,XXXX,,,,false,,UK323773105702,2024-02-13 00:00:00,[],3117,3,{},false,,2022-09-23 14:24:59.588412,2024-02-19 15:37:27.518210,UK323773503200,XXXX CENTRE,false,2024-02-12 14:45:32.000,2022-09-22,,false,,,,9c6742d4-5408-4bc1-b622-cdfff7a27569,"{""bcms_sync_history_info_at"": ""2022-10-27T11:38:33.853769+00:00""}",3176.0,,2024-02-14 00:47:42.166080,,4L,O+4L,,,false,UK323773503200,,UK323773105702,XXXXCENTRE,false,,false,,false,
65f487a5-84e6-477b-a155-72076465193a,fa1b8abc-477e-4a03-9edf-89bc6db35922,false,,2022-03-06,229.0,,,false,{},false,false,,false,,,XXXX,,,,false,,UK323773205787,2024-02-13 00:00:00,[],3117,3,{},false,,2022-09-23 14:25:02.296889,2024-02-19 15:37:27.570680,UK323773403731,XXXX CENTRE,false,2024-02-12 14:45:32.000,2022-09-22,,false,,,,9c6742d4-5408-4bc1-b622-cdfff7a27569,"{""bcms_sync_history_info_at"": ""2022-10-27T11:37:07.942782+00:00""}",3176.0,,2024-02-14 00:47:47.380252,,4L,-O4L,,,false,UK323773403731,,UK323773205787,XXXXCENTRE,false,,false,,false,
b299fe63-d3b1-4679-9697-3f264bd6a42f,fa1b8abc-477e-4a03-9edf-89bc6db35922,false,,2022-02-21,260.4,,,false,{},true,true,,false,,,XXXX,,,,false,,UK323773205717,2024-04-23 00:00:00,[],3117,3,{},false,,2022-09-23 14:25:00.185945,2024-04-22 15:15:28.681847,UK320616503550,XXXX CENTRE,false,2024-04-22 15:10:25.683,2022-09-22,,false,,,,ddcf29a2-4007-4fc4-96b3-b538224b5091,"{""bcms_sync_history_info_at"": ""2022-10-27T11:38:04.312513+00:00""}",3176.0,,2024-04-23 01:22:20.427884,,+2,P+2,,,false,UK320616503550,,UK323773205717,XXXXCENTRE,false,,false,,false,
dbe16846-6952-4102-bf02-b1c8c8321952,fa1b8abc-477e-4a03-9edf-89bc6db35922,false,,2022-02-20,244.6,,,false,{},true,true,,false,,,XXXX,,,,false,,UK323773105709,2024-04-23 00:00:00,[],3117,3,{},false,,2022-09-23 14:24:59.810851,2024-04-22 15:15:28.743258,UK323773504187,XXXX CENTRE,false,2024-04-22 15:10:25.683,2022-09-22,,false,,,,ddcf29a2-4007-4fc4-96b3-b538224b5091,"{""bcms_sync_history_info_at"": ""2022-10-27T11:36:46.473917+00:00""}",3176.0,,2024-04-23 01:22:19.529431,,O3,-O3,,,false,UK323773504187,,UK323773105709,XXXXCENTRE,false,,false,,false,
4d644097-211d-4078-9e08-8d6ff60dc5fd,8732c7aa-0c01-4226-adb5-be660ca52d23,false,,2014-04-26,,,,false,,false,false,,false,,,,,,,false,,UK286760101165,,[],3117,3,{},false,,2022-10-27 11:35:19.557465,2023-09-19 16:00:44.765738,UK286760700030,UK286760400734,true,,2014-04-26,,true,,,,a88ecf99-075e-40c8-bd32-b69fa4b32978,"{""bcms_sync_history_info_at"": ""2022-10-27T11:36:12.605381+00:00""}",3176.0,,2024-05-01 00:46:42.974979,,,,,,true,UK286760700030,,UK286760101165,UK286760400734,false,,false,,false,
1ea18cd5-9904-4ad1-86db-26b0c4aa9a96,8732c7aa-0c01-4226-adb5-be660ca52d23,false,,2018-05-14,,,,false,,false,false,,false,,,,,,,false,,UK286760501505,,[],3117,3,{},false,,2022-10-27 11:35:23.946854,2023-09-19 16:00:44.765738,UK286760100983,UK170032100242,true,,2018-05-14,,true,,,,a88ecf99-075e-40c8-bd32-b69fa4b32978,"{""bcms_sync_history_info_at"": ""2022-10-27T11:36:36.867394+00:00""}",3176.0,,2024-05-01 00:46:52.602905,,,,,,true,UK286760100983,,UK286760501505,UK170032100242,false,,false,,false,
7e73f411-999f-4161-9083-de53c4650331,8732c7aa-0c01-4226-adb5-be660ca52d23,false,,2018-05-02,,,,false,,false,false,,false,,,,,,,false,,UK286760201488,,[],3117,3,{},false,,2022-10-27 11:35:23.174464,2023-09-19 16:00:44.765738,UK286760500980,UK170032100242,true,,2018-05-02,,true,,,,a88ecf99-075e-40c8-bd32-b69fa4b32978,"{""bcms_sync_history_info_at"": ""2022-10-27T11:37:09.492218+00:00""}",3176.0,,2024-05-01 00:46:50.592358,,,,,,true,UK286760500980,,UK286760201488,UK170032100242,false,,false,,false,
0500fabf-73a3-4fc4-8295-f5c85fe7e6f3,6d2f8d45-38a1-4321-bc1d-3f7d34b14cb3,false,,2022-05-08,,,,false,,false,false,,false,,,,a01e39b7-d3a3-4294-adcd-97d4bc050383,27093282-0d47-4aaf-a8de-f15cf5a9c6c1,,false,,UK286760401665,,[],3117,3,{},false,,2022-10-27 11:35:30.301830,2023-11-20 14:27:20.492420,UK286760601618,UK307558500093,true,,2022-05-08,,true,,,,a88ecf99-075e-40c8-bd32-b69fa4b32978,"{""bcms_sync_history_info_at"": ""2022-10-27T11:37:38.612665+00:00""}",3176.0,,2024-05-01 00:47:01.179639,,,,,,false,UK286760601618,,UK286760401665,UK307558500093,false,,false,,false,
12356013-1e9f-452e-9cd8-944d0d18661b,6d2f8d45-38a1-4321-bc1d-3f7d34b14cb3,false,,2022-05-10,,,,false,,false,true,,false,,,,e55cdd80-0e6c-4cbe-8faf-d693065d9df1,75b34d7f-fed4-422e-980d-64ebe455f23f,,false,,UK286760701668,,[],3117,3,{},false,,2022-10-27 11:35:30.762958,2024-01-10 14:34:56.131425,UK286760601478,UK311688400085,true,,2022-05-10,,true,,,,a88ecf99-075e-40c8-bd32-b69fa4b32978,"{""bcms_sync_history_info_at"": ""2022-10-27T11:36:13.752900+00:00""}",3176.0,,2024-05-01 00:47:02.292390,,,,,,false,UK286760601478,,UK286760701668,UK311688400085,false,,false,,false,
7f423ba4-3f38-40c6-af18-4a6fc2258ec2,8732c7aa-0c01-4226-adb5-be660ca52d23,false,,2015-04-08,,,,false,,false,false,,false,,,,,75b34d7f-fed4-422e-980d-64ebe455f23f,,false,,UK286760301237,,[],3117,3,{},false,,2022-10-27 11:35:20.691545,2023-09-19 16:00:44.765738,UK286760700513,UK311688400085,true,,2015-04-08,,true,,,,a88ecf99-075e-40c8-bd32-b69fa4b32978,"{""bcms_sync_history_info_at"": ""2022-10-27T11:36:15.943818+00:00""}",3176.0,,2024-05-01 00:46:45.132196,,,,,,true,UK286760700513,,UK286760301237,UK311688400085,false,,false,,false,
cf715f17-5105-48e1-a01a-a6bf60377258,8732c7aa-0c01-4226-adb5-be660ca52d23,false,,2020-04-15,,,,false,,false,false,,false,,,,2f4704f7-0ab5-4e83-8ef4-321cbc511edd,75b34d7f-fed4-422e-980d-64ebe455f23f,,false,,UK286760401623,,[],3117,3,{},false,,2022-10-27 11:35:27.072648,2023-09-19 16:00:44.765738,UK286760401378,UK311688400085,true,,2020-04-15,,true,,,,a88ecf99-075e-40c8-bd32-b69fa4b32978,"{""bcms_sync_history_info_at"": ""2022-10-27T11:37:04.584245+00:00""}",3176.0,,2024-05-01 00:46:56.586888,,,,,,true,UK286760401378,,UK286760401623,UK311688400085,false,,false,,false,
a694373f-b174-4894-9cd6-698944cef4b3,6d2f8d45-38a1-4321-bc1d-3f7d34b14cb3,false,,2022-05-09,,,,false,,false,true,,false,,,,feec92fa-5e92-44a3-9d39-3724f87f1fa3,27093282-0d47-4aaf-a8de-f15cf5a9c6c1,,false,,UK286760601667,,[],3117,3,{},false,,2022-10-27 11:35:30.610232,2024-01-10 14:35:41.824307,UK286760401637,UK307558500093,true,,2022-05-09,,true,,,,a88ecf99-075e-40c8-bd32-b69fa4b32978,"{""bcms_sync_history_info_at"": ""2022-10-27T11:37:05.048078+00:00""}",3176.0,,2024-05-01 00:47:01.662314,,,,,,false,UK286760401637,,UK286760601667,UK307558500093,false,,false,,false,
6a62d269-44c5-4e3b-8801-a72bf4d86872,8732c7aa-0c01-4226-adb5-be660ca52d23,false,,2021-05-25,,,,false,,false,false,,false,,,,63c51867-4d23-4d84-acd8-a877a6011c36,,,false,,UK286760101690,,[],3117,3,{},false,,2022-10-27 11:35:33.953428,2023-11-01 13:01:06.698143,UK286760501281,UK706021602429,true,,2021-05-25,,true,,,,a88ecf99-075e-40c8-bd32-b69fa4b32978,"{""bcms_sync_history_info_at"": ""2022-10-27T11:37:07.040451+00:00""}",3176.0,,2024-05-01 00:47:07.285966,,,,,,true,UK286760501281,,UK286760101690,UK706021602429,false,,false,,false,
74084c98-30a8-4eca-824a-121bab8f4efd,6d2f8d45-38a1-4321-bc1d-3f7d34b14cb3,false,,2022-05-10,,,,false,,false,true,,false,,,,fa0b5f4f-42aa-486e-9edc-296fe52ae400,27093282-0d47-4aaf-a8de-f15cf5a9c6c1,,false,,UK286760101669,,[],3117,3,{},false,,2022-10-27 11:35:30.919159,2024-01-10 14:35:09.281253,UK286760501645,UK307558500093,true,,2022-05-10,,true,,,,a88ecf99-075e-40c8-bd32-b69fa4b32978,"{""bcms_sync_history_info_at"": ""2022-10-27T11:36:31.978733+00:00""}",3176.0,,2024-05-01 00:47:02.875705,,,,,,false,UK286760501645,,UK286760101669,UK307558500093,false,,false,,false,
adffde2c-6d40-443f-9e37-97a99f214c57,8732c7aa-0c01-4226-adb5-be660ca52d23,false,,2021-05-16,,,,false,,false,false,,false,,,,1ea18cd5-9904-4ad1-86db-26b0c4aa9a96,,,false,,UK286760101676,,[],3117,3,{},false,,2022-10-27 11:35:32.014606,2023-09-19 16:00:44.765738,UK286760501505,UK706021602429,true,,2021-05-16,,true,,,,a88ecf99-075e-40c8-bd32-b69fa4b32978,"{""bcms_sync_history_info_at"": ""2022-10-27T11:36:28.494605+00:00""}",3176.0,,2024-05-01 00:47:04.614899,,,,,,true,UK286760501505,,UK286760101676,UK706021602429,false,,false,,false,
cfe0f2c9-857b-400b-89b1-975b4a17a45d,8732c7aa-0c01-4226-adb5-be660ca52d23,false,,2021-06-04,,,,false,,false,false,,false,,,,e16ffb1b-58ea-448d-bdd5-b6031b803ad2,79a6f95f-a17d-42db-bd99-9cd0cba4321d,,false,,UK286760201712,,[],3117,3,{},false,,2022-10-27 11:35:36.775386,2023-09-19 16:00:44.765738,UK286760501218,UK303596702930,true,,2021-06-04,,true,,,,a88ecf99-075e-40c8-bd32-b69fa4b32978,"{""bcms_sync_history_info_at"": ""2022-10-27T11:37:23.166956+00:00""}",3176.0,,2024-05-01 00:47:10.221014,,,,,,true,UK286760501218,,UK286760201712,UK303596702930,false,,false,,false,
1afce454-f7ae-40e2-9377-29f189fe0083,6d2f8d45-38a1-4321-bc1d-3f7d34b14cb3,false,,2022-05-20,,,,false,,false,true,,false,,,,67616e0e-e6d2-43a2-9526-8b0a24e8e6b2,27093282-0d47-4aaf-a8de-f15cf5a9c6c1,,false,,UK286760501764,,[],3117,3,{},false,,2022-10-27 11:35:44.473362,2024-01-10 14:34:57.450152,UK286760101599,UK307558500093,true,,2022-05-20,,true,,,,a88ecf99-075e-40c8-bd32-b69fa4b32978,"{""bcms_sync_history_info_at"": ""2022-10-27T11:37:10.399072+00:00""}",3176.0,,2024-05-01 00:47:24.916672,,,,,,false,UK286760101599,,UK286760501764,UK307558500093,false,,false,,false,
3b61ddb0-9951-4167-8bb0-f2db4c59310b,6d2f8d45-38a1-4321-bc1d-3f7d34b14cb3,false,,2022-05-29,,,,false,,false,false,,false,,,,cf715f17-5105-48e1-a01a-a6bf60377258,79a6f95f-a17d-42db-bd99-9cd0cba4321d,,false,,UK286760701780,,[],3117,3,{},false,,2022-10-27 11:35:47.003717,2023-11-20 14:27:19.958932,UK286760401623,UK303596702930,true,,2022-05-29,,true,,,,a88ecf99-075e-40c8-bd32-b69fa4b32978,"{""bcms_sync_history_info_at"": ""2022-10-27T11:38:29.317519+00:00""}",3176.0,,2024-05-01 00:47:31.478885,,,,,,false,UK286760401623,,UK286760701780,UK303596702930,false,,false,,false,
9e7e0ecf-f0af-4557-9f88-53ea88c7b0ee,6d2f8d45-38a1-4321-bc1d-3f7d34b14cb3,false,,2022-05-19,,,,false,,false,false,,false,,,,2f4704f7-0ab5-4e83-8ef4-321cbc511edd,79a6f95f-a17d-42db-bd99-9cd0cba4321d,,false,,UK286760201761,,[],3117,3,{},false,,2022-10-27 11:35:44.012327,2023-11-20 14:27:39.912139,UK286760401378,UK303596702930,true,,2022-05-19,,true,,,,a88ecf99-075e-40c8-bd32-b69fa4b32978,"{""bcms_sync_history_info_at"": ""2022-10-27T11:37:16.634042+00:00""}",3176.0,,2024-05-01 00:47:23.484583,,,,,,false,UK286760401378,,UK286760201761,UK303596702930,false,,false,,false,
c6b54f25-d981-48ec-9688-e054cc3247a6,6d2f8d45-38a1-4321-bc1d-3f7d34b14cb3,false,,2022-05-18,,,,false,,false,true,,false,,,,c5363393-d5e9-4872-a524-8ccced4cb9f0,75b34d7f-fed4-422e-980d-64ebe455f23f,,false,,UK286760701759,,[],3117,3,{},false,,2022-10-27 11:35:43.696288,2024-01-10 14:35:02.710434,UK286760701500,UK311688400085,true,,2022-05-18,,true,,,,a88ecf99-075e-40c8-bd32-b69fa4b32978,"{""bcms_sync_history_info_at"": ""2022-10-27T11:36:55.404523+00:00""}",3176.0,,2024-05-01 00:47:23.146940,,,,,,false,UK286760701500,,UK286760701759,UK311688400085,false,,false,,false,
86228ea5-046e-4991-8d9f-e031a528bec6,b68ab45f-c243-4e2e-b3f4-47b7f367d7f4,false,,2023-05-14,,,,false,,false,false,,false,,,,8f780568-89e4-445b-a650-d63a53796cb1,75b34d7f-fed4-422e-980d-64ebe455f23f,,false,,UK286760301804,,[],3117,3,{},false,,2023-05-18 00:59:31.329687,2024-03-18 12:59:56.910395,UK286760301503,UK311688400085,true,,2023-05-14,,true,,,,a88ecf99-075e-40c8-bd32-b69fa4b32978,"{""bcms_sync_history_info_at"": ""2023-05-18T01:59:30.029871+00:00""}",3176.0,,2024-05-01 00:47:39.296611,,,,,,false,UK286760301503,,UK286760301804,UK311688400085,false,,false,,false,
f4dfe99b-1e2d-40ba-ba45-126c7aab45a0,6d2f8d45-38a1-4321-bc1d-3f7d34b14cb3,false,,2022-05-22,,,,false,,false,true,,false,,,,11263207-d29d-489f-a5a7-6b568b52a877,79a6f95f-a17d-42db-bd99-9cd0cba4321d,,false,,UK286760701766,,[],3117,3,{},false,,2022-10-27 11:35:44.780380,2024-01-10 14:35:16.584355,UK286760101235,UK303596702930,true,,2022-05-22,,true,,,,a88ecf99-075e-40c8-bd32-b69fa4b32978,"{""bcms_sync_history_info_at"": ""2022-10-27T11:37:40.287150+00:00""}",3176.0,,2024-05-01 00:47:25.706877,,,,,,false,UK286760101235,,UK286760701766,UK303596702930,false,,false,,false,
00356f48-595c-4084-904a-814b6f9d0ba3,b68ab45f-c243-4e2e-b3f4-47b7f367d7f4,false,,2023-05-14,,,,false,,false,false,,false,,,,cfe0f2c9-857b-400b-89b1-975b4a17a45d,27093282-0d47-4aaf-a8de-f15cf5a9c6c1,,false,,UK286760401805,,[],3117,3,{},false,,2023-05-18 00:59:31.679957,2024-03-18 13:00:22.432153,UK286760201712,UK307558500093,true,,2023-05-14,,true,,,,a88ecf99-075e-40c8-bd32-b69fa4b32978,"{""bcms_sync_history_info_at"": ""2023-05-18T01:59:11.672427+00:00""}",3176.0,,2024-05-01 00:47:39.682864,,,,,,false,UK286760201712,,UK286760401805,UK307558500093,false,,false,,false,
0b46de5f-9533-4f64-ac47-6127ac890b59,b68ab45f-c243-4e2e-b3f4-47b7f367d7f4,false,,2023-05-18,,,,false,,false,true,,false,,,,ba103b3a-d10a-4dab-a222-f56277a9efa0,75b34d7f-fed4-422e-980d-64ebe455f23f,,false,,UK286760501813,,[],3117,3,{},false,,2023-05-27 01:04:57.964250,2024-03-18 13:03:28.025640,UK286760101179,UK311688400085,true,,2023-05-18,,true,,,,a88ecf99-075e-40c8-bd32-b69fa4b32978,"{""bcms_sync_history_info_at"": ""2023-05-27T02:19:29.974593+00:00""}",3176.0,,2024-05-01 00:47:43.194882,,,,,,false,UK286760101179,,UK286760501813,UK311688400085,false,,false,,false,
19903d5a-b968-41d5-a557-e322ab77775c,b68ab45f-c243-4e2e-b3f4-47b7f367d7f4,false,,2023-05-17,,,,false,,false,false,,false,,,,6a62d269-44c5-4e3b-8801-a72bf4d86872,27093282-0d47-4aaf-a8de-f15cf5a9c6c1,,false,,UK286760101809,,[],3117,3,{},false,,2023-05-28 00:39:42.996346,2024-03-18 13:00:09.652806,UK286760101690,UK307558500093,true,,2023-05-17,,true,,,,a88ecf99-075e-40c8-bd32-b69fa4b32978,"{""bcms_sync_history_info_at"": ""2023-05-28T02:28:41.212938+00:00""}",3176.0,,2024-05-01 00:47:41.082910,,,,,,false,UK286760101690,,UK286760101809,UK307558500093,false,,false,,false,
c380c6c8-3755-4c8a-a0d6-556dc8fd218f,b68ab45f-c243-4e2e-b3f4-47b7f367d7f4,false,,2023-05-20,,,,false,,false,true,,false,,,,67616e0e-e6d2-43a2-9526-8b0a24e8e6b2,9d8ce68c-5459-4967-aac8-a0ff04a29c2b,,false,,UK286760401819,,[],3117,3,{},false,,2023-05-27 01:05:01.168923,2024-03-18 13:01:39.062072,UK286760101599,UK286872501057,true,,2023-05-20,,true,,,,a88ecf99-075e-40c8-bd32-b69fa4b32978,"{""bcms_sync_history_info_at"": ""2023-05-27T02:19:32.970834+00:00""}",3176.0,,2024-05-01 00:47:45.881281,,,,,,false,UK286760101599,,UK286760401819,UK286872501057,false,,false,,false,
40d89596-3482-4f4a-ab3c-a29d541cbf03,b68ab45f-c243-4e2e-b3f4-47b7f367d7f4,false,,2023-06-11,,,,false,,false,true,,false,,,,5fb45706-4255-438a-a5d8-29654eb650b1,27093282-0d47-4aaf-a8de-f15cf5a9c6c1,,false,,UK286760301853,,[],3117,3,{},false,,2023-06-14 01:08:11.922760,2024-03-18 13:01:09.672023,UK286760201677,UK307558500093,true,,2023-06-11,,true,,,,a88ecf99-075e-40c8-bd32-b69fa4b32978,"{""bcms_sync_history_info_at"": ""2023-06-14T02:25:01.596833+00:00""}",3176.0,,2024-05-01 00:47:59.013227,,,,,,false,UK286760201677,,UK286760301853,UK307558500093,false,,false,,false,
024da722-c25d-4e61-8743-02e2d42cfa2d,b68ab45f-c243-4e2e-b3f4-47b7f367d7f4,false,,2023-05-29,,,,false,,false,true,,false,,,,f3ca58cb-dfc6-4de1-940a-43154284ff55,27093282-0d47-4aaf-a8de-f15cf5a9c6c1,,false,,UK286760401840,,[],3117,3,{},false,,2023-06-01 01:09:20.585146,2024-03-18 13:03:54.501446,UK286760101711,UK307558500093,true,,2023-05-29,,true,,,,a88ecf99-075e-40c8-bd32-b69fa4b32978,"{""bcms_sync_history_info_at"": ""2023-06-01T02:16:44.925492+00:00""}",3176.0,,2024-05-01 00:47:55.708351,,,,,,false,UK286760101711,,UK286760401840,UK307558500093,false,,false,,false,
97061750-4a14-42aa-a0d7-e4b918b7c8ff,b68ab45f-c243-4e2e-b3f4-47b7f367d7f4,false,,2023-06-03,,,,false,,false,true,,false,,,,325eb7e4-b176-4975-8c84-5d4579ee847f,27093282-0d47-4aaf-a8de-f15cf5a9c6c1,,false,,UK286760701850,,[],3117,3,{},false,,2023-06-10 00:53:46.085915,2024-03-18 13:04:29.246048,UK286760701633,UK307558500093,true,,2023-06-03,,true,,,,a88ecf99-075e-40c8-bd32-b69fa4b32978,"{""bcms_sync_history_info_at"": ""2023-06-10T02:20:36.819077+00:00""}",3176.0,,2024-05-01 00:47:58.274949,,,,,,false,UK286760701633,,UK286760701850,UK307558500093,false,,false,,false,
a407a7ff-212f-4c87-bd88-c16d041dd8b0,b68ab45f-c243-4e2e-b3f4-47b7f367d7f4,false,,2023-06-07,,,,false,,false,false,,false,,,,b0a43288-4f4e-4143-b8ca-29a7a2068c3b,27093282-0d47-4aaf-a8de-f15cf5a9c6c1,,false,,UK286760201852,,[],3117,3,{},false,,2023-06-10 00:53:46.809338,2024-03-18 12:59:52.018053,UK286760601702,UK307558500093,true,,2023-06-07,,true,,,,a88ecf99-075e-40c8-bd32-b69fa4b32978,"{""bcms_sync_history_info_at"": ""2023-06-10T02:20:38.643644+00:00""}",3176.0,,2024-05-01 00:47:58.781034,,,,,,false,UK286760601702,,UK286760201852,UK307558500093,false,,false,,false,
6ede8a2a-cd50-4fcc-937d-7c2625252e40,b68ab45f-c243-4e2e-b3f4-47b7f367d7f4,false,,2023-05-29,,,,false,,false,false,,false,,,,70c47b6e-be9e-4621-8043-39f473c80abf,27093282-0d47-4aaf-a8de-f15cf5a9c6c1,,false,,UK286760501841,,[],3117,3,{},false,,2023-06-01 01:09:20.865134,2024-03-18 12:59:50.242570,UK286760201726,UK307558500093,true,,2023-05-29,,true,,,,a88ecf99-075e-40c8-bd32-b69fa4b32978,"{""bcms_sync_history_info_at"": ""2023-06-01T02:16:40.158407+00:00""}",3176.0,,2024-05-01 00:47:56.003533,,,,,,false,UK286760201726,,UK286760501841,UK307558500093,false,,false,,false,
