id,crushappsession_id,animal_id,on_device_at
372215,e3a34c7e-d499-4077-bcf9-9da06c1fadb8,3769fe44-8393-4fff-a46c-a8e88b86fa0a,
372216,e3a34c7e-d499-4077-bcf9-9da06c1fadb8,7a6f5768-be48-4a27-a956-c1582edef8bd,
372231,e3a34c7e-d499-4077-bcf9-9da06c1fadb8,576abf73-7ebd-4b36-82cd-13dcc5ae96a2,
372232,e3a34c7e-d499-4077-bcf9-9da06c1fadb8,3f5016c5-dcc8-4703-9591-0a49ceeb8e42,
372238,e3a34c7e-d499-4077-bcf9-9da06c1fadb8,5b692764-0f74-40af-8f63-279d4d99a4f7,
372257,e3a34c7e-d499-4077-bcf9-9da06c1fadb8,7236d2de-605d-48f3-8aab-b565d7ed1308,
372262,e3a34c7e-d499-4077-bcf9-9da06c1fadb8,7657550f-b2af-46c9-a2d2-e500b8137e6e,
372275,e3a34c7e-d499-4077-bcf9-9da06c1fadb8,cc97acc9-d5e1-4c95-bca4-d9f54745241b,
372276,e3a34c7e-d499-4077-bcf9-9da06c1fadb8,3ffa7e4d-232c-4d1d-b146-90ea8aa42803,
372290,e3a34c7e-d499-4077-bcf9-9da06c1fadb8,74c7e86f-14d9-4ca4-85c8-02fbbdc21fec,
372294,e3a34c7e-d499-4077-bcf9-9da06c1fadb8,9b006116-8236-457d-871d-e3f3c3130322,
372295,e3a34c7e-d499-4077-bcf9-9da06c1fadb8,174e649d-949a-4485-b84b-cc8a82f49104,
372296,e3a34c7e-d499-4077-bcf9-9da06c1fadb8,6b25474f-866e-4efa-bbe9-ae9f50c78b4a,
372311,e3a34c7e-d499-4077-bcf9-9da06c1fadb8,599b5295-1660-48f7-8b1b-61494fe7fb8f,
372321,e3a34c7e-d499-4077-bcf9-9da06c1fadb8,59a33b26-bd16-4e40-b289-7a163a96ff69,
372328,e3a34c7e-d499-4077-bcf9-9da06c1fadb8,94ef4975-18ad-47fc-ad00-47860bfe378d,
372329,e3a34c7e-d499-4077-bcf9-9da06c1fadb8,794977d9-b83d-4f58-a813-59ae139776b9,
372334,e3a34c7e-d499-4077-bcf9-9da06c1fadb8,abc94438-9ef6-47a6-9647-2a4c0111fe99,
372336,e3a34c7e-d499-4077-bcf9-9da06c1fadb8,711324dc-fdd4-4676-ad01-cdf72761afeb,
372340,e3a34c7e-d499-4077-bcf9-9da06c1fadb8,bd6b975e-0547-43f2-9e62-c8459e257806,
372348,e3a34c7e-d499-4077-bcf9-9da06c1fadb8,817c7a05-6fb8-47a5-8d32-7fde6d4b4cb1,
721154,fee2edb9-e063-4d46-8c61-404b82d9ce7a,4ffa997c-8b3e-40af-a6d4-e806b0acef59,2024-01-09 12:38:05.554
721160,fee2edb9-e063-4d46-8c61-404b82d9ce7a,6e05d9d5-6117-4125-9f4f-e822e8849b14,2024-01-09 12:35:09.402
721163,fee2edb9-e063-4d46-8c61-404b82d9ce7a,7b7a7362-09be-4ab1-8de1-f0241d79eb80,2024-01-09 12:20:49.999
721164,fee2edb9-e063-4d46-8c61-404b82d9ce7a,7ce69f8f-5ae4-40c1-80b2-d8399f1edb64,2024-01-09 12:09:08.274
721169,fee2edb9-e063-4d46-8c61-404b82d9ce7a,8b9c0475-b9bc-4ba3-9502-ccd88983b7eb,2024-01-09 12:39:10.521
721177,fee2edb9-e063-4d46-8c61-404b82d9ce7a,c26a3485-77a8-4cc6-a174-9888a89537e1,2024-01-09 12:20:23.401
721180,fee2edb9-e063-4d46-8c61-404b82d9ce7a,c8e42b20-ae5c-4776-8eed-8b0bf6db4837,2024-01-09 12:26:01.668
721190,fee2edb9-e063-4d46-8c61-404b82d9ce7a,fd5a7845-2b68-403b-b2ac-31b26a2cf779,2024-01-09 12:27:51.785
721512,487eb63b-a2cc-490c-850d-4ef4d93c7390,2cc23a10-8a6c-4815-81e9-5c71c7a77914,2024-01-09 14:35:44.761
721513,487eb63b-a2cc-490c-850d-4ef4d93c7390,31eac5fd-2662-4c6b-8c19-c5278b07e200,2024-01-09 14:47:54.917
721517,487eb63b-a2cc-490c-850d-4ef4d93c7390,4c8610c6-8f50-4673-9e16-e74aaccd83ec,2024-01-09 14:48:48.970
721526,487eb63b-a2cc-490c-850d-4ef4d93c7390,70924c60-c63e-4e77-a26a-78d3724cf761,2024-01-09 14:38:03.652
721527,487eb63b-a2cc-490c-850d-4ef4d93c7390,771c01c2-a602-4d4c-a343-f35d6c78ec19,2024-01-09 14:55:08.475
721543,487eb63b-a2cc-490c-850d-4ef4d93c7390,e590bf7f-85cf-4979-85dc-4ec647c22bd4,2024-01-09 14:23:48.170
722232,0c92a8c8-a551-46d0-9844-adb80599fb1b,157ee08f-816e-4235-8b88-a50e9d231a14,2024-01-10 13:32:37.399
722234,0c92a8c8-a551-46d0-9844-adb80599fb1b,267387f8-faea-4f92-b0e4-8de10af42b56,2024-01-10 14:21:08.187
722245,0c92a8c8-a551-46d0-9844-adb80599fb1b,66efe458-3762-40f8-a87b-9030804e95ae,2024-01-10 13:24:39.154
722257,0c92a8c8-a551-46d0-9844-adb80599fb1b,a05c4d98-4083-4591-b168-f13b68fb3716,2024-01-10 14:26:45.256
722270,0c92a8c8-a551-46d0-9844-adb80599fb1b,f4dfe99b-1e2d-40ba-ba45-126c7aab45a0,2024-01-10 14:13:18.789
400807,39f93515-b6bf-4dfc-a1d8-56832f41b9f2,0b44fb0a-839a-4381-91b8-f12e6d529818,
400808,39f93515-b6bf-4dfc-a1d8-56832f41b9f2,dc6105c9-f04e-4a6a-8b18-5aed301814a3,
400815,39f93515-b6bf-4dfc-a1d8-56832f41b9f2,6dd09559-842f-400f-b1de-3e824510afc5,
400823,39f93515-b6bf-4dfc-a1d8-56832f41b9f2,b036f307-872d-442c-b59b-a9ff98733ced,
400828,39f93515-b6bf-4dfc-a1d8-56832f41b9f2,9bf75b6b-81c9-491a-92eb-117622af2596,
400837,39f93515-b6bf-4dfc-a1d8-56832f41b9f2,a1075b21-93bf-4250-83a2-27a2f1dfc7f7,
400847,39f93515-b6bf-4dfc-a1d8-56832f41b9f2,20683aca-2a94-4fbf-aa99-4938547710ca,
400854,39f93515-b6bf-4dfc-a1d8-56832f41b9f2,307b6a1b-c728-4bcc-acf4-136f654b4c79,
400861,39f93515-b6bf-4dfc-a1d8-56832f41b9f2,074dd80e-919b-49ca-a068-4fe4cbc338a5,
400872,39f93515-b6bf-4dfc-a1d8-56832f41b9f2,204c79ea-7f9a-443f-866f-6005b2594f18,
400876,39f93515-b6bf-4dfc-a1d8-56832f41b9f2,ecb70459-bb72-409e-92be-5b173681bbf8,
400878,39f93515-b6bf-4dfc-a1d8-56832f41b9f2,74c7e86f-14d9-4ca4-85c8-02fbbdc21fec,
400882,39f93515-b6bf-4dfc-a1d8-56832f41b9f2,9b006116-8236-457d-871d-e3f3c3130322,
400897,39f93515-b6bf-4dfc-a1d8-56832f41b9f2,1a86b86a-9752-4970-954f-64dde17567d4,
400904,39f93515-b6bf-4dfc-a1d8-56832f41b9f2,3dde5fe3-7132-49f8-8373-deae64b515a6,
400914,39f93515-b6bf-4dfc-a1d8-56832f41b9f2,73aac93a-bd7f-4e42-8843-5b6fa9356360,
400927,39f93515-b6bf-4dfc-a1d8-56832f41b9f2,41d0e4b4-4f8b-4b75-9fc5-0d795b99d606,
412176,83d43382-a422-42b4-aad3-5a1ed1374e94,59a33b26-bd16-4e40-b289-7a163a96ff69,
412182,83d43382-a422-42b4-aad3-5a1ed1374e94,9fbc75c7-95a5-4223-af2b-fe49dbdebecc,
412186,83d43382-a422-42b4-aad3-5a1ed1374e94,794977d9-b83d-4f58-a813-59ae139776b9,
412189,83d43382-a422-42b4-aad3-5a1ed1374e94,0b44fb0a-839a-4381-91b8-f12e6d529818,
412193,83d43382-a422-42b4-aad3-5a1ed1374e94,dc6105c9-f04e-4a6a-8b18-5aed301814a3,
412199,83d43382-a422-42b4-aad3-5a1ed1374e94,c9a0375a-6664-4bee-84dd-3a4bc874c716,
412202,83d43382-a422-42b4-aad3-5a1ed1374e94,80d161ce-1387-4198-85dc-79933f2d6cdd,
425904,47d3cd47-43f2-4eb0-a9e8-a37d28944547,f7100a7e-adb5-4969-b1d3-c0a7dfd6e2b0,
425907,47d3cd47-43f2-4eb0-a9e8-a37d28944547,6dd09559-842f-400f-b1de-3e824510afc5,
425914,47d3cd47-43f2-4eb0-a9e8-a37d28944547,b036f307-872d-442c-b59b-a9ff98733ced,
425917,47d3cd47-43f2-4eb0-a9e8-a37d28944547,1214fada-f7ac-49f6-9fee-05ef8a6656d6,
425921,47d3cd47-43f2-4eb0-a9e8-a37d28944547,4b315846-1c64-455c-9121-6e27c1dc4d9e,
425922,47d3cd47-43f2-4eb0-a9e8-a37d28944547,d135f560-fce2-4697-8472-475fa113bfa5,
425936,47d3cd47-43f2-4eb0-a9e8-a37d28944547,5776f066-a82c-4f55-99be-d1e3be638c19,
425943,47d3cd47-43f2-4eb0-a9e8-a37d28944547,3ffa7e4d-232c-4d1d-b146-90ea8aa42803,
425961,47d3cd47-43f2-4eb0-a9e8-a37d28944547,4bf63f47-bd63-4c0c-a826-0028fa35bed7,
425978,47d3cd47-43f2-4eb0-a9e8-a37d28944547,468d9197-2e40-46dd-854d-47353c0a66af,
425980,47d3cd47-43f2-4eb0-a9e8-a37d28944547,f017d746-ba14-4e49-b447-a3386c36c339,
425985,47d3cd47-43f2-4eb0-a9e8-a37d28944547,abc94438-9ef6-47a6-9647-2a4c0111fe99,
745664,cddff350-84c9-48ff-ac19-d2ae8d028f5e,cd754558-e60b-4a7a-9aa5-4b729fb8add9,2024-02-12 09:39:28.150
745666,cddff350-84c9-48ff-ac19-d2ae8d028f5e,d5328262-ba23-45e6-8fb1-b7ef77d100a1,2024-02-12 09:36:12.561
749806,c7f6b323-1906-475d-a913-ca685047e5c6,21d3b7c7-03e3-4738-a154-50b6eb3355c0,2024-02-16 10:09:37.850
749808,c7f6b323-1906-475d-a913-ca685047e5c6,31eac5fd-2662-4c6b-8c19-c5278b07e200,2024-02-16 10:19:02.461
749810,c7f6b323-1906-475d-a913-ca685047e5c6,3a9fbcaf-2ad7-495c-9a65-8e2485c6d76f,2024-02-16 10:13:30.046
749813,c7f6b323-1906-475d-a913-ca685047e5c6,429ecd7c-7c76-4a7e-8ea2-a84b6db136b4,2024-02-16 10:31:37.306
372211,e3a34c7e-d499-4077-bcf9-9da06c1fadb8,3d1b6096-8528-40be-9136-c0fbee0a0409,
372227,e3a34c7e-d499-4077-bcf9-9da06c1fadb8,6dd09559-842f-400f-b1de-3e824510afc5,
372228,e3a34c7e-d499-4077-bcf9-9da06c1fadb8,47d0b5d2-80dc-49ef-b8e6-a69628b876d3,
372243,e3a34c7e-d499-4077-bcf9-9da06c1fadb8,4b315846-1c64-455c-9121-6e27c1dc4d9e,
372244,e3a34c7e-d499-4077-bcf9-9da06c1fadb8,d135f560-fce2-4697-8472-475fa113bfa5,
372249,e3a34c7e-d499-4077-bcf9-9da06c1fadb8,a1075b21-93bf-4250-83a2-27a2f1dfc7f7,
372260,e3a34c7e-d499-4077-bcf9-9da06c1fadb8,20683aca-2a94-4fbf-aa99-4938547710ca,
372261,e3a34c7e-d499-4077-bcf9-9da06c1fadb8,92791ba9-9ef0-428c-8491-94a3d68cd64c,
372264,e3a34c7e-d499-4077-bcf9-9da06c1fadb8,5776f066-a82c-4f55-99be-d1e3be638c19,
372266,e3a34c7e-d499-4077-bcf9-9da06c1fadb8,36464cde-376e-4905-8e6e-2b9f5b50f6ac,
372285,e3a34c7e-d499-4077-bcf9-9da06c1fadb8,204c79ea-7f9a-443f-866f-6005b2594f18,
372291,e3a34c7e-d499-4077-bcf9-9da06c1fadb8,769df82a-1233-4165-9f29-f4673d49c1e6,
372304,e3a34c7e-d499-4077-bcf9-9da06c1fadb8,4bf63f47-bd63-4c0c-a826-0028fa35bed7,
372316,e3a34c7e-d499-4077-bcf9-9da06c1fadb8,3dde5fe3-7132-49f8-8373-deae64b515a6,
372317,e3a34c7e-d499-4077-bcf9-9da06c1fadb8,271c4d38-15d9-48ac-9d7c-f50f342d820e,
372330,e3a34c7e-d499-4077-bcf9-9da06c1fadb8,ee195c95-8a17-484b-905a-e51ba97db105,
372341,e3a34c7e-d499-4077-bcf9-9da06c1fadb8,ece8071f-80b9-44b2-b343-1056e4a79dfd,
372343,e3a34c7e-d499-4077-bcf9-9da06c1fadb8,71576c82-e36a-4689-88ed-a32ce75cdf7b,
372345,e3a34c7e-d499-4077-bcf9-9da06c1fadb8,c794a9a4-3712-45b8-9e13-539e9cc461f8,
372346,e3a34c7e-d499-4077-bcf9-9da06c1fadb8,204f1a14-0a08-4e81-8d01-bbd8984e47dd,
721149,fee2edb9-e063-4d46-8c61-404b82d9ce7a,2990acf6-d45e-490e-a3c3-cf58884af2ab,2024-01-09 12:32:31.299
721150,fee2edb9-e063-4d46-8c61-404b82d9ce7a,366a60c1-30e1-4940-bf1d-c16f4fe91684,2024-01-09 12:14:53.555
721159,fee2edb9-e063-4d46-8c61-404b82d9ce7a,6355ee6d-2b7f-41ef-a572-680669f2c8e8,2024-01-09 12:27:08.890
721167,fee2edb9-e063-4d46-8c61-404b82d9ce7a,848faff4-2437-43e4-b4ff-cd23fc286d2b,2024-01-09 12:31:53.742
721178,fee2edb9-e063-4d46-8c61-404b82d9ce7a,c415e974-0993-4a38-af16-caf9c7330113,2024-01-09 12:23:41.306
721182,fee2edb9-e063-4d46-8c61-404b82d9ce7a,dbe16846-6952-4102-bf02-b1c8c8321952,2024-01-09 12:19:10.260
721185,fee2edb9-e063-4d46-8c61-404b82d9ce7a,e7881883-ad23-45b4-9d6f-d1ab18c297d9,2024-01-09 12:27:29.291
721187,fee2edb9-e063-4d46-8c61-404b82d9ce7a,e96b5f3d-1e36-4ce6-b1c1-d4a0d88a8fed,2024-01-09 12:37:45.854
721506,487eb63b-a2cc-490c-850d-4ef4d93c7390,04f40950-8f7b-4a22-a185-b632991f5d1a,2024-01-09 14:27:56.985
721507,487eb63b-a2cc-490c-850d-4ef4d93c7390,0543830f-d978-435f-a6d2-3affb01aa83c,2024-01-09 14:17:42.567
721514,487eb63b-a2cc-490c-850d-4ef4d93c7390,3a9fbcaf-2ad7-495c-9a65-8e2485c6d76f,2024-01-09 14:36:53.598
721523,487eb63b-a2cc-490c-850d-4ef4d93c7390,65f487a5-84e6-477b-a155-72076465193a,2024-01-09 14:24:16.005
721532,487eb63b-a2cc-490c-850d-4ef4d93c7390,a080d453-0391-4fc0-a77a-0c6e2ccad31c,2024-01-09 14:37:40.451
721545,487eb63b-a2cc-490c-850d-4ef4d93c7390,ee190171-ca2b-4a88-9a71-86024433464c,2024-01-09 14:26:47.886
722230,0c92a8c8-a551-46d0-9844-adb80599fb1b,12356013-1e9f-452e-9cd8-944d0d18661b,2024-01-10 13:35:17.743
722235,0c92a8c8-a551-46d0-9844-adb80599fb1b,27a97a67-7d30-404c-b29d-e4c4eca9b907,2024-01-10 13:50:20.134
722237,0c92a8c8-a551-46d0-9844-adb80599fb1b,3dbc8f17-1d17-4c76-9bb1-9526dbea57eb,2024-01-10 13:26:56.006
722249,0c92a8c8-a551-46d0-9844-adb80599fb1b,74084c98-30a8-4eca-824a-121bab8f4efd,2024-01-10 13:56:40.230
722264,0c92a8c8-a551-46d0-9844-adb80599fb1b,cb6a6373-bd11-40a6-885b-bb4008c5f928,2024-01-10 14:15:58.350
722272,0c92a8c8-a551-46d0-9844-adb80599fb1b,f6e6742d-ed4f-46bb-afda-c6db63cbd496,2024-01-10 13:57:39.845
400804,39f93515-b6bf-4dfc-a1d8-56832f41b9f2,7a6f5768-be48-4a27-a956-c1582edef8bd,
400812,39f93515-b6bf-4dfc-a1d8-56832f41b9f2,b6f9888b-3cdd-4836-9eaf-8547b5545a71,
400816,39f93515-b6bf-4dfc-a1d8-56832f41b9f2,47d0b5d2-80dc-49ef-b8e6-a69628b876d3,
400819,39f93515-b6bf-4dfc-a1d8-56832f41b9f2,576abf73-7ebd-4b36-82cd-13dcc5ae96a2,
400825,39f93515-b6bf-4dfc-a1d8-56832f41b9f2,aaef8b89-3f92-4e01-af76-a83fcecfe24d,
400826,39f93515-b6bf-4dfc-a1d8-56832f41b9f2,5b692764-0f74-40af-8f63-279d4d99a4f7,
400832,39f93515-b6bf-4dfc-a1d8-56832f41b9f2,d135f560-fce2-4697-8472-475fa113bfa5,
400839,39f93515-b6bf-4dfc-a1d8-56832f41b9f2,8f32d77c-b2e8-4b8a-9bcc-9fc078370e3f,
400840,39f93515-b6bf-4dfc-a1d8-56832f41b9f2,e21ebd7c-194f-4c30-8309-3b859da8e8ff,
400846,39f93515-b6bf-4dfc-a1d8-56832f41b9f2,2793257a-bdaf-4345-b9cf-8a10d591ea96,
400849,39f93515-b6bf-4dfc-a1d8-56832f41b9f2,7657550f-b2af-46c9-a2d2-e500b8137e6e,
400868,39f93515-b6bf-4dfc-a1d8-56832f41b9f2,5f093683-cd91-483a-9d7c-0a85462dcb21,
400871,39f93515-b6bf-4dfc-a1d8-56832f41b9f2,a10fd2a0-c2de-43e9-b168-f9f1dd50e9a3,
400899,39f93515-b6bf-4dfc-a1d8-56832f41b9f2,599b5295-1660-48f7-8b1b-61494fe7fb8f,
400905,39f93515-b6bf-4dfc-a1d8-56832f41b9f2,271c4d38-15d9-48ac-9d7c-f50f342d820e,
400907,39f93515-b6bf-4dfc-a1d8-56832f41b9f2,fc505bba-136b-44a0-8a3a-3694fbf7a83d,
400908,39f93515-b6bf-4dfc-a1d8-56832f41b9f2,09b9adf2-df24-4e7b-8794-e4d923221da4,
400923,39f93515-b6bf-4dfc-a1d8-56832f41b9f2,fe232bf8-1697-4993-9c1f-daab57c10edf,
400930,39f93515-b6bf-4dfc-a1d8-56832f41b9f2,ece8071f-80b9-44b2-b343-1056e4a79dfd,
400934,39f93515-b6bf-4dfc-a1d8-56832f41b9f2,c794a9a4-3712-45b8-9e13-539e9cc461f8,
412177,83d43382-a422-42b4-aad3-5a1ed1374e94,c4ff9044-f451-47a2-9cf5-55e81ed5b1c0,
412196,83d43382-a422-42b4-aad3-5a1ed1374e94,7cea2341-82f2-44a5-bbe5-db0fd8548fe7,
412217,83d43382-a422-42b4-aad3-5a1ed1374e94,71576c82-e36a-4689-88ed-a32ce75cdf7b,
425910,47d3cd47-43f2-4eb0-a9e8-a37d28944547,e145607d-f135-4900-a295-61773942a02c,
425912,47d3cd47-43f2-4eb0-a9e8-a37d28944547,3f5016c5-dcc8-4703-9591-0a49ceeb8e42,
425919,47d3cd47-43f2-4eb0-a9e8-a37d28944547,534fbf9d-f759-4dbf-be3d-7fae26224280,
425928,47d3cd47-43f2-4eb0-a9e8-a37d28944547,8f32d77c-b2e8-4b8a-9bcc-9fc078370e3f,
425932,47d3cd47-43f2-4eb0-a9e8-a37d28944547,20683aca-2a94-4fbf-aa99-4938547710ca,
425959,47d3cd47-43f2-4eb0-a9e8-a37d28944547,797565bb-9968-444b-9af2-9eac79ca44c6,
425963,47d3cd47-43f2-4eb0-a9e8-a37d28944547,9cdda4fd-c9b4-45b3-8ec7-ec1551598f99,
425983,47d3cd47-43f2-4eb0-a9e8-a37d28944547,c794a9a4-3712-45b8-9e13-539e9cc461f8,
425984,47d3cd47-43f2-4eb0-a9e8-a37d28944547,204f1a14-0a08-4e81-8d01-bbd8984e47dd,
745659,cddff350-84c9-48ff-ac19-d2ae8d028f5e,22a008b4-b9bd-45de-a1e6-3c3f9d0d67a1,2024-02-12 09:36:36.902
745661,cddff350-84c9-48ff-ac19-d2ae8d028f5e,4c8610c6-8f50-4673-9e16-e74aaccd83ec,2024-02-12 09:38:45.703
745663,cddff350-84c9-48ff-ac19-d2ae8d028f5e,af928aaa-59f6-4056-ab3b-f9dcd1ac3aa4,2024-02-12 09:32:11.544
749812,c7f6b323-1906-475d-a913-ca685047e5c6,417225e4-d671-486f-853e-685e0fa8c4d1,2024-02-16 10:05:37.108
749819,c7f6b323-1906-475d-a913-ca685047e5c6,52986aaa-9c04-4bfa-bfa1-4f19f07681cf,2024-02-16 10:29:59.759
749832,c7f6b323-1906-475d-a913-ca685047e5c6,70924c60-c63e-4e77-a26a-78d3724cf761,2024-02-16 10:37:01.030
749833,c7f6b323-1906-475d-a913-ca685047e5c6,771c01c2-a602-4d4c-a343-f35d6c78ec19,2024-02-16 10:02:59.912
749841,c7f6b323-1906-475d-a913-ca685047e5c6,86713e67-6161-41a8-95f8-f95c594dbb50,2024-02-16 10:30:15.525
749857,c7f6b323-1906-475d-a913-ca685047e5c6,c6606413-32f6-48c4-bd0c-e975206ecfa6,2024-02-16 10:12:32.987
749867,c7f6b323-1906-475d-a913-ca685047e5c6,e7881883-ad23-45b4-9d6f-d1ab18c297d9,2024-02-16 10:09:14.016
372210,e3a34c7e-d499-4077-bcf9-9da06c1fadb8,f72c65b9-046d-4017-996c-06a1c692ad07,
372234,e3a34c7e-d499-4077-bcf9-9da06c1fadb8,a7ca25f7-d17f-41ce-9f6a-f9df97c5b5d5,
372237,e3a34c7e-d499-4077-bcf9-9da06c1fadb8,aaef8b89-3f92-4e01-af76-a83fcecfe24d,
372241,e3a34c7e-d499-4077-bcf9-9da06c1fadb8,534fbf9d-f759-4dbf-be3d-7fae26224280,
372242,e3a34c7e-d499-4077-bcf9-9da06c1fadb8,30af59e6-1ced-4d0b-82af-c1b2c3b8562b,
372246,e3a34c7e-d499-4077-bcf9-9da06c1fadb8,9a9b9363-b686-4e83-98f9-b10345d17857,
372255,e3a34c7e-d499-4077-bcf9-9da06c1fadb8,94e6e067-695a-4884-b9f2-ccd1b6d78a72,
372267,e3a34c7e-d499-4077-bcf9-9da06c1fadb8,307b6a1b-c728-4bcc-acf4-136f654b4c79,
372269,e3a34c7e-d499-4077-bcf9-9da06c1fadb8,f28c4440-3b18-4b5e-aa84-6d1c706b75bb,
372274,e3a34c7e-d499-4077-bcf9-9da06c1fadb8,074dd80e-919b-49ca-a068-4fe4cbc338a5,
372280,e3a34c7e-d499-4077-bcf9-9da06c1fadb8,d87278e0-1e2b-4a28-8d73-9af8b7303792,
372283,e3a34c7e-d499-4077-bcf9-9da06c1fadb8,c5ea6027-1812-4e5b-a236-900372433c03,
372292,e3a34c7e-d499-4077-bcf9-9da06c1fadb8,100df59b-ccad-4d8e-903d-1734692290b9,
372293,e3a34c7e-d499-4077-bcf9-9da06c1fadb8,7cea2341-82f2-44a5-bbe5-db0fd8548fe7,
372298,e3a34c7e-d499-4077-bcf9-9da06c1fadb8,797565bb-9968-444b-9af2-9eac79ca44c6,
372303,e3a34c7e-d499-4077-bcf9-9da06c1fadb8,460a6994-f926-4308-bf0c-b5a6381512f8,
372306,e3a34c7e-d499-4077-bcf9-9da06c1fadb8,9cdda4fd-c9b4-45b3-8ec7-ec1551598f99,
372314,e3a34c7e-d499-4077-bcf9-9da06c1fadb8,dc2df3cb-1e9f-4439-a29d-65eec0e61960,
372320,e3a34c7e-d499-4077-bcf9-9da06c1fadb8,09b9adf2-df24-4e7b-8794-e4d923221da4,
372327,e3a34c7e-d499-4077-bcf9-9da06c1fadb8,8e899911-5d88-4ff5-bf15-7f86902cbdc3,
372337,e3a34c7e-d499-4077-bcf9-9da06c1fadb8,80d161ce-1387-4198-85dc-79933f2d6cdd,
721152,fee2edb9-e063-4d46-8c61-404b82d9ce7a,49122c85-c7e7-4c14-b789-01facd490b2b,2024-01-09 12:36:24.024
721168,fee2edb9-e063-4d46-8c61-404b82d9ce7a,8647de4f-acec-43b4-b80a-7d367b40d2d1,2024-01-09 12:17:16.019
721173,fee2edb9-e063-4d46-8c61-404b82d9ce7a,af928aaa-59f6-4056-ab3b-f9dcd1ac3aa4,2024-01-09 12:17:40.446
721179,fee2edb9-e063-4d46-8c61-404b82d9ce7a,c6606413-32f6-48c4-bd0c-e975206ecfa6,2024-01-09 12:18:25.889
721521,487eb63b-a2cc-490c-850d-4ef4d93c7390,5b34f6b4-21f5-4ead-b8db-21a17ba34064,2024-01-09 14:30:18.709
721531,487eb63b-a2cc-490c-850d-4ef4d93c7390,948ac2a7-1ca1-4ac8-8d25-7c93a0f6e5b6,2024-01-09 14:52:17.782
721536,487eb63b-a2cc-490c-850d-4ef4d93c7390,affc71e8-ae23-49d1-b03c-15f85d55cb0a,2024-01-09 14:36:04.579
722242,0c92a8c8-a551-46d0-9844-adb80599fb1b,5902ff4e-3a0a-4272-84cf-c15cf171b168,2024-01-10 13:56:17.876
722258,0c92a8c8-a551-46d0-9844-adb80599fb1b,a4236c6f-f859-4557-95d7-939805fc4c6d,2024-01-10 13:55:09.820
722260,0c92a8c8-a551-46d0-9844-adb80599fb1b,ab7d9a4a-a3f4-489c-95f6-11ed678549b0,2024-01-10 14:14:07.862
400802,39f93515-b6bf-4dfc-a1d8-56832f41b9f2,9fbc75c7-95a5-4223-af2b-fe49dbdebecc,
400805,39f93515-b6bf-4dfc-a1d8-56832f41b9f2,75b8502a-448c-4253-8ac7-12128953c367,
400806,39f93515-b6bf-4dfc-a1d8-56832f41b9f2,ee6baaff-0973-4bbd-950a-25e1b8fd9ffc,
400852,39f93515-b6bf-4dfc-a1d8-56832f41b9f2,7c71a4e5-2aaa-4128-a459-d303465e217b,
400860,39f93515-b6bf-4dfc-a1d8-56832f41b9f2,54e8cc83-b361-481e-a243-c7da1171c9f1,
400865,39f93515-b6bf-4dfc-a1d8-56832f41b9f2,c4ff9044-f451-47a2-9cf5-55e81ed5b1c0,
400866,39f93515-b6bf-4dfc-a1d8-56832f41b9f2,f2176e41-fb91-49b8-8d38-e7e6dc426909,
400880,39f93515-b6bf-4dfc-a1d8-56832f41b9f2,100df59b-ccad-4d8e-903d-1734692290b9,
400884,39f93515-b6bf-4dfc-a1d8-56832f41b9f2,6b25474f-866e-4efa-bbe9-ae9f50c78b4a,
400894,39f93515-b6bf-4dfc-a1d8-56832f41b9f2,9cdda4fd-c9b4-45b3-8ec7-ec1551598f99,
400898,39f93515-b6bf-4dfc-a1d8-56832f41b9f2,4c28394a-6075-48a2-931f-ecb1cff20437,
400901,39f93515-b6bf-4dfc-a1d8-56832f41b9f2,450110bf-06d1-4305-a82c-0dcdff2f8125,
400910,39f93515-b6bf-4dfc-a1d8-56832f41b9f2,ce6db7ba-255e-43f3-ba67-5fcd4ceb5db6,
400915,39f93515-b6bf-4dfc-a1d8-56832f41b9f2,8e899911-5d88-4ff5-bf15-7f86902cbdc3,
400920,39f93515-b6bf-4dfc-a1d8-56832f41b9f2,95e09ba6-f69a-4909-bce0-2b5920286336,
400925,39f93515-b6bf-4dfc-a1d8-56832f41b9f2,80d161ce-1387-4198-85dc-79933f2d6cdd,
412190,83d43382-a422-42b4-aad3-5a1ed1374e94,e0f5d5df-2f38-4583-be9e-2a226a583f51,
412191,83d43382-a422-42b4-aad3-5a1ed1374e94,95e09ba6-f69a-4909-bce0-2b5920286336,
412200,83d43382-a422-42b4-aad3-5a1ed1374e94,fe232bf8-1697-4993-9c1f-daab57c10edf,
412211,83d43382-a422-42b4-aad3-5a1ed1374e94,460a6994-f926-4308-bf0c-b5a6381512f8,
412214,83d43382-a422-42b4-aad3-5a1ed1374e94,1a86b86a-9752-4970-954f-64dde17567d4,
425899,47d3cd47-43f2-4eb0-a9e8-a37d28944547,da54e5a2-fbfb-4b1d-8ec7-c4d5f6ed26ed,
425926,47d3cd47-43f2-4eb0-a9e8-a37d28944547,3873163d-60a2-440b-91aa-e9903ea15236,
425944,47d3cd47-43f2-4eb0-a9e8-a37d28944547,c15bb521-f9e0-441f-aa0a-477371816bd4,
425945,47d3cd47-43f2-4eb0-a9e8-a37d28944547,f2176e41-fb91-49b8-8d38-e7e6dc426909,
425947,47d3cd47-43f2-4eb0-a9e8-a37d28944547,5f093683-cd91-483a-9d7c-0a85462dcb21,
425955,47d3cd47-43f2-4eb0-a9e8-a37d28944547,769df82a-1233-4165-9f29-f4673d49c1e6,
425960,47d3cd47-43f2-4eb0-a9e8-a37d28944547,41bc9ba9-2733-4772-817d-d6c5e9bf2da9,
425965,47d3cd47-43f2-4eb0-a9e8-a37d28944547,4c28394a-6075-48a2-931f-ecb1cff20437,
425967,47d3cd47-43f2-4eb0-a9e8-a37d28944547,450110bf-06d1-4305-a82c-0dcdff2f8125,
425971,47d3cd47-43f2-4eb0-a9e8-a37d28944547,271c4d38-15d9-48ac-9d7c-f50f342d820e,
425972,47d3cd47-43f2-4eb0-a9e8-a37d28944547,09b9adf2-df24-4e7b-8794-e4d923221da4,
425979,47d3cd47-43f2-4eb0-a9e8-a37d28944547,711324dc-fdd4-4676-ad01-cdf72761afeb,
425981,47d3cd47-43f2-4eb0-a9e8-a37d28944547,bd6b975e-0547-43f2-9e62-c8459e257806,
745660,cddff350-84c9-48ff-ac19-d2ae8d028f5e,2beefdc0-2da5-4ae5-9880-8b20ff078794,2024-02-12 09:35:13.789
749818,c7f6b323-1906-475d-a913-ca685047e5c6,4ffa997c-8b3e-40af-a6d4-e806b0acef59,2024-02-16 10:27:20.760
749820,c7f6b323-1906-475d-a913-ca685047e5c6,5827ff23-bbd1-48c7-a099-84122d168ac7,2024-02-16 10:27:02.835
749827,c7f6b323-1906-475d-a913-ca685047e5c6,66de2643-672c-42f4-aa55-0cb8af9bb980,2024-02-16 10:03:34.397
749845,c7f6b323-1906-475d-a913-ca685047e5c6,9752003e-df4a-483c-ac38-ca254b62cb3a,2024-02-16 10:33:58.220
749849,c7f6b323-1906-475d-a913-ca685047e5c6,a3c8002c-90b9-4997-a3ec-44db850810d2,2024-02-16 10:15:20.952
749861,c7f6b323-1906-475d-a913-ca685047e5c6,db8e96cd-8a53-43b8-a241-6cebe548edc1,2024-02-16 10:24:06.065
749862,c7f6b323-1906-475d-a913-ca685047e5c6,dbe16846-6952-4102-bf02-b1c8c8321952,2024-02-16 10:24:30.332
749873,c7f6b323-1906-475d-a913-ca685047e5c6,f068c0bd-12be-4798-b721-3fecbfd6f223,2024-02-16 10:03:53.948
437915,6ec94687-b5f2-4ea5-ad5b-a9152f93b423,a735fec1-1d34-456a-b46a-db3893f104db,
437922,6ec94687-b5f2-4ea5-ad5b-a9152f93b423,80a38c8e-29a8-4129-9cf8-4d45b712730c,
437924,6ec94687-b5f2-4ea5-ad5b-a9152f93b423,e372da76-027c-47f6-a629-7bd21120a292,
437925,6ec94687-b5f2-4ea5-ad5b-a9152f93b423,366a60c1-30e1-4940-bf1d-c16f4fe91684,
437929,6ec94687-b5f2-4ea5-ad5b-a9152f93b423,86713e67-6161-41a8-95f8-f95c594dbb50,
437935,6ec94687-b5f2-4ea5-ad5b-a9152f93b423,60abe2c3-a4a2-45a0-a1ac-6c050a23edc5,
437941,6ec94687-b5f2-4ea5-ad5b-a9152f93b423,c415e974-0993-4a38-af16-caf9c7330113,
437942,6ec94687-b5f2-4ea5-ad5b-a9152f93b423,e90a213d-9214-47b8-97c5-b8f6516ee30d,
372218,e3a34c7e-d499-4077-bcf9-9da06c1fadb8,ee6baaff-0973-4bbd-950a-25e1b8fd9ffc,
372229,e3a34c7e-d499-4077-bcf9-9da06c1fadb8,851fc06d-0ee6-4d88-858e-487cad378e00,
372254,e3a34c7e-d499-4077-bcf9-9da06c1fadb8,c9a0375a-6664-4bee-84dd-3a4bc874c716,
372277,e3a34c7e-d499-4077-bcf9-9da06c1fadb8,c15bb521-f9e0-441f-aa0a-477371816bd4,
372323,e3a34c7e-d499-4077-bcf9-9da06c1fadb8,10505166-001b-47f2-b1e8-cbd9f1405ff1,
372324,e3a34c7e-d499-4077-bcf9-9da06c1fadb8,772e9de5-97ee-40e8-a68a-bea8a93d162b,
372325,e3a34c7e-d499-4077-bcf9-9da06c1fadb8,426d14b9-0224-42f6-a8c1-06220e03d3cc,
372333,e3a34c7e-d499-4077-bcf9-9da06c1fadb8,468d9197-2e40-46dd-854d-47353c0a66af,
372344,e3a34c7e-d499-4077-bcf9-9da06c1fadb8,dfe4916e-fbf0-4218-9227-3c1b173154e7,
721158,fee2edb9-e063-4d46-8c61-404b82d9ce7a,60abe2c3-a4a2-45a0-a1ac-6c050a23edc5,2024-01-09 12:33:00.980
721161,fee2edb9-e063-4d46-8c61-404b82d9ce7a,6ec13b00-476e-4ff1-8735-3ab79b4fb9a5,2024-01-09 12:18:48.293
721162,fee2edb9-e063-4d46-8c61-404b82d9ce7a,6f4331c8-c8f0-4235-a5e9-f26b2b3cf2a5,2024-01-09 12:30:50.786
721170,fee2edb9-e063-4d46-8c61-404b82d9ce7a,96b9f38e-c600-4cc4-ae8b-025b579bb6af,2024-01-09 12:13:55.117
721171,fee2edb9-e063-4d46-8c61-404b82d9ce7a,9752003e-df4a-483c-ac38-ca254b62cb3a,2024-01-09 12:28:11.567
721172,fee2edb9-e063-4d46-8c61-404b82d9ce7a,9af8f6ea-f849-467f-852a-906c756939c5,2024-01-09 12:36:02.233
721175,fee2edb9-e063-4d46-8c61-404b82d9ce7a,b8fef6d0-3114-4471-8203-fe0b324cf97b,2024-01-09 12:26:25.866
721510,487eb63b-a2cc-490c-850d-4ef4d93c7390,22a008b4-b9bd-45de-a1e6-3c3f9d0d67a1,2024-01-09 14:28:27.070
721515,487eb63b-a2cc-490c-850d-4ef4d93c7390,3e8f638b-9280-49e7-82e8-bb295905f0dd,2024-01-09 14:39:26.107
721525,487eb63b-a2cc-490c-850d-4ef4d93c7390,6d2b90b8-67d7-428d-b09b-58f9a61f56eb,2024-01-09 14:56:26.162
721534,487eb63b-a2cc-490c-850d-4ef4d93c7390,a3c8002c-90b9-4997-a3ec-44db850810d2,2024-01-09 14:18:19.970
721547,487eb63b-a2cc-490c-850d-4ef4d93c7390,f161da6c-1ac0-4ae0-a5ac-6a2e60cf25dd,2024-01-09 14:53:01.068
722236,0c92a8c8-a551-46d0-9844-adb80599fb1b,32be6f70-14db-461a-9352-928509cc94c4,2024-01-10 13:25:59.762
722239,0c92a8c8-a551-46d0-9844-adb80599fb1b,514a09a0-717a-4891-97c9-d8fffd0163ce,2024-01-10 13:33:37.217
722240,0c92a8c8-a551-46d0-9844-adb80599fb1b,54312981-5301-421f-94cd-85781227e1a5,2024-01-10 13:33:05.126
722248,0c92a8c8-a551-46d0-9844-adb80599fb1b,6ece9069-1934-4c92-8796-7040873a14ee,2024-01-10 13:29:17.108
722254,0c92a8c8-a551-46d0-9844-adb80599fb1b,9802cabc-4f24-4452-9029-d5bc8f5ee7f7,2024-01-10 14:31:07.436
722256,0c92a8c8-a551-46d0-9844-adb80599fb1b,9d0a4414-f0cd-417a-b806-3718101636e0,2024-01-10 13:26:33.655
722268,0c92a8c8-a551-46d0-9844-adb80599fb1b,e687fdc4-f885-44f2-9fc0-825602ab3158,2024-01-10 14:26:15.879
400835,39f93515-b6bf-4dfc-a1d8-56832f41b9f2,18082121-85e5-4058-97cd-572766f087d5,
400838,39f93515-b6bf-4dfc-a1d8-56832f41b9f2,7659379a-17a8-48ee-ae2a-51b8392be511,
400841,39f93515-b6bf-4dfc-a1d8-56832f41b9f2,c9a0375a-6664-4bee-84dd-3a4bc874c716,
400848,39f93515-b6bf-4dfc-a1d8-56832f41b9f2,92791ba9-9ef0-428c-8491-94a3d68cd64c,
400873,39f93515-b6bf-4dfc-a1d8-56832f41b9f2,7cc80a5c-c9cd-4f94-9c03-206e273ba25e,
400885,39f93515-b6bf-4dfc-a1d8-56832f41b9f2,ea36d045-53e6-4411-a6ae-bd9a9ddc3678,
400888,39f93515-b6bf-4dfc-a1d8-56832f41b9f2,25de4b95-2102-48b0-94f2-e559a3315bb9,
400902,39f93515-b6bf-4dfc-a1d8-56832f41b9f2,dc2df3cb-1e9f-4439-a29d-65eec0e61960,
400903,39f93515-b6bf-4dfc-a1d8-56832f41b9f2,acf4d7a0-71c0-47df-816c-f329c66d204b,
400911,39f93515-b6bf-4dfc-a1d8-56832f41b9f2,10505166-001b-47f2-b1e8-cbd9f1405ff1,
400929,39f93515-b6bf-4dfc-a1d8-56832f41b9f2,bd6b975e-0547-43f2-9e62-c8459e257806,
400937,39f93515-b6bf-4dfc-a1d8-56832f41b9f2,817c7a05-6fb8-47a5-8d32-7fde6d4b4cb1,
412174,83d43382-a422-42b4-aad3-5a1ed1374e94,fc505bba-136b-44a0-8a3a-3694fbf7a83d,
412180,83d43382-a422-42b4-aad3-5a1ed1374e94,ed295c2d-7cbe-4cd9-9aa2-8d0117558505,
412194,83d43382-a422-42b4-aad3-5a1ed1374e94,100df59b-ccad-4d8e-903d-1734692290b9,
412198,83d43382-a422-42b4-aad3-5a1ed1374e94,e21ebd7c-194f-4c30-8309-3b859da8e8ff,
412204,83d43382-a422-42b4-aad3-5a1ed1374e94,d15dbda9-1a3e-44fc-9061-2a7a7f1e792d,
412206,83d43382-a422-42b4-aad3-5a1ed1374e94,3f0f81b1-2459-4fa3-954b-08cbda4f0c9c,
412207,83d43382-a422-42b4-aad3-5a1ed1374e94,7fa8f41a-e525-43cc-b219-e33af5f85ac4,
412209,83d43382-a422-42b4-aad3-5a1ed1374e94,2793257a-bdaf-4345-b9cf-8a10d591ea96,
412213,83d43382-a422-42b4-aad3-5a1ed1374e94,26781a67-e991-479c-948a-3ac8ed7c0c70,
412218,83d43382-a422-42b4-aad3-5a1ed1374e94,dc2df3cb-1e9f-4439-a29d-65eec0e61960,
412219,83d43382-a422-42b4-aad3-5a1ed1374e94,851fc06d-0ee6-4d88-858e-487cad378e00,
425902,47d3cd47-43f2-4eb0-a9e8-a37d28944547,75b8502a-448c-4253-8ac7-12128953c367,
425909,47d3cd47-43f2-4eb0-a9e8-a37d28944547,47d0b5d2-80dc-49ef-b8e6-a69628b876d3,
425918,47d3cd47-43f2-4eb0-a9e8-a37d28944547,9bf75b6b-81c9-491a-92eb-117622af2596,
425930,47d3cd47-43f2-4eb0-a9e8-a37d28944547,5cd4959d-1f34-4ad0-9ee9-6ff829f0d823,
425935,47d3cd47-43f2-4eb0-a9e8-a37d28944547,82f1eae4-3385-4478-a5ea-70cd428474f3,
425938,47d3cd47-43f2-4eb0-a9e8-a37d28944547,a696591b-d1de-4f1e-bfdf-9d68a0d691cb,
425940,47d3cd47-43f2-4eb0-a9e8-a37d28944547,fc4288b4-5b7a-41b6-bede-bec057f584f7,
425942,47d3cd47-43f2-4eb0-a9e8-a37d28944547,54e8cc83-b361-481e-a243-c7da1171c9f1,
425950,47d3cd47-43f2-4eb0-a9e8-a37d28944547,204c79ea-7f9a-443f-866f-6005b2594f18,
425953,47d3cd47-43f2-4eb0-a9e8-a37d28944547,e23b1341-3436-4815-a65e-69f3eb8c1046,
425954,47d3cd47-43f2-4eb0-a9e8-a37d28944547,74c7e86f-14d9-4ca4-85c8-02fbbdc21fec,
425957,47d3cd47-43f2-4eb0-a9e8-a37d28944547,6b25474f-866e-4efa-bbe9-ae9f50c78b4a,
425964,47d3cd47-43f2-4eb0-a9e8-a37d28944547,dbcd1a04-4d70-4bdb-8b2a-185d6ecf5849,
745658,cddff350-84c9-48ff-ac19-d2ae8d028f5e,04f40950-8f7b-4a22-a185-b632991f5d1a,2024-02-12 09:34:40.957
745665,cddff350-84c9-48ff-ac19-d2ae8d028f5e,d105e5cb-b6f8-4b0d-88cd-281fc47e0217,2024-02-12 09:38:16.828
749828,c7f6b323-1906-475d-a913-ca685047e5c6,6d2b90b8-67d7-428d-b09b-58f9a61f56eb,2024-02-16 10:21:22.873
749834,c7f6b323-1906-475d-a913-ca685047e5c6,7b7a7362-09be-4ab1-8de1-f0241d79eb80,2024-02-16 10:14:22.750
749835,c7f6b323-1906-475d-a913-ca685047e5c6,7ce69f8f-5ae4-40c1-80b2-d8399f1edb64,2024-02-16 10:05:05.369
749846,c7f6b323-1906-475d-a913-ca685047e5c6,9af8f6ea-f849-467f-852a-906c756939c5,2024-02-16 10:27:37.528
749850,c7f6b323-1906-475d-a913-ca685047e5c6,a4e4c0c0-632c-43f9-8421-8fe59205c796,2024-02-16 10:13:05.095
749853,c7f6b323-1906-475d-a913-ca685047e5c6,b8fef6d0-3114-4471-8203-fe0b324cf97b,2024-02-16 10:15:39.254
749860,c7f6b323-1906-475d-a913-ca685047e5c6,d4275e18-239e-4fda-a44b-647e248a73e2,2024-02-16 10:16:32.407
749869,c7f6b323-1906-475d-a913-ca685047e5c6,e96b5f3d-1e36-4ce6-b1c1-d4a0d88a8fed,2024-02-16 10:37:22.831
749874,c7f6b323-1906-475d-a913-ca685047e5c6,f161da6c-1ac0-4ae0-a5ac-6a2e60cf25dd,2024-02-16 10:26:07.936
749875,c7f6b323-1906-475d-a913-ca685047e5c6,fd5a7845-2b68-403b-b2ac-31b26a2cf779,2024-02-16 10:23:45.930
437911,6ec94687-b5f2-4ea5-ad5b-a9152f93b423,a404061e-eb28-4c3f-9e67-13926644ca07,
437918,6ec94687-b5f2-4ea5-ad5b-a9152f93b423,3a9fbcaf-2ad7-495c-9a65-8e2485c6d76f,
437931,6ec94687-b5f2-4ea5-ad5b-a9152f93b423,429ecd7c-7c76-4a7e-8ea2-a84b6db136b4,
437932,6ec94687-b5f2-4ea5-ad5b-a9152f93b423,2beefdc0-2da5-4ae5-9880-8b20ff078794,
437943,6ec94687-b5f2-4ea5-ad5b-a9152f93b423,ecb4d09b-7f83-4b96-9596-74e087374223,
437962,6ec94687-b5f2-4ea5-ad5b-a9152f93b423,85dba3b1-819b-4c61-b64c-9584d64f9236,
372223,e3a34c7e-d499-4077-bcf9-9da06c1fadb8,cb9947fa-0f01-4d11-a616-60c4c9d8a78c,
372224,e3a34c7e-d499-4077-bcf9-9da06c1fadb8,b6f9888b-3cdd-4836-9eaf-8547b5545a71,
372225,e3a34c7e-d499-4077-bcf9-9da06c1fadb8,8cf7af38-5759-4525-aac2-96fdc0a6010d,
372236,e3a34c7e-d499-4077-bcf9-9da06c1fadb8,c2b35033-a714-4db3-964c-6b546bf7e6b5,
372247,e3a34c7e-d499-4077-bcf9-9da06c1fadb8,18082121-85e5-4058-97cd-572766f087d5,
372253,e3a34c7e-d499-4077-bcf9-9da06c1fadb8,e21ebd7c-194f-4c30-8309-3b859da8e8ff,
372256,e3a34c7e-d499-4077-bcf9-9da06c1fadb8,5cd4959d-1f34-4ad0-9ee9-6ff829f0d823,
372273,e3a34c7e-d499-4077-bcf9-9da06c1fadb8,54e8cc83-b361-481e-a243-c7da1171c9f1,
372302,e3a34c7e-d499-4077-bcf9-9da06c1fadb8,41bc9ba9-2733-4772-817d-d6c5e9bf2da9,
372309,e3a34c7e-d499-4077-bcf9-9da06c1fadb8,1a86b86a-9752-4970-954f-64dde17567d4,
372315,e3a34c7e-d499-4077-bcf9-9da06c1fadb8,acf4d7a0-71c0-47df-816c-f329c66d204b,
372318,e3a34c7e-d499-4077-bcf9-9da06c1fadb8,ecb127fd-6380-42bb-8622-d9815649ef65,
372322,e3a34c7e-d499-4077-bcf9-9da06c1fadb8,ce6db7ba-255e-43f3-ba67-5fcd4ceb5db6,
721166,fee2edb9-e063-4d46-8c61-404b82d9ce7a,8359768c-46c9-42c5-83ab-58c32b1913ca,2024-01-09 12:33:30.945
721183,fee2edb9-e063-4d46-8c61-404b82d9ce7a,dd5a21f8-7431-4713-ae6b-7b8bf03d74e0,2024-01-09 12:13:26.071
721188,fee2edb9-e063-4d46-8c61-404b82d9ce7a,ead07cf1-8194-478d-a480-be209599e95e,2024-01-09 12:25:23.578
721509,487eb63b-a2cc-490c-850d-4ef4d93c7390,21d3b7c7-03e3-4738-a154-50b6eb3355c0,2024-01-09 14:54:46.390
721511,487eb63b-a2cc-490c-850d-4ef4d93c7390,2beefdc0-2da5-4ae5-9880-8b20ff078794,2024-01-09 14:28:57.788
721520,487eb63b-a2cc-490c-850d-4ef4d93c7390,5827ff23-bbd1-48c7-a099-84122d168ac7,2024-01-09 14:38:25.987
721522,487eb63b-a2cc-490c-850d-4ef4d93c7390,65abafdc-a9b7-4f94-83ec-4bb255e44ec1,2024-01-09 14:27:16.017
722243,0c92a8c8-a551-46d0-9844-adb80599fb1b,5b682352-bfa0-4c57-9453-fd82e84a1a24,2024-01-10 13:38:28.470
722244,0c92a8c8-a551-46d0-9844-adb80599fb1b,5f0b38b9-9bcb-41da-927f-6fc69d799da6,2024-01-10 13:55:32.933
722251,0c92a8c8-a551-46d0-9844-adb80599fb1b,817b566c-d929-4166-97f3-b4131f9a439e,2024-01-10 14:01:38.400
722265,0c92a8c8-a551-46d0-9844-adb80599fb1b,cd4edef4-67ec-425d-8cf4-2d8c827043a0,2024-01-10 14:20:15.640
722267,0c92a8c8-a551-46d0-9844-adb80599fb1b,d03c4cdf-f657-4673-af80-115ec8a5ec0c,2024-01-10 13:49:09.866
722271,0c92a8c8-a551-46d0-9844-adb80599fb1b,f5756d9b-968b-4514-ba6a-73fddae62f20,2024-01-10 14:31:41.423
400799,39f93515-b6bf-4dfc-a1d8-56832f41b9f2,3d1b6096-8528-40be-9136-c0fbee0a0409,
400803,39f93515-b6bf-4dfc-a1d8-56832f41b9f2,3769fe44-8393-4fff-a46c-a8e88b86fa0a,
400818,39f93515-b6bf-4dfc-a1d8-56832f41b9f2,e145607d-f135-4900-a295-61773942a02c,
400821,39f93515-b6bf-4dfc-a1d8-56832f41b9f2,0bb32681-df31-45cf-a36d-ba2f828fe7ef,
400824,39f93515-b6bf-4dfc-a1d8-56832f41b9f2,c2b35033-a714-4db3-964c-6b546bf7e6b5,
400827,39f93515-b6bf-4dfc-a1d8-56832f41b9f2,1214fada-f7ac-49f6-9fee-05ef8a6656d6,
400831,39f93515-b6bf-4dfc-a1d8-56832f41b9f2,4b315846-1c64-455c-9121-6e27c1dc4d9e,
400833,39f93515-b6bf-4dfc-a1d8-56832f41b9f2,10fc5193-b249-4c70-9526-c316b8991d10,
400834,39f93515-b6bf-4dfc-a1d8-56832f41b9f2,9a9b9363-b686-4e83-98f9-b10345d17857,
400842,39f93515-b6bf-4dfc-a1d8-56832f41b9f2,94e6e067-695a-4884-b9f2-ccd1b6d78a72,
400843,39f93515-b6bf-4dfc-a1d8-56832f41b9f2,5cd4959d-1f34-4ad0-9ee9-6ff829f0d823,
400844,39f93515-b6bf-4dfc-a1d8-56832f41b9f2,7236d2de-605d-48f3-8aab-b565d7ed1308,
400856,39f93515-b6bf-4dfc-a1d8-56832f41b9f2,f28c4440-3b18-4b5e-aa84-6d1c706b75bb,
400867,39f93515-b6bf-4dfc-a1d8-56832f41b9f2,d87278e0-1e2b-4a28-8d73-9af8b7303792,
400874,39f93515-b6bf-4dfc-a1d8-56832f41b9f2,eb52a3f3-c890-4fd5-b34d-fb02216a103b,
400875,39f93515-b6bf-4dfc-a1d8-56832f41b9f2,9a5d8d16-4004-4585-b500-3484bf8d8cd2,
400879,39f93515-b6bf-4dfc-a1d8-56832f41b9f2,769df82a-1233-4165-9f29-f4673d49c1e6,
400883,39f93515-b6bf-4dfc-a1d8-56832f41b9f2,174e649d-949a-4485-b84b-cc8a82f49104,
400892,39f93515-b6bf-4dfc-a1d8-56832f41b9f2,4bf63f47-bd63-4c0c-a826-0028fa35bed7,
400913,39f93515-b6bf-4dfc-a1d8-56832f41b9f2,426d14b9-0224-42f6-a8c1-06220e03d3cc,
400924,39f93515-b6bf-4dfc-a1d8-56832f41b9f2,711324dc-fdd4-4676-ad01-cdf72761afeb,
400935,39f93515-b6bf-4dfc-a1d8-56832f41b9f2,204f1a14-0a08-4e81-8d01-bbd8984e47dd,
400936,39f93515-b6bf-4dfc-a1d8-56832f41b9f2,7d499dfe-a781-423e-b384-770d65785fe4,
412175,83d43382-a422-42b4-aad3-5a1ed1374e94,c2b35033-a714-4db3-964c-6b546bf7e6b5,
412178,83d43382-a422-42b4-aad3-5a1ed1374e94,3d1b6096-8528-40be-9136-c0fbee0a0409,
412181,83d43382-a422-42b4-aad3-5a1ed1374e94,426d14b9-0224-42f6-a8c1-06220e03d3cc,
412184,83d43382-a422-42b4-aad3-5a1ed1374e94,8e899911-5d88-4ff5-bf15-7f86902cbdc3,
412192,83d43382-a422-42b4-aad3-5a1ed1374e94,ecb70459-bb72-409e-92be-5b173681bbf8,
412197,83d43382-a422-42b4-aad3-5a1ed1374e94,174e649d-949a-4485-b84b-cc8a82f49104,
412205,83d43382-a422-42b4-aad3-5a1ed1374e94,25de4b95-2102-48b0-94f2-e559a3315bb9,
412215,83d43382-a422-42b4-aad3-5a1ed1374e94,7c71a4e5-2aaa-4128-a459-d303465e217b,
412220,83d43382-a422-42b4-aad3-5a1ed1374e94,36464cde-376e-4905-8e6e-2b9f5b50f6ac,
412224,83d43382-a422-42b4-aad3-5a1ed1374e94,cc97acc9-d5e1-4c95-bca4-d9f54745241b,
425900,47d3cd47-43f2-4eb0-a9e8-a37d28944547,3769fe44-8393-4fff-a46c-a8e88b86fa0a,
425901,47d3cd47-43f2-4eb0-a9e8-a37d28944547,7a6f5768-be48-4a27-a956-c1582edef8bd,
425905,47d3cd47-43f2-4eb0-a9e8-a37d28944547,b6f9888b-3cdd-4836-9eaf-8547b5545a71,
425920,47d3cd47-43f2-4eb0-a9e8-a37d28944547,30af59e6-1ced-4d0b-82af-c1b2c3b8562b,
425934,47d3cd47-43f2-4eb0-a9e8-a37d28944547,7657550f-b2af-46c9-a2d2-e500b8137e6e,
425937,47d3cd47-43f2-4eb0-a9e8-a37d28944547,307b6a1b-c728-4bcc-acf4-136f654b4c79,
425956,47d3cd47-43f2-4eb0-a9e8-a37d28944547,9b006116-8236-457d-871d-e3f3c3130322,
425958,47d3cd47-43f2-4eb0-a9e8-a37d28944547,ea36d045-53e6-4411-a6ae-bd9a9ddc3678,
745662,cddff350-84c9-48ff-ac19-d2ae8d028f5e,65f487a5-84e6-477b-a155-72076465193a,2024-02-12 09:33:57.508
749804,c7f6b323-1906-475d-a913-ca685047e5c6,0c0cc03b-31f2-43ba-b6f5-fdb2a834ca9c,2024-02-16 10:35:42.935
749809,c7f6b323-1906-475d-a913-ca685047e5c6,366a60c1-30e1-4940-bf1d-c16f4fe91684,2024-02-16 10:36:42.963
749816,c7f6b323-1906-475d-a913-ca685047e5c6,4deda364-678c-48ea-829a-a5c262f8083a,2024-02-16 10:12:12.944
749817,c7f6b323-1906-475d-a913-ca685047e5c6,4df4bf16-ae17-462f-8f08-d54c9155eea1,2024-02-16 10:05:56.888
749821,c7f6b323-1906-475d-a913-ca685047e5c6,595efe9c-c095-4374-ad95-2777b5604f37,2024-02-16 10:25:07.164
749823,c7f6b323-1906-475d-a913-ca685047e5c6,5b34f6b4-21f5-4ead-b8db-21a17ba34064,2024-02-16 10:20:06.202
749836,c7f6b323-1906-475d-a913-ca685047e5c6,80a38c8e-29a8-4129-9cf8-4d45b712730c,2024-02-16 10:10:31.849
749837,c7f6b323-1906-475d-a913-ca685047e5c6,8359768c-46c9-42c5-83ab-58c32b1913ca,2024-02-16 10:20:49.166
749840,c7f6b323-1906-475d-a913-ca685047e5c6,8647de4f-acec-43b4-b80a-7d367b40d2d1,2024-02-16 10:17:37.659
749844,c7f6b323-1906-475d-a913-ca685047e5c6,948ac2a7-1ca1-4ac8-8d25-7c93a0f6e5b6,2024-02-16 10:13:59.908
749872,c7f6b323-1906-475d-a913-ca685047e5c6,ee190171-ca2b-4a88-9a71-86024433464c,2024-02-16 09:56:06.168
437908,6ec94687-b5f2-4ea5-ad5b-a9152f93b423,948ac2a7-1ca1-4ac8-8d25-7c93a0f6e5b6,
437936,6ec94687-b5f2-4ea5-ad5b-a9152f93b423,c053432e-39c6-432c-b00a-701ea8574551,
437974,6ec94687-b5f2-4ea5-ad5b-a9152f93b423,8c6748b0-8942-4ac3-8af2-95c9732c595c,
372212,e3a34c7e-d499-4077-bcf9-9da06c1fadb8,ed295c2d-7cbe-4cd9-9aa2-8d0117558505,
372213,e3a34c7e-d499-4077-bcf9-9da06c1fadb8,da54e5a2-fbfb-4b1d-8ec7-c4d5f6ed26ed,
372220,e3a34c7e-d499-4077-bcf9-9da06c1fadb8,dc6105c9-f04e-4a6a-8b18-5aed301814a3,
372221,e3a34c7e-d499-4077-bcf9-9da06c1fadb8,7c0be3de-f78b-427a-9101-1d53cf41e03f,
372230,e3a34c7e-d499-4077-bcf9-9da06c1fadb8,e145607d-f135-4900-a295-61773942a02c,
372240,e3a34c7e-d499-4077-bcf9-9da06c1fadb8,9bf75b6b-81c9-491a-92eb-117622af2596,
372250,e3a34c7e-d499-4077-bcf9-9da06c1fadb8,7659379a-17a8-48ee-ae2a-51b8392be511,
372251,e3a34c7e-d499-4077-bcf9-9da06c1fadb8,3e3814ed-dd36-4f8f-a95b-c83696470c1e,
372263,e3a34c7e-d499-4077-bcf9-9da06c1fadb8,82f1eae4-3385-4478-a5ea-70cd428474f3,
372268,e3a34c7e-d499-4077-bcf9-9da06c1fadb8,a696591b-d1de-4f1e-bfdf-9d68a0d691cb,
372271,e3a34c7e-d499-4077-bcf9-9da06c1fadb8,62b6642f-bab9-4187-baa2-c34c32f0da99,
372278,e3a34c7e-d499-4077-bcf9-9da06c1fadb8,c4ff9044-f451-47a2-9cf5-55e81ed5b1c0,
372279,e3a34c7e-d499-4077-bcf9-9da06c1fadb8,f2176e41-fb91-49b8-8d38-e7e6dc426909,
372284,e3a34c7e-d499-4077-bcf9-9da06c1fadb8,a10fd2a0-c2de-43e9-b168-f9f1dd50e9a3,
372305,e3a34c7e-d499-4077-bcf9-9da06c1fadb8,10675540-984d-4638-a65f-c875e78dd191,
372312,e3a34c7e-d499-4077-bcf9-9da06c1fadb8,9cd00ee2-afcb-4465-b229-398e609e3a0d,
372331,e3a34c7e-d499-4077-bcf9-9da06c1fadb8,e0f5d5df-2f38-4583-be9e-2a226a583f51,
372338,e3a34c7e-d499-4077-bcf9-9da06c1fadb8,f017d746-ba14-4e49-b447-a3386c36c339,
372342,e3a34c7e-d499-4077-bcf9-9da06c1fadb8,b2376ee4-76ce-4671-bc98-393e4fc51a22,
721155,fee2edb9-e063-4d46-8c61-404b82d9ce7a,52986aaa-9c04-4bfa-bfa1-4f19f07681cf,2024-01-09 12:32:46.925
721156,fee2edb9-e063-4d46-8c61-404b82d9ce7a,595efe9c-c095-4374-ad95-2777b5604f37,2024-01-09 12:24:12.808
721157,fee2edb9-e063-4d46-8c61-404b82d9ce7a,5a9c9653-08d2-47df-b6b0-475855d5267a,2024-01-09 12:33:46.469
721174,fee2edb9-e063-4d46-8c61-404b82d9ce7a,b299fe63-d3b1-4679-9697-3f264bd6a42f,2024-01-09 12:36:50.923
721508,487eb63b-a2cc-490c-850d-4ef4d93c7390,1493f341-3231-4c9c-950c-c623e9c53516,2024-01-09 14:29:37.857
721519,487eb63b-a2cc-490c-850d-4ef4d93c7390,4df4bf16-ae17-462f-8f08-d54c9155eea1,2024-01-09 14:25:10.810
721528,487eb63b-a2cc-490c-850d-4ef4d93c7390,85dba3b1-819b-4c61-b64c-9584d64f9236,2024-01-09 14:48:14.969
721529,487eb63b-a2cc-490c-850d-4ef4d93c7390,86713e67-6161-41a8-95f8-f95c594dbb50,2024-01-09 14:50:21.409
721537,487eb63b-a2cc-490c-850d-4ef4d93c7390,cd754558-e60b-4a7a-9aa5-4b729fb8add9,2024-01-09 14:19:47.041
721544,487eb63b-a2cc-490c-850d-4ef4d93c7390,ecb4d09b-7f83-4b96-9596-74e087374223,2024-01-09 14:24:39.025
722246,0c92a8c8-a551-46d0-9844-adb80599fb1b,6d596a9e-5671-4d92-aa86-a249ea51bada,2024-01-10 14:12:38.887
722252,0c92a8c8-a551-46d0-9844-adb80599fb1b,81d6091a-fb13-4559-a689-bb34b89045e7,2024-01-10 13:30:01.279
722253,0c92a8c8-a551-46d0-9844-adb80599fb1b,8d717b40-9f9d-463e-b7e3-e7c788fac928,2024-01-10 13:28:14.656
722255,0c92a8c8-a551-46d0-9844-adb80599fb1b,98665798-dd78-4998-895f-085627726723,2024-01-10 14:20:42.525
722263,0c92a8c8-a551-46d0-9844-adb80599fb1b,c9cfd07f-691c-44f9-a79d-4baf6c9bb7a8,2024-01-10 13:49:44.449
722266,0c92a8c8-a551-46d0-9844-adb80599fb1b,cfdfb14a-3366-4c5b-8864-1d42fed2f880,2024-01-10 13:34:53.314
400798,39f93515-b6bf-4dfc-a1d8-56832f41b9f2,f72c65b9-046d-4017-996c-06a1c692ad07,
400810,39f93515-b6bf-4dfc-a1d8-56832f41b9f2,f7100a7e-adb5-4969-b1d3-c0a7dfd6e2b0,
400820,39f93515-b6bf-4dfc-a1d8-56832f41b9f2,3f5016c5-dcc8-4703-9591-0a49ceeb8e42,
400845,39f93515-b6bf-4dfc-a1d8-56832f41b9f2,24961180-84c7-4b60-b86d-37c01b72f9b5,
400850,39f93515-b6bf-4dfc-a1d8-56832f41b9f2,82f1eae4-3385-4478-a5ea-70cd428474f3,
400853,39f93515-b6bf-4dfc-a1d8-56832f41b9f2,36464cde-376e-4905-8e6e-2b9f5b50f6ac,
400855,39f93515-b6bf-4dfc-a1d8-56832f41b9f2,a696591b-d1de-4f1e-bfdf-9d68a0d691cb,
400859,39f93515-b6bf-4dfc-a1d8-56832f41b9f2,966d5a86-1e7d-484c-a63e-ee9ec060e269,
400869,39f93515-b6bf-4dfc-a1d8-56832f41b9f2,3cbdf922-6d25-4a37-96de-2c76d8e27744,
400870,39f93515-b6bf-4dfc-a1d8-56832f41b9f2,c5ea6027-1812-4e5b-a236-900372433c03,
400881,39f93515-b6bf-4dfc-a1d8-56832f41b9f2,7cea2341-82f2-44a5-bbe5-db0fd8548fe7,
400889,39f93515-b6bf-4dfc-a1d8-56832f41b9f2,7fa8f41a-e525-43cc-b219-e33af5f85ac4,
400909,39f93515-b6bf-4dfc-a1d8-56832f41b9f2,59a33b26-bd16-4e40-b289-7a163a96ff69,
400912,39f93515-b6bf-4dfc-a1d8-56832f41b9f2,772e9de5-97ee-40e8-a68a-bea8a93d162b,
400922,39f93515-b6bf-4dfc-a1d8-56832f41b9f2,abc94438-9ef6-47a6-9647-2a4c0111fe99,
400933,39f93515-b6bf-4dfc-a1d8-56832f41b9f2,dfe4916e-fbf0-4218-9227-3c1b173154e7,
412185,83d43382-a422-42b4-aad3-5a1ed1374e94,ecb127fd-6380-42bb-8622-d9815649ef65,
412187,83d43382-a422-42b4-aad3-5a1ed1374e94,eb52a3f3-c890-4fd5-b34d-fb02216a103b,
412195,83d43382-a422-42b4-aad3-5a1ed1374e94,7c0be3de-f78b-427a-9101-1d53cf41e03f,
412208,83d43382-a422-42b4-aad3-5a1ed1374e94,cb9947fa-0f01-4d11-a616-60c4c9d8a78c,
412216,83d43382-a422-42b4-aad3-5a1ed1374e94,9cd00ee2-afcb-4465-b229-398e609e3a0d,
412221,83d43382-a422-42b4-aad3-5a1ed1374e94,0bb32681-df31-45cf-a36d-ba2f828fe7ef,
412222,83d43382-a422-42b4-aad3-5a1ed1374e94,966d5a86-1e7d-484c-a63e-ee9ec060e269,
412223,83d43382-a422-42b4-aad3-5a1ed1374e94,074dd80e-919b-49ca-a068-4fe4cbc338a5,
425908,47d3cd47-43f2-4eb0-a9e8-a37d28944547,7f2ed266-5e35-4217-b200-c4c24f9a5b81,
425913,47d3cd47-43f2-4eb0-a9e8-a37d28944547,a7ca25f7-d17f-41ce-9f6a-f9df97c5b5d5,
425924,47d3cd47-43f2-4eb0-a9e8-a37d28944547,9a9b9363-b686-4e83-98f9-b10345d17857,
425929,47d3cd47-43f2-4eb0-a9e8-a37d28944547,94e6e067-695a-4884-b9f2-ccd1b6d78a72,
425931,47d3cd47-43f2-4eb0-a9e8-a37d28944547,24961180-84c7-4b60-b86d-37c01b72f9b5,
425941,47d3cd47-43f2-4eb0-a9e8-a37d28944547,62b6642f-bab9-4187-baa2-c34c32f0da99,
425946,47d3cd47-43f2-4eb0-a9e8-a37d28944547,d87278e0-1e2b-4a28-8d73-9af8b7303792,
425948,47d3cd47-43f2-4eb0-a9e8-a37d28944547,3cbdf922-6d25-4a37-96de-2c76d8e27744,
425952,47d3cd47-43f2-4eb0-a9e8-a37d28944547,9a5d8d16-4004-4585-b500-3484bf8d8cd2,
425968,47d3cd47-43f2-4eb0-a9e8-a37d28944547,7d499dfe-a781-423e-b384-770d65785fe4,
425969,47d3cd47-43f2-4eb0-a9e8-a37d28944547,acf4d7a0-71c0-47df-816c-f329c66d204b,
425975,47d3cd47-43f2-4eb0-a9e8-a37d28944547,73aac93a-bd7f-4e42-8843-5b6fa9356360,
425982,47d3cd47-43f2-4eb0-a9e8-a37d28944547,dfe4916e-fbf0-4218-9227-3c1b173154e7,
749805,c7f6b323-1906-475d-a913-ca685047e5c6,1493f341-3231-4c9c-950c-c623e9c53516,2024-02-16 10:10:48.571
749825,c7f6b323-1906-475d-a913-ca685047e5c6,6355ee6d-2b7f-41ef-a572-680669f2c8e8,2024-02-16 10:28:19.133
749829,c7f6b323-1906-475d-a913-ca685047e5c6,6e05d9d5-6117-4125-9f4f-e822e8849b14,2024-02-16 10:21:06.600
749830,c7f6b323-1906-475d-a913-ca685047e5c6,6ec13b00-476e-4ff1-8735-3ab79b4fb9a5,2024-02-16 10:29:36.390
749842,c7f6b323-1906-475d-a913-ca685047e5c6,8b9c0475-b9bc-4ba3-9502-ccd88983b7eb,2024-02-16 10:25:35.643
749851,c7f6b323-1906-475d-a913-ca685047e5c6,affc71e8-ae23-49d1-b03c-15f85d55cb0a,2024-02-16 10:16:13.336
749855,c7f6b323-1906-475d-a913-ca685047e5c6,c26a3485-77a8-4cc6-a174-9888a89537e1,2024-02-16 10:04:27.948
749856,c7f6b323-1906-475d-a913-ca685047e5c6,c415e974-0993-4a38-af16-caf9c7330113,2024-02-16 10:22:39.359
749858,c7f6b323-1906-475d-a913-ca685047e5c6,c8e42b20-ae5c-4776-8eed-8b0bf6db4837,2024-02-16 10:33:40.332
749865,c7f6b323-1906-475d-a913-ca685047e5c6,e3824554-5f89-43a0-96ca-e64b62e6143b,2024-02-16 10:19:46.946
372214,e3a34c7e-d499-4077-bcf9-9da06c1fadb8,9fbc75c7-95a5-4223-af2b-fe49dbdebecc,
372217,e3a34c7e-d499-4077-bcf9-9da06c1fadb8,75b8502a-448c-4253-8ac7-12128953c367,
372226,e3a34c7e-d499-4077-bcf9-9da06c1fadb8,7f2ed266-5e35-4217-b200-c4c24f9a5b81,
372233,e3a34c7e-d499-4077-bcf9-9da06c1fadb8,0bb32681-df31-45cf-a36d-ba2f828fe7ef,
372235,e3a34c7e-d499-4077-bcf9-9da06c1fadb8,b036f307-872d-442c-b59b-a9ff98733ced,
372245,e3a34c7e-d499-4077-bcf9-9da06c1fadb8,10fc5193-b249-4c70-9526-c316b8991d10,
372248,e3a34c7e-d499-4077-bcf9-9da06c1fadb8,3873163d-60a2-440b-91aa-e9903ea15236,
372258,e3a34c7e-d499-4077-bcf9-9da06c1fadb8,24961180-84c7-4b60-b86d-37c01b72f9b5,
372265,e3a34c7e-d499-4077-bcf9-9da06c1fadb8,7c71a4e5-2aaa-4128-a459-d303465e217b,
372286,e3a34c7e-d499-4077-bcf9-9da06c1fadb8,7cc80a5c-c9cd-4f94-9c03-206e273ba25e,
372287,e3a34c7e-d499-4077-bcf9-9da06c1fadb8,eb52a3f3-c890-4fd5-b34d-fb02216a103b,
372289,e3a34c7e-d499-4077-bcf9-9da06c1fadb8,e23b1341-3436-4815-a65e-69f3eb8c1046,
372297,e3a34c7e-d499-4077-bcf9-9da06c1fadb8,ea36d045-53e6-4411-a6ae-bd9a9ddc3678,
372300,e3a34c7e-d499-4077-bcf9-9da06c1fadb8,25de4b95-2102-48b0-94f2-e559a3315bb9,
372301,e3a34c7e-d499-4077-bcf9-9da06c1fadb8,7fa8f41a-e525-43cc-b219-e33af5f85ac4,
372308,e3a34c7e-d499-4077-bcf9-9da06c1fadb8,26781a67-e991-479c-948a-3ac8ed7c0c70,
372313,e3a34c7e-d499-4077-bcf9-9da06c1fadb8,450110bf-06d1-4305-a82c-0dcdff2f8125,
372326,e3a34c7e-d499-4077-bcf9-9da06c1fadb8,73aac93a-bd7f-4e42-8843-5b6fa9356360,
372332,e3a34c7e-d499-4077-bcf9-9da06c1fadb8,95e09ba6-f69a-4909-bce0-2b5920286336,
372335,e3a34c7e-d499-4077-bcf9-9da06c1fadb8,fe232bf8-1697-4993-9c1f-daab57c10edf,
372339,e3a34c7e-d499-4077-bcf9-9da06c1fadb8,41d0e4b4-4f8b-4b75-9fc5-0d795b99d606,
372347,e3a34c7e-d499-4077-bcf9-9da06c1fadb8,7d499dfe-a781-423e-b384-770d65785fe4,
721151,fee2edb9-e063-4d46-8c61-404b82d9ce7a,429ecd7c-7c76-4a7e-8ea2-a84b6db136b4,2024-01-09 12:32:06.713
721153,fee2edb9-e063-4d46-8c61-404b82d9ce7a,4bfe6032-bbe1-485e-8b29-2aa4a92ee6f1,2024-01-09 12:15:14.240
721165,fee2edb9-e063-4d46-8c61-404b82d9ce7a,80a38c8e-29a8-4129-9cf8-4d45b712730c,2024-01-09 12:20:04.581
721184,fee2edb9-e063-4d46-8c61-404b82d9ce7a,e3824554-5f89-43a0-96ca-e64b62e6143b,2024-01-09 12:33:16.236
721518,487eb63b-a2cc-490c-850d-4ef4d93c7390,4deda364-678c-48ea-829a-a5c262f8083a,2024-01-09 14:47:09.848
721535,487eb63b-a2cc-490c-850d-4ef4d93c7390,a4e4c0c0-632c-43f9-8421-8fe59205c796,2024-01-09 14:47:30.932
721540,487eb63b-a2cc-490c-850d-4ef4d93c7390,d4275e18-239e-4fda-a44b-647e248a73e2,2024-01-09 14:51:58.813
721541,487eb63b-a2cc-490c-850d-4ef4d93c7390,d5328262-ba23-45e6-8fb1-b7ef77d100a1,2024-01-09 14:19:01.167
721542,487eb63b-a2cc-490c-850d-4ef4d93c7390,e372da76-027c-47f6-a629-7bd21120a292,2024-01-09 14:30:43.461
722228,0c92a8c8-a551-46d0-9844-adb80599fb1b,06ab4e04-1447-47a0-9a20-a6f7573939c5,2024-01-10 14:15:01.519
722229,0c92a8c8-a551-46d0-9844-adb80599fb1b,0e506764-c4e0-45fc-a47a-71196819ccf8,2024-01-10 14:16:45.479
722231,0c92a8c8-a551-46d0-9844-adb80599fb1b,12c02466-05e7-4de5-a0e5-c271f0522dec,2024-01-10 13:27:53.673
722233,0c92a8c8-a551-46d0-9844-adb80599fb1b,1afce454-f7ae-40e2-9377-29f189fe0083,2024-01-10 13:28:38.013
722247,0c92a8c8-a551-46d0-9844-adb80599fb1b,6e69a279-d52d-432d-a9cf-1531b4425c2f,2024-01-10 13:45:14.686
722262,0c92a8c8-a551-46d0-9844-adb80599fb1b,c6b54f25-d981-48ec-9688-e054cc3247a6,2024-01-10 13:57:05.521
722269,0c92a8c8-a551-46d0-9844-adb80599fb1b,e94e99fc-298f-4651-9671-979d8af3d478,2024-01-10 13:55:55.673
400801,39f93515-b6bf-4dfc-a1d8-56832f41b9f2,da54e5a2-fbfb-4b1d-8ec7-c4d5f6ed26ed,
400809,39f93515-b6bf-4dfc-a1d8-56832f41b9f2,7c0be3de-f78b-427a-9101-1d53cf41e03f,
400811,39f93515-b6bf-4dfc-a1d8-56832f41b9f2,cb9947fa-0f01-4d11-a616-60c4c9d8a78c,
400814,39f93515-b6bf-4dfc-a1d8-56832f41b9f2,7f2ed266-5e35-4217-b200-c4c24f9a5b81,
400829,39f93515-b6bf-4dfc-a1d8-56832f41b9f2,534fbf9d-f759-4dbf-be3d-7fae26224280,
400830,39f93515-b6bf-4dfc-a1d8-56832f41b9f2,30af59e6-1ced-4d0b-82af-c1b2c3b8562b,
400836,39f93515-b6bf-4dfc-a1d8-56832f41b9f2,3873163d-60a2-440b-91aa-e9903ea15236,
400851,39f93515-b6bf-4dfc-a1d8-56832f41b9f2,5776f066-a82c-4f55-99be-d1e3be638c19,
400864,39f93515-b6bf-4dfc-a1d8-56832f41b9f2,c15bb521-f9e0-441f-aa0a-477371816bd4,
400886,39f93515-b6bf-4dfc-a1d8-56832f41b9f2,797565bb-9968-444b-9af2-9eac79ca44c6,
400890,39f93515-b6bf-4dfc-a1d8-56832f41b9f2,41bc9ba9-2733-4772-817d-d6c5e9bf2da9,
400900,39f93515-b6bf-4dfc-a1d8-56832f41b9f2,9cd00ee2-afcb-4465-b229-398e609e3a0d,
400906,39f93515-b6bf-4dfc-a1d8-56832f41b9f2,ecb127fd-6380-42bb-8622-d9815649ef65,
400918,39f93515-b6bf-4dfc-a1d8-56832f41b9f2,ee195c95-8a17-484b-905a-e51ba97db105,
400919,39f93515-b6bf-4dfc-a1d8-56832f41b9f2,e0f5d5df-2f38-4583-be9e-2a226a583f51,
400921,39f93515-b6bf-4dfc-a1d8-56832f41b9f2,468d9197-2e40-46dd-854d-47353c0a66af,
400928,39f93515-b6bf-4dfc-a1d8-56832f41b9f2,3f0f81b1-2459-4fa3-954b-08cbda4f0c9c,
400932,39f93515-b6bf-4dfc-a1d8-56832f41b9f2,71576c82-e36a-4689-88ed-a32ce75cdf7b,
412188,83d43382-a422-42b4-aad3-5a1ed1374e94,7659379a-17a8-48ee-ae2a-51b8392be511,
412201,83d43382-a422-42b4-aad3-5a1ed1374e94,7236d2de-605d-48f3-8aab-b565d7ed1308,
412210,83d43382-a422-42b4-aad3-5a1ed1374e94,ece8071f-80b9-44b2-b343-1056e4a79dfd,
412212,83d43382-a422-42b4-aad3-5a1ed1374e94,b2376ee4-76ce-4671-bc98-393e4fc51a22,
425903,47d3cd47-43f2-4eb0-a9e8-a37d28944547,ee6baaff-0973-4bbd-950a-25e1b8fd9ffc,
425906,47d3cd47-43f2-4eb0-a9e8-a37d28944547,8cf7af38-5759-4525-aac2-96fdc0a6010d,
425916,47d3cd47-43f2-4eb0-a9e8-a37d28944547,5b692764-0f74-40af-8f63-279d4d99a4f7,
425923,47d3cd47-43f2-4eb0-a9e8-a37d28944547,10fc5193-b249-4c70-9526-c316b8991d10,
425925,47d3cd47-43f2-4eb0-a9e8-a37d28944547,18082121-85e5-4058-97cd-572766f087d5,
425939,47d3cd47-43f2-4eb0-a9e8-a37d28944547,f28c4440-3b18-4b5e-aa84-6d1c706b75bb,
425951,47d3cd47-43f2-4eb0-a9e8-a37d28944547,7cc80a5c-c9cd-4f94-9c03-206e273ba25e,
425962,47d3cd47-43f2-4eb0-a9e8-a37d28944547,10675540-984d-4638-a65f-c875e78dd191,
425970,47d3cd47-43f2-4eb0-a9e8-a37d28944547,3dde5fe3-7132-49f8-8373-deae64b515a6,
425974,47d3cd47-43f2-4eb0-a9e8-a37d28944547,10505166-001b-47f2-b1e8-cbd9f1405ff1,
425977,47d3cd47-43f2-4eb0-a9e8-a37d28944547,ee195c95-8a17-484b-905a-e51ba97db105,
749807,c7f6b323-1906-475d-a913-ca685047e5c6,2990acf6-d45e-490e-a3c3-cf58884af2ab,2024-02-16 10:33:18.885
749814,c7f6b323-1906-475d-a913-ca685047e5c6,49122c85-c7e7-4c14-b789-01facd490b2b,2024-02-16 10:22:13.368
749831,c7f6b323-1906-475d-a913-ca685047e5c6,6f4331c8-c8f0-4235-a5e9-f26b2b3cf2a5,2024-02-16 10:31:59.298
749838,c7f6b323-1906-475d-a913-ca685047e5c6,848faff4-2437-43e4-b4ff-cd23fc286d2b,2024-02-16 10:32:18.745
749843,c7f6b323-1906-475d-a913-ca685047e5c6,8c6748b0-8942-4ac3-8af2-95c9732c595c,2024-02-16 10:14:55.563
749852,c7f6b323-1906-475d-a913-ca685047e5c6,b299fe63-d3b1-4679-9697-3f264bd6a42f,2024-02-16 10:02:03.241
749863,c7f6b323-1906-475d-a913-ca685047e5c6,dd5a21f8-7431-4713-ae6b-7b8bf03d74e0,2024-02-16 10:30:49.710
749868,c7f6b323-1906-475d-a913-ca685047e5c6,e90a213d-9214-47b8-97c5-b8f6516ee30d,2024-02-16 10:31:19.122
437905,6ec94687-b5f2-4ea5-ad5b-a9152f93b423,d5328262-ba23-45e6-8fb1-b7ef77d100a1,
437906,6ec94687-b5f2-4ea5-ad5b-a9152f93b423,8359768c-46c9-42c5-83ab-58c32b1913ca,
437907,6ec94687-b5f2-4ea5-ad5b-a9152f93b423,c8e42b20-ae5c-4776-8eed-8b0bf6db4837,
372219,e3a34c7e-d499-4077-bcf9-9da06c1fadb8,0b44fb0a-839a-4381-91b8-f12e6d529818,
372222,e3a34c7e-d499-4077-bcf9-9da06c1fadb8,f7100a7e-adb5-4969-b1d3-c0a7dfd6e2b0,
372239,e3a34c7e-d499-4077-bcf9-9da06c1fadb8,1214fada-f7ac-49f6-9fee-05ef8a6656d6,
372252,e3a34c7e-d499-4077-bcf9-9da06c1fadb8,8f32d77c-b2e8-4b8a-9bcc-9fc078370e3f,
372259,e3a34c7e-d499-4077-bcf9-9da06c1fadb8,2793257a-bdaf-4345-b9cf-8a10d591ea96,
372270,e3a34c7e-d499-4077-bcf9-9da06c1fadb8,fc4288b4-5b7a-41b6-bede-bec057f584f7,
372272,e3a34c7e-d499-4077-bcf9-9da06c1fadb8,966d5a86-1e7d-484c-a63e-ee9ec060e269,
372281,e3a34c7e-d499-4077-bcf9-9da06c1fadb8,5f093683-cd91-483a-9d7c-0a85462dcb21,
372282,e3a34c7e-d499-4077-bcf9-9da06c1fadb8,3cbdf922-6d25-4a37-96de-2c76d8e27744,
372288,e3a34c7e-d499-4077-bcf9-9da06c1fadb8,9a5d8d16-4004-4585-b500-3484bf8d8cd2,
372299,e3a34c7e-d499-4077-bcf9-9da06c1fadb8,d15dbda9-1a3e-44fc-9061-2a7a7f1e792d,
372307,e3a34c7e-d499-4077-bcf9-9da06c1fadb8,dbcd1a04-4d70-4bdb-8b2a-185d6ecf5849,
372310,e3a34c7e-d499-4077-bcf9-9da06c1fadb8,4c28394a-6075-48a2-931f-ecb1cff20437,
372319,e3a34c7e-d499-4077-bcf9-9da06c1fadb8,fc505bba-136b-44a0-8a3a-3694fbf7a83d,
721148,fee2edb9-e063-4d46-8c61-404b82d9ce7a,0c0cc03b-31f2-43ba-b6f5-fdb2a834ca9c,2024-01-09 12:35:35.437
721176,fee2edb9-e063-4d46-8c61-404b82d9ce7a,c053432e-39c6-432c-b00a-701ea8574551,2024-01-09 12:39:33.876
721181,fee2edb9-e063-4d46-8c61-404b82d9ce7a,db8e96cd-8a53-43b8-a241-6cebe548edc1,2024-01-09 12:14:24.891
721186,fee2edb9-e063-4d46-8c61-404b82d9ce7a,e90a213d-9214-47b8-97c5-b8f6516ee30d,2024-01-09 12:31:32.854
721189,fee2edb9-e063-4d46-8c61-404b82d9ce7a,ead78669-f157-494e-9345-a6a9d45ce623,2024-01-09 12:19:43.034
721516,487eb63b-a2cc-490c-850d-4ef4d93c7390,417225e4-d671-486f-853e-685e0fa8c4d1,2024-01-09 14:23:03.169
721524,487eb63b-a2cc-490c-850d-4ef4d93c7390,66de2643-672c-42f4-aa55-0cb8af9bb980,2024-01-09 14:46:26.178
721530,487eb63b-a2cc-490c-850d-4ef4d93c7390,8c6748b0-8942-4ac3-8af2-95c9732c595c,2024-01-09 14:51:16.611
721533,487eb63b-a2cc-490c-850d-4ef4d93c7390,a10906f3-e68c-4d8e-8c66-6fac44c07739,2024-01-09 14:50:51.360
721538,487eb63b-a2cc-490c-850d-4ef4d93c7390,ce4d4f46-2b0a-4a6e-9ab5-679659c5557a,2024-01-09 14:55:47.511
721539,487eb63b-a2cc-490c-850d-4ef4d93c7390,d105e5cb-b6f8-4b0d-88cd-281fc47e0217,2024-01-09 14:22:23.367
721546,487eb63b-a2cc-490c-850d-4ef4d93c7390,f068c0bd-12be-4798-b721-3fecbfd6f223,2024-01-09 14:36:30.898
722238,0c92a8c8-a551-46d0-9844-adb80599fb1b,491059e2-2ef6-4f1d-83ce-2d6511898780,2024-01-10 13:45:48.524
722241,0c92a8c8-a551-46d0-9844-adb80599fb1b,54e2440f-5c63-4799-9c34-64ebd8412f6d,2024-01-10 14:15:34.471
722250,0c92a8c8-a551-46d0-9844-adb80599fb1b,74927492-8cbb-4407-bdb9-f0925032cf04,2024-01-10 13:34:09.305
722259,0c92a8c8-a551-46d0-9844-adb80599fb1b,a694373f-b174-4894-9cd6-698944cef4b3,2024-01-10 14:25:23.844
722261,0c92a8c8-a551-46d0-9844-adb80599fb1b,c1487d4c-d260-4505-94c5-612aa52b3b88,2024-01-10 14:22:13.660
400800,39f93515-b6bf-4dfc-a1d8-56832f41b9f2,ed295c2d-7cbe-4cd9-9aa2-8d0117558505,
400813,39f93515-b6bf-4dfc-a1d8-56832f41b9f2,8cf7af38-5759-4525-aac2-96fdc0a6010d,
400817,39f93515-b6bf-4dfc-a1d8-56832f41b9f2,851fc06d-0ee6-4d88-858e-487cad378e00,
400822,39f93515-b6bf-4dfc-a1d8-56832f41b9f2,a7ca25f7-d17f-41ce-9f6a-f9df97c5b5d5,
400857,39f93515-b6bf-4dfc-a1d8-56832f41b9f2,fc4288b4-5b7a-41b6-bede-bec057f584f7,
400858,39f93515-b6bf-4dfc-a1d8-56832f41b9f2,62b6642f-bab9-4187-baa2-c34c32f0da99,
400862,39f93515-b6bf-4dfc-a1d8-56832f41b9f2,cc97acc9-d5e1-4c95-bca4-d9f54745241b,
400863,39f93515-b6bf-4dfc-a1d8-56832f41b9f2,3ffa7e4d-232c-4d1d-b146-90ea8aa42803,
400877,39f93515-b6bf-4dfc-a1d8-56832f41b9f2,e23b1341-3436-4815-a65e-69f3eb8c1046,
400887,39f93515-b6bf-4dfc-a1d8-56832f41b9f2,d15dbda9-1a3e-44fc-9061-2a7a7f1e792d,
400891,39f93515-b6bf-4dfc-a1d8-56832f41b9f2,460a6994-f926-4308-bf0c-b5a6381512f8,
400893,39f93515-b6bf-4dfc-a1d8-56832f41b9f2,10675540-984d-4638-a65f-c875e78dd191,
400895,39f93515-b6bf-4dfc-a1d8-56832f41b9f2,dbcd1a04-4d70-4bdb-8b2a-185d6ecf5849,
400896,39f93515-b6bf-4dfc-a1d8-56832f41b9f2,26781a67-e991-479c-948a-3ac8ed7c0c70,
400916,39f93515-b6bf-4dfc-a1d8-56832f41b9f2,94ef4975-18ad-47fc-ad00-47860bfe378d,
400917,39f93515-b6bf-4dfc-a1d8-56832f41b9f2,794977d9-b83d-4f58-a813-59ae139776b9,
400926,39f93515-b6bf-4dfc-a1d8-56832f41b9f2,f017d746-ba14-4e49-b447-a3386c36c339,
400931,39f93515-b6bf-4dfc-a1d8-56832f41b9f2,b2376ee4-76ce-4671-bc98-393e4fc51a22,
412179,83d43382-a422-42b4-aad3-5a1ed1374e94,772e9de5-97ee-40e8-a68a-bea8a93d162b,
412183,83d43382-a422-42b4-aad3-5a1ed1374e94,c5ea6027-1812-4e5b-a236-900372433c03,
412203,83d43382-a422-42b4-aad3-5a1ed1374e94,41d0e4b4-4f8b-4b75-9fc5-0d795b99d606,
425898,47d3cd47-43f2-4eb0-a9e8-a37d28944547,f72c65b9-046d-4017-996c-06a1c692ad07,
425911,47d3cd47-43f2-4eb0-a9e8-a37d28944547,576abf73-7ebd-4b36-82cd-13dcc5ae96a2,
425915,47d3cd47-43f2-4eb0-a9e8-a37d28944547,aaef8b89-3f92-4e01-af76-a83fcecfe24d,
425927,47d3cd47-43f2-4eb0-a9e8-a37d28944547,3e3814ed-dd36-4f8f-a95b-c83696470c1e,
425933,47d3cd47-43f2-4eb0-a9e8-a37d28944547,92791ba9-9ef0-428c-8491-94a3d68cd64c,
425949,47d3cd47-43f2-4eb0-a9e8-a37d28944547,a10fd2a0-c2de-43e9-b168-f9f1dd50e9a3,
425966,47d3cd47-43f2-4eb0-a9e8-a37d28944547,599b5295-1660-48f7-8b1b-61494fe7fb8f,
425973,47d3cd47-43f2-4eb0-a9e8-a37d28944547,ce6db7ba-255e-43f3-ba67-5fcd4ceb5db6,
425976,47d3cd47-43f2-4eb0-a9e8-a37d28944547,94ef4975-18ad-47fc-ad00-47860bfe378d,
425986,47d3cd47-43f2-4eb0-a9e8-a37d28944547,817c7a05-6fb8-47a5-8d32-7fde6d4b4cb1,
745667,cddff350-84c9-48ff-ac19-d2ae8d028f5e,ecb4d09b-7f83-4b96-9596-74e087374223,2024-02-12 09:39:54.837
749803,c7f6b323-1906-475d-a913-ca685047e5c6,0543830f-d978-435f-a6d2-3affb01aa83c,2024-02-16 09:59:07.316
749811,c7f6b323-1906-475d-a913-ca685047e5c6,3e8f638b-9280-49e7-82e8-bb295905f0dd,2024-02-16 10:00:09.052
749822,c7f6b323-1906-475d-a913-ca685047e5c6,5a9c9653-08d2-47df-b6b0-475855d5267a,2024-02-16 10:19:19.865
749824,c7f6b323-1906-475d-a913-ca685047e5c6,60abe2c3-a4a2-45a0-a1ac-6c050a23edc5,2024-02-16 10:35:22.922
749826,c7f6b323-1906-475d-a913-ca685047e5c6,65abafdc-a9b7-4f94-83ec-4bb255e44ec1,2024-02-16 10:17:07.492
749847,c7f6b323-1906-475d-a913-ca685047e5c6,a080d453-0391-4fc0-a77a-0c6e2ccad31c,2024-02-16 10:06:12.189
749848,c7f6b323-1906-475d-a913-ca685047e5c6,a10906f3-e68c-4d8e-8c66-6fac44c07739,2024-02-16 10:08:55.481
749854,c7f6b323-1906-475d-a913-ca685047e5c6,c053432e-39c6-432c-b00a-701ea8574551,2024-02-16 10:34:20.555
749864,c7f6b323-1906-475d-a913-ca685047e5c6,e372da76-027c-47f6-a629-7bd21120a292,2024-02-16 10:16:48.657
749866,c7f6b323-1906-475d-a913-ca685047e5c6,e590bf7f-85cf-4979-85dc-4ec647c22bd4,2024-02-16 10:07:12.842
437917,6ec94687-b5f2-4ea5-ad5b-a9152f93b423,417225e4-d671-486f-853e-685e0fa8c4d1,
437919,6ec94687-b5f2-4ea5-ad5b-a9152f93b423,6f4331c8-c8f0-4235-a5e9-f26b2b3cf2a5,
437926,6ec94687-b5f2-4ea5-ad5b-a9152f93b423,8647de4f-acec-43b4-b80a-7d367b40d2d1,
437944,6ec94687-b5f2-4ea5-ad5b-a9152f93b423,5827ff23-bbd1-48c7-a099-84122d168ac7,
437945,6ec94687-b5f2-4ea5-ad5b-a9152f93b423,f161da6c-1ac0-4ae0-a5ac-6a2e60cf25dd,
437959,6ec94687-b5f2-4ea5-ad5b-a9152f93b423,a080d453-0391-4fc0-a77a-0c6e2ccad31c,
437977,6ec94687-b5f2-4ea5-ad5b-a9152f93b423,4deda364-678c-48ea-829a-a5c262f8083a,
437985,6ec94687-b5f2-4ea5-ad5b-a9152f93b423,a10906f3-e68c-4d8e-8c66-6fac44c07739,
437988,6ec94687-b5f2-4ea5-ad5b-a9152f93b423,49122c85-c7e7-4c14-b789-01facd490b2b,
437954,6ec94687-b5f2-4ea5-ad5b-a9152f93b423,b8fef6d0-3114-4471-8203-fe0b324cf97b,
437963,6ec94687-b5f2-4ea5-ad5b-a9152f93b423,31eac5fd-2662-4c6b-8c19-c5278b07e200,
437964,6ec94687-b5f2-4ea5-ad5b-a9152f93b423,6d2b90b8-67d7-428d-b09b-58f9a61f56eb,
437966,6ec94687-b5f2-4ea5-ad5b-a9152f93b423,e3824554-5f89-43a0-96ca-e64b62e6143b,
437968,6ec94687-b5f2-4ea5-ad5b-a9152f93b423,af928aaa-59f6-4056-ab3b-f9dcd1ac3aa4,
437976,6ec94687-b5f2-4ea5-ad5b-a9152f93b423,dbe16846-6952-4102-bf02-b1c8c8321952,
437979,6ec94687-b5f2-4ea5-ad5b-a9152f93b423,e7881883-ad23-45b4-9d6f-d1ab18c297d9,
437987,6ec94687-b5f2-4ea5-ad5b-a9152f93b423,cd754558-e60b-4a7a-9aa5-4b729fb8add9,
437991,6ec94687-b5f2-4ea5-ad5b-a9152f93b423,7f50ed19-0295-441d-be5c-b231333ed4df,
437992,6ec94687-b5f2-4ea5-ad5b-a9152f93b423,4bfe6032-bbe1-485e-8b29-2aa4a92ee6f1,
771227,4f5f8cd2-f23c-4ebf-9fc2-ebb5d0ac0d53,1d721d65-e6f3-4fb5-a2aa-c193c76e82b9,2024-03-18 12:15:04.936
771228,4f5f8cd2-f23c-4ebf-9fc2-ebb5d0ac0d53,27bfb5bd-350a-4a22-9064-ec61c61b12e2,2024-03-18 12:17:49.470
771231,4f5f8cd2-f23c-4ebf-9fc2-ebb5d0ac0d53,32f6849b-c37f-4105-8e1b-7326ed2a2d9c,2024-03-18 12:15:55.918
771236,4f5f8cd2-f23c-4ebf-9fc2-ebb5d0ac0d53,46254ee9-2052-46fb-b70f-8553039d2053,2024-03-18 12:42:13.870
771238,4f5f8cd2-f23c-4ebf-9fc2-ebb5d0ac0d53,54cf06ec-84b3-4cdd-a7c8-e6639a634855,2024-03-18 12:24:55.070
771244,4f5f8cd2-f23c-4ebf-9fc2-ebb5d0ac0d53,6bb6289a-11ac-411e-a1d0-4adaa0f6b974,2024-03-18 12:26:10.535
771248,4f5f8cd2-f23c-4ebf-9fc2-ebb5d0ac0d53,86228ea5-046e-4991-8d9f-e031a528bec6,2024-03-18 12:09:52.178
771250,4f5f8cd2-f23c-4ebf-9fc2-ebb5d0ac0d53,8958cdf4-8485-46e8-9bfe-e3a0fedfd9c6,2024-03-18 12:50:18.483
771270,4f5f8cd2-f23c-4ebf-9fc2-ebb5d0ac0d53,be024e02-4d8d-4f7b-9a5f-83f4d7a6726a,2024-03-18 12:35:21.777
771277,4f5f8cd2-f23c-4ebf-9fc2-ebb5d0ac0d53,d3c04f95-a07c-4a82-9834-1d0a55b29350,2024-03-18 12:55:18.458
771278,4f5f8cd2-f23c-4ebf-9fc2-ebb5d0ac0d53,d56949c4-7ddd-40d5-ac83-72c1ee1758a8,2024-03-18 12:26:48.670
459400,431e1d54-8ed7-4c8e-bd76-4aa40a049d48,5827ff23-bbd1-48c7-a099-84122d168ac7,
459401,431e1d54-8ed7-4c8e-bd76-4aa40a049d48,771c01c2-a602-4d4c-a343-f35d6c78ec19,
459403,431e1d54-8ed7-4c8e-bd76-4aa40a049d48,8c6748b0-8942-4ac3-8af2-95c9732c595c,
459408,431e1d54-8ed7-4c8e-bd76-4aa40a049d48,ce4d4f46-2b0a-4a6e-9ab5-679659c5557a,
459413,431e1d54-8ed7-4c8e-bd76-4aa40a049d48,7b7a7362-09be-4ab1-8de1-f0241d79eb80,
459429,431e1d54-8ed7-4c8e-bd76-4aa40a049d48,a735fec1-1d34-456a-b46a-db3893f104db,
459434,431e1d54-8ed7-4c8e-bd76-4aa40a049d48,4ffa997c-8b3e-40af-a6d4-e806b0acef59,
459437,431e1d54-8ed7-4c8e-bd76-4aa40a049d48,595efe9c-c095-4374-ad95-2777b5604f37,
459438,431e1d54-8ed7-4c8e-bd76-4aa40a049d48,ef16d4b4-7d59-4678-b45c-05e8eb6e0f72,
459666,374d1ade-dda0-4f46-a1a7-cc594d325aa5,e90a213d-9214-47b8-97c5-b8f6516ee30d,
459677,374d1ade-dda0-4f46-a1a7-cc594d325aa5,04f40950-8f7b-4a22-a185-b632991f5d1a,
459679,374d1ade-dda0-4f46-a1a7-cc594d325aa5,e7881883-ad23-45b4-9d6f-d1ab18c297d9,
459683,374d1ade-dda0-4f46-a1a7-cc594d325aa5,db8e96cd-8a53-43b8-a241-6cebe548edc1,
475912,d06174fc-52dc-4ee5-8354-9deefd04abe1,3a9fbcaf-2ad7-495c-9a65-8e2485c6d76f,
475921,d06174fc-52dc-4ee5-8354-9deefd04abe1,4df4bf16-ae17-462f-8f08-d54c9155eea1,
476172,d06174fc-52dc-4ee5-8354-9deefd04abe1,ead07cf1-8194-478d-a480-be209599e95e,
476178,d06174fc-52dc-4ee5-8354-9deefd04abe1,5a9c9653-08d2-47df-b6b0-475855d5267a,
476179,d06174fc-52dc-4ee5-8354-9deefd04abe1,7ce69f8f-5ae4-40c1-80b2-d8399f1edb64,
476180,d06174fc-52dc-4ee5-8354-9deefd04abe1,ecb4d09b-7f83-4b96-9596-74e087374223,
476194,d06174fc-52dc-4ee5-8354-9deefd04abe1,de3527e5-ed46-41e0-9fb8-0166a9e21fe6,
476212,d06174fc-52dc-4ee5-8354-9deefd04abe1,c26a3485-77a8-4cc6-a174-9888a89537e1,
476224,d06174fc-52dc-4ee5-8354-9deefd04abe1,e3824554-5f89-43a0-96ca-e64b62e6143b,
476229,d06174fc-52dc-4ee5-8354-9deefd04abe1,4ffa997c-8b3e-40af-a6d4-e806b0acef59,
476230,d06174fc-52dc-4ee5-8354-9deefd04abe1,d4275e18-239e-4fda-a44b-647e248a73e2,
476232,d06174fc-52dc-4ee5-8354-9deefd04abe1,848faff4-2437-43e4-b4ff-cd23fc286d2b,
476297,607c7a1b-5c45-4187-bec4-e9742142e9cd,74927492-8cbb-4407-bdb9-f0925032cf04,
493006,5dc3e3e7-d693-4641-bde6-477d71c4ec64,8359768c-46c9-42c5-83ab-58c32b1913ca,
493007,5dc3e3e7-d693-4641-bde6-477d71c4ec64,c8e42b20-ae5c-4776-8eed-8b0bf6db4837,
493024,5dc3e3e7-d693-4641-bde6-477d71c4ec64,e372da76-027c-47f6-a629-7bd21120a292,
493025,5dc3e3e7-d693-4641-bde6-477d71c4ec64,366a60c1-30e1-4940-bf1d-c16f4fe91684,
493029,5dc3e3e7-d693-4641-bde6-477d71c4ec64,86713e67-6161-41a8-95f8-f95c594dbb50,
493037,5dc3e3e7-d693-4641-bde6-477d71c4ec64,4ffa997c-8b3e-40af-a6d4-e806b0acef59,
493049,5dc3e3e7-d693-4641-bde6-477d71c4ec64,8cb7b10f-7ecd-441a-bd83-48b7551a382f,
493055,5dc3e3e7-d693-4641-bde6-477d71c4ec64,0543830f-d978-435f-a6d2-3affb01aa83c,
493056,5dc3e3e7-d693-4641-bde6-477d71c4ec64,70924c60-c63e-4e77-a26a-78d3724cf761,
493069,5dc3e3e7-d693-4641-bde6-477d71c4ec64,af928aaa-59f6-4056-ab3b-f9dcd1ac3aa4,
493070,5dc3e3e7-d693-4641-bde6-477d71c4ec64,a4e4c0c0-632c-43f9-8421-8fe59205c796,
493075,5dc3e3e7-d693-4641-bde6-477d71c4ec64,8c6748b0-8942-4ac3-8af2-95c9732c595c,
493076,5dc3e3e7-d693-4641-bde6-477d71c4ec64,4c8610c6-8f50-4673-9e16-e74aaccd83ec,
493078,5dc3e3e7-d693-4641-bde6-477d71c4ec64,4deda364-678c-48ea-829a-a5c262f8083a,
493083,5dc3e3e7-d693-4641-bde6-477d71c4ec64,db8e96cd-8a53-43b8-a241-6cebe548edc1,
493084,5dc3e3e7-d693-4641-bde6-477d71c4ec64,affc71e8-ae23-49d1-b03c-15f85d55cb0a,
493090,5dc3e3e7-d693-4641-bde6-477d71c4ec64,9af8f6ea-f849-467f-852a-906c756939c5,
493091,5dc3e3e7-d693-4641-bde6-477d71c4ec64,5b34f6b4-21f5-4ead-b8db-21a17ba34064,
493092,5dc3e3e7-d693-4641-bde6-477d71c4ec64,7f50ed19-0295-441d-be5c-b231333ed4df,
493093,5dc3e3e7-d693-4641-bde6-477d71c4ec64,4bfe6032-bbe1-485e-8b29-2aa4a92ee6f1,
505598,227dbd41-7e13-4a40-8638-fb106b1f25c9,a32d7dbf-2ec8-433c-a5a4-0a980bba9c7a,
505609,227dbd41-7e13-4a40-8638-fb106b1f25c9,fedd8594-29e8-493a-a8db-9274a69d641e,
505611,227dbd41-7e13-4a40-8638-fb106b1f25c9,14a3a047-94a6-4279-859c-8ddd4a18e4f9,
505614,227dbd41-7e13-4a40-8638-fb106b1f25c9,76bd650b-ee38-480f-adbf-158e59b02bbc,
505616,227dbd41-7e13-4a40-8638-fb106b1f25c9,d3cd4678-7a06-4fbf-a34f-840eaa69dc25,
505623,227dbd41-7e13-4a40-8638-fb106b1f25c9,285cade1-158a-4875-8602-002fd7bfc4b6,
505624,227dbd41-7e13-4a40-8638-fb106b1f25c9,01b47142-7324-479e-8ce9-07b941d6c2fa,
509733,ce6fdac9-1607-472a-8ba5-81329731048f,80a38c8e-29a8-4129-9cf8-4d45b712730c,
509734,ce6fdac9-1607-472a-8ba5-81329731048f,cd754558-e60b-4a7a-9aa5-4b729fb8add9,
509739,ce6fdac9-1607-472a-8ba5-81329731048f,8b9c0475-b9bc-4ba3-9502-ccd88983b7eb,
509742,ce6fdac9-1607-472a-8ba5-81329731048f,dd5a21f8-7431-4713-ae6b-7b8bf03d74e0,
509891,037795e1-d851-4728-b5d0-04fee04280e2,85dba3b1-819b-4c61-b64c-9584d64f9236,
509893,037795e1-d851-4728-b5d0-04fee04280e2,4ffa997c-8b3e-40af-a6d4-e806b0acef59,
510208,c21c456f-f079-43b8-b512-4e9224860a90,ecb4d09b-7f83-4b96-9596-74e087374223,
510219,c21c456f-f079-43b8-b512-4e9224860a90,e7881883-ad23-45b4-9d6f-d1ab18c297d9,
771220,4f5f8cd2-f23c-4ebf-9fc2-ebb5d0ac0d53,08f077b9-991b-4339-988e-0bb241b91dcc,2024-03-18 12:06:32.457
771222,4f5f8cd2-f23c-4ebf-9fc2-ebb5d0ac0d53,114a1804-b167-4533-b5d2-5733591ce5db,2024-03-18 12:48:17.947
771232,4f5f8cd2-f23c-4ebf-9fc2-ebb5d0ac0d53,35c2f8fb-292e-4ace-9d0d-4c391bfa6b25,2024-03-18 12:37:13.086
771239,4f5f8cd2-f23c-4ebf-9fc2-ebb5d0ac0d53,56cca363-99cb-4baf-a152-204e2c98860f,2024-03-18 12:25:40.355
771241,4f5f8cd2-f23c-4ebf-9fc2-ebb5d0ac0d53,5de7ab3a-4bbf-4892-9709-37b7dd0e3492,2024-03-18 12:13:06.553
771242,4f5f8cd2-f23c-4ebf-9fc2-ebb5d0ac0d53,5f016f6c-a237-4a6c-bb28-f32d7352bb5b,2024-03-18 12:48:37.175
771243,4f5f8cd2-f23c-4ebf-9fc2-ebb5d0ac0d53,6716355e-e48b-493c-beeb-94f1da2812b6,2024-03-18 12:45:57.367
771247,4f5f8cd2-f23c-4ebf-9fc2-ebb5d0ac0d53,7ad825f6-4188-4edb-b60b-790ac40d82a5,2024-03-18 12:36:39.952
771253,4f5f8cd2-f23c-4ebf-9fc2-ebb5d0ac0d53,91dd3476-7025-493d-a610-4ed6c92964a9,2024-03-18 12:46:30.146
771268,4f5f8cd2-f23c-4ebf-9fc2-ebb5d0ac0d53,b68c59df-2d74-49a4-a9cb-61c32cf270cb,2024-03-18 12:08:17.697
771285,4f5f8cd2-f23c-4ebf-9fc2-ebb5d0ac0d53,f28a090e-2b3c-4d77-997b-50e2af8f0f8b,2024-03-18 12:34:21.133
459398,431e1d54-8ed7-4c8e-bd76-4aa40a049d48,7ce69f8f-5ae4-40c1-80b2-d8399f1edb64,
459405,431e1d54-8ed7-4c8e-bd76-4aa40a049d48,dbe16846-6952-4102-bf02-b1c8c8321952,
459411,431e1d54-8ed7-4c8e-bd76-4aa40a049d48,b299fe63-d3b1-4679-9697-3f264bd6a42f,
459417,431e1d54-8ed7-4c8e-bd76-4aa40a049d48,b8fef6d0-3114-4471-8203-fe0b324cf97b,
459423,431e1d54-8ed7-4c8e-bd76-4aa40a049d48,9752003e-df4a-483c-ac38-ca254b62cb3a,
459428,431e1d54-8ed7-4c8e-bd76-4aa40a049d48,a10906f3-e68c-4d8e-8c66-6fac44c07739,
459435,431e1d54-8ed7-4c8e-bd76-4aa40a049d48,d4275e18-239e-4fda-a44b-647e248a73e2,
459436,431e1d54-8ed7-4c8e-bd76-4aa40a049d48,6f4331c8-c8f0-4235-a5e9-f26b2b3cf2a5,
459439,431e1d54-8ed7-4c8e-bd76-4aa40a049d48,80a38c8e-29a8-4129-9cf8-4d45b712730c,
459440,431e1d54-8ed7-4c8e-bd76-4aa40a049d48,96b9f38e-c600-4cc4-ae8b-025b579bb6af,
459441,431e1d54-8ed7-4c8e-bd76-4aa40a049d48,c6606413-32f6-48c4-bd0c-e975206ecfa6,
459664,374d1ade-dda0-4f46-a1a7-cc594d325aa5,ead07cf1-8194-478d-a480-be209599e95e,
459670,374d1ade-dda0-4f46-a1a7-cc594d325aa5,8359768c-46c9-42c5-83ab-58c32b1913ca,
459678,374d1ade-dda0-4f46-a1a7-cc594d325aa5,65f487a5-84e6-477b-a155-72076465193a,
459695,374d1ade-dda0-4f46-a1a7-cc594d325aa5,c053432e-39c6-432c-b00a-701ea8574551,
459698,374d1ade-dda0-4f46-a1a7-cc594d325aa5,6d2b90b8-67d7-428d-b09b-58f9a61f56eb,
475922,d06174fc-52dc-4ee5-8354-9deefd04abe1,ead78669-f157-494e-9345-a6a9d45ce623,
475923,d06174fc-52dc-4ee5-8354-9deefd04abe1,dd5a21f8-7431-4713-ae6b-7b8bf03d74e0,
476171,d06174fc-52dc-4ee5-8354-9deefd04abe1,e372da76-027c-47f6-a629-7bd21120a292,
476175,d06174fc-52dc-4ee5-8354-9deefd04abe1,a4e4c0c0-632c-43f9-8421-8fe59205c796,
476184,d06174fc-52dc-4ee5-8354-9deefd04abe1,8647de4f-acec-43b4-b80a-7d367b40d2d1,
476185,d06174fc-52dc-4ee5-8354-9deefd04abe1,5827ff23-bbd1-48c7-a099-84122d168ac7,
476186,d06174fc-52dc-4ee5-8354-9deefd04abe1,771c01c2-a602-4d4c-a343-f35d6c78ec19,
476201,d06174fc-52dc-4ee5-8354-9deefd04abe1,65f487a5-84e6-477b-a155-72076465193a,
476203,d06174fc-52dc-4ee5-8354-9deefd04abe1,86713e67-6161-41a8-95f8-f95c594dbb50,
476205,d06174fc-52dc-4ee5-8354-9deefd04abe1,a3c8002c-90b9-4997-a3ec-44db850810d2,
476213,d06174fc-52dc-4ee5-8354-9deefd04abe1,2beefdc0-2da5-4ae5-9880-8b20ff078794,
476216,d06174fc-52dc-4ee5-8354-9deefd04abe1,ee190171-ca2b-4a88-9a71-86024433464c,
476218,d06174fc-52dc-4ee5-8354-9deefd04abe1,e590bf7f-85cf-4979-85dc-4ec647c22bd4,
476219,d06174fc-52dc-4ee5-8354-9deefd04abe1,a735fec1-1d34-456a-b46a-db3893f104db,
476222,d06174fc-52dc-4ee5-8354-9deefd04abe1,e96b5f3d-1e36-4ce6-b1c1-d4a0d88a8fed,
476234,d06174fc-52dc-4ee5-8354-9deefd04abe1,6d2b90b8-67d7-428d-b09b-58f9a61f56eb,
476235,d06174fc-52dc-4ee5-8354-9deefd04abe1,0c0cc03b-31f2-43ba-b6f5-fdb2a834ca9c,
476236,d06174fc-52dc-4ee5-8354-9deefd04abe1,ef16d4b4-7d59-4678-b45c-05e8eb6e0f72,
476294,607c7a1b-5c45-4187-bec4-e9742142e9cd,9af8f6ea-f849-467f-852a-906c756939c5,
493004,5dc3e3e7-d693-4641-bde6-477d71c4ec64,ead07cf1-8194-478d-a480-be209599e95e,
493010,5dc3e3e7-d693-4641-bde6-477d71c4ec64,b299fe63-d3b1-4679-9697-3f264bd6a42f,
493012,5dc3e3e7-d693-4641-bde6-477d71c4ec64,04f40950-8f7b-4a22-a185-b632991f5d1a,
493014,5dc3e3e7-d693-4641-bde6-477d71c4ec64,c26a3485-77a8-4cc6-a174-9888a89537e1,
493034,5dc3e3e7-d693-4641-bde6-477d71c4ec64,ead78669-f157-494e-9345-a6a9d45ce623,
493038,5dc3e3e7-d693-4641-bde6-477d71c4ec64,d4275e18-239e-4fda-a44b-647e248a73e2,
493044,5dc3e3e7-d693-4641-bde6-477d71c4ec64,5827ff23-bbd1-48c7-a099-84122d168ac7,
493052,5dc3e3e7-d693-4641-bde6-477d71c4ec64,8b9c0475-b9bc-4ba3-9502-ccd88983b7eb,
493054,5dc3e3e7-d693-4641-bde6-477d71c4ec64,b8fef6d0-3114-4471-8203-fe0b324cf97b,
493095,5dc3e3e7-d693-4641-bde6-477d71c4ec64,1493f341-3231-4c9c-950c-c623e9c53516,
505597,227dbd41-7e13-4a40-8638-fb106b1f25c9,63a7435d-e7d5-4083-a58d-583c04c2c3cd,
505600,227dbd41-7e13-4a40-8638-fb106b1f25c9,18f97093-31a0-40be-930b-b9c9065e908f,
505601,227dbd41-7e13-4a40-8638-fb106b1f25c9,d8815721-4f0e-4ecd-8f48-5b7c0a0324ec,
505606,227dbd41-7e13-4a40-8638-fb106b1f25c9,da5bc2f5-cb34-44f9-a63a-9eac68bcd422,
505618,227dbd41-7e13-4a40-8638-fb106b1f25c9,887ae862-8d97-4692-ac41-2d8242921526,
509732,ce6fdac9-1607-472a-8ba5-81329731048f,49122c85-c7e7-4c14-b789-01facd490b2b,
509740,ce6fdac9-1607-472a-8ba5-81329731048f,4df4bf16-ae17-462f-8f08-d54c9155eea1,
509743,ce6fdac9-1607-472a-8ba5-81329731048f,a10906f3-e68c-4d8e-8c66-6fac44c07739,
509745,ce6fdac9-1607-472a-8ba5-81329731048f,0543830f-d978-435f-a6d2-3affb01aa83c,
509892,037795e1-d851-4728-b5d0-04fee04280e2,31eac5fd-2662-4c6b-8c19-c5278b07e200,
509897,037795e1-d851-4728-b5d0-04fee04280e2,ef16d4b4-7d59-4678-b45c-05e8eb6e0f72,
509898,037795e1-d851-4728-b5d0-04fee04280e2,96b9f38e-c600-4cc4-ae8b-025b579bb6af,
510205,c21c456f-f079-43b8-b512-4e9224860a90,a4e4c0c0-632c-43f9-8421-8fe59205c796,
510207,c21c456f-f079-43b8-b512-4e9224860a90,21d3b7c7-03e3-4738-a154-50b6eb3355c0,
510209,c21c456f-f079-43b8-b512-4e9224860a90,fd5a7845-2b68-403b-b2ac-31b26a2cf779,
510213,c21c456f-f079-43b8-b512-4e9224860a90,948ac2a7-1ca1-4ac8-8d25-7c93a0f6e5b6,
510217,c21c456f-f079-43b8-b512-4e9224860a90,04f40950-8f7b-4a22-a185-b632991f5d1a,
510231,c21c456f-f079-43b8-b512-4e9224860a90,e3824554-5f89-43a0-96ca-e64b62e6143b,
510237,c21c456f-f079-43b8-b512-4e9224860a90,0c0cc03b-31f2-43ba-b6f5-fdb2a834ca9c,
510238,c21c456f-f079-43b8-b512-4e9224860a90,4bfe6032-bbe1-485e-8b29-2aa4a92ee6f1,
510381,d5ac6b49-f18c-455f-968a-79132b504d44,27a97a67-7d30-404c-b29d-e4c4eca9b907,
517417,91544de6-a030-42dc-983c-9a86a93763b8,8d33ddcf-e011-4c86-87fb-b6e45db15bc6,
517423,91544de6-a030-42dc-983c-9a86a93763b8,a3577a2e-e93d-42b6-b9eb-da20de3bf45a,
517426,91544de6-a030-42dc-983c-9a86a93763b8,a01e39b7-d3a3-4294-adcd-97d4bc050383,
517431,91544de6-a030-42dc-983c-9a86a93763b8,6a62d269-44c5-4e3b-8801-a72bf4d86872,
517432,91544de6-a030-42dc-983c-9a86a93763b8,514a09a0-717a-4891-97c9-d8fffd0163ce,
437904,6ec94687-b5f2-4ea5-ad5b-a9152f93b423,ead07cf1-8194-478d-a480-be209599e95e,
437910,6ec94687-b5f2-4ea5-ad5b-a9152f93b423,b299fe63-d3b1-4679-9697-3f264bd6a42f,
437913,6ec94687-b5f2-4ea5-ad5b-a9152f93b423,4df4bf16-ae17-462f-8f08-d54c9155eea1,
437916,6ec94687-b5f2-4ea5-ad5b-a9152f93b423,6e05d9d5-6117-4125-9f4f-e822e8849b14,
437923,6ec94687-b5f2-4ea5-ad5b-a9152f93b423,6355ee6d-2b7f-41ef-a572-680669f2c8e8,
437947,6ec94687-b5f2-4ea5-ad5b-a9152f93b423,de3527e5-ed46-41e0-9fb8-0166a9e21fe6,
437948,6ec94687-b5f2-4ea5-ad5b-a9152f93b423,f068c0bd-12be-4798-b721-3fecbfd6f223,
437952,6ec94687-b5f2-4ea5-ad5b-a9152f93b423,8b9c0475-b9bc-4ba3-9502-ccd88983b7eb,
437956,6ec94687-b5f2-4ea5-ad5b-a9152f93b423,70924c60-c63e-4e77-a26a-78d3724cf761,
437960,6ec94687-b5f2-4ea5-ad5b-a9152f93b423,6ec13b00-476e-4ff1-8735-3ab79b4fb9a5,
437967,6ec94687-b5f2-4ea5-ad5b-a9152f93b423,65abafdc-a9b7-4f94-83ec-4bb255e44ec1,
437970,6ec94687-b5f2-4ea5-ad5b-a9152f93b423,21d3b7c7-03e3-4738-a154-50b6eb3355c0,
437982,6ec94687-b5f2-4ea5-ad5b-a9152f93b423,db8e96cd-8a53-43b8-a241-6cebe548edc1,
437983,6ec94687-b5f2-4ea5-ad5b-a9152f93b423,affc71e8-ae23-49d1-b03c-15f85d55cb0a,
771224,4f5f8cd2-f23c-4ebf-9fc2-ebb5d0ac0d53,17be3f37-fa88-4c4b-b0c9-ad04eb45a7a3,2024-03-18 12:28:00.293
771233,4f5f8cd2-f23c-4ebf-9fc2-ebb5d0ac0d53,370783c9-c93e-4b72-bfc1-f0d1bbd945eb,2024-03-18 12:25:16.488
771235,4f5f8cd2-f23c-4ebf-9fc2-ebb5d0ac0d53,40d89596-3482-4f4a-ab3c-a29d541cbf03,2024-03-18 12:24:09.746
771240,4f5f8cd2-f23c-4ebf-9fc2-ebb5d0ac0d53,5cf1201c-d802-4556-9645-98a26e96f750,2024-03-18 12:19:13.714
771254,4f5f8cd2-f23c-4ebf-9fc2-ebb5d0ac0d53,91de5abe-afc6-4ba0-8ad0-d084b17fd210,2024-03-18 12:54:14.742
771259,4f5f8cd2-f23c-4ebf-9fc2-ebb5d0ac0d53,9740d218-07cc-4c94-b764-e02c1a9c3e39,2024-03-18 12:09:25.884
771263,4f5f8cd2-f23c-4ebf-9fc2-ebb5d0ac0d53,a0417cdc-1cdc-4d93-9ac5-f7bc220e99a2,2024-03-18 12:12:39.938
771264,4f5f8cd2-f23c-4ebf-9fc2-ebb5d0ac0d53,a0c9510e-bbef-4a50-89f7-3db75430a02e,2024-03-18 12:59:26.550
771273,4f5f8cd2-f23c-4ebf-9fc2-ebb5d0ac0d53,c380c6c8-3755-4c8a-a0d6-556dc8fd218f,2024-03-18 12:29:08.489
771283,4f5f8cd2-f23c-4ebf-9fc2-ebb5d0ac0d53,ee1e2dbd-712f-458e-a702-71ffc90b1ea6,2024-03-18 12:57:19.332
771288,4f5f8cd2-f23c-4ebf-9fc2-ebb5d0ac0d53,fbbd1618-0b9a-4fc1-9934-4a6a993b2794,2024-03-18 12:54:37.058
459407,431e1d54-8ed7-4c8e-bd76-4aa40a049d48,4deda364-678c-48ea-829a-a5c262f8083a,
459414,431e1d54-8ed7-4c8e-bd76-4aa40a049d48,a404061e-eb28-4c3f-9e67-13926644ca07,
459425,431e1d54-8ed7-4c8e-bd76-4aa40a049d48,2beefdc0-2da5-4ae5-9880-8b20ff078794,
459430,431e1d54-8ed7-4c8e-bd76-4aa40a049d48,cd754558-e60b-4a7a-9aa5-4b729fb8add9,
459433,431e1d54-8ed7-4c8e-bd76-4aa40a049d48,31eac5fd-2662-4c6b-8c19-c5278b07e200,
459675,374d1ade-dda0-4f46-a1a7-cc594d325aa5,8cb7b10f-7ecd-441a-bd83-48b7551a382f,
459809,9a3323a1-c794-44d7-8af5-6f686416fe6f,affc71e8-ae23-49d1-b03c-15f85d55cb0a,
459810,9a3323a1-c794-44d7-8af5-6f686416fe6f,74927492-8cbb-4407-bdb9-f0925032cf04,
475913,d06174fc-52dc-4ee5-8354-9deefd04abe1,49122c85-c7e7-4c14-b789-01facd490b2b,
475915,d06174fc-52dc-4ee5-8354-9deefd04abe1,dbe16846-6952-4102-bf02-b1c8c8321952,
475925,d06174fc-52dc-4ee5-8354-9deefd04abe1,52986aaa-9c04-4bfa-bfa1-4f19f07681cf,
476192,d06174fc-52dc-4ee5-8354-9deefd04abe1,4deda364-678c-48ea-829a-a5c262f8083a,
476196,d06174fc-52dc-4ee5-8354-9deefd04abe1,b299fe63-d3b1-4679-9697-3f264bd6a42f,
476206,d06174fc-52dc-4ee5-8354-9deefd04abe1,429ecd7c-7c76-4a7e-8ea2-a84b6db136b4,
476208,d06174fc-52dc-4ee5-8354-9deefd04abe1,e7881883-ad23-45b4-9d6f-d1ab18c297d9,
476215,d06174fc-52dc-4ee5-8354-9deefd04abe1,6ec13b00-476e-4ff1-8735-3ab79b4fb9a5,
476226,d06174fc-52dc-4ee5-8354-9deefd04abe1,c053432e-39c6-432c-b00a-701ea8574551,
476231,d06174fc-52dc-4ee5-8354-9deefd04abe1,6f4331c8-c8f0-4235-a5e9-f26b2b3cf2a5,
476238,d06174fc-52dc-4ee5-8354-9deefd04abe1,96b9f38e-c600-4cc4-ae8b-025b579bb6af,
493018,5dc3e3e7-d693-4641-bde6-477d71c4ec64,3a9fbcaf-2ad7-495c-9a65-8e2485c6d76f,
493028,5dc3e3e7-d693-4641-bde6-477d71c4ec64,22a008b4-b9bd-45de-a1e6-3c3f9d0d67a1,
493031,5dc3e3e7-d693-4641-bde6-477d71c4ec64,429ecd7c-7c76-4a7e-8ea2-a84b6db136b4,
493032,5dc3e3e7-d693-4641-bde6-477d71c4ec64,2beefdc0-2da5-4ae5-9880-8b20ff078794,
493042,5dc3e3e7-d693-4641-bde6-477d71c4ec64,e90a213d-9214-47b8-97c5-b8f6516ee30d,
493045,5dc3e3e7-d693-4641-bde6-477d71c4ec64,f161da6c-1ac0-4ae0-a5ac-6a2e60cf25dd,
493068,5dc3e3e7-d693-4641-bde6-477d71c4ec64,65abafdc-a9b7-4f94-83ec-4bb255e44ec1,
493074,5dc3e3e7-d693-4641-bde6-477d71c4ec64,fd5a7845-2b68-403b-b2ac-31b26a2cf779,
505599,227dbd41-7e13-4a40-8638-fb106b1f25c9,b6d71a01-13f8-49ce-8063-e370e9b886e6,
505615,227dbd41-7e13-4a40-8638-fb106b1f25c9,9a51e268-9319-4753-93c9-988ca6643094,
505620,227dbd41-7e13-4a40-8638-fb106b1f25c9,447091a5-26c1-4bd2-9d54-fc7229758fbb,
505625,227dbd41-7e13-4a40-8638-fb106b1f25c9,b29855ea-fc76-473a-8eae-ef265ff062f0,
509731,ce6fdac9-1607-472a-8ba5-81329731048f,3a9fbcaf-2ad7-495c-9a65-8e2485c6d76f,
509735,ce6fdac9-1607-472a-8ba5-81329731048f,dbe16846-6952-4102-bf02-b1c8c8321952,
509744,ce6fdac9-1607-472a-8ba5-81329731048f,52986aaa-9c04-4bfa-bfa1-4f19f07681cf,
509877,037795e1-d851-4728-b5d0-04fee04280e2,f161da6c-1ac0-4ae0-a5ac-6a2e60cf25dd,
509878,037795e1-d851-4728-b5d0-04fee04280e2,ce4d4f46-2b0a-4a6e-9ab5-679659c5557a,
509880,037795e1-d851-4728-b5d0-04fee04280e2,7b7a7362-09be-4ab1-8de1-f0241d79eb80,
509887,037795e1-d851-4728-b5d0-04fee04280e2,2beefdc0-2da5-4ae5-9880-8b20ff078794,
509895,037795e1-d851-4728-b5d0-04fee04280e2,6f4331c8-c8f0-4235-a5e9-f26b2b3cf2a5,
510218,c21c456f-f079-43b8-b512-4e9224860a90,65f487a5-84e6-477b-a155-72076465193a,
510226,c21c456f-f079-43b8-b512-4e9224860a90,e590bf7f-85cf-4979-85dc-4ec647c22bd4,
510232,c21c456f-f079-43b8-b512-4e9224860a90,c053432e-39c6-432c-b00a-701ea8574551,
510239,c21c456f-f079-43b8-b512-4e9224860a90,65abafdc-a9b7-4f94-83ec-4bb255e44ec1,
510382,d5ac6b49-f18c-455f-968a-79132b504d44,429ecd7c-7c76-4a7e-8ea2-a84b6db136b4,
517416,91544de6-a030-42dc-983c-9a86a93763b8,cd67bab6-f739-4268-a885-d2e6e0685498,
517421,91544de6-a030-42dc-983c-9a86a93763b8,77396068-d56b-4fe3-98e3-5367eeba76fc,
517441,91544de6-a030-42dc-983c-9a86a93763b8,2755185e-96a0-4910-896c-880d5d3393f6,
517442,91544de6-a030-42dc-983c-9a86a93763b8,b0a43288-4f4e-4143-b8ca-29a7a2068c3b,
517444,91544de6-a030-42dc-983c-9a86a93763b8,fffd1f96-ac35-48d5-8fba-2abf682c23a2,
517454,91544de6-a030-42dc-983c-9a86a93763b8,33a6e4d7-3dec-48b1-8024-5d1ddc66a318,
517456,91544de6-a030-42dc-983c-9a86a93763b8,5d64573c-b720-4dca-a8b0-19744d9b4246,
517474,91544de6-a030-42dc-983c-9a86a93763b8,cfe0f2c9-857b-400b-89b1-975b4a17a45d,
517477,91544de6-a030-42dc-983c-9a86a93763b8,e1754e28-0e68-4d56-870e-727df663e608,
517484,91544de6-a030-42dc-983c-9a86a93763b8,dd0505d0-0385-425e-9e57-9a586916f1df,
517492,91544de6-a030-42dc-983c-9a86a93763b8,95bda01a-68a3-4e83-bf41-7061aa9380de,
517495,91544de6-a030-42dc-983c-9a86a93763b8,ba103b3a-d10a-4dab-a222-f56277a9efa0,
517502,91544de6-a030-42dc-983c-9a86a93763b8,085f217b-2836-48e3-9de3-bfa5d11ec220,
749815,c7f6b323-1906-475d-a913-ca685047e5c6,4bfe6032-bbe1-485e-8b29-2aa4a92ee6f1,2024-02-16 10:11:45.171
749839,c7f6b323-1906-475d-a913-ca685047e5c6,85dba3b1-819b-4c61-b64c-9584d64f9236,2024-02-16 10:36:08.410
749859,c7f6b323-1906-475d-a913-ca685047e5c6,ce4d4f46-2b0a-4a6e-9ab5-679659c5557a,2024-02-16 10:26:31.172
749871,c7f6b323-1906-475d-a913-ca685047e5c6,ead78669-f157-494e-9345-a6a9d45ce623,2024-02-16 10:02:16.993
437909,6ec94687-b5f2-4ea5-ad5b-a9152f93b423,3e8f638b-9280-49e7-82e8-bb295905f0dd,
437912,6ec94687-b5f2-4ea5-ad5b-a9152f93b423,04f40950-8f7b-4a22-a185-b632991f5d1a,
437914,6ec94687-b5f2-4ea5-ad5b-a9152f93b423,c26a3485-77a8-4cc6-a174-9888a89537e1,
437930,6ec94687-b5f2-4ea5-ad5b-a9152f93b423,d105e5cb-b6f8-4b0d-88cd-281fc47e0217,
437934,6ec94687-b5f2-4ea5-ad5b-a9152f93b423,ead78669-f157-494e-9345-a6a9d45ce623,
437939,6ec94687-b5f2-4ea5-ad5b-a9152f93b423,595efe9c-c095-4374-ad95-2777b5604f37,
437940,6ec94687-b5f2-4ea5-ad5b-a9152f93b423,96b9f38e-c600-4cc4-ae8b-025b579bb6af,
437946,6ec94687-b5f2-4ea5-ad5b-a9152f93b423,ce4d4f46-2b0a-4a6e-9ab5-679659c5557a,
437949,6ec94687-b5f2-4ea5-ad5b-a9152f93b423,8cb7b10f-7ecd-441a-bd83-48b7551a382f,
437955,6ec94687-b5f2-4ea5-ad5b-a9152f93b423,0543830f-d978-435f-a6d2-3affb01aa83c,
437957,6ec94687-b5f2-4ea5-ad5b-a9152f93b423,66de2643-672c-42f4-aa55-0cb8af9bb980,
437965,6ec94687-b5f2-4ea5-ad5b-a9152f93b423,ef16d4b4-7d59-4678-b45c-05e8eb6e0f72,
437971,6ec94687-b5f2-4ea5-ad5b-a9152f93b423,5a9c9653-08d2-47df-b6b0-475855d5267a,
437972,6ec94687-b5f2-4ea5-ad5b-a9152f93b423,7ce69f8f-5ae4-40c1-80b2-d8399f1edb64,
437975,6ec94687-b5f2-4ea5-ad5b-a9152f93b423,4c8610c6-8f50-4673-9e16-e74aaccd83ec,
437986,6ec94687-b5f2-4ea5-ad5b-a9152f93b423,e590bf7f-85cf-4979-85dc-4ec647c22bd4,
437990,6ec94687-b5f2-4ea5-ad5b-a9152f93b423,5b34f6b4-21f5-4ead-b8db-21a17ba34064,
771219,4f5f8cd2-f23c-4ebf-9fc2-ebb5d0ac0d53,04212631-8e5c-4b25-ba7a-46f608d2c31a,2024-03-18 12:52:10.414
771229,4f5f8cd2-f23c-4ebf-9fc2-ebb5d0ac0d53,2d547d66-b293-45b0-8dee-cf7e72a7add9,2024-03-18 12:30:39.067
771269,4f5f8cd2-f23c-4ebf-9fc2-ebb5d0ac0d53,b7b75e50-46d7-423e-ade1-91a5cf297b70,2024-03-18 12:08:36.337
771274,4f5f8cd2-f23c-4ebf-9fc2-ebb5d0ac0d53,ca8515ba-7d98-494f-a881-36b12d7feadc,2024-03-18 12:55:49.294
771281,4f5f8cd2-f23c-4ebf-9fc2-ebb5d0ac0d53,e3d0f409-4987-4bee-ab33-910e8bb97c9c,2024-03-18 12:33:57.105
771286,4f5f8cd2-f23c-4ebf-9fc2-ebb5d0ac0d53,f6114877-31ca-4e6d-bdbc-b3d5d4ee816c,2024-03-18 12:42:36.103
771287,4f5f8cd2-f23c-4ebf-9fc2-ebb5d0ac0d53,fa418f80-2698-4884-bfa5-2b65b466f90f,2024-03-18 12:16:46.269
459412,431e1d54-8ed7-4c8e-bd76-4aa40a049d48,8b9c0475-b9bc-4ba3-9502-ccd88983b7eb,
459426,431e1d54-8ed7-4c8e-bd76-4aa40a049d48,6ec13b00-476e-4ff1-8735-3ab79b4fb9a5,
459427,431e1d54-8ed7-4c8e-bd76-4aa40a049d48,ee190171-ca2b-4a88-9a71-86024433464c,
459667,374d1ade-dda0-4f46-a1a7-cc594d325aa5,21d3b7c7-03e3-4738-a154-50b6eb3355c0,
459671,374d1ade-dda0-4f46-a1a7-cc594d325aa5,366a60c1-30e1-4940-bf1d-c16f4fe91684,
459680,374d1ade-dda0-4f46-a1a7-cc594d325aa5,a3c8002c-90b9-4997-a3ec-44db850810d2,
459684,374d1ade-dda0-4f46-a1a7-cc594d325aa5,66de2643-672c-42f4-aa55-0cb8af9bb980,
459685,374d1ade-dda0-4f46-a1a7-cc594d325aa5,a080d453-0391-4fc0-a77a-0c6e2ccad31c,
459686,374d1ade-dda0-4f46-a1a7-cc594d325aa5,2cc23a10-8a6c-4815-81e9-5c71c7a77914,
459694,374d1ade-dda0-4f46-a1a7-cc594d325aa5,e3824554-5f89-43a0-96ca-e64b62e6143b,
475919,d06174fc-52dc-4ee5-8354-9deefd04abe1,8b9c0475-b9bc-4ba3-9502-ccd88983b7eb,
475920,d06174fc-52dc-4ee5-8354-9deefd04abe1,7f50ed19-0295-441d-be5c-b231333ed4df,
475924,d06174fc-52dc-4ee5-8354-9deefd04abe1,a10906f3-e68c-4d8e-8c66-6fac44c07739,
475926,d06174fc-52dc-4ee5-8354-9deefd04abe1,0543830f-d978-435f-a6d2-3affb01aa83c,
475927,d06174fc-52dc-4ee5-8354-9deefd04abe1,22a008b4-b9bd-45de-a1e6-3c3f9d0d67a1,
476188,d06174fc-52dc-4ee5-8354-9deefd04abe1,8c6748b0-8942-4ac3-8af2-95c9732c595c,
476195,d06174fc-52dc-4ee5-8354-9deefd04abe1,8cb7b10f-7ecd-441a-bd83-48b7551a382f,
476211,d06174fc-52dc-4ee5-8354-9deefd04abe1,9752003e-df4a-483c-ac38-ca254b62cb3a,
476214,d06174fc-52dc-4ee5-8354-9deefd04abe1,2cc23a10-8a6c-4815-81e9-5c71c7a77914,
476223,d06174fc-52dc-4ee5-8354-9deefd04abe1,60abe2c3-a4a2-45a0-a1ac-6c050a23edc5,
476295,607c7a1b-5c45-4187-bec4-e9742142e9cd,af928aaa-59f6-4056-ab3b-f9dcd1ac3aa4,
493027,5dc3e3e7-d693-4641-bde6-477d71c4ec64,771c01c2-a602-4d4c-a343-f35d6c78ec19,
493036,5dc3e3e7-d693-4641-bde6-477d71c4ec64,c053432e-39c6-432c-b00a-701ea8574551,
493041,5dc3e3e7-d693-4641-bde6-477d71c4ec64,c415e974-0993-4a38-af16-caf9c7330113,
493066,5dc3e3e7-d693-4641-bde6-477d71c4ec64,ef16d4b4-7d59-4678-b45c-05e8eb6e0f72,
493072,5dc3e3e7-d693-4641-bde6-477d71c4ec64,5a9c9653-08d2-47df-b6b0-475855d5267a,
493077,5dc3e3e7-d693-4641-bde6-477d71c4ec64,dbe16846-6952-4102-bf02-b1c8c8321952,
493080,5dc3e3e7-d693-4641-bde6-477d71c4ec64,e7881883-ad23-45b4-9d6f-d1ab18c297d9,
493081,5dc3e3e7-d693-4641-bde6-477d71c4ec64,a3c8002c-90b9-4997-a3ec-44db850810d2,
493089,5dc3e3e7-d693-4641-bde6-477d71c4ec64,49122c85-c7e7-4c14-b789-01facd490b2b,
505619,227dbd41-7e13-4a40-8638-fb106b1f25c9,1e4c1a5b-fdf3-4a86-a5e6-fb3ed7a43b25,
505621,227dbd41-7e13-4a40-8638-fb106b1f25c9,2e563ecc-c663-443a-a3bb-759f257a3a84,
509736,ce6fdac9-1607-472a-8ba5-81329731048f,f068c0bd-12be-4798-b721-3fecbfd6f223,
509746,ce6fdac9-1607-472a-8ba5-81329731048f,22a008b4-b9bd-45de-a1e6-3c3f9d0d67a1,
509867,037795e1-d851-4728-b5d0-04fee04280e2,e372da76-027c-47f6-a629-7bd21120a292,
509869,037795e1-d851-4728-b5d0-04fee04280e2,d5328262-ba23-45e6-8fb1-b7ef77d100a1,
509881,037795e1-d851-4728-b5d0-04fee04280e2,a404061e-eb28-4c3f-9e67-13926644ca07,
509882,037795e1-d851-4728-b5d0-04fee04280e2,b8fef6d0-3114-4471-8203-fe0b324cf97b,
509883,037795e1-d851-4728-b5d0-04fee04280e2,86713e67-6161-41a8-95f8-f95c594dbb50,
510210,c21c456f-f079-43b8-b512-4e9224860a90,8359768c-46c9-42c5-83ab-58c32b1913ca,
510211,c21c456f-f079-43b8-b512-4e9224860a90,366a60c1-30e1-4940-bf1d-c16f4fe91684,
510214,c21c456f-f079-43b8-b512-4e9224860a90,de3527e5-ed46-41e0-9fb8-0166a9e21fe6,
510227,c21c456f-f079-43b8-b512-4e9224860a90,6e05d9d5-6117-4125-9f4f-e822e8849b14,
517418,91544de6-a030-42dc-983c-9a86a93763b8,e55cdd80-0e6c-4cbe-8faf-d693065d9df1,
517419,91544de6-a030-42dc-983c-9a86a93763b8,8e39213c-a890-42e1-a6d2-4c9eddb39cff,
517420,91544de6-a030-42dc-983c-9a86a93763b8,4f15ba63-564a-49b5-bd06-187bca782273,
517430,91544de6-a030-42dc-983c-9a86a93763b8,3d16d7df-2b91-4f74-9f77-9a334aea52ae,
517433,91544de6-a030-42dc-983c-9a86a93763b8,a2cf5259-32ec-45fa-83e4-e2225fed4074,
517434,91544de6-a030-42dc-983c-9a86a93763b8,609bb931-fb2f-4236-9be4-dde6f6061aa5,
517447,91544de6-a030-42dc-983c-9a86a93763b8,1f7500c8-97d2-44bd-929f-d86b87ef22a5,
517448,91544de6-a030-42dc-983c-9a86a93763b8,a790842e-a8bd-40fe-bc72-e2fa02507c7b,
517468,91544de6-a030-42dc-983c-9a86a93763b8,6c98aa3b-9ec8-41b1-9225-a394db5bb730,
517470,91544de6-a030-42dc-983c-9a86a93763b8,9d0a4414-f0cd-417a-b806-3718101636e0,
517485,91544de6-a030-42dc-983c-9a86a93763b8,5902ff4e-3a0a-4272-84cf-c15cf171b168,
437920,6ec94687-b5f2-4ea5-ad5b-a9152f93b423,848faff4-2437-43e4-b4ff-cd23fc286d2b,
437921,6ec94687-b5f2-4ea5-ad5b-a9152f93b423,0c0cc03b-31f2-43ba-b6f5-fdb2a834ca9c,
437937,6ec94687-b5f2-4ea5-ad5b-a9152f93b423,4ffa997c-8b3e-40af-a6d4-e806b0acef59,
437961,6ec94687-b5f2-4ea5-ad5b-a9152f93b423,e96b5f3d-1e36-4ce6-b1c1-d4a0d88a8fed,
437981,6ec94687-b5f2-4ea5-ad5b-a9152f93b423,52986aaa-9c04-4bfa-bfa1-4f19f07681cf,
437989,6ec94687-b5f2-4ea5-ad5b-a9152f93b423,9af8f6ea-f849-467f-852a-906c756939c5,
771221,4f5f8cd2-f23c-4ebf-9fc2-ebb5d0ac0d53,0b46de5f-9533-4f64-ac47-6127ac890b59,2024-03-18 12:47:55.995
771223,4f5f8cd2-f23c-4ebf-9fc2-ebb5d0ac0d53,17a23da6-9c93-46c8-837a-0a231e88f7cb,2024-03-18 13:00:17.035
771260,4f5f8cd2-f23c-4ebf-9fc2-ebb5d0ac0d53,999a6c2a-72bf-4e4e-a8ba-1c01f61a2698,2024-03-18 12:15:22.452
771266,4f5f8cd2-f23c-4ebf-9fc2-ebb5d0ac0d53,a407a7ff-212f-4c87-bd88-c16d041dd8b0,2024-03-18 12:04:05.400
771267,4f5f8cd2-f23c-4ebf-9fc2-ebb5d0ac0d53,af1b5547-74c7-48f2-b2d9-444d0d956251,2024-03-18 12:23:45.864
771284,4f5f8cd2-f23c-4ebf-9fc2-ebb5d0ac0d53,f04662e9-4eb2-4f26-9045-8f6a4e9be19e,2024-03-18 12:44:38.891
459396,431e1d54-8ed7-4c8e-bd76-4aa40a049d48,d5328262-ba23-45e6-8fb1-b7ef77d100a1,
459397,431e1d54-8ed7-4c8e-bd76-4aa40a049d48,5a9c9653-08d2-47df-b6b0-475855d5267a,
459399,431e1d54-8ed7-4c8e-bd76-4aa40a049d48,8647de4f-acec-43b4-b80a-7d367b40d2d1,
459406,431e1d54-8ed7-4c8e-bd76-4aa40a049d48,f161da6c-1ac0-4ae0-a5ac-6a2e60cf25dd,
459409,431e1d54-8ed7-4c8e-bd76-4aa40a049d48,f068c0bd-12be-4798-b721-3fecbfd6f223,
459419,431e1d54-8ed7-4c8e-bd76-4aa40a049d48,d105e5cb-b6f8-4b0d-88cd-281fc47e0217,
459420,431e1d54-8ed7-4c8e-bd76-4aa40a049d48,52986aaa-9c04-4bfa-bfa1-4f19f07681cf,
459422,431e1d54-8ed7-4c8e-bd76-4aa40a049d48,0543830f-d978-435f-a6d2-3affb01aa83c,
459432,431e1d54-8ed7-4c8e-bd76-4aa40a049d48,85dba3b1-819b-4c61-b64c-9584d64f9236,
459442,431e1d54-8ed7-4c8e-bd76-4aa40a049d48,1493f341-3231-4c9c-950c-c623e9c53516,
459665,374d1ade-dda0-4f46-a1a7-cc594d325aa5,a4e4c0c0-632c-43f9-8421-8fe59205c796,
459673,374d1ade-dda0-4f46-a1a7-cc594d325aa5,948ac2a7-1ca1-4ac8-8d25-7c93a0f6e5b6,
459676,374d1ade-dda0-4f46-a1a7-cc594d325aa5,2990acf6-d45e-490e-a3c3-cf58884af2ab,
459681,374d1ade-dda0-4f46-a1a7-cc594d325aa5,70924c60-c63e-4e77-a26a-78d3724cf761,
459690,374d1ade-dda0-4f46-a1a7-cc594d325aa5,417225e4-d671-486f-853e-685e0fa8c4d1,
459691,374d1ade-dda0-4f46-a1a7-cc594d325aa5,e96b5f3d-1e36-4ce6-b1c1-d4a0d88a8fed,
459693,374d1ade-dda0-4f46-a1a7-cc594d325aa5,49122c85-c7e7-4c14-b789-01facd490b2b,
475917,d06174fc-52dc-4ee5-8354-9deefd04abe1,3e8f638b-9280-49e7-82e8-bb295905f0dd,
476190,d06174fc-52dc-4ee5-8354-9deefd04abe1,948ac2a7-1ca1-4ac8-8d25-7c93a0f6e5b6,
476193,d06174fc-52dc-4ee5-8354-9deefd04abe1,ce4d4f46-2b0a-4a6e-9ab5-679659c5557a,
476199,d06174fc-52dc-4ee5-8354-9deefd04abe1,a404061e-eb28-4c3f-9e67-13926644ca07,
476237,d06174fc-52dc-4ee5-8354-9deefd04abe1,4bfe6032-bbe1-485e-8b29-2aa4a92ee6f1,
476239,d06174fc-52dc-4ee5-8354-9deefd04abe1,c6606413-32f6-48c4-bd0c-e975206ecfa6,
476296,607c7a1b-5c45-4187-bec4-e9742142e9cd,affc71e8-ae23-49d1-b03c-15f85d55cb0a,
493005,5dc3e3e7-d693-4641-bde6-477d71c4ec64,d5328262-ba23-45e6-8fb1-b7ef77d100a1,
493017,5dc3e3e7-d693-4641-bde6-477d71c4ec64,417225e4-d671-486f-853e-685e0fa8c4d1,
493020,5dc3e3e7-d693-4641-bde6-477d71c4ec64,848faff4-2437-43e4-b4ff-cd23fc286d2b,
493026,5dc3e3e7-d693-4641-bde6-477d71c4ec64,8647de4f-acec-43b4-b80a-7d367b40d2d1,
493040,5dc3e3e7-d693-4641-bde6-477d71c4ec64,96b9f38e-c600-4cc4-ae8b-025b579bb6af,
493043,5dc3e3e7-d693-4641-bde6-477d71c4ec64,ecb4d09b-7f83-4b96-9596-74e087374223,
493051,5dc3e3e7-d693-4641-bde6-477d71c4ec64,7b7a7362-09be-4ab1-8de1-f0241d79eb80,
493053,5dc3e3e7-d693-4641-bde6-477d71c4ec64,65f487a5-84e6-477b-a155-72076465193a,
493058,5dc3e3e7-d693-4641-bde6-477d71c4ec64,9752003e-df4a-483c-ac38-ca254b62cb3a,
493063,5dc3e3e7-d693-4641-bde6-477d71c4ec64,85dba3b1-819b-4c61-b64c-9584d64f9236,
493065,5dc3e3e7-d693-4641-bde6-477d71c4ec64,6d2b90b8-67d7-428d-b09b-58f9a61f56eb,
493067,5dc3e3e7-d693-4641-bde6-477d71c4ec64,e3824554-5f89-43a0-96ca-e64b62e6143b,
505604,227dbd41-7e13-4a40-8638-fb106b1f25c9,6648cc1b-183c-4027-85ab-6dc618fcbe51,
505612,227dbd41-7e13-4a40-8638-fb106b1f25c9,4db75807-35e2-485f-a7b2-612e30fec7be,
505626,227dbd41-7e13-4a40-8638-fb106b1f25c9,203b30a2-6f9e-47a0-9da8-e7fa3c996eea,
509868,037795e1-d851-4728-b5d0-04fee04280e2,c415e974-0993-4a38-af16-caf9c7330113,
509873,037795e1-d851-4728-b5d0-04fee04280e2,5827ff23-bbd1-48c7-a099-84122d168ac7,
509886,037795e1-d851-4728-b5d0-04fee04280e2,c26a3485-77a8-4cc6-a174-9888a89537e1,
509888,037795e1-d851-4728-b5d0-04fee04280e2,6ec13b00-476e-4ff1-8735-3ab79b4fb9a5,
509889,037795e1-d851-4728-b5d0-04fee04280e2,ee190171-ca2b-4a88-9a71-86024433464c,
509890,037795e1-d851-4728-b5d0-04fee04280e2,a735fec1-1d34-456a-b46a-db3893f104db,
509899,037795e1-d851-4728-b5d0-04fee04280e2,c6606413-32f6-48c4-bd0c-e975206ecfa6,
510204,c21c456f-f079-43b8-b512-4e9224860a90,ead07cf1-8194-478d-a480-be209599e95e,
510215,c21c456f-f079-43b8-b512-4e9224860a90,8cb7b10f-7ecd-441a-bd83-48b7551a382f,
510216,c21c456f-f079-43b8-b512-4e9224860a90,2990acf6-d45e-490e-a3c3-cf58884af2ab,
510220,c21c456f-f079-43b8-b512-4e9224860a90,a3c8002c-90b9-4997-a3ec-44db850810d2,
517412,91544de6-a030-42dc-983c-9a86a93763b8,ddfcc222-bc46-4460-bd06-e35a539344cb,
517424,91544de6-a030-42dc-983c-9a86a93763b8,f62749ef-4dea-44c4-a42d-75fbfc807de9,
517429,91544de6-a030-42dc-983c-9a86a93763b8,7e73f411-999f-4161-9083-de53c4650331,
517438,91544de6-a030-42dc-983c-9a86a93763b8,491059e2-2ef6-4f1d-83ce-2d6511898780,
517450,91544de6-a030-42dc-983c-9a86a93763b8,d981a07c-de8f-4546-a8ed-45d77b18e82e,
517455,91544de6-a030-42dc-983c-9a86a93763b8,9802cabc-4f24-4452-9029-d5bc8f5ee7f7,
517461,91544de6-a030-42dc-983c-9a86a93763b8,cd4edef4-67ec-425d-8cf4-2d8c827043a0,
517473,91544de6-a030-42dc-983c-9a86a93763b8,97269045-03c2-4112-830d-bd36b56c0028,
517478,91544de6-a030-42dc-983c-9a86a93763b8,7e8ee97b-b223-477a-84a9-baef1a5fdb03,
517479,91544de6-a030-42dc-983c-9a86a93763b8,f3577960-7921-4e1d-9ff1-35d915217dce,
517481,91544de6-a030-42dc-983c-9a86a93763b8,feec92fa-5e92-44a3-9d39-3724f87f1fa3,
517486,91544de6-a030-42dc-983c-9a86a93763b8,7f423ba4-3f38-40c6-af18-4a6fc2258ec2,
517487,91544de6-a030-42dc-983c-9a86a93763b8,0500fabf-73a3-4fc4-8295-f5c85fe7e6f3,
517503,91544de6-a030-42dc-983c-9a86a93763b8,e94e99fc-298f-4651-9671-979d8af3d478,
517504,91544de6-a030-42dc-983c-9a86a93763b8,8d717b40-9f9d-463e-b7e3-e7c788fac928,
517522,91544de6-a030-42dc-983c-9a86a93763b8,66efe458-3762-40f8-a87b-9030804e95ae,
517546,91544de6-a030-42dc-983c-9a86a93763b8,9bfed2f7-1cea-446e-b86a-b5ced5720a1c,
517557,91544de6-a030-42dc-983c-9a86a93763b8,e7b103eb-7c35-4016-938c-70b1d021c2ef,
517559,91544de6-a030-42dc-983c-9a86a93763b8,c1487d4c-d260-4505-94c5-612aa52b3b88,
522749,e4414ea0-e48c-4f28-a7d9-3c788bed747e,5827ff23-bbd1-48c7-a099-84122d168ac7,
437978,6ec94687-b5f2-4ea5-ad5b-a9152f93b423,dd5a21f8-7431-4713-ae6b-7b8bf03d74e0,
437980,6ec94687-b5f2-4ea5-ad5b-a9152f93b423,a3c8002c-90b9-4997-a3ec-44db850810d2,
437993,6ec94687-b5f2-4ea5-ad5b-a9152f93b423,c6606413-32f6-48c4-bd0c-e975206ecfa6,
771245,4f5f8cd2-f23c-4ebf-9fc2-ebb5d0ac0d53,6ebafd82-1b4b-4a1c-bca5-7fda9135a7bd,2024-03-18 12:49:07.083
771251,4f5f8cd2-f23c-4ebf-9fc2-ebb5d0ac0d53,8bffb12d-d155-42f0-aed6-042570d8bcd7,2024-03-18 12:28:39.506
771252,4f5f8cd2-f23c-4ebf-9fc2-ebb5d0ac0d53,8edc8c55-ee1d-4303-a04e-5261529b5db2,2024-03-18 12:18:08.506
771258,4f5f8cd2-f23c-4ebf-9fc2-ebb5d0ac0d53,97061750-4a14-42aa-a0d7-e4b918b7c8ff,2024-03-18 12:57:53.321
771261,4f5f8cd2-f23c-4ebf-9fc2-ebb5d0ac0d53,9c9b7e11-e024-47fe-ad3f-7b5b130f1b83,2024-03-18 12:22:12.341
771265,4f5f8cd2-f23c-4ebf-9fc2-ebb5d0ac0d53,a1076318-0a70-4d66-8393-4150728097a4,2024-03-18 12:12:20.449
771271,4f5f8cd2-f23c-4ebf-9fc2-ebb5d0ac0d53,be6d306d-84ab-4001-92a0-c897d854a8f1,2024-03-18 12:13:42.318
771275,4f5f8cd2-f23c-4ebf-9fc2-ebb5d0ac0d53,cf12198f-555e-48f1-a9ca-bc482f9cd004,2024-03-18 12:44:58.571
771279,4f5f8cd2-f23c-4ebf-9fc2-ebb5d0ac0d53,df4ce676-0f0a-4475-a75e-5d8119557b56,2024-03-18 12:19:33.613
459393,431e1d54-8ed7-4c8e-bd76-4aa40a049d48,e372da76-027c-47f6-a629-7bd21120a292,
459394,431e1d54-8ed7-4c8e-bd76-4aa40a049d48,af928aaa-59f6-4056-ab3b-f9dcd1ac3aa4,
459395,431e1d54-8ed7-4c8e-bd76-4aa40a049d48,c415e974-0993-4a38-af16-caf9c7330113,
459404,431e1d54-8ed7-4c8e-bd76-4aa40a049d48,22a008b4-b9bd-45de-a1e6-3c3f9d0d67a1,
459415,431e1d54-8ed7-4c8e-bd76-4aa40a049d48,4df4bf16-ae17-462f-8f08-d54c9155eea1,
459431,431e1d54-8ed7-4c8e-bd76-4aa40a049d48,3a9fbcaf-2ad7-495c-9a65-8e2485c6d76f,
459668,374d1ade-dda0-4f46-a1a7-cc594d325aa5,ecb4d09b-7f83-4b96-9596-74e087374223,
459674,374d1ade-dda0-4f46-a1a7-cc594d325aa5,de3527e5-ed46-41e0-9fb8-0166a9e21fe6,
459682,374d1ade-dda0-4f46-a1a7-cc594d325aa5,6355ee6d-2b7f-41ef-a572-680669f2c8e8,
459692,374d1ade-dda0-4f46-a1a7-cc594d325aa5,60abe2c3-a4a2-45a0-a1ac-6c050a23edc5,
459807,9a3323a1-c794-44d7-8af5-6f686416fe6f,9af8f6ea-f849-467f-852a-906c756939c5,
475911,d06174fc-52dc-4ee5-8354-9deefd04abe1,80a38c8e-29a8-4129-9cf8-4d45b712730c,
475914,d06174fc-52dc-4ee5-8354-9deefd04abe1,cd754558-e60b-4a7a-9aa5-4b729fb8add9,
476174,d06174fc-52dc-4ee5-8354-9deefd04abe1,d5328262-ba23-45e6-8fb1-b7ef77d100a1,
476181,d06174fc-52dc-4ee5-8354-9deefd04abe1,fd5a7845-2b68-403b-b2ac-31b26a2cf779,
476189,d06174fc-52dc-4ee5-8354-9deefd04abe1,c8e42b20-ae5c-4776-8eed-8b0bf6db4837,
476207,d06174fc-52dc-4ee5-8354-9deefd04abe1,70924c60-c63e-4e77-a26a-78d3724cf761,
476233,d06174fc-52dc-4ee5-8354-9deefd04abe1,595efe9c-c095-4374-ad95-2777b5604f37,
493015,5dc3e3e7-d693-4641-bde6-477d71c4ec64,a735fec1-1d34-456a-b46a-db3893f104db,
493021,5dc3e3e7-d693-4641-bde6-477d71c4ec64,0c0cc03b-31f2-43ba-b6f5-fdb2a834ca9c,
493023,5dc3e3e7-d693-4641-bde6-477d71c4ec64,6355ee6d-2b7f-41ef-a572-680669f2c8e8,
493046,5dc3e3e7-d693-4641-bde6-477d71c4ec64,ce4d4f46-2b0a-4a6e-9ab5-679659c5557a,
493048,5dc3e3e7-d693-4641-bde6-477d71c4ec64,f068c0bd-12be-4798-b721-3fecbfd6f223,
493057,5dc3e3e7-d693-4641-bde6-477d71c4ec64,66de2643-672c-42f4-aa55-0cb8af9bb980,
493061,5dc3e3e7-d693-4641-bde6-477d71c4ec64,e96b5f3d-1e36-4ce6-b1c1-d4a0d88a8fed,
493064,5dc3e3e7-d693-4641-bde6-477d71c4ec64,31eac5fd-2662-4c6b-8c19-c5278b07e200,
493071,5dc3e3e7-d693-4641-bde6-477d71c4ec64,21d3b7c7-03e3-4738-a154-50b6eb3355c0,
493079,5dc3e3e7-d693-4641-bde6-477d71c4ec64,dd5a21f8-7431-4713-ae6b-7b8bf03d74e0,
493082,5dc3e3e7-d693-4641-bde6-477d71c4ec64,52986aaa-9c04-4bfa-bfa1-4f19f07681cf,
493086,5dc3e3e7-d693-4641-bde6-477d71c4ec64,a10906f3-e68c-4d8e-8c66-6fac44c07739,
493087,5dc3e3e7-d693-4641-bde6-477d71c4ec64,e590bf7f-85cf-4979-85dc-4ec647c22bd4,
505607,227dbd41-7e13-4a40-8638-fb106b1f25c9,91da0873-3472-45a1-b50d-ce73f41b76fc,
505613,227dbd41-7e13-4a40-8638-fb106b1f25c9,54075dd7-1e64-4dc5-adbf-ca9b1721c08d,
505622,227dbd41-7e13-4a40-8638-fb106b1f25c9,cf789cda-d884-47fd-909c-89ad44ed15c8,
509730,ce6fdac9-1607-472a-8ba5-81329731048f,4deda364-678c-48ea-829a-a5c262f8083a,
509737,ce6fdac9-1607-472a-8ba5-81329731048f,3e8f638b-9280-49e7-82e8-bb295905f0dd,
509741,ce6fdac9-1607-472a-8ba5-81329731048f,ead78669-f157-494e-9345-a6a9d45ce623,
509871,037795e1-d851-4728-b5d0-04fee04280e2,7ce69f8f-5ae4-40c1-80b2-d8399f1edb64,
509872,037795e1-d851-4728-b5d0-04fee04280e2,8647de4f-acec-43b4-b80a-7d367b40d2d1,
509874,037795e1-d851-4728-b5d0-04fee04280e2,8c6748b0-8942-4ac3-8af2-95c9732c595c,
509875,037795e1-d851-4728-b5d0-04fee04280e2,771c01c2-a602-4d4c-a343-f35d6c78ec19,
509896,037795e1-d851-4728-b5d0-04fee04280e2,595efe9c-c095-4374-ad95-2777b5604f37,
509900,037795e1-d851-4728-b5d0-04fee04280e2,1493f341-3231-4c9c-950c-c623e9c53516,
510222,c21c456f-f079-43b8-b512-4e9224860a90,6355ee6d-2b7f-41ef-a572-680669f2c8e8,
510229,c21c456f-f079-43b8-b512-4e9224860a90,e96b5f3d-1e36-4ce6-b1c1-d4a0d88a8fed,
510235,c21c456f-f079-43b8-b512-4e9224860a90,848faff4-2437-43e4-b4ff-cd23fc286d2b,
510379,d5ac6b49-f18c-455f-968a-79132b504d44,affc71e8-ae23-49d1-b03c-15f85d55cb0a,
510383,d5ac6b49-f18c-455f-968a-79132b504d44,74927492-8cbb-4407-bdb9-f0925032cf04,
517410,91544de6-a030-42dc-983c-9a86a93763b8,71d0f202-9b7f-4b6f-87f9-c8067b01bc69,
517413,91544de6-a030-42dc-983c-9a86a93763b8,0cfa3824-713e-4f25-8114-33fd3e4c26db,
517425,91544de6-a030-42dc-983c-9a86a93763b8,54e2440f-5c63-4799-9c34-64ebd8412f6d,
517428,91544de6-a030-42dc-983c-9a86a93763b8,407eaedc-fe92-44a1-87e5-8e0b7d06c73a,
517439,91544de6-a030-42dc-983c-9a86a93763b8,adffde2c-6d40-443f-9e37-97a99f214c57,
517440,91544de6-a030-42dc-983c-9a86a93763b8,77068f6c-24b7-4f43-811a-8c868027d248,
517443,91544de6-a030-42dc-983c-9a86a93763b8,0b4e5344-ae6a-4942-bf67-293a0b305e6f,
517451,91544de6-a030-42dc-983c-9a86a93763b8,f3ca58cb-dfc6-4de1-940a-43154284ff55,
517458,91544de6-a030-42dc-983c-9a86a93763b8,54312981-5301-421f-94cd-85781227e1a5,
517460,91544de6-a030-42dc-983c-9a86a93763b8,c4823188-e9e7-4f73-8b6b-c198de6e9ef3,
517463,91544de6-a030-42dc-983c-9a86a93763b8,eecdebfc-1721-4d03-8a68-a0c5f7e16a6f,
517482,91544de6-a030-42dc-983c-9a86a93763b8,2f4704f7-0ab5-4e83-8ef4-321cbc511edd,
517488,91544de6-a030-42dc-983c-9a86a93763b8,d61092eb-216c-4c4f-b9c8-85a0fef2b465,
517497,91544de6-a030-42dc-983c-9a86a93763b8,bb96e002-c392-47f2-b85d-6d1d818b2b6b,
517507,91544de6-a030-42dc-983c-9a86a93763b8,490951fb-0ec8-4df9-9d38-c284dcfa416b,
517512,91544de6-a030-42dc-983c-9a86a93763b8,74084c98-30a8-4eca-824a-121bab8f4efd,
517523,91544de6-a030-42dc-983c-9a86a93763b8,b050aa92-a5b9-4475-a70c-108740d18db3,
517524,91544de6-a030-42dc-983c-9a86a93763b8,17ab27bc-dd83-46b0-a56d-ba78b41ee803,
517526,91544de6-a030-42dc-983c-9a86a93763b8,d7a80cab-a8ed-4e70-8d6a-8531ecd2d9d7,
517528,91544de6-a030-42dc-983c-9a86a93763b8,3d5cb070-206a-48f1-838f-3b63ebf079fc,
522746,e4414ea0-e48c-4f28-a7d9-3c788bed747e,5a9c9653-08d2-47df-b6b0-475855d5267a,
522747,e4414ea0-e48c-4f28-a7d9-3c788bed747e,7ce69f8f-5ae4-40c1-80b2-d8399f1edb64,
437994,6ec94687-b5f2-4ea5-ad5b-a9152f93b423,1493f341-3231-4c9c-950c-c623e9c53516,
771217,4f5f8cd2-f23c-4ebf-9fc2-ebb5d0ac0d53,00356f48-595c-4084-904a-814b6f9d0ba3,2024-03-18 12:14:13.142
771218,4f5f8cd2-f23c-4ebf-9fc2-ebb5d0ac0d53,024da722-c25d-4e61-8743-02e2d42cfa2d,2024-03-18 12:52:53.428
771225,4f5f8cd2-f23c-4ebf-9fc2-ebb5d0ac0d53,19903d5a-b968-41d5-a557-e322ab77775c,2024-03-18 12:12:04.296
771226,4f5f8cd2-f23c-4ebf-9fc2-ebb5d0ac0d53,19f25aed-8bd0-4a94-bd0b-e41319cad84b,2024-03-18 12:36:03.799
771249,4f5f8cd2-f23c-4ebf-9fc2-ebb5d0ac0d53,890bbdc6-355f-4085-be84-b1241cce563b,2024-03-18 12:27:35.740
771255,4f5f8cd2-f23c-4ebf-9fc2-ebb5d0ac0d53,94090340-8427-4771-8ce4-a9554325ff9c,2024-03-18 12:31:31.460
771257,4f5f8cd2-f23c-4ebf-9fc2-ebb5d0ac0d53,968f5f5c-eef0-454b-b390-1ae709a44463,2024-03-18 12:53:16.357
771272,4f5f8cd2-f23c-4ebf-9fc2-ebb5d0ac0d53,c08dace1-f725-4727-a097-d0469c5b56a5,2024-03-18 12:21:47.330
771276,4f5f8cd2-f23c-4ebf-9fc2-ebb5d0ac0d53,d2bba77c-7341-4e41-9de4-2ea193187c34,2024-03-18 12:59:02.927
459687,374d1ade-dda0-4f46-a1a7-cc594d325aa5,ead78669-f157-494e-9345-a6a9d45ce623,
459688,374d1ade-dda0-4f46-a1a7-cc594d325aa5,e590bf7f-85cf-4979-85dc-4ec647c22bd4,
459689,374d1ade-dda0-4f46-a1a7-cc594d325aa5,6e05d9d5-6117-4125-9f4f-e822e8849b14,
459699,374d1ade-dda0-4f46-a1a7-cc594d325aa5,0c0cc03b-31f2-43ba-b6f5-fdb2a834ca9c,
459701,374d1ade-dda0-4f46-a1a7-cc594d325aa5,65abafdc-a9b7-4f94-83ec-4bb255e44ec1,
459808,9a3323a1-c794-44d7-8af5-6f686416fe6f,7f50ed19-0295-441d-be5c-b231333ed4df,
475918,d06174fc-52dc-4ee5-8354-9deefd04abe1,a080d453-0391-4fc0-a77a-0c6e2ccad31c,
476177,d06174fc-52dc-4ee5-8354-9deefd04abe1,21d3b7c7-03e3-4738-a154-50b6eb3355c0,
476182,d06174fc-52dc-4ee5-8354-9deefd04abe1,8359768c-46c9-42c5-83ab-58c32b1913ca,
476183,d06174fc-52dc-4ee5-8354-9deefd04abe1,366a60c1-30e1-4940-bf1d-c16f4fe91684,
476187,d06174fc-52dc-4ee5-8354-9deefd04abe1,4c8610c6-8f50-4673-9e16-e74aaccd83ec,
476191,d06174fc-52dc-4ee5-8354-9deefd04abe1,f161da6c-1ac0-4ae0-a5ac-6a2e60cf25dd,
476197,d06174fc-52dc-4ee5-8354-9deefd04abe1,2990acf6-d45e-490e-a3c3-cf58884af2ab,
476217,d06174fc-52dc-4ee5-8354-9deefd04abe1,65abafdc-a9b7-4f94-83ec-4bb255e44ec1,
476220,d06174fc-52dc-4ee5-8354-9deefd04abe1,6e05d9d5-6117-4125-9f4f-e822e8849b14,
476221,d06174fc-52dc-4ee5-8354-9deefd04abe1,417225e4-d671-486f-853e-685e0fa8c4d1,
476225,d06174fc-52dc-4ee5-8354-9deefd04abe1,85dba3b1-819b-4c61-b64c-9584d64f9236,
476228,d06174fc-52dc-4ee5-8354-9deefd04abe1,5b34f6b4-21f5-4ead-b8db-21a17ba34064,
476241,d06174fc-52dc-4ee5-8354-9deefd04abe1,1493f341-3231-4c9c-950c-c623e9c53516,
493008,5dc3e3e7-d693-4641-bde6-477d71c4ec64,948ac2a7-1ca1-4ac8-8d25-7c93a0f6e5b6,
493009,5dc3e3e7-d693-4641-bde6-477d71c4ec64,3e8f638b-9280-49e7-82e8-bb295905f0dd,
493011,5dc3e3e7-d693-4641-bde6-477d71c4ec64,a404061e-eb28-4c3f-9e67-13926644ca07,
493022,5dc3e3e7-d693-4641-bde6-477d71c4ec64,80a38c8e-29a8-4129-9cf8-4d45b712730c,
493030,5dc3e3e7-d693-4641-bde6-477d71c4ec64,d105e5cb-b6f8-4b0d-88cd-281fc47e0217,
493033,5dc3e3e7-d693-4641-bde6-477d71c4ec64,ee190171-ca2b-4a88-9a71-86024433464c,
493059,5dc3e3e7-d693-4641-bde6-477d71c4ec64,a080d453-0391-4fc0-a77a-0c6e2ccad31c,
493073,5dc3e3e7-d693-4641-bde6-477d71c4ec64,7ce69f8f-5ae4-40c1-80b2-d8399f1edb64,
493088,5dc3e3e7-d693-4641-bde6-477d71c4ec64,cd754558-e60b-4a7a-9aa5-4b729fb8add9,
493094,5dc3e3e7-d693-4641-bde6-477d71c4ec64,c6606413-32f6-48c4-bd0c-e975206ecfa6,
505602,227dbd41-7e13-4a40-8638-fb106b1f25c9,5da9847e-86bb-4739-886e-99a1a2b37a39,
505603,227dbd41-7e13-4a40-8638-fb106b1f25c9,1b52fe86-cc44-4e4c-bee1-43a8509691b9,
505605,227dbd41-7e13-4a40-8638-fb106b1f25c9,63045f85-41d1-474e-bef0-adbc44b63099,
505610,227dbd41-7e13-4a40-8638-fb106b1f25c9,218bd92e-ebd1-4a38-b41f-16ad4f9033e7,
505617,227dbd41-7e13-4a40-8638-fb106b1f25c9,08f88e1f-7ee3-4c52-8876-47902e75bfc6,
505627,227dbd41-7e13-4a40-8638-fb106b1f25c9,888c2139-771a-470e-a2ba-97ab06263b60,
509876,037795e1-d851-4728-b5d0-04fee04280e2,4c8610c6-8f50-4673-9e16-e74aaccd83ec,
509879,037795e1-d851-4728-b5d0-04fee04280e2,b299fe63-d3b1-4679-9697-3f264bd6a42f,
509885,037795e1-d851-4728-b5d0-04fee04280e2,9752003e-df4a-483c-ac38-ca254b62cb3a,
509894,037795e1-d851-4728-b5d0-04fee04280e2,d4275e18-239e-4fda-a44b-647e248a73e2,
510203,c21c456f-f079-43b8-b512-4e9224860a90,af928aaa-59f6-4056-ab3b-f9dcd1ac3aa4,
510206,c21c456f-f079-43b8-b512-4e9224860a90,e90a213d-9214-47b8-97c5-b8f6516ee30d,
510212,c21c456f-f079-43b8-b512-4e9224860a90,c8e42b20-ae5c-4776-8eed-8b0bf6db4837,
510223,c21c456f-f079-43b8-b512-4e9224860a90,db8e96cd-8a53-43b8-a241-6cebe548edc1,
510224,c21c456f-f079-43b8-b512-4e9224860a90,66de2643-672c-42f4-aa55-0cb8af9bb980,
510225,c21c456f-f079-43b8-b512-4e9224860a90,2cc23a10-8a6c-4815-81e9-5c71c7a77914,
510228,c21c456f-f079-43b8-b512-4e9224860a90,417225e4-d671-486f-853e-685e0fa8c4d1,
510234,c21c456f-f079-43b8-b512-4e9224860a90,5b34f6b4-21f5-4ead-b8db-21a17ba34064,
517415,91544de6-a030-42dc-983c-9a86a93763b8,98665798-dd78-4998-895f-085627726723,
517422,91544de6-a030-42dc-983c-9a86a93763b8,325eb7e4-b176-4975-8c84-5d4579ee847f,
517466,91544de6-a030-42dc-983c-9a86a93763b8,a2131a21-46fb-4f5e-97eb-8572656b13b5,
517475,91544de6-a030-42dc-983c-9a86a93763b8,2b8f33e6-c262-4e13-89a5-ad6f60c10e4b,
517476,91544de6-a030-42dc-983c-9a86a93763b8,817b566c-d929-4166-97f3-b4131f9a439e,
517480,91544de6-a030-42dc-983c-9a86a93763b8,0c2cbea2-9b54-48b6-a255-46a526300542,
517508,91544de6-a030-42dc-983c-9a86a93763b8,a821368e-b667-4708-868f-e5d1d372d8e3,
517515,91544de6-a030-42dc-983c-9a86a93763b8,e16ffb1b-58ea-448d-bdd5-b6031b803ad2,
517519,91544de6-a030-42dc-983c-9a86a93763b8,a694373f-b174-4894-9cd6-698944cef4b3,
517533,91544de6-a030-42dc-983c-9a86a93763b8,1afce454-f7ae-40e2-9377-29f189fe0083,
517543,91544de6-a030-42dc-983c-9a86a93763b8,fa0b5f4f-42aa-486e-9edc-296fe52ae400,
517544,91544de6-a030-42dc-983c-9a86a93763b8,c5363393-d5e9-4872-a524-8ccced4cb9f0,
517549,91544de6-a030-42dc-983c-9a86a93763b8,157ee08f-816e-4235-8b88-a50e9d231a14,
517553,91544de6-a030-42dc-983c-9a86a93763b8,4d644097-211d-4078-9e08-8d6ff60dc5fd,
522751,e4414ea0-e48c-4f28-a7d9-3c788bed747e,4c8610c6-8f50-4673-9e16-e74aaccd83ec,
522754,e4414ea0-e48c-4f28-a7d9-3c788bed747e,dbe16846-6952-4102-bf02-b1c8c8321952,
522755,e4414ea0-e48c-4f28-a7d9-3c788bed747e,f161da6c-1ac0-4ae0-a5ac-6a2e60cf25dd,
522782,e4414ea0-e48c-4f28-a7d9-3c788bed747e,49122c85-c7e7-4c14-b789-01facd490b2b,
522792,e4414ea0-e48c-4f28-a7d9-3c788bed747e,c6606413-32f6-48c4-bd0c-e975206ecfa6,
522943,a05a9e24-d530-4a7e-b9ca-e5943cbedabd,21d3b7c7-03e3-4738-a154-50b6eb3355c0,
522948,a05a9e24-d530-4a7e-b9ca-e5943cbedabd,c8e42b20-ae5c-4776-8eed-8b0bf6db4837,
522958,a05a9e24-d530-4a7e-b9ca-e5943cbedabd,6355ee6d-2b7f-41ef-a572-680669f2c8e8,
522963,a05a9e24-d530-4a7e-b9ca-e5943cbedabd,6e05d9d5-6117-4125-9f4f-e822e8849b14,
522967,a05a9e24-d530-4a7e-b9ca-e5943cbedabd,e3824554-5f89-43a0-96ca-e64b62e6143b,
523653,7852e91b-45db-4585-9fb9-2830ada5350d,344288e3-285e-457c-85f6-b89ad642fb40,
510380,d5ac6b49-f18c-455f-968a-79132b504d44,7f50ed19-0295-441d-be5c-b231333ed4df,
517453,91544de6-a030-42dc-983c-9a86a93763b8,b046a593-a952-4b95-af2e-78c94e77e3d6,
517459,91544de6-a030-42dc-983c-9a86a93763b8,ab7d9a4a-a3f4-489c-95f6-11ed678549b0,
517465,91544de6-a030-42dc-983c-9a86a93763b8,b676c359-5cc0-4f2f-b58f-377d679b4124,
517493,91544de6-a030-42dc-983c-9a86a93763b8,e687fdc4-f885-44f2-9fc0-825602ab3158,
517499,91544de6-a030-42dc-983c-9a86a93763b8,44f4590e-5c01-43f9-8ca9-c1612bc47d5b,
517500,91544de6-a030-42dc-983c-9a86a93763b8,b30ecc30-110f-4d65-893e-343ef12b8fe0,
517501,91544de6-a030-42dc-983c-9a86a93763b8,c6b54f25-d981-48ec-9688-e054cc3247a6,
517509,91544de6-a030-42dc-983c-9a86a93763b8,a4236c6f-f859-4557-95d7-939805fc4c6d,
517527,91544de6-a030-42dc-983c-9a86a93763b8,12356013-1e9f-452e-9cd8-944d0d18661b,
517537,91544de6-a030-42dc-983c-9a86a93763b8,cdd1a945-2f2e-4e8e-b802-7c7b50a326fe,
517538,91544de6-a030-42dc-983c-9a86a93763b8,3dbc8f17-1d17-4c76-9bb1-9526dbea57eb,
517541,91544de6-a030-42dc-983c-9a86a93763b8,8f780568-89e4-445b-a650-d63a53796cb1,
517550,91544de6-a030-42dc-983c-9a86a93763b8,a05c4d98-4083-4591-b168-f13b68fb3716,
517554,91544de6-a030-42dc-983c-9a86a93763b8,e134f42f-b4b1-4c33-9919-e87ffe054202,
517556,91544de6-a030-42dc-983c-9a86a93763b8,d03c4cdf-f657-4673-af80-115ec8a5ec0c,
517560,91544de6-a030-42dc-983c-9a86a93763b8,70c47b6e-be9e-4621-8043-39f473c80abf,
517561,91544de6-a030-42dc-983c-9a86a93763b8,f86db5a5-8383-4e08-b700-96a68ef1e36c,
522743,e4414ea0-e48c-4f28-a7d9-3c788bed747e,e372da76-027c-47f6-a629-7bd21120a292,
522744,e4414ea0-e48c-4f28-a7d9-3c788bed747e,c415e974-0993-4a38-af16-caf9c7330113,
522758,e4414ea0-e48c-4f28-a7d9-3c788bed747e,f068c0bd-12be-4798-b721-3fecbfd6f223,
522759,e4414ea0-e48c-4f28-a7d9-3c788bed747e,3e8f638b-9280-49e7-82e8-bb295905f0dd,
522760,e4414ea0-e48c-4f28-a7d9-3c788bed747e,b299fe63-d3b1-4679-9697-3f264bd6a42f,
522761,e4414ea0-e48c-4f28-a7d9-3c788bed747e,8b9c0475-b9bc-4ba3-9502-ccd88983b7eb,
522764,e4414ea0-e48c-4f28-a7d9-3c788bed747e,4df4bf16-ae17-462f-8f08-d54c9155eea1,
522771,e4414ea0-e48c-4f28-a7d9-3c788bed747e,9752003e-df4a-483c-ac38-ca254b62cb3a,
522772,e4414ea0-e48c-4f28-a7d9-3c788bed747e,c26a3485-77a8-4cc6-a174-9888a89537e1,
522773,e4414ea0-e48c-4f28-a7d9-3c788bed747e,a080d453-0391-4fc0-a77a-0c6e2ccad31c,
522783,e4414ea0-e48c-4f28-a7d9-3c788bed747e,85dba3b1-819b-4c61-b64c-9584d64f9236,
522791,e4414ea0-e48c-4f28-a7d9-3c788bed747e,96b9f38e-c600-4cc4-ae8b-025b579bb6af,
522944,a05a9e24-d530-4a7e-b9ca-e5943cbedabd,ecb4d09b-7f83-4b96-9596-74e087374223,
522955,a05a9e24-d530-4a7e-b9ca-e5943cbedabd,e7881883-ad23-45b4-9d6f-d1ab18c297d9,
522962,a05a9e24-d530-4a7e-b9ca-e5943cbedabd,e590bf7f-85cf-4979-85dc-4ec647c22bd4,
522965,a05a9e24-d530-4a7e-b9ca-e5943cbedabd,e96b5f3d-1e36-4ce6-b1c1-d4a0d88a8fed,
522968,a05a9e24-d530-4a7e-b9ca-e5943cbedabd,c053432e-39c6-432c-b00a-701ea8574551,
522970,a05a9e24-d530-4a7e-b9ca-e5943cbedabd,5b34f6b4-21f5-4ead-b8db-21a17ba34064,
530526,59fc3098-63a0-4143-991c-751226583716,4db75807-35e2-485f-a7b2-612e30fec7be,
530529,59fc3098-63a0-4143-991c-751226583716,9a51e268-9319-4753-93c9-988ca6643094,
530533,59fc3098-63a0-4143-991c-751226583716,1e4c1a5b-fdf3-4a86-a5e6-fb3ed7a43b25,
530534,59fc3098-63a0-4143-991c-751226583716,447091a5-26c1-4bd2-9d54-fc7229758fbb,
530538,59fc3098-63a0-4143-991c-751226583716,01b47142-7324-479e-8ce9-07b941d6c2fa,
530541,59fc3098-63a0-4143-991c-751226583716,203b30a2-6f9e-47a0-9da8-e7fa3c996eea,
530657,d3afb79f-1b5d-42e5-bb37-fa278f5534e3,22a008b4-b9bd-45de-a1e6-3c3f9d0d67a1,
530668,d3afb79f-1b5d-42e5-bb37-fa278f5534e3,dd5a21f8-7431-4713-ae6b-7b8bf03d74e0,
531135,079ff7d2-0124-4d01-8bb6-d2c00973dd28,9752003e-df4a-483c-ac38-ca254b62cb3a,
531815,079ff7d2-0124-4d01-8bb6-d2c00973dd28,948ac2a7-1ca1-4ac8-8d25-7c93a0f6e5b6,
531816,079ff7d2-0124-4d01-8bb6-d2c00973dd28,de3527e5-ed46-41e0-9fb8-0166a9e21fe6,
531820,079ff7d2-0124-4d01-8bb6-d2c00973dd28,65f487a5-84e6-477b-a155-72076465193a,
531826,079ff7d2-0124-4d01-8bb6-d2c00973dd28,66de2643-672c-42f4-aa55-0cb8af9bb980,
531837,079ff7d2-0124-4d01-8bb6-d2c00973dd28,5b34f6b4-21f5-4ead-b8db-21a17ba34064,
531841,079ff7d2-0124-4d01-8bb6-d2c00973dd28,4bfe6032-bbe1-485e-8b29-2aa4a92ee6f1,
547107,2b51cadd-eaec-40ec-931b-78eed6069276,f5756d9b-968b-4514-ba6a-73fddae62f20,
547113,2b51cadd-eaec-40ec-931b-78eed6069276,8d33ddcf-e011-4c86-87fb-b6e45db15bc6,
547116,2b51cadd-eaec-40ec-931b-78eed6069276,4f15ba63-564a-49b5-bd06-187bca782273,
547118,2b51cadd-eaec-40ec-931b-78eed6069276,325eb7e4-b176-4975-8c84-5d4579ee847f,
547128,2b51cadd-eaec-40ec-931b-78eed6069276,514a09a0-717a-4891-97c9-d8fffd0163ce,
547130,2b51cadd-eaec-40ec-931b-78eed6069276,609bb931-fb2f-4236-9be4-dde6f6061aa5,
547140,2b51cadd-eaec-40ec-931b-78eed6069276,fffd1f96-ac35-48d5-8fba-2abf682c23a2,
547151,2b51cadd-eaec-40ec-931b-78eed6069276,9802cabc-4f24-4452-9029-d5bc8f5ee7f7,
547157,2b51cadd-eaec-40ec-931b-78eed6069276,cd4edef4-67ec-425d-8cf4-2d8c827043a0,
547162,2b51cadd-eaec-40ec-931b-78eed6069276,a2131a21-46fb-4f5e-97eb-8572656b13b5,
547166,2b51cadd-eaec-40ec-931b-78eed6069276,9d0a4414-f0cd-417a-b806-3718101636e0,
547168,2b51cadd-eaec-40ec-931b-78eed6069276,0e506764-c4e0-45fc-a47a-71196819ccf8,
547175,2b51cadd-eaec-40ec-931b-78eed6069276,0c2cbea2-9b54-48b6-a255-46a526300542,
547180,2b51cadd-eaec-40ec-931b-78eed6069276,5902ff4e-3a0a-4272-84cf-c15cf171b168,
547189,2b51cadd-eaec-40ec-931b-78eed6069276,1ea18cd5-9904-4ad1-86db-26b0c4aa9a96,
547199,2b51cadd-eaec-40ec-931b-78eed6069276,8d717b40-9f9d-463e-b7e3-e7c788fac928,
547211,2b51cadd-eaec-40ec-931b-78eed6069276,e16ffb1b-58ea-448d-bdd5-b6031b803ad2,
547221,2b51cadd-eaec-40ec-931b-78eed6069276,cfdfb14a-3366-4c5b-8864-1d42fed2f880,
547229,2b51cadd-eaec-40ec-931b-78eed6069276,1afce454-f7ae-40e2-9377-29f189fe0083,
547237,2b51cadd-eaec-40ec-931b-78eed6069276,8f780568-89e4-445b-a650-d63a53796cb1,
564059,d6d08cb9-7d83-475c-954e-c54f38ccae75,ead07cf1-8194-478d-a480-be209599e95e,
564061,d6d08cb9-7d83-475c-954e-c54f38ccae75,d5328262-ba23-45e6-8fb1-b7ef77d100a1,
564062,d6d08cb9-7d83-475c-954e-c54f38ccae75,e90a213d-9214-47b8-97c5-b8f6516ee30d,
564067,d6d08cb9-7d83-475c-954e-c54f38ccae75,f161da6c-1ac0-4ae0-a5ac-6a2e60cf25dd,
564069,d6d08cb9-7d83-475c-954e-c54f38ccae75,ce4d4f46-2b0a-4a6e-9ab5-679659c5557a,
564081,d6d08cb9-7d83-475c-954e-c54f38ccae75,70924c60-c63e-4e77-a26a-78d3724cf761,
564090,d6d08cb9-7d83-475c-954e-c54f38ccae75,3a9fbcaf-2ad7-495c-9a65-8e2485c6d76f,
564112,d6d08cb9-7d83-475c-954e-c54f38ccae75,4c8610c6-8f50-4673-9e16-e74aaccd83ec,
564118,d6d08cb9-7d83-475c-954e-c54f38ccae75,d105e5cb-b6f8-4b0d-88cd-281fc47e0217,
564119,d6d08cb9-7d83-475c-954e-c54f38ccae75,e7881883-ad23-45b4-9d6f-d1ab18c297d9,
564121,d6d08cb9-7d83-475c-954e-c54f38ccae75,a3c8002c-90b9-4997-a3ec-44db850810d2,
749870,c7f6b323-1906-475d-a913-ca685047e5c6,ead07cf1-8194-478d-a480-be209599e95e,2024-02-16 10:30:31.275
437927,6ec94687-b5f2-4ea5-ad5b-a9152f93b423,771c01c2-a602-4d4c-a343-f35d6c78ec19,
437928,6ec94687-b5f2-4ea5-ad5b-a9152f93b423,22a008b4-b9bd-45de-a1e6-3c3f9d0d67a1,
437933,6ec94687-b5f2-4ea5-ad5b-a9152f93b423,ee190171-ca2b-4a88-9a71-86024433464c,
437938,6ec94687-b5f2-4ea5-ad5b-a9152f93b423,d4275e18-239e-4fda-a44b-647e248a73e2,
437950,6ec94687-b5f2-4ea5-ad5b-a9152f93b423,2990acf6-d45e-490e-a3c3-cf58884af2ab,
437951,6ec94687-b5f2-4ea5-ad5b-a9152f93b423,7b7a7362-09be-4ab1-8de1-f0241d79eb80,
437953,6ec94687-b5f2-4ea5-ad5b-a9152f93b423,65f487a5-84e6-477b-a155-72076465193a,
437958,6ec94687-b5f2-4ea5-ad5b-a9152f93b423,9752003e-df4a-483c-ac38-ca254b62cb3a,
437969,6ec94687-b5f2-4ea5-ad5b-a9152f93b423,a4e4c0c0-632c-43f9-8421-8fe59205c796,
437973,6ec94687-b5f2-4ea5-ad5b-a9152f93b423,fd5a7845-2b68-403b-b2ac-31b26a2cf779,
437984,6ec94687-b5f2-4ea5-ad5b-a9152f93b423,2cc23a10-8a6c-4815-81e9-5c71c7a77914,
771230,4f5f8cd2-f23c-4ebf-9fc2-ebb5d0ac0d53,307b42c4-ba6f-4361-9511-29ebce090e25,2024-03-18 12:31:14.880
771234,4f5f8cd2-f23c-4ebf-9fc2-ebb5d0ac0d53,3b4ca14d-4bd1-4655-a954-61436997b82d,2024-03-18 12:35:42.005
771237,4f5f8cd2-f23c-4ebf-9fc2-ebb5d0ac0d53,506b5e94-7906-47ae-8bf6-db24f0ccb7ab,2024-03-18 12:49:41.103
771246,4f5f8cd2-f23c-4ebf-9fc2-ebb5d0ac0d53,6ede8a2a-cd50-4fcc-937d-7c2625252e40,2024-03-18 12:06:51.662
771256,4f5f8cd2-f23c-4ebf-9fc2-ebb5d0ac0d53,94ae49e1-2054-4804-8a04-743ee2855d09,2024-03-18 12:18:36.510
771262,4f5f8cd2-f23c-4ebf-9fc2-ebb5d0ac0d53,9e810985-cab7-43af-ab09-ff946d35d20d,2024-03-18 12:23:13.073
771280,4f5f8cd2-f23c-4ebf-9fc2-ebb5d0ac0d53,e0ccf100-0c22-468e-bce0-20eaaaf1dc14,2024-03-18 12:45:33.003
771282,4f5f8cd2-f23c-4ebf-9fc2-ebb5d0ac0d53,e95788eb-0432-4cc9-a4b8-e31726343f17,2024-03-18 12:30:03.564
459402,431e1d54-8ed7-4c8e-bd76-4aa40a049d48,4c8610c6-8f50-4673-9e16-e74aaccd83ec,
459410,431e1d54-8ed7-4c8e-bd76-4aa40a049d48,3e8f638b-9280-49e7-82e8-bb295905f0dd,
459416,431e1d54-8ed7-4c8e-bd76-4aa40a049d48,dd5a21f8-7431-4713-ae6b-7b8bf03d74e0,
459418,431e1d54-8ed7-4c8e-bd76-4aa40a049d48,86713e67-6161-41a8-95f8-f95c594dbb50,
459421,431e1d54-8ed7-4c8e-bd76-4aa40a049d48,429ecd7c-7c76-4a7e-8ea2-a84b6db136b4,
459424,431e1d54-8ed7-4c8e-bd76-4aa40a049d48,c26a3485-77a8-4cc6-a174-9888a89537e1,
459669,374d1ade-dda0-4f46-a1a7-cc594d325aa5,fd5a7845-2b68-403b-b2ac-31b26a2cf779,
459672,374d1ade-dda0-4f46-a1a7-cc594d325aa5,c8e42b20-ae5c-4776-8eed-8b0bf6db4837,
459696,374d1ade-dda0-4f46-a1a7-cc594d325aa5,5b34f6b4-21f5-4ead-b8db-21a17ba34064,
459697,374d1ade-dda0-4f46-a1a7-cc594d325aa5,848faff4-2437-43e4-b4ff-cd23fc286d2b,
459700,374d1ade-dda0-4f46-a1a7-cc594d325aa5,4bfe6032-bbe1-485e-8b29-2aa4a92ee6f1,
475916,d06174fc-52dc-4ee5-8354-9deefd04abe1,f068c0bd-12be-4798-b721-3fecbfd6f223,
476173,d06174fc-52dc-4ee5-8354-9deefd04abe1,c415e974-0993-4a38-af16-caf9c7330113,
476176,d06174fc-52dc-4ee5-8354-9deefd04abe1,e90a213d-9214-47b8-97c5-b8f6516ee30d,
476198,d06174fc-52dc-4ee5-8354-9deefd04abe1,7b7a7362-09be-4ab1-8de1-f0241d79eb80,
476200,d06174fc-52dc-4ee5-8354-9deefd04abe1,04f40950-8f7b-4a22-a185-b632991f5d1a,
476202,d06174fc-52dc-4ee5-8354-9deefd04abe1,b8fef6d0-3114-4471-8203-fe0b324cf97b,
476204,d06174fc-52dc-4ee5-8354-9deefd04abe1,d105e5cb-b6f8-4b0d-88cd-281fc47e0217,
476209,d06174fc-52dc-4ee5-8354-9deefd04abe1,db8e96cd-8a53-43b8-a241-6cebe548edc1,
476210,d06174fc-52dc-4ee5-8354-9deefd04abe1,66de2643-672c-42f4-aa55-0cb8af9bb980,
476227,d06174fc-52dc-4ee5-8354-9deefd04abe1,31eac5fd-2662-4c6b-8c19-c5278b07e200,
476240,d06174fc-52dc-4ee5-8354-9deefd04abe1,6355ee6d-2b7f-41ef-a572-680669f2c8e8,
493013,5dc3e3e7-d693-4641-bde6-477d71c4ec64,4df4bf16-ae17-462f-8f08-d54c9155eea1,
493016,5dc3e3e7-d693-4641-bde6-477d71c4ec64,6e05d9d5-6117-4125-9f4f-e822e8849b14,
493019,5dc3e3e7-d693-4641-bde6-477d71c4ec64,6f4331c8-c8f0-4235-a5e9-f26b2b3cf2a5,
493035,5dc3e3e7-d693-4641-bde6-477d71c4ec64,60abe2c3-a4a2-45a0-a1ac-6c050a23edc5,
493039,5dc3e3e7-d693-4641-bde6-477d71c4ec64,595efe9c-c095-4374-ad95-2777b5604f37,
493047,5dc3e3e7-d693-4641-bde6-477d71c4ec64,de3527e5-ed46-41e0-9fb8-0166a9e21fe6,
493050,5dc3e3e7-d693-4641-bde6-477d71c4ec64,2990acf6-d45e-490e-a3c3-cf58884af2ab,
493060,5dc3e3e7-d693-4641-bde6-477d71c4ec64,6ec13b00-476e-4ff1-8735-3ab79b4fb9a5,
493062,5dc3e3e7-d693-4641-bde6-477d71c4ec64,74927492-8cbb-4407-bdb9-f0925032cf04,
493085,5dc3e3e7-d693-4641-bde6-477d71c4ec64,2cc23a10-8a6c-4815-81e9-5c71c7a77914,
505608,227dbd41-7e13-4a40-8638-fb106b1f25c9,d2a853cd-413f-4703-a2e0-b2fc553248df,
509738,ce6fdac9-1607-472a-8ba5-81329731048f,a080d453-0391-4fc0-a77a-0c6e2ccad31c,
509870,037795e1-d851-4728-b5d0-04fee04280e2,5a9c9653-08d2-47df-b6b0-475855d5267a,
509884,037795e1-d851-4728-b5d0-04fee04280e2,d105e5cb-b6f8-4b0d-88cd-281fc47e0217,
510221,c21c456f-f079-43b8-b512-4e9224860a90,70924c60-c63e-4e77-a26a-78d3724cf761,
510230,c21c456f-f079-43b8-b512-4e9224860a90,60abe2c3-a4a2-45a0-a1ac-6c050a23edc5,
510233,c21c456f-f079-43b8-b512-4e9224860a90,9af8f6ea-f849-467f-852a-906c756939c5,
510236,c21c456f-f079-43b8-b512-4e9224860a90,6d2b90b8-67d7-428d-b09b-58f9a61f56eb,
517411,91544de6-a030-42dc-983c-9a86a93763b8,f5756d9b-968b-4514-ba6a-73fddae62f20,
517414,91544de6-a030-42dc-983c-9a86a93763b8,3d1b3af7-c6d8-4c75-8c67-24d5915c7e52,
517427,91544de6-a030-42dc-983c-9a86a93763b8,3b61ddb0-9951-4167-8bb0-f2db4c59310b,
517436,91544de6-a030-42dc-983c-9a86a93763b8,63c51867-4d23-4d84-acd8-a877a6011c36,
517437,91544de6-a030-42dc-983c-9a86a93763b8,2385368c-be13-407f-a0b2-cab178145872,
517457,91544de6-a030-42dc-983c-9a86a93763b8,f6e6742d-ed4f-46bb-afda-c6db63cbd496,
517462,91544de6-a030-42dc-983c-9a86a93763b8,b70f6e5c-a0a7-4b0b-9bed-ee37f5853c38,
517464,91544de6-a030-42dc-983c-9a86a93763b8,06ab4e04-1447-47a0-9a20-a6f7573939c5,
517469,91544de6-a030-42dc-983c-9a86a93763b8,954fa3c1-0176-4379-9da9-fcbfa72336e6,
517472,91544de6-a030-42dc-983c-9a86a93763b8,0e506764-c4e0-45fc-a47a-71196819ccf8,
517491,91544de6-a030-42dc-983c-9a86a93763b8,5fb45706-4255-438a-a5d8-29654eb650b1,
517494,91544de6-a030-42dc-983c-9a86a93763b8,1ea18cd5-9904-4ad1-86db-26b0c4aa9a96,
517498,91544de6-a030-42dc-983c-9a86a93763b8,4e682816-8f5e-404b-954a-af25eeeb20c7,
517511,91544de6-a030-42dc-983c-9a86a93763b8,77a8fede-fe53-4197-a802-58c5ebf0708d,
517514,91544de6-a030-42dc-983c-9a86a93763b8,11263207-d29d-489f-a5a7-6b568b52a877,
517521,91544de6-a030-42dc-983c-9a86a93763b8,6d596a9e-5671-4d92-aa86-a249ea51bada,
517532,91544de6-a030-42dc-983c-9a86a93763b8,b527a952-472b-4d32-8f0a-7a1b51230bdb,
517545,91544de6-a030-42dc-983c-9a86a93763b8,6e69a279-d52d-432d-a9cf-1531b4425c2f,
517555,91544de6-a030-42dc-983c-9a86a93763b8,480862f2-feb0-49b0-9497-5537f0dc2e43,
522769,e4414ea0-e48c-4f28-a7d9-3c788bed747e,52986aaa-9c04-4bfa-bfa1-4f19f07681cf,
522786,e4414ea0-e48c-4f28-a7d9-3c788bed747e,d4275e18-239e-4fda-a44b-647e248a73e2,
522949,a05a9e24-d530-4a7e-b9ca-e5943cbedabd,948ac2a7-1ca1-4ac8-8d25-7c93a0f6e5b6,
522750,e4414ea0-e48c-4f28-a7d9-3c788bed747e,771c01c2-a602-4d4c-a343-f35d6c78ec19,
522757,e4414ea0-e48c-4f28-a7d9-3c788bed747e,ce4d4f46-2b0a-4a6e-9ab5-679659c5557a,
522770,e4414ea0-e48c-4f28-a7d9-3c788bed747e,0543830f-d978-435f-a6d2-3affb01aa83c,
522774,e4414ea0-e48c-4f28-a7d9-3c788bed747e,2beefdc0-2da5-4ae5-9880-8b20ff078794,
522775,e4414ea0-e48c-4f28-a7d9-3c788bed747e,6ec13b00-476e-4ff1-8735-3ab79b4fb9a5,
522777,e4414ea0-e48c-4f28-a7d9-3c788bed747e,ead78669-f157-494e-9345-a6a9d45ce623,
522778,e4414ea0-e48c-4f28-a7d9-3c788bed747e,a10906f3-e68c-4d8e-8c66-6fac44c07739,
522787,e4414ea0-e48c-4f28-a7d9-3c788bed747e,6f4331c8-c8f0-4235-a5e9-f26b2b3cf2a5,
522793,e4414ea0-e48c-4f28-a7d9-3c788bed747e,1493f341-3231-4c9c-950c-c623e9c53516,
522940,a05a9e24-d530-4a7e-b9ca-e5943cbedabd,ead07cf1-8194-478d-a480-be209599e95e,
522941,a05a9e24-d530-4a7e-b9ca-e5943cbedabd,a4e4c0c0-632c-43f9-8421-8fe59205c796,
522942,a05a9e24-d530-4a7e-b9ca-e5943cbedabd,e90a213d-9214-47b8-97c5-b8f6516ee30d,
522946,a05a9e24-d530-4a7e-b9ca-e5943cbedabd,8359768c-46c9-42c5-83ab-58c32b1913ca,
522974,a05a9e24-d530-4a7e-b9ca-e5943cbedabd,4bfe6032-bbe1-485e-8b29-2aa4a92ee6f1,
522975,a05a9e24-d530-4a7e-b9ca-e5943cbedabd,65abafdc-a9b7-4f94-83ec-4bb255e44ec1,
530517,59fc3098-63a0-4143-991c-751226583716,6ece9069-1934-4c92-8796-7040873a14ee,
530521,59fc3098-63a0-4143-991c-751226583716,da5bc2f5-cb34-44f9-a63a-9eac68bcd422,
530522,59fc3098-63a0-4143-991c-751226583716,91da0873-3472-45a1-b50d-ce73f41b76fc,
530535,59fc3098-63a0-4143-991c-751226583716,2e563ecc-c663-443a-a3bb-759f257a3a84,
530659,d3afb79f-1b5d-42e5-bb37-fa278f5534e3,3a9fbcaf-2ad7-495c-9a65-8e2485c6d76f,
530662,d3afb79f-1b5d-42e5-bb37-fa278f5534e3,f068c0bd-12be-4798-b721-3fecbfd6f223,
530666,d3afb79f-1b5d-42e5-bb37-fa278f5534e3,4df4bf16-ae17-462f-8f08-d54c9155eea1,
531119,079ff7d2-0124-4d01-8bb6-d2c00973dd28,d5328262-ba23-45e6-8fb1-b7ef77d100a1,
531127,079ff7d2-0124-4d01-8bb6-d2c00973dd28,f161da6c-1ac0-4ae0-a5ac-6a2e60cf25dd,
531130,079ff7d2-0124-4d01-8bb6-d2c00973dd28,7b7a7362-09be-4ab1-8de1-f0241d79eb80,
531141,079ff7d2-0124-4d01-8bb6-d2c00973dd28,85dba3b1-819b-4c61-b64c-9584d64f9236,
531831,079ff7d2-0124-4d01-8bb6-d2c00973dd28,417225e4-d671-486f-853e-685e0fa8c4d1,
531842,079ff7d2-0124-4d01-8bb6-d2c00973dd28,65abafdc-a9b7-4f94-83ec-4bb255e44ec1,
547123,2b51cadd-eaec-40ec-931b-78eed6069276,3b61ddb0-9951-4167-8bb0-f2db4c59310b,
547126,2b51cadd-eaec-40ec-931b-78eed6069276,3d16d7df-2b91-4f74-9f77-9a334aea52ae,
547134,2b51cadd-eaec-40ec-931b-78eed6069276,491059e2-2ef6-4f1d-83ce-2d6511898780,
547150,2b51cadd-eaec-40ec-931b-78eed6069276,33a6e4d7-3dec-48b1-8024-5d1ddc66a318,
547152,2b51cadd-eaec-40ec-931b-78eed6069276,5d64573c-b720-4dca-a8b0-19744d9b4246,
547156,2b51cadd-eaec-40ec-931b-78eed6069276,c4823188-e9e7-4f73-8b6b-c198de6e9ef3,
547158,2b51cadd-eaec-40ec-931b-78eed6069276,b70f6e5c-a0a7-4b0b-9bed-ee37f5853c38,
547167,2b51cadd-eaec-40ec-931b-78eed6069276,291cfc74-2a98-4bc8-be88-92126d20968e,
547171,2b51cadd-eaec-40ec-931b-78eed6069276,2b8f33e6-c262-4e13-89a5-ad6f60c10e4b,
547173,2b51cadd-eaec-40ec-931b-78eed6069276,e1754e28-0e68-4d56-870e-727df663e608,
547183,2b51cadd-eaec-40ec-931b-78eed6069276,d61092eb-216c-4c4f-b9c8-85a0fef2b465,
547186,2b51cadd-eaec-40ec-931b-78eed6069276,5fb45706-4255-438a-a5d8-29654eb650b1,
547213,2b51cadd-eaec-40ec-931b-78eed6069276,1c0ac02e-1e62-4e52-a9d9-bbc379971ee1,
547214,2b51cadd-eaec-40ec-931b-78eed6069276,d1d93cc0-ab7a-443d-ba74-9ebb08cc075d,
547236,2b51cadd-eaec-40ec-931b-78eed6069276,f64ceb5c-5de6-42c0-b9d6-6b213626176d,
547245,2b51cadd-eaec-40ec-931b-78eed6069276,157ee08f-816e-4235-8b88-a50e9d231a14,
547247,2b51cadd-eaec-40ec-931b-78eed6069276,8091fa8e-1bbb-41fd-8b4f-ea355f640bc1,
547248,2b51cadd-eaec-40ec-931b-78eed6069276,9e7e0ecf-f0af-4557-9f88-53ea88c7b0ee,
547252,2b51cadd-eaec-40ec-931b-78eed6069276,d03c4cdf-f657-4673-af80-115ec8a5ec0c,
547254,2b51cadd-eaec-40ec-931b-78eed6069276,67616e0e-e6d2-43a2-9526-8b0a24e8e6b2,
547256,2b51cadd-eaec-40ec-931b-78eed6069276,70c47b6e-be9e-4621-8043-39f473c80abf,
547257,2b51cadd-eaec-40ec-931b-78eed6069276,f86db5a5-8383-4e08-b700-96a68ef1e36c,
564066,d6d08cb9-7d83-475c-954e-c54f38ccae75,c8e42b20-ae5c-4776-8eed-8b0bf6db4837,
564070,d6d08cb9-7d83-475c-954e-c54f38ccae75,de3527e5-ed46-41e0-9fb8-0166a9e21fe6,
564076,d6d08cb9-7d83-475c-954e-c54f38ccae75,8b9c0475-b9bc-4ba3-9502-ccd88983b7eb,
564078,d6d08cb9-7d83-475c-954e-c54f38ccae75,65f487a5-84e6-477b-a155-72076465193a,
564083,d6d08cb9-7d83-475c-954e-c54f38ccae75,9752003e-df4a-483c-ac38-ca254b62cb3a,
564088,d6d08cb9-7d83-475c-954e-c54f38ccae75,417225e4-d671-486f-853e-685e0fa8c4d1,
564108,d6d08cb9-7d83-475c-954e-c54f38ccae75,366a60c1-30e1-4940-bf1d-c16f4fe91684,
564111,d6d08cb9-7d83-475c-954e-c54f38ccae75,8c6748b0-8942-4ac3-8af2-95c9732c595c,
564117,d6d08cb9-7d83-475c-954e-c54f38ccae75,86713e67-6161-41a8-95f8-f95c594dbb50,
564127,d6d08cb9-7d83-475c-954e-c54f38ccae75,2cc23a10-8a6c-4815-81e9-5c71c7a77914,
564132,d6d08cb9-7d83-475c-954e-c54f38ccae75,60abe2c3-a4a2-45a0-a1ac-6c050a23edc5,
574195,00a3beb5-577c-401b-8da0-732d4367ddb8,76bd650b-ee38-480f-adbf-158e59b02bbc,
574198,00a3beb5-577c-401b-8da0-732d4367ddb8,2e563ecc-c663-443a-a3bb-759f257a3a84,
574204,00a3beb5-577c-401b-8da0-732d4367ddb8,d2a853cd-413f-4703-a2e0-b2fc553248df,
574206,00a3beb5-577c-401b-8da0-732d4367ddb8,203b30a2-6f9e-47a0-9da8-e7fa3c996eea,
195917,0c8d5a95-9632-4d12-b1a7-0af6da7f5e95,aaef8b89-3f92-4e01-af76-a83fcecfe24d,
195924,0c8d5a95-9632-4d12-b1a7-0af6da7f5e95,9fbc75c7-95a5-4223-af2b-fe49dbdebecc,
195929,0c8d5a95-9632-4d12-b1a7-0af6da7f5e95,9a9b9363-b686-4e83-98f9-b10345d17857,
195936,0c8d5a95-9632-4d12-b1a7-0af6da7f5e95,eb52a3f3-c890-4fd5-b34d-fb02216a103b,
195944,0c8d5a95-9632-4d12-b1a7-0af6da7f5e95,7cea2341-82f2-44a5-bbe5-db0fd8548fe7,
195954,0c8d5a95-9632-4d12-b1a7-0af6da7f5e95,7fa8f41a-e525-43cc-b219-e33af5f85ac4,
195960,0c8d5a95-9632-4d12-b1a7-0af6da7f5e95,5776f066-a82c-4f55-99be-d1e3be638c19,
195968,0c8d5a95-9632-4d12-b1a7-0af6da7f5e95,f7d8ae65-1bdd-4175-bdc7-a610e24b7b78,
195971,0c8d5a95-9632-4d12-b1a7-0af6da7f5e95,0bb32681-df31-45cf-a36d-ba2f828fe7ef,
195976,0c8d5a95-9632-4d12-b1a7-0af6da7f5e95,3dde5fe3-7132-49f8-8373-deae64b515a6,
196110,affa1a39-790c-4e9e-b8c0-08db50883d6d,ed295c2d-7cbe-4cd9-9aa2-8d0117558505,
196114,affa1a39-790c-4e9e-b8c0-08db50883d6d,f7100a7e-adb5-4969-b1d3-c0a7dfd6e2b0,
196130,affa1a39-790c-4e9e-b8c0-08db50883d6d,30af59e6-1ced-4d0b-82af-c1b2c3b8562b,
196134,affa1a39-790c-4e9e-b8c0-08db50883d6d,c9a0375a-6664-4bee-84dd-3a4bc874c716,
196138,affa1a39-790c-4e9e-b8c0-08db50883d6d,24961180-84c7-4b60-b86d-37c01b72f9b5,
196139,affa1a39-790c-4e9e-b8c0-08db50883d6d,b4ac2737-81b5-4900-9bd0-0d7b41381495,
196151,affa1a39-790c-4e9e-b8c0-08db50883d6d,3cbdf922-6d25-4a37-96de-2c76d8e27744,
517496,91544de6-a030-42dc-983c-9a86a93763b8,6e4902df-479d-4ff3-9275-17372a9bc576,
517520,91544de6-a030-42dc-983c-9a86a93763b8,301a1f85-f5c2-4263-b30b-f9434e1eb459,
517525,91544de6-a030-42dc-983c-9a86a93763b8,cfdfb14a-3366-4c5b-8864-1d42fed2f880,
517530,91544de6-a030-42dc-983c-9a86a93763b8,cf715f17-5105-48e1-a01a-a6bf60377258,
517536,91544de6-a030-42dc-983c-9a86a93763b8,c9cfd07f-691c-44f9-a79d-4baf6c9bb7a8,
517540,91544de6-a030-42dc-983c-9a86a93763b8,f64ceb5c-5de6-42c0-b9d6-6b213626176d,
517548,91544de6-a030-42dc-983c-9a86a93763b8,892169c8-5a97-4163-9496-da638ed93486,
517551,91544de6-a030-42dc-983c-9a86a93763b8,8091fa8e-1bbb-41fd-8b4f-ea355f640bc1,
522748,e4414ea0-e48c-4f28-a7d9-3c788bed747e,8647de4f-acec-43b4-b80a-7d367b40d2d1,
522762,e4414ea0-e48c-4f28-a7d9-3c788bed747e,7b7a7362-09be-4ab1-8de1-f0241d79eb80,
522766,e4414ea0-e48c-4f28-a7d9-3c788bed747e,b8fef6d0-3114-4471-8203-fe0b324cf97b,
522768,e4414ea0-e48c-4f28-a7d9-3c788bed747e,d105e5cb-b6f8-4b0d-88cd-281fc47e0217,
522790,e4414ea0-e48c-4f28-a7d9-3c788bed747e,80a38c8e-29a8-4129-9cf8-4d45b712730c,
522945,a05a9e24-d530-4a7e-b9ca-e5943cbedabd,fd5a7845-2b68-403b-b2ac-31b26a2cf779,
522951,a05a9e24-d530-4a7e-b9ca-e5943cbedabd,8cb7b10f-7ecd-441a-bd83-48b7551a382f,
522957,a05a9e24-d530-4a7e-b9ca-e5943cbedabd,70924c60-c63e-4e77-a26a-78d3724cf761,
522961,a05a9e24-d530-4a7e-b9ca-e5943cbedabd,2cc23a10-8a6c-4815-81e9-5c71c7a77914,
522966,a05a9e24-d530-4a7e-b9ca-e5943cbedabd,60abe2c3-a4a2-45a0-a1ac-6c050a23edc5,
522972,a05a9e24-d530-4a7e-b9ca-e5943cbedabd,6d2b90b8-67d7-428d-b09b-58f9a61f56eb,
523655,7852e91b-45db-4585-9fb9-2830ada5350d,218bd92e-ebd1-4a38-b41f-16ad4f9033e7,
523656,7852e91b-45db-4585-9fb9-2830ada5350d,27a97a67-7d30-404c-b29d-e4c4eca9b907,
523657,7852e91b-45db-4585-9fb9-2830ada5350d,429ecd7c-7c76-4a7e-8ea2-a84b6db136b4,
530523,59fc3098-63a0-4143-991c-751226583716,d2a853cd-413f-4703-a2e0-b2fc553248df,
530530,59fc3098-63a0-4143-991c-751226583716,d3cd4678-7a06-4fbf-a34f-840eaa69dc25,
530539,59fc3098-63a0-4143-991c-751226583716,b29855ea-fc76-473a-8eae-ef265ff062f0,
530656,d3afb79f-1b5d-42e5-bb37-fa278f5534e3,dbe16846-6952-4102-bf02-b1c8c8321952,
530664,d3afb79f-1b5d-42e5-bb37-fa278f5534e3,8b9c0475-b9bc-4ba3-9502-ccd88983b7eb,
530667,d3afb79f-1b5d-42e5-bb37-fa278f5534e3,429ecd7c-7c76-4a7e-8ea2-a84b6db136b4,
531123,079ff7d2-0124-4d01-8bb6-d2c00973dd28,5827ff23-bbd1-48c7-a099-84122d168ac7,
531124,079ff7d2-0124-4d01-8bb6-d2c00973dd28,8c6748b0-8942-4ac3-8af2-95c9732c595c,
531136,079ff7d2-0124-4d01-8bb6-d2c00973dd28,c26a3485-77a8-4cc6-a174-9888a89537e1,
531144,079ff7d2-0124-4d01-8bb6-d2c00973dd28,7f50ed19-0295-441d-be5c-b231333ed4df,
531147,079ff7d2-0124-4d01-8bb6-d2c00973dd28,595efe9c-c095-4374-ad95-2777b5604f37,
531151,079ff7d2-0124-4d01-8bb6-d2c00973dd28,1493f341-3231-4c9c-950c-c623e9c53516,
531805,079ff7d2-0124-4d01-8bb6-d2c00973dd28,af928aaa-59f6-4056-ab3b-f9dcd1ac3aa4,
531808,079ff7d2-0124-4d01-8bb6-d2c00973dd28,e90a213d-9214-47b8-97c5-b8f6516ee30d,
531810,079ff7d2-0124-4d01-8bb6-d2c00973dd28,ecb4d09b-7f83-4b96-9596-74e087374223,
531818,079ff7d2-0124-4d01-8bb6-d2c00973dd28,2990acf6-d45e-490e-a3c3-cf58884af2ab,
531819,079ff7d2-0124-4d01-8bb6-d2c00973dd28,04f40950-8f7b-4a22-a185-b632991f5d1a,
531822,079ff7d2-0124-4d01-8bb6-d2c00973dd28,a3c8002c-90b9-4997-a3ec-44db850810d2,
531825,079ff7d2-0124-4d01-8bb6-d2c00973dd28,db8e96cd-8a53-43b8-a241-6cebe548edc1,
531828,079ff7d2-0124-4d01-8bb6-d2c00973dd28,2cc23a10-8a6c-4815-81e9-5c71c7a77914,
531834,079ff7d2-0124-4d01-8bb6-d2c00973dd28,e3824554-5f89-43a0-96ca-e64b62e6143b,
531835,079ff7d2-0124-4d01-8bb6-d2c00973dd28,c053432e-39c6-432c-b00a-701ea8574551,
531838,079ff7d2-0124-4d01-8bb6-d2c00973dd28,848faff4-2437-43e4-b4ff-cd23fc286d2b,
531839,079ff7d2-0124-4d01-8bb6-d2c00973dd28,6d2b90b8-67d7-428d-b09b-58f9a61f56eb,
547117,2b51cadd-eaec-40ec-931b-78eed6069276,77396068-d56b-4fe3-98e3-5367eeba76fc,
547119,2b51cadd-eaec-40ec-931b-78eed6069276,a3577a2e-e93d-42b6-b9eb-da20de3bf45a,
547132,2b51cadd-eaec-40ec-931b-78eed6069276,63c51867-4d23-4d84-acd8-a877a6011c36,
547137,2b51cadd-eaec-40ec-931b-78eed6069276,2755185e-96a0-4910-896c-880d5d3393f6,
547144,2b51cadd-eaec-40ec-931b-78eed6069276,a790842e-a8bd-40fe-bc72-e2fa02507c7b,
547147,2b51cadd-eaec-40ec-931b-78eed6069276,f3ca58cb-dfc6-4de1-940a-43154284ff55,
547164,2b51cadd-eaec-40ec-931b-78eed6069276,6c98aa3b-9ec8-41b1-9225-a394db5bb730,
547192,2b51cadd-eaec-40ec-931b-78eed6069276,bb96e002-c392-47f2-b85d-6d1d818b2b6b,
547200,2b51cadd-eaec-40ec-931b-78eed6069276,673445b1-ea79-4273-ae66-04118847238c,
547201,2b51cadd-eaec-40ec-931b-78eed6069276,996a3ccd-02bb-4217-867d-2e01f8beb862,
547205,2b51cadd-eaec-40ec-931b-78eed6069276,839129a2-d71f-4d4b-a945-5990579a7ed9,
547215,2b51cadd-eaec-40ec-931b-78eed6069276,a694373f-b174-4894-9cd6-698944cef4b3,
547223,2b51cadd-eaec-40ec-931b-78eed6069276,12356013-1e9f-452e-9cd8-944d0d18661b,
547228,2b51cadd-eaec-40ec-931b-78eed6069276,b527a952-472b-4d32-8f0a-7a1b51230bdb,
547233,2b51cadd-eaec-40ec-931b-78eed6069276,cdd1a945-2f2e-4e8e-b802-7c7b50a326fe,
547234,2b51cadd-eaec-40ec-931b-78eed6069276,3dbc8f17-1d17-4c76-9bb1-9526dbea57eb,
564064,d6d08cb9-7d83-475c-954e-c54f38ccae75,8359768c-46c9-42c5-83ab-58c32b1913ca,
564084,d6d08cb9-7d83-475c-954e-c54f38ccae75,c26a3485-77a8-4cc6-a174-9888a89537e1,
564092,d6d08cb9-7d83-475c-954e-c54f38ccae75,31eac5fd-2662-4c6b-8c19-c5278b07e200,
564095,d6d08cb9-7d83-475c-954e-c54f38ccae75,6d2b90b8-67d7-428d-b09b-58f9a61f56eb,
564096,d6d08cb9-7d83-475c-954e-c54f38ccae75,0c0cc03b-31f2-43ba-b6f5-fdb2a834ca9c,
564097,d6d08cb9-7d83-475c-954e-c54f38ccae75,e3824554-5f89-43a0-96ca-e64b62e6143b,
564098,d6d08cb9-7d83-475c-954e-c54f38ccae75,80a38c8e-29a8-4129-9cf8-4d45b712730c,
564099,d6d08cb9-7d83-475c-954e-c54f38ccae75,6355ee6d-2b7f-41ef-a572-680669f2c8e8,
564102,d6d08cb9-7d83-475c-954e-c54f38ccae75,af928aaa-59f6-4056-ab3b-f9dcd1ac3aa4,
564103,d6d08cb9-7d83-475c-954e-c54f38ccae75,a4e4c0c0-632c-43f9-8421-8fe59205c796,
564104,d6d08cb9-7d83-475c-954e-c54f38ccae75,21d3b7c7-03e3-4738-a154-50b6eb3355c0,
564107,d6d08cb9-7d83-475c-954e-c54f38ccae75,fd5a7845-2b68-403b-b2ac-31b26a2cf779,
574189,00a3beb5-577c-401b-8da0-732d4367ddb8,18f97093-31a0-40be-930b-b9c9065e908f,
574194,00a3beb5-577c-401b-8da0-732d4367ddb8,d3cd4678-7a06-4fbf-a34f-840eaa69dc25,
574197,00a3beb5-577c-401b-8da0-732d4367ddb8,08f88e1f-7ee3-4c52-8876-47902e75bfc6,
574200,00a3beb5-577c-401b-8da0-732d4367ddb8,63045f85-41d1-474e-bef0-adbc44b63099,
195925,0c8d5a95-9632-4d12-b1a7-0af6da7f5e95,c5ea6027-1812-4e5b-a236-900372433c03,
195927,0c8d5a95-9632-4d12-b1a7-0af6da7f5e95,d135f560-fce2-4697-8472-475fa113bfa5,
195935,0c8d5a95-9632-4d12-b1a7-0af6da7f5e95,7659379a-17a8-48ee-ae2a-51b8392be511,
195943,0c8d5a95-9632-4d12-b1a7-0af6da7f5e95,7c0be3de-f78b-427a-9101-1d53cf41e03f,
517435,91544de6-a030-42dc-983c-9a86a93763b8,36d412bc-c361-4812-8106-b7675cdd15d3,
517445,91544de6-a030-42dc-983c-9a86a93763b8,5f0b38b9-9bcb-41da-927f-6fc69d799da6,
517446,91544de6-a030-42dc-983c-9a86a93763b8,1b240021-f1cc-447c-874c-a243e4669aa9,
517449,91544de6-a030-42dc-983c-9a86a93763b8,756cb43f-663a-4181-ac7e-22d3b4fb3671,
517452,91544de6-a030-42dc-983c-9a86a93763b8,49201496-8697-4960-9e63-6268ecbb4f91,
517467,91544de6-a030-42dc-983c-9a86a93763b8,81d6091a-fb13-4559-a689-bb34b89045e7,
517471,91544de6-a030-42dc-983c-9a86a93763b8,291cfc74-2a98-4bc8-be88-92126d20968e,
517483,91544de6-a030-42dc-983c-9a86a93763b8,ff4ffcc3-f1b8-45d2-9135-b816b2d4f033,
517489,91544de6-a030-42dc-983c-9a86a93763b8,aeff3779-3e3a-4ba0-abfc-64b83070cfe9,
517490,91544de6-a030-42dc-983c-9a86a93763b8,12c02466-05e7-4de5-a0e5-c271f0522dec,
517510,91544de6-a030-42dc-983c-9a86a93763b8,839129a2-d71f-4d4b-a945-5990579a7ed9,
517513,91544de6-a030-42dc-983c-9a86a93763b8,fdb1ce61-da53-4554-836e-b54360cc188f,
517516,91544de6-a030-42dc-983c-9a86a93763b8,fdb94142-da49-4be5-aca8-e9907e181a10,
517517,91544de6-a030-42dc-983c-9a86a93763b8,1c0ac02e-1e62-4e52-a9d9-bbc379971ee1,
517518,91544de6-a030-42dc-983c-9a86a93763b8,d1d93cc0-ab7a-443d-ba74-9ebb08cc075d,
517531,91544de6-a030-42dc-983c-9a86a93763b8,60e674d0-e1d3-420f-8dcb-d467ab8de307,
517534,91544de6-a030-42dc-983c-9a86a93763b8,32be6f70-14db-461a-9352-928509cc94c4,
517535,91544de6-a030-42dc-983c-9a86a93763b8,084fae05-8529-425c-a66c-7e76958b9ebf,
517542,91544de6-a030-42dc-983c-9a86a93763b8,f4dfe99b-1e2d-40ba-ba45-126c7aab45a0,
517547,91544de6-a030-42dc-983c-9a86a93763b8,2f565052-6bf6-4611-987c-0130e1895b28,
517552,91544de6-a030-42dc-983c-9a86a93763b8,9e7e0ecf-f0af-4557-9f88-53ea88c7b0ee,
522745,e4414ea0-e48c-4f28-a7d9-3c788bed747e,d5328262-ba23-45e6-8fb1-b7ef77d100a1,
522752,e4414ea0-e48c-4f28-a7d9-3c788bed747e,8c6748b0-8942-4ac3-8af2-95c9732c595c,
522781,e4414ea0-e48c-4f28-a7d9-3c788bed747e,3a9fbcaf-2ad7-495c-9a65-8e2485c6d76f,
522939,a05a9e24-d530-4a7e-b9ca-e5943cbedabd,af928aaa-59f6-4056-ab3b-f9dcd1ac3aa4,
522950,a05a9e24-d530-4a7e-b9ca-e5943cbedabd,de3527e5-ed46-41e0-9fb8-0166a9e21fe6,
522969,a05a9e24-d530-4a7e-b9ca-e5943cbedabd,9af8f6ea-f849-467f-852a-906c756939c5,
522971,a05a9e24-d530-4a7e-b9ca-e5943cbedabd,848faff4-2437-43e4-b4ff-cd23fc286d2b,
530510,59fc3098-63a0-4143-991c-751226583716,63a7435d-e7d5-4083-a58d-583c04c2c3cd,
530513,59fc3098-63a0-4143-991c-751226583716,18f97093-31a0-40be-930b-b9c9065e908f,
530515,59fc3098-63a0-4143-991c-751226583716,cb6a6373-bd11-40a6-885b-bb4008c5f928,
530518,59fc3098-63a0-4143-991c-751226583716,1b52fe86-cc44-4e4c-bee1-43a8509691b9,
530537,59fc3098-63a0-4143-991c-751226583716,285cade1-158a-4875-8602-002fd7bfc4b6,
530658,d3afb79f-1b5d-42e5-bb37-fa278f5534e3,4deda364-678c-48ea-829a-a5c262f8083a,
531118,079ff7d2-0124-4d01-8bb6-d2c00973dd28,c415e974-0993-4a38-af16-caf9c7330113,
531121,079ff7d2-0124-4d01-8bb6-d2c00973dd28,7ce69f8f-5ae4-40c1-80b2-d8399f1edb64,
531122,079ff7d2-0124-4d01-8bb6-d2c00973dd28,8647de4f-acec-43b4-b80a-7d367b40d2d1,
531139,079ff7d2-0124-4d01-8bb6-d2c00973dd28,ee190171-ca2b-4a88-9a71-86024433464c,
531140,079ff7d2-0124-4d01-8bb6-d2c00973dd28,a735fec1-1d34-456a-b46a-db3893f104db,
531809,079ff7d2-0124-4d01-8bb6-d2c00973dd28,21d3b7c7-03e3-4738-a154-50b6eb3355c0,
547106,2b51cadd-eaec-40ec-931b-78eed6069276,71d0f202-9b7f-4b6f-87f9-c8067b01bc69,
547108,2b51cadd-eaec-40ec-931b-78eed6069276,ddfcc222-bc46-4460-bd06-e35a539344cb,
547112,2b51cadd-eaec-40ec-931b-78eed6069276,cd67bab6-f739-4268-a885-d2e6e0685498,
547114,2b51cadd-eaec-40ec-931b-78eed6069276,e55cdd80-0e6c-4cbe-8faf-d693065d9df1,
547125,2b51cadd-eaec-40ec-931b-78eed6069276,7e73f411-999f-4161-9083-de53c4650331,
547131,2b51cadd-eaec-40ec-931b-78eed6069276,36d412bc-c361-4812-8106-b7675cdd15d3,
547138,2b51cadd-eaec-40ec-931b-78eed6069276,b0a43288-4f4e-4143-b8ca-29a7a2068c3b,
547141,2b51cadd-eaec-40ec-931b-78eed6069276,5f0b38b9-9bcb-41da-927f-6fc69d799da6,
547155,2b51cadd-eaec-40ec-931b-78eed6069276,ab7d9a4a-a3f4-489c-95f6-11ed678549b0,
547160,2b51cadd-eaec-40ec-931b-78eed6069276,06ab4e04-1447-47a0-9a20-a6f7573939c5,
547163,2b51cadd-eaec-40ec-931b-78eed6069276,81d6091a-fb13-4559-a689-bb34b89045e7,
547176,2b51cadd-eaec-40ec-931b-78eed6069276,feec92fa-5e92-44a3-9d39-3724f87f1fa3,
547177,2b51cadd-eaec-40ec-931b-78eed6069276,2f4704f7-0ab5-4e83-8ef4-321cbc511edd,
547179,2b51cadd-eaec-40ec-931b-78eed6069276,dd0505d0-0385-425e-9e57-9a586916f1df,
547209,2b51cadd-eaec-40ec-931b-78eed6069276,fdb1ce61-da53-4554-836e-b54360cc188f,
547218,2b51cadd-eaec-40ec-931b-78eed6069276,66efe458-3762-40f8-a87b-9030804e95ae,
547232,2b51cadd-eaec-40ec-931b-78eed6069276,c9cfd07f-691c-44f9-a79d-4baf6c9bb7a8,
547242,2b51cadd-eaec-40ec-931b-78eed6069276,9bfed2f7-1cea-446e-b86a-b5ced5720a1c,
547258,2b51cadd-eaec-40ec-931b-78eed6069276,267387f8-faea-4f92-b0e4-8de10af42b56,
564060,d6d08cb9-7d83-475c-954e-c54f38ccae75,c415e974-0993-4a38-af16-caf9c7330113,
564063,d6d08cb9-7d83-475c-954e-c54f38ccae75,ecb4d09b-7f83-4b96-9596-74e087374223,
564071,d6d08cb9-7d83-475c-954e-c54f38ccae75,f068c0bd-12be-4798-b721-3fecbfd6f223,
564073,d6d08cb9-7d83-475c-954e-c54f38ccae75,b299fe63-d3b1-4679-9697-3f264bd6a42f,
564080,d6d08cb9-7d83-475c-954e-c54f38ccae75,0543830f-d978-435f-a6d2-3affb01aa83c,
564082,d6d08cb9-7d83-475c-954e-c54f38ccae75,66de2643-672c-42f4-aa55-0cb8af9bb980,
564106,d6d08cb9-7d83-475c-954e-c54f38ccae75,7ce69f8f-5ae4-40c1-80b2-d8399f1edb64,
564115,d6d08cb9-7d83-475c-954e-c54f38ccae75,4deda364-678c-48ea-829a-a5c262f8083a,
564140,d6d08cb9-7d83-475c-954e-c54f38ccae75,595efe9c-c095-4374-ad95-2777b5604f37,
574190,00a3beb5-577c-401b-8da0-732d4367ddb8,14a3a047-94a6-4279-859c-8ddd4a18e4f9,
574192,00a3beb5-577c-401b-8da0-732d4367ddb8,9a51e268-9319-4753-93c9-988ca6643094,
574202,00a3beb5-577c-401b-8da0-732d4367ddb8,285cade1-158a-4875-8602-002fd7bfc4b6,
195926,0c8d5a95-9632-4d12-b1a7-0af6da7f5e95,8e899911-5d88-4ff5-bf15-7f86902cbdc3,
195947,0c8d5a95-9632-4d12-b1a7-0af6da7f5e95,8f32d77c-b2e8-4b8a-9bcc-9fc078370e3f,
195951,0c8d5a95-9632-4d12-b1a7-0af6da7f5e95,916570a8-fbaf-4e9b-a844-d09b852f14be,
195957,0c8d5a95-9632-4d12-b1a7-0af6da7f5e95,ece8071f-80b9-44b2-b343-1056e4a79dfd,
195974,0c8d5a95-9632-4d12-b1a7-0af6da7f5e95,966d5a86-1e7d-484c-a63e-ee9ec060e269,
195978,0c8d5a95-9632-4d12-b1a7-0af6da7f5e95,271c4d38-15d9-48ac-9d7c-f50f342d820e,
196118,affa1a39-790c-4e9e-b8c0-08db50883d6d,7f2ed266-5e35-4217-b200-c4c24f9a5b81,
196123,affa1a39-790c-4e9e-b8c0-08db50883d6d,3f5016c5-dcc8-4703-9591-0a49ceeb8e42,
196124,affa1a39-790c-4e9e-b8c0-08db50883d6d,a830501a-010d-4f33-be76-9e420b4b8cba,
196135,affa1a39-790c-4e9e-b8c0-08db50883d6d,94e6e067-695a-4884-b9f2-ccd1b6d78a72,
196136,affa1a39-790c-4e9e-b8c0-08db50883d6d,5cd4959d-1f34-4ad0-9ee9-6ff829f0d823,
517505,91544de6-a030-42dc-983c-9a86a93763b8,673445b1-ea79-4273-ae66-04118847238c,
517506,91544de6-a030-42dc-983c-9a86a93763b8,996a3ccd-02bb-4217-867d-2e01f8beb862,
517529,91544de6-a030-42dc-983c-9a86a93763b8,3d789e18-25f3-4592-8c44-f9af9e5f68f4,
517539,91544de6-a030-42dc-983c-9a86a93763b8,1f6db47c-a9cc-438e-9890-c708e62d8f34,
517558,91544de6-a030-42dc-983c-9a86a93763b8,67616e0e-e6d2-43a2-9526-8b0a24e8e6b2,
517562,91544de6-a030-42dc-983c-9a86a93763b8,267387f8-faea-4f92-b0e4-8de10af42b56,
522756,e4414ea0-e48c-4f28-a7d9-3c788bed747e,4deda364-678c-48ea-829a-a5c262f8083a,
522765,e4414ea0-e48c-4f28-a7d9-3c788bed747e,dd5a21f8-7431-4713-ae6b-7b8bf03d74e0,
522776,e4414ea0-e48c-4f28-a7d9-3c788bed747e,ee190171-ca2b-4a88-9a71-86024433464c,
522784,e4414ea0-e48c-4f28-a7d9-3c788bed747e,31eac5fd-2662-4c6b-8c19-c5278b07e200,
522785,e4414ea0-e48c-4f28-a7d9-3c788bed747e,4ffa997c-8b3e-40af-a6d4-e806b0acef59,
522947,a05a9e24-d530-4a7e-b9ca-e5943cbedabd,366a60c1-30e1-4940-bf1d-c16f4fe91684,
522973,a05a9e24-d530-4a7e-b9ca-e5943cbedabd,0c0cc03b-31f2-43ba-b6f5-fdb2a834ca9c,
523654,7852e91b-45db-4585-9fb9-2830ada5350d,affc71e8-ae23-49d1-b03c-15f85d55cb0a,
523658,7852e91b-45db-4585-9fb9-2830ada5350d,7f50ed19-0295-441d-be5c-b231333ed4df,
523659,7852e91b-45db-4585-9fb9-2830ada5350d,74927492-8cbb-4407-bdb9-f0925032cf04,
530511,59fc3098-63a0-4143-991c-751226583716,a32d7dbf-2ec8-433c-a5a4-0a980bba9c7a,
530514,59fc3098-63a0-4143-991c-751226583716,d8815721-4f0e-4ecd-8f48-5b7c0a0324ec,
530520,59fc3098-63a0-4143-991c-751226583716,63045f85-41d1-474e-bef0-adbc44b63099,
530531,59fc3098-63a0-4143-991c-751226583716,08f88e1f-7ee3-4c52-8876-47902e75bfc6,
530532,59fc3098-63a0-4143-991c-751226583716,887ae862-8d97-4692-ac41-2d8242921526,
530654,d3afb79f-1b5d-42e5-bb37-fa278f5534e3,ead78669-f157-494e-9345-a6a9d45ce623,
530669,d3afb79f-1b5d-42e5-bb37-fa278f5534e3,80a38c8e-29a8-4129-9cf8-4d45b712730c,
531142,079ff7d2-0124-4d01-8bb6-d2c00973dd28,31eac5fd-2662-4c6b-8c19-c5278b07e200,
531811,079ff7d2-0124-4d01-8bb6-d2c00973dd28,fd5a7845-2b68-403b-b2ac-31b26a2cf779,
531814,079ff7d2-0124-4d01-8bb6-d2c00973dd28,c8e42b20-ae5c-4776-8eed-8b0bf6db4837,
531832,079ff7d2-0124-4d01-8bb6-d2c00973dd28,e96b5f3d-1e36-4ce6-b1c1-d4a0d88a8fed,
531840,079ff7d2-0124-4d01-8bb6-d2c00973dd28,0c0cc03b-31f2-43ba-b6f5-fdb2a834ca9c,
547109,2b51cadd-eaec-40ec-931b-78eed6069276,0cfa3824-713e-4f25-8114-33fd3e4c26db,
547121,2b51cadd-eaec-40ec-931b-78eed6069276,54e2440f-5c63-4799-9c34-64ebd8412f6d,
547122,2b51cadd-eaec-40ec-931b-78eed6069276,a01e39b7-d3a3-4294-adcd-97d4bc050383,
547135,2b51cadd-eaec-40ec-931b-78eed6069276,adffde2c-6d40-443f-9e37-97a99f214c57,
547146,2b51cadd-eaec-40ec-931b-78eed6069276,d981a07c-de8f-4546-a8ed-45d77b18e82e,
547148,2b51cadd-eaec-40ec-931b-78eed6069276,49201496-8697-4960-9e63-6268ecbb4f91,
547149,2b51cadd-eaec-40ec-931b-78eed6069276,b046a593-a952-4b95-af2e-78c94e77e3d6,
547178,2b51cadd-eaec-40ec-931b-78eed6069276,ff4ffcc3-f1b8-45d2-9135-b816b2d4f033,
547181,2b51cadd-eaec-40ec-931b-78eed6069276,7f423ba4-3f38-40c6-af18-4a6fc2258ec2,
547184,2b51cadd-eaec-40ec-931b-78eed6069276,aeff3779-3e3a-4ba0-abfc-64b83070cfe9,
547202,2b51cadd-eaec-40ec-931b-78eed6069276,490951fb-0ec8-4df9-9d38-c284dcfa416b,
547204,2b51cadd-eaec-40ec-931b-78eed6069276,a4236c6f-f859-4557-95d7-939805fc4c6d,
547208,2b51cadd-eaec-40ec-931b-78eed6069276,74084c98-30a8-4eca-824a-121bab8f4efd,
547212,2b51cadd-eaec-40ec-931b-78eed6069276,fdb94142-da49-4be5-aca8-e9907e181a10,
547216,2b51cadd-eaec-40ec-931b-78eed6069276,301a1f85-f5c2-4263-b30b-f9434e1eb459,
547217,2b51cadd-eaec-40ec-931b-78eed6069276,6d596a9e-5671-4d92-aa86-a249ea51bada,
547222,2b51cadd-eaec-40ec-931b-78eed6069276,d7a80cab-a8ed-4e70-8d6a-8531ecd2d9d7,
547235,2b51cadd-eaec-40ec-931b-78eed6069276,1f6db47c-a9cc-438e-9890-c708e62d8f34,
547249,2b51cadd-eaec-40ec-931b-78eed6069276,4d644097-211d-4078-9e08-8d6ff60dc5fd,
547255,2b51cadd-eaec-40ec-931b-78eed6069276,c1487d4c-d260-4505-94c5-612aa52b3b88,
564072,d6d08cb9-7d83-475c-954e-c54f38ccae75,3e8f638b-9280-49e7-82e8-bb295905f0dd,
564074,d6d08cb9-7d83-475c-954e-c54f38ccae75,2990acf6-d45e-490e-a3c3-cf58884af2ab,
564079,d6d08cb9-7d83-475c-954e-c54f38ccae75,b8fef6d0-3114-4471-8203-fe0b324cf97b,
564120,d6d08cb9-7d83-475c-954e-c54f38ccae75,429ecd7c-7c76-4a7e-8ea2-a84b6db136b4,
564143,d6d08cb9-7d83-475c-954e-c54f38ccae75,c6606413-32f6-48c4-bd0c-e975206ecfa6,
195921,0c8d5a95-9632-4d12-b1a7-0af6da7f5e95,d87278e0-1e2b-4a28-8d73-9af8b7303792,
195934,0c8d5a95-9632-4d12-b1a7-0af6da7f5e95,a1075b21-93bf-4250-83a2-27a2f1dfc7f7,
195939,0c8d5a95-9632-4d12-b1a7-0af6da7f5e95,95e09ba6-f69a-4909-bce0-2b5920286336,
195942,0c8d5a95-9632-4d12-b1a7-0af6da7f5e95,100df59b-ccad-4d8e-903d-1734692290b9,
195948,0c8d5a95-9632-4d12-b1a7-0af6da7f5e95,e21ebd7c-194f-4c30-8309-3b859da8e8ff,
195953,0c8d5a95-9632-4d12-b1a7-0af6da7f5e95,41d0e4b4-4f8b-4b75-9fc5-0d795b99d606,
195959,0c8d5a95-9632-4d12-b1a7-0af6da7f5e95,7657550f-b2af-46c9-a2d2-e500b8137e6e,
195967,0c8d5a95-9632-4d12-b1a7-0af6da7f5e95,71576c82-e36a-4689-88ed-a32ce75cdf7b,
195969,0c8d5a95-9632-4d12-b1a7-0af6da7f5e95,f28c4440-3b18-4b5e-aa84-6d1c706b75bb,
195973,0c8d5a95-9632-4d12-b1a7-0af6da7f5e95,204f1a14-0a08-4e81-8d01-bbd8984e47dd,
196119,affa1a39-790c-4e9e-b8c0-08db50883d6d,47d0b5d2-80dc-49ef-b8e6-a69628b876d3,
196120,affa1a39-790c-4e9e-b8c0-08db50883d6d,851fc06d-0ee6-4d88-858e-487cad378e00,
196122,affa1a39-790c-4e9e-b8c0-08db50883d6d,576abf73-7ebd-4b36-82cd-13dcc5ae96a2,
196127,affa1a39-790c-4e9e-b8c0-08db50883d6d,1214fada-f7ac-49f6-9fee-05ef8a6656d6,
196180,affa1a39-790c-4e9e-b8c0-08db50883d6d,1979ed3c-5f0a-434b-915d-2eab9ada0d43,
228238,7a3d3557-446d-4481-b2c4-34cf3b30a153,f72c65b9-046d-4017-996c-06a1c692ad07,
228239,7a3d3557-446d-4481-b2c4-34cf3b30a153,09b9adf2-df24-4e7b-8794-e4d923221da4,
228249,7a3d3557-446d-4481-b2c4-34cf3b30a153,3769fe44-8393-4fff-a46c-a8e88b86fa0a,
228251,7a3d3557-446d-4481-b2c4-34cf3b30a153,8e899911-5d88-4ff5-bf15-7f86902cbdc3,
228266,7a3d3557-446d-4481-b2c4-34cf3b30a153,0b44fb0a-839a-4381-91b8-f12e6d529818,
228275,7a3d3557-446d-4481-b2c4-34cf3b30a153,174e649d-949a-4485-b84b-cc8a82f49104,
228280,7a3d3557-446d-4481-b2c4-34cf3b30a153,797565bb-9968-444b-9af2-9eac79ca44c6,
228282,7a3d3557-446d-4481-b2c4-34cf3b30a153,d15dbda9-1a3e-44fc-9061-2a7a7f1e792d,
228296,7a3d3557-446d-4481-b2c4-34cf3b30a153,f7d8ae65-1bdd-4175-bdc7-a610e24b7b78,
228297,7a3d3557-446d-4481-b2c4-34cf3b30a153,851fc06d-0ee6-4d88-858e-487cad378e00,
228298,7a3d3557-446d-4481-b2c4-34cf3b30a153,36464cde-376e-4905-8e6e-2b9f5b50f6ac,
228300,7a3d3557-446d-4481-b2c4-34cf3b30a153,576abf73-7ebd-4b36-82cd-13dcc5ae96a2,
228304,7a3d3557-446d-4481-b2c4-34cf3b30a153,0bb32681-df31-45cf-a36d-ba2f828fe7ef,
228664,bb0e76fe-2693-4195-91e7-0ac358e2f57a,c4ff9044-f451-47a2-9cf5-55e81ed5b1c0,
522753,e4414ea0-e48c-4f28-a7d9-3c788bed747e,22a008b4-b9bd-45de-a1e6-3c3f9d0d67a1,
522763,e4414ea0-e48c-4f28-a7d9-3c788bed747e,a404061e-eb28-4c3f-9e67-13926644ca07,
522767,e4414ea0-e48c-4f28-a7d9-3c788bed747e,86713e67-6161-41a8-95f8-f95c594dbb50,
522779,e4414ea0-e48c-4f28-a7d9-3c788bed747e,a735fec1-1d34-456a-b46a-db3893f104db,
522780,e4414ea0-e48c-4f28-a7d9-3c788bed747e,cd754558-e60b-4a7a-9aa5-4b729fb8add9,
522788,e4414ea0-e48c-4f28-a7d9-3c788bed747e,595efe9c-c095-4374-ad95-2777b5604f37,
522789,e4414ea0-e48c-4f28-a7d9-3c788bed747e,ef16d4b4-7d59-4678-b45c-05e8eb6e0f72,
522952,a05a9e24-d530-4a7e-b9ca-e5943cbedabd,2990acf6-d45e-490e-a3c3-cf58884af2ab,
522954,a05a9e24-d530-4a7e-b9ca-e5943cbedabd,65f487a5-84e6-477b-a155-72076465193a,
530519,59fc3098-63a0-4143-991c-751226583716,6648cc1b-183c-4027-85ab-6dc618fcbe51,
530527,59fc3098-63a0-4143-991c-751226583716,54075dd7-1e64-4dc5-adbf-ca9b1721c08d,
530528,59fc3098-63a0-4143-991c-751226583716,76bd650b-ee38-480f-adbf-158e59b02bbc,
530536,59fc3098-63a0-4143-991c-751226583716,cf789cda-d884-47fd-909c-89ad44ed15c8,
530663,d3afb79f-1b5d-42e5-bb37-fa278f5534e3,3e8f638b-9280-49e7-82e8-bb295905f0dd,
531117,079ff7d2-0124-4d01-8bb6-d2c00973dd28,e372da76-027c-47f6-a629-7bd21120a292,
531125,079ff7d2-0124-4d01-8bb6-d2c00973dd28,771c01c2-a602-4d4c-a343-f35d6c78ec19,
531126,079ff7d2-0124-4d01-8bb6-d2c00973dd28,4c8610c6-8f50-4673-9e16-e74aaccd83ec,
531129,079ff7d2-0124-4d01-8bb6-d2c00973dd28,b299fe63-d3b1-4679-9697-3f264bd6a42f,
531131,079ff7d2-0124-4d01-8bb6-d2c00973dd28,a404061e-eb28-4c3f-9e67-13926644ca07,
531143,079ff7d2-0124-4d01-8bb6-d2c00973dd28,4ffa997c-8b3e-40af-a6d4-e806b0acef59,
531146,079ff7d2-0124-4d01-8bb6-d2c00973dd28,6f4331c8-c8f0-4235-a5e9-f26b2b3cf2a5,
531807,079ff7d2-0124-4d01-8bb6-d2c00973dd28,a4e4c0c0-632c-43f9-8421-8fe59205c796,
531813,079ff7d2-0124-4d01-8bb6-d2c00973dd28,366a60c1-30e1-4940-bf1d-c16f4fe91684,
531824,079ff7d2-0124-4d01-8bb6-d2c00973dd28,6355ee6d-2b7f-41ef-a572-680669f2c8e8,
531829,079ff7d2-0124-4d01-8bb6-d2c00973dd28,e590bf7f-85cf-4979-85dc-4ec647c22bd4,
531830,079ff7d2-0124-4d01-8bb6-d2c00973dd28,6e05d9d5-6117-4125-9f4f-e822e8849b14,
547127,2b51cadd-eaec-40ec-931b-78eed6069276,6a62d269-44c5-4e3b-8801-a72bf4d86872,
547142,2b51cadd-eaec-40ec-931b-78eed6069276,1b240021-f1cc-447c-874c-a243e4669aa9,
547143,2b51cadd-eaec-40ec-931b-78eed6069276,1f7500c8-97d2-44bd-929f-d86b87ef22a5,
547153,2b51cadd-eaec-40ec-931b-78eed6069276,f6e6742d-ed4f-46bb-afda-c6db63cbd496,
547154,2b51cadd-eaec-40ec-931b-78eed6069276,54312981-5301-421f-94cd-85781227e1a5,
547190,2b51cadd-eaec-40ec-931b-78eed6069276,ba103b3a-d10a-4dab-a222-f56277a9efa0,
547195,2b51cadd-eaec-40ec-931b-78eed6069276,b30ecc30-110f-4d65-893e-343ef12b8fe0,
547219,2b51cadd-eaec-40ec-931b-78eed6069276,b050aa92-a5b9-4475-a70c-108740d18db3,
547231,2b51cadd-eaec-40ec-931b-78eed6069276,084fae05-8529-425c-a66c-7e76958b9ebf,
547238,2b51cadd-eaec-40ec-931b-78eed6069276,f4dfe99b-1e2d-40ba-ba45-126c7aab45a0,
547239,2b51cadd-eaec-40ec-931b-78eed6069276,fa0b5f4f-42aa-486e-9edc-296fe52ae400,
547240,2b51cadd-eaec-40ec-931b-78eed6069276,c5363393-d5e9-4872-a524-8ccced4cb9f0,
547241,2b51cadd-eaec-40ec-931b-78eed6069276,6e69a279-d52d-432d-a9cf-1531b4425c2f,
547243,2b51cadd-eaec-40ec-931b-78eed6069276,2f565052-6bf6-4611-987c-0130e1895b28,
564068,d6d08cb9-7d83-475c-954e-c54f38ccae75,948ac2a7-1ca1-4ac8-8d25-7c93a0f6e5b6,
564075,d6d08cb9-7d83-475c-954e-c54f38ccae75,7b7a7362-09be-4ab1-8de1-f0241d79eb80,
564086,d6d08cb9-7d83-475c-954e-c54f38ccae75,6ec13b00-476e-4ff1-8735-3ab79b4fb9a5,
564093,d6d08cb9-7d83-475c-954e-c54f38ccae75,6f4331c8-c8f0-4235-a5e9-f26b2b3cf2a5,
564094,d6d08cb9-7d83-475c-954e-c54f38ccae75,848faff4-2437-43e4-b4ff-cd23fc286d2b,
564114,d6d08cb9-7d83-475c-954e-c54f38ccae75,dbe16846-6952-4102-bf02-b1c8c8321952,
564116,d6d08cb9-7d83-475c-954e-c54f38ccae75,dd5a21f8-7431-4713-ae6b-7b8bf03d74e0,
564125,d6d08cb9-7d83-475c-954e-c54f38ccae75,2beefdc0-2da5-4ae5-9880-8b20ff078794,
564126,d6d08cb9-7d83-475c-954e-c54f38ccae75,ee190171-ca2b-4a88-9a71-86024433464c,
564128,d6d08cb9-7d83-475c-954e-c54f38ccae75,ead78669-f157-494e-9345-a6a9d45ce623,
564131,d6d08cb9-7d83-475c-954e-c54f38ccae75,cd754558-e60b-4a7a-9aa5-4b729fb8add9,
564137,d6d08cb9-7d83-475c-954e-c54f38ccae75,4ffa997c-8b3e-40af-a6d4-e806b0acef59,
564139,d6d08cb9-7d83-475c-954e-c54f38ccae75,7f50ed19-0295-441d-be5c-b231333ed4df,
564141,d6d08cb9-7d83-475c-954e-c54f38ccae75,4bfe6032-bbe1-485e-8b29-2aa4a92ee6f1,
574188,00a3beb5-577c-401b-8da0-732d4367ddb8,b6d71a01-13f8-49ce-8063-e370e9b886e6,
574199,00a3beb5-577c-401b-8da0-732d4367ddb8,6648cc1b-183c-4027-85ab-6dc618fcbe51,
574201,00a3beb5-577c-401b-8da0-732d4367ddb8,cf789cda-d884-47fd-909c-89ad44ed15c8,
195913,0c8d5a95-9632-4d12-b1a7-0af6da7f5e95,3ffa7e4d-232c-4d1d-b146-90ea8aa42803,
195914,0c8d5a95-9632-4d12-b1a7-0af6da7f5e95,e08b2d7c-4a2d-4fd4-b3e3-9456bc7b9824,
195937,0c8d5a95-9632-4d12-b1a7-0af6da7f5e95,ee6baaff-0973-4bbd-950a-25e1b8fd9ffc,
195940,0c8d5a95-9632-4d12-b1a7-0af6da7f5e95,3e3814ed-dd36-4f8f-a95b-c83696470c1e,
195945,0c8d5a95-9632-4d12-b1a7-0af6da7f5e95,9b006116-8236-457d-871d-e3f3c3130322,
195955,0c8d5a95-9632-4d12-b1a7-0af6da7f5e95,cb9947fa-0f01-4d11-a616-60c4c9d8a78c,
195956,0c8d5a95-9632-4d12-b1a7-0af6da7f5e95,41bc9ba9-2733-4772-817d-d6c5e9bf2da9,
195961,0c8d5a95-9632-4d12-b1a7-0af6da7f5e95,9cdda4fd-c9b4-45b3-8ec7-ec1551598f99,
195965,0c8d5a95-9632-4d12-b1a7-0af6da7f5e95,26781a67-e991-479c-948a-3ac8ed7c0c70,
196113,affa1a39-790c-4e9e-b8c0-08db50883d6d,dc6105c9-f04e-4a6a-8b18-5aed301814a3,
196116,affa1a39-790c-4e9e-b8c0-08db50883d6d,8cf7af38-5759-4525-aac2-96fdc0a6010d,
196117,affa1a39-790c-4e9e-b8c0-08db50883d6d,6dd09559-842f-400f-b1de-3e824510afc5,
196145,affa1a39-790c-4e9e-b8c0-08db50883d6d,36464cde-376e-4905-8e6e-2b9f5b50f6ac,
196155,affa1a39-790c-4e9e-b8c0-08db50883d6d,9a5d8d16-4004-4585-b500-3484bf8d8cd2,
196157,affa1a39-790c-4e9e-b8c0-08db50883d6d,63a0f877-1980-433d-bb58-b3de18f91328,
196159,affa1a39-790c-4e9e-b8c0-08db50883d6d,174e649d-949a-4485-b84b-cc8a82f49104,
196169,affa1a39-790c-4e9e-b8c0-08db50883d6d,dc2df3cb-1e9f-4439-a29d-65eec0e61960,
196171,affa1a39-790c-4e9e-b8c0-08db50883d6d,acf4d7a0-71c0-47df-816c-f329c66d204b,
228248,7a3d3557-446d-4481-b2c4-34cf3b30a153,c5ea6027-1812-4e5b-a236-900372433c03,
228259,7a3d3557-446d-4481-b2c4-34cf3b30a153,18082121-85e5-4058-97cd-572766f087d5,
228261,7a3d3557-446d-4481-b2c4-34cf3b30a153,75b8502a-448c-4253-8ac7-12128953c367,
228269,7a3d3557-446d-4481-b2c4-34cf3b30a153,3e3814ed-dd36-4f8f-a95b-c83696470c1e,
228270,7a3d3557-446d-4481-b2c4-34cf3b30a153,e23b1341-3436-4815-a65e-69f3eb8c1046,
228274,7a3d3557-446d-4481-b2c4-34cf3b30a153,dc6105c9-f04e-4a6a-8b18-5aed301814a3,
228277,7a3d3557-446d-4481-b2c4-34cf3b30a153,c9a0375a-6664-4bee-84dd-3a4bc874c716,
522953,a05a9e24-d530-4a7e-b9ca-e5943cbedabd,04f40950-8f7b-4a22-a185-b632991f5d1a,
522956,a05a9e24-d530-4a7e-b9ca-e5943cbedabd,a3c8002c-90b9-4997-a3ec-44db850810d2,
522959,a05a9e24-d530-4a7e-b9ca-e5943cbedabd,db8e96cd-8a53-43b8-a241-6cebe548edc1,
522960,a05a9e24-d530-4a7e-b9ca-e5943cbedabd,66de2643-672c-42f4-aa55-0cb8af9bb980,
522964,a05a9e24-d530-4a7e-b9ca-e5943cbedabd,417225e4-d671-486f-853e-685e0fa8c4d1,
530512,59fc3098-63a0-4143-991c-751226583716,b6d71a01-13f8-49ce-8063-e370e9b886e6,
530516,59fc3098-63a0-4143-991c-751226583716,5da9847e-86bb-4739-886e-99a1a2b37a39,
530525,59fc3098-63a0-4143-991c-751226583716,14a3a047-94a6-4279-859c-8ddd4a18e4f9,
530540,59fc3098-63a0-4143-991c-751226583716,888c2139-771a-470e-a2ba-97ab06263b60,
530542,59fc3098-63a0-4143-991c-751226583716,27a97a67-7d30-404c-b29d-e4c4eca9b907,
530655,d3afb79f-1b5d-42e5-bb37-fa278f5534e3,a10906f3-e68c-4d8e-8c66-6fac44c07739,
530660,d3afb79f-1b5d-42e5-bb37-fa278f5534e3,49122c85-c7e7-4c14-b789-01facd490b2b,
531128,079ff7d2-0124-4d01-8bb6-d2c00973dd28,ce4d4f46-2b0a-4a6e-9ab5-679659c5557a,
531133,079ff7d2-0124-4d01-8bb6-d2c00973dd28,86713e67-6161-41a8-95f8-f95c594dbb50,
531145,079ff7d2-0124-4d01-8bb6-d2c00973dd28,d4275e18-239e-4fda-a44b-647e248a73e2,
531148,079ff7d2-0124-4d01-8bb6-d2c00973dd28,ef16d4b4-7d59-4678-b45c-05e8eb6e0f72,
531150,079ff7d2-0124-4d01-8bb6-d2c00973dd28,c6606413-32f6-48c4-bd0c-e975206ecfa6,
531812,079ff7d2-0124-4d01-8bb6-d2c00973dd28,8359768c-46c9-42c5-83ab-58c32b1913ca,
531821,079ff7d2-0124-4d01-8bb6-d2c00973dd28,e7881883-ad23-45b4-9d6f-d1ab18c297d9,
531823,079ff7d2-0124-4d01-8bb6-d2c00973dd28,70924c60-c63e-4e77-a26a-78d3724cf761,
531836,079ff7d2-0124-4d01-8bb6-d2c00973dd28,9af8f6ea-f849-467f-852a-906c756939c5,
547111,2b51cadd-eaec-40ec-931b-78eed6069276,98665798-dd78-4998-895f-085627726723,
547115,2b51cadd-eaec-40ec-931b-78eed6069276,8e39213c-a890-42e1-a6d2-4c9eddb39cff,
547136,2b51cadd-eaec-40ec-931b-78eed6069276,77068f6c-24b7-4f43-811a-8c868027d248,
547145,2b51cadd-eaec-40ec-931b-78eed6069276,756cb43f-663a-4181-ac7e-22d3b4fb3671,
547159,2b51cadd-eaec-40ec-931b-78eed6069276,eecdebfc-1721-4d03-8a68-a0c5f7e16a6f,
547161,2b51cadd-eaec-40ec-931b-78eed6069276,b676c359-5cc0-4f2f-b58f-377d679b4124,
547165,2b51cadd-eaec-40ec-931b-78eed6069276,954fa3c1-0176-4379-9da9-fcbfa72336e6,
547169,2b51cadd-eaec-40ec-931b-78eed6069276,97269045-03c2-4112-830d-bd36b56c0028,
547170,2b51cadd-eaec-40ec-931b-78eed6069276,cfe0f2c9-857b-400b-89b1-975b4a17a45d,
547172,2b51cadd-eaec-40ec-931b-78eed6069276,817b566c-d929-4166-97f3-b4131f9a439e,
547182,2b51cadd-eaec-40ec-931b-78eed6069276,0500fabf-73a3-4fc4-8295-f5c85fe7e6f3,
547185,2b51cadd-eaec-40ec-931b-78eed6069276,12c02466-05e7-4de5-a0e5-c271f0522dec,
547187,2b51cadd-eaec-40ec-931b-78eed6069276,95bda01a-68a3-4e83-bf41-7061aa9380de,
547191,2b51cadd-eaec-40ec-931b-78eed6069276,6e4902df-479d-4ff3-9275-17372a9bc576,
547193,2b51cadd-eaec-40ec-931b-78eed6069276,4e682816-8f5e-404b-954a-af25eeeb20c7,
547197,2b51cadd-eaec-40ec-931b-78eed6069276,085f217b-2836-48e3-9de3-bfa5d11ec220,
547203,2b51cadd-eaec-40ec-931b-78eed6069276,a821368e-b667-4708-868f-e5d1d372d8e3,
547207,2b51cadd-eaec-40ec-931b-78eed6069276,77a8fede-fe53-4197-a802-58c5ebf0708d,
547220,2b51cadd-eaec-40ec-931b-78eed6069276,17ab27bc-dd83-46b0-a56d-ba78b41ee803,
547224,2b51cadd-eaec-40ec-931b-78eed6069276,3d5cb070-206a-48f1-838f-3b63ebf079fc,
547225,2b51cadd-eaec-40ec-931b-78eed6069276,3d789e18-25f3-4592-8c44-f9af9e5f68f4,
547230,2b51cadd-eaec-40ec-931b-78eed6069276,32be6f70-14db-461a-9352-928509cc94c4,
547246,2b51cadd-eaec-40ec-931b-78eed6069276,a05c4d98-4083-4591-b168-f13b68fb3716,
547250,2b51cadd-eaec-40ec-931b-78eed6069276,e134f42f-b4b1-4c33-9919-e87ffe054202,
564065,d6d08cb9-7d83-475c-954e-c54f38ccae75,5827ff23-bbd1-48c7-a099-84122d168ac7,
564077,d6d08cb9-7d83-475c-954e-c54f38ccae75,4df4bf16-ae17-462f-8f08-d54c9155eea1,
564087,d6d08cb9-7d83-475c-954e-c54f38ccae75,6e05d9d5-6117-4125-9f4f-e822e8849b14,
564089,d6d08cb9-7d83-475c-954e-c54f38ccae75,e96b5f3d-1e36-4ce6-b1c1-d4a0d88a8fed,
564105,d6d08cb9-7d83-475c-954e-c54f38ccae75,5a9c9653-08d2-47df-b6b0-475855d5267a,
564109,d6d08cb9-7d83-475c-954e-c54f38ccae75,8647de4f-acec-43b4-b80a-7d367b40d2d1,
564110,d6d08cb9-7d83-475c-954e-c54f38ccae75,771c01c2-a602-4d4c-a343-f35d6c78ec19,
564122,d6d08cb9-7d83-475c-954e-c54f38ccae75,52986aaa-9c04-4bfa-bfa1-4f19f07681cf,
564124,d6d08cb9-7d83-475c-954e-c54f38ccae75,affc71e8-ae23-49d1-b03c-15f85d55cb0a,
564129,d6d08cb9-7d83-475c-954e-c54f38ccae75,a10906f3-e68c-4d8e-8c66-6fac44c07739,
564133,d6d08cb9-7d83-475c-954e-c54f38ccae75,49122c85-c7e7-4c14-b789-01facd490b2b,
574207,00a3beb5-577c-401b-8da0-732d4367ddb8,e16ffb1b-58ea-448d-bdd5-b6031b803ad2,
195918,0c8d5a95-9632-4d12-b1a7-0af6da7f5e95,c4ff9044-f451-47a2-9cf5-55e81ed5b1c0,
195922,0c8d5a95-9632-4d12-b1a7-0af6da7f5e95,5f093683-cd91-483a-9d7c-0a85462dcb21,
195923,0c8d5a95-9632-4d12-b1a7-0af6da7f5e95,da54e5a2-fbfb-4b1d-8ec7-c4d5f6ed26ed,
195928,0c8d5a95-9632-4d12-b1a7-0af6da7f5e95,7a6f5768-be48-4a27-a956-c1582edef8bd,
195932,0c8d5a95-9632-4d12-b1a7-0af6da7f5e95,18082121-85e5-4058-97cd-572766f087d5,
195941,0c8d5a95-9632-4d12-b1a7-0af6da7f5e95,e23b1341-3436-4815-a65e-69f3eb8c1046,
195962,0c8d5a95-9632-4d12-b1a7-0af6da7f5e95,b2376ee4-76ce-4671-bc98-393e4fc51a22,
195966,0c8d5a95-9632-4d12-b1a7-0af6da7f5e95,9cd00ee2-afcb-4465-b229-398e609e3a0d,
195975,0c8d5a95-9632-4d12-b1a7-0af6da7f5e95,a7ca25f7-d17f-41ce-9f6a-f9df97c5b5d5,
196111,affa1a39-790c-4e9e-b8c0-08db50883d6d,3769fe44-8393-4fff-a46c-a8e88b86fa0a,
196125,affa1a39-790c-4e9e-b8c0-08db50883d6d,c2b35033-a714-4db3-964c-6b546bf7e6b5,
196128,affa1a39-790c-4e9e-b8c0-08db50883d6d,9bf75b6b-81c9-491a-92eb-117622af2596,
196132,affa1a39-790c-4e9e-b8c0-08db50883d6d,10fc5193-b249-4c70-9526-c316b8991d10,
196144,affa1a39-790c-4e9e-b8c0-08db50883d6d,7c71a4e5-2aaa-4128-a459-d303465e217b,
196147,affa1a39-790c-4e9e-b8c0-08db50883d6d,a696591b-d1de-4f1e-bfdf-9d68a0d691cb,
196153,affa1a39-790c-4e9e-b8c0-08db50883d6d,204c79ea-7f9a-443f-866f-6005b2594f18,
196156,affa1a39-790c-4e9e-b8c0-08db50883d6d,74c7e86f-14d9-4ca4-85c8-02fbbdc21fec,
196165,affa1a39-790c-4e9e-b8c0-08db50883d6d,10675540-984d-4638-a65f-c875e78dd191,
196166,affa1a39-790c-4e9e-b8c0-08db50883d6d,dbcd1a04-4d70-4bdb-8b2a-185d6ecf5849,
196173,affa1a39-790c-4e9e-b8c0-08db50883d6d,59a33b26-bd16-4e40-b289-7a163a96ff69,
196175,affa1a39-790c-4e9e-b8c0-08db50883d6d,772e9de5-97ee-40e8-a68a-bea8a93d162b,
196176,affa1a39-790c-4e9e-b8c0-08db50883d6d,426d14b9-0224-42f6-a8c1-06220e03d3cc,
228243,7a3d3557-446d-4481-b2c4-34cf3b30a153,3d1b6096-8528-40be-9136-c0fbee0a0409,
228247,7a3d3557-446d-4481-b2c4-34cf3b30a153,9fbc75c7-95a5-4223-af2b-fe49dbdebecc,
228289,7a3d3557-446d-4481-b2c4-34cf3b30a153,b2376ee4-76ce-4671-bc98-393e4fc51a22,
530524,59fc3098-63a0-4143-991c-751226583716,fedd8594-29e8-493a-a8db-9274a69d641e,
530653,d3afb79f-1b5d-42e5-bb37-fa278f5534e3,a080d453-0391-4fc0-a77a-0c6e2ccad31c,
530661,d3afb79f-1b5d-42e5-bb37-fa278f5534e3,cd754558-e60b-4a7a-9aa5-4b729fb8add9,
530665,d3afb79f-1b5d-42e5-bb37-fa278f5534e3,52986aaa-9c04-4bfa-bfa1-4f19f07681cf,
530670,d3afb79f-1b5d-42e5-bb37-fa278f5534e3,0543830f-d978-435f-a6d2-3affb01aa83c,
531120,079ff7d2-0124-4d01-8bb6-d2c00973dd28,5a9c9653-08d2-47df-b6b0-475855d5267a,
531132,079ff7d2-0124-4d01-8bb6-d2c00973dd28,b8fef6d0-3114-4471-8203-fe0b324cf97b,
531134,079ff7d2-0124-4d01-8bb6-d2c00973dd28,d105e5cb-b6f8-4b0d-88cd-281fc47e0217,
531137,079ff7d2-0124-4d01-8bb6-d2c00973dd28,2beefdc0-2da5-4ae5-9880-8b20ff078794,
531138,079ff7d2-0124-4d01-8bb6-d2c00973dd28,6ec13b00-476e-4ff1-8735-3ab79b4fb9a5,
531149,079ff7d2-0124-4d01-8bb6-d2c00973dd28,96b9f38e-c600-4cc4-ae8b-025b579bb6af,
531806,079ff7d2-0124-4d01-8bb6-d2c00973dd28,ead07cf1-8194-478d-a480-be209599e95e,
531817,079ff7d2-0124-4d01-8bb6-d2c00973dd28,8cb7b10f-7ecd-441a-bd83-48b7551a382f,
531827,079ff7d2-0124-4d01-8bb6-d2c00973dd28,affc71e8-ae23-49d1-b03c-15f85d55cb0a,
531833,079ff7d2-0124-4d01-8bb6-d2c00973dd28,60abe2c3-a4a2-45a0-a1ac-6c050a23edc5,
547110,2b51cadd-eaec-40ec-931b-78eed6069276,3d1b3af7-c6d8-4c75-8c67-24d5915c7e52,
547120,2b51cadd-eaec-40ec-931b-78eed6069276,f62749ef-4dea-44c4-a42d-75fbfc807de9,
547124,2b51cadd-eaec-40ec-931b-78eed6069276,407eaedc-fe92-44a1-87e5-8e0b7d06c73a,
547129,2b51cadd-eaec-40ec-931b-78eed6069276,a2cf5259-32ec-45fa-83e4-e2225fed4074,
547133,2b51cadd-eaec-40ec-931b-78eed6069276,2385368c-be13-407f-a0b2-cab178145872,
547139,2b51cadd-eaec-40ec-931b-78eed6069276,0b4e5344-ae6a-4942-bf67-293a0b305e6f,
547174,2b51cadd-eaec-40ec-931b-78eed6069276,f3577960-7921-4e1d-9ff1-35d915217dce,
547188,2b51cadd-eaec-40ec-931b-78eed6069276,e687fdc4-f885-44f2-9fc0-825602ab3158,
547194,2b51cadd-eaec-40ec-931b-78eed6069276,44f4590e-5c01-43f9-8ca9-c1612bc47d5b,
547196,2b51cadd-eaec-40ec-931b-78eed6069276,c6b54f25-d981-48ec-9688-e054cc3247a6,
547198,2b51cadd-eaec-40ec-931b-78eed6069276,e94e99fc-298f-4651-9671-979d8af3d478,
547206,2b51cadd-eaec-40ec-931b-78eed6069276,348e366a-3904-46aa-926d-49f9069d23fa,
547210,2b51cadd-eaec-40ec-931b-78eed6069276,11263207-d29d-489f-a5a7-6b568b52a877,
547226,2b51cadd-eaec-40ec-931b-78eed6069276,cf715f17-5105-48e1-a01a-a6bf60377258,
547227,2b51cadd-eaec-40ec-931b-78eed6069276,60e674d0-e1d3-420f-8dcb-d467ab8de307,
547244,2b51cadd-eaec-40ec-931b-78eed6069276,892169c8-5a97-4163-9496-da638ed93486,
547251,2b51cadd-eaec-40ec-931b-78eed6069276,480862f2-feb0-49b0-9497-5537f0dc2e43,
547253,2b51cadd-eaec-40ec-931b-78eed6069276,e7b103eb-7c35-4016-938c-70b1d021c2ef,
564085,d6d08cb9-7d83-475c-954e-c54f38ccae75,a080d453-0391-4fc0-a77a-0c6e2ccad31c,
564091,d6d08cb9-7d83-475c-954e-c54f38ccae75,85dba3b1-819b-4c61-b64c-9584d64f9236,
564100,d6d08cb9-7d83-475c-954e-c54f38ccae75,65abafdc-a9b7-4f94-83ec-4bb255e44ec1,
564101,d6d08cb9-7d83-475c-954e-c54f38ccae75,e372da76-027c-47f6-a629-7bd21120a292,
564113,d6d08cb9-7d83-475c-954e-c54f38ccae75,22a008b4-b9bd-45de-a1e6-3c3f9d0d67a1,
564130,d6d08cb9-7d83-475c-954e-c54f38ccae75,e590bf7f-85cf-4979-85dc-4ec647c22bd4,
564134,d6d08cb9-7d83-475c-954e-c54f38ccae75,c053432e-39c6-432c-b00a-701ea8574551,
564135,d6d08cb9-7d83-475c-954e-c54f38ccae75,9af8f6ea-f849-467f-852a-906c756939c5,
564136,d6d08cb9-7d83-475c-954e-c54f38ccae75,5b34f6b4-21f5-4ead-b8db-21a17ba34064,
574187,00a3beb5-577c-401b-8da0-732d4367ddb8,a32d7dbf-2ec8-433c-a5a4-0a980bba9c7a,
574193,00a3beb5-577c-401b-8da0-732d4367ddb8,d61092eb-216c-4c4f-b9c8-85a0fef2b465,
195915,0c8d5a95-9632-4d12-b1a7-0af6da7f5e95,09b9adf2-df24-4e7b-8794-e4d923221da4,
195916,0c8d5a95-9632-4d12-b1a7-0af6da7f5e95,fc505bba-136b-44a0-8a3a-3694fbf7a83d,
195920,0c8d5a95-9632-4d12-b1a7-0af6da7f5e95,f2176e41-fb91-49b8-8d38-e7e6dc426909,
195931,0c8d5a95-9632-4d12-b1a7-0af6da7f5e95,794977d9-b83d-4f58-a813-59ae139776b9,
195933,0c8d5a95-9632-4d12-b1a7-0af6da7f5e95,75b8502a-448c-4253-8ac7-12128953c367,
195938,0c8d5a95-9632-4d12-b1a7-0af6da7f5e95,e0f5d5df-2f38-4583-be9e-2a226a583f51,
195977,0c8d5a95-9632-4d12-b1a7-0af6da7f5e95,54e8cc83-b361-481e-a243-c7da1171c9f1,
196126,affa1a39-790c-4e9e-b8c0-08db50883d6d,5b692764-0f74-40af-8f63-279d4d99a4f7,
196129,affa1a39-790c-4e9e-b8c0-08db50883d6d,534fbf9d-f759-4dbf-be3d-7fae26224280,
196131,affa1a39-790c-4e9e-b8c0-08db50883d6d,4b315846-1c64-455c-9121-6e27c1dc4d9e,
196142,affa1a39-790c-4e9e-b8c0-08db50883d6d,92791ba9-9ef0-428c-8491-94a3d68cd64c,
196143,affa1a39-790c-4e9e-b8c0-08db50883d6d,82f1eae4-3385-4478-a5ea-70cd428474f3,
196148,affa1a39-790c-4e9e-b8c0-08db50883d6d,fc4288b4-5b7a-41b6-bede-bec057f584f7,
196149,affa1a39-790c-4e9e-b8c0-08db50883d6d,074dd80e-919b-49ca-a068-4fe4cbc338a5,
196177,affa1a39-790c-4e9e-b8c0-08db50883d6d,73aac93a-bd7f-4e42-8843-5b6fa9356360,
196178,affa1a39-790c-4e9e-b8c0-08db50883d6d,94ef4975-18ad-47fc-ad00-47860bfe378d,
196184,affa1a39-790c-4e9e-b8c0-08db50883d6d,f017d746-ba14-4e49-b447-a3386c36c339,
196185,affa1a39-790c-4e9e-b8c0-08db50883d6d,3f0f81b1-2459-4fa3-954b-08cbda4f0c9c,
228241,7a3d3557-446d-4481-b2c4-34cf3b30a153,f2176e41-fb91-49b8-8d38-e7e6dc426909,
228256,7a3d3557-446d-4481-b2c4-34cf3b30a153,acc88bb0-1086-4949-8a1b-eb06ca314923,
228258,7a3d3557-446d-4481-b2c4-34cf3b30a153,ecb127fd-6380-42bb-8622-d9815649ef65,
228262,7a3d3557-446d-4481-b2c4-34cf3b30a153,7cc80a5c-c9cd-4f94-9c03-206e273ba25e,
228299,7a3d3557-446d-4481-b2c4-34cf3b30a153,307b6a1b-c728-4bcc-acf4-136f654b4c79,
228308,7a3d3557-446d-4481-b2c4-34cf3b30a153,a7ca25f7-d17f-41ce-9f6a-f9df97c5b5d5,
228311,7a3d3557-446d-4481-b2c4-34cf3b30a153,817c7a05-6fb8-47a5-8d32-7fde6d4b4cb1,
228660,bb0e76fe-2693-4195-91e7-0ac358e2f57a,c15bb521-f9e0-441f-aa0a-477371816bd4,
228670,bb0e76fe-2693-4195-91e7-0ac358e2f57a,da54e5a2-fbfb-4b1d-8ec7-c4d5f6ed26ed,
228676,bb0e76fe-2693-4195-91e7-0ac358e2f57a,10fc5193-b249-4c70-9526-c316b8991d10,
228684,bb0e76fe-2693-4195-91e7-0ac358e2f57a,100df59b-ccad-4d8e-903d-1734692290b9,
228686,bb0e76fe-2693-4195-91e7-0ac358e2f57a,7cea2341-82f2-44a5-bbe5-db0fd8548fe7,
228687,bb0e76fe-2693-4195-91e7-0ac358e2f57a,9b006116-8236-457d-871d-e3f3c3130322,
228704,bb0e76fe-2693-4195-91e7-0ac358e2f57a,2793257a-bdaf-4345-b9cf-8a10d591ea96,
228706,bb0e76fe-2693-4195-91e7-0ac358e2f57a,460a6994-f926-4308-bf0c-b5a6381512f8,
228713,bb0e76fe-2693-4195-91e7-0ac358e2f57a,4c28394a-6075-48a2-931f-ecb1cff20437,
228717,bb0e76fe-2693-4195-91e7-0ac358e2f57a,7f2ed266-5e35-4217-b200-c4c24f9a5b81,
228721,bb0e76fe-2693-4195-91e7-0ac358e2f57a,dc2df3cb-1e9f-4439-a29d-65eec0e61960,
228727,bb0e76fe-2693-4195-91e7-0ac358e2f57a,7d499dfe-a781-423e-b384-770d65785fe4,
275070,adf23f74-f6b0-43bf-9255-2242959d8737,ce6db7ba-255e-43f3-ba67-5fcd4ceb5db6,
564123,d6d08cb9-7d83-475c-954e-c54f38ccae75,db8e96cd-8a53-43b8-a241-6cebe548edc1,
564138,d6d08cb9-7d83-475c-954e-c54f38ccae75,d4275e18-239e-4fda-a44b-647e248a73e2,
564142,d6d08cb9-7d83-475c-954e-c54f38ccae75,96b9f38e-c600-4cc4-ae8b-025b579bb6af,
564144,d6d08cb9-7d83-475c-954e-c54f38ccae75,1493f341-3231-4c9c-950c-c623e9c53516,
574205,00a3beb5-577c-401b-8da0-732d4367ddb8,b29855ea-fc76-473a-8eae-ef265ff062f0,
195919,0c8d5a95-9632-4d12-b1a7-0af6da7f5e95,ce6db7ba-255e-43f3-ba67-5fcd4ceb5db6,
195930,0c8d5a95-9632-4d12-b1a7-0af6da7f5e95,acc88bb0-1086-4949-8a1b-eb06ca314923,
195946,0c8d5a95-9632-4d12-b1a7-0af6da7f5e95,cc97acc9-d5e1-4c95-bca4-d9f54745241b,
195952,0c8d5a95-9632-4d12-b1a7-0af6da7f5e95,797565bb-9968-444b-9af2-9eac79ca44c6,
195958,0c8d5a95-9632-4d12-b1a7-0af6da7f5e95,b6f9888b-3cdd-4836-9eaf-8547b5545a71,
195963,0c8d5a95-9632-4d12-b1a7-0af6da7f5e95,4c28394a-6075-48a2-931f-ecb1cff20437,
195972,0c8d5a95-9632-4d12-b1a7-0af6da7f5e95,62b6642f-bab9-4187-baa2-c34c32f0da99,
196109,affa1a39-790c-4e9e-b8c0-08db50883d6d,3d1b6096-8528-40be-9136-c0fbee0a0409,
196112,affa1a39-790c-4e9e-b8c0-08db50883d6d,0b44fb0a-839a-4381-91b8-f12e6d529818,
196115,affa1a39-790c-4e9e-b8c0-08db50883d6d,6ce5069e-cad8-4001-89d2-26907dc4e819,
196133,affa1a39-790c-4e9e-b8c0-08db50883d6d,3873163d-60a2-440b-91aa-e9903ea15236,
196154,affa1a39-790c-4e9e-b8c0-08db50883d6d,7cc80a5c-c9cd-4f94-9c03-206e273ba25e,
196160,affa1a39-790c-4e9e-b8c0-08db50883d6d,6b25474f-866e-4efa-bbe9-ae9f50c78b4a,
196167,affa1a39-790c-4e9e-b8c0-08db50883d6d,6b16b4b8-9133-456c-a68c-358245e273e3,
228237,7a3d3557-446d-4481-b2c4-34cf3b30a153,fc505bba-136b-44a0-8a3a-3694fbf7a83d,
228250,7a3d3557-446d-4481-b2c4-34cf3b30a153,4b315846-1c64-455c-9121-6e27c1dc4d9e,
228253,7a3d3557-446d-4481-b2c4-34cf3b30a153,a10fd2a0-c2de-43e9-b168-f9f1dd50e9a3,
228267,7a3d3557-446d-4481-b2c4-34cf3b30a153,ecb70459-bb72-409e-92be-5b173681bbf8,
228286,7a3d3557-446d-4481-b2c4-34cf3b30a153,20683aca-2a94-4fbf-aa99-4938547710ca,
228288,7a3d3557-446d-4481-b2c4-34cf3b30a153,10675540-984d-4638-a65f-c875e78dd191,
228291,7a3d3557-446d-4481-b2c4-34cf3b30a153,26781a67-e991-479c-948a-3ac8ed7c0c70,
228302,7a3d3557-446d-4481-b2c4-34cf3b30a153,fc4288b4-5b7a-41b6-bede-bec057f584f7,
228672,bb0e76fe-2693-4195-91e7-0ac358e2f57a,534fbf9d-f759-4dbf-be3d-7fae26224280,
228680,bb0e76fe-2693-4195-91e7-0ac358e2f57a,a1075b21-93bf-4250-83a2-27a2f1dfc7f7,
228681,bb0e76fe-2693-4195-91e7-0ac358e2f57a,7659379a-17a8-48ee-ae2a-51b8392be511,
228682,bb0e76fe-2693-4195-91e7-0ac358e2f57a,e0f5d5df-2f38-4583-be9e-2a226a583f51,
228685,bb0e76fe-2693-4195-91e7-0ac358e2f57a,7c0be3de-f78b-427a-9101-1d53cf41e03f,
228692,bb0e76fe-2693-4195-91e7-0ac358e2f57a,711324dc-fdd4-4676-ad01-cdf72761afeb,
228700,bb0e76fe-2693-4195-91e7-0ac358e2f57a,f7100a7e-adb5-4969-b1d3-c0a7dfd6e2b0,
228703,bb0e76fe-2693-4195-91e7-0ac358e2f57a,cb9947fa-0f01-4d11-a616-60c4c9d8a78c,
228705,bb0e76fe-2693-4195-91e7-0ac358e2f57a,ece8071f-80b9-44b2-b343-1056e4a79dfd,
228720,bb0e76fe-2693-4195-91e7-0ac358e2f57a,9cd00ee2-afcb-4465-b229-398e609e3a0d,
275074,adf23f74-f6b0-43bf-9255-2242959d8737,534fbf9d-f759-4dbf-be3d-7fae26224280,
275079,adf23f74-f6b0-43bf-9255-2242959d8737,7cea2341-82f2-44a5-bbe5-db0fd8548fe7,
275083,adf23f74-f6b0-43bf-9255-2242959d8737,7fa8f41a-e525-43cc-b219-e33af5f85ac4,
275087,adf23f74-f6b0-43bf-9255-2242959d8737,4c28394a-6075-48a2-931f-ecb1cff20437,
275740,34212be1-f6a4-49b4-b93b-faa9bfcd20c2,7657550f-b2af-46c9-a2d2-e500b8137e6e,
275741,34212be1-f6a4-49b4-b93b-faa9bfcd20c2,82f1eae4-3385-4478-a5ea-70cd428474f3,
277939,c2905613-9115-492b-85f7-949a23846ba0,3cbdf922-6d25-4a37-96de-2c76d8e27744,
277946,c2905613-9115-492b-85f7-949a23846ba0,a10fd2a0-c2de-43e9-b168-f9f1dd50e9a3,
277961,c2905613-9115-492b-85f7-949a23846ba0,e23b1341-3436-4815-a65e-69f3eb8c1046,
277963,c2905613-9115-492b-85f7-949a23846ba0,74c7e86f-14d9-4ca4-85c8-02fbbdc21fec,
277971,c2905613-9115-492b-85f7-949a23846ba0,797565bb-9968-444b-9af2-9eac79ca44c6,
277976,c2905613-9115-492b-85f7-949a23846ba0,41bc9ba9-2733-4772-817d-d6c5e9bf2da9,
277979,c2905613-9115-492b-85f7-949a23846ba0,10675540-984d-4638-a65f-c875e78dd191,
277980,c2905613-9115-492b-85f7-949a23846ba0,b2376ee4-76ce-4671-bc98-393e4fc51a22,
277985,c2905613-9115-492b-85f7-949a23846ba0,851fc06d-0ee6-4d88-858e-487cad378e00,
277992,c2905613-9115-492b-85f7-949a23846ba0,0bb32681-df31-45cf-a36d-ba2f828fe7ef,
277995,c2905613-9115-492b-85f7-949a23846ba0,966d5a86-1e7d-484c-a63e-ee9ec060e269,
617334,2cd66b47-02bf-4683-a892-999bc1b5f5a3,fdb1ce61-da53-4554-836e-b54360cc188f,2023-07-27 14:30:26.366
617348,2cd66b47-02bf-4683-a892-999bc1b5f5a3,12c02466-05e7-4de5-a0e5-c271f0522dec,2023-07-27 14:34:47.301
279836,cf66d45d-4bd6-4e59-8dd0-b6027bf6c866,abc94438-9ef6-47a6-9647-2a4c0111fe99,
619532,acd8f6c8-d2b2-4748-a12b-84b706ba5cc0,98665798-dd78-4998-895f-085627726723,2023-08-02 10:20:50.847
619536,acd8f6c8-d2b2-4748-a12b-84b706ba5cc0,756cb43f-663a-4181-ac7e-22d3b4fb3671,2023-08-02 10:20:04.150
619545,acd8f6c8-d2b2-4748-a12b-84b706ba5cc0,491059e2-2ef6-4f1d-83ce-2d6511898780,2023-08-02 09:49:15.433
619553,acd8f6c8-d2b2-4748-a12b-84b706ba5cc0,9d0a4414-f0cd-417a-b806-3718101636e0,2023-08-02 09:22:53.618
619558,acd8f6c8-d2b2-4748-a12b-84b706ba5cc0,54e2440f-5c63-4799-9c34-64ebd8412f6d,2023-08-02 09:46:44.595
619562,acd8f6c8-d2b2-4748-a12b-84b706ba5cc0,0500fabf-73a3-4fc4-8295-f5c85fe7e6f3,2023-08-02 09:18:13.038
619563,acd8f6c8-d2b2-4748-a12b-84b706ba5cc0,d03c4cdf-f657-4673-af80-115ec8a5ec0c,2023-08-02 09:21:50.565
619568,acd8f6c8-d2b2-4748-a12b-84b706ba5cc0,9802cabc-4f24-4452-9029-d5bc8f5ee7f7,2023-08-02 09:59:24.990
619576,acd8f6c8-d2b2-4748-a12b-84b706ba5cc0,839129a2-d71f-4d4b-a945-5990579a7ed9,2023-08-02 10:19:25.582
619579,acd8f6c8-d2b2-4748-a12b-84b706ba5cc0,ddfcc222-bc46-4460-bd06-e35a539344cb,2023-08-02 09:46:07.391
292757,20444107-0c34-444f-8f62-840fbbb4771d,5f093683-cd91-483a-9d7c-0a85462dcb21,
292759,20444107-0c34-444f-8f62-840fbbb4771d,1214fada-f7ac-49f6-9fee-05ef8a6656d6,
292777,20444107-0c34-444f-8f62-840fbbb4771d,9b006116-8236-457d-871d-e3f3c3130322,
292781,20444107-0c34-444f-8f62-840fbbb4771d,e21ebd7c-194f-4c30-8309-3b859da8e8ff,
292784,20444107-0c34-444f-8f62-840fbbb4771d,f7100a7e-adb5-4969-b1d3-c0a7dfd6e2b0,
292803,20444107-0c34-444f-8f62-840fbbb4771d,7c71a4e5-2aaa-4128-a459-d303465e217b,
292806,20444107-0c34-444f-8f62-840fbbb4771d,450110bf-06d1-4305-a82c-0dcdff2f8125,
292818,20444107-0c34-444f-8f62-840fbbb4771d,cc97acc9-d5e1-4c95-bca4-d9f54745241b,
626511,40151366-ef7f-4fe4-ad64-0d6456f4bd4f,fd5a7845-2b68-403b-b2ac-31b26a2cf779,2023-08-15 09:26:37.572
626530,40151366-ef7f-4fe4-ad64-0d6456f4bd4f,f068c0bd-12be-4798-b721-3fecbfd6f223,2023-08-15 09:56:44.206
626532,40151366-ef7f-4fe4-ad64-0d6456f4bd4f,d105e5cb-b6f8-4b0d-88cd-281fc47e0217,2023-08-15 10:01:28.827
626536,40151366-ef7f-4fe4-ad64-0d6456f4bd4f,f161da6c-1ac0-4ae0-a5ac-6a2e60cf25dd,2023-08-15 10:05:01.640
626538,40151366-ef7f-4fe4-ad64-0d6456f4bd4f,80a38c8e-29a8-4129-9cf8-4d45b712730c,2023-08-15 10:03:01.323
626540,40151366-ef7f-4fe4-ad64-0d6456f4bd4f,af928aaa-59f6-4056-ab3b-f9dcd1ac3aa4,2023-08-15 09:45:24.705
626548,40151366-ef7f-4fe4-ad64-0d6456f4bd4f,5b34f6b4-21f5-4ead-b8db-21a17ba34064,2023-08-15 09:47:10.207
196152,affa1a39-790c-4e9e-b8c0-08db50883d6d,a10fd2a0-c2de-43e9-b168-f9f1dd50e9a3,
196168,affa1a39-790c-4e9e-b8c0-08db50883d6d,450110bf-06d1-4305-a82c-0dcdff2f8125,
196172,affa1a39-790c-4e9e-b8c0-08db50883d6d,ecb127fd-6380-42bb-8622-d9815649ef65,
196174,affa1a39-790c-4e9e-b8c0-08db50883d6d,10505166-001b-47f2-b1e8-cbd9f1405ff1,
196182,affa1a39-790c-4e9e-b8c0-08db50883d6d,711324dc-fdd4-4676-ad01-cdf72761afeb,
228240,7a3d3557-446d-4481-b2c4-34cf3b30a153,c2b35033-a714-4db3-964c-6b546bf7e6b5,
228242,7a3d3557-446d-4481-b2c4-34cf3b30a153,5b692764-0f74-40af-8f63-279d4d99a4f7,
228244,7a3d3557-446d-4481-b2c4-34cf3b30a153,d87278e0-1e2b-4a28-8d73-9af8b7303792,
228257,7a3d3557-446d-4481-b2c4-34cf3b30a153,794977d9-b83d-4f58-a813-59ae139776b9,
228263,7a3d3557-446d-4481-b2c4-34cf3b30a153,eb52a3f3-c890-4fd5-b34d-fb02216a103b,
228265,7a3d3557-446d-4481-b2c4-34cf3b30a153,9a5d8d16-4004-4585-b500-3484bf8d8cd2,
228271,7a3d3557-446d-4481-b2c4-34cf3b30a153,468d9197-2e40-46dd-854d-47353c0a66af,
228273,7a3d3557-446d-4481-b2c4-34cf3b30a153,63a0f877-1980-433d-bb58-b3de18f91328,
228285,7a3d3557-446d-4481-b2c4-34cf3b30a153,41bc9ba9-2733-4772-817d-d6c5e9bf2da9,
228287,7a3d3557-446d-4481-b2c4-34cf3b30a153,b6f9888b-3cdd-4836-9eaf-8547b5545a71,
228310,7a3d3557-446d-4481-b2c4-34cf3b30a153,271c4d38-15d9-48ac-9d7c-f50f342d820e,
228658,bb0e76fe-2693-4195-91e7-0ac358e2f57a,3ffa7e4d-232c-4d1d-b146-90ea8aa42803,
228659,bb0e76fe-2693-4195-91e7-0ac358e2f57a,a830501a-010d-4f33-be76-9e420b4b8cba,
228669,bb0e76fe-2693-4195-91e7-0ac358e2f57a,1214fada-f7ac-49f6-9fee-05ef8a6656d6,
228694,bb0e76fe-2693-4195-91e7-0ac358e2f57a,94e6e067-695a-4884-b9f2-ccd1b6d78a72,
228711,bb0e76fe-2693-4195-91e7-0ac358e2f57a,5776f066-a82c-4f55-99be-d1e3be638c19,
228712,bb0e76fe-2693-4195-91e7-0ac358e2f57a,9cdda4fd-c9b4-45b3-8ec7-ec1551598f99,
228715,bb0e76fe-2693-4195-91e7-0ac358e2f57a,7c71a4e5-2aaa-4128-a459-d303465e217b,
228725,bb0e76fe-2693-4195-91e7-0ac358e2f57a,3f5016c5-dcc8-4703-9591-0a49ceeb8e42,
275082,adf23f74-f6b0-43bf-9255-2242959d8737,25de4b95-2102-48b0-94f2-e559a3315bb9,
275714,34212be1-f6a4-49b4-b93b-faa9bfcd20c2,59a33b26-bd16-4e40-b289-7a163a96ff69,
275719,34212be1-f6a4-49b4-b93b-faa9bfcd20c2,772e9de5-97ee-40e8-a68a-bea8a93d162b,
275728,34212be1-f6a4-49b4-b93b-faa9bfcd20c2,8f32d77c-b2e8-4b8a-9bcc-9fc078370e3f,
275746,34212be1-f6a4-49b4-b93b-faa9bfcd20c2,7c71a4e5-2aaa-4128-a459-d303465e217b,
277943,c2905613-9115-492b-85f7-949a23846ba0,4b315846-1c64-455c-9121-6e27c1dc4d9e,
277972,c2905613-9115-492b-85f7-949a23846ba0,24961180-84c7-4b60-b86d-37c01b72f9b5,
277988,c2905613-9115-492b-85f7-949a23846ba0,576abf73-7ebd-4b36-82cd-13dcc5ae96a2,
277989,c2905613-9115-492b-85f7-949a23846ba0,a696591b-d1de-4f1e-bfdf-9d68a0d691cb,
277991,c2905613-9115-492b-85f7-949a23846ba0,c794a9a4-3712-45b8-9e13-539e9cc461f8,
279844,cf66d45d-4bd6-4e59-8dd0-b6027bf6c866,ea36d045-53e6-4411-a6ae-bd9a9ddc3678,
619526,acd8f6c8-d2b2-4748-a12b-84b706ba5cc0,74927492-8cbb-4407-bdb9-f0925032cf04,2023-08-02 09:39:14.288
619527,acd8f6c8-d2b2-4748-a12b-84b706ba5cc0,6d596a9e-5671-4d92-aa86-a249ea51bada,2023-08-02 09:31:45.534
619543,acd8f6c8-d2b2-4748-a12b-84b706ba5cc0,cd4edef4-67ec-425d-8cf4-2d8c827043a0,2023-08-02 10:18:13.780
619544,acd8f6c8-d2b2-4748-a12b-84b706ba5cc0,267387f8-faea-4f92-b0e4-8de10af42b56,2023-08-02 10:09:31.477
619546,acd8f6c8-d2b2-4748-a12b-84b706ba5cc0,085f217b-2836-48e3-9de3-bfa5d11ec220,2023-08-02 10:13:31.402
619551,acd8f6c8-d2b2-4748-a12b-84b706ba5cc0,b676c359-5cc0-4f2f-b58f-377d679b4124,2023-08-02 10:21:28.358
619557,acd8f6c8-d2b2-4748-a12b-84b706ba5cc0,12c02466-05e7-4de5-a0e5-c271f0522dec,2023-08-02 10:22:13.785
292761,20444107-0c34-444f-8f62-840fbbb4771d,426d14b9-0224-42f6-a8c1-06220e03d3cc,
292763,20444107-0c34-444f-8f62-840fbbb4771d,30af59e6-1ced-4d0b-82af-c1b2c3b8562b,
292766,20444107-0c34-444f-8f62-840fbbb4771d,10fc5193-b249-4c70-9526-c316b8991d10,
292771,20444107-0c34-444f-8f62-840fbbb4771d,7659379a-17a8-48ee-ae2a-51b8392be511,
292774,20444107-0c34-444f-8f62-840fbbb4771d,100df59b-ccad-4d8e-903d-1734692290b9,
292785,20444107-0c34-444f-8f62-840fbbb4771d,ea36d045-53e6-4411-a6ae-bd9a9ddc3678,
292791,20444107-0c34-444f-8f62-840fbbb4771d,cb9947fa-0f01-4d11-a616-60c4c9d8a78c,
292795,20444107-0c34-444f-8f62-840fbbb4771d,4bf63f47-bd63-4c0c-a826-0028fa35bed7,
292808,20444107-0c34-444f-8f62-840fbbb4771d,9cd00ee2-afcb-4465-b229-398e609e3a0d,
292816,20444107-0c34-444f-8f62-840fbbb4771d,3dde5fe3-7132-49f8-8373-deae64b515a6,
626518,40151366-ef7f-4fe4-ad64-0d6456f4bd4f,4bfe6032-bbe1-485e-8b29-2aa4a92ee6f1,2023-08-15 10:00:04.136
626523,40151366-ef7f-4fe4-ad64-0d6456f4bd4f,db8e96cd-8a53-43b8-a241-6cebe548edc1,2023-08-15 09:40:51.439
626529,40151366-ef7f-4fe4-ad64-0d6456f4bd4f,2beefdc0-2da5-4ae5-9880-8b20ff078794,2023-08-15 09:57:47.802
626531,40151366-ef7f-4fe4-ad64-0d6456f4bd4f,66de2643-672c-42f4-aa55-0cb8af9bb980,2023-08-15 09:40:04.816
626550,40151366-ef7f-4fe4-ad64-0d6456f4bd4f,6f4331c8-c8f0-4235-a5e9-f26b2b3cf2a5,2023-08-15 09:24:14.800
626552,40151366-ef7f-4fe4-ad64-0d6456f4bd4f,31eac5fd-2662-4c6b-8c19-c5278b07e200,2023-08-15 10:09:56.176
626558,40151366-ef7f-4fe4-ad64-0d6456f4bd4f,595efe9c-c095-4374-ad95-2777b5604f37,2023-08-15 10:13:22.953
626572,40151366-ef7f-4fe4-ad64-0d6456f4bd4f,65abafdc-a9b7-4f94-83ec-4bb255e44ec1,2023-08-15 10:04:32.700
626578,40151366-ef7f-4fe4-ad64-0d6456f4bd4f,dd5a21f8-7431-4713-ae6b-7b8bf03d74e0,2023-08-15 09:35:28.594
626579,40151366-ef7f-4fe4-ad64-0d6456f4bd4f,7b7a7362-09be-4ab1-8de1-f0241d79eb80,2023-08-15 09:28:29.173
626588,40151366-ef7f-4fe4-ad64-0d6456f4bd4f,9af8f6ea-f849-467f-852a-906c756939c5,2023-08-15 09:34:25.590
626594,40151366-ef7f-4fe4-ad64-0d6456f4bd4f,86713e67-6161-41a8-95f8-f95c594dbb50,2023-08-15 10:01:08.688
309239,f6ebad86-da66-4efe-84b3-49da40a4c504,426d14b9-0224-42f6-a8c1-06220e03d3cc,
309244,f6ebad86-da66-4efe-84b3-49da40a4c504,10fc5193-b249-4c70-9526-c316b8991d10,
309247,f6ebad86-da66-4efe-84b3-49da40a4c504,ee195c95-8a17-484b-905a-e51ba97db105,
309255,f6ebad86-da66-4efe-84b3-49da40a4c504,8f32d77c-b2e8-4b8a-9bcc-9fc078370e3f,
309261,f6ebad86-da66-4efe-84b3-49da40a4c504,f7100a7e-adb5-4969-b1d3-c0a7dfd6e2b0,
309264,f6ebad86-da66-4efe-84b3-49da40a4c504,f017d746-ba14-4e49-b447-a3386c36c339,
309280,f6ebad86-da66-4efe-84b3-49da40a4c504,7c71a4e5-2aaa-4128-a459-d303465e217b,
309291,f6ebad86-da66-4efe-84b3-49da40a4c504,62b6642f-bab9-4187-baa2-c34c32f0da99,
309292,f6ebad86-da66-4efe-84b3-49da40a4c504,7d499dfe-a781-423e-b384-770d65785fe4,
309295,f6ebad86-da66-4efe-84b3-49da40a4c504,cc97acc9-d5e1-4c95-bca4-d9f54745241b,
310955,412ce205-0357-4ed1-a448-488649fb2ff3,fc505bba-136b-44a0-8a3a-3694fbf7a83d,
310959,412ce205-0357-4ed1-a448-488649fb2ff3,f2176e41-fb91-49b8-8d38-e7e6dc426909,
310975,412ce205-0357-4ed1-a448-488649fb2ff3,794977d9-b83d-4f58-a813-59ae139776b9,
310979,412ce205-0357-4ed1-a448-488649fb2ff3,7cc80a5c-c9cd-4f94-9c03-206e273ba25e,
310982,412ce205-0357-4ed1-a448-488649fb2ff3,9a5d8d16-4004-4585-b500-3484bf8d8cd2,
310992,412ce205-0357-4ed1-a448-488649fb2ff3,c9a0375a-6664-4bee-84dd-3a4bc874c716,
310995,412ce205-0357-4ed1-a448-488649fb2ff3,797565bb-9968-444b-9af2-9eac79ca44c6,
311000,412ce205-0357-4ed1-a448-488649fb2ff3,41bc9ba9-2733-4772-817d-d6c5e9bf2da9,
195949,0c8d5a95-9632-4d12-b1a7-0af6da7f5e95,fe232bf8-1697-4993-9c1f-daab57c10edf,
195950,0c8d5a95-9632-4d12-b1a7-0af6da7f5e95,677f0633-2c4e-4df8-9436-d7ce9fee055f,
195964,0c8d5a95-9632-4d12-b1a7-0af6da7f5e95,1a86b86a-9752-4970-954f-64dde17567d4,
195970,0c8d5a95-9632-4d12-b1a7-0af6da7f5e95,c794a9a4-3712-45b8-9e13-539e9cc461f8,
195979,0c8d5a95-9632-4d12-b1a7-0af6da7f5e95,b036f307-872d-442c-b59b-a9ff98733ced,
196108,affa1a39-790c-4e9e-b8c0-08db50883d6d,f72c65b9-046d-4017-996c-06a1c692ad07,
196121,affa1a39-790c-4e9e-b8c0-08db50883d6d,e145607d-f135-4900-a295-61773942a02c,
196140,affa1a39-790c-4e9e-b8c0-08db50883d6d,2793257a-bdaf-4345-b9cf-8a10d591ea96,
196146,affa1a39-790c-4e9e-b8c0-08db50883d6d,307b6a1b-c728-4bcc-acf4-136f654b4c79,
196158,affa1a39-790c-4e9e-b8c0-08db50883d6d,769df82a-1233-4165-9f29-f4673d49c1e6,
196161,affa1a39-790c-4e9e-b8c0-08db50883d6d,ea36d045-53e6-4411-a6ae-bd9a9ddc3678,
196164,affa1a39-790c-4e9e-b8c0-08db50883d6d,460a6994-f926-4308-bf0c-b5a6381512f8,
196170,affa1a39-790c-4e9e-b8c0-08db50883d6d,7d499dfe-a781-423e-b384-770d65785fe4,
196179,affa1a39-790c-4e9e-b8c0-08db50883d6d,ee195c95-8a17-484b-905a-e51ba97db105,
196181,affa1a39-790c-4e9e-b8c0-08db50883d6d,468d9197-2e40-46dd-854d-47353c0a66af,
196183,affa1a39-790c-4e9e-b8c0-08db50883d6d,80d161ce-1387-4198-85dc-79933f2d6cdd,
196186,affa1a39-790c-4e9e-b8c0-08db50883d6d,bd6b975e-0547-43f2-9e62-c8459e257806,
196187,affa1a39-790c-4e9e-b8c0-08db50883d6d,dfe4916e-fbf0-4218-9227-3c1b173154e7,
196188,affa1a39-790c-4e9e-b8c0-08db50883d6d,abc94438-9ef6-47a6-9647-2a4c0111fe99,
228246,7a3d3557-446d-4481-b2c4-34cf3b30a153,9bf75b6b-81c9-491a-92eb-117622af2596,
228252,7a3d3557-446d-4481-b2c4-34cf3b30a153,94ef4975-18ad-47fc-ad00-47860bfe378d,
228254,7a3d3557-446d-4481-b2c4-34cf3b30a153,d135f560-fce2-4697-8472-475fa113bfa5,
228255,7a3d3557-446d-4481-b2c4-34cf3b30a153,9a9b9363-b686-4e83-98f9-b10345d17857,
228264,7a3d3557-446d-4481-b2c4-34cf3b30a153,ee6baaff-0973-4bbd-950a-25e1b8fd9ffc,
228268,7a3d3557-446d-4481-b2c4-34cf3b30a153,95e09ba6-f69a-4909-bce0-2b5920286336,
228276,7a3d3557-446d-4481-b2c4-34cf3b30a153,fe232bf8-1697-4993-9c1f-daab57c10edf,
228278,7a3d3557-446d-4481-b2c4-34cf3b30a153,5cd4959d-1f34-4ad0-9ee9-6ff829f0d823,
228283,7a3d3557-446d-4481-b2c4-34cf3b30a153,3f0f81b1-2459-4fa3-954b-08cbda4f0c9c,
228305,7a3d3557-446d-4481-b2c4-34cf3b30a153,204f1a14-0a08-4e81-8d01-bbd8984e47dd,
228306,7a3d3557-446d-4481-b2c4-34cf3b30a153,acf4d7a0-71c0-47df-816c-f329c66d204b,
228666,bb0e76fe-2693-4195-91e7-0ac358e2f57a,10505166-001b-47f2-b1e8-cbd9f1405ff1,
228683,bb0e76fe-2693-4195-91e7-0ac358e2f57a,769df82a-1233-4165-9f29-f4673d49c1e6,
228688,bb0e76fe-2693-4195-91e7-0ac358e2f57a,8f32d77c-b2e8-4b8a-9bcc-9fc078370e3f,
228693,bb0e76fe-2693-4195-91e7-0ac358e2f57a,677f0633-2c4e-4df8-9436-d7ce9fee055f,
228695,bb0e76fe-2693-4195-91e7-0ac358e2f57a,916570a8-fbaf-4e9b-a844-d09b852f14be,
228707,bb0e76fe-2693-4195-91e7-0ac358e2f57a,4bf63f47-bd63-4c0c-a826-0028fa35bed7,
228726,bb0e76fe-2693-4195-91e7-0ac358e2f57a,62b6642f-bab9-4187-baa2-c34c32f0da99,
275071,adf23f74-f6b0-43bf-9255-2242959d8737,1214fada-f7ac-49f6-9fee-05ef8a6656d6,
275089,adf23f74-f6b0-43bf-9255-2242959d8737,dc2df3cb-1e9f-4439-a29d-65eec0e61960,
275094,adf23f74-f6b0-43bf-9255-2242959d8737,abc94438-9ef6-47a6-9647-2a4c0111fe99,
275727,34212be1-f6a4-49b4-b93b-faa9bfcd20c2,7c0be3de-f78b-427a-9101-1d53cf41e03f,
275729,34212be1-f6a4-49b4-b93b-faa9bfcd20c2,6b25474f-866e-4efa-bbe9-ae9f50c78b4a,
275731,34212be1-f6a4-49b4-b93b-faa9bfcd20c2,711324dc-fdd4-4676-ad01-cdf72761afeb,
275744,34212be1-f6a4-49b4-b93b-faa9bfcd20c2,7f2ed266-5e35-4217-b200-c4c24f9a5b81,
277934,c2905613-9115-492b-85f7-949a23846ba0,c2b35033-a714-4db3-964c-6b546bf7e6b5,
277947,c2905613-9115-492b-85f7-949a23846ba0,d135f560-fce2-4697-8472-475fa113bfa5,
277962,c2905613-9115-492b-85f7-949a23846ba0,468d9197-2e40-46dd-854d-47353c0a66af,
277983,c2905613-9115-492b-85f7-949a23846ba0,6dd09559-842f-400f-b1de-3e824510afc5,
277999,c2905613-9115-492b-85f7-949a23846ba0,817c7a05-6fb8-47a5-8d32-7fde6d4b4cb1,
617332,2cd66b47-02bf-4683-a892-999bc1b5f5a3,9e7e0ecf-f0af-4557-9f88-53ea88c7b0ee,2023-07-27 14:29:51.580
617339,2cd66b47-02bf-4683-a892-999bc1b5f5a3,4e682816-8f5e-404b-954a-af25eeeb20c7,2023-07-27 14:35:16.729
279843,cf66d45d-4bd6-4e59-8dd0-b6027bf6c866,3dde5fe3-7132-49f8-8373-deae64b515a6,
619533,acd8f6c8-d2b2-4748-a12b-84b706ba5cc0,fdb94142-da49-4be5-aca8-e9907e181a10,2023-08-02 10:03:00.265
619535,acd8f6c8-d2b2-4748-a12b-84b706ba5cc0,a694373f-b174-4894-9cd6-698944cef4b3,2023-08-02 10:01:26.958
619549,acd8f6c8-d2b2-4748-a12b-84b706ba5cc0,8091fa8e-1bbb-41fd-8b4f-ea355f640bc1,2023-08-02 09:20:59.310
619550,acd8f6c8-d2b2-4748-a12b-84b706ba5cc0,e94e99fc-298f-4651-9671-979d8af3d478,2023-08-02 09:47:35.555
619564,acd8f6c8-d2b2-4748-a12b-84b706ba5cc0,a05c4d98-4083-4591-b168-f13b68fb3716,2023-08-02 09:39:41.588
619566,acd8f6c8-d2b2-4748-a12b-84b706ba5cc0,5b682352-bfa0-4c57-9453-fd82e84a1a24,2023-08-02 10:07:22.199
619567,acd8f6c8-d2b2-4748-a12b-84b706ba5cc0,17ab27bc-dd83-46b0-a56d-ba78b41ee803,2023-08-02 10:10:00.694
619575,acd8f6c8-d2b2-4748-a12b-84b706ba5cc0,97269045-03c2-4112-830d-bd36b56c0028,2023-08-02 09:45:38.365
619582,acd8f6c8-d2b2-4748-a12b-84b706ba5cc0,3b61ddb0-9951-4167-8bb0-f2db4c59310b,2023-08-02 10:00:52.894
619584,acd8f6c8-d2b2-4748-a12b-84b706ba5cc0,5902ff4e-3a0a-4272-84cf-c15cf171b168,2023-08-02 09:58:21.058
619585,acd8f6c8-d2b2-4748-a12b-84b706ba5cc0,c9cfd07f-691c-44f9-a79d-4baf6c9bb7a8,2023-08-02 09:41:48.120
292765,20444107-0c34-444f-8f62-840fbbb4771d,ed295c2d-7cbe-4cd9-9aa2-8d0117558505,
292767,20444107-0c34-444f-8f62-840fbbb4771d,7a6f5768-be48-4a27-a956-c1582edef8bd,
292772,20444107-0c34-444f-8f62-840fbbb4771d,e0f5d5df-2f38-4583-be9e-2a226a583f51,
292778,20444107-0c34-444f-8f62-840fbbb4771d,8f32d77c-b2e8-4b8a-9bcc-9fc078370e3f,
292793,20444107-0c34-444f-8f62-840fbbb4771d,ece8071f-80b9-44b2-b343-1056e4a79dfd,
292799,20444107-0c34-444f-8f62-840fbbb4771d,5776f066-a82c-4f55-99be-d1e3be638c19,
292802,20444107-0c34-444f-8f62-840fbbb4771d,1a86b86a-9752-4970-954f-64dde17567d4,
626514,40151366-ef7f-4fe4-ad64-0d6456f4bd4f,5a9c9653-08d2-47df-b6b0-475855d5267a,2023-08-15 09:05:38.872
626524,40151366-ef7f-4fe4-ad64-0d6456f4bd4f,60abe2c3-a4a2-45a0-a1ac-6c050a23edc5,2023-08-15 10:04:17.340
626543,40151366-ef7f-4fe4-ad64-0d6456f4bd4f,21d3b7c7-03e3-4738-a154-50b6eb3355c0,2023-08-15 09:37:16.480
626556,40151366-ef7f-4fe4-ad64-0d6456f4bd4f,c26a3485-77a8-4cc6-a174-9888a89537e1,2023-08-15 08:56:55.870
626562,40151366-ef7f-4fe4-ad64-0d6456f4bd4f,04f40950-8f7b-4a22-a185-b632991f5d1a,2023-08-15 09:43:10.251
626565,40151366-ef7f-4fe4-ad64-0d6456f4bd4f,d5328262-ba23-45e6-8fb1-b7ef77d100a1,2023-08-15 09:51:42.383
626570,40151366-ef7f-4fe4-ad64-0d6456f4bd4f,c8e42b20-ae5c-4776-8eed-8b0bf6db4837,2023-08-15 09:29:54.406
626577,40151366-ef7f-4fe4-ad64-0d6456f4bd4f,6ec13b00-476e-4ff1-8735-3ab79b4fb9a5,2023-08-15 09:24:36.269
626585,40151366-ef7f-4fe4-ad64-0d6456f4bd4f,848faff4-2437-43e4-b4ff-cd23fc286d2b,2023-08-15 09:08:42.863
626589,40151366-ef7f-4fe4-ad64-0d6456f4bd4f,e3824554-5f89-43a0-96ca-e64b62e6143b,2023-08-15 09:04:50.744
307347,fdf7e6f1-cfec-4add-a1fd-77ea09a04fc5,9b006116-8236-457d-871d-e3f3c3130322,
309237,f6ebad86-da66-4efe-84b3-49da40a4c504,1214fada-f7ac-49f6-9fee-05ef8a6656d6,
196137,affa1a39-790c-4e9e-b8c0-08db50883d6d,7236d2de-605d-48f3-8aab-b565d7ed1308,
196141,affa1a39-790c-4e9e-b8c0-08db50883d6d,20683aca-2a94-4fbf-aa99-4938547710ca,
196150,affa1a39-790c-4e9e-b8c0-08db50883d6d,c15bb521-f9e0-441f-aa0a-477371816bd4,
196162,affa1a39-790c-4e9e-b8c0-08db50883d6d,d15dbda9-1a3e-44fc-9061-2a7a7f1e792d,
196163,affa1a39-790c-4e9e-b8c0-08db50883d6d,25de4b95-2102-48b0-94f2-e559a3315bb9,
196189,affa1a39-790c-4e9e-b8c0-08db50883d6d,817c7a05-6fb8-47a5-8d32-7fde6d4b4cb1,
228245,7a3d3557-446d-4481-b2c4-34cf3b30a153,3cbdf922-6d25-4a37-96de-2c76d8e27744,
228260,7a3d3557-446d-4481-b2c4-34cf3b30a153,3873163d-60a2-440b-91aa-e9903ea15236,
228272,7a3d3557-446d-4481-b2c4-34cf3b30a153,74c7e86f-14d9-4ca4-85c8-02fbbdc21fec,
228284,7a3d3557-446d-4481-b2c4-34cf3b30a153,bd6b975e-0547-43f2-9e62-c8459e257806,
228290,7a3d3557-446d-4481-b2c4-34cf3b30a153,8cf7af38-5759-4525-aac2-96fdc0a6010d,
228292,7a3d3557-446d-4481-b2c4-34cf3b30a153,6dd09559-842f-400f-b1de-3e824510afc5,
228671,bb0e76fe-2693-4195-91e7-0ac358e2f57a,426d14b9-0224-42f6-a8c1-06220e03d3cc,
228697,bb0e76fe-2693-4195-91e7-0ac358e2f57a,80d161ce-1387-4198-85dc-79933f2d6cdd,
228698,bb0e76fe-2693-4195-91e7-0ac358e2f57a,f017d746-ba14-4e49-b447-a3386c36c339,
228699,bb0e76fe-2693-4195-91e7-0ac358e2f57a,41d0e4b4-4f8b-4b75-9fc5-0d795b99d606,
228701,bb0e76fe-2693-4195-91e7-0ac358e2f57a,25de4b95-2102-48b0-94f2-e559a3315bb9,
228708,bb0e76fe-2693-4195-91e7-0ac358e2f57a,92791ba9-9ef0-428c-8491-94a3d68cd64c,
228710,bb0e76fe-2693-4195-91e7-0ac358e2f57a,82f1eae4-3385-4478-a5ea-70cd428474f3,
228718,bb0e76fe-2693-4195-91e7-0ac358e2f57a,450110bf-06d1-4305-a82c-0dcdff2f8125,
275069,adf23f74-f6b0-43bf-9255-2242959d8737,c15bb521-f9e0-441f-aa0a-477371816bd4,
275073,adf23f74-f6b0-43bf-9255-2242959d8737,426d14b9-0224-42f6-a8c1-06220e03d3cc,
275084,adf23f74-f6b0-43bf-9255-2242959d8737,ece8071f-80b9-44b2-b343-1056e4a79dfd,
275093,adf23f74-f6b0-43bf-9255-2242959d8737,62b6642f-bab9-4187-baa2-c34c32f0da99,
275720,34212be1-f6a4-49b4-b93b-faa9bfcd20c2,ed295c2d-7cbe-4cd9-9aa2-8d0117558505,
275721,34212be1-f6a4-49b4-b93b-faa9bfcd20c2,73aac93a-bd7f-4e42-8843-5b6fa9356360,
275725,34212be1-f6a4-49b4-b93b-faa9bfcd20c2,ee195c95-8a17-484b-905a-e51ba97db105,
275735,34212be1-f6a4-49b4-b93b-faa9bfcd20c2,f017d746-ba14-4e49-b447-a3386c36c339,
275736,34212be1-f6a4-49b4-b93b-faa9bfcd20c2,41d0e4b4-4f8b-4b75-9fc5-0d795b99d606,
277932,c2905613-9115-492b-85f7-949a23846ba0,f72c65b9-046d-4017-996c-06a1c692ad07,
277936,c2905613-9115-492b-85f7-949a23846ba0,5b692764-0f74-40af-8f63-279d4d99a4f7,
277937,c2905613-9115-492b-85f7-949a23846ba0,3d1b6096-8528-40be-9136-c0fbee0a0409,
277938,c2905613-9115-492b-85f7-949a23846ba0,d87278e0-1e2b-4a28-8d73-9af8b7303792,
277950,c2905613-9115-492b-85f7-949a23846ba0,18082121-85e5-4058-97cd-572766f087d5,
277956,c2905613-9115-492b-85f7-949a23846ba0,9a5d8d16-4004-4585-b500-3484bf8d8cd2,
277958,c2905613-9115-492b-85f7-949a23846ba0,ecb70459-bb72-409e-92be-5b173681bbf8,
277982,c2905613-9115-492b-85f7-949a23846ba0,26781a67-e991-479c-948a-3ac8ed7c0c70,
277997,c2905613-9115-492b-85f7-949a23846ba0,074dd80e-919b-49ca-a068-4fe4cbc338a5,
277998,c2905613-9115-492b-85f7-949a23846ba0,271c4d38-15d9-48ac-9d7c-f50f342d820e,
617330,2cd66b47-02bf-4683-a892-999bc1b5f5a3,6d596a9e-5671-4d92-aa86-a249ea51bada,2023-07-27 14:46:00.290
617338,2cd66b47-02bf-4683-a892-999bc1b5f5a3,74084c98-30a8-4eca-824a-121bab8f4efd,2023-07-27 14:25:46.032
617344,2cd66b47-02bf-4683-a892-999bc1b5f5a3,8d717b40-9f9d-463e-b7e3-e7c788fac928,2023-07-27 15:03:25.478
279838,cf66d45d-4bd6-4e59-8dd0-b6027bf6c866,62b6642f-bab9-4187-baa2-c34c32f0da99,
619552,acd8f6c8-d2b2-4748-a12b-84b706ba5cc0,c4823188-e9e7-4f73-8b6b-c198de6e9ef3,2023-08-02 09:57:51.973
619559,acd8f6c8-d2b2-4748-a12b-84b706ba5cc0,9e7e0ecf-f0af-4557-9f88-53ea88c7b0ee,2023-08-02 09:26:01.827
619573,acd8f6c8-d2b2-4748-a12b-84b706ba5cc0,32be6f70-14db-461a-9352-928509cc94c4,2023-08-02 10:35:02.671
619577,acd8f6c8-d2b2-4748-a12b-84b706ba5cc0,81d6091a-fb13-4559-a689-bb34b89045e7,2023-08-02 09:12:28.293
292750,20444107-0c34-444f-8f62-840fbbb4771d,3ffa7e4d-232c-4d1d-b146-90ea8aa42803,
292755,20444107-0c34-444f-8f62-840fbbb4771d,ce6db7ba-255e-43f3-ba67-5fcd4ceb5db6,
292756,20444107-0c34-444f-8f62-840fbbb4771d,10505166-001b-47f2-b1e8-cbd9f1405ff1,
292764,20444107-0c34-444f-8f62-840fbbb4771d,73aac93a-bd7f-4e42-8843-5b6fa9356360,
292780,20444107-0c34-444f-8f62-840fbbb4771d,6b25474f-866e-4efa-bbe9-ae9f50c78b4a,
292790,20444107-0c34-444f-8f62-840fbbb4771d,7fa8f41a-e525-43cc-b219-e33af5f85ac4,
292792,20444107-0c34-444f-8f62-840fbbb4771d,2793257a-bdaf-4345-b9cf-8a10d591ea96,
292798,20444107-0c34-444f-8f62-840fbbb4771d,82f1eae4-3385-4478-a5ea-70cd428474f3,
292800,20444107-0c34-444f-8f62-840fbbb4771d,9cdda4fd-c9b4-45b3-8ec7-ec1551598f99,
292804,20444107-0c34-444f-8f62-840fbbb4771d,599b5295-1660-48f7-8b1b-61494fe7fb8f,
292811,20444107-0c34-444f-8f62-840fbbb4771d,e145607d-f135-4900-a295-61773942a02c,
292814,20444107-0c34-444f-8f62-840fbbb4771d,62b6642f-bab9-4187-baa2-c34c32f0da99,
626522,40151366-ef7f-4fe4-ad64-0d6456f4bd4f,ead07cf1-8194-478d-a480-be209599e95e,2023-08-15 09:39:29.559
626537,40151366-ef7f-4fe4-ad64-0d6456f4bd4f,c415e974-0993-4a38-af16-caf9c7330113,2023-08-15 09:51:07.390
626541,40151366-ef7f-4fe4-ad64-0d6456f4bd4f,a080d453-0391-4fc0-a77a-0c6e2ccad31c,2023-08-15 10:03:55.800
626563,40151366-ef7f-4fe4-ad64-0d6456f4bd4f,0543830f-d978-435f-a6d2-3affb01aa83c,2023-08-15 09:23:50.857
626571,40151366-ef7f-4fe4-ad64-0d6456f4bd4f,a10906f3-e68c-4d8e-8c66-6fac44c07739,2023-08-15 10:10:39.506
626580,40151366-ef7f-4fe4-ad64-0d6456f4bd4f,7ce69f8f-5ae4-40c1-80b2-d8399f1edb64,2023-08-15 09:36:45.899
626592,40151366-ef7f-4fe4-ad64-0d6456f4bd4f,0c0cc03b-31f2-43ba-b6f5-fdb2a834ca9c,2023-08-15 09:57:27.465
309232,f6ebad86-da66-4efe-84b3-49da40a4c504,c4ff9044-f451-47a2-9cf5-55e81ed5b1c0,
309234,f6ebad86-da66-4efe-84b3-49da40a4c504,10505166-001b-47f2-b1e8-cbd9f1405ff1,
309238,f6ebad86-da66-4efe-84b3-49da40a4c504,da54e5a2-fbfb-4b1d-8ec7-c4d5f6ed26ed,
309245,f6ebad86-da66-4efe-84b3-49da40a4c504,7a6f5768-be48-4a27-a956-c1582edef8bd,
309250,f6ebad86-da66-4efe-84b3-49da40a4c504,e0f5d5df-2f38-4583-be9e-2a226a583f51,
309259,f6ebad86-da66-4efe-84b3-49da40a4c504,711324dc-fdd4-4676-ad01-cdf72761afeb,
309271,f6ebad86-da66-4efe-84b3-49da40a4c504,460a6994-f926-4308-bf0c-b5a6381512f8,
310957,412ce205-0357-4ed1-a448-488649fb2ff3,09b9adf2-df24-4e7b-8794-e4d923221da4,
310962,412ce205-0357-4ed1-a448-488649fb2ff3,d87278e0-1e2b-4a28-8d73-9af8b7303792,
310966,412ce205-0357-4ed1-a448-488649fb2ff3,c5ea6027-1812-4e5b-a236-900372433c03,
310967,412ce205-0357-4ed1-a448-488649fb2ff3,3769fe44-8393-4fff-a46c-a8e88b86fa0a,
310970,412ce205-0357-4ed1-a448-488649fb2ff3,94ef4975-18ad-47fc-ad00-47860bfe378d,
310990,412ce205-0357-4ed1-a448-488649fb2ff3,174e649d-949a-4485-b84b-cc8a82f49104,
310996,412ce205-0357-4ed1-a448-488649fb2ff3,24961180-84c7-4b60-b86d-37c01b72f9b5,
310999,412ce205-0357-4ed1-a448-488649fb2ff3,bd6b975e-0547-43f2-9e62-c8459e257806,
311004,412ce205-0357-4ed1-a448-488649fb2ff3,b2376ee4-76ce-4671-bc98-393e4fc51a22,
228667,bb0e76fe-2693-4195-91e7-0ac358e2f57a,5f093683-cd91-483a-9d7c-0a85462dcb21,
228674,bb0e76fe-2693-4195-91e7-0ac358e2f57a,73aac93a-bd7f-4e42-8843-5b6fa9356360,
228675,bb0e76fe-2693-4195-91e7-0ac358e2f57a,ed295c2d-7cbe-4cd9-9aa2-8d0117558505,
228678,bb0e76fe-2693-4195-91e7-0ac358e2f57a,204c79ea-7f9a-443f-866f-6005b2594f18,
228689,bb0e76fe-2693-4195-91e7-0ac358e2f57a,abc94438-9ef6-47a6-9647-2a4c0111fe99,
228690,bb0e76fe-2693-4195-91e7-0ac358e2f57a,6b25474f-866e-4efa-bbe9-ae9f50c78b4a,
228691,bb0e76fe-2693-4195-91e7-0ac358e2f57a,e21ebd7c-194f-4c30-8309-3b859da8e8ff,
228702,bb0e76fe-2693-4195-91e7-0ac358e2f57a,7fa8f41a-e525-43cc-b219-e33af5f85ac4,
228716,bb0e76fe-2693-4195-91e7-0ac358e2f57a,599b5295-1660-48f7-8b1b-61494fe7fb8f,
228719,bb0e76fe-2693-4195-91e7-0ac358e2f57a,71576c82-e36a-4689-88ed-a32ce75cdf7b,
228722,bb0e76fe-2693-4195-91e7-0ac358e2f57a,dfe4916e-fbf0-4218-9227-3c1b173154e7,
574191,00a3beb5-577c-401b-8da0-732d4367ddb8,54075dd7-1e64-4dc5-adbf-ca9b1721c08d,
574196,00a3beb5-577c-401b-8da0-732d4367ddb8,5da9847e-86bb-4739-886e-99a1a2b37a39,
574203,00a3beb5-577c-401b-8da0-732d4367ddb8,01b47142-7324-479e-8ce9-07b941d6c2fa,
275075,adf23f74-f6b0-43bf-9255-2242959d8737,7a6f5768-be48-4a27-a956-c1582edef8bd,
275077,adf23f74-f6b0-43bf-9255-2242959d8737,e0f5d5df-2f38-4583-be9e-2a226a583f51,
275081,adf23f74-f6b0-43bf-9255-2242959d8737,80d161ce-1387-4198-85dc-79933f2d6cdd,
275086,adf23f74-f6b0-43bf-9255-2242959d8737,460a6994-f926-4308-bf0c-b5a6381512f8,
275726,34212be1-f6a4-49b4-b93b-faa9bfcd20c2,7659379a-17a8-48ee-ae2a-51b8392be511,
275743,34212be1-f6a4-49b4-b93b-faa9bfcd20c2,9cdda4fd-c9b4-45b3-8ec7-ec1551598f99,
277944,c2905613-9115-492b-85f7-949a23846ba0,8e899911-5d88-4ff5-bf15-7f86902cbdc3,
277952,c2905613-9115-492b-85f7-949a23846ba0,75b8502a-448c-4253-8ac7-12128953c367,
277957,c2905613-9115-492b-85f7-949a23846ba0,0b44fb0a-839a-4381-91b8-f12e6d529818,
277967,c2905613-9115-492b-85f7-949a23846ba0,fe232bf8-1697-4993-9c1f-daab57c10edf,
277974,c2905613-9115-492b-85f7-949a23846ba0,3f0f81b1-2459-4fa3-954b-08cbda4f0c9c,
277984,c2905613-9115-492b-85f7-949a23846ba0,47d0b5d2-80dc-49ef-b8e6-a69628b876d3,
277987,c2905613-9115-492b-85f7-949a23846ba0,307b6a1b-c728-4bcc-acf4-136f654b4c79,
277994,c2905613-9115-492b-85f7-949a23846ba0,acf4d7a0-71c0-47df-816c-f329c66d204b,
277996,c2905613-9115-492b-85f7-949a23846ba0,a7ca25f7-d17f-41ce-9f6a-f9df97c5b5d5,
278000,c2905613-9115-492b-85f7-949a23846ba0,b036f307-872d-442c-b59b-a9ff98733ced,
617333,2cd66b47-02bf-4683-a892-999bc1b5f5a3,66efe458-3762-40f8-a87b-9030804e95ae,2023-07-27 14:33:58.375
617336,2cd66b47-02bf-4683-a892-999bc1b5f5a3,f6e6742d-ed4f-46bb-afda-c6db63cbd496,2023-07-27 14:23:22.864
617340,2cd66b47-02bf-4683-a892-999bc1b5f5a3,b676c359-5cc0-4f2f-b58f-377d679b4124,2023-07-27 14:38:17.031
279839,cf66d45d-4bd6-4e59-8dd0-b6027bf6c866,1214fada-f7ac-49f6-9fee-05ef8a6656d6,
279841,cf66d45d-4bd6-4e59-8dd0-b6027bf6c866,8f32d77c-b2e8-4b8a-9bcc-9fc078370e3f,
619534,acd8f6c8-d2b2-4748-a12b-84b706ba5cc0,514a09a0-717a-4891-97c9-d8fffd0163ce,2023-08-02 10:27:07.538
619538,acd8f6c8-d2b2-4748-a12b-84b706ba5cc0,a4236c6f-f859-4557-95d7-939805fc4c6d,2023-08-02 09:19:01.591
619548,acd8f6c8-d2b2-4748-a12b-84b706ba5cc0,12356013-1e9f-452e-9cd8-944d0d18661b,2023-08-02 09:44:38.399
619554,acd8f6c8-d2b2-4748-a12b-84b706ba5cc0,74084c98-30a8-4eca-824a-121bab8f4efd,2023-08-02 10:04:31.098
619578,acd8f6c8-d2b2-4748-a12b-84b706ba5cc0,c1487d4c-d260-4505-94c5-612aa52b3b88,2023-08-02 09:34:58.798
292752,20444107-0c34-444f-8f62-840fbbb4771d,59a33b26-bd16-4e40-b289-7a163a96ff69,
292760,20444107-0c34-444f-8f62-840fbbb4771d,da54e5a2-fbfb-4b1d-8ec7-c4d5f6ed26ed,
292770,20444107-0c34-444f-8f62-840fbbb4771d,a1075b21-93bf-4250-83a2-27a2f1dfc7f7,
292773,20444107-0c34-444f-8f62-840fbbb4771d,769df82a-1233-4165-9f29-f4673d49c1e6,
292779,20444107-0c34-444f-8f62-840fbbb4771d,abc94438-9ef6-47a6-9647-2a4c0111fe99,
292787,20444107-0c34-444f-8f62-840fbbb4771d,f017d746-ba14-4e49-b447-a3386c36c339,
292801,20444107-0c34-444f-8f62-840fbbb4771d,4c28394a-6075-48a2-931f-ecb1cff20437,
292807,20444107-0c34-444f-8f62-840fbbb4771d,71576c82-e36a-4689-88ed-a32ce75cdf7b,
292815,20444107-0c34-444f-8f62-840fbbb4771d,7d499dfe-a781-423e-b384-770d65785fe4,
292817,20444107-0c34-444f-8f62-840fbbb4771d,54e8cc83-b361-481e-a243-c7da1171c9f1,
307348,fdf7e6f1-cfec-4add-a1fd-77ea09a04fc5,7657550f-b2af-46c9-a2d2-e500b8137e6e,
626510,40151366-ef7f-4fe4-ad64-0d6456f4bd4f,e372da76-027c-47f6-a629-7bd21120a292,2023-08-15 10:00:41.562
626515,40151366-ef7f-4fe4-ad64-0d6456f4bd4f,8b9c0475-b9bc-4ba3-9502-ccd88983b7eb,2023-08-15 09:25:49.752
626520,40151366-ef7f-4fe4-ad64-0d6456f4bd4f,ead78669-f157-494e-9345-a6a9d45ce623,2023-08-15 09:46:47.782
626525,40151366-ef7f-4fe4-ad64-0d6456f4bd4f,3a9fbcaf-2ad7-495c-9a65-8e2485c6d76f,2023-08-15 10:15:29.758
626526,40151366-ef7f-4fe4-ad64-0d6456f4bd4f,ecb4d09b-7f83-4b96-9596-74e087374223,2023-08-15 09:25:22.038
626527,40151366-ef7f-4fe4-ad64-0d6456f4bd4f,dbe16846-6952-4102-bf02-b1c8c8321952,2023-08-15 09:31:56.162
626533,40151366-ef7f-4fe4-ad64-0d6456f4bd4f,e7881883-ad23-45b4-9d6f-d1ab18c297d9,2023-08-15 09:34:00.180
626534,40151366-ef7f-4fe4-ad64-0d6456f4bd4f,4ffa997c-8b3e-40af-a6d4-e806b0acef59,2023-08-15 09:48:16.608
626544,40151366-ef7f-4fe4-ad64-0d6456f4bd4f,a3c8002c-90b9-4997-a3ec-44db850810d2,2023-08-15 09:47:53.210
626567,40151366-ef7f-4fe4-ad64-0d6456f4bd4f,4deda364-678c-48ea-829a-a5c262f8083a,2023-08-15 09:10:37.240
626576,40151366-ef7f-4fe4-ad64-0d6456f4bd4f,c6606413-32f6-48c4-bd0c-e975206ecfa6,2023-08-15 09:49:12.681
626590,40151366-ef7f-4fe4-ad64-0d6456f4bd4f,2990acf6-d45e-490e-a3c3-cf58884af2ab,2023-08-15 09:54:32.299
626591,40151366-ef7f-4fe4-ad64-0d6456f4bd4f,6e05d9d5-6117-4125-9f4f-e822e8849b14,2023-08-15 10:02:39.922
309235,f6ebad86-da66-4efe-84b3-49da40a4c504,5f093683-cd91-483a-9d7c-0a85462dcb21,
309241,f6ebad86-da66-4efe-84b3-49da40a4c504,30af59e6-1ced-4d0b-82af-c1b2c3b8562b,
309248,f6ebad86-da66-4efe-84b3-49da40a4c504,a1075b21-93bf-4250-83a2-27a2f1dfc7f7,
309251,f6ebad86-da66-4efe-84b3-49da40a4c504,769df82a-1233-4165-9f29-f4673d49c1e6,
309252,f6ebad86-da66-4efe-84b3-49da40a4c504,7c0be3de-f78b-427a-9101-1d53cf41e03f,
309260,f6ebad86-da66-4efe-84b3-49da40a4c504,94e6e067-695a-4884-b9f2-ccd1b6d78a72,
309262,f6ebad86-da66-4efe-84b3-49da40a4c504,ea36d045-53e6-4411-a6ae-bd9a9ddc3678,
309265,f6ebad86-da66-4efe-84b3-49da40a4c504,41d0e4b4-4f8b-4b75-9fc5-0d795b99d606,
309267,f6ebad86-da66-4efe-84b3-49da40a4c504,7fa8f41a-e525-43cc-b219-e33af5f85ac4,
309270,f6ebad86-da66-4efe-84b3-49da40a4c504,ece8071f-80b9-44b2-b343-1056e4a79dfd,
309285,f6ebad86-da66-4efe-84b3-49da40a4c504,9cd00ee2-afcb-4465-b229-398e609e3a0d,
310963,412ce205-0357-4ed1-a448-488649fb2ff3,3cbdf922-6d25-4a37-96de-2c76d8e27744,
310973,412ce205-0357-4ed1-a448-488649fb2ff3,9a9b9363-b686-4e83-98f9-b10345d17857,
310976,412ce205-0357-4ed1-a448-488649fb2ff3,18082121-85e5-4058-97cd-572766f087d5,
310978,412ce205-0357-4ed1-a448-488649fb2ff3,75b8502a-448c-4253-8ac7-12128953c367,
310980,412ce205-0357-4ed1-a448-488649fb2ff3,eb52a3f3-c890-4fd5-b34d-fb02216a103b,
310981,412ce205-0357-4ed1-a448-488649fb2ff3,ee6baaff-0973-4bbd-950a-25e1b8fd9ffc,
310984,412ce205-0357-4ed1-a448-488649fb2ff3,ecb70459-bb72-409e-92be-5b173681bbf8,
228279,7a3d3557-446d-4481-b2c4-34cf3b30a153,7236d2de-605d-48f3-8aab-b565d7ed1308,
228281,7a3d3557-446d-4481-b2c4-34cf3b30a153,24961180-84c7-4b60-b86d-37c01b72f9b5,
228293,7a3d3557-446d-4481-b2c4-34cf3b30a153,dbcd1a04-4d70-4bdb-8b2a-185d6ecf5849,
228294,7a3d3557-446d-4481-b2c4-34cf3b30a153,47d0b5d2-80dc-49ef-b8e6-a69628b876d3,
228303,7a3d3557-446d-4481-b2c4-34cf3b30a153,c794a9a4-3712-45b8-9e13-539e9cc461f8,
228309,7a3d3557-446d-4481-b2c4-34cf3b30a153,074dd80e-919b-49ca-a068-4fe4cbc338a5,
228661,bb0e76fe-2693-4195-91e7-0ac358e2f57a,e08b2d7c-4a2d-4fd4-b3e3-9456bc7b9824,
228673,bb0e76fe-2693-4195-91e7-0ac358e2f57a,30af59e6-1ced-4d0b-82af-c1b2c3b8562b,
228677,bb0e76fe-2693-4195-91e7-0ac358e2f57a,7a6f5768-be48-4a27-a956-c1582edef8bd,
228679,bb0e76fe-2693-4195-91e7-0ac358e2f57a,ee195c95-8a17-484b-905a-e51ba97db105,
228696,bb0e76fe-2693-4195-91e7-0ac358e2f57a,ea36d045-53e6-4411-a6ae-bd9a9ddc3678,
228714,bb0e76fe-2693-4195-91e7-0ac358e2f57a,1a86b86a-9752-4970-954f-64dde17567d4,
228723,bb0e76fe-2693-4195-91e7-0ac358e2f57a,e145607d-f135-4900-a295-61773942a02c,
228728,bb0e76fe-2693-4195-91e7-0ac358e2f57a,3dde5fe3-7132-49f8-8373-deae64b515a6,
228729,bb0e76fe-2693-4195-91e7-0ac358e2f57a,54e8cc83-b361-481e-a243-c7da1171c9f1,
275078,adf23f74-f6b0-43bf-9255-2242959d8737,769df82a-1233-4165-9f29-f4673d49c1e6,
275091,adf23f74-f6b0-43bf-9255-2242959d8737,e145607d-f135-4900-a295-61773942a02c,
275092,adf23f74-f6b0-43bf-9255-2242959d8737,f28c4440-3b18-4b5e-aa84-6d1c706b75bb,
275715,34212be1-f6a4-49b4-b93b-faa9bfcd20c2,aaef8b89-3f92-4e01-af76-a83fcecfe24d,
275716,34212be1-f6a4-49b4-b93b-faa9bfcd20c2,c4ff9044-f451-47a2-9cf5-55e81ed5b1c0,
275717,34212be1-f6a4-49b4-b93b-faa9bfcd20c2,10505166-001b-47f2-b1e8-cbd9f1405ff1,
275718,34212be1-f6a4-49b4-b93b-faa9bfcd20c2,5f093683-cd91-483a-9d7c-0a85462dcb21,
275742,34212be1-f6a4-49b4-b93b-faa9bfcd20c2,5776f066-a82c-4f55-99be-d1e3be638c19,
275749,34212be1-f6a4-49b4-b93b-faa9bfcd20c2,450110bf-06d1-4305-a82c-0dcdff2f8125,
275753,34212be1-f6a4-49b4-b93b-faa9bfcd20c2,54e8cc83-b361-481e-a243-c7da1171c9f1,
277965,c2905613-9115-492b-85f7-949a23846ba0,7c0be3de-f78b-427a-9101-1d53cf41e03f,
277970,c2905613-9115-492b-85f7-949a23846ba0,7236d2de-605d-48f3-8aab-b565d7ed1308,
277978,c2905613-9115-492b-85f7-949a23846ba0,b6f9888b-3cdd-4836-9eaf-8547b5545a71,
277993,c2905613-9115-492b-85f7-949a23846ba0,204f1a14-0a08-4e81-8d01-bbd8984e47dd,
279842,cf66d45d-4bd6-4e59-8dd0-b6027bf6c866,7d499dfe-a781-423e-b384-770d65785fe4,
619528,acd8f6c8-d2b2-4748-a12b-84b706ba5cc0,8d717b40-9f9d-463e-b7e3-e7c788fac928,2023-08-02 10:11:53.561
619530,acd8f6c8-d2b2-4748-a12b-84b706ba5cc0,6ece9069-1934-4c92-8796-7040873a14ee,2023-08-02 10:04:08.130
619537,acd8f6c8-d2b2-4748-a12b-84b706ba5cc0,fdb1ce61-da53-4554-836e-b54360cc188f,2023-08-02 09:38:02.956
619539,acd8f6c8-d2b2-4748-a12b-84b706ba5cc0,f6e6742d-ed4f-46bb-afda-c6db63cbd496,2023-08-02 09:17:18.023
619540,acd8f6c8-d2b2-4748-a12b-84b706ba5cc0,c6b54f25-d981-48ec-9688-e054cc3247a6,2023-08-02 10:00:20.967
619541,acd8f6c8-d2b2-4748-a12b-84b706ba5cc0,66efe458-3762-40f8-a87b-9030804e95ae,2023-08-02 10:16:47.287
619542,acd8f6c8-d2b2-4748-a12b-84b706ba5cc0,4e682816-8f5e-404b-954a-af25eeeb20c7,2023-08-02 10:28:48.390
619547,acd8f6c8-d2b2-4748-a12b-84b706ba5cc0,673445b1-ea79-4273-ae66-04118847238c,2023-08-02 10:15:30.365
619555,acd8f6c8-d2b2-4748-a12b-84b706ba5cc0,3d5cb070-206a-48f1-838f-3b63ebf079fc,2023-08-02 10:25:46.879
619556,acd8f6c8-d2b2-4748-a12b-84b706ba5cc0,0e506764-c4e0-45fc-a47a-71196819ccf8,2023-08-02 09:25:07.231
619560,acd8f6c8-d2b2-4748-a12b-84b706ba5cc0,cfdfb14a-3366-4c5b-8864-1d42fed2f880,2023-08-02 10:42:33.432
619569,acd8f6c8-d2b2-4748-a12b-84b706ba5cc0,3dbc8f17-1d17-4c76-9bb1-9526dbea57eb,2023-08-02 09:19:47.459
619571,acd8f6c8-d2b2-4748-a12b-84b706ba5cc0,54312981-5301-421f-94cd-85781227e1a5,2023-08-02 09:38:38.187
619572,acd8f6c8-d2b2-4748-a12b-84b706ba5cc0,b046a593-a952-4b95-af2e-78c94e77e3d6,2023-08-02 09:20:24.585
619580,acd8f6c8-d2b2-4748-a12b-84b706ba5cc0,27a97a67-7d30-404c-b29d-e4c4eca9b907,2023-08-02 09:52:02.459
619588,acd8f6c8-d2b2-4748-a12b-84b706ba5cc0,9bfed2f7-1cea-446e-b86a-b5ced5720a1c,2023-08-02 09:35:33.555
292751,20444107-0c34-444f-8f62-840fbbb4771d,c15bb521-f9e0-441f-aa0a-477371816bd4,
292758,20444107-0c34-444f-8f62-840fbbb4771d,772e9de5-97ee-40e8-a68a-bea8a93d162b,
292768,20444107-0c34-444f-8f62-840fbbb4771d,204c79ea-7f9a-443f-866f-6005b2594f18,
292769,20444107-0c34-444f-8f62-840fbbb4771d,ee195c95-8a17-484b-905a-e51ba97db105,
292776,20444107-0c34-444f-8f62-840fbbb4771d,7cea2341-82f2-44a5-bbe5-db0fd8548fe7,
292786,20444107-0c34-444f-8f62-840fbbb4771d,80d161ce-1387-4198-85dc-79933f2d6cdd,
292789,20444107-0c34-444f-8f62-840fbbb4771d,25de4b95-2102-48b0-94f2-e559a3315bb9,
292796,20444107-0c34-444f-8f62-840fbbb4771d,92791ba9-9ef0-428c-8491-94a3d68cd64c,
292797,20444107-0c34-444f-8f62-840fbbb4771d,7657550f-b2af-46c9-a2d2-e500b8137e6e,
292812,20444107-0c34-444f-8f62-840fbbb4771d,f28c4440-3b18-4b5e-aa84-6d1c706b75bb,
626513,40151366-ef7f-4fe4-ad64-0d6456f4bd4f,948ac2a7-1ca1-4ac8-8d25-7c93a0f6e5b6,2023-08-15 10:15:03.428
626519,40151366-ef7f-4fe4-ad64-0d6456f4bd4f,417225e4-d671-486f-853e-685e0fa8c4d1,2023-08-15 09:01:14.942
626539,40151366-ef7f-4fe4-ad64-0d6456f4bd4f,8359768c-46c9-42c5-83ab-58c32b1913ca,2023-08-15 09:47:30.541
626559,40151366-ef7f-4fe4-ad64-0d6456f4bd4f,429ecd7c-7c76-4a7e-8ea2-a84b6db136b4,2023-08-15 10:11:07.714
626564,40151366-ef7f-4fe4-ad64-0d6456f4bd4f,22a008b4-b9bd-45de-a1e6-3c3f9d0d67a1,2023-08-15 09:43:31.481
626566,40151366-ef7f-4fe4-ad64-0d6456f4bd4f,4df4bf16-ae17-462f-8f08-d54c9155eea1,2023-08-15 09:49:41.853
307344,fdf7e6f1-cfec-4add-a1fd-77ea09a04fc5,59a33b26-bd16-4e40-b289-7a163a96ff69,
626569,40151366-ef7f-4fe4-ad64-0d6456f4bd4f,3e8f638b-9280-49e7-82e8-bb295905f0dd,2023-08-15 09:04:03.363
626586,40151366-ef7f-4fe4-ad64-0d6456f4bd4f,d4275e18-239e-4fda-a44b-647e248a73e2,2023-08-15 10:09:35.482
309231,f6ebad86-da66-4efe-84b3-49da40a4c504,aaef8b89-3f92-4e01-af76-a83fcecfe24d,
309233,f6ebad86-da66-4efe-84b3-49da40a4c504,ce6db7ba-255e-43f3-ba67-5fcd4ceb5db6,
309236,f6ebad86-da66-4efe-84b3-49da40a4c504,772e9de5-97ee-40e8-a68a-bea8a93d162b,
309240,f6ebad86-da66-4efe-84b3-49da40a4c504,534fbf9d-f759-4dbf-be3d-7fae26224280,
309281,f6ebad86-da66-4efe-84b3-49da40a4c504,599b5295-1660-48f7-8b1b-61494fe7fb8f,
309282,f6ebad86-da66-4efe-84b3-49da40a4c504,7f2ed266-5e35-4217-b200-c4c24f9a5b81,
309283,f6ebad86-da66-4efe-84b3-49da40a4c504,450110bf-06d1-4305-a82c-0dcdff2f8125,
310956,412ce205-0357-4ed1-a448-488649fb2ff3,f72c65b9-046d-4017-996c-06a1c692ad07,
310960,412ce205-0357-4ed1-a448-488649fb2ff3,5b692764-0f74-40af-8f63-279d4d99a4f7,
310965,412ce205-0357-4ed1-a448-488649fb2ff3,9fbc75c7-95a5-4223-af2b-fe49dbdebecc,
311001,412ce205-0357-4ed1-a448-488649fb2ff3,20683aca-2a94-4fbf-aa99-4938547710ca,
311022,412ce205-0357-4ed1-a448-488649fb2ff3,074dd80e-919b-49ca-a068-4fe4cbc338a5,
311023,412ce205-0357-4ed1-a448-488649fb2ff3,271c4d38-15d9-48ac-9d7c-f50f342d820e,
350965,58ca9fef-588c-49d2-b5bb-4ea78ed05832,4c28394a-6075-48a2-931f-ecb1cff20437,
351428,03adc3fc-3d18-45b7-bea3-6e9497045468,0b44fb0a-839a-4381-91b8-f12e6d529818,
351443,03adc3fc-3d18-45b7-bea3-6e9497045468,1214fada-f7ac-49f6-9fee-05ef8a6656d6,
351448,03adc3fc-3d18-45b7-bea3-6e9497045468,9a9b9363-b686-4e83-98f9-b10345d17857,
275072,adf23f74-f6b0-43bf-9255-2242959d8737,da54e5a2-fbfb-4b1d-8ec7-c4d5f6ed26ed,
275080,adf23f74-f6b0-43bf-9255-2242959d8737,9b006116-8236-457d-871d-e3f3c3130322,
275085,adf23f74-f6b0-43bf-9255-2242959d8737,4bf63f47-bd63-4c0c-a826-0028fa35bed7,
275088,adf23f74-f6b0-43bf-9255-2242959d8737,71576c82-e36a-4689-88ed-a32ce75cdf7b,
275095,adf23f74-f6b0-43bf-9255-2242959d8737,cc97acc9-d5e1-4c95-bca4-d9f54745241b,
275733,34212be1-f6a4-49b4-b93b-faa9bfcd20c2,f7100a7e-adb5-4969-b1d3-c0a7dfd6e2b0,
275737,34212be1-f6a4-49b4-b93b-faa9bfcd20c2,cb9947fa-0f01-4d11-a616-60c4c9d8a78c,
275739,34212be1-f6a4-49b4-b93b-faa9bfcd20c2,92791ba9-9ef0-428c-8491-94a3d68cd64c,
275745,34212be1-f6a4-49b4-b93b-faa9bfcd20c2,1a86b86a-9752-4970-954f-64dde17567d4,
275748,34212be1-f6a4-49b4-b93b-faa9bfcd20c2,9cd00ee2-afcb-4465-b229-398e609e3a0d,
275751,34212be1-f6a4-49b4-b93b-faa9bfcd20c2,7d499dfe-a781-423e-b384-770d65785fe4,
275752,34212be1-f6a4-49b4-b93b-faa9bfcd20c2,3dde5fe3-7132-49f8-8373-deae64b515a6,
277931,c2905613-9115-492b-85f7-949a23846ba0,fc505bba-136b-44a0-8a3a-3694fbf7a83d,
277935,c2905613-9115-492b-85f7-949a23846ba0,f2176e41-fb91-49b8-8d38-e7e6dc426909,
277941,c2905613-9115-492b-85f7-949a23846ba0,c5ea6027-1812-4e5b-a236-900372433c03,
277945,c2905613-9115-492b-85f7-949a23846ba0,94ef4975-18ad-47fc-ad00-47860bfe378d,
277951,c2905613-9115-492b-85f7-949a23846ba0,3873163d-60a2-440b-91aa-e9903ea15236,
277954,c2905613-9115-492b-85f7-949a23846ba0,eb52a3f3-c890-4fd5-b34d-fb02216a103b,
277960,c2905613-9115-492b-85f7-949a23846ba0,3e3814ed-dd36-4f8f-a95b-c83696470c1e,
277966,c2905613-9115-492b-85f7-949a23846ba0,174e649d-949a-4485-b84b-cc8a82f49104,
277975,c2905613-9115-492b-85f7-949a23846ba0,bd6b975e-0547-43f2-9e62-c8459e257806,
277977,c2905613-9115-492b-85f7-949a23846ba0,20683aca-2a94-4fbf-aa99-4938547710ca,
277986,c2905613-9115-492b-85f7-949a23846ba0,36464cde-376e-4905-8e6e-2b9f5b50f6ac,
277990,c2905613-9115-492b-85f7-949a23846ba0,fc4288b4-5b7a-41b6-bede-bec057f584f7,
617331,2cd66b47-02bf-4683-a892-999bc1b5f5a3,514a09a0-717a-4891-97c9-d8fffd0163ce,2023-07-27 15:04:14.692
617335,2cd66b47-02bf-4683-a892-999bc1b5f5a3,348e366a-3904-46aa-926d-49f9069d23fa,2023-07-27 14:30:56.755
617337,2cd66b47-02bf-4683-a892-999bc1b5f5a3,267387f8-faea-4f92-b0e4-8de10af42b56,2023-07-27 15:02:59.210
617341,2cd66b47-02bf-4683-a892-999bc1b5f5a3,3dbc8f17-1d17-4c76-9bb1-9526dbea57eb,2023-07-27 14:27:04.757
617342,2cd66b47-02bf-4683-a892-999bc1b5f5a3,97269045-03c2-4112-830d-bd36b56c0028,2023-07-27 14:34:27.845
617343,2cd66b47-02bf-4683-a892-999bc1b5f5a3,0500fabf-73a3-4fc4-8295-f5c85fe7e6f3,2023-07-27 14:31:20.428
617345,2cd66b47-02bf-4683-a892-999bc1b5f5a3,c4823188-e9e7-4f73-8b6b-c198de6e9ef3,2023-07-27 14:24:30.038
279837,cf66d45d-4bd6-4e59-8dd0-b6027bf6c866,e0f5d5df-2f38-4583-be9e-2a226a583f51,
279840,cf66d45d-4bd6-4e59-8dd0-b6027bf6c866,da54e5a2-fbfb-4b1d-8ec7-c4d5f6ed26ed,
619561,acd8f6c8-d2b2-4748-a12b-84b706ba5cc0,348e366a-3904-46aa-926d-49f9069d23fa,2023-08-02 09:45:11.381
619586,acd8f6c8-d2b2-4748-a12b-84b706ba5cc0,7e8ee97b-b223-477a-84a9-baef1a5fdb03,2023-08-02 09:15:24.527
619587,acd8f6c8-d2b2-4748-a12b-84b706ba5cc0,817b566c-d929-4166-97f3-b4131f9a439e,2023-08-02 09:26:54.989
619589,acd8f6c8-d2b2-4748-a12b-84b706ba5cc0,cb6a6373-bd11-40a6-885b-bb4008c5f928,2023-08-02 09:48:20.537
292753,20444107-0c34-444f-8f62-840fbbb4771d,aaef8b89-3f92-4e01-af76-a83fcecfe24d,
292754,20444107-0c34-444f-8f62-840fbbb4771d,c4ff9044-f451-47a2-9cf5-55e81ed5b1c0,
292775,20444107-0c34-444f-8f62-840fbbb4771d,7c0be3de-f78b-427a-9101-1d53cf41e03f,
292782,20444107-0c34-444f-8f62-840fbbb4771d,711324dc-fdd4-4676-ad01-cdf72761afeb,
292805,20444107-0c34-444f-8f62-840fbbb4771d,7f2ed266-5e35-4217-b200-c4c24f9a5b81,
292810,20444107-0c34-444f-8f62-840fbbb4771d,dfe4916e-fbf0-4218-9227-3c1b173154e7,
292813,20444107-0c34-444f-8f62-840fbbb4771d,3f5016c5-dcc8-4703-9591-0a49ceeb8e42,
626512,40151366-ef7f-4fe4-ad64-0d6456f4bd4f,70924c60-c63e-4e77-a26a-78d3724cf761,2023-08-15 10:06:49.664
626516,40151366-ef7f-4fe4-ad64-0d6456f4bd4f,771c01c2-a602-4d4c-a343-f35d6c78ec19,2023-08-15 09:38:38.908
626528,40151366-ef7f-4fe4-ad64-0d6456f4bd4f,c053432e-39c6-432c-b00a-701ea8574551,2023-08-15 10:12:56.970
626542,40151366-ef7f-4fe4-ad64-0d6456f4bd4f,cd754558-e60b-4a7a-9aa5-4b729fb8add9,2023-08-15 09:27:50.624
626545,40151366-ef7f-4fe4-ad64-0d6456f4bd4f,65f487a5-84e6-477b-a155-72076465193a,2023-08-15 10:11:45.547
626547,40151366-ef7f-4fe4-ad64-0d6456f4bd4f,52986aaa-9c04-4bfa-bfa1-4f19f07681cf,2023-08-15 09:58:56.154
626549,40151366-ef7f-4fe4-ad64-0d6456f4bd4f,49122c85-c7e7-4c14-b789-01facd490b2b,2023-08-15 10:07:16.399
626554,40151366-ef7f-4fe4-ad64-0d6456f4bd4f,2cc23a10-8a6c-4815-81e9-5c71c7a77914,2023-08-15 10:10:15.623
626555,40151366-ef7f-4fe4-ad64-0d6456f4bd4f,e590bf7f-85cf-4979-85dc-4ec647c22bd4,2023-08-15 09:43:55.721
626573,40151366-ef7f-4fe4-ad64-0d6456f4bd4f,a4e4c0c0-632c-43f9-8421-8fe59205c796,2023-08-15 09:55:53.614
626581,40151366-ef7f-4fe4-ad64-0d6456f4bd4f,b8fef6d0-3114-4471-8203-fe0b324cf97b,2023-08-15 09:13:05.278
626593,40151366-ef7f-4fe4-ad64-0d6456f4bd4f,366a60c1-30e1-4940-bf1d-c16f4fe91684,2023-08-15 10:14:40.066
309229,f6ebad86-da66-4efe-84b3-49da40a4c504,c15bb521-f9e0-441f-aa0a-477371816bd4,
309230,f6ebad86-da66-4efe-84b3-49da40a4c504,59a33b26-bd16-4e40-b289-7a163a96ff69,
309242,f6ebad86-da66-4efe-84b3-49da40a4c504,73aac93a-bd7f-4e42-8843-5b6fa9356360,
309249,f6ebad86-da66-4efe-84b3-49da40a4c504,7659379a-17a8-48ee-ae2a-51b8392be511,
309253,f6ebad86-da66-4efe-84b3-49da40a4c504,7cea2341-82f2-44a5-bbe5-db0fd8548fe7,
309254,f6ebad86-da66-4efe-84b3-49da40a4c504,9b006116-8236-457d-871d-e3f3c3130322,
309256,f6ebad86-da66-4efe-84b3-49da40a4c504,abc94438-9ef6-47a6-9647-2a4c0111fe99,
309266,f6ebad86-da66-4efe-84b3-49da40a4c504,25de4b95-2102-48b0-94f2-e559a3315bb9,
309274,f6ebad86-da66-4efe-84b3-49da40a4c504,7657550f-b2af-46c9-a2d2-e500b8137e6e,
309277,f6ebad86-da66-4efe-84b3-49da40a4c504,9cdda4fd-c9b4-45b3-8ec7-ec1551598f99,
309286,f6ebad86-da66-4efe-84b3-49da40a4c504,dc2df3cb-1e9f-4439-a29d-65eec0e61960,
309287,f6ebad86-da66-4efe-84b3-49da40a4c504,dfe4916e-fbf0-4218-9227-3c1b173154e7,
309288,f6ebad86-da66-4efe-84b3-49da40a4c504,e145607d-f135-4900-a295-61773942a02c,
309290,f6ebad86-da66-4efe-84b3-49da40a4c504,3f5016c5-dcc8-4703-9591-0a49ceeb8e42,
310968,412ce205-0357-4ed1-a448-488649fb2ff3,4b315846-1c64-455c-9121-6e27c1dc4d9e,
310971,412ce205-0357-4ed1-a448-488649fb2ff3,a10fd2a0-c2de-43e9-b168-f9f1dd50e9a3,
310972,412ce205-0357-4ed1-a448-488649fb2ff3,d135f560-fce2-4697-8472-475fa113bfa5,
310991,412ce205-0357-4ed1-a448-488649fb2ff3,fe232bf8-1697-4993-9c1f-daab57c10edf,
310997,412ce205-0357-4ed1-a448-488649fb2ff3,d15dbda9-1a3e-44fc-9061-2a7a7f1e792d,
310998,412ce205-0357-4ed1-a448-488649fb2ff3,3f0f81b1-2459-4fa3-954b-08cbda4f0c9c,
311015,412ce205-0357-4ed1-a448-488649fb2ff3,fc4288b4-5b7a-41b6-bede-bec057f584f7,
311021,412ce205-0357-4ed1-a448-488649fb2ff3,a7ca25f7-d17f-41ce-9f6a-f9df97c5b5d5,
651244,6f388880-4920-49eb-9a21-b8581e3d0e54,9d8ce68c-5459-4967-aac8-a0ff04a29c2b,2023-09-28 13:35:29.912
350960,58ca9fef-588c-49d2-b5bb-4ea78ed05832,797565bb-9968-444b-9af2-9eac79ca44c6,
350973,58ca9fef-588c-49d2-b5bb-4ea78ed05832,204f1a14-0a08-4e81-8d01-bbd8984e47dd,
350977,58ca9fef-588c-49d2-b5bb-4ea78ed05832,b036f307-872d-442c-b59b-a9ff98733ced,
626551,40151366-ef7f-4fe4-ad64-0d6456f4bd4f,affc71e8-ae23-49d1-b03c-15f85d55cb0a,2023-08-15 10:02:00.163
626561,40151366-ef7f-4fe4-ad64-0d6456f4bd4f,9752003e-df4a-483c-ac38-ca254b62cb3a,2023-08-15 10:09:14.627
626574,40151366-ef7f-4fe4-ad64-0d6456f4bd4f,ee190171-ca2b-4a88-9a71-86024433464c,2023-08-15 09:32:36.310
626582,40151366-ef7f-4fe4-ad64-0d6456f4bd4f,8647de4f-acec-43b4-b80a-7d367b40d2d1,2023-08-15 09:52:12.482
626587,40151366-ef7f-4fe4-ad64-0d6456f4bd4f,b299fe63-d3b1-4679-9697-3f264bd6a42f,2023-08-15 09:33:13.703
307345,fdf7e6f1-cfec-4add-a1fd-77ea09a04fc5,73aac93a-bd7f-4e42-8843-5b6fa9356360,
307346,fdf7e6f1-cfec-4add-a1fd-77ea09a04fc5,92791ba9-9ef0-428c-8491-94a3d68cd64c,
309228,f6ebad86-da66-4efe-84b3-49da40a4c504,3ffa7e4d-232c-4d1d-b146-90ea8aa42803,
309263,f6ebad86-da66-4efe-84b3-49da40a4c504,80d161ce-1387-4198-85dc-79933f2d6cdd,
309273,f6ebad86-da66-4efe-84b3-49da40a4c504,92791ba9-9ef0-428c-8491-94a3d68cd64c,
309284,f6ebad86-da66-4efe-84b3-49da40a4c504,71576c82-e36a-4689-88ed-a32ce75cdf7b,
309294,f6ebad86-da66-4efe-84b3-49da40a4c504,54e8cc83-b361-481e-a243-c7da1171c9f1,
310961,412ce205-0357-4ed1-a448-488649fb2ff3,3d1b6096-8528-40be-9136-c0fbee0a0409,
310969,412ce205-0357-4ed1-a448-488649fb2ff3,8e899911-5d88-4ff5-bf15-7f86902cbdc3,
310988,412ce205-0357-4ed1-a448-488649fb2ff3,74c7e86f-14d9-4ca4-85c8-02fbbdc21fec,
310989,412ce205-0357-4ed1-a448-488649fb2ff3,dc6105c9-f04e-4a6a-8b18-5aed301814a3,
651245,6f388880-4920-49eb-9a21-b8581e3d0e54,27093282-0d47-4aaf-a8de-f15cf5a9c6c1,2023-09-28 13:48:38.253
350547,bda0127e-5176-4458-8433-8ec408001798,3f0f81b1-2459-4fa3-954b-08cbda4f0c9c,
350950,58ca9fef-588c-49d2-b5bb-4ea78ed05832,c4ff9044-f451-47a2-9cf5-55e81ed5b1c0,
350954,58ca9fef-588c-49d2-b5bb-4ea78ed05832,8e899911-5d88-4ff5-bf15-7f86902cbdc3,
350961,58ca9fef-588c-49d2-b5bb-4ea78ed05832,24961180-84c7-4b60-b86d-37c01b72f9b5,
350962,58ca9fef-588c-49d2-b5bb-4ea78ed05832,82f1eae4-3385-4478-a5ea-70cd428474f3,
350963,58ca9fef-588c-49d2-b5bb-4ea78ed05832,5776f066-a82c-4f55-99be-d1e3be638c19,
350971,58ca9fef-588c-49d2-b5bb-4ea78ed05832,fc4288b4-5b7a-41b6-bede-bec057f584f7,
350972,58ca9fef-588c-49d2-b5bb-4ea78ed05832,c794a9a4-3712-45b8-9e13-539e9cc461f8,
351427,03adc3fc-3d18-45b7-bea3-6e9497045468,ee6baaff-0973-4bbd-950a-25e1b8fd9ffc,
351437,03adc3fc-3d18-45b7-bea3-6e9497045468,3f5016c5-dcc8-4703-9591-0a49ceeb8e42,
351452,03adc3fc-3d18-45b7-bea3-6e9497045468,7659379a-17a8-48ee-ae2a-51b8392be511,
351454,03adc3fc-3d18-45b7-bea3-6e9497045468,8f32d77c-b2e8-4b8a-9bcc-9fc078370e3f,
351486,03adc3fc-3d18-45b7-bea3-6e9497045468,6b25474f-866e-4efa-bbe9-ae9f50c78b4a,
351495,03adc3fc-3d18-45b7-bea3-6e9497045468,9cdda4fd-c9b4-45b3-8ec7-ec1551598f99,
351497,03adc3fc-3d18-45b7-bea3-6e9497045468,26781a67-e991-479c-948a-3ac8ed7c0c70,
351504,03adc3fc-3d18-45b7-bea3-6e9497045468,271c4d38-15d9-48ac-9d7c-f50f342d820e,
351522,03adc3fc-3d18-45b7-bea3-6e9497045468,bd6b975e-0547-43f2-9e62-c8459e257806,
670566,72aa73bf-dc1b-403a-8b03-1bed4dc0af49,d5328262-ba23-45e6-8fb1-b7ef77d100a1,2023-10-31 13:23:03.870
670569,72aa73bf-dc1b-403a-8b03-1bed4dc0af49,8b9c0475-b9bc-4ba3-9502-ccd88983b7eb,2023-10-31 13:23:27.923
670576,72aa73bf-dc1b-403a-8b03-1bed4dc0af49,65abafdc-a9b7-4f94-83ec-4bb255e44ec1,2023-10-31 13:15:55.138
670583,72aa73bf-dc1b-403a-8b03-1bed4dc0af49,a3c8002c-90b9-4997-a3ec-44db850810d2,2023-10-31 13:28:13.589
670585,72aa73bf-dc1b-403a-8b03-1bed4dc0af49,429ecd7c-7c76-4a7e-8ea2-a84b6db136b4,2023-10-31 13:19:40.052
670586,72aa73bf-dc1b-403a-8b03-1bed4dc0af49,fd5a7845-2b68-403b-b2ac-31b26a2cf779,2023-10-31 13:07:48.133
670606,72aa73bf-dc1b-403a-8b03-1bed4dc0af49,a080d453-0391-4fc0-a77a-0c6e2ccad31c,2023-10-31 13:26:01.599
670609,72aa73bf-dc1b-403a-8b03-1bed4dc0af49,2cc23a10-8a6c-4815-81e9-5c71c7a77914,2023-10-31 13:41:15.792
670612,72aa73bf-dc1b-403a-8b03-1bed4dc0af49,771c01c2-a602-4d4c-a343-f35d6c78ec19,2023-10-31 13:19:24.433
670615,72aa73bf-dc1b-403a-8b03-1bed4dc0af49,e90a213d-9214-47b8-97c5-b8f6516ee30d,2023-10-31 11:53:05.098
670623,72aa73bf-dc1b-403a-8b03-1bed4dc0af49,e372da76-027c-47f6-a629-7bd21120a292,2023-10-31 13:21:22.681
670629,72aa73bf-dc1b-403a-8b03-1bed4dc0af49,af928aaa-59f6-4056-ab3b-f9dcd1ac3aa4,2023-10-31 13:10:43.778
670638,72aa73bf-dc1b-403a-8b03-1bed4dc0af49,a4e4c0c0-632c-43f9-8421-8fe59205c796,2023-10-31 13:15:11.952
670650,72aa73bf-dc1b-403a-8b03-1bed4dc0af49,21d3b7c7-03e3-4738-a154-50b6eb3355c0,2023-10-31 13:20:04.384
679964,61187cf9-4951-48b0-b627-7fdbb352bb6b,a080d453-0391-4fc0-a77a-0c6e2ccad31c,2023-11-10 11:11:26.097
679971,61187cf9-4951-48b0-b627-7fdbb352bb6b,a3c8002c-90b9-4997-a3ec-44db850810d2,2023-11-10 11:07:34.382
679983,61187cf9-4951-48b0-b627-7fdbb352bb6b,948ac2a7-1ca1-4ac8-8d25-7c93a0f6e5b6,2023-11-10 11:23:15.085
679991,61187cf9-4951-48b0-b627-7fdbb352bb6b,2beefdc0-2da5-4ae5-9880-8b20ff078794,2023-11-10 11:17:48.435
679995,61187cf9-4951-48b0-b627-7fdbb352bb6b,3e8f638b-9280-49e7-82e8-bb295905f0dd,2023-11-10 11:01:15.921
679997,61187cf9-4951-48b0-b627-7fdbb352bb6b,f161da6c-1ac0-4ae0-a5ac-6a2e60cf25dd,2023-11-10 11:10:29.518
680001,61187cf9-4951-48b0-b627-7fdbb352bb6b,1493f341-3231-4c9c-950c-c623e9c53516,2023-11-10 11:05:20.804
680005,61187cf9-4951-48b0-b627-7fdbb352bb6b,771c01c2-a602-4d4c-a343-f35d6c78ec19,2023-11-10 11:12:47.104
680042,a4128da1-3de2-447a-8c6c-5271ee33781b,2990acf6-d45e-490e-a3c3-cf58884af2ab,2023-11-10 12:13:04.635
680063,a4128da1-3de2-447a-8c6c-5271ee33781b,8359768c-46c9-42c5-83ab-58c32b1913ca,2023-11-10 11:59:10.190
680064,a4128da1-3de2-447a-8c6c-5271ee33781b,0c0cc03b-31f2-43ba-b6f5-fdb2a834ca9c,2023-11-10 12:13:26.918
680078,a4128da1-3de2-447a-8c6c-5271ee33781b,9af8f6ea-f849-467f-852a-906c756939c5,2023-11-10 12:08:01.552
687785,5510a15e-8a90-4516-8d87-efd5f0502307,81d6091a-fb13-4559-a689-bb34b89045e7,2023-11-20 13:54:22.049
687806,5510a15e-8a90-4516-8d87-efd5f0502307,cdd1a945-2f2e-4e8e-b802-7c7b50a326fe,2023-11-20 13:53:09.520
687807,5510a15e-8a90-4516-8d87-efd5f0502307,74084c98-30a8-4eca-824a-121bab8f4efd,2023-11-20 14:17:42.822
687816,5510a15e-8a90-4516-8d87-efd5f0502307,5902ff4e-3a0a-4272-84cf-c15cf171b168,2023-11-20 13:49:04.228
687819,5510a15e-8a90-4516-8d87-efd5f0502307,f6e6742d-ed4f-46bb-afda-c6db63cbd496,2023-11-20 14:05:02.387
687822,5510a15e-8a90-4516-8d87-efd5f0502307,9802cabc-4f24-4452-9029-d5bc8f5ee7f7,2023-11-20 13:47:44.926
687823,5510a15e-8a90-4516-8d87-efd5f0502307,673445b1-ea79-4273-ae66-04118847238c,2023-11-20 14:20:32.622
687831,5510a15e-8a90-4516-8d87-efd5f0502307,a05c4d98-4083-4591-b168-f13b68fb3716,2023-11-20 14:16:40.311
228295,7a3d3557-446d-4481-b2c4-34cf3b30a153,6b16b4b8-9133-456c-a68c-358245e273e3,
228301,7a3d3557-446d-4481-b2c4-34cf3b30a153,a696591b-d1de-4f1e-bfdf-9d68a0d691cb,
228307,7a3d3557-446d-4481-b2c4-34cf3b30a153,966d5a86-1e7d-484c-a63e-ee9ec060e269,
228312,7a3d3557-446d-4481-b2c4-34cf3b30a153,b036f307-872d-442c-b59b-a9ff98733ced,
228662,bb0e76fe-2693-4195-91e7-0ac358e2f57a,59a33b26-bd16-4e40-b289-7a163a96ff69,
228663,bb0e76fe-2693-4195-91e7-0ac358e2f57a,aaef8b89-3f92-4e01-af76-a83fcecfe24d,
228665,bb0e76fe-2693-4195-91e7-0ac358e2f57a,ce6db7ba-255e-43f3-ba67-5fcd4ceb5db6,
228668,bb0e76fe-2693-4195-91e7-0ac358e2f57a,772e9de5-97ee-40e8-a68a-bea8a93d162b,
228709,bb0e76fe-2693-4195-91e7-0ac358e2f57a,7657550f-b2af-46c9-a2d2-e500b8137e6e,
228724,bb0e76fe-2693-4195-91e7-0ac358e2f57a,f28c4440-3b18-4b5e-aa84-6d1c706b75bb,
228730,bb0e76fe-2693-4195-91e7-0ac358e2f57a,cc97acc9-d5e1-4c95-bca4-d9f54745241b,
275076,adf23f74-f6b0-43bf-9255-2242959d8737,a1075b21-93bf-4250-83a2-27a2f1dfc7f7,
275090,adf23f74-f6b0-43bf-9255-2242959d8737,dfe4916e-fbf0-4218-9227-3c1b173154e7,
275713,34212be1-f6a4-49b4-b93b-faa9bfcd20c2,3ffa7e4d-232c-4d1d-b146-90ea8aa42803,
275722,34212be1-f6a4-49b4-b93b-faa9bfcd20c2,30af59e6-1ced-4d0b-82af-c1b2c3b8562b,
275723,34212be1-f6a4-49b4-b93b-faa9bfcd20c2,10fc5193-b249-4c70-9526-c316b8991d10,
275724,34212be1-f6a4-49b4-b93b-faa9bfcd20c2,204c79ea-7f9a-443f-866f-6005b2594f18,
275730,34212be1-f6a4-49b4-b93b-faa9bfcd20c2,e21ebd7c-194f-4c30-8309-3b859da8e8ff,
275732,34212be1-f6a4-49b4-b93b-faa9bfcd20c2,94e6e067-695a-4884-b9f2-ccd1b6d78a72,
275734,34212be1-f6a4-49b4-b93b-faa9bfcd20c2,ea36d045-53e6-4411-a6ae-bd9a9ddc3678,
275738,34212be1-f6a4-49b4-b93b-faa9bfcd20c2,2793257a-bdaf-4345-b9cf-8a10d591ea96,
275747,34212be1-f6a4-49b4-b93b-faa9bfcd20c2,599b5295-1660-48f7-8b1b-61494fe7fb8f,
275750,34212be1-f6a4-49b4-b93b-faa9bfcd20c2,3f5016c5-dcc8-4703-9591-0a49ceeb8e42,
277933,c2905613-9115-492b-85f7-949a23846ba0,09b9adf2-df24-4e7b-8794-e4d923221da4,
277940,c2905613-9115-492b-85f7-949a23846ba0,9bf75b6b-81c9-491a-92eb-117622af2596,
277942,c2905613-9115-492b-85f7-949a23846ba0,3769fe44-8393-4fff-a46c-a8e88b86fa0a,
277948,c2905613-9115-492b-85f7-949a23846ba0,9a9b9363-b686-4e83-98f9-b10345d17857,
277949,c2905613-9115-492b-85f7-949a23846ba0,ecb127fd-6380-42bb-8622-d9815649ef65,
277953,c2905613-9115-492b-85f7-949a23846ba0,7cc80a5c-c9cd-4f94-9c03-206e273ba25e,
277955,c2905613-9115-492b-85f7-949a23846ba0,ee6baaff-0973-4bbd-950a-25e1b8fd9ffc,
277959,c2905613-9115-492b-85f7-949a23846ba0,95e09ba6-f69a-4909-bce0-2b5920286336,
277964,c2905613-9115-492b-85f7-949a23846ba0,dc6105c9-f04e-4a6a-8b18-5aed301814a3,
277968,c2905613-9115-492b-85f7-949a23846ba0,c9a0375a-6664-4bee-84dd-3a4bc874c716,
277969,c2905613-9115-492b-85f7-949a23846ba0,5cd4959d-1f34-4ad0-9ee9-6ff829f0d823,
277973,c2905613-9115-492b-85f7-949a23846ba0,d15dbda9-1a3e-44fc-9061-2a7a7f1e792d,
277981,c2905613-9115-492b-85f7-949a23846ba0,dbcd1a04-4d70-4bdb-8b2a-185d6ecf5849,
617328,2cd66b47-02bf-4683-a892-999bc1b5f5a3,54312981-5301-421f-94cd-85781227e1a5,2023-07-27 14:29:22.832
617329,2cd66b47-02bf-4683-a892-999bc1b5f5a3,74927492-8cbb-4407-bdb9-f0925032cf04,2023-07-27 14:28:12.870
617346,2cd66b47-02bf-4683-a892-999bc1b5f5a3,085f217b-2836-48e3-9de3-bfa5d11ec220,2023-07-27 14:24:52.612
617347,2cd66b47-02bf-4683-a892-999bc1b5f5a3,5b682352-bfa0-4c57-9453-fd82e84a1a24,2023-07-27 15:04:52.743
279835,cf66d45d-4bd6-4e59-8dd0-b6027bf6c866,f017d746-ba14-4e49-b447-a3386c36c339,
619529,acd8f6c8-d2b2-4748-a12b-84b706ba5cc0,06ab4e04-1447-47a0-9a20-a6f7573939c5,2023-08-02 09:40:25.386
619531,acd8f6c8-d2b2-4748-a12b-84b706ba5cc0,ab7d9a4a-a3f4-489c-95f6-11ed678549b0,2023-08-02 09:34:05.526
619565,acd8f6c8-d2b2-4748-a12b-84b706ba5cc0,157ee08f-816e-4235-8b88-a50e9d231a14,2023-08-02 10:06:36.794
619570,acd8f6c8-d2b2-4748-a12b-84b706ba5cc0,f4dfe99b-1e2d-40ba-ba45-126c7aab45a0,2023-08-02 10:16:09.677
619574,acd8f6c8-d2b2-4748-a12b-84b706ba5cc0,e687fdc4-f885-44f2-9fc0-825602ab3158,2023-08-02 10:11:06.656
619581,acd8f6c8-d2b2-4748-a12b-84b706ba5cc0,1afce454-f7ae-40e2-9377-29f189fe0083,2023-08-02 09:50:26.416
619583,acd8f6c8-d2b2-4748-a12b-84b706ba5cc0,cdd1a945-2f2e-4e8e-b802-7c7b50a326fe,2023-08-02 09:24:03.777
292762,20444107-0c34-444f-8f62-840fbbb4771d,534fbf9d-f759-4dbf-be3d-7fae26224280,
292783,20444107-0c34-444f-8f62-840fbbb4771d,94e6e067-695a-4884-b9f2-ccd1b6d78a72,
292788,20444107-0c34-444f-8f62-840fbbb4771d,41d0e4b4-4f8b-4b75-9fc5-0d795b99d606,
292794,20444107-0c34-444f-8f62-840fbbb4771d,460a6994-f926-4308-bf0c-b5a6381512f8,
292809,20444107-0c34-444f-8f62-840fbbb4771d,dc2df3cb-1e9f-4439-a29d-65eec0e61960,
626509,40151366-ef7f-4fe4-ad64-0d6456f4bd4f,5827ff23-bbd1-48c7-a099-84122d168ac7,2023-08-15 09:56:22.517
626517,40151366-ef7f-4fe4-ad64-0d6456f4bd4f,8c6748b0-8942-4ac3-8af2-95c9732c595c,2023-08-15 09:24:59.477
626521,40151366-ef7f-4fe4-ad64-0d6456f4bd4f,6355ee6d-2b7f-41ef-a572-680669f2c8e8,2023-08-15 10:05:35.858
626535,40151366-ef7f-4fe4-ad64-0d6456f4bd4f,1493f341-3231-4c9c-950c-c623e9c53516,2023-08-15 09:30:27.150
626546,40151366-ef7f-4fe4-ad64-0d6456f4bd4f,de3527e5-ed46-41e0-9fb8-0166a9e21fe6,2023-08-15 09:38:13.750
626553,40151366-ef7f-4fe4-ad64-0d6456f4bd4f,e96b5f3d-1e36-4ce6-b1c1-d4a0d88a8fed,2023-08-15 10:06:17.020
626557,40151366-ef7f-4fe4-ad64-0d6456f4bd4f,85dba3b1-819b-4c61-b64c-9584d64f9236,2023-08-15 09:42:10.796
626560,40151366-ef7f-4fe4-ad64-0d6456f4bd4f,96b9f38e-c600-4cc4-ae8b-025b579bb6af,2023-08-15 09:50:43.261
626568,40151366-ef7f-4fe4-ad64-0d6456f4bd4f,ce4d4f46-2b0a-4a6e-9ab5-679659c5557a,2023-08-15 09:42:36.084
626575,40151366-ef7f-4fe4-ad64-0d6456f4bd4f,6d2b90b8-67d7-428d-b09b-58f9a61f56eb,2023-08-15 10:13:49.330
626583,40151366-ef7f-4fe4-ad64-0d6456f4bd4f,4c8610c6-8f50-4673-9e16-e74aaccd83ec,2023-08-15 09:34:52.263
626584,40151366-ef7f-4fe4-ad64-0d6456f4bd4f,e90a213d-9214-47b8-97c5-b8f6516ee30d,2023-08-15 09:29:20.838
309243,f6ebad86-da66-4efe-84b3-49da40a4c504,ed295c2d-7cbe-4cd9-9aa2-8d0117558505,
309258,f6ebad86-da66-4efe-84b3-49da40a4c504,e21ebd7c-194f-4c30-8309-3b859da8e8ff,
309269,f6ebad86-da66-4efe-84b3-49da40a4c504,2793257a-bdaf-4345-b9cf-8a10d591ea96,
309276,f6ebad86-da66-4efe-84b3-49da40a4c504,5776f066-a82c-4f55-99be-d1e3be638c19,
309289,f6ebad86-da66-4efe-84b3-49da40a4c504,f28c4440-3b18-4b5e-aa84-6d1c706b75bb,
309293,f6ebad86-da66-4efe-84b3-49da40a4c504,3dde5fe3-7132-49f8-8373-deae64b515a6,
310977,412ce205-0357-4ed1-a448-488649fb2ff3,3873163d-60a2-440b-91aa-e9903ea15236,
310993,412ce205-0357-4ed1-a448-488649fb2ff3,5cd4959d-1f34-4ad0-9ee9-6ff829f0d823,
311003,412ce205-0357-4ed1-a448-488649fb2ff3,10675540-984d-4638-a65f-c875e78dd191,
311008,412ce205-0357-4ed1-a448-488649fb2ff3,dbcd1a04-4d70-4bdb-8b2a-185d6ecf5849,
311016,412ce205-0357-4ed1-a448-488649fb2ff3,c794a9a4-3712-45b8-9e13-539e9cc461f8,
350951,58ca9fef-588c-49d2-b5bb-4ea78ed05832,3d1b6096-8528-40be-9136-c0fbee0a0409,
350953,58ca9fef-588c-49d2-b5bb-4ea78ed05832,9fbc75c7-95a5-4223-af2b-fe49dbdebecc,
350959,58ca9fef-588c-49d2-b5bb-4ea78ed05832,dc6105c9-f04e-4a6a-8b18-5aed301814a3,
350970,58ca9fef-588c-49d2-b5bb-4ea78ed05832,576abf73-7ebd-4b36-82cd-13dcc5ae96a2,
350975,58ca9fef-588c-49d2-b5bb-4ea78ed05832,074dd80e-919b-49ca-a068-4fe4cbc338a5,
351424,03adc3fc-3d18-45b7-bea3-6e9497045468,3769fe44-8393-4fff-a46c-a8e88b86fa0a,
311012,412ce205-0357-4ed1-a448-488649fb2ff3,307b6a1b-c728-4bcc-acf4-136f654b4c79,
311013,412ce205-0357-4ed1-a448-488649fb2ff3,576abf73-7ebd-4b36-82cd-13dcc5ae96a2,
311018,412ce205-0357-4ed1-a448-488649fb2ff3,204f1a14-0a08-4e81-8d01-bbd8984e47dd,
350964,58ca9fef-588c-49d2-b5bb-4ea78ed05832,7f2ed266-5e35-4217-b200-c4c24f9a5b81,
350966,58ca9fef-588c-49d2-b5bb-4ea78ed05832,599b5295-1660-48f7-8b1b-61494fe7fb8f,
350967,58ca9fef-588c-49d2-b5bb-4ea78ed05832,851fc06d-0ee6-4d88-858e-487cad378e00,
350969,58ca9fef-588c-49d2-b5bb-4ea78ed05832,a696591b-d1de-4f1e-bfdf-9d68a0d691cb,
350974,58ca9fef-588c-49d2-b5bb-4ea78ed05832,3dde5fe3-7132-49f8-8373-deae64b515a6,
350976,58ca9fef-588c-49d2-b5bb-4ea78ed05832,ecb127fd-6380-42bb-8622-d9815649ef65,
351432,03adc3fc-3d18-45b7-bea3-6e9497045468,b6f9888b-3cdd-4836-9eaf-8547b5545a71,
351444,03adc3fc-3d18-45b7-bea3-6e9497045468,534fbf9d-f759-4dbf-be3d-7fae26224280,
351445,03adc3fc-3d18-45b7-bea3-6e9497045468,30af59e6-1ced-4d0b-82af-c1b2c3b8562b,
351449,03adc3fc-3d18-45b7-bea3-6e9497045468,18082121-85e5-4058-97cd-572766f087d5,
351458,03adc3fc-3d18-45b7-bea3-6e9497045468,7236d2de-605d-48f3-8aab-b565d7ed1308,
351477,03adc3fc-3d18-45b7-bea3-6e9497045468,204c79ea-7f9a-443f-866f-6005b2594f18,
351481,03adc3fc-3d18-45b7-bea3-6e9497045468,74c7e86f-14d9-4ca4-85c8-02fbbdc21fec,
351483,03adc3fc-3d18-45b7-bea3-6e9497045468,7cea2341-82f2-44a5-bbe5-db0fd8548fe7,
351488,03adc3fc-3d18-45b7-bea3-6e9497045468,d15dbda9-1a3e-44fc-9061-2a7a7f1e792d,
351494,03adc3fc-3d18-45b7-bea3-6e9497045468,10675540-984d-4638-a65f-c875e78dd191,
351501,03adc3fc-3d18-45b7-bea3-6e9497045468,dc2df3cb-1e9f-4439-a29d-65eec0e61960,
351503,03adc3fc-3d18-45b7-bea3-6e9497045468,acf4d7a0-71c0-47df-816c-f329c66d204b,
351512,03adc3fc-3d18-45b7-bea3-6e9497045468,73aac93a-bd7f-4e42-8843-5b6fa9356360,
351528,03adc3fc-3d18-45b7-bea3-6e9497045468,817c7a05-6fb8-47a5-8d32-7fde6d4b4cb1,
670577,72aa73bf-dc1b-403a-8b03-1bed4dc0af49,f161da6c-1ac0-4ae0-a5ac-6a2e60cf25dd,2023-10-31 13:31:26.352
670589,72aa73bf-dc1b-403a-8b03-1bed4dc0af49,2990acf6-d45e-490e-a3c3-cf58884af2ab,2023-10-31 13:31:42.885
670590,72aa73bf-dc1b-403a-8b03-1bed4dc0af49,e7881883-ad23-45b4-9d6f-d1ab18c297d9,2023-10-31 13:13:57.266
670603,72aa73bf-dc1b-403a-8b03-1bed4dc0af49,49122c85-c7e7-4c14-b789-01facd490b2b,2023-10-31 13:35:54.834
670635,72aa73bf-dc1b-403a-8b03-1bed4dc0af49,e3824554-5f89-43a0-96ca-e64b62e6143b,2023-10-31 11:55:05.989
670645,72aa73bf-dc1b-403a-8b03-1bed4dc0af49,80a38c8e-29a8-4129-9cf8-4d45b712730c,2023-10-31 13:24:15.307
670646,72aa73bf-dc1b-403a-8b03-1bed4dc0af49,5b34f6b4-21f5-4ead-b8db-21a17ba34064,2023-10-31 13:18:42.081
679963,61187cf9-4951-48b0-b627-7fdbb352bb6b,5827ff23-bbd1-48c7-a099-84122d168ac7,2023-11-10 11:22:19.101
679969,61187cf9-4951-48b0-b627-7fdbb352bb6b,2cc23a10-8a6c-4815-81e9-5c71c7a77914,2023-11-10 11:19:17.357
679974,61187cf9-4951-48b0-b627-7fdbb352bb6b,5b34f6b4-21f5-4ead-b8db-21a17ba34064,2023-11-10 11:04:00.247
679982,61187cf9-4951-48b0-b627-7fdbb352bb6b,04f40950-8f7b-4a22-a185-b632991f5d1a,2023-11-10 11:04:56.793
679987,61187cf9-4951-48b0-b627-7fdbb352bb6b,8c6748b0-8942-4ac3-8af2-95c9732c595c,2023-11-10 11:13:38.636
679993,61187cf9-4951-48b0-b627-7fdbb352bb6b,a10906f3-e68c-4d8e-8c66-6fac44c07739,2023-11-10 11:15:50.984
680000,61187cf9-4951-48b0-b627-7fdbb352bb6b,4c8610c6-8f50-4673-9e16-e74aaccd83ec,2023-11-10 11:20:55.035
680004,61187cf9-4951-48b0-b627-7fdbb352bb6b,4deda364-678c-48ea-829a-a5c262f8083a,2023-11-10 11:13:12.319
680045,a4128da1-3de2-447a-8c6c-5271ee33781b,60abe2c3-a4a2-45a0-a1ac-6c050a23edc5,2023-11-10 12:09:56.833
680047,a4128da1-3de2-447a-8c6c-5271ee33781b,6e05d9d5-6117-4125-9f4f-e822e8849b14,2023-11-10 12:03:04.666
680055,a4128da1-3de2-447a-8c6c-5271ee33781b,96b9f38e-c600-4cc4-ae8b-025b579bb6af,2023-11-10 11:57:50.640
680070,a4128da1-3de2-447a-8c6c-5271ee33781b,8647de4f-acec-43b4-b80a-7d367b40d2d1,2023-11-10 11:58:44.887
687784,5510a15e-8a90-4516-8d87-efd5f0502307,b046a593-a952-4b95-af2e-78c94e77e3d6,2023-11-20 13:46:46.638
687795,5510a15e-8a90-4516-8d87-efd5f0502307,9bfed2f7-1cea-446e-b86a-b5ced5720a1c,2023-11-20 14:03:01.272
687815,5510a15e-8a90-4516-8d87-efd5f0502307,f4dfe99b-1e2d-40ba-ba45-126c7aab45a0,2023-11-20 14:08:41.745
687830,5510a15e-8a90-4516-8d87-efd5f0502307,267387f8-faea-4f92-b0e4-8de10af42b56,2023-11-20 13:55:41.411
687832,5510a15e-8a90-4516-8d87-efd5f0502307,98665798-dd78-4998-895f-085627726723,2023-11-20 14:18:49.559
309246,f6ebad86-da66-4efe-84b3-49da40a4c504,204c79ea-7f9a-443f-866f-6005b2594f18,
309257,f6ebad86-da66-4efe-84b3-49da40a4c504,6b25474f-866e-4efa-bbe9-ae9f50c78b4a,
309268,f6ebad86-da66-4efe-84b3-49da40a4c504,cb9947fa-0f01-4d11-a616-60c4c9d8a78c,
309272,f6ebad86-da66-4efe-84b3-49da40a4c504,4bf63f47-bd63-4c0c-a826-0028fa35bed7,
309275,f6ebad86-da66-4efe-84b3-49da40a4c504,82f1eae4-3385-4478-a5ea-70cd428474f3,
309278,f6ebad86-da66-4efe-84b3-49da40a4c504,4c28394a-6075-48a2-931f-ecb1cff20437,
309279,f6ebad86-da66-4efe-84b3-49da40a4c504,1a86b86a-9752-4970-954f-64dde17567d4,
310958,412ce205-0357-4ed1-a448-488649fb2ff3,c2b35033-a714-4db3-964c-6b546bf7e6b5,
310964,412ce205-0357-4ed1-a448-488649fb2ff3,9bf75b6b-81c9-491a-92eb-117622af2596,
310974,412ce205-0357-4ed1-a448-488649fb2ff3,ecb127fd-6380-42bb-8622-d9815649ef65,
310983,412ce205-0357-4ed1-a448-488649fb2ff3,0b44fb0a-839a-4381-91b8-f12e6d529818,
310985,412ce205-0357-4ed1-a448-488649fb2ff3,3e3814ed-dd36-4f8f-a95b-c83696470c1e,
310987,412ce205-0357-4ed1-a448-488649fb2ff3,468d9197-2e40-46dd-854d-47353c0a66af,
310994,412ce205-0357-4ed1-a448-488649fb2ff3,7236d2de-605d-48f3-8aab-b565d7ed1308,
311009,412ce205-0357-4ed1-a448-488649fb2ff3,47d0b5d2-80dc-49ef-b8e6-a69628b876d3,
311014,412ce205-0357-4ed1-a448-488649fb2ff3,a696591b-d1de-4f1e-bfdf-9d68a0d691cb,
311025,412ce205-0357-4ed1-a448-488649fb2ff3,b036f307-872d-442c-b59b-a9ff98733ced,
350958,58ca9fef-588c-49d2-b5bb-4ea78ed05832,468d9197-2e40-46dd-854d-47353c0a66af,
350968,58ca9fef-588c-49d2-b5bb-4ea78ed05832,36464cde-376e-4905-8e6e-2b9f5b50f6ac,
351425,03adc3fc-3d18-45b7-bea3-6e9497045468,7a6f5768-be48-4a27-a956-c1582edef8bd,
351426,03adc3fc-3d18-45b7-bea3-6e9497045468,75b8502a-448c-4253-8ac7-12128953c367,
351429,03adc3fc-3d18-45b7-bea3-6e9497045468,7c0be3de-f78b-427a-9101-1d53cf41e03f,
351433,03adc3fc-3d18-45b7-bea3-6e9497045468,8cf7af38-5759-4525-aac2-96fdc0a6010d,
351434,03adc3fc-3d18-45b7-bea3-6e9497045468,6dd09559-842f-400f-b1de-3e824510afc5,
351436,03adc3fc-3d18-45b7-bea3-6e9497045468,e145607d-f135-4900-a295-61773942a02c,
351442,03adc3fc-3d18-45b7-bea3-6e9497045468,5b692764-0f74-40af-8f63-279d4d99a4f7,
351451,03adc3fc-3d18-45b7-bea3-6e9497045468,a1075b21-93bf-4250-83a2-27a2f1dfc7f7,
351453,03adc3fc-3d18-45b7-bea3-6e9497045468,3e3814ed-dd36-4f8f-a95b-c83696470c1e,
351471,03adc3fc-3d18-45b7-bea3-6e9497045468,f2176e41-fb91-49b8-8d38-e7e6dc426909,
351473,03adc3fc-3d18-45b7-bea3-6e9497045468,5f093683-cd91-483a-9d7c-0a85462dcb21,
351474,03adc3fc-3d18-45b7-bea3-6e9497045468,3cbdf922-6d25-4a37-96de-2c76d8e27744,
351493,03adc3fc-3d18-45b7-bea3-6e9497045468,4bf63f47-bd63-4c0c-a826-0028fa35bed7,
351499,03adc3fc-3d18-45b7-bea3-6e9497045468,9cd00ee2-afcb-4465-b229-398e609e3a0d,
351516,03adc3fc-3d18-45b7-bea3-6e9497045468,95e09ba6-f69a-4909-bce0-2b5920286336,
351521,03adc3fc-3d18-45b7-bea3-6e9497045468,41d0e4b4-4f8b-4b75-9fc5-0d795b99d606,
670568,72aa73bf-dc1b-403a-8b03-1bed4dc0af49,3e8f638b-9280-49e7-82e8-bb295905f0dd,2023-10-31 11:50:43.470
670572,72aa73bf-dc1b-403a-8b03-1bed4dc0af49,9752003e-df4a-483c-ac38-ca254b62cb3a,2023-10-31 13:36:51.370
670575,72aa73bf-dc1b-403a-8b03-1bed4dc0af49,65f487a5-84e6-477b-a155-72076465193a,2023-10-31 13:06:45.150
670578,72aa73bf-dc1b-403a-8b03-1bed4dc0af49,6e05d9d5-6117-4125-9f4f-e822e8849b14,2023-10-31 13:33:06.324
670587,72aa73bf-dc1b-403a-8b03-1bed4dc0af49,948ac2a7-1ca1-4ac8-8d25-7c93a0f6e5b6,2023-10-31 13:38:10.593
670597,72aa73bf-dc1b-403a-8b03-1bed4dc0af49,ead07cf1-8194-478d-a480-be209599e95e,2023-10-31 13:28:37.807
670598,72aa73bf-dc1b-403a-8b03-1bed4dc0af49,f068c0bd-12be-4798-b721-3fecbfd6f223,2023-10-31 13:30:30.714
670605,72aa73bf-dc1b-403a-8b03-1bed4dc0af49,ee190171-ca2b-4a88-9a71-86024433464c,2023-10-31 13:17:06.194
670610,72aa73bf-dc1b-403a-8b03-1bed4dc0af49,04f40950-8f7b-4a22-a185-b632991f5d1a,2023-10-31 13:07:35.317
670611,72aa73bf-dc1b-403a-8b03-1bed4dc0af49,e590bf7f-85cf-4979-85dc-4ec647c22bd4,2023-10-31 13:36:43.038
670618,72aa73bf-dc1b-403a-8b03-1bed4dc0af49,3a9fbcaf-2ad7-495c-9a65-8e2485c6d76f,2023-10-31 13:38:53.242
670620,72aa73bf-dc1b-403a-8b03-1bed4dc0af49,affc71e8-ae23-49d1-b03c-15f85d55cb0a,2023-10-31 13:39:45.736
670628,72aa73bf-dc1b-403a-8b03-1bed4dc0af49,0543830f-d978-435f-a6d2-3affb01aa83c,2023-10-31 13:14:13.632
670630,72aa73bf-dc1b-403a-8b03-1bed4dc0af49,70924c60-c63e-4e77-a26a-78d3724cf761,2023-10-31 13:42:17.028
670633,72aa73bf-dc1b-403a-8b03-1bed4dc0af49,cd754558-e60b-4a7a-9aa5-4b729fb8add9,2023-10-31 11:52:10.846
670637,72aa73bf-dc1b-403a-8b03-1bed4dc0af49,366a60c1-30e1-4940-bf1d-c16f4fe91684,2023-10-31 13:31:09.684
670647,72aa73bf-dc1b-403a-8b03-1bed4dc0af49,6d2b90b8-67d7-428d-b09b-58f9a61f56eb,2023-10-31 11:53:48.435
679976,61187cf9-4951-48b0-b627-7fdbb352bb6b,0543830f-d978-435f-a6d2-3affb01aa83c,2023-11-10 11:04:30.417
679980,61187cf9-4951-48b0-b627-7fdbb352bb6b,22a008b4-b9bd-45de-a1e6-3c3f9d0d67a1,2023-11-10 11:21:36.185
679981,61187cf9-4951-48b0-b627-7fdbb352bb6b,21d3b7c7-03e3-4738-a154-50b6eb3355c0,2023-11-10 11:15:05.541
679984,61187cf9-4951-48b0-b627-7fdbb352bb6b,ce4d4f46-2b0a-4a6e-9ab5-679659c5557a,2023-11-10 11:24:24.050
679985,61187cf9-4951-48b0-b627-7fdbb352bb6b,3a9fbcaf-2ad7-495c-9a65-8e2485c6d76f,2023-11-10 11:22:49.563
679986,61187cf9-4951-48b0-b627-7fdbb352bb6b,e372da76-027c-47f6-a629-7bd21120a292,2023-11-10 11:23:39.711
679990,61187cf9-4951-48b0-b627-7fdbb352bb6b,a4e4c0c0-632c-43f9-8421-8fe59205c796,2023-11-10 11:15:27.977
679992,61187cf9-4951-48b0-b627-7fdbb352bb6b,70924c60-c63e-4e77-a26a-78d3724cf761,2023-11-10 11:18:22.355
680048,a4128da1-3de2-447a-8c6c-5271ee33781b,fd5a7845-2b68-403b-b2ac-31b26a2cf779,2023-11-10 12:07:38.780
680058,a4128da1-3de2-447a-8c6c-5271ee33781b,b299fe63-d3b1-4679-9697-3f264bd6a42f,2023-11-10 11:55:23.394
680066,a4128da1-3de2-447a-8c6c-5271ee33781b,52986aaa-9c04-4bfa-bfa1-4f19f07681cf,2023-11-10 12:08:26.910
680067,a4128da1-3de2-447a-8c6c-5271ee33781b,ead07cf1-8194-478d-a480-be209599e95e,2023-11-10 12:05:40.515
680081,a4128da1-3de2-447a-8c6c-5271ee33781b,80a38c8e-29a8-4129-9cf8-4d45b712730c,2023-11-10 11:53:20.758
687794,5510a15e-8a90-4516-8d87-efd5f0502307,3d5cb070-206a-48f1-838f-3b63ebf079fc,2023-11-20 14:12:53.576
687802,5510a15e-8a90-4516-8d87-efd5f0502307,4e682816-8f5e-404b-954a-af25eeeb20c7,2023-11-20 14:15:31.833
687811,5510a15e-8a90-4516-8d87-efd5f0502307,d03c4cdf-f657-4673-af80-115ec8a5ec0c,2023-11-20 13:47:12.256
311005,412ce205-0357-4ed1-a448-488649fb2ff3,8cf7af38-5759-4525-aac2-96fdc0a6010d,
311006,412ce205-0357-4ed1-a448-488649fb2ff3,26781a67-e991-479c-948a-3ac8ed7c0c70,
311007,412ce205-0357-4ed1-a448-488649fb2ff3,6dd09559-842f-400f-b1de-3e824510afc5,
311010,412ce205-0357-4ed1-a448-488649fb2ff3,851fc06d-0ee6-4d88-858e-487cad378e00,
311017,412ce205-0357-4ed1-a448-488649fb2ff3,0bb32681-df31-45cf-a36d-ba2f828fe7ef,
311020,412ce205-0357-4ed1-a448-488649fb2ff3,966d5a86-1e7d-484c-a63e-ee9ec060e269,
350952,58ca9fef-588c-49d2-b5bb-4ea78ed05832,9bf75b6b-81c9-491a-92eb-117622af2596,
350956,58ca9fef-588c-49d2-b5bb-4ea78ed05832,7cc80a5c-c9cd-4f94-9c03-206e273ba25e,
351446,03adc3fc-3d18-45b7-bea3-6e9497045468,d135f560-fce2-4697-8472-475fa113bfa5,
351461,03adc3fc-3d18-45b7-bea3-6e9497045468,92791ba9-9ef0-428c-8491-94a3d68cd64c,
351468,03adc3fc-3d18-45b7-bea3-6e9497045468,54e8cc83-b361-481e-a243-c7da1171c9f1,
351472,03adc3fc-3d18-45b7-bea3-6e9497045468,d87278e0-1e2b-4a28-8d73-9af8b7303792,
351485,03adc3fc-3d18-45b7-bea3-6e9497045468,174e649d-949a-4485-b84b-cc8a82f49104,
351498,03adc3fc-3d18-45b7-bea3-6e9497045468,1a86b86a-9752-4970-954f-64dde17567d4,
351506,03adc3fc-3d18-45b7-bea3-6e9497045468,09b9adf2-df24-4e7b-8794-e4d923221da4,
351508,03adc3fc-3d18-45b7-bea3-6e9497045468,ce6db7ba-255e-43f3-ba67-5fcd4ceb5db6,
351509,03adc3fc-3d18-45b7-bea3-6e9497045468,10505166-001b-47f2-b1e8-cbd9f1405ff1,
351513,03adc3fc-3d18-45b7-bea3-6e9497045468,794977d9-b83d-4f58-a813-59ae139776b9,
351520,03adc3fc-3d18-45b7-bea3-6e9497045468,f017d746-ba14-4e49-b447-a3386c36c339,
351523,03adc3fc-3d18-45b7-bea3-6e9497045468,ece8071f-80b9-44b2-b343-1056e4a79dfd,
351526,03adc3fc-3d18-45b7-bea3-6e9497045468,dfe4916e-fbf0-4218-9227-3c1b173154e7,
670565,72aa73bf-dc1b-403a-8b03-1bed4dc0af49,8359768c-46c9-42c5-83ab-58c32b1913ca,2023-10-31 13:40:59.040
670570,72aa73bf-dc1b-403a-8b03-1bed4dc0af49,ecb4d09b-7f83-4b96-9596-74e087374223,2023-10-31 13:24:33.492
670579,72aa73bf-dc1b-403a-8b03-1bed4dc0af49,52986aaa-9c04-4bfa-bfa1-4f19f07681cf,2023-10-31 13:21:03.395
670584,72aa73bf-dc1b-403a-8b03-1bed4dc0af49,96b9f38e-c600-4cc4-ae8b-025b579bb6af,2023-10-31 13:14:53.969
670594,72aa73bf-dc1b-403a-8b03-1bed4dc0af49,ead78669-f157-494e-9345-a6a9d45ce623,2023-10-31 13:08:29.637
670608,72aa73bf-dc1b-403a-8b03-1bed4dc0af49,7ce69f8f-5ae4-40c1-80b2-d8399f1edb64,2023-10-31 13:07:04.066
670624,72aa73bf-dc1b-403a-8b03-1bed4dc0af49,c415e974-0993-4a38-af16-caf9c7330113,2023-10-31 13:27:57.755
670626,72aa73bf-dc1b-403a-8b03-1bed4dc0af49,6ec13b00-476e-4ff1-8735-3ab79b4fb9a5,2023-10-31 11:49:52.888
670632,72aa73bf-dc1b-403a-8b03-1bed4dc0af49,5827ff23-bbd1-48c7-a099-84122d168ac7,2023-10-31 13:34:15.094
670639,72aa73bf-dc1b-403a-8b03-1bed4dc0af49,4ffa997c-8b3e-40af-a6d4-e806b0acef59,2023-10-31 13:29:13.976
679970,61187cf9-4951-48b0-b627-7fdbb352bb6b,6d2b90b8-67d7-428d-b09b-58f9a61f56eb,2023-11-10 11:19:37.839
679979,61187cf9-4951-48b0-b627-7fdbb352bb6b,417225e4-d671-486f-853e-685e0fa8c4d1,2023-11-10 11:16:43.877
679994,61187cf9-4951-48b0-b627-7fdbb352bb6b,4df4bf16-ae17-462f-8f08-d54c9155eea1,2023-11-10 11:09:51.313
680041,a4128da1-3de2-447a-8c6c-5271ee33781b,6355ee6d-2b7f-41ef-a572-680669f2c8e8,2023-11-10 12:05:18.135
680056,a4128da1-3de2-447a-8c6c-5271ee33781b,c6606413-32f6-48c4-bd0c-e975206ecfa6,2023-11-10 12:04:59.065
680072,a4128da1-3de2-447a-8c6c-5271ee33781b,366a60c1-30e1-4940-bf1d-c16f4fe91684,2023-11-10 12:06:05.861
680075,a4128da1-3de2-447a-8c6c-5271ee33781b,dbe16846-6952-4102-bf02-b1c8c8321952,2023-11-10 12:01:25.167
687790,5510a15e-8a90-4516-8d87-efd5f0502307,17ab27bc-dd83-46b0-a56d-ba78b41ee803,2023-11-20 14:10:51.586
687791,5510a15e-8a90-4516-8d87-efd5f0502307,60e674d0-e1d3-420f-8dcb-d467ab8de307,2023-11-20 13:48:07.907
687792,5510a15e-8a90-4516-8d87-efd5f0502307,ddfcc222-bc46-4460-bd06-e35a539344cb,2023-11-20 13:54:55.895
687799,5510a15e-8a90-4516-8d87-efd5f0502307,157ee08f-816e-4235-8b88-a50e9d231a14,2023-11-20 14:21:48.372
687800,5510a15e-8a90-4516-8d87-efd5f0502307,8091fa8e-1bbb-41fd-8b4f-ea355f640bc1,2023-11-20 14:00:14.811
687805,5510a15e-8a90-4516-8d87-efd5f0502307,1afce454-f7ae-40e2-9377-29f189fe0083,2023-11-20 14:12:25.414
687810,5510a15e-8a90-4516-8d87-efd5f0502307,0500fabf-73a3-4fc4-8295-f5c85fe7e6f3,2023-11-20 14:10:32.238
687817,5510a15e-8a90-4516-8d87-efd5f0502307,27a97a67-7d30-404c-b29d-e4c4eca9b907,2023-11-20 14:11:37.268
687829,5510a15e-8a90-4516-8d87-efd5f0502307,5b682352-bfa0-4c57-9453-fd82e84a1a24,2023-11-20 14:13:49.891
351421,03adc3fc-3d18-45b7-bea3-6e9497045468,f72c65b9-046d-4017-996c-06a1c692ad07,
351422,03adc3fc-3d18-45b7-bea3-6e9497045468,ed295c2d-7cbe-4cd9-9aa2-8d0117558505,
351431,03adc3fc-3d18-45b7-bea3-6e9497045468,cb9947fa-0f01-4d11-a616-60c4c9d8a78c,
351439,03adc3fc-3d18-45b7-bea3-6e9497045468,a7ca25f7-d17f-41ce-9f6a-f9df97c5b5d5,
351455,03adc3fc-3d18-45b7-bea3-6e9497045468,e21ebd7c-194f-4c30-8309-3b859da8e8ff,
351457,03adc3fc-3d18-45b7-bea3-6e9497045468,5cd4959d-1f34-4ad0-9ee9-6ff829f0d823,
351463,03adc3fc-3d18-45b7-bea3-6e9497045468,7c71a4e5-2aaa-4128-a459-d303465e217b,
351467,03adc3fc-3d18-45b7-bea3-6e9497045468,966d5a86-1e7d-484c-a63e-ee9ec060e269,
351489,03adc3fc-3d18-45b7-bea3-6e9497045468,25de4b95-2102-48b0-94f2-e559a3315bb9,
351500,03adc3fc-3d18-45b7-bea3-6e9497045468,450110bf-06d1-4305-a82c-0dcdff2f8125,
351514,03adc3fc-3d18-45b7-bea3-6e9497045468,ee195c95-8a17-484b-905a-e51ba97db105,
670581,72aa73bf-dc1b-403a-8b03-1bed4dc0af49,8c6748b0-8942-4ac3-8af2-95c9732c595c,2023-10-31 13:33:30.991
670588,72aa73bf-dc1b-403a-8b03-1bed4dc0af49,6355ee6d-2b7f-41ef-a572-680669f2c8e8,2023-10-31 13:26:53.336
670591,72aa73bf-dc1b-403a-8b03-1bed4dc0af49,4df4bf16-ae17-462f-8f08-d54c9155eea1,2023-10-31 13:27:16.569
670616,72aa73bf-dc1b-403a-8b03-1bed4dc0af49,8647de4f-acec-43b4-b80a-7d367b40d2d1,2023-10-31 13:22:46.002
670619,72aa73bf-dc1b-403a-8b03-1bed4dc0af49,60abe2c3-a4a2-45a0-a1ac-6c050a23edc5,2023-10-31 13:37:33.272
670627,72aa73bf-dc1b-403a-8b03-1bed4dc0af49,595efe9c-c095-4374-ad95-2777b5604f37,2023-10-31 13:33:58.176
670631,72aa73bf-dc1b-403a-8b03-1bed4dc0af49,b8fef6d0-3114-4471-8203-fe0b324cf97b,2023-10-31 13:38:29.459
670640,72aa73bf-dc1b-403a-8b03-1bed4dc0af49,417225e4-d671-486f-853e-685e0fa8c4d1,2023-10-31 13:08:05.302
670648,72aa73bf-dc1b-403a-8b03-1bed4dc0af49,85dba3b1-819b-4c61-b64c-9584d64f9236,2023-10-31 13:32:13.003
679966,61187cf9-4951-48b0-b627-7fdbb352bb6b,65f487a5-84e6-477b-a155-72076465193a,2023-11-10 11:14:17.394
679967,61187cf9-4951-48b0-b627-7fdbb352bb6b,65abafdc-a9b7-4f94-83ec-4bb255e44ec1,2023-11-10 11:02:54.811
679973,61187cf9-4951-48b0-b627-7fdbb352bb6b,e590bf7f-85cf-4979-85dc-4ec647c22bd4,2023-11-10 11:07:57.609
680003,61187cf9-4951-48b0-b627-7fdbb352bb6b,ecb4d09b-7f83-4b96-9596-74e087374223,2023-11-10 11:02:26.088
680057,a4128da1-3de2-447a-8c6c-5271ee33781b,429ecd7c-7c76-4a7e-8ea2-a84b6db136b4,2023-11-10 12:04:24.639
680061,a4128da1-3de2-447a-8c6c-5271ee33781b,c415e974-0993-4a38-af16-caf9c7330113,2023-11-10 12:09:35.103
680076,a4128da1-3de2-447a-8c6c-5271ee33781b,db8e96cd-8a53-43b8-a241-6cebe548edc1,2023-11-10 11:59:35.374
680079,a4128da1-3de2-447a-8c6c-5271ee33781b,e90a213d-9214-47b8-97c5-b8f6516ee30d,2023-11-10 12:07:16.739
687786,5510a15e-8a90-4516-8d87-efd5f0502307,cd4edef4-67ec-425d-8cf4-2d8c827043a0,2023-11-20 14:19:29.208
687789,5510a15e-8a90-4516-8d87-efd5f0502307,54312981-5301-421f-94cd-85781227e1a5,2023-11-20 13:51:48.018
687797,5510a15e-8a90-4516-8d87-efd5f0502307,a694373f-b174-4894-9cd6-698944cef4b3,2023-11-20 13:50:14.743
687803,5510a15e-8a90-4516-8d87-efd5f0502307,fdb1ce61-da53-4554-836e-b54360cc188f,2023-11-20 13:55:20.293
687813,5510a15e-8a90-4516-8d87-efd5f0502307,7e8ee97b-b223-477a-84a9-baef1a5fdb03,2023-11-20 14:08:13.055
687818,5510a15e-8a90-4516-8d87-efd5f0502307,f5756d9b-968b-4514-ba6a-73fddae62f20,2023-11-20 13:52:22.891
687820,5510a15e-8a90-4516-8d87-efd5f0502307,9d0a4414-f0cd-417a-b806-3718101636e0,2023-11-20 14:03:32.623
687824,5510a15e-8a90-4516-8d87-efd5f0502307,cb6a6373-bd11-40a6-885b-bb4008c5f928,2023-11-20 13:59:44.426
687828,5510a15e-8a90-4516-8d87-efd5f0502307,8d717b40-9f9d-463e-b7e3-e7c788fac928,2023-11-20 14:00:34.992
687837,5510a15e-8a90-4516-8d87-efd5f0502307,6d596a9e-5671-4d92-aa86-a249ea51bada,2023-11-20 14:04:16.511
687839,5510a15e-8a90-4516-8d87-efd5f0502307,3dbc8f17-1d17-4c76-9bb1-9526dbea57eb,2023-11-20 13:44:49.439
687840,5510a15e-8a90-4516-8d87-efd5f0502307,e687fdc4-f885-44f2-9fc0-825602ab3158,2023-11-20 13:48:40.027
687842,5510a15e-8a90-4516-8d87-efd5f0502307,9e7e0ecf-f0af-4557-9f88-53ea88c7b0ee,2023-11-20 14:15:03.762
687845,5510a15e-8a90-4516-8d87-efd5f0502307,ab7d9a4a-a3f4-489c-95f6-11ed678549b0,2023-11-20 14:14:42.341
687847,5510a15e-8a90-4516-8d87-efd5f0502307,3b61ddb0-9951-4167-8bb0-f2db4c59310b,2023-11-20 14:09:09.168
351456,03adc3fc-3d18-45b7-bea3-6e9497045468,c9a0375a-6664-4bee-84dd-3a4bc874c716,
351459,03adc3fc-3d18-45b7-bea3-6e9497045468,2793257a-bdaf-4345-b9cf-8a10d591ea96,
351464,03adc3fc-3d18-45b7-bea3-6e9497045468,307b6a1b-c728-4bcc-acf4-136f654b4c79,
351465,03adc3fc-3d18-45b7-bea3-6e9497045468,f28c4440-3b18-4b5e-aa84-6d1c706b75bb,
351479,03adc3fc-3d18-45b7-bea3-6e9497045468,ecb70459-bb72-409e-92be-5b173681bbf8,
351480,03adc3fc-3d18-45b7-bea3-6e9497045468,e23b1341-3436-4815-a65e-69f3eb8c1046,
351484,03adc3fc-3d18-45b7-bea3-6e9497045468,9b006116-8236-457d-871d-e3f3c3130322,
351490,03adc3fc-3d18-45b7-bea3-6e9497045468,7fa8f41a-e525-43cc-b219-e33af5f85ac4,
351491,03adc3fc-3d18-45b7-bea3-6e9497045468,41bc9ba9-2733-4772-817d-d6c5e9bf2da9,
351492,03adc3fc-3d18-45b7-bea3-6e9497045468,460a6994-f926-4308-bf0c-b5a6381512f8,
351502,03adc3fc-3d18-45b7-bea3-6e9497045468,7d499dfe-a781-423e-b384-770d65785fe4,
351505,03adc3fc-3d18-45b7-bea3-6e9497045468,fc505bba-136b-44a0-8a3a-3694fbf7a83d,
351518,03adc3fc-3d18-45b7-bea3-6e9497045468,711324dc-fdd4-4676-ad01-cdf72761afeb,
670574,72aa73bf-dc1b-403a-8b03-1bed4dc0af49,c053432e-39c6-432c-b00a-701ea8574551,2023-10-31 13:40:16.356
670580,72aa73bf-dc1b-403a-8b03-1bed4dc0af49,2beefdc0-2da5-4ae5-9880-8b20ff078794,2023-10-31 13:37:10.756
670593,72aa73bf-dc1b-403a-8b03-1bed4dc0af49,b299fe63-d3b1-4679-9697-3f264bd6a42f,2023-10-31 13:16:14.673
670595,72aa73bf-dc1b-403a-8b03-1bed4dc0af49,a10906f3-e68c-4d8e-8c66-6fac44c07739,2023-10-31 13:08:57.372
670600,72aa73bf-dc1b-403a-8b03-1bed4dc0af49,c26a3485-77a8-4cc6-a174-9888a89537e1,2023-10-31 13:21:59.716
670602,72aa73bf-dc1b-403a-8b03-1bed4dc0af49,dd5a21f8-7431-4713-ae6b-7b8bf03d74e0,2023-10-31 13:05:09.022
670613,72aa73bf-dc1b-403a-8b03-1bed4dc0af49,0c0cc03b-31f2-43ba-b6f5-fdb2a834ca9c,2023-10-31 13:42:37.646
670614,72aa73bf-dc1b-403a-8b03-1bed4dc0af49,6f4331c8-c8f0-4235-a5e9-f26b2b3cf2a5,2023-10-31 13:32:30.805
670622,72aa73bf-dc1b-403a-8b03-1bed4dc0af49,5a9c9653-08d2-47df-b6b0-475855d5267a,2023-10-31 11:51:29.043
670634,72aa73bf-dc1b-403a-8b03-1bed4dc0af49,1493f341-3231-4c9c-950c-c623e9c53516,2023-10-31 13:10:18.077
670641,72aa73bf-dc1b-403a-8b03-1bed4dc0af49,de3527e5-ed46-41e0-9fb8-0166a9e21fe6,2023-10-31 13:23:46.773
670644,72aa73bf-dc1b-403a-8b03-1bed4dc0af49,db8e96cd-8a53-43b8-a241-6cebe548edc1,2023-10-31 13:25:39.863
679988,61187cf9-4951-48b0-b627-7fdbb352bb6b,f068c0bd-12be-4798-b721-3fecbfd6f223,2023-11-10 11:05:55.058
679999,61187cf9-4951-48b0-b627-7fdbb352bb6b,86713e67-6161-41a8-95f8-f95c594dbb50,2023-11-10 11:17:26.652
680044,a4128da1-3de2-447a-8c6c-5271ee33781b,e3824554-5f89-43a0-96ca-e64b62e6143b,2023-11-10 11:53:48.719
680049,a4128da1-3de2-447a-8c6c-5271ee33781b,7ce69f8f-5ae4-40c1-80b2-d8399f1edb64,2023-11-10 11:57:23.665
680065,a4128da1-3de2-447a-8c6c-5271ee33781b,e96b5f3d-1e36-4ce6-b1c1-d4a0d88a8fed,2023-11-10 12:13:48.194
680069,a4128da1-3de2-447a-8c6c-5271ee33781b,c053432e-39c6-432c-b00a-701ea8574551,2023-11-10 12:12:36.709
680077,a4128da1-3de2-447a-8c6c-5271ee33781b,af928aaa-59f6-4056-ab3b-f9dcd1ac3aa4,2023-11-10 11:54:47.738
680082,a4128da1-3de2-447a-8c6c-5271ee33781b,9752003e-df4a-483c-ac38-ca254b62cb3a,2023-11-10 12:02:07.839
680083,a4128da1-3de2-447a-8c6c-5271ee33781b,6f4331c8-c8f0-4235-a5e9-f26b2b3cf2a5,2023-11-10 11:59:59.594
687798,5510a15e-8a90-4516-8d87-efd5f0502307,fdb94142-da49-4be5-aca8-e9907e181a10,2023-11-20 14:11:16.932
687804,5510a15e-8a90-4516-8d87-efd5f0502307,06ab4e04-1447-47a0-9a20-a6f7573939c5,2023-11-20 14:16:02.408
687809,5510a15e-8a90-4516-8d87-efd5f0502307,6ece9069-1934-4c92-8796-7040873a14ee,2023-11-20 14:19:58.528
687821,5510a15e-8a90-4516-8d87-efd5f0502307,817b566c-d929-4166-97f3-b4131f9a439e,2023-11-20 13:58:56.753
687835,5510a15e-8a90-4516-8d87-efd5f0502307,32be6f70-14db-461a-9352-928509cc94c4,2023-11-20 13:59:17.423
687836,5510a15e-8a90-4516-8d87-efd5f0502307,0e506764-c4e0-45fc-a47a-71196819ccf8,2023-11-20 13:49:53.766
687846,5510a15e-8a90-4516-8d87-efd5f0502307,12c02466-05e7-4de5-a0e5-c271f0522dec,2023-11-20 13:50:49.452
687849,5510a15e-8a90-4516-8d87-efd5f0502307,a4236c6f-f859-4557-95d7-939805fc4c6d,2023-11-20 14:22:11.835
310986,412ce205-0357-4ed1-a448-488649fb2ff3,e23b1341-3436-4815-a65e-69f3eb8c1046,
311002,412ce205-0357-4ed1-a448-488649fb2ff3,b6f9888b-3cdd-4836-9eaf-8547b5545a71,
311011,412ce205-0357-4ed1-a448-488649fb2ff3,36464cde-376e-4905-8e6e-2b9f5b50f6ac,
311019,412ce205-0357-4ed1-a448-488649fb2ff3,acf4d7a0-71c0-47df-816c-f329c66d204b,
311024,412ce205-0357-4ed1-a448-488649fb2ff3,817c7a05-6fb8-47a5-8d32-7fde6d4b4cb1,
350949,58ca9fef-588c-49d2-b5bb-4ea78ed05832,3ffa7e4d-232c-4d1d-b146-90ea8aa42803,
350955,58ca9fef-588c-49d2-b5bb-4ea78ed05832,94ef4975-18ad-47fc-ad00-47860bfe378d,
350957,58ca9fef-588c-49d2-b5bb-4ea78ed05832,9a5d8d16-4004-4585-b500-3484bf8d8cd2,
351423,03adc3fc-3d18-45b7-bea3-6e9497045468,da54e5a2-fbfb-4b1d-8ec7-c4d5f6ed26ed,
351430,03adc3fc-3d18-45b7-bea3-6e9497045468,f7100a7e-adb5-4969-b1d3-c0a7dfd6e2b0,
351441,03adc3fc-3d18-45b7-bea3-6e9497045468,aaef8b89-3f92-4e01-af76-a83fcecfe24d,
351462,03adc3fc-3d18-45b7-bea3-6e9497045468,7657550f-b2af-46c9-a2d2-e500b8137e6e,
351466,03adc3fc-3d18-45b7-bea3-6e9497045468,62b6642f-bab9-4187-baa2-c34c32f0da99,
351469,03adc3fc-3d18-45b7-bea3-6e9497045468,cc97acc9-d5e1-4c95-bca4-d9f54745241b,
351470,03adc3fc-3d18-45b7-bea3-6e9497045468,c15bb521-f9e0-441f-aa0a-477371816bd4,
351496,03adc3fc-3d18-45b7-bea3-6e9497045468,dbcd1a04-4d70-4bdb-8b2a-185d6ecf5849,
351515,03adc3fc-3d18-45b7-bea3-6e9497045468,e0f5d5df-2f38-4583-be9e-2a226a583f51,
351517,03adc3fc-3d18-45b7-bea3-6e9497045468,fe232bf8-1697-4993-9c1f-daab57c10edf,
351519,03adc3fc-3d18-45b7-bea3-6e9497045468,80d161ce-1387-4198-85dc-79933f2d6cdd,
351524,03adc3fc-3d18-45b7-bea3-6e9497045468,b2376ee4-76ce-4671-bc98-393e4fc51a22,
351525,03adc3fc-3d18-45b7-bea3-6e9497045468,71576c82-e36a-4689-88ed-a32ce75cdf7b,
670567,72aa73bf-dc1b-403a-8b03-1bed4dc0af49,66de2643-672c-42f4-aa55-0cb8af9bb980,2023-10-31 11:55:42.791
670571,72aa73bf-dc1b-403a-8b03-1bed4dc0af49,4c8610c6-8f50-4673-9e16-e74aaccd83ec,2023-10-31 13:22:18.952
670573,72aa73bf-dc1b-403a-8b03-1bed4dc0af49,e96b5f3d-1e36-4ce6-b1c1-d4a0d88a8fed,2023-10-31 13:39:23.303
670582,72aa73bf-dc1b-403a-8b03-1bed4dc0af49,31eac5fd-2662-4c6b-8c19-c5278b07e200,2023-10-31 13:13:10.913
670599,72aa73bf-dc1b-403a-8b03-1bed4dc0af49,c6606413-32f6-48c4-bd0c-e975206ecfa6,2023-10-31 13:19:04.999
670604,72aa73bf-dc1b-403a-8b03-1bed4dc0af49,4bfe6032-bbe1-485e-8b29-2aa4a92ee6f1,2023-10-31 13:10:01.142
670607,72aa73bf-dc1b-403a-8b03-1bed4dc0af49,d4275e18-239e-4fda-a44b-647e248a73e2,2023-10-31 13:25:25.062
670649,72aa73bf-dc1b-403a-8b03-1bed4dc0af49,9af8f6ea-f849-467f-852a-906c756939c5,2023-10-31 13:11:47.831
679968,61187cf9-4951-48b0-b627-7fdbb352bb6b,d5328262-ba23-45e6-8fb1-b7ef77d100a1,2023-11-10 11:08:28.059
679972,61187cf9-4951-48b0-b627-7fdbb352bb6b,de3527e5-ed46-41e0-9fb8-0166a9e21fe6,2023-11-10 11:11:55.720
679977,61187cf9-4951-48b0-b627-7fdbb352bb6b,66de2643-672c-42f4-aa55-0cb8af9bb980,2023-11-10 11:07:00.585
679996,61187cf9-4951-48b0-b627-7fdbb352bb6b,d105e5cb-b6f8-4b0d-88cd-281fc47e0217,2023-11-10 11:16:16.517
680046,a4128da1-3de2-447a-8c6c-5271ee33781b,c8e42b20-ae5c-4776-8eed-8b0bf6db4837,2023-11-10 12:00:22.348
680052,a4128da1-3de2-447a-8c6c-5271ee33781b,6ec13b00-476e-4ff1-8735-3ab79b4fb9a5,2023-11-10 12:03:25.564
680053,a4128da1-3de2-447a-8c6c-5271ee33781b,8b9c0475-b9bc-4ba3-9502-ccd88983b7eb,2023-11-10 12:06:45.745
680060,a4128da1-3de2-447a-8c6c-5271ee33781b,595efe9c-c095-4374-ad95-2777b5604f37,2023-11-10 12:11:10.044
680068,a4128da1-3de2-447a-8c6c-5271ee33781b,e7881883-ad23-45b4-9d6f-d1ab18c297d9,2023-11-10 12:14:11.570
680073,a4128da1-3de2-447a-8c6c-5271ee33781b,ead78669-f157-494e-9345-a6a9d45ce623,2023-11-10 12:09:09.075
680074,a4128da1-3de2-447a-8c6c-5271ee33781b,b8fef6d0-3114-4471-8203-fe0b324cf97b,2023-11-10 12:11:53.591
687787,5510a15e-8a90-4516-8d87-efd5f0502307,b676c359-5cc0-4f2f-b58f-377d679b4124,2023-11-20 13:49:32.376
687796,5510a15e-8a90-4516-8d87-efd5f0502307,e94e99fc-298f-4651-9671-979d8af3d478,2023-11-20 14:21:27.527
687827,5510a15e-8a90-4516-8d87-efd5f0502307,c9cfd07f-691c-44f9-a79d-4baf6c9bb7a8,2023-11-20 14:01:24.880
687833,5510a15e-8a90-4516-8d87-efd5f0502307,514a09a0-717a-4891-97c9-d8fffd0163ce,2023-11-20 14:11:59.280
687838,5510a15e-8a90-4516-8d87-efd5f0502307,cfdfb14a-3366-4c5b-8864-1d42fed2f880,2023-11-20 14:19:10.059
687841,5510a15e-8a90-4516-8d87-efd5f0502307,77a8fede-fe53-4197-a802-58c5ebf0708d,2023-11-20 14:06:22.815
687844,5510a15e-8a90-4516-8d87-efd5f0502307,66efe458-3762-40f8-a87b-9030804e95ae,2023-11-20 13:57:58.328
687848,5510a15e-8a90-4516-8d87-efd5f0502307,54e2440f-5c63-4799-9c34-64ebd8412f6d,2023-11-20 14:14:22.079
351435,03adc3fc-3d18-45b7-bea3-6e9497045468,47d0b5d2-80dc-49ef-b8e6-a69628b876d3,
351438,03adc3fc-3d18-45b7-bea3-6e9497045468,0bb32681-df31-45cf-a36d-ba2f828fe7ef,
351440,03adc3fc-3d18-45b7-bea3-6e9497045468,c2b35033-a714-4db3-964c-6b546bf7e6b5,
351447,03adc3fc-3d18-45b7-bea3-6e9497045468,10fc5193-b249-4c70-9526-c316b8991d10,
351450,03adc3fc-3d18-45b7-bea3-6e9497045468,3873163d-60a2-440b-91aa-e9903ea15236,
351460,03adc3fc-3d18-45b7-bea3-6e9497045468,20683aca-2a94-4fbf-aa99-4938547710ca,
351475,03adc3fc-3d18-45b7-bea3-6e9497045468,c5ea6027-1812-4e5b-a236-900372433c03,
351476,03adc3fc-3d18-45b7-bea3-6e9497045468,a10fd2a0-c2de-43e9-b168-f9f1dd50e9a3,
351478,03adc3fc-3d18-45b7-bea3-6e9497045468,eb52a3f3-c890-4fd5-b34d-fb02216a103b,
351482,03adc3fc-3d18-45b7-bea3-6e9497045468,769df82a-1233-4165-9f29-f4673d49c1e6,
351487,03adc3fc-3d18-45b7-bea3-6e9497045468,ea36d045-53e6-4411-a6ae-bd9a9ddc3678,
351507,03adc3fc-3d18-45b7-bea3-6e9497045468,59a33b26-bd16-4e40-b289-7a163a96ff69,
351510,03adc3fc-3d18-45b7-bea3-6e9497045468,772e9de5-97ee-40e8-a68a-bea8a93d162b,
351511,03adc3fc-3d18-45b7-bea3-6e9497045468,426d14b9-0224-42f6-a8c1-06220e03d3cc,
351527,03adc3fc-3d18-45b7-bea3-6e9497045468,abc94438-9ef6-47a6-9647-2a4c0111fe99,
670592,72aa73bf-dc1b-403a-8b03-1bed4dc0af49,dbe16846-6952-4102-bf02-b1c8c8321952,2023-10-31 13:18:24.446
670596,72aa73bf-dc1b-403a-8b03-1bed4dc0af49,22a008b4-b9bd-45de-a1e6-3c3f9d0d67a1,2023-10-31 13:28:57.326
670601,72aa73bf-dc1b-403a-8b03-1bed4dc0af49,4deda364-678c-48ea-829a-a5c262f8083a,2023-10-31 11:38:13.027
670617,72aa73bf-dc1b-403a-8b03-1bed4dc0af49,ce4d4f46-2b0a-4a6e-9ab5-679659c5557a,2023-10-31 13:11:17.465
670621,72aa73bf-dc1b-403a-8b03-1bed4dc0af49,848faff4-2437-43e4-b4ff-cd23fc286d2b,2023-10-31 13:41:57.911
670625,72aa73bf-dc1b-403a-8b03-1bed4dc0af49,86713e67-6161-41a8-95f8-f95c594dbb50,2023-10-31 13:40:34.523
670636,72aa73bf-dc1b-403a-8b03-1bed4dc0af49,d105e5cb-b6f8-4b0d-88cd-281fc47e0217,2023-10-31 13:32:50.172
670642,72aa73bf-dc1b-403a-8b03-1bed4dc0af49,c8e42b20-ae5c-4776-8eed-8b0bf6db4837,2023-10-31 13:24:54.746
670643,72aa73bf-dc1b-403a-8b03-1bed4dc0af49,7b7a7362-09be-4ab1-8de1-f0241d79eb80,2023-10-31 13:15:48.606
679965,61187cf9-4951-48b0-b627-7fdbb352bb6b,ee190171-ca2b-4a88-9a71-86024433464c,2023-11-10 11:01:47.266
679975,61187cf9-4951-48b0-b627-7fdbb352bb6b,affc71e8-ae23-49d1-b03c-15f85d55cb0a,2023-11-10 11:18:44.114
679978,61187cf9-4951-48b0-b627-7fdbb352bb6b,d4275e18-239e-4fda-a44b-647e248a73e2,2023-11-10 10:59:45.061
679989,61187cf9-4951-48b0-b627-7fdbb352bb6b,cd754558-e60b-4a7a-9aa5-4b729fb8add9,2023-11-10 11:06:27.558
679998,61187cf9-4951-48b0-b627-7fdbb352bb6b,85dba3b1-819b-4c61-b64c-9584d64f9236,2023-11-10 11:14:40.945
680002,61187cf9-4951-48b0-b627-7fdbb352bb6b,31eac5fd-2662-4c6b-8c19-c5278b07e200,2023-11-10 11:09:18.251
680043,a4128da1-3de2-447a-8c6c-5271ee33781b,848faff4-2437-43e4-b4ff-cd23fc286d2b,2023-11-10 12:02:42.506
680050,a4128da1-3de2-447a-8c6c-5271ee33781b,7b7a7362-09be-4ab1-8de1-f0241d79eb80,2023-11-10 12:00:49.346
680051,a4128da1-3de2-447a-8c6c-5271ee33781b,49122c85-c7e7-4c14-b789-01facd490b2b,2023-11-10 12:10:26.506
680054,a4128da1-3de2-447a-8c6c-5271ee33781b,dd5a21f8-7431-4713-ae6b-7b8bf03d74e0,2023-11-10 12:03:51.112
680059,a4128da1-3de2-447a-8c6c-5271ee33781b,4ffa997c-8b3e-40af-a6d4-e806b0acef59,2023-11-10 12:06:25.346
680062,a4128da1-3de2-447a-8c6c-5271ee33781b,c26a3485-77a8-4cc6-a174-9888a89537e1,2023-11-10 11:58:17.698
680071,a4128da1-3de2-447a-8c6c-5271ee33781b,4bfe6032-bbe1-485e-8b29-2aa4a92ee6f1,2023-11-10 11:56:06.960
680080,a4128da1-3de2-447a-8c6c-5271ee33781b,5a9c9653-08d2-47df-b6b0-475855d5267a,2023-11-10 11:54:20.674
687788,5510a15e-8a90-4516-8d87-efd5f0502307,839129a2-d71f-4d4b-a945-5990579a7ed9,2023-11-20 14:01:03.040
687793,5510a15e-8a90-4516-8d87-efd5f0502307,c4823188-e9e7-4f73-8b6b-c198de6e9ef3,2023-11-20 14:05:37.416
687801,5510a15e-8a90-4516-8d87-efd5f0502307,c1487d4c-d260-4505-94c5-612aa52b3b88,2023-11-20 14:18:26.882
687808,5510a15e-8a90-4516-8d87-efd5f0502307,491059e2-2ef6-4f1d-83ce-2d6511898780,2023-11-20 13:46:09.592
687812,5510a15e-8a90-4516-8d87-efd5f0502307,c6b54f25-d981-48ec-9688-e054cc3247a6,2023-11-20 13:53:38.803
687814,5510a15e-8a90-4516-8d87-efd5f0502307,756cb43f-663a-4181-ac7e-22d3b4fb3671,2023-11-20 14:21:07.703
687825,5510a15e-8a90-4516-8d87-efd5f0502307,97269045-03c2-4112-830d-bd36b56c0028,2023-11-20 13:56:02.998
687826,5510a15e-8a90-4516-8d87-efd5f0502307,085f217b-2836-48e3-9de3-bfa5d11ec220,2023-11-20 13:51:13.304
687834,5510a15e-8a90-4516-8d87-efd5f0502307,348e366a-3904-46aa-926d-49f9069d23fa,2023-11-20 14:06:00.116
687843,5510a15e-8a90-4516-8d87-efd5f0502307,74927492-8cbb-4407-bdb9-f0925032cf04,2023-11-20 14:03:52.576
