id,field_id,pasturetype_id
13,c77be0c4-fc81-4d70-983f-4fe7c9c59e54,2
21,b5a2302b-edf4-4529-89ed-de485811a3ce,4
30,74b34c21-147b-4f16-87f5-d1f597037750,2
41,1de7bc28-ccb9-4561-8404-da5a6d765647,2
45,58921534-2ef6-43e9-a140-f7997a4b82e9,5
80,2508e648-17d4-40a7-81d1-b9503cb1429e,5
88,f8edc49b-2916-494a-a9f1-90d92106d55f,4
100,b9d7d27b-c1ef-48a0-9336-988534a78255,5
103,ae1b760a-5a9f-4755-b0a4-bda14a400b93,5
106,db6c5bbe-8b9a-4203-92b2-27615c960d62,5
109,5a7aec2d-c1c8-4e88-bb83-807afc6bc3f7,5
110,8c904454-a44d-4bbc-8136-eee631074820,5
111,e5d757c2-29a3-48db-8a97-e9952f3ad9e3,3
122,cbb7a192-6e46-431c-9cb8-9bb398609d03,1
125,188e46fe-4b8e-485e-b77d-c5e38d63f308,1
143,e56ede4d-dcf1-4a2e-9a89-7e8b918959ee,2
144,7a9ab418-7e4b-4786-aef2-8c0314216256,2
152,cbfa4008-575a-41d3-bc7c-7086060f4311,2
170,f87bced4-85e8-4845-90d9-baaa6c200404,2
185,af36dd60-b07f-43d5-afde-be19bdc0b284,5
194,c0f3c59c-e94c-4ab0-8555-218f77efdfa2,4
206,20e0b194-95d3-4b2e-a75d-46b45f107a1e,5
209,6347411a-bc6f-4da7-be44-5a6d3683dcd4,5
221,a2dd63d8-a357-4087-b3ff-76ddfa3f674c,5
228,2efcd68e-ef9e-4f07-9377-14d5dcdcf71e,5
230,e46b9eec-1ed6-47e0-af05-b69c067b8e11,4
233,12027c4e-f50d-4ba4-bca3-ad62ae338dea,3
238,4ca21ba9-b3f4-406d-88f6-42e0819fd2df,5
240,1ad79eaa-f8fd-4d41-907f-620a57476ecb,4
242,2764ec47-271b-4686-8704-3d2e55be78b6,4
249,2f52c047-9fc5-4028-a5b8-e2c8eab42d26,4
256,afb0a399-e893-4916-8fe7-90ea8a27fbd6,5
264,9a5b086d-f574-400a-8146-206bdcd55cd7,2
268,e9e94533-3720-459d-b1f0-7a63f334d433,5
272,d2e4ec57-990c-41b6-b587-c0e5eb0f4403,2
282,4872c9c5-e105-445f-b4f2-8c46c09fae91,2
291,dccb6b44-fbc5-4dfc-82fb-a52d651f2878,2
294,8ac7f245-6f2f-42bd-9e50-962e78ae4536,5
303,f777201f-73cf-4504-b793-d5e3fe5a1b1c,4
307,487a9de7-0b5a-4c61-a2ed-521349a3abbb,4
325,51e21bbc-b1ca-4585-9925-f13dabee4c25,2
326,ee1f0b82-88e5-461c-b9a3-3b72eac7446e,5
329,c59df066-deb6-419d-a756-b0c12c28b9ae,2
337,17fb437f-707e-4604-a13d-dc46d200d571,2
339,f2a77f77-1215-4ad7-b38a-dd592efc2308,5
360,ef3adeaa-ef34-4829-9ca9-aa0f0842806f,5
362,d3a149df-aefb-49d7-8476-0b15552ccb4d,5
393,341dc924-07a5-44fb-b388-5033fa7d8f3b,4
1970,39c2baec-4c72-4d4a-9807-bf192d43cae0,2
399,88504e8f-d223-4103-8a26-7cdd85c369e7,2
415,88432a5d-a479-4892-ba22-313704ff7a6f,4
417,928c86ea-7e99-489a-90b3-bd2b34ad215b,4
421,e179e871-386e-418e-973f-3c0f039db4a3,5
422,e539b9e0-afc6-4abd-b308-daebcb293019,5
437,f6fabc9f-29f0-4c3e-9369-da234548c2cc,4
438,45466053-97fd-41ab-8aa1-c87c26e2b69d,4
446,030766d1-1f22-4e1e-9c9e-31cc42758dc0,6
457,adc96baf-80fd-446f-8ab0-ca477edbb7c6,4
466,83a39237-4b16-410e-9f26-68d04391ed9a,6
474,c6266366-e7aa-4e02-9417-87fad943d22d,5
477,9ede30c6-afbb-4618-bcbf-6640842f259a,2
482,054a82f3-7f6f-481d-88b8-fcf6885bf99e,1
484,7a325690-8b70-47d7-9144-746f93997771,6
490,24b29d04-0bf0-421d-a3ae-21eab0118edb,2
492,91e856b7-3205-4c3b-9345-1fabb495f6c6,5
518,2eb85c41-fd4f-4ff6-9f51-a5261171719c,2
524,5dcbc7b2-78bf-4c9b-95c0-eaf06b8ec07f,5
532,2df66d57-ff67-4523-8c54-bbcb452f6a07,2
535,e46b9eec-1ed6-47e0-af05-b69c067b8e11,2
553,1f507dfc-36a7-4148-9bdd-e5359503c1ca,2
561,a3ca6508-235d-44c4-a683-fb7ec9c3ab88,5
570,35ea9a40-0683-4eb5-8526-72011f8721c9,5
584,ca860418-5a48-465a-ba7e-7fb5a6632f07,5
585,f141add7-ede2-4977-885b-87f36b99c5b5,5
637,31f9b55d-a3bc-47bc-9434-62298334fb8b,2
642,30149881-d163-4653-9577-94d967ecdb70,5
656,d1697132-f13e-459e-b1ac-463470d3a89e,5
658,945b53f6-6ff9-4af9-9ad5-dfb882083d17,5
663,e4087022-bff3-4aa3-9859-99b23bdb9471,5
674,6b7969c0-e9aa-4d0f-9140-c16aa2d2887d,5
678,0409c9ed-f3fc-44c2-933a-7ba97907b82c,5
692,e106ea96-c817-429a-ac55-cc9a8d7e554f,5
696,6967a35e-0ae3-4173-9120-e9c199b6dfd3,5
699,5554f4c8-f043-4073-abdc-8152e0b963bf,5
700,9cd4ac39-288f-4bd2-a475-755a87a058bb,5
703,511be71f-7de0-4c3c-bfe5-29d79d4ac218,5
722,672b9b00-0a68-4d94-be67-ff3bdb45d915,5
731,b0e46686-fbcb-406a-a8b9-83bc52450a50,2
738,12a1dd80-4932-43e6-8b31-fea3481f78e1,2
748,964d9eb8-6a76-47f1-afa4-3de07439d890,2
753,e04a90d3-c69b-4f21-94ec-a9ef9d036562,2
760,ae7df56d-72b0-411c-a760-886f754cd8b6,2
767,4c03eea9-9484-4191-86d5-1051b816cf5d,2
771,8a92dcb3-a582-45d9-a240-8c2cd889ebdf,2
772,b7e75c4f-4098-4bc1-bb4d-b25157082717,2
782,6af223ba-4057-42e9-9373-e14de12e8744,2
787,7d8bd9d2-86cf-4461-967b-486d4e943ac3,5
788,e251c43d-4ae0-4ebc-9bd5-dadb82ad033f,4
797,19802d94-ce03-40c0-89a4-58357a737fb8,5
820,ed89581c-562d-43c7-a024-3cf0965c15ba,5
823,21825524-cdd6-45ce-9606-2042588207be,5
838,5caf1e33-fe06-45bd-8ccc-abe1e6f1db0a,2
841,8d0c6bf6-e53f-43b9-b753-974137854d28,2
850,26d1f4b0-ad00-459c-b221-37f8d650a0c4,2
852,ddfe1c24-d63f-4c70-8d7d-8ef2b86f805e,2
865,5f626fef-d1aa-46ce-a931-e4d517f07010,2
872,4c6cd85e-e0f0-4f45-813d-099ba3fcdf8f,2
879,4d4d2d86-e33a-4dd1-93fb-e3e53be20bfe,2
892,afeca8d5-799f-4b51-bbd6-57f963959619,4
893,6b314855-9e52-4803-a233-bda7602b1114,4
898,9b76404f-d039-45c5-a8b0-62de8137d3db,2
903,b1355d6c-d97e-42b6-b960-3fa6200cd500,2
907,1499fe04-eb48-4f5e-a7e1-53e9dea17758,5
919,3a9fe64a-0382-478d-b29c-989e01ce2913,5
923,74a8df9e-3d63-46f2-abcb-41997ac94dd6,5
929,984c10fb-3c90-4b82-9f33-bfb682a8cf75,5
953,f29c0000-e2a2-4d29-8ab9-cca3e947cd47,4
961,1bcdafa8-7709-444f-b051-f836ae6d8f9b,2
972,87ed1132-96e3-4731-be81-2a5f2ad391f5,2
974,de5baa05-2216-426f-a440-90412ee8abae,5
987,827207c2-09b3-4f8a-8767-7e853fc1909d,2
988,8ac970d8-1d64-4c74-b0f9-cac447970860,2
998,0cd825c7-6e86-497a-99bf-4f19e397d3d7,4
1002,6f1a94ed-9ae9-4709-a869-4e6b12536b48,2
1005,707952af-7b14-43e4-91ce-c8235fd833e8,4
1018,972e6c37-e64e-481e-bade-fe146c70083c,4
1025,d03413e0-d34c-4c04-9263-8cc01dd909f7,2
1051,e2929c41-52b3-4fd8-b992-a9a54a661658,2
1084,96220360-176f-44e2-83df-0531dd8216e0,4
1090,00847c8c-24b0-432e-b522-6c568394384d,2
1278,16302646-8389-471e-ad8b-b40c711ecb2d,2
1109,31685ea6-d895-4add-8bfd-c6dc0a582711,5
1126,73d33be3-a4f0-460c-96c2-c6e4bced1136,2
1134,cbef810c-f554-4fe4-a264-2dcb2d6fa27e,5
1141,764c316c-5d67-457c-b74a-903dcea8e917,5
1145,92d54376-402b-4c05-aeef-bf6ae911bab6,4
1146,7f35a0c0-4ba5-4feb-a20f-8868ad3c2099,2
1148,cf14cbcc-1ef8-43bf-ad91-56e5b0940702,5
1149,d85dca1f-8710-48a7-82d1-85b98d69eb36,6
1153,bab7e58a-8fa9-491f-a97b-b27200e5721a,5
1155,e6cd98e2-ee66-4412-962f-555b2258fc58,4
1158,0920a811-69ad-4315-898c-c56320f0d363,6
1173,62c178eb-456e-4221-b47c-b7e7cad026a1,5
1184,0c0522a9-296f-4ccb-bbe6-9b7fd9af0158,5
1191,38a976f4-773c-45b5-adb4-2257ec6ca694,5
1196,18f1cdb8-c810-4378-a954-80942ae11479,4
1209,835fa969-f51f-43e2-84bb-49290bb9444e,5
1212,91bcd33f-5e22-4058-aa2b-5771d11a97f6,4
1219,36be5bf4-a65b-454d-b965-527d6dc00b8a,4
1232,e2b2849f-e6ca-4812-93b4-be592a0cbf15,2
1256,49526ace-0a33-4977-bd72-7d736a917d66,4
1261,db901def-5d1d-4e44-b7a5-a9c0b513570a,6
1264,25851c48-6a4e-4912-8100-557adfaba1ae,6
1266,b5ee1f16-3b87-43e7-b926-aa9d7ecd3442,5
1270,f7f432ca-37d9-466e-87f4-1f896ab2d07e,2
1271,236c7159-ad85-4edb-8262-f9e391a8c270,5
1283,0fa4e4b5-2650-4830-99be-0a57881a4412,2
1284,72e59f74-ef12-40c1-a4b9-c4d5b5d98d05,2
1287,fd70854b-00c9-4e03-a5a9-0fe4dd316646,2
1289,037e54bd-a7be-4e7e-a975-1c92b911b563,2
1292,0a70468f-f5e5-499c-ae79-28cf4030a95f,2
1294,fde54d22-505e-44a5-a840-3992853aaf39,2
1324,a6af0413-c1f5-4d55-b430-b973a4b095da,2
1334,ef777cf9-355d-4db8-b592-68d5edd2d3a4,5
1346,bb25c67c-83a0-4072-9e92-f57137f6a7a6,4
1386,1d1dbd12-4a07-40d7-bf1d-278b110248e1,5
1391,3d2535a2-ec25-4ec5-ad8e-f07101372334,2
1395,597c0d37-1a23-41e7-89eb-4691b165f0b1,1
1402,5cb27a89-dcda-4c28-b68f-38d159a96717,5
1408,a13ac34c-f64c-4cff-a643-c440987dd073,2
1414,c6d41467-361a-4af9-a8ea-fa3110750e3e,5
1423,edc5f545-b7a7-4470-9061-0188196a8b05,2
1475,4c545d54-d74f-45e3-8dd8-fab1f05ce82a,2
1484,bb017afd-bd80-42bb-bc95-f2db3bc9c87f,4
1486,ba8ab31e-d604-463b-b2d9-3c3b54dfdf8c,4
1489,153971ba-514f-41cb-97b5-ee5c231826db,6
1495,d052c733-f168-4ada-a806-383ffa0e1bea,2
1524,ace6c579-12a1-4f69-847e-07f4282e3d1e,4
1528,3c197ebb-7806-4bd1-846f-087be4e0dd6d,5
1555,b72d0332-53f0-4c7d-b0d8-68ccfa80391c,2
1558,0f0535ef-1548-4368-b248-52fe9862f481,4
1559,7f3fc201-00c9-466f-928c-59273f7309d7,5
1563,21bb56f3-b8f6-437c-83cd-0561f9e83e32,5
1570,e8182166-6459-45e3-a09f-4cbc0bdb9962,6
1577,4249835e-8d4a-45f8-b54c-47b698e9456f,5
1587,fe10408d-351a-46cc-8a61-49261b5b5dee,2
1601,372f3b1a-a491-4557-8d71-dd9955379764,5
1630,9f625ff7-9665-47a5-8fbd-eec48bcd7552,5
1635,7615dc1e-9cec-4fc9-828d-60742bbcd075,2
1648,92eb0205-25ec-4883-ac3a-508cf92ee14e,5
1660,e0838132-3082-46c1-aace-e93e3b43a785,2
1666,8972a6fb-2a69-4284-b33d-e1a7df85e70f,6
1670,a4720020-b341-42cf-b7d4-dce046531de5,5
1683,1bcfdf7c-fdff-4bfa-815d-8ec01336b71f,2
1689,7f3150d9-670f-45e1-9bf3-c8cabd84bdd5,2
1713,d77bd3bd-fb88-4a0e-9f84-cfb31cab435f,6
1717,45ff6120-2721-4b74-9767-41be5acdb577,6
1729,6e2dcc95-27e9-41e9-bcdb-714bd818f159,5
1736,af01162e-b254-4b2f-a429-54c76fb3d2ea,4
1745,9cda3723-ab64-4a97-a175-cf4979941fc7,2
1747,615922b4-7f6d-4ee3-9740-0b055d662cbd,5
1748,ebf93b17-9238-4901-822b-893cc98903c9,2
1763,8c92de20-c6ed-40d2-9df0-20e86044b13f,5
1766,67219eed-a910-4893-9889-1137ca5f55c8,5
1778,478a434e-94f7-4803-86bb-f16609eb88f2,2
1793,d7fbeb0c-f9f6-4c7d-b510-f951ede5f09a,2
1806,e331156f-cad2-4d86-bab0-d7765cfde44e,2
1812,ea9ab9b6-22f6-4915-891b-f1d6c82fe4dd,5
1832,ea2188c1-5060-4782-864c-a04079eb0428,5
1842,f4fa9c56-77f4-45de-a0c5-130331bad0e2,5
1851,bffc34d5-76c2-4abd-8522-6d07212fcbfe,2
1852,1e2585eb-b660-4f32-88fa-1b35c9c8ee96,2
1869,847ff71a-d85d-4d74-a793-7498992f2a11,2
1877,1e09478c-a9e3-435a-ae10-2fe160d2b1d5,5
1879,e00c4f28-8fa9-4ac9-9048-da1182a15e30,5
1887,3abe852c-d7b5-4f06-bfbd-4eb8dbcbff63,5
1900,22757689-8514-4187-9cbc-4bd887320a64,4
1916,bd751eff-766d-44d4-9760-92461026bd7a,2
1921,5ac7e18b-bebc-496d-bc31-eb0e53dce3be,5
1923,30cbe2fa-603f-4cc6-9ecf-937df38e1356,2
1929,fa828401-a69a-4aa5-8fe8-aea978cc5da5,2
1934,95231607-00e4-4716-993f-39de7880701c,5
1939,3e8e8ab3-2341-4aac-9091-2e5a0cdb741a,5
1961,f119c656-9f30-4140-9f43-fcf5537100ff,5
1962,7c6cd56b-02cc-44c2-b285-c392911f3dd2,5
1980,d10cbf09-f09f-4a9e-b24f-aaec5c7fa255,5
1985,bcb43d3d-ad25-4cd4-bc20-d0bab4234ae6,2
1998,7ed0ccc2-7901-4d86-bd29-c469f1216a53,4
2005,58ad3493-0a71-4881-9754-b3d224e09dbb,5
2011,e315e09d-19f8-4e1b-bbda-ba7cf8b1a213,6
2015,30cc510c-2012-4894-9fa3-5f8f64c2217b,5
2021,6e26effb-d576-4998-903e-eba55035704e,5
2028,167f6c55-9033-485d-af36-1a05e930f3d8,5
2029,57462c68-b7e5-4a68-8538-73e760957cfb,2
2038,a516653f-8214-4462-9c23-a8d0eeed1268,5
2045,1cef1b9a-c39c-49b0-bcc3-f2166aeb85fe,6
2052,99ca0c49-1523-4356-87c9-55adae9ee17b,4
2056,10aaed8c-53b7-48a8-85c8-5c9ef99e380b,2
2065,131f04ec-4986-4baa-8a00-b8d2c9f49b81,4
2073,0c3ae831-5449-45b9-8e98-7e74af1a4bad,2
2076,9d8a38be-fc2a-4aaa-9b6c-913ab4cb93d7,6
2081,4d512ac9-bdf7-4de7-9c07-744c92d2ab80,1
2086,6f91b879-dba5-4b9e-b36d-7aab0f2ec25b,1
2093,e5a6991f-1263-4973-bb17-c270a5bd9d08,6
2105,1876c8ee-7218-46b8-a709-723f005da907,1
2137,d1536cfb-8791-4786-b835-4e7ad02917f2,2
2141,5bae1d6e-68a5-4924-8de3-e2c0d693ce97,2
2148,43552bb7-dc25-4c4a-9caa-57211621f18e,1
2164,2e4b302c-3624-4c26-87dc-6161c8f68ff2,5
2172,752a9d5e-3fe1-42e4-91bf-349d3aef54ea,2
2176,9415e417-c6fb-45ce-8eae-9d849c49453b,3
2198,ff76d9cb-6875-4390-a83b-21b861bddb5b,2
2199,aa2f366a-e5df-4e2f-a65a-9fc360130124,2
2219,85e822e8-17c0-4804-9364-89db69ebc5ea,1
2223,0bf1068f-08e1-4160-9f69-59ca133287a3,5
2229,5903e6fe-dbb6-4aa9-8a22-c8a36a198841,2
2607,0e996038-931d-4248-b16e-9ca742322c56,5
2248,62931717-8c1c-4c82-9277-7fc6684a2658,4
2254,7a483507-5d3d-445f-945f-73b0a8fc7d68,6
2262,369994bb-943c-42b9-9292-35a3350f8981,4
2270,5e598c6a-41bf-4a1c-805d-c5da0b74be0f,6
2275,97a303c4-33b8-4bc0-9dfc-3cbc6ad9499c,6
2276,7c7a14d4-493d-4a10-99d6-207b7eb6790a,6
2277,a2677898-ca70-455d-93be-28f8f2611f02,1
2292,8413cda0-1dc5-450e-b213-f334698fc16d,5
2306,e63b9b17-53c2-4a4a-9641-576a9ee8c324,5
2311,cc74c2df-fef8-43b3-a12a-7c6d7a20ff27,5
2312,76fa9729-7348-4601-a623-0de96132c487,5
2322,0b6d39a4-a909-417c-aacb-2e1a49328ed0,1
2325,a319aba7-a32a-4cdc-97ad-b983cc664341,5
2355,a7ab512e-e70f-48a0-967f-7d3dccd9af51,6
2360,4a8cef8c-a353-4d37-bed2-88208692bad6,5
2367,82ae99a8-f31a-4286-975c-87ba4fcb1ad8,2
2383,0c4a9896-827b-4836-8f51-85746077845a,5
2385,0e5488f0-e23a-4954-b20c-2b2947db2f91,5
2389,6c074ac3-b49e-47dd-afbf-973fb07a899f,4
2397,4c9353ee-0824-4ecc-aef0-2702b332338e,2
2398,a12a4651-431b-4f4f-bf18-3292378f8869,2
2402,d40c7d89-5943-4a86-bb6d-3430351aa59b,4
2412,eaac0c2d-6992-432c-a8ec-b10ba9d69d9a,2
2417,cd9b565d-66e7-4a87-898b-3046183763b2,6
2418,7d35f431-3a9f-4d4c-824f-9eea5cc744c3,6
2421,f20c5f4c-7885-46f8-845f-264fd5ab3f1f,6
2426,5a6ab6a0-dcb5-4f7b-b03d-379e0740d17b,2
2428,8733f594-02ed-42dd-b727-369aaf4b6453,4
2440,0d949043-6f5d-4802-9678-939f6529badc,4
2468,c33c4dcf-054c-40f8-a4fd-e25bb4c369cb,6
2483,f06176a9-e02d-43d8-bd46-736be733c222,5
2487,3b81cb7f-5bac-445e-a6f6-7237dd309344,2
2505,f88b40d8-22c8-4488-bec7-249885bfa42c,1
2509,ad72661c-2bb9-4d9c-a10a-2c0888946f6c,1
2521,17996f02-9085-4395-96af-7bbc0041a833,5
2522,b85ad0e2-e557-43bb-a122-cf20e3dc7ac2,2
2527,b6401c65-93a3-4794-b6ce-c9b748d38ffc,6
2530,213fe844-9e89-4010-86c7-724f6508b635,2
2533,70e585d5-15a1-43a2-a5dd-fb155bfe5723,4
2539,c6fbd13e-4eb2-48d2-bc03-a9ff29475c4c,5
2547,54e4f1de-24f6-425d-8d77-490f8cf3d4fb,5
2549,18e07996-a1b9-46ff-a924-b081f39c90a5,2
2552,5fffa8fd-b130-4693-919d-b78b780f73a7,2
2558,7cddb897-e1ae-4b63-a0a1-8a02695c74e3,2
2564,319181b8-9457-49c4-8819-4d574cd65dca,4
2566,394366c4-2fad-45a1-bedb-6e534a2e3d23,4
2571,3ac00ca9-f1e1-4dfb-bb55-bdf1dc72b336,2
2578,59c82bff-739b-4ca3-b4d3-311adb36959d,5
2581,936c88fc-2636-41e5-9eb6-f939f6246fea,2
2586,d5f25ad7-d246-4227-b6b9-3ddf3cc491ed,5
2588,be68b898-05f1-42c7-ad4f-b8aeade2e0be,5
2589,a18bc9bc-7e02-4134-9f71-174371686d6f,1
2614,df1f1276-aa32-45cc-9579-0713ce22982e,2
9,f9195dcd-78e6-40bc-ba0e-af6da53a41d9,5
40,1b34528b-31a6-4329-ad0d-60d304ebc9f0,2
54,d6ed1b6a-777d-49ad-911d-c4d5732de102,2
57,d001cdb3-0988-4aa3-8e60-26e083ed302c,2
59,ed17c8a9-2f88-412f-81db-11f74800ead2,4
63,c8f2d835-dc71-4f9a-af97-fac189a8776e,5
67,46ac5481-1fef-4225-9bc6-3ca2e170eb4d,5
73,bcc25971-9ee8-47d8-9275-281c4e33a76f,5
95,dd91ac7b-68d5-4fc6-a3e8-08a4e8432006,5
114,3caa747c-4a60-489c-b08a-202f9b4fc04b,2
116,0d1498d5-890e-49f1-add6-756ad0381164,5
129,933fd703-b4bd-4464-be3b-4b158ea753fe,2
132,0f6e44ea-f004-485a-8c1c-8683554d3ef6,4
146,efb7405f-108d-4ceb-955d-fc11e5884f5b,2
150,059e2feb-81d6-4faf-8a65-37925b4ace77,2
155,81f4cce9-8592-4387-8f11-f9c7e4c73e8d,2
162,43b2ed57-af28-4802-accd-77d86a2a8575,2
163,9d1a157e-f74a-4cb4-b035-ef16c7ec2d81,2
176,48a77fda-6f38-4dd4-829f-542afcc02464,2
177,85289365-5920-49d0-b1d7-daaff2e6a1d3,2
180,7c2486c7-2c2a-4dfb-a4e2-f062bfb126b2,3
182,582d5ab1-0d84-4596-ac5f-da591f1c80c2,5
196,83d9a040-f90d-426b-9efc-0295b576ebe6,4
231,f93a0015-9890-4b8a-95a2-5046742d1992,2
234,12027c4e-f50d-4ba4-bca3-ad62ae338dea,4
239,87cb8f6e-c2a3-4380-8365-30df574ccbcd,1
253,7c17d391-5d8a-4f03-98e3-c4c334830e23,5
265,c18ab7ff-c1d9-4510-872c-8e46dc8ddcd7,5
267,e9e94533-3720-459d-b1f0-7a63f334d433,3
271,b7970503-3296-43d1-8197-4bda0073aff1,2
293,16ca937d-98c1-499a-a0b3-02063f86953f,2
295,e2c40f2a-1686-4d3e-a0fc-259eb2d77854,5
298,bed978d9-d486-4d9e-877a-5a2592327b1c,5
313,4e672a2d-fa2d-4968-885b-5cacb4a2785b,3
315,d0a616e6-7121-4cf9-baf4-a6bb5c1c0a8e,2
317,a3825c04-4a97-45ad-99f7-cffbb6b6f8af,2
318,b57f59a6-e810-454b-8b7c-eb8fbf3f71b2,2
327,575f9d62-b4c0-472e-8175-ef64002b82e4,5
331,a17d989d-f35a-4f09-b618-6fbb7c4a822f,4
333,fdb6bd34-b5f3-4385-8300-4ff2daa558d7,5
334,038a9e27-70a5-43dd-bbdb-e7ad25d2599f,5
343,f900e760-2bae-4d2e-9525-887025e36d35,5
349,154b2d0d-fd62-4e52-a265-beddfc23ee19,5
357,e7129062-1961-4c19-8c81-defa79288edb,2
373,2b356ce1-d29d-40f8-97a7-52a340afb481,2
377,366d9352-b291-4950-8466-228305df215c,2
386,4b2cd85c-0eef-4fa4-9f20-0f9010d82845,6
387,64233903-4cb2-4fb6-b972-e103da15d36f,2
388,19ea7aed-b3cb-4092-8c19-d1aebc5298de,2
390,b5d7d6ee-b8d7-4352-b5bb-23481825f4db,6
397,53d54b67-79af-4089-af16-c64a9b42ff73,2
401,87998f52-bff5-4bad-bb0e-c31ff729cc54,5
402,500f8eb8-6a0a-4c6a-b9e4-8b5ba0a6a92b,5
403,71b83ce1-ce93-4b2f-b4f6-c0f3d899b7e2,2
780,a3907447-c0c5-449e-8b6d-efa7df5291e9,2
414,e0abbd3c-cf8c-4cc3-bdcd-930c99b62c06,4
419,ee26c2c2-aa4b-4e07-833f-ee292884fe5a,4
425,971bd0d9-8507-4554-92aa-327577a5dc84,5
440,db209166-4ee4-4fdf-84b6-dfce51e37d28,4
441,709e816c-9cee-4f1f-88a3-2a0da33ad013,5
1974,a1eac0b7-c47b-4097-94c1-24bdfa0d7c09,5
473,3b6ee1ec-17df-4f1c-8050-81b3b1cbfc82,6
507,89f01228-a204-49be-be9b-c929fa9202ea,6
512,71dbcc9d-2c9c-438a-965f-f7666386e69c,6
514,dfc4cbc6-6350-4cb4-ad7c-d6eeba3ff594,2
525,2e9d63f9-a487-497c-ac26-55dbd25c37b0,3
537,e46b9eec-1ed6-47e0-af05-b69c067b8e11,5
538,e46b9eec-1ed6-47e0-af05-b69c067b8e11,6
542,bcc8b854-decb-465b-a899-7569c284dadf,5
547,a4fba14b-e260-4869-8e35-d6f720b59c29,5
573,7bb98967-2d91-4e9b-b9c3-6a6933f74adc,5
581,85b8c324-5898-4aae-be6b-6cf341fafeed,5
588,37a43a86-8d40-4e1d-bf1a-aac040c74c03,5
591,a6e2ca54-23f9-43f3-ae31-0204f49529b2,5
597,1ee196b7-4940-4180-9b35-a213d2159a71,5
600,0e265741-d69d-42ad-8a25-344170aa8ffc,5
611,4bff6073-01bb-44dc-a82c-04c242d9d104,2
614,30bb09f7-d7c5-4bcd-a268-337ac45af78a,2
622,5c833342-960a-457f-92cf-970de0fdc0eb,2
626,7ecdc521-21e5-4eab-8ee8-104aca41f40d,5
629,28a54359-3431-4fb2-8e54-489e2a54ffeb,5
632,0014db47-858b-41e5-97eb-cc9b790e88fa,6
646,a019046a-53f6-4788-b193-64eee401493a,5
647,9fdc5de8-4428-440e-a706-43f656a3fe03,5
648,2be39f83-89d4-4870-b437-d4d2fe0e359f,5
662,84f8813d-35ee-4fc1-87b9-e21ae96f563b,5
673,ea54b8f2-222b-47df-92d6-4ade5fe3ff71,5
675,e300b6f0-71f2-4769-b912-08ee774978f4,5
682,425f7b64-8613-4099-ba02-af157de7e629,5
683,2a866fcf-d5c5-42a3-a232-65824ca41813,5
717,fbf4ab9b-70f5-4355-b3e4-49d3ec114a5d,5
725,42966d3e-f67d-45de-b8ba-a348c75fe0b1,4
735,d4ef5642-5a7d-49db-ba7e-2786470ecaf9,4
747,72a8bac3-5437-4f8a-81a0-ed82557d7743,2
768,f29ad09b-50fc-492d-96e4-7ee9c161047e,2
777,e1e400b6-f13c-46d9-9a6c-87c2fddfbc21,2
786,108e6e60-6220-4a1c-b6eb-6e6456e5126d,4
796,08461218-a98d-44cb-8727-a85322281751,5
798,266ba40a-a30f-4ba3-ad9f-9f23dd122f07,5
799,21db4558-2dfe-4d4e-9a32-aee73bff6872,5
800,04b1b390-3ba1-42e9-a4b7-62ebbc9c1071,5
803,6282ae67-a9a2-40af-a343-7b61dc224258,5
827,a52c8b95-3004-48d9-9672-a8b5f6a3f9d1,5
831,f3008a75-ee3d-4952-99f4-12b44aafd61f,2
834,7a5eebee-e653-43a0-bc8d-60ee8a11007c,2
842,624cb068-269d-44c8-9461-87e2a26946f1,2
848,28a42f29-c378-4e42-ad06-8040d70f7e0e,2
855,184df236-17b3-4659-adcf-733b9ce2b640,2
866,25be4bd7-1747-4e4c-b1bd-7b230e3aaa68,2
874,bfabd60d-f370-40c0-bcef-ae1325633241,2
882,072d83e4-dc25-4e87-8353-962d89838b97,2
887,c5c536d2-5df9-43ef-aec2-333d0752851a,2
909,07229586-5c81-4fa1-8135-39a73d58cd18,2
930,ba5f7ece-b608-46d2-bb50-d3017498e7e9,5
940,b9874e2d-a3fd-4a67-8a94-59b7a6d4055b,5
948,dacb8122-72aa-41dc-8259-7090fbd1737a,2
949,cdbfa8f7-36c0-49c0-9aba-6f0c01cb6085,2
952,a2b412b5-4156-45dc-a336-b1f5b6773ef9,4
956,8619d54a-657b-40e2-bc25-74d61752f925,2
978,46929b1d-b5e9-4a7c-9a9c-94495f5fd5b3,5
980,e7a9e625-ce66-41e0-9fa5-d12b189dee60,5
981,1ae9903d-ddea-4ac5-9f9e-c3edc5c1ba53,5
984,a23d0eed-f11e-4354-82db-ff35d8fde669,2
993,0e1b50ea-02e1-4d79-8d1b-595517d44327,4
994,293b8ce6-cc85-4e27-8556-abc39537ba2e,4
996,3d90614e-b2f6-409d-b52d-997696560ce1,5
1003,0fb51c8a-c1fc-403f-b9b8-5c5e9f634fa6,2
1012,013d8b18-bb36-4740-8891-37b5dd93c31b,4
1021,03a3cf7f-c379-410f-a92f-6392faf70875,4
1022,abdb5708-b48e-43eb-be2d-0c51d68a7055,5
1024,c90bfa71-a564-418b-86e4-b9c25dbfc6e9,2
1026,04926f6c-f39d-4d45-a21a-2058b94ae841,5
1034,878c3b9d-4126-4805-8e1c-152db9b04ec7,5
1040,ae922830-ecec-4248-a309-b8a72c6acbb7,4
1041,cce003fa-c61e-4efd-8f9a-8cce96093653,2
1042,a7702fb2-075d-467c-8ebc-276ada657057,2
1048,028135b9-1588-4d25-a872-92ea283978de,5
1055,494bf467-b96d-4e8e-a5ce-76fbba1e0328,5
1066,124a726b-6b83-476a-9f2b-47eeb04c8fdc,2
1067,d20347e1-6937-47cf-986d-49054d087cac,2
1074,980d9f59-0710-40e1-9ce9-fd034f76b724,2
1078,d578d82a-4af8-4ce1-870d-af8973b5ec7e,2
1103,5696c77b-3632-480e-b9f8-5d0698d42596,2
1123,b41de0d7-0e3b-46ea-9b46-f1278c58b60b,5
1139,dbe0103b-9943-41fc-9421-dc98516c0313,2
1144,89809577-042d-4332-bbab-2d9836672f31,5
1151,fc0c5cf6-b3d4-4355-acd3-01e00a9fffed,2
1152,2d9de6f3-77a9-437c-9a3b-fa0245c7ef13,1
1154,f758ee30-6411-42af-89e7-a75bc5a2e196,5
1162,44335c2d-43f4-4021-8137-821452c9c9b6,5
1168,2851c487-8df2-4a68-a20c-6756b0aa85b3,2
1176,df24831f-1ba9-47ee-9b65-e27c7a9b072f,4
1190,42831397-85bf-4942-b101-a56d19b108a3,5
1192,77d3d60f-a9e6-4e72-b595-228eab986b42,5
1210,0aaa5c5f-f05d-4dfa-8698-35c67737a787,5
1217,c6ee0804-51b6-45ff-b412-7995a4c334b0,2
1231,40df3a8a-62d4-4ec7-bd5b-bff1f1e10011,5
1235,16e89fe5-e302-4186-8bba-6e934fb44faa,2
1242,fe4f24d7-2468-4837-afe6-070709b9bc95,5
1249,d2b543c7-2127-4c1a-b7a1-8af6d8ff7d4c,4
1295,d635a5b8-8b0d-4cd9-8709-881be35c617d,2
1300,bfa2e1e4-8951-41de-a99f-635e3f2eaf39,4
1308,1ee37977-50fe-4eb9-8599-8444e7d42f8b,4
1318,b13410ff-e29a-404c-9152-9f47d6219316,4
1323,0169d36d-3a31-4f18-bee0-f1a3eacdaf6b,2
1328,20c25cfe-c2f2-4da0-a8a1-12f50773d051,5
1332,4cc7a629-8440-4dec-8520-758ea4c8e6ad,5
1337,cb6cd720-039a-4571-80fb-182b34bca100,5
1340,c63e632e-31a3-48ad-9734-72a7c8df323a,5
1366,fbcc2e58-edc0-4369-ade8-b04008840aa8,4
1367,24291fc0-c6c2-46fa-a4db-1fb23c81c7ee,2
1370,121529d1-bed4-42df-9565-8c3fc795ddfa,5
1374,e8ecdf3b-4ff3-42ee-b36a-c44171141f28,5
1385,650529a4-0192-47e8-9ec2-62a5f2822212,5
1429,40757bd7-2b0b-41a2-9781-49e83455f4de,5
1431,7531080d-7046-4d89-8347-1b85ee8d5618,5
1436,132dfc3b-d70d-45d2-8112-ed2752ced41a,5
1441,65466b82-5312-4bed-8d2e-9c493ba56739,5
1453,be97b59f-b953-4ae0-8e9d-be1eefb08d20,2
1455,7e895fbb-38b6-4607-a8e3-307fbf0a595b,2
1461,936932a6-1e03-43d6-a49f-1cc2608758a4,6
1478,a68f448a-63aa-4134-b555-ce24652b61a2,5
1480,b2068c26-8305-417d-8a0b-978bb67309ae,5
1498,a543306c-2975-4022-a965-fd72af4d420c,2
1500,63fe8e94-d34f-4b34-b919-1b5c40d84848,5
1502,b7f60a70-4cab-4737-a774-5f790c2eb4a5,5
1519,4ddfa476-28a6-4061-b5d7-a38ca3916592,2
1522,81678c7a-28d5-4d9e-acdf-77654d3f805d,5
1533,0f95fa04-e419-4c09-a438-735f050a2954,4
1556,0595eb4b-66f2-41eb-81f1-f7000d5ca3ed,5
1557,0012b068-a19e-4f5d-967a-fb2c6108f4b0,5
1572,045eabdd-3029-4cb5-829a-ec8b6d1f9f1a,5
1595,cb31d99c-7bb4-482d-b369-e31aff25c48c,6
1614,92cf14b2-4fd2-44c4-aa16-542dab8585eb,1
1618,6b51b89b-8fd3-41a4-a93d-392e665a3149,5
1624,216ef892-1a8d-4c26-8838-778614b55099,5
1626,a8a06680-2a2b-4af5-bee7-a7d4c610782c,5
1640,f7ec5dcc-3b31-48a0-b742-3a64a91797c4,2
1657,c0bfca52-589d-4b02-b060-bd39dc3f527a,2
1659,454f3dac-3ad0-4e5c-aa59-062c463207e5,2
1667,12c3b1b6-b425-4037-9b9c-2db769cf13f9,5
1669,424657c0-a624-448d-a80b-fa548046c4b0,5
1681,909d57ea-37b0-439b-a253-4fe37efdf9a6,2
1701,2f6991dd-1323-499c-9f8f-71d56c8102d9,2
1707,23d8cc9d-d41c-4480-b896-2c711048d10e,2
1714,1a5e5363-79c0-491e-93b4-d74f8557a05e,6
1723,51701efc-8bb9-4f8f-9e10-b326a854ef85,2
1732,b218bf00-fd0e-4ab7-87d4-cceaa77eb38a,4
1735,513c886f-e87c-4555-9c39-29e9eca2c775,2
1739,0b029031-1c1c-43c3-9aec-668bca9d57b7,2
1744,8a94d50f-e899-48d9-b93f-aa1d41603801,5
1758,2e31d163-4d93-4ad9-ae43-2f58739c2f66,5
1765,1591bf13-abd0-4916-adb3-2e57dc57e79a,1
1767,5c4dca86-0f9b-41d7-bae3-439ae1112224,4
1770,a0329a74-3931-470c-bfb5-02e83c58fa32,4
1771,47e533c1-8d04-4bcc-9408-5ba9836dfa2e,4
1787,a755777e-2b20-47d0-a953-c43e37f84bc2,2
1790,c917fe15-300a-4efb-b794-ed5eec0c06ac,2
1803,990c38a0-50c5-4521-a694-db706eee3707,4
1804,28aeeb55-a596-45d2-aeb4-bfec2dd7a2c2,4
1810,8e7f755e-705f-4bf9-9a2a-cadf2e54a02f,2
1824,535899c6-fac5-4af3-95db-e7492c4c9d84,5
1826,43f3469c-0500-403f-8692-aa82987604c3,5
1843,92272e0f-55c6-4462-b1d7-309fa72b2dce,2
1845,92272e0f-55c6-4462-b1d7-309fa72b2dce,5
1846,d9b50266-0699-446a-83e0-89ee20befbfd,5
1847,2a8ec13f-ef37-4052-85be-084a851bdade,2
1849,9ef678ad-f513-4d1f-a5d9-50a56bcb8982,2
1854,87d44943-1dd1-42f2-a1c3-c15ad17380f0,6
1860,0e3d0560-34fa-4c34-83aa-fe899574ac24,5
1862,251fdfa4-43f9-40a8-b8ef-8681cfc0e268,5
1871,8bb841e4-c54a-40e6-b95f-ac4ae83bad01,5
1872,43632533-456a-4a9f-8148-f54c5e8abb88,5
1876,dc8b575c-ef5d-4559-93d6-dbbaa5c98d79,5
1878,55662ed1-fbd7-4ed6-bd21-58e08cd2a74e,5
1880,7f13ef0b-0dea-4ba7-8efa-e5b6c7c1a89a,2
1899,3d4135b4-7b49-4850-8aad-7a428c53c80b,4
1904,0c35f8ab-0b08-41da-8453-f91d524a33d5,1
1910,c80b0155-93c4-42be-ad5a-95bb37ba25a3,5
1971,44fa85b2-d7d7-47a0-aa91-0222ffd1cc05,2
1917,9e11e46c-4831-4fb3-a439-98966663a12c,2
1920,d9e338d3-ff51-45c5-90a5-e0c68dccf6e9,5
1927,5735bfd5-2ca7-4b4f-b874-ad53a62d77c6,2
1933,34e3e8aa-e928-42fb-abc8-d849595ce532,2
1944,039a368f-7063-46da-9d6e-c22cfcf7f05f,1
1951,467b1ab5-4ddc-4b89-9986-6d1509704d8e,6
1964,0c0fa009-e7c3-453f-8fc6-c1eff5cf99a8,5
1987,e1479bcc-d0cd-42fe-aabd-7c42c4a11ddd,5
1992,29992693-6e64-41b6-b3f5-af7b757f073f,4
2009,9263b6e6-8038-4d27-82ab-d3c8decca7f5,5
2020,f083d549-52cb-4e25-b941-baafc864b822,5
2023,4f7b46c8-ad54-4fa4-8a97-7e0bcca3a8fc,2
2026,dd511521-64d9-4f12-9477-9a7026dbe9fb,4
2030,3458a31a-49b9-44e5-a48a-fed39c07e49e,5
2034,92597ac2-ab75-4c06-bb5d-7aabcac41350,4
2039,3fdebac5-eb20-4b3b-bec8-e6c4e74893da,2
2047,2c486d06-9d41-4955-a8c0-ad3e23a4559a,6
2049,cc6e9204-325a-4dab-8ada-622a0e798e11,2
2050,7f8a6557-31d7-41a7-8206-47862e43a652,2
2051,99ca0c49-1523-4356-87c9-55adae9ee17b,2
2062,a88175f4-fed4-49ca-987c-a1e6c12ccd03,4
2067,eecdb38d-45d8-4794-af2e-66c31c28737b,4
2094,7bee0376-4ffc-40db-9458-d96aa5798cc3,6
2095,282b22c0-2a6d-46de-9908-659c25a92fb3,6
2110,f947918a-802b-4e34-aa79-34a3b8eaec57,6
2113,f726a6ea-ea38-479d-8272-2b7de2f84332,1
2116,0845390f-384a-481b-83e8-f769a3846a47,2
2118,f6c3b5eb-d1ee-4cfc-b26a-94f2fdef631a,2
2119,acc670e8-8045-4398-97c9-8a51dc74a268,2
2121,e58d19c6-2dd6-4227-94de-c42a800d1c30,2
2122,99b2e4f8-f4b6-4dc8-913e-785f1e8b8f94,4
2127,0041a799-e227-4feb-887e-3b9bcd61043e,5
2138,f130e5c1-51c1-4936-b7c5-74ed7dea2f50,2
2146,c60bf8c6-8236-4d0e-9de9-bd14d06be2fd,2
2161,386d2e07-97c8-4a5c-a9ca-2998daba0930,5
2175,9415e417-c6fb-45ce-8eae-9d849c49453b,2
2178,574e4bcb-9120-48cb-9c40-ca021ece4e7b,2
2182,a28e487a-d4e4-4b25-a818-6220177ae36a,2
2184,92ba6762-936a-45cb-9739-c35505ef94e9,2
2201,6b4f6117-2301-4aba-878d-6cc2232dbb48,6
2206,9c26fd73-57fb-4fa5-b0f5-bd6eff5ffc20,6
2208,bd61a65a-3ef6-423a-b061-baa30cf52ef6,6
2234,addedcb6-0f2b-45bf-8ee7-11631910e6b7,5
2244,d6f36a88-7992-4e71-bf78-c1b32333ae12,5
2257,1cfb05d4-9031-4940-bb0a-29ac88bfa15b,6
2260,9d3fc336-bdf6-4c03-a982-ec45cd5a3445,6
2266,b5e18b84-03e4-4560-b8c8-a37832714d55,4
2273,34976caf-5fef-4cbe-8ca4-ca3653e914ac,6
2284,3a511e7b-fa8b-4ef5-aae6-dc320759404f,5
2287,a63debf0-46ad-4f93-87f9-2222525926f4,1
2303,e91bb7fb-3067-4674-ac0d-965fd5b40e53,5
2313,90fc83d0-8ba2-4157-8f9d-2f25e28e4137,5
2319,ec636264-8f13-4dc4-873b-83de86e66681,5
2329,2344adde-ea32-4377-8d17-727d1a83219e,1
2333,b0fba300-5d1c-4713-92be-0323289d0c09,5
2336,85440474-988a-42be-b4ca-efed28f42d47,5
2346,066717fc-9e2e-4c92-b919-eec00c2e9929,3
2347,667334a4-a450-439d-8028-074d2a0d0c7e,4
2375,6f552302-f06c-4ddd-a9cb-0e636c669e63,6
2380,ea776978-f79c-4901-8aa3-1a3823f66bf8,5
2388,97eabe07-a36b-4fed-86d8-af1cbf30f0c5,2
2394,70fc7d92-9ecd-476b-86e4-005590b163a1,5
2422,0902aaf2-b6ff-4fcd-bd9e-96e49a29ce26,6
2423,36ca1b77-7d26-4b66-879f-8915f98e8a8f,6
2425,2ccfcde4-bed5-4089-a283-4b3cfad65e01,5
2430,229eb78d-dd19-487c-9149-4cb2fd1fa2f4,2
2442,ca75e0a7-a501-47fa-88a5-0f8d8753a344,2
2455,2a6f7c62-da73-42f7-b1f6-44210f9eaf62,5
2459,d85e9d69-7830-44eb-867a-04c6f885f5b6,2
2460,c8416c9f-7688-46de-9512-bd70e10a754f,4
2466,f408f610-e2c3-476e-8590-ee9f7588d017,2
2481,9bceebeb-c5f4-4448-a409-0be001164075,5
2484,3bdaa73e-b185-4c48-aa0c-cbac72ddae7c,5
2490,4bfef632-70a9-4a36-88bd-9701c3c1c325,2
2496,fb82a178-d8ba-40e6-808f-a80e64836883,4
2499,ace55dd8-2280-411a-b51a-4267bae24392,2
2513,e1e1d155-4b72-4b3a-9a0d-25004af53847,2
2537,1a7d7d86-ad26-4a7b-a147-060081ae85e3,5
2548,88f76821-bce5-472d-a14d-b98121015d89,1
2572,7477b286-764b-4c7c-9b10-cc0dd1483c2e,2
2587,e0036cac-65fe-401b-9860-d1731f4b2837,5
2591,8f8e2da1-d3b1-4931-8b8a-abe51fa5c3bb,2
2594,e422311d-20a3-48ac-8bfd-021c5e2e4454,5
2602,cad47444-79a8-4ec2-b7b3-8beba5917022,2
2609,67261f27-92c5-4fe2-92ad-84d829816df4,5
2612,c9666b38-3e34-448a-996e-4f79bb366693,5
1,49e9da0c-0290-4495-8fd7-b111fb613a60,2
20,b5a2302b-edf4-4529-89ed-de485811a3ce,2
36,f2dfe1ab-f509-437d-bbe3-a6e76da79029,6
49,bae068ce-40ee-4f84-9ba0-607e037fcd93,5
50,ee8e1741-784e-47db-8c32-959fd5ea2896,5
55,00686538-2c18-4fb8-b836-a8011ea40397,5
61,c1d1c2f8-ee16-4669-9710-73845b02b391,5
70,75de0b6d-b6a8-4f6f-a837-bf2219838774,5
75,e63695fb-3a73-4ee7-ac4d-ea0f6a0e2e4c,5
77,e1ce023a-77c5-4cf2-b79c-472fdb2eba57,5
78,6973fb49-05b2-4f3b-b5c6-eab3e43076c2,5
84,8cef2ea1-53f5-4bd5-baa1-f2b933da6c29,5
91,19a18dee-44ab-46bd-9c10-f03cbf207e28,5
119,cb30b676-f77a-4358-b496-9089ab12a13e,1
136,68b65459-8813-4b47-aafc-1cc29dc7772f,2
137,866a8c92-467c-4110-abfe-a11eceb6d083,2
145,01db179a-8d55-4172-881c-d556da00d601,2
148,31a633cf-3511-4381-88c6-27eb2acd3912,2
157,1135200b-8a11-4358-8e62-ca9e915d9601,2
172,ce5ad467-fbfa-4257-957d-dc9ebde1e1a3,5
173,29e12371-fdb2-4544-9a3f-399c8df5419f,4
175,dfdacd78-9401-446a-92fa-049d89dbbe7f,2
181,7c2486c7-2c2a-4dfb-a4e2-f062bfb126b2,6
184,653ce3a6-63f6-4c82-990e-9c55e25e7cc9,2
199,8691ce16-245a-4ba6-ae2b-688c3c816113,4
203,fb028c8a-c157-4e9c-a5aa-d01a2893b425,5
207,8d39df6a-2750-4bf3-a5ef-0e377a46b33a,5
215,7bb9feaf-e11e-4fc0-872c-9de86e4078b5,5
220,9e78b94a-c0e5-4af0-b9cd-c8e1d13f0ac4,5
224,6498a447-b338-4266-a7fd-84bfc1eb754b,5
236,4ca21ba9-b3f4-406d-88f6-42e0819fd2df,2
245,6ffc598d-c236-4b8f-84e5-9685918dee97,4
250,a051a81a-1db9-490d-a01e-c8d1c349fb32,4
261,22d2a615-3241-4f1a-a316-7b36bd2a14c3,6
263,cffa1c73-95ee-4889-8ffa-d56c09b2295f,5
273,eb6e3897-cb92-4bf2-9027-6702d95d65a8,6
275,b2fe8538-a287-4874-b535-033944129d4f,2
285,39902ace-0760-4f3a-8d31-4903e8e582c9,2
304,e4134d7c-1dfa-439c-9939-f270b9cdbef2,4
305,766c5326-9cee-423b-9db0-3ed007281be9,4
309,caf88972-c746-428a-9c48-1cc5fa7f274e,4
319,93bef96a-f447-413c-9a7e-070be45388c3,2
346,edb9ea6a-08c2-4ce8-86a6-277559c0919f,5
368,6efb79bb-aeb1-4a6d-a0ed-b71d2a98f4df,2
379,7c62657c-e41c-4292-9562-8acefe1750e9,6
405,928c86ea-7e99-489a-90b3-bd2b34ad215b,6
1181,31adcea0-c167-4c2f-8c73-9709515e350e,5
412,11b2c861-321d-473a-96d7-f950b7cb1ded,4
423,6fcb6662-65bc-4383-9fdc-466b424d6bf8,5
427,abfd888f-533a-4de5-8ee5-60575ffe574c,2
429,375faf46-592e-4dc9-96f2-2f7b29cf0e62,5
430,351981c8-3bfc-446d-8e11-dc686fe72a5d,5
434,8f4cc619-39c5-4247-b07e-67766d08c6e6,1
435,4e2a4791-563a-4640-88de-f7b445712ad7,4
439,a54ec482-9f7b-47d9-a1d3-5ccbfed2f402,4
1976,47ca5923-9ab5-428b-9f65-09fc81ca509f,5
459,4e818c33-f94c-47d4-9579-9c61d47d1cbf,2
463,8bfe1135-d824-4849-9c1f-65b24c0f395d,4
471,3e971f6a-0865-4bc5-8c25-bf90e372b485,6
478,7809e06f-a330-44b5-bce1-5c64adac3887,2
483,dd5d823d-248d-482c-bdab-32af023d2902,6
488,d6974855-859e-494c-8876-09a2f3b2229a,2
493,f10dca55-75d4-4818-8930-a26935c4ff6b,5
496,8d54ad8c-6c9b-4ffd-8017-ecf1b94518d0,2
498,9047d230-edae-4456-8b14-2e03ca6a7830,2
499,d03718db-53e3-4e42-a707-324a66d4993b,2
504,7de1ca9c-90d0-4208-9ced-66b04a81e600,4
522,ce7b517e-5780-402b-a296-47a7cd6186ba,5
527,0ab3be23-17a2-4251-8959-0dd5192d80a5,2
528,25aa6329-9e3d-4fff-a5c8-e3c4ef4d1bf1,2
536,e46b9eec-1ed6-47e0-af05-b69c067b8e11,3
540,08bdebc8-08ed-41f9-9f8a-129ee6c4789d,4
544,ac21085a-08c2-4d98-b611-3819969674ca,4
545,e4c3b4ce-fccd-4895-a582-5bb59423bc09,2
565,1c04c180-e9f2-4917-b9ff-4e96a563a524,5
568,758166ab-a208-4136-8685-2cadd466f726,5
587,0a9fb118-fcca-4266-abd4-9c24bc1c362d,5
590,d78753f4-c7f7-40dc-8799-69dc64964464,5
603,3f234585-6f94-454b-8e5f-791f477611a9,5
615,226145fb-defb-4a8b-bbce-2db7a7bb9c7d,2
617,64cbb750-e407-4f26-a20a-b1ac74aa7e60,5
627,5b52b088-ec50-492b-b1fc-161f7dc8a33d,5
639,18e0b03c-20c7-46b0-8684-0d820afe9646,5
665,9cbc580b-15fe-4611-8b59-5b8a525c0569,5
679,3bb8b608-7ce9-4bc3-aafb-a51cd6912bcf,5
685,5f32636e-911e-4e41-831d-20b0d9b355cf,5
688,3ea5931a-086c-43b2-9f63-fda58fffe8de,5
690,40bcec07-87fd-42a0-b579-89473bd955e5,5
701,fe72d275-1ce0-4851-923d-bb217ba0d3b9,5
714,55074a78-8e06-4452-b42f-9552d62469bb,5
720,400c381a-ebf2-45b9-95cd-e545665e3fd6,5
721,0e176e66-80e4-4cd2-a6d2-630e77aa22d7,2
732,5e43f762-fc14-48a5-a764-0cd214e0d09b,2
734,77436c9d-d5ea-42b7-b428-6ed3b34f0c94,2
741,9e1f902d-f7e4-464e-bbba-b171582d11a6,2
742,60a3e9d5-f86e-4ade-bda4-ba5920bbacfe,2
743,2c801946-eee5-4cb7-975a-6e89da82bcdb,2
751,5138aa45-cdd8-4e27-98a2-e2251ebb9a52,5
752,b0b3207a-1080-4059-91b9-9e8baff87285,4
765,710d0bf7-bd0b-4b69-82c2-9acc58423976,2
778,e1e400b6-f13c-46d9-9a6c-87c2fddfbc21,5
785,fbf3ff47-5023-4f64-a05f-c148bdba56c0,4
792,f70cb38c-90f9-445c-9d44-949bb3f5abb9,5
795,2b648dff-a9de-4e08-833d-7b4fdeb1fc37,5
804,a471df6a-7b61-40fd-b44a-ebcaefe94d8a,5
808,069f7083-b658-47b5-9204-fa2bf0926ade,5
828,7a77acf7-c028-4585-b5d4-7266b7bc951d,5
829,be631207-7863-4311-817c-ea0567c04332,4
830,9a7abdca-04fe-44cf-9021-8178c7b41150,2
837,6990bd61-08ca-432b-84d6-f5c88977a748,2
869,09b15dcf-a180-4739-994b-39e7c6acacff,2
877,89e2af93-b458-4836-a4ed-e5deb4844850,2
880,fe10331f-500f-4310-8460-5c2de8d51fc9,5
888,87024f4f-53d5-475e-aba4-9b52cfd75a8e,2
895,1bd36544-1982-479c-b1c5-92e60c4bcd46,2
904,8269e667-ed5f-4e91-af0c-ada13e366d2f,2
911,b9282886-db23-4638-9e5f-0271c5f14c39,5
914,0d5cbb25-6fc8-4f2b-89cf-46cae08b7a11,5
915,56a444f0-c0bf-4d01-a0f3-42619ba3e8ad,5
921,584ddf21-4c39-4c94-8775-8a56607c08f2,5
939,b814bcbd-1ee8-4742-8387-7eda5fca950c,5
946,577cf77a-cbb3-4374-bd62-fa1022377df5,2
958,5b6e0a23-0984-4a53-ab8c-00605716a609,2
970,c3169483-7036-4b85-9e3e-3ea2149a7171,5
977,be109dba-47ad-40e9-b91a-48eff1024526,5
985,7411dbe1-7392-45e7-926f-793aaec3c984,5
1009,ee50de82-e31c-4905-9428-638dc0e58268,4
1013,4804861d-ca96-4040-aa10-e0486804d63c,4
1029,60dd9851-ef76-488d-ba41-e221e469e15e,5
1032,547c011c-7f63-4eeb-8c0e-c2fd53aa1b53,2
1049,b5f4e8c7-b2d0-4425-a3a7-1711125a03c3,2
1050,ad0476e8-59a3-4bf2-9ef8-6f92ee7b7536,5
1065,45216448-3451-4e53-9a25-40d662701cb4,5
1068,067439d6-d9cf-4794-a10c-81cfe93c6cee,2
1080,4564cba9-f656-45ef-a8a6-a0946f2b4925,2
1082,b0e96457-dcc5-460e-aed1-2ee0d6a4c1de,4
1096,248acc8a-dcf4-454b-b7a0-b0da3ddab38f,2
1100,b70507ff-569f-44e0-b770-7f243291d25d,5
1101,fcee784b-cf57-4523-bae4-ab5723622bc7,5
1102,1650c28c-91fd-481b-8cf3-177da31d3cf3,2
1125,6982eecc-5e8e-4d7e-9677-5282f302bd6f,2
1128,ed1c75b9-d96c-4271-a655-1812091dbd2b,6
1143,fbba2016-45de-404a-8d2c-0bbfbe7d38d2,5
1147,daca09bf-d46c-4351-854e-66ec632c298c,5
1150,7593fdd7-b2a3-4297-b324-b56eee557051,6
1174,936932a6-1e03-43d6-a49f-1cc2608758a4,5
1187,9c4f9bb0-c328-4e7b-b287-8f12e5392c9b,5
1277,32ffd1c6-0a1e-4547-aa89-6feb2a446ed3,6
1205,8f229257-d232-4f83-b8c8-bee811d04063,5
1208,37b02165-9d00-4061-b3de-497d1b570291,5
1280,fe3d286c-adae-43b4-9d49-ecb1e88a4d31,2
1214,7cc5d35e-6807-422f-b423-503ddb9939c1,4
1215,847db420-3a67-4e18-b163-cfed63956a6c,2
1226,45d35235-8d29-4e4b-b915-36cc1925f5d2,5
1246,f729ace5-6431-4c51-a7b6-b77f2cd53ed4,2
1248,0efde40a-9dfc-48e0-8acd-bafb5c51d96b,6
1252,9096009d-1b56-49f4-92e8-4d4e21860dd1,2
1263,c6dfe15e-2ef2-49a0-bfb2-65e1f4793ebb,4
1303,242abc54-02a0-49ca-9e0d-5886b54006bd,5
1305,c72cd067-bcef-4c1a-bfd8-5702919dffd0,5
1343,9dae90ff-57d0-4b56-a623-293f2434768c,2
1345,346b5aac-f0e9-487d-919f-7f6e3bc96f8e,5
1349,ccf62634-af0e-45a9-9253-ce3569b3f9b4,4
1355,d023889e-d1ec-4751-a484-1bb83df74d9b,4
1362,48ddbd55-aaed-4b12-84b3-5c35e2f8f934,5
1372,a829ac89-be48-4480-9f91-ea23deff6d03,5
1376,9cf5beed-b315-4408-8db9-096cc021de3e,5
1377,f23fe08d-79a9-4b5e-a5d7-0bd7a392fb38,5
1388,932b8704-a4bb-4bd6-8538-50b047f29045,4
1400,5a6f2322-261e-4fff-a27f-8a49ac83e846,2
1404,850c1d81-b1c5-4cbd-b5c4-89820a3b55ed,2
8,f9195dcd-78e6-40bc-ba0e-af6da53a41d9,2
12,2bbd831a-8c1f-4c6e-b539-65260f95a509,2
17,0bd64ed7-5cdd-413e-a244-57e137298b31,5
26,e78f5532-6755-4d7b-9d8f-0defd2b61459,2
31,8a192d03-ad3e-4fb3-b7d5-1ca048a0e04a,2
43,61aa2f06-0514-42d5-8b87-b1d9073b80cc,4
65,42976bab-0821-4991-a024-8537477ac723,5
79,2a79bfd0-5f9d-456e-bc5d-5943a859df79,5
90,c951f1f9-253f-4145-85e4-58787cd7bde3,5
96,9887a136-c663-47b7-bb9c-52c860b43471,5
98,3284dffd-1dc0-45c1-8f0a-942824d166e8,5
102,32d05f21-f286-463a-9bec-d6f1b5fbd237,5
105,7716d006-aab3-46e7-b78a-f1d2de81995e,5
108,9c53945a-f2c9-412f-b0f7-290e31e3c282,5
112,e5d757c2-29a3-48db-8a97-e9952f3ad9e3,4
118,33cca379-13e2-4f85-9aad-a096669a7208,2
120,b7e2fad1-3ac3-441c-9946-5f319168b6f5,1
141,0ff6bb13-0be2-4e58-85eb-fcf053b9e784,2
151,924c40e2-357d-40fb-ae9a-aca1d4eaa511,2
153,b671266c-a614-4a08-bdde-6250a5ec4eba,2
161,553cd1c6-fb12-4e65-b6c8-3881f1e577ee,2
164,7dfff5f8-e475-4722-9135-063afc54210e,2
169,29e12371-fdb2-4544-9a3f-399c8df5419f,2
178,a232f15f-616c-400f-a2d1-28c062fbf144,2
188,ea8653d8-0934-4259-a6bc-79e5cc5e53f5,5
189,c41039a3-f776-4d4b-b260-09144a57a43a,5
192,4fdd3b9f-8a1e-4598-bc18-731be8595373,4
193,4988ef48-eae3-4049-a57c-5e1d44cace54,4
198,af970d2f-d54b-4312-a815-a948c17ba0a7,4
201,46760e75-2973-4791-a9ba-2b48f9b71ac6,5
208,5fdb24c4-e305-4fb1-80e3-b1c2b2dcaf24,5
222,530296c3-0aca-43cb-8152-30306845f166,5
227,751be4d5-3642-4296-8975-a5401b8f0e40,5
237,4ca21ba9-b3f4-406d-88f6-42e0819fd2df,4
241,2764ec47-271b-4686-8704-3d2e55be78b6,3
260,b4fcd507-9350-4aaf-b6d8-5a164d55ec17,5
283,c5db1a6c-4e1a-459a-b513-cc36dd0ba9dc,2
290,aef7872e-7496-45c7-a113-5b71bffd486d,4
320,99ff6df5-1e33-42a0-9f31-283ec43ce29c,2
324,9d9a90fd-717f-4693-b806-db59d87e2230,5
332,05595f28-5278-48e2-817a-78d2503479af,5
338,30d0a2db-df9e-41ab-9444-f8e9a6d1adaf,4
341,9453bb67-8c24-4090-a99b-9cff089a102c,5
342,9453bb67-8c24-4090-a99b-9cff089a102c,6
345,9f185846-9d7d-479c-a408-b785f1c0b017,5
347,608a3eeb-bd5c-4a67-b3f4-94ad43b56721,5
352,cccd7ce3-d6d6-4584-b789-6cabff43a7a6,4
355,60d39453-91b4-492c-8e19-240827da0285,5
361,d3a149df-aefb-49d7-8476-0b15552ccb4d,2
366,a215ad5b-ef7a-45f7-99e9-7c10ceb4d1c3,5
371,bd63e495-14d3-4337-a0fb-6382c36b34bd,2
375,2dd0c69a-35b3-428f-b413-ade0c9f360f8,2
382,fd5257cc-486a-4854-8907-71067ec55956,6
384,89c93d5a-4b38-4fd2-9896-5c3bcbf130cd,2
779,80bbf23e-c654-4442-89fb-aac1ca9f381f,2
411,9e7fdb1b-ab04-4f07-b943-5cc82f1f4610,4
416,71b83ce1-ce93-4b2f-b4f6-c0f3d899b7e2,4
418,d98ed0ce-d44a-4f41-b40a-88b838ef2f7f,4
431,b1dd0ddc-ae5e-419b-98cb-b307f62ee89b,2
442,9fce3870-fafa-44fd-90ce-eb582feda45e,5
450,58d544d5-eccc-4f99-af7e-e789632cad7e,4
458,41ffec1b-33bc-4c35-b771-7a3a3740417e,6
470,e284e6a2-249a-4681-9876-a4e8266d48ee,6
472,7f223aca-b4ce-49df-930b-9c5540bd70cd,6
479,eff1f0d7-c87d-408b-bb1b-78e1cd61da8c,2
495,5e8480d9-aa5a-4977-86c1-b10d7ac59ac7,2
502,53794de7-7104-463f-ba69-a33074e5f498,4
503,f07e52ba-93b7-49ea-816c-f398c09f2d74,4
517,34b03530-9017-43b7-86aa-c3e6cf2d7e3d,2
519,080932fa-ca8e-4f4c-b965-0a9277e01008,2
523,9b6cbb66-ba27-4cd1-b6fa-ba8aefd42564,1
526,038b002d-5273-4c93-a784-fee8a09df21e,2
529,da96f05b-506a-4171-8dbf-2dc6ff90e2bc,2
552,81619a01-788e-42b8-9ea2-35e3acc10953,2
558,09a5cf7a-a68d-44be-b432-6edd9a584a83,2
560,226782d3-4303-43f8-b375-711357fa82c3,3
578,4ff96a54-f264-4605-bd43-8bdfa37f705e,5
580,1c1feddd-3c42-471f-83f8-9753b0315e0c,5
594,75edc402-2d7f-4112-a7a4-51662a996fb9,5
599,4dbf15d4-391f-434d-86c8-874f10eedb91,5
610,52ea6924-64c4-4bdc-a272-3b1b83549133,5
612,429f2fe3-e9e9-46ac-b2bb-ca8de466017c,5
621,73d4a46e-0f43-440f-babe-d84b78f29ccf,5
628,f16ed6f5-e68d-4cc1-8ccd-3f8a07fa2f67,5
630,56a48435-601a-486f-9ea1-89f19829db34,2
631,555bd3d0-b2da-4b70-bfe7-87562d00c97c,6
655,093a1430-a626-499f-ae87-f8767299439b,5
661,4403d578-332c-4df9-8f02-bfbdf43abc7c,5
669,90ac83b0-8d55-4a56-bd98-179c1fa8e0c9,5
670,07337b55-2215-4bf9-91ac-47077f272f0e,5
686,8ec0d97e-b3b6-44f7-a8b4-982e880baeef,5
687,bcdc1257-f6ce-4502-bce9-b973dfcf27e9,5
712,29da03b8-e483-4985-b4e6-2c7f05195aa8,5
746,a63067a9-cc15-4cc8-9a03-c3ac7d02da5a,2
749,95ca16bb-a13b-4f4a-adfe-18b853714c53,5
821,fe4f9796-14a8-4f5d-a1d7-c4131d97fde5,5
824,c336026a-1807-4179-9c7d-14965f00752d,5
833,6e8fcb78-788f-4ac2-b105-6b7c04f49236,5
843,61de9f6b-c2c8-4ca1-bcfa-5b6c6eb4b8a2,2
854,3e76c8f7-d576-4419-bf3d-8754bc1ab5c6,2
858,14992cea-62af-4a8d-a9ad-b9b3d1fd0bd6,2
859,80d02ed8-c861-4ec8-a98d-00a40b0909e9,2
861,6d571bd3-8e7c-4519-aae1-9f3f6a1b4093,2
862,06a7b72f-234f-482d-815a-73024ed01808,2
867,aaf8f01e-a9a8-4122-98f8-16504b9e0957,2
871,cf185949-6df2-473a-b965-098f298a12a1,5
891,364de833-a050-4e90-a39d-597f6fc5949b,2
899,444ad763-0cc3-44d8-9124-af93a4c93199,4
901,eb3dc24e-dd5d-4619-ae8b-4cc069a73c6d,4
902,7b5b0b2a-fede-4928-8082-b002388b07b6,2
918,aedcd99b-4ae8-4d13-b2cd-cb1189af73c6,6
924,7f768c70-b2fb-4a7f-bfc1-bcf00c472f09,5
925,7f768c70-b2fb-4a7f-bfc1-bcf00c472f09,6
927,d6327984-fb9a-4771-8c22-2df3f2db587b,5
934,8e3c2f50-1f16-4e00-8ca5-0b6b2b271d78,5
945,3b7536a0-d930-4178-b86a-46614ca3ee0b,5
951,f919f877-0fe5-49a5-b95d-6520dfb5b277,5
957,ccf397de-2e45-4f73-848d-454f47d6201f,6
967,59b69be6-d2a1-4003-9d7e-65ac97fedba7,2
969,65b6f1f6-1f5a-497a-b98e-2d4f86a00528,4
986,351153bd-ee4f-4d03-a03b-eda38f190599,2
992,d0dd7d56-a7f4-458a-bf38-cfa3ac02877f,4
997,52947a20-ba4d-4f04-867e-a9c8a8081e99,5
1000,ac875afc-0e27-4f40-b1a0-36972d3c290f,4
1004,d90cc484-4e02-4f40-8b37-cd61af688976,4
1010,c55e1e87-0b09-4b6a-9471-2e0710447065,4
1015,f629295a-e57d-4dc5-8e6e-5fd8d48923f7,2
1023,39062243-2d56-463d-aa0a-920da91d62ea,2
1027,359b479b-acb6-4a8d-b806-4e0ae56292f5,5
1037,ccec89e1-e98a-4dec-9d78-68035398b5c6,2
1044,b43cb4c4-f407-42d4-bcd7-e6ae95c745b0,5
1046,897b8893-61df-4391-a904-ef436524ee81,2
1047,6276b9f0-04b2-475a-ac19-8422f9e29fbe,2
1054,17f28823-0e61-4a28-ad19-b2824187ca25,5
1063,45216448-3451-4e53-9a25-40d662701cb4,3
1076,b6df1de0-261b-4b94-babb-91d044ebd3c9,2
1089,3d3bcae0-a282-4651-9bf2-42931f055495,6
1091,96f9c771-2a69-4987-834e-8ed92b9cf4bb,4
1094,2ddbd2e4-2d39-459f-aaad-9f8e6b0703a4,5
1107,08b0f1bc-7793-4559-abf4-51a9ee3cca16,2
1117,0655722d-d98e-4ee3-8771-3c296af60c94,5
1120,3095d77a-d8fe-4b0f-9d9a-bcddd8c84e63,5
1124,7bedecad-806d-4103-881b-8790624773cd,2
1129,a9af0181-ae25-42b1-9a80-3aab1ca74bd8,5
1132,c4fd3786-6c20-4384-81ba-888628376464,5
1172,9a5ade46-d141-4c80-8b5b-4ea446b8b8d0,2
1179,5cd0161a-579f-4c12-9697-c112242eacc9,2
1182,9f54cdb3-035a-476f-aa4d-b769b6c3dedd,5
1183,f9cb753c-4c98-4a07-933e-e952814d7395,5
1200,fed2e2a4-966a-4a8d-b398-d3465854fde7,5
1204,d31186d3-f734-4e93-9135-85a82d5de4ad,5
1211,2842adb2-a961-4548-9e09-28f5ec3f9dfe,4
1222,8b5c7b5b-3230-422f-b1ce-c6d29c0583c2,2
1243,da12d4a2-8564-4bf4-baf4-a1b17ec20bfc,6
1244,41d3d0e7-37c3-44bd-8a81-1522b0af8302,2
1259,0f0d60bf-98a4-4a5d-b71a-61197ae9d581,6
1262,9885678f-3f4d-428e-a244-f870b339b027,4
1267,39f1b1ef-1e07-4e19-a91d-5d11845c4fa2,4
1268,d3a12e4e-9b99-45de-8f02-13d4143148ba,4
1269,066eba57-8dd6-4b17-9671-4226f25c0527,4
1274,122509c7-5cd9-485a-a439-213fd66889b4,4
1281,798e85cd-f895-4e7e-b5ba-6371beca540a,2
1296,0cca029d-c67e-4ec8-8f8e-ee0351d3f5b8,2
1302,a7ba09e5-2cf9-429c-90e3-c5be205e7c93,6
1304,9fd7014b-f8b3-44ec-9173-e04f63da1e92,5
1311,a8f10b58-a0c9-4519-ac0e-3450a9a323ae,4
1315,06c68601-3286-4358-9815-8c0f44aef1f5,5
1316,66329c89-522c-484d-88cb-cb5180eca75f,4
1319,71669f95-3c31-481b-a3da-bc0ba9fb7198,2
1322,34680fea-c1f8-4346-9576-f96a204282f2,5
1329,67d098d0-0f69-4601-9c46-0d09d741f429,2
1435,a4646465-6131-49f6-ac90-ad405cb49918,5
1463,f9cb753c-4c98-4a07-933e-e952814d7395,6
1468,f7106ab9-fda3-460c-8f6c-967bd87dab66,2
1471,661333c2-b9a9-4b91-9ca8-2d030428fc07,2
1472,4e4465c4-29eb-42a8-8d23-12889c5f030a,4
1481,82ec7248-cfc2-4352-ba4a-954ab568f12e,4
1487,0704bd7f-e948-40be-a582-fb38e9176c10,4
1492,714bd6da-f88f-4d9f-abbe-c030c20b4e4e,2
1504,a0f10661-edd2-4ac6-b0b6-38bf9ceb7c43,2
1513,c379a3c8-c420-4618-8775-d4645bd8ae14,4
1527,0d99b203-f91f-47e3-bd73-d45a4f9e3678,5
1529,a8bc7ae1-970c-43c3-82fa-b95c6ef8ddb0,4
1531,33d491ad-f225-4240-8a1b-9b940fd0c253,2
1532,05a1fe99-7940-487c-8dcb-21676bc9e49f,4
1540,bbf13de1-670a-49f5-a5d2-4df7735af8b5,4
1542,546dfdaf-7ab6-4807-a032-0da2ba4cd2dd,4
1543,554a341d-a4d7-40a6-a26b-f6dcd8e4f023,4
1549,b24a0737-47f5-4424-b12c-26495b4281f2,4
1562,00385b52-88cc-43b5-ac6f-86d3823dd96a,5
1566,fc9690d0-9455-40cd-8951-d5f29ba4bc30,5
1576,e4b0b153-7a7c-4823-97d3-f845cb100763,4
1586,a30cc566-0a66-4ddf-bcf3-530ee4c5fa6d,4
1596,db6c554f-c34b-4084-9f5f-14309f11f14f,5
2605,d3faa2e2-a115-4347-b562-afdda9963a4d,2
1605,4bc5e353-507e-4064-859d-9bad9ff367ab,5
1634,37cab012-9f17-4226-8c3f-20e79970516d,2
1637,002cb6f6-13e6-4ddf-9968-7dc63f3357d2,2
1638,fbba5c6c-a4e3-4a8b-a791-eec3a8722d96,2
1641,cf781256-96ef-47c9-82e8-23f48ea4e209,2
1651,792e381b-8c60-462b-ab5f-08fa85e94585,6
1652,4c428883-70f8-4b81-b411-db9cb5e1aefb,5
1655,b015ec53-57ae-4146-b767-fa38cd07ace5,2
1663,25b35b79-f905-4952-be74-1b130d7c340d,5
1672,0809c540-e125-449e-bde2-7ae230eb4874,2
1682,e6b9208e-9e27-4485-aef0-5915bc6fc9ba,2
1690,d431a282-7fe5-41fa-bab6-9d64a4a3cb02,2
1693,dbbf9898-748e-4ba7-a6de-9351dbca8fd3,2
1695,5b9050b6-f44a-470a-8a85-0f8ba75b5fdd,2
1704,5f157c61-8641-461a-8880-910c7eb83d5a,2
1706,64068eed-8256-4abe-a0ee-4db01738c725,2
1721,eed190f5-c22e-4f32-96d7-2274631aceea,2
1724,a20d87d7-9907-4e19-9d70-ef3cac533756,4
1725,f3240ead-836a-4e52-8b78-dac41cd69526,4
1728,ca519f9d-8b65-4a08-a5ee-1d5a517df186,2
1741,269aafef-bc10-4e36-989b-011bd8067683,5
1756,e5d7085d-c2be-4ca2-b1d7-f00c934b47e2,2
1762,1063930b-f2ba-42dc-898b-6c4bc9b96ee7,5
1772,598f259e-f33c-430f-8f52-be5436347a89,4
1773,98ecbde3-8da8-4620-a06c-a1cef6034194,2
1777,109d7097-c5e7-494d-b411-07672bd06a81,5
1779,72aa6b27-87f0-44f1-995d-b635f31c28c2,2
1780,55e81d18-775c-4912-a832-444970c6be76,5
1788,b3a822d5-23fb-46c8-8c42-9f4a7e891113,2
1792,6effba2d-36b7-4715-b6a2-75a1239c1cef,4
1797,2f5f0a64-6d9c-4fc8-b00c-3157287e9916,2
1799,5097fa79-40b6-4d31-90fd-6be0fae305e8,2
1800,87fa2fc4-2098-45cf-a2f9-b95f02c0f4dd,5
1805,85125e30-8916-49df-a688-6bb391542488,2
1814,fa0fa32b-a1d4-4cae-8ab5-5cfdbadbe723,5
1819,d116ce15-7e93-4542-9e37-2e3f9183bfd6,5
1823,be2d9558-aff6-4e3d-a9c3-8a75e69c3d23,5
1828,32101d37-611a-428a-b2f4-7f0e024ab9b1,5
1829,9fff4818-4069-4c17-a4b9-cd3f19180ddc,4
1830,80443e1c-60b9-46fc-9da6-c4ab7d7ea470,4
1833,1e7497ce-35da-400f-9275-6eb07ab28d31,5
1855,40e27423-4c03-4543-843b-d6283ddcc6d3,4
1861,11114dfd-583f-43f0-8abd-205745b792b4,4
1867,00538388-26b1-418a-b87c-a6d3309bea83,6
1886,fdd9a1d1-caeb-467a-a063-2c72fd97121a,5
1909,11e922f0-98b5-4630-996d-d0fac740855e,5
1922,772fca87-373d-458f-973d-30267a5470c4,5
1926,f9d19c1f-1fd6-4546-96f2-5d68bf24be10,2
1935,8c5d1b5f-83c2-4ec9-8b28-11af5a8cdb7e,4
1942,bf072808-0fdf-4580-bc6c-0d602ef58b8d,2
1967,ab94b0bc-39e3-4c4e-8c6e-614866bf7b99,5
1968,70c73399-3b1e-41bc-87b7-49260e3835e4,4
1983,bdb87d57-1aca-4d6e-aeba-e0b4fbd27d8d,2
2003,ed0f9639-8f3e-4643-9d7b-167c37deefad,5
2004,99074ee4-96b1-46a9-b9d2-5d92756cc121,2
2007,5275f2ad-5aa5-4441-850c-24aeee0020de,2
2016,e0787834-8987-47c6-8e23-ac704679dc34,4
2025,659e9278-73b8-406c-8cab-351d588ea970,4
2040,661879f4-b3da-4727-9141-f2817c3ef740,2
2042,d7640227-3dee-4d54-bfe5-ad347864fc86,2
2044,0a94cff2-b15f-4399-a78e-23f87129aaf7,5
2057,9a2ead21-de91-4801-a82c-1c4ae8bbffb3,5
2063,042f82f0-3b31-487f-90ca-75cf355f400f,4
2064,ce316ee3-7548-40f1-ac58-c9ab2635ba0b,4
2083,590bc086-f693-4902-9e19-e6d8e5e52333,6
2103,5e94e310-ee36-4612-8bad-73f48fef3a94,6
2104,a69b8095-caa7-4a95-9ae9-4dd3743e75a8,1
2117,dc1e4b37-c179-4793-8aca-38ea6f06e938,2
2130,4b95f70c-5fdc-4961-95fc-3e4658eba24c,2
2143,4fcca351-1408-462c-b7ee-293f02378aaf,5
2144,16d371d2-9a29-45a8-b1e7-7fcbfb3f2928,4
2162,a903052c-acf6-45c3-b4e2-32a31ae2fd71,5
2173,922741b8-9658-4ac5-8629-7d5ac90cf66c,2
2181,a0aa9de8-d28b-49bc-ac07-ab94ead8c1d9,6
2186,2cace010-8039-4d0e-8aa9-08549c11cf06,2
2192,1e4f8018-f66b-4593-9b90-940ccb9ab601,2
2203,d3d62cae-ee82-4ae8-b63f-6935aabc5d03,2
2204,da32dde2-e30a-446a-84dc-b4b4137a6bd3,2
2220,9455a697-4052-400a-bb16-518a60996248,4
2235,13a746f9-aa18-4d3e-8010-0380a65c894e,2
2237,6d4513ed-e626-47ca-95df-14f90caf1656,2
2243,62c5c825-717b-4cf7-83a4-7ceb6cc65779,5
2251,705a8721-7616-45a5-b14f-77d14ca68e28,4
2252,77f65566-de28-4302-b646-1e207ded6397,6
2271,e26142ad-8f17-49ba-b188-dc3038d4da01,6
2293,f0b8bc37-3464-4c46-b93d-af99c6b65285,5
2295,d9a2637e-c2d8-4283-b1c8-0bd1c7b5149b,5
2301,a5bd467d-bb7a-4d83-b4ee-95467a0035fc,5
2608,20e3984b-1580-46bb-85b2-97d832e72cf2,5
2320,88ea2a8f-49a7-44dd-9d03-bea0b5944bed,5
2338,70a1aa2e-3a78-4614-92e3-e07cdd429e23,5
2345,249e5db2-1fe0-4144-a562-073e5acb4724,1
2351,f71549ce-aaad-43a8-800e-2d679a47149f,2
2352,6e7f3801-d98b-408a-96f4-1f9589e426eb,2
2361,2e5a71ce-d911-4a8a-bfab-6b5a71332139,5
2364,0a70bfd2-6fc6-4f36-b5ca-be8d2ebc44a8,5
2371,349db629-31c1-48d1-ad04-4b8b43283d62,5
2373,ec9bb63b-3710-4d6b-aee4-e4db97e49962,4
2374,d36bc808-edc8-4c21-9cef-76fee98f0fdb,6
2392,2630a2d9-cbc2-4e2a-ae01-7e86b1bef2bf,5
2395,83d09cde-943d-41f5-9e61-57f7c5da0fef,2
2396,cb7cf7d8-4912-4945-9701-f3c673771fcc,2
2405,f554fcdd-e548-40b8-a5b3-c3d7631fcfc2,2
2407,58b94b29-3878-4944-8436-709f1808536b,2
2413,eea6a1a1-3180-470e-9c17-d34d3738e73d,2
2429,51bea81b-30fa-43fe-9625-864c3afc8a7d,2
2432,e52900be-4b75-41bd-a4b6-3d41ce28e13b,2
2434,093e8616-297c-46ac-8ab4-82c273d12b72,5
2435,5cbc4fb0-009b-4d32-bb7f-9206d2a3059d,4
2437,5644e225-c438-4e0a-89a9-a10f3ed77dce,2
2444,bc152712-3ef5-48ce-8dfa-4fe67b0dc0dc,5
2446,244b034a-fd7f-45d5-9de6-8b9e238a788a,5
2454,9d72622d-4a56-49fd-af9b-7f4a41435313,5
2461,2e0678ef-a93b-4371-b14b-921a13c3b03d,2
2464,5d63d2a7-a400-4bed-948b-4f1ff6a27354,4
2467,e0250d62-0f1b-4209-b4ad-06c2d175dec1,2
2476,4f4029e4-7f7c-47da-b20b-66c9e4c46b7a,2
2479,2bfed4ab-c5ae-44c2-ae63-de2f681f8efd,3
2480,9bceebeb-c5f4-4448-a409-0be001164075,4
2488,88511c5c-ab49-4a42-bd51-c002939f875f,2
2492,24ca1a4a-cfd0-4746-aaf6-f1eac61eff14,2
2493,94b52143-3bba-436a-b7bc-7f6755f88453,2
2498,8d2a23eb-d6f2-4d6c-98db-6af45f07ddbd,2
2500,323b6bc7-bdb9-4e47-9042-49e482f80605,2
2502,f12d4514-9c35-43c3-ad88-3137e8a577de,5
2510,59acb08a-19c9-4cf9-9f6e-02b484e55d1e,5
2514,75213444-08e6-47a2-b48d-1db918efde42,5
2515,b4f11a84-157b-440a-8c00-2b9e9d2911e6,6
2520,1da92ed2-20fe-45e3-a4cf-8d207909f432,5
2523,6b2aff4b-99c9-476a-b5b1-059da728ad84,2
2534,fa05f20d-cc31-484f-a5f6-4691ff0b4c11,5
2536,c9a07535-1e94-4b3a-96bf-c17de85c48a8,5
2544,432a2442-9934-42ab-bf0f-818813e73674,2
2551,047f1eb6-7a23-4f73-bbd5-adadb7d93d80,2
2563,ab2d9d35-eb74-436e-81cc-366310612ed9,2
2590,3318bbe3-12d0-42de-9c2d-e667da50ea32,5
15,c77be0c4-fc81-4d70-983f-4fe7c9c59e54,5
22,43a4c3e1-c926-45f3-a41a-d9a4da12b1c8,4
23,d3e55581-6d0d-43cb-8a32-371f1b4000cc,4
24,1bc71b00-bc87-4f9c-b37b-38a7d92d9025,4
27,e2b945cb-a26f-4fae-abc9-085426d2ec03,6
28,18b7869f-acc5-40a4-b2d7-df6de1ea5211,2
42,61aa2f06-0514-42d5-8b87-b1d9073b80cc,2
47,f1fab17f-a539-4b1f-a19f-e93057da41fb,5
81,4fdd9f9f-fd4f-4bb8-a04d-a3762ec21ef7,5
83,79649df7-0e7f-498d-b639-222700a38742,4
87,3e63ae5f-41d2-440a-be11-cf8b59273abf,5
115,5e9866cf-acc7-4d02-bd8d-9acba0db9248,5
123,e3ae96a1-fa1a-423e-b2e9-952e6a368610,4
133,6edfb2fb-0a61-4c6f-8e88-d26e6fbcd2b1,1
147,918a024e-a0be-49be-83ba-2da8b7eaa18a,2
168,3dd9a073-6b63-466d-89b9-8607919d4bd3,5
171,ce5ad467-fbfa-4257-957d-dc9ebde1e1a3,4
174,f87bced4-85e8-4845-90d9-baaa6c200404,4
190,041b9d32-c482-44e2-bfdd-9870c27cc5e9,5
197,6ebbc8d2-f64d-4d87-9b6c-ca458075acd5,4
202,ce5ea62d-0cfa-4e84-b224-ad93309a2c03,5
217,ffdf6ba0-e91e-4ccb-bd43-b31804bb50e2,5
229,c754add7-6bda-4545-bbb6-3c0d091d1c44,2
235,12027c4e-f50d-4ba4-bca3-ad62ae338dea,5
258,db28c832-41e4-4e7a-b91b-7c2636be1ebe,5
284,c660db27-9a8d-464c-967b-9dda13b779d7,2
289,7a4561c8-a89f-4900-bcea-e07c082d8caf,2
299,e2d608d0-109b-4ffc-b372-8fbb08195b28,4
300,9766d9f0-ee8c-4d45-b48d-3b8d8055e8bb,6
321,c0e2236b-2bd8-4e8b-8a60-dd644c249839,5
323,4d9388b8-70d8-4963-ab32-5337337dcd4e,5
344,f900e760-2bae-4d2e-9525-887025e36d35,6
350,2b5e4f2c-2b9e-453d-8cb4-0f14ed88ba77,5
351,154b2d0d-fd62-4e52-a265-beddfc23ee19,6
353,3c669fdd-9481-458d-a5c0-eb8de1b64c53,4
356,f9237722-c383-43eb-8b6a-278440c0d797,4
359,ef3adeaa-ef34-4829-9ca9-aa0f0842806f,2
363,a81b3315-07ad-4627-ab2a-dcc1c469030e,4
367,3287117a-e3d8-41a0-a64c-a9649a0eba4e,5
370,3ce16ec3-cb00-4ff2-9981-8fccf29e8b12,2
389,4e42286a-fcc2-4528-a335-4fe58e90f944,2
391,799884cf-a76f-4e3c-b823-7facce0f2146,6
392,b4a31638-1bd1-47dc-aed6-f08c75785e3d,2
395,b987414f-ff6a-401a-a2bc-a19f22dfa906,4
398,bc9262a4-cbc8-4f23-a750-8860240018d4,2
400,469f4fa0-e364-4a06-8c62-79bb24316c33,5
409,407ea5c1-cce6-4553-bd97-6eabf6531e00,4
424,2e2bd22e-ddb2-4380-8f63-aa3d6edf4559,5
433,4f6e1ffd-8f55-42cb-86fc-d004d77a1362,4
436,9f3bba78-3b03-47bb-8878-c6ecbb4c7695,5
451,154a0cae-b1c7-4120-92c0-068817e5a079,4
454,f813f60e-d130-40dd-943d-945a7cce68d4,4
467,cb1b70d8-8d8a-4e0c-98f8-0476778aca91,6
487,077c3616-0c78-4949-803a-1b36eaf61df4,4
489,5a6f543b-d60c-4b17-8f30-83100b9d016c,5
781,b6652067-ba5f-4deb-83be-ec601055475a,2
783,c2f64bd2-8230-44fd-a3e7-69c8d15c640a,2
539,08bdebc8-08ed-41f9-9f8a-129ee6c4789d,3
546,05b2c295-f24c-4251-87e1-5bb7ebee1a80,2
548,c279db27-f83b-4a02-b336-78fa1c20df0b,5
569,ca4e4d3a-fed1-4d69-826d-80ac8a687551,5
575,4d4e1f1d-0df6-4562-a03b-39feb8031d8c,5
604,617e0af0-e3c5-46c5-b28b-2b1602ab95ac,2
607,355e8e06-7f42-4341-8930-1643616fb0b2,1
623,a5636958-a0a7-4857-83b9-ceeeb807a065,1
633,7960ec58-db43-4592-8c5c-7a4c1ff5ddf1,6
634,42d8fc1a-26c4-47e7-ab48-96cdc8c03858,6
652,89089267-27cd-458b-8855-c449c7396439,5
660,cddfe521-2447-4ab4-aff4-13b76e7bf66e,5
668,d089e757-63eb-447b-b42b-173deb99e20d,5
672,db78611a-341b-489f-a21c-62873be81a50,5
677,a07b6a3e-c270-426d-883a-b6f8c6041802,5
680,45f964af-20ab-4e68-a7a7-e0350976c835,5
694,ea882e45-26ec-4d3d-97b7-153426ec8227,5
711,279ceee6-1cb4-45bd-99d3-9719f1e740a6,5
713,ea1a0713-0342-421e-a64b-a6f4c5b2e5c0,5
719,a4659897-10da-478d-9730-fb17a9e254c4,5
756,e35b21fb-6e9d-47c5-93b3-98eb5126dc06,4
757,8bc51042-7f7a-4b5c-bcba-422be2aed367,2
761,426ac64d-8d1c-4bba-b17a-9f7e4899b1ce,2
769,40e2883e-4cb5-4c0b-bc96-ab7ec7f4c0ef,2
784,f7d886ca-7226-40e6-a352-358d34d0ece8,4
790,959c5247-98ee-48e5-8ac2-d891a803aab5,5
793,590eed9a-c62c-46e5-9bbd-2962e71cec7e,5
806,26dd8ce1-7f15-415a-aae3-e1ce9b0d34e9,5
811,1448b473-fc2c-4bfa-b6b0-da38e1fe6de1,5
813,e9372099-a509-44d1-aa4f-3ae769f9275d,5
814,e3c0f5a0-f3ef-4a6f-921f-1de09a7ca00a,5
819,f89c8440-e6c8-4895-a00d-c4780e5902fe,5
826,19e73055-5a16-428a-bd4a-fa77e7834c7b,5
849,4e32794b-8166-4def-a41f-abe543c0d6d1,4
863,c2c9ea98-c242-4f88-bbab-35edfd3aaf1b,2
870,92022aa7-f7a9-4e1f-a48a-96aa081d7f31,5
885,263fbdb3-ab5e-430f-890d-a6180af43112,6
896,9d5f510e-b612-421b-8339-f3dbee10d51a,2
916,56a444f0-c0bf-4d01-a0f3-42619ba3e8ad,6
922,584ddf21-4c39-4c94-8775-8a56607c08f2,6
928,0632ab74-e8c6-41a6-b9f3-a90551471c5f,5
931,351dd5fa-1495-47fe-b2a5-4b6ceb17aad6,2
933,9ac2c4f1-e86d-45b3-b75a-6ad38cec1912,2
937,3ca089af-d9f0-4ec4-ac38-f276ba75b027,2
941,ae859a63-bb2c-4836-92e2-09ccc804997c,5
944,d46ed53f-639e-4007-8a02-f72e943848ad,5
1276,53ddac8b-3dc9-44ed-a4bc-08fb29fde26b,6
979,65e08954-842a-4909-8966-70b1263774e6,5
983,e33c3d03-003b-41b0-ba97-8f17074c58e8,2
991,6082b232-50c5-4f82-9729-a73bef1fe94e,4
995,3fd30c98-c57f-41ef-9f08-dd76a2cf938f,4
999,72e9ea3e-f116-4b79-ac59-6be2f8c0a26d,5
1006,4cfdf76d-f78d-457e-b13d-5dcb80130275,4
1008,3f2218cb-8919-4828-8037-4403bb8f99f6,4
1014,0960921e-79d7-4b1c-8ce2-a204624f89a9,2
1019,f6a68c92-9c81-4789-ae5d-85ac7731309e,2
1020,82580f87-89f2-499b-980c-fc7062fa04da,2
1030,5a79ecff-973f-4683-8233-37bd64df888c,4
1038,08c1268a-5f6f-478c-b260-89fcdded2623,5
1060,36aee868-f73e-4c50-a7a8-d56b74cf6581,2
1064,45216448-3451-4e53-9a25-40d662701cb4,4
1070,5f439255-9685-413f-a407-495b62315821,4
1079,29ab7d45-3bef-486f-8b7b-a898b4c57047,2
1088,3d3bcae0-a282-4651-9bf2-42931f055495,4
1093,e32cc9e0-9d98-4603-aaf6-f2d63a27f648,5
1095,3ef27bdc-91c8-406c-8fb7-ef37e9df1eaf,2
1105,8842bd78-d946-4e0e-b8fb-0154123c2a71,2
1106,47edba1f-0491-40a8-81a3-cfe5be6cd1bf,2
1112,8cc17f80-af93-44fc-81c3-31b41adcacf0,5
1115,be418b50-ebef-434e-80ac-afdf4ca60c5a,5
1116,9bf8c1d8-7ece-4e4a-b520-777eb31daef2,5
1122,c17325c0-d8b4-40ec-a56f-4af0db09b5b2,5
1131,a35e8256-2444-4363-a498-317b1aeebb21,5
1138,c2ecca33-9d36-4eff-b2f3-b589375368ff,4
1156,81891a13-3d1c-4011-8443-6b376c5dc986,5
1157,5f4b76bd-ff43-4dc1-a2b6-c51a689a849b,5
1159,cb3ba918-38fe-4d82-9ef4-35a33d79bb42,6
1160,d0ed2c6b-f339-4342-94a2-c20372b46e78,5
1161,49a7dc70-7971-43a7-903a-5c9f71e05200,5
1165,6152f40f-2913-4020-ae41-34983b311d25,2
1171,b5de44ba-5055-4320-af33-ed204d1fed77,2
1186,d9d8a4cb-ae4f-456b-a88b-7d1473f41f46,5
1193,15a0bf6e-75e3-45f2-afa1-df5240b2c3a5,5
1195,76bb253f-3044-4a12-aca8-f18428ed9467,5
1197,92eaf870-0130-47ad-9975-c6385c6eef6f,5
1224,158f51a4-f6bd-4b85-b8cc-76c7d137fd45,5
1230,4ce00c51-6745-4f7b-9dae-425f674eb8d2,5
1233,429629f8-f3af-458c-8b61-ad9b3a572cd5,2
1239,816acd45-7c3f-4a05-9b2e-2f6b7861288f,2
1258,b950fc20-c382-445d-8c7e-b19b0f3a0aa0,4
1260,aad713a3-07fb-4b42-859b-0d033b1e4c5c,4
1273,bb2e4860-878b-46c1-9934-caeded5d4bda,2
1286,0e0b81c7-657a-409b-9a40-b6a901aa5c96,2
1288,20b1689f-446e-4890-8ea4-76404770d399,2
1307,6c8c505b-ce73-441f-bde3-cd9a4ded5623,5
1309,d8f7f52a-80af-43ec-9a09-484a939eb443,4
1312,1eb866a9-ac15-44a3-9429-a8e9d48b5670,2
1320,71669f95-3c31-481b-a3da-bc0ba9fb7198,5
1327,20c25cfe-c2f2-4da0-a8a1-12f50773d051,4
1336,cb6cd720-039a-4571-80fb-182b34bca100,4
1338,4ff2a6ca-fcc4-4211-ace9-46bdbbcab11a,2
1344,9dae90ff-57d0-4b56-a623-293f2434768c,5
1365,bbf202cf-1e98-4fe4-8bb4-b48ae9862944,4
1409,7f46ff07-3805-4937-8a02-428883f64402,5
1413,e6246cda-79e1-4859-83e2-75cdbed6bf37,2
1415,a01a1d29-ec7a-4d69-b3bc-0b0d56209849,5
1418,e6277edc-c5a3-49f4-9187-0ce2cf19a350,2
1426,1bca66bb-8aaf-4a16-906a-9425a8db22d6,2
1427,31e97216-9820-43d8-9aaa-9653fefd25a8,2
1445,d996bea9-43d6-4504-9618-6186543ac2a8,2
1458,ce510aca-ff26-4e0d-a8fc-f2f3416ef7de,5
1462,31adcea0-c167-4c2f-8c73-9709515e350e,6
1466,b0ae074c-36ef-47e0-8549-767c0a6a1ff8,2
1497,91d321df-a82b-453d-80a9-a8bfbf098b40,2
1509,a4ef67c4-f60d-4415-8fe8-ecaa0ddaba8e,2
1512,c379a3c8-c420-4618-8775-d4645bd8ae14,2
1520,f06c0fce-b39f-4501-886c-60633db1708f,2
1521,f0947ea8-5b59-4730-ad6c-2c98e66a8aec,5
1530,2f73c8d5-bf26-4928-83d8-25ed1a5df332,2
1569,891a7a49-7d5f-4812-89fe-d08feb3a4e31,6
1581,9b32d1db-6796-4433-9620-a4b86522d77e,2
1583,c22e391e-4132-4641-923e-21966133a400,5
1585,a98562d0-9db9-4d26-9163-825905bab143,5
1590,6cf5e975-43d2-40fd-bcc1-d5ceca7ffcec,2
1593,1958d00d-07da-4731-b37d-028318630cc5,5
1606,80c837fe-d861-4ccd-9af6-744c29c5d627,5
1612,7b42ea72-e6ea-4959-8e52-3e9836690399,1
1633,514436aa-789e-4bf5-adae-e5814c1c88c7,5
1636,689d980f-d405-48ae-8287-b34aa35fd198,2
1639,be93c759-69a5-433c-9364-8240d5f0011b,2
1654,5cba2022-8912-4169-bcb8-88337f1b5178,2
1656,3205bc33-1c65-45d2-a438-0a34fabd369f,1
1673,acdfcf46-9951-48a8-8794-f7324606bdb3,2
1676,f05e74e5-118c-42ff-af65-c9aa332232ea,5
1678,17631126-f3bd-4f2a-b9c9-e4365d8cdef1,5
1684,e81beb9d-ad1c-421e-aacb-51073bd10ab0,2
1709,fa415c65-6e67-433b-a61d-b1a84af1a377,2
1730,77467763-b05a-4507-82f3-b6f83d2ffa24,5
1731,d2912547-ff59-4878-8b41-9a3bf52d8dc2,5
1754,0d10fb5c-5dae-4292-99c5-2e584618db2f,6
1759,00f9e4c7-43a6-4225-9a25-63bdcd3782a5,5
1768,9d619f3f-bf3f-42fc-b85f-3ccc6aaa5891,5
1769,153e3b93-19d5-41b3-8130-f0f7e272d798,5
1774,eb1a7ac2-34d6-49f1-8dc8-357976a7e9c0,4
1791,d349cfa4-dda3-4026-863c-8f161cda9e1b,2
1796,a129ed19-1f21-41bf-8ab6-f1f049106a06,2
1808,ba2ddeae-f245-4f22-aee0-43e4e09687fc,2
1817,b9681378-c765-4711-b10f-bcf6fb608a15,5
1831,6d6e33b1-ec37-48b1-8945-fb5d2e04b203,5
1840,fbccb7e2-5cf9-43f8-a058-588ab8ce070f,2
1856,cc752b36-d80f-4297-9255-e235f36b3039,6
1858,01a09b9f-8b4b-431c-8f01-ea67bab28da6,4
1859,1fcd9414-cf2d-4121-90c7-40cea9fa97b0,4
1870,e7a3befc-d28b-4352-980f-d8497f895cfe,5
1885,cfa43aea-d98e-41d1-85d7-67f1f4104a26,5
1901,78125ca6-f8a2-4d4d-b809-d3952966e4c1,5
1912,79286f63-d16a-4a84-8857-4eded1cbbcf4,5
1943,9ff5f71a-1ba3-4130-bc85-b6645f3a2b3a,5
1949,252b6607-5509-4e26-b24c-f15019bacb19,5
1953,c57344a0-6b57-4519-8078-f500a9566c03,5
1954,5af0f69a-9060-44aa-b52f-a25b0ada9983,5
1958,e09ac74a-2361-422c-9f18-224f02094e45,4
1963,e7c4def6-8ec5-4c3a-99d9-969fb1cd3dda,5
1973,c6db1a12-512f-4e2d-bfaa-2d6c14ba87ea,2
1977,e854c09e-71a6-4a54-baec-b66c36d3ec51,5
1981,799af850-c23c-426d-9b8d-c14a44edbe7b,2
1984,b0bdf7f5-0dcc-4fc7-b5fe-99296dbdf100,6
1988,fd441df6-7738-4aec-9312-35766cc8246f,5
1989,ab42d41b-28db-49ba-9fc4-53a0327811ca,4
1990,afcf12db-fa25-45f8-8db4-d5f65a524717,4
1991,2a085d13-0491-4a19-b030-4960e6156a12,4
1994,ebae65bc-6d93-4d58-b7b4-56713c0e7b71,5
1995,4b8f4a1a-d0bb-406b-b053-df039561a884,5
1996,98bc2044-478e-466a-a7f2-1d3ba4679f17,1
2008,2cebef49-6f9d-4c2f-9ef4-fc28a19a869f,2
2012,b4cea261-58aa-4860-8308-1c077f4510f6,2
2046,b4e06581-2d51-464d-9c13-b71c8010cdc9,6
2058,16d265ae-e9c9-4b90-b5e5-b0f00ae82a49,4
2060,8c34f13f-c1a8-456d-8ae0-8febb4cc8713,4
2066,30517e40-b5cd-46fe-a9e4-ee660549b0d2,4
2070,a0a0de43-12d3-4004-a337-a04170470abb,2
2074,6cba61d4-8af6-42ca-b12e-ac395776ed44,2
2079,42221a13-1141-4a3c-ac86-bddcdcc7b509,4
2084,8e7f64c8-acb6-44de-987a-c1d310b87797,1
2087,f3eb53b8-ad73-4503-8c52-3b96c0aca187,1
2091,e66bc416-2d8e-4021-95bb-cee3023a4047,6
2098,18d930a8-1c5a-4fa4-a0ee-3f1994b55837,6
2101,29930333-f4c9-499b-ae47-9b0a291b13ad,6
2112,0ab161c8-c4c0-4507-bbd0-4af58d354ed7,6
2114,b891635a-afc9-4b7e-8fdf-501b17fba527,6
2131,593f5c9e-16ed-46f7-9ad0-f234bf4bfa06,2
2136,4648dd9b-bf7a-4ee9-917f-400d95f11e49,2
2153,e1fa3de4-0637-4873-817c-a222622edb19,2
2158,2bb20978-21a3-450b-bae4-da355a958ad7,5
2183,a0f3a52c-2815-4640-8c62-3353e59e6190,2
2188,c6085e03-cdbd-47a1-a401-cbad7ec11877,4
2193,d5f88861-c4eb-43f9-92e5-c15a6fc8d7f2,2
2194,dcb59aea-c639-49d3-9e9a-ac6437157f91,2
2196,4e11945f-520d-4fbc-8a21-f9a2017a67c2,2
2200,629c6a92-a6b0-4506-8ca7-60f0a8a3e24b,6
2209,3d8c7f5e-8eea-413d-a1de-9f14d8b2d79c,2
2211,0ba3bd81-2038-430a-86fc-7ae2a89784ab,2
2213,16341325-f447-4d68-b748-336b26996e70,2
2217,60ddc037-4ef5-4761-a13a-ec207a78d659,2
2227,6f7c7a6d-a6ef-4edb-a421-a5496d52cd6c,2
2238,b12d7111-68a6-4e3d-9b81-d4318c107723,2
2240,b4f78a31-514e-4653-a27a-014e23208444,5
2247,95042290-41cb-4c98-802b-8e2559363550,6
2263,a5899ad1-3962-4f7c-8801-fb8f7b1f8e3e,4
2264,6932e182-d491-4e56-92a3-cda3430c5ae5,4
2278,133102f8-2f7a-4abd-ac36-eacda163d086,5
2280,63f1f72e-14e9-4269-899d-8bb02652720c,5
2326,c3c00694-f7fa-491c-a814-c0eb13640d5b,5
2342,2d8a1975-92a9-4e15-84a4-a6387eed5491,4
2349,35deef45-90ee-448f-83e0-891c9e459024,2
2357,f5e937f8-9bd8-4c10-bdbe-06337ff113bf,5
2369,4365fc13-0def-4fb9-98e8-f3e0937bdfc1,4
2393,ceb057ca-8b2a-44b5-b2f8-4fca291ea7bf,2
2419,93a3abe4-8ef9-470e-8e4b-552bd0ec5aa4,6
2427,c05969bb-6358-4c6e-af6c-84621fdbab06,5
2436,45cd9832-77b3-40d2-8524-deed0c243766,1
2449,1c4afe92-0897-443d-8138-ba6df2905989,5
2471,c2c02347-dea1-4801-b242-802ec3ee0f50,5
2475,8594084e-5fe0-4a7a-9f1f-7a734ccd2c5e,2
2494,e738f1df-4d59-4d76-a805-9277ffd59413,2
2495,01e39ba9-6b7f-4f2a-9f80-2a1bf3579fcb,4
2506,fb783346-8300-441e-bb5c-293104740fd4,2
2508,274a6953-0b40-45e9-b6ac-0bf4714acde1,6
2512,074ba9a2-5036-406a-9d4a-739398476b35,6
2528,8e428054-673a-4dbc-948f-9afae0b0a268,5
2532,abcc7e32-6156-4217-9d0a-32216abceb6c,4
2535,c21442a6-3d6d-4047-8f10-94b762e2d9a4,5
2565,7098e18d-b181-47c5-a594-b6b5f558f6cd,4
2570,ee519900-9153-4951-ab4d-501ab82f8a29,2
2574,3d90c5fb-a101-4372-a4cb-d052043f454c,5
2582,46d5a2ea-7b70-4de8-ba44-fd689950c55b,5
2592,84e61144-35f0-42bf-9218-e4b27a2e9dfc,2
11,2975aba1-bc81-43fe-b31c-17b1499e884c,2
14,c77be0c4-fc81-4d70-983f-4fe7c9c59e54,4
32,3a699aad-d353-45b8-a718-0a7a45b8a4be,2
34,e930ff1e-2b1f-4542-b1c7-9f38eec69b8e,2
48,60e8057c-a17c-41e8-be55-775d354a98c4,5
51,f391e45c-5774-4071-b31f-d5a5f36875db,5
53,d1f7d864-cc45-48d9-bf31-53edfc9d16f7,5
58,fb7b9693-8a61-4d88-871b-079e4a2ea3fd,4
64,e2d99abb-79f9-40d1-9139-f88da82b5a7b,4
69,35d0eaec-eea4-419c-ad0d-fbcee25da853,5
71,1376a20a-b844-46bb-9e76-eea80caf2d90,5
92,f2fe0d21-bfb3-40bb-9445-31adc7494882,5
99,1f531fa8-66f6-4e5e-980e-fec86f626c57,5
104,1e9f0722-8ea4-41c2-9558-c811f4f8b3e5,5
117,0075a223-b322-44ab-b404-e3705e4389b7,5
124,d01d3129-9d1c-476d-a789-68f5db5d57b6,4
126,f17b6235-5743-42b1-b942-5e53311ccb70,1
128,e627a277-78c0-46e4-a8fc-b426f3d1359e,2
130,68ff2d98-ce91-4e2f-bcc1-b47685684f80,2
134,f7188ece-871a-4881-9f5a-1614cfb5e50f,1
142,8b524fc7-6a06-41d5-9628-d415625d2971,2
149,21c04749-920b-4f95-8b8e-e10f3cae1621,2
154,8fc6a67e-a713-47c9-94b2-fd2c9237771f,2
156,c42067b4-6fb9-404e-b0e3-9da31e437576,2
160,84376f8f-ef11-448c-b0a8-f5730affa496,2
166,bbeddd43-4948-4d7b-9bb3-23a6a1f99771,1
186,1811f629-8e8d-4d5c-b358-c95f7a28bf5f,5
195,cc05b148-732d-4613-b97c-acc13ac41dcb,4
204,5a0931ca-534c-4729-affb-cfa06e1240a1,5
214,57ce85aa-0f74-4004-a40e-d97d7a0ef104,5
219,98cee1f2-bd5f-4303-94ef-b40fd24769bf,5
226,7bbdd8fd-d913-45f0-8114-bbdc2e15a9db,5
246,b135c0d8-c081-4c03-8dd0-187ecb92ae17,5
252,d18b089d-7477-4924-b057-6c07568f0c4e,4
254,d99f49c0-304b-4b63-a783-f8057b4bf484,6
257,49caaa4d-026a-441b-b1e8-e578f8011d7a,6
259,91fe04c8-c756-4741-9847-4a03d4c341b0,5
262,567c8581-48e2-4a01-8591-83e9d2fb4994,6
270,805b541a-5de2-4a70-9dcc-be384af5d646,5
281,cd5ca658-a39c-4e5f-bb91-249de2bd2e2b,4
286,4a4615bf-4d39-4f3d-80ce-96a8fae73014,2
287,1043bf64-7a91-4c9b-9c51-4df19f63c516,2
288,84f7a7ed-38a1-4917-aef9-f3c66962a6be,5
301,d9d1ab46-d805-4b4b-89ed-fea096622a29,4
302,cdd88024-3eed-4f03-ad45-8d45ebe6b85f,4
312,9c7baadb-c210-45c1-be02-b810b55e384b,5
316,acef0f94-12bf-45f4-b1b1-2a4706620b48,2
340,2828043f-c56d-42c2-b93d-5e67bdcf810f,2
348,d639ccfc-218b-4a42-a8b6-34591cfed5a6,5
354,13c37c23-8b83-4cbd-8aa8-c837100968ea,5
358,e7129062-1961-4c19-8c81-defa79288edb,5
364,97ba8a5c-0196-432d-8e11-2b9ce178e76d,5
369,fe1905a6-4a01-44cb-b889-5d2786f68506,2
380,b7115591-fe7f-4ea6-9d82-6d0868ff0374,6
408,c01e7347-4968-4945-93df-2db85ac51ed8,4
413,d99e65cc-79f6-4b27-9e9b-efd4d14e6849,4
452,b004c2e0-60f9-4d10-a844-63544809b0e8,4
460,bd346bc7-68f3-40d6-86ac-4e32c4934206,4
464,011301be-7acf-4265-bcda-9a1be88eba61,6
480,a2f9fd0c-8548-4fca-87e4-62a5bf05cab0,4
481,a2f9fd0c-8548-4fca-87e4-62a5bf05cab0,5
486,d415c010-c10e-42bf-b823-dbab904b24e2,2
494,7db9dcf9-297f-44f9-9bfc-240d1fb4e4fb,2
497,84f88d63-5155-411b-a019-94e8c7e34f10,2
500,83a2dac2-42fc-4da9-ac95-2a23615e64db,4
509,b8d5a1b5-e847-4b0e-ac71-557de9829579,6
510,55c6f22d-d5fc-4cfb-b2c6-56cf89d46970,6
511,b46d8044-ca10-4ca3-9b15-f92ad383fc60,6
513,27dc1b65-660a-46ea-a6c2-023754e200df,2
515,59758778-05bb-4202-9aa8-7ee13676d934,2
543,018e26af-f5b1-4953-ad0f-7c4abf7f67c6,5
549,f08fdf14-3648-4c40-a058-270d6d6e24ef,5
559,e25ba88d-a82a-45f5-9ba3-b5ff7ddde928,2
563,40526a18-4cdc-4f16-ae6c-4400b39e5906,5
566,98d8b769-3e51-48af-8360-3ad994c35106,5
567,454c4ae8-2f02-4d29-9196-aad0adc77101,5
571,2c8ad304-e943-4b62-b224-a36f81878591,5
572,65923b8e-9e7c-4369-abe2-80eeed8e824a,5
574,07dcb926-9152-49b5-a556-68fd4b000158,5
577,75a0de91-2a0e-40b9-8ec8-b231fdb52133,5
593,71a25b2f-c020-4d1f-994e-c89257b31057,5
596,a513a1b6-eeca-4bd2-8fe4-849f05e0aa84,5
602,83f47b0e-da91-462a-8f69-7647a78ac2ab,5
605,89a69ae0-3619-47e0-8512-847b95587eb6,2
606,bbdb424b-33e5-4fcc-b4f6-f1e6dd402c03,4
613,97abbc9d-bdd0-496e-a7e1-2b2c11071a06,5
620,c1265eef-0dbd-48a2-9cc8-322613482247,5
624,35a82184-8111-4c72-8d04-0933344fb52d,2
625,6af167ad-a2e2-45fe-9079-e2f19b1c8b33,5
641,1372a4a1-cf22-43ea-a2f7-b75238c79e41,5
643,03172713-2854-4a94-ac29-0106acc6b45a,5
644,37cb136b-cd4a-4458-b42a-2889067e8c22,5
649,62af6c2c-ee3b-4aeb-ae6d-f86ac345f17f,5
653,1850fbc9-2632-4374-b06a-62155cbff919,5
664,47ee0f6d-2758-4b63-b288-59d0149d9206,5
667,c4980d05-afa0-4994-9fdc-de8204d3f691,5
691,ab1b03db-0c8f-48f5-b9ef-4c16ae59a5a0,5
702,05ce0d01-765c-41e6-aac3-71dd9ea67cd4,5
705,2a4da00e-97ff-43b9-8cfa-d15f17dc5eb0,5
715,17c5ea8d-c0c5-40c0-94a4-61ede4b0acc9,5
718,6ab68b1c-ab4b-49fa-9fb3-275a832d4cf4,5
724,5fc5e446-7b47-47bd-bd2d-d25ad98624c8,2
726,da12d4a2-8564-4bf4-baf4-a1b17ec20bfc,5
733,a2ab3bbd-0f56-490d-9aa6-3d222a0d320d,2
737,858f891a-07cc-41d5-a567-611d5e2664e7,4
744,84bdbc5a-87da-4f4f-8116-33d9d6bd2720,2
750,6f88799b-7176-44e7-953e-29a233c14fb4,5
758,fc9e839d-45c7-4ffd-b49b-1092417ccc24,5
762,82aaebf0-849b-40de-9c1a-24f749ded996,2
766,341d9f89-bb99-4766-bd9a-26362ecad5fb,2
773,13f37ae9-7dc1-400b-a549-ff6ad588ea52,2
789,c67fa91e-45c7-48a4-9ba9-694c74480197,2
794,91ce0e84-94a0-4bce-9e4a-93e308d8ec2d,5
816,0ad06230-54e5-45ee-8605-2487279ae0e0,5
817,6f1226cd-796e-4fdb-9dff-cc1fa059c80c,5
818,c8176480-bff4-43c3-85a8-5ff678f7d4d1,5
822,4191241e-5d7b-47f9-af59-4dcb9d597bb5,5
840,1f8af993-ea0e-41cb-ae1b-ca05bd0a9807,2
846,1484fd5e-cea5-44d6-8a3a-faf5575c94b9,2
868,be75023c-912e-4868-8dbb-5c49b003c09f,5
876,30b028aa-c70e-4224-8e2b-7e91bab3404b,2
881,f41033de-3a7d-4a97-86a6-ec6af569cb07,5
886,927fe1b4-2b5d-4839-af7a-edfa65148af1,4
900,7cbc3dff-55d8-4d96-ab8b-ad5416d3522c,5
906,1499fe04-eb48-4f5e-a7e1-53e9dea17758,2
912,b9282886-db23-4638-9e5f-0271c5f14c39,6
917,aedcd99b-4ae8-4d13-b2cd-cb1189af73c6,5
935,c2fb2556-7431-4478-aaea-b02bf8475d6d,5
950,010541e1-ecd3-48d4-9525-57dfe288ef7a,2
965,191e9c78-85ed-483a-9d80-1a69a5ec8189,5
968,ce6bc431-0825-4892-a569-b67a1d4e846d,4
973,549a6037-537b-409e-a1dc-4b0b2e4b0f96,5
976,cd62ee13-d439-4d4b-b7be-233aa2cde125,5
989,b1102584-1478-4518-9c8e-1d0d0c5de1e9,2
1007,03cedbbf-7db7-4974-b1b8-55f341779227,4
1011,281c3427-e47d-48a1-80af-4867a91e7293,5
1017,36c63bf6-e3af-45cb-8ecd-c0fa7525a78b,2
1031,0a96b7d2-8930-456c-96f2-209dc0dff875,2
1039,59d61096-4800-4a91-926a-44aaf66c69f3,4
1043,c891cd0e-39a0-4719-89c5-abfe70568c00,2
1058,6f317484-3cdd-4d89-b62f-da3f5e596617,4
1061,36aee868-f73e-4c50-a7a8-d56b74cf6581,4
1062,45216448-3451-4e53-9a25-40d662701cb4,2
1072,e450cb8c-fb13-47c4-9672-d3aaa4d822e6,4
1077,7362b771-4d9d-4ee7-97ab-1f2d21e2242a,2
1087,a3e6a916-1aa5-40c2-8efe-8adc59e9bfa4,6
1098,5813d6cb-859c-4ffb-bc7d-b1ae9eb4c51a,5
1099,731e4b7a-69a6-4a17-a447-8fdf3b1480d5,5
1104,fc1ad2d9-02bf-4122-b452-56a111db360b,2
1108,f6281341-03a0-46e1-91a3-fb23096d7842,5
1110,b3229ffa-82f8-4eb9-9b9d-29d4b154e2da,5
1113,0c60fada-6faa-49f8-b0c6-622a76cf038a,5
1119,f4f17913-9ded-487f-af7d-4d7374105942,5
1121,d3ab8512-52be-4948-a6f3-915c49169929,5
1130,a9af0181-ae25-42b1-9a80-3aab1ca74bd8,6
1137,04bd15f5-6334-4f29-84a8-37bd5d48ab34,4
1163,a8ff32ab-3b63-42e1-85d9-bddba231ba33,5
1164,388b2f59-f714-4708-811c-33372fd4cf13,4
1166,90be4c35-f7b0-40e3-bcb3-6e65ae292a08,4
1180,ed9053d3-d06c-4211-9a3d-29b434fe6a9d,2
1188,e95e078e-de17-4563-b67e-f5b6b2037c0c,5
1207,8aa5d2ff-aef4-476b-bd6d-e92aebfecf34,5
1218,4ad7a953-2692-4d40-98a2-8c7f4ded4499,4
1221,f5d39204-e17d-41a9-b965-8ce6779ffe72,2
1229,c03c3228-b1a6-4168-a124-9049d522a394,5
1234,a9a7bf97-5709-48e8-b583-f539159b1089,2
1237,14f65c52-0a22-4855-9043-517466c965a9,2
1241,20500eb7-fa3e-44b1-b6c6-3b0bb69177d5,6
1247,0da7cec3-f156-4b18-b5d2-6d9a8d4f856d,2
1254,acff5b5e-80dd-4fac-a01a-20b8c15c8049,4
1257,698ab684-0abc-498e-b377-8cf8e4472265,4
1339,6b224aa3-c43c-43cb-b8f2-5d570b6ee28c,4
1341,3e28b62f-32c7-4576-96c5-f0423bb0540f,2
1357,82227513-f629-48e2-9e2e-d3639e30e329,5
1358,b5c99d92-98d4-4f36-ab58-e55a447a8901,6
1359,98eb8807-c140-4b18-aae8-019a17a7b563,4
1368,24291fc0-c6c2-46fa-a4db-1fb23c81c7ee,5
1389,56fe9f71-a883-445f-8f97-aae9d2571b5f,4
1390,2130f432-609e-43db-99b3-82256e474849,2
1392,eebf6da0-4a2f-489f-9333-befd26b25fc8,5
1405,bb326836-474d-4977-aeed-7ee1af190d04,4
1410,fb0af648-a365-4141-a89b-4cfd5626b597,5
1420,690d21ff-bedc-4dfd-96cb-d8490efff969,5
1425,5fd84aa9-22b3-49e9-b927-2f6308175750,2
1432,aa4b5050-5060-48bf-b812-9ed3c4040178,2
1439,99d5d006-178b-440a-9a47-55c12278b5da,5
1443,3816ab39-6a96-4ef7-8faa-e6c9c150f95e,2
1447,a3cc2473-059c-4bee-b964-754b460fb55b,2
1448,1c4cb1da-14c8-4771-a129-6dad37fe0e54,2
1450,8d451b72-ca66-4c41-b1a5-5787613a88ae,2
1454,ca69d8f1-4a00-4ead-807c-621e8aac2a8d,2
1457,04c8b708-90bc-4e9f-bcbd-45295fcc2299,5
1467,6df8cef8-d124-4bb2-87a9-edf2df007ba7,4
1473,ae90886c-d02b-4394-b6d9-c0033b34218a,2
1474,42fbb19d-c085-4c15-aa10-eef405ae322e,2
1483,cb1b89da-6e2e-43f2-b289-5ef1ea03b8a6,4
1491,86c03f92-021d-4463-8f14-23931f75e7b0,6
1493,8a5cab77-a9c7-467f-9f6f-c9e759a3dc34,4
1503,9c2c5b5b-8c98-4f68-8e99-6febe2c6635b,4
1505,d6dfc0a8-48b1-4a22-be03-4b26c4256066,4
1511,89736335-c816-4c72-bca2-f35c7c12b8d0,4
1517,c71353c4-d42f-41a0-a5f4-253fe01e7218,6
1518,5ed231b0-ffcd-47c4-9a66-e79ab020ed31,2
1523,5e5e51c5-b210-470d-9997-fd34a4944a80,5
1525,d757fc16-beef-44fa-88f8-1a65f1114e33,5
1538,d807c8b3-000e-468d-8778-56b7dc7aee2c,4
1541,8285d008-bda4-491f-b51b-2ed389c38911,4
1544,4668e089-1013-459a-bd2c-440ddf8fa278,2
1547,8e6c9bc7-f709-4f65-ac72-b461f86b03d7,4
1553,eb67b301-6c34-4857-aead-bf4d3335193c,2
1565,0aa37fe0-9587-4ba2-a6ad-fdb1e415e4b2,5
1573,75f737a9-d034-42d3-a9a7-c374db6f1fa2,5
1578,bb9a553f-e992-4f88-9294-50d0e8969825,5
1584,e308c42b-eb54-40f1-9289-693b625e7086,5
1607,2e58d6db-4d36-4bf9-8372-16ad6872ec0c,1
1619,1243f913-0d4b-4470-b24b-720e872a3dff,5
1620,015e95c0-1058-4ba9-8741-76a2498e37c4,1
1622,7c8542d2-0451-4ff4-8b93-624d4756b8b7,5
1623,10de366a-bf2d-40e1-b8f4-b86fdcbf2566,2
1625,be6ec7cd-74a7-4d70-b523-fe8c6ca4cc18,5
1627,14ccd1ab-5fda-4adb-9f10-147857437238,1
1629,24d3ed84-6192-44e9-974f-22a126a6d7a3,2
1631,584061b7-b95c-4f01-9962-060e54bdeaca,2
1650,6f48dc99-7b52-4f75-aac0-9e73f65d07b3,5
1661,0ec03eb0-e8ec-4ef3-939b-d60840886a01,2
1671,6d81191f-86c9-45af-8684-6e58ed3ce3e6,2
1685,61090466-93fb-4481-bdda-ee911d025945,2
1694,1bdfb55b-1155-4a42-8b9d-493ea755d5d9,2
1703,740a6e18-c462-4df1-8472-1e5b7d4be546,2
1708,5d0cfc1e-cbea-45d6-a656-3a7fe2a21fa7,2
1716,eaa414da-29c7-4f45-a0b8-eb550237013d,5
1727,7fd0e04c-f9e3-4f54-8818-5010337f6849,5
1740,0b029031-1c1c-43c3-9aec-668bca9d57b7,4
1749,0cc8a90f-9c63-438e-8e05-9ad6d18c8c07,4
1760,2b8185f0-d38b-44f8-b152-1c8306f9df63,2
1776,e093b6fc-a50a-48c7-92ae-865a615e7503,4
1811,67e9735b-9b99-4ed4-b35c-9620633ccee2,5
1818,32c338a8-2a28-4d77-9ed6-ddca9259944d,5
1834,419f8269-dd6a-498e-a734-c6b098d9208b,2
1838,ee50a1e3-f9b7-4c0e-b257-81a6cb409099,2
1844,92272e0f-55c6-4462-b1d7-309fa72b2dce,4
1857,bf0a03f8-da5e-433c-858e-13e10414cd06,4
1864,01f26cee-f543-444b-8c52-ed2a5ef09d9d,4
1892,f6c22a2d-3eb6-4885-ac6d-77ec353e98ad,2
1895,56343d3c-8716-49ed-a041-fa88a14be41c,4
1932,63862ba8-d478-4e95-ab48-e6a05615c951,2
1938,402cda43-1200-42fd-9168-25cd35d17dc8,6
1946,32fb33f0-4dcc-4f75-8f89-4ddb34257a66,5
1948,ef4d9a54-be82-42af-a45e-5789e1b94acc,2
1950,386535c9-5f9b-45bd-b365-12dc7b2a8a69,5
1952,7342c428-3e7b-4142-a84a-dfb813b21f14,5
1959,24b8cf87-8444-4270-9726-ccb887fcd6e7,5
1960,61da4e90-699f-4fa0-b7be-96d57ce1b103,4
1965,622e8d81-bcfe-4f93-82bb-fa3cebd4e633,4
1975,044ec54e-52e2-41e4-81f0-9b9642fa97da,5
1978,5790b139-7bb0-4395-ab0b-9b093e6d9735,5
1997,9fa280dc-3132-4ec2-acbd-f80686171618,2
2001,f4cdbdd3-75ab-46d5-9c19-5d741081ac91,2
2010,b18a757b-68d8-45d7-9302-8975584df10c,2
2024,d3bf48da-8654-487a-a848-531571c9b766,5
2031,bd720eeb-d8da-427e-bc50-c605052a7ae9,2
2041,77a0225b-de74-4dba-be41-f36e11bdd2a6,6
2053,6aeb144e-a2da-4a9b-b922-169aafe371c4,5
2054,6fc7dd43-734c-41f3-95ae-8affe2028487,2
2059,84f956ba-d5a2-416a-a0c6-5703d59ef04f,4
2068,076d13bf-4346-4f75-b1a6-5784fb9a6198,4
2077,2b12b885-6fb5-46d2-a362-b22d3e30e8c1,6
2125,5843b1e1-9149-4822-8234-841cb2506b1b,4
2145,16d371d2-9a29-45a8-b1e7-7fcbfb3f2928,5
2149,df470875-22aa-45c9-83ba-5d8f5bf20687,1
2154,69c8342b-e7fb-47e5-9d2c-168577d50606,5
2157,29cf43d9-2de0-4147-92df-b81f439eacc2,5
2165,dc44669a-d084-458d-bf21-e607eb345fd2,5
2166,cabbff2e-1754-4fcd-b289-306af7fae22f,5
2177,e1514b92-e092-47fe-861b-425399cc6f64,4
2185,9d874a51-7afd-4704-911d-88de0734acc9,2
2205,22922023-d3e8-4f83-bea0-f6e064eb464a,6
2216,fcbd03e1-a4dc-4378-b602-d0e9664ac1e0,2
2232,de899b78-4e47-4a69-866e-7271fcb8f1fd,2
2242,65c54cfd-cd0f-4530-8de5-fab8d9663736,5
2250,084d8582-3597-4ce0-9a82-a2f58d91195c,1
2253,f1e828dc-cad0-44a4-be91-0dc8bd2972d0,4
2256,3d5b0a17-6249-4c0e-9369-a5a577ffb2c2,4
2258,2ab03cdf-46b9-43d2-ae80-0be91b1ff83a,6
2269,b6f33823-c7b1-4f17-bcb3-5e8dbf5d56a8,6
2282,cdd77370-9fa8-4ca4-9b84-3c4b5362f44b,5
2286,6b819829-b81d-48ab-89b2-d22b30310d5f,5
2298,f30808c1-4731-450a-9cbc-e5bf018382b7,5
2314,b5f91b67-c29d-4773-8993-f4d1ed5b6809,5
2317,fece7f47-99c5-4d90-bd69-20a93fdc94f1,5
2332,f54d2619-680e-4cf3-99ce-3c1f6e03b6e2,5
2337,98bc0dac-123c-44c5-8a98-36c8336e82f6,1
2340,4e2318b5-871d-48f5-a68e-5099b370eed0,1
2341,884ab84f-0262-4d24-9baf-a56415f73951,2
2343,c9fa1550-d4d5-474f-8a85-bfc8a3230b15,1
2348,6ca4a2d8-5a84-4db5-aff2-7b7388f72605,2
2358,ab8d2353-b9c7-48eb-8135-ba0ab0951fff,5
2372,d0813a71-6ef4-42c9-8259-a34dbef29b7d,5
2377,6c641f1a-e27e-42a9-a28c-3b6cc0144c0a,6
2386,715702ae-b03b-4fee-a410-bbf4d5eae4e8,5
2390,8e64cc84-a829-4c5d-b7f5-16dc3ecb88cc,4
2391,3ef087b6-c2cf-4d76-b198-c467e2a07689,5
2401,2d355b20-f0a1-4870-95c5-466941690614,4
2411,32d8d92c-d7d6-492c-bd9a-102be5172fc8,2
2414,f75b45e8-863e-4368-bf85-8e518abc8998,2
2420,4c8bef52-6218-454d-bb69-88d3f4309891,6
2441,3661d162-12d4-4729-abf5-4a9df9976378,4
2445,5bfb83b8-f473-4d9a-9afb-0771b3fb7b2c,5
2447,fa9ffb00-a687-4d0b-8a8b-ecedc4076462,5
2450,26ce1a15-3c01-454e-8685-2271d5322f09,5
2451,60ea09af-665e-47eb-92e0-56852c2a6ed9,2
2457,2ae6a455-cb04-45c6-8394-040a8e9e6ab6,4
2458,e96918dc-8ac1-4d25-9acb-6a9ef2d5b697,2
2470,be9200ad-96cc-4d6e-a3a9-144b5756cd5e,6
2478,447cd640-d337-4e08-af26-d4066417f8c1,2
2489,b56316b2-ad59-4585-87ca-7a70df0a9089,2
2491,ac369ee9-e18e-4e04-9261-ddc8a78381c3,2
2516,0ab918ea-6599-4687-ae1e-80b69079fa78,6
2517,a4c44985-ccaa-4dbb-ad80-9907e726339c,2
2518,50e0353b-cc9a-44b2-b0ca-94ba77b8c1ce,6
2531,929668dd-918b-439f-8521-1eeb03e0be8a,2
2568,bb142ba2-461f-4b32-b6a5-d5575d799d3c,4
2593,2f873af8-ea54-4f94-9c0c-306cb40ce69c,2
2596,e9a98377-3170-41fb-9cca-662816f44a45,1
2597,542e036c-ae31-4555-bc10-5c0f02610640,1
10,042a5c4e-f51a-403e-92c5-bf010f35b225,2
16,0bd64ed7-5cdd-413e-a244-57e137298b31,3
18,0bd64ed7-5cdd-413e-a244-57e137298b31,6
19,fc7f1407-9087-46da-ae2f-f727005d40f7,3
25,e78f5532-6755-4d7b-9d8f-0defd2b61459,1
29,f9bba93f-b893-4beb-8675-3d4fd42d0fe9,2
37,d8255872-6084-4431-b9df-765a24f6e2b5,6
38,5f6aaff7-39dd-483b-8c60-5ed72c02f017,6
52,734d0223-0ca7-429d-a0e4-eeabd42c4230,5
56,bc7e07af-c45f-4920-a56d-27c515bc8e29,4
68,c3bea2c1-c9c5-422e-88da-6b5013230e95,5
72,bd9dfbc2-0caa-4675-83f3-c4b0a3fcbf16,5
74,09dac519-13fc-487b-b74a-9336abb7e5cb,5
76,1ce121a3-2991-4054-a1de-7202f1516466,5
82,ef1f277f-4468-453e-84b2-8e6db5ae3ac9,5
93,f685f99d-3f39-4ebf-9055-978c51ca115f,5
97,75b02911-afa0-4c53-bb44-3694e4a476b9,5
107,ca19536c-492c-4e3f-b199-d7d0548dd2d4,5
113,38acd0d2-10a5-4c2a-a89d-cb65a34aaaa8,4
131,10a2ecda-accb-46ea-a229-49a7d587676c,1
135,ad38788f-9b36-4bba-9b3e-12c0e4ad2a31,2
138,49488b22-4f90-4529-9800-ef647ed522e6,2
158,d6950880-7f50-42c1-a60f-5f5322363d5c,2
165,b88fdfcc-8ef5-4261-8800-e1e2c1da8290,1
179,b7c5ce63-91c8-4b71-a536-d5f2b6a55797,2
187,2b91f1ad-8402-4896-aecb-9d0a98448001,5
191,9a623e62-3bee-4ca4-8f61-d2ae6eeeffda,5
200,f420481d-f501-41a6-bea1-0d42efd3cde5,4
205,335049f5-5d8b-4900-9b00-0e652b305d53,5
212,ae80cb7f-a8d4-482a-b817-5859e46864a4,5
223,9ce6dad9-2fd4-4ab2-bfb3-fea360970f10,5
225,bd105e06-a85c-4622-a677-fd01f3c7a466,4
232,e382d59a-07d3-46ac-a0aa-f7b2801beabc,2
243,198b7743-3547-4f06-aca6-c9f7beda386a,6
244,22f44ba9-6d61-4e2d-8e5a-87f10028fb6d,2
255,384853d6-8399-4570-b4a1-5bd282587556,6
274,a3ade62d-3b26-4743-aa3f-7df52e7cf9c8,4
276,c6652dc6-cd46-4900-8685-0b0c6c34b136,2
277,a9f21013-5fa4-4258-b0a0-ece8da061ca8,2
278,fef61e50-bed4-4364-9698-38e138f0043a,2
296,45713de4-ee43-48a7-8356-2da69e0c7cc1,5
297,feee02bd-cb0b-41ad-aded-4871c604019f,5
311,b7c6ad4f-fb7a-4f65-8b78-4e6e34f3528a,5
314,f4e181e0-9f3e-4e4b-9b2f-0b6e3434a415,2
322,88fd13ee-dbe8-4819-8b1a-00c42de530ac,2
328,508430eb-54fc-460a-88df-ff4741d59fe9,5
330,9daf5b4c-9812-40bd-8d9a-8520449496da,5
335,328c0a2d-a43a-4d14-960a-eb46ef168cb6,5
376,11b06451-f6b2-4054-a596-ad9bbb83a3bd,2
383,f3639653-fefd-4a3b-8f12-4d6f5865a731,2
410,f8d9fa18-2e5d-4854-ae59-75bc132448dd,4
428,9b2abbcb-add7-4c8e-aef1-0c6ad02d8ec0,2
432,c584b7b1-7069-462e-b828-9256a5f340fb,5
1275,bd03d6f7-23ff-4682-9c10-c188cde79bf6,2
449,69e34c44-e899-420e-b1f5-8db63b6ac9fe,4
453,1151a48c-e576-4dcd-b936-4b3ae42ad4b8,4
455,fefe2933-a53f-4199-b8fe-33539e85a306,4
468,b0cc1457-7795-4f0b-884a-83fb0594351b,5
491,6f733260-f6f3-4b6e-a572-7759410631dc,2
506,8e5d4e7f-f538-44f3-9e6e-bcec5782e62e,2
521,b14cd47a-a02a-4dc9-aacf-5572ab7faff9,2
534,e46b9eec-1ed6-47e0-af05-b69c067b8e11,1
551,c3c7490c-eeb5-40a9-bbb6-ab899c136805,2
555,1d6b25bd-8e39-4784-8742-98b90057df30,2
564,e2736e55-986b-48aa-87fc-328ca778c8b7,5
576,825a90f0-47b7-4cb8-bae7-0e7b8e1593dc,5
579,242ce3e0-c79c-4646-a86c-11f9d418c1ac,5
582,0940350b-1099-4b15-b2bc-0609aebbf8d2,5
586,24774b6f-8beb-4169-ac11-295159bf8177,5
595,4301265a-c1cd-46d9-8ee6-313183dc16e3,5
598,c13c6617-ec12-4e97-a7e6-677ca91d5328,5
619,f1a82d58-8392-4925-aa1b-dc45b0e26cf8,5
638,f236b91a-b75c-45cb-b7f2-8e48e52c7420,5
645,38337ab1-a406-4c8c-af0e-f937d38a1c49,5
650,2bbd762c-a5c9-469f-8458-23a215605bca,5
654,3cf73f20-d377-4083-9585-b02507c9492f,5
671,0825b355-dacd-4cf8-a6c0-d7035e560bff,5
676,4c2be574-ad31-446f-bc30-b8d380d828fe,5
681,953200bf-0242-4426-b4c8-bbffd1130ed1,5
684,1a7e2159-b8df-447d-9946-4b8ec605180f,5
689,54c44607-2e5a-40a3-895d-c1643c1c2a82,5
693,6c9f1cf7-ab96-4333-82ec-827c9c5a9518,5
704,fe5b9039-57cc-4ef9-859c-b5d949040564,5
706,2c4ed9ea-08a5-4151-b2a5-102ff67fab09,5
707,ae008a14-541b-49a9-8195-c3970c02ee9a,5
708,9eacba07-754d-43de-a261-14c1f4abb1f6,5
716,712d3b13-9f27-4cb3-925f-f31c9b0f7cc9,5
723,20d4f85a-bb11-4551-a8e4-27d4b9eb8f90,5
728,68e95c5f-7d39-41c8-8b14-5024b3050c1d,2
739,12a1dd80-4932-43e6-8b31-fea3481f78e1,4
745,b599503c-f06b-4ab7-8c0f-d8206d60536f,2
755,082ece98-5973-4226-bd91-c88213cf0bb0,5
759,b94999d5-fa79-48fc-aba1-622d45a3d2c5,2
763,cdcb83f2-ee9f-4e0c-9ca3-96835ac91b5c,2
775,46e6da9d-774a-47c9-b4ea-ab2e8d851121,6
791,2374e656-e279-442a-b00f-3c0d6143b582,5
801,485ca93d-5596-46e5-b431-7f42020bad3f,5
802,97b6e8d5-238c-4362-87de-21c5f963431d,5
805,bfe738a5-6757-4c7f-a9c7-c4fa685ee715,5
815,e341b90b-3b95-47fe-9f00-e0b71da7c124,5
839,dd18b7c3-3d1d-40d4-ad5b-4f0e691287fa,2
844,7d8872f4-98fb-4909-9601-13bcfe3e3ccb,2
845,002ab817-388c-435a-9041-2540cdb953a5,2
851,2810f81f-c2c2-488a-ba05-673e6078ce52,5
853,bca073a6-252e-4327-b1fb-35790628ac5d,5
857,33acd6d5-18a8-4541-85ef-7b5685c48355,2
873,c3174ba8-771d-4b65-b66c-209676ac61c8,2
883,e3a18fe0-2b55-4be0-a826-a8142454c7e6,5
910,0cc3a839-0aee-4d24-a97d-2b89fd358253,2
936,14021675-50a7-4cfb-9e82-927e65050fdd,2
938,6561620a-daa0-443f-ac11-6307a6f0cd5b,2
942,3b6de502-dd4b-4391-9882-b2a6fbb31d3c,5
943,bf03e50b-e538-47c0-8b35-eb4c4b58a4ef,5
947,e4353bee-94fe-474f-b450-6f1292359d7d,2
959,020d5756-ce81-4f0c-aecb-c635595ac90f,4
960,cf6ac3c1-d2c5-4f06-8f46-0edf7f32e0c1,4
964,41da32f1-19ed-4ba3-bbfc-2c3e5db89b27,5
982,052b2218-27bb-42b9-b087-5179d6391c2b,5
1016,a9735d02-bed2-4f35-b8c6-882bdc5a1a70,2
1033,006a611e-4b19-4784-9da8-3a11ad960aa3,4
1035,6259d2f6-17f8-47dd-bd6f-f9973dc23eec,5
1052,14e900f9-bb41-4570-ad4e-75339d120a85,5
1069,d1177a39-fb0f-42e8-9620-86b42c9548c7,2
1071,b784b17d-fbe6-4544-89a0-e86041c42ea0,4
1073,52dcbcdd-b60c-4f23-95e8-5d0ab02c2b8c,2
1081,53c55910-a3f5-4978-90b6-199fb6d41b5c,5
1118,622e9f51-e5c7-4369-aaab-b9c67932d24c,5
1127,1cd5e302-e4ac-4e49-9a40-e6397f0d4df3,5
1135,cbef810c-f554-4fe4-a264-2dcb2d6fa27e,6
1140,dd24040b-3c1f-4d33-a906-e6d3598c5ef7,5
1142,743d699d-9330-4dfa-9311-5a97ea13fce3,5
1169,3793eff4-9b43-4e1e-abd6-c3dffd8dd93f,5
1177,5984673a-a3d7-4c88-9883-be846ff6c522,6
1185,0c4b46fc-472d-4d6e-aef0-f8c5f6f66dd0,5
1194,20f453a3-b963-41aa-9f7d-59a9d218af8f,5
1223,7b72ed6d-3449-4658-a278-a1364bf9484b,2
1225,2f85b81e-ba3e-4a28-9ea7-dec1986aedc2,5
1236,42d0d948-7ee3-453b-a274-ff22d72b3722,2
1238,2752b918-8439-43f7-b995-c762cc8bbdf2,2
1240,7e012dd8-17e4-4903-8c7b-6006606151cc,4
1245,b09a5109-62eb-42f5-baa2-96e100df7f94,6
1250,2974f32a-3f8f-475b-b408-d2bcb04d91b0,4
1255,0ca0d548-1741-4cf2-8607-afc42964cccd,4
1272,e67e17e6-233b-48aa-9f3a-a157154c5afc,6
1282,91b8bc64-4e1c-4e28-82f0-c17c30039658,2
1291,755c3820-4e58-4996-aee5-6f512b2dc44e,2
1298,58418022-025d-4b25-b0aa-4a167a51177e,2
1299,e27c3b17-430d-475e-982e-7bd9bf4a9f1a,4
1301,bfa2e1e4-8951-41de-a99f-635e3f2eaf39,5
1314,d024f737-e9ba-4c73-81ae-afc2237f48b3,6
1348,6943fc57-076c-4df4-a373-f4df0a7e546f,5
1352,e7268be3-e204-4c3c-b289-89929a5affa8,5
1354,c324d517-86bc-40e0-a5d5-7bf089b2fa62,4
1384,44144d01-6f45-4324-921c-6446d7b5c3ea,5
1393,efb4bfcb-032c-4f44-8977-a40144dab3b7,4
1394,efb4bfcb-032c-4f44-8977-a40144dab3b7,5
1403,daaf8657-960a-4446-9049-3d7f991f0ded,2
1411,0d47ab08-beaf-452e-a846-0def5ce37ce0,5
1417,25a3edbd-8ea6-4b83-9626-10553b9f414b,5
1419,1e3f9394-1a77-4ef0-9b75-5ceb1e3b878b,5
1428,34c64e85-2683-4f33-9332-a558db3008b9,4
1437,a0c0763f-76fd-451a-bd6d-1f29b2aaa2a9,2
1438,53db4c2d-5abb-45ec-b3ff-d6f46ece7f18,2
1440,abda6e5e-af4f-499a-89ad-ea00473e31b9,5
1442,3b0838d0-b437-4665-b7a7-a76ee24ff2fa,2
1446,6bb3d0f2-3332-4903-a337-cc655fcdf69b,5
1459,9daf025c-a64d-4964-8e25-bc9180f1ad30,5
1464,9f54cdb3-035a-476f-aa4d-b769b6c3dedd,6
1482,4d11641d-d5a4-4b8a-99bd-eea58ed0bc9e,4
1490,3b91554e-21ef-48dc-81ac-c828b43cffda,6
1506,09c8a518-c9f8-411d-b3f0-5a4b431c9af5,4
1510,a4ef67c4-f60d-4415-8fe8-ecaa0ddaba8e,6
1516,8c7f655d-324c-49db-9db0-538310e1fd42,4
1535,6a4a4a7b-599b-434f-803f-38b393ed5d80,4
1537,6679c1ad-d0b5-44ea-9457-c2b3ea8befa2,4
1548,f9a8dce1-fa89-410c-9af1-f1b57aae7e9e,1
1561,a37a2824-4259-4b22-b5c5-8beb29e9c03b,5
1579,f0364675-49e0-4848-bdb9-466966c42d44,2
1582,23624c87-407f-48b4-b202-12dd080249ca,5
1588,1f18e146-df75-42da-b0c6-3ea4282d4898,2
1597,90683cee-e36c-4053-a875-269f487a3021,2
1598,cb5c422f-655a-4866-993f-721ec9023fe4,2
1604,95c0d697-5be1-496e-8ade-813639cfc1cd,5
1611,4e20e8df-d4f4-430c-b36b-303831e81c98,1
1617,3a5c4b96-526e-41fd-b3c8-c5f76da03f49,5
1632,3a8dc216-ec18-4550-ac64-8a50a3bf16d1,2
1643,3414a2db-244b-44a6-8e53-fca207beeb2d,5
1646,82be0ba8-08c3-4c1b-8aca-2931daa9059d,5
1653,c48771d1-f9fc-478d-bf90-5b2ee8fef0f4,2
1664,7ddf90fa-92db-4bd2-ad05-cc60c8e7df97,5
1675,b679aeff-f039-4334-a31b-2602277d56e1,4
1679,d9f02cf7-7fa6-42a6-aac1-0680119dc51e,2
1686,01331149-dd0b-49e6-b3df-3103bb2b0f0a,2
1697,614acfd7-3765-43c4-a485-33d1857ceb61,2
1700,959a6cab-7f6e-44d8-a4e6-9592e69c8f22,2
1705,3493ac1a-f9bc-4bbc-a20b-8e6a13f93974,2
1710,7c7b9708-4720-4eac-b845-c247227237bc,2
1712,e11583b4-52de-4acc-afb1-6712ebc50b07,6
1715,c37dddbf-b344-4d7d-aa53-6894386aa003,5
1734,5e2612ac-98b8-48a7-86da-4ba76b70255d,4
1737,e949c499-ad90-4dad-bbbe-7cde4aa564b5,2
1746,8779b336-9360-47d8-be1b-9dcbbb944eff,2
1755,e6c6e1d3-339b-4305-9f6c-830fe7e1c056,2
1782,6221e860-ca84-4465-94b3-1a4572171c24,5
1801,4062e607-ebe4-47a4-bf4a-faba92e1fd9f,2
1802,333539de-47f3-4181-bb4c-a90d8f4ee4b1,5
1815,bde1889e-12fd-4ee5-839d-f15853636f4e,5
1816,ce3555b0-356e-483d-9675-88e3c3dd5ac9,5
1821,3a8f7d62-b876-45e9-af30-7acb78f25770,5
1827,6ca0a97d-5b12-4fbe-82ec-1e986a0cc6cc,5
1850,0a4b822c-4753-4d8e-88d4-29dbae214cef,2
1865,0966f200-bf14-4b0e-a178-e332a9f4557b,4
1868,73551f28-b05a-4e1c-9948-97e9cbaa5338,4
1881,4885887a-d378-42bd-a936-ef9c2c2ba434,5
1891,f4b9aa40-6dda-451b-ab4a-73e6b7994513,5
1894,e8bd1250-0cf5-4b92-8542-a8aa54e2ce95,4
1896,49fcd636-ac04-4d27-8e16-b174e1a75d60,4
1905,5434abfc-9174-4587-a970-10135025cce9,1
1906,fb368941-2259-49f6-9c0e-a4334f57afce,5
1913,c023f0fe-d8d9-4c61-94ff-b51624010ff8,5
1914,f362b4ba-489d-44da-8325-09771a34ba78,5
1918,8b3ee054-0359-4a86-b230-3fe5bae1540b,2
1931,33bd3ce2-e9ed-4962-9a0d-12622aedaddb,2
1945,d92e4373-a04f-49bf-97ac-d6e19721a60f,5
1956,36eebd07-67c3-4586-a874-c94716e9c529,2
2000,b3ae9785-2257-46a2-98f2-0170b5b61883,2
2013,5405eca9-f529-4742-b249-ef4fcb90d0a5,4
2032,650231bf-cadf-4ea5-b268-09d6db7ea724,4
2035,6737565b-fde1-41cb-8f7c-f77cd3786a64,6
2048,e3c25798-991b-49f3-bd29-64cf3768b79e,5
2055,2032fa56-b56e-4e5b-a957-95d257d41996,2
2092,30497b47-a3e1-4412-a98e-a284aa833b28,6
2111,65af4c15-1b37-403e-930e-ff425f5b15fe,6
2123,35a50206-69f9-4d99-9549-cf3b38aab173,4
2132,6bc8991f-6c51-475c-836e-0c697802ceef,5
2134,a13dda92-ac04-4f63-8b08-3efd1da62374,2
2140,2432de21-a3dd-4719-93d1-24b99e1cc031,2
2147,b3b7688c-93ac-4e00-bed8-dc32281d4534,4
2160,e6fa4c16-65ee-4531-b12a-1ba4a67750d1,5
2168,c633a275-127e-42a7-b401-757159c8c1fe,6
2170,85a1bfee-0ec1-492f-84bd-39377fb9ea72,6
2171,cad5839d-08f2-454c-a92e-9a4f11374c44,5
2174,18d218c4-6cf3-4a32-aa23-61b741a25473,2
2179,a0aa9de8-d28b-49bc-ac07-ab94ead8c1d9,2
2180,a0aa9de8-d28b-49bc-ac07-ab94ead8c1d9,5
2187,5052c2b2-8388-4ddb-b290-f8df90302427,2
2197,9ffef5f2-5ce6-4000-817e-63b962b5ca79,2
2210,80a948e4-53d1-4487-ae4a-d55f06fcfe47,2
2212,11207fc9-c214-42f9-b93d-dfdc5bc8b7f8,2
2215,dc833c56-9464-49b9-a3a9-a8017e930eac,2
2218,3d4ec05b-4353-4ecb-9920-dc35105b7432,2
2224,ebfc65d0-99bb-4c5c-ad57-51038cdfb9e3,5
2230,db4bdc38-f3e3-4bf3-915e-e93ed73e8c80,2
2236,13a746f9-aa18-4d3e-8010-0380a65c894e,6
2239,78e325b5-58bf-45a8-800f-ba3c0b4608dd,5
2265,171d91dc-c574-451e-a3ff-99c699677339,4
2281,c71127d9-3e17-49d9-87b8-5731449fdc47,5
2285,5e9b5b3e-5672-4d0f-8b30-754ad470266e,5
2289,cc00c286-d419-4751-80cf-3afb4f0150c8,5
2291,89fcab7e-2304-4e03-814d-8db3cde0074d,5
2294,b8e1c0d3-43c6-44d9-9d42-a6248ec7fd26,1
2299,3bce55da-4509-4ca9-ab1b-20588ca78c7b,5
2304,d8928a7a-f0d1-4246-a31f-fbeca75575c5,5
2323,41872a34-0b18-409c-a1ba-d1066e162a71,5
2324,0402bc80-c469-442a-8e4a-a538751ccc5c,5
2330,d0681207-a386-4d83-9c1f-a9c2616da3b9,5
2331,d72c8da4-3ff3-414a-9f9f-989ece527300,4
2335,fb212c70-1f32-4ded-9b2b-5c7d6dd1fa0a,1
2350,aa708eed-961b-4d22-86b3-4856fbcdb626,2
2366,35849dcd-34cd-4bf5-851b-1102049c786b,2
2378,ab0e4fe4-451a-44d8-a47d-3d0443e0c46b,6
2408,5130ef37-d73d-4aa0-9927-ad6da1126f86,2
2410,f7aeded9-fa95-470d-8663-cf46cf5cf9e8,2
2424,d5d1bcc2-56bc-41ed-86a2-5e6dfba0c0c8,5
2438,5a601000-b3b9-4d48-9ec2-0a3ad3a369b4,5
2448,ee6067e4-2dfd-4b6e-9192-b12ef46178a4,5
2452,05e5941f-c279-4afe-858f-4f841e25de23,5
2462,f0d41955-8a48-4049-81ab-03b735357bf3,4
2472,50e7cdeb-25b5-42fe-83c1-fcd9458b58c8,2
2473,94dfd1a7-2180-4877-850d-077b0d2ad411,2
2474,ec20d6b4-aa34-409a-8134-67fcf6c90966,2
2482,42f2e33d-cd79-436b-81ec-2bfc4971718e,6
2485,85ee3091-80b5-48b1-9f16-ef440af2a2d8,5
2486,6fe6dfb6-fead-4151-96e7-099060ee8728,2
2504,2a0a1f12-d9b2-42aa-95c8-b57f2d0d667e,4
2507,f2501ad2-4204-4644-929e-c117f956e604,2
2519,2f3d0c79-8c74-449e-a808-ab32ffde776b,5
2529,6d3663d5-8aef-4a55-bd0c-a8c05b369d72,2
2541,7bcce5f3-6db1-48a1-9345-ec8581b191d3,2
2542,b90d277e-7759-49e6-93df-f4e01f385a68,1
2545,0ff2f368-0c18-47d3-b762-074afa38a1c8,2
2550,24be6d2e-1d15-4de4-8923-8e920d46fd66,2
2553,f9760f98-adf7-4022-920b-d30b94c79927,1
2554,48d772bf-46a9-4fbc-92b0-5db6c030ec3b,1
2555,aec638b4-441a-43e2-a499-700c2becab6c,2
2561,0dc4e717-eaa1-43f8-b0d6-5d530bd4b901,2
2562,1ff2e6f1-82bd-4e97-a89a-b8f9b2a63a1c,1
2569,9bfcd114-47d1-4dfe-bb37-21ac2ef0e14d,4
2573,d54c6b94-117f-432c-8fcb-f616792c6906,5
2575,565087ab-e810-4c85-9fbd-568a348536f6,5
2576,2b321f77-ea12-49c5-8dd7-d31e122c10df,5
2579,4d1f22ba-41e4-4b1f-b148-4cc114777269,5
2580,9b777d84-8f45-48a4-af1a-0a3e33b10bde,5
2584,b2993bbf-f22e-4f42-99a4-3d7289925e54,2
2603,dbdb238d-d7e3-425c-beea-ab2399b82907,2
2604,7323e8d3-5952-4bd5-a666-a1b89a744771,2
2613,e3fdba8b-2648-4536-8680-5888108486ae,2
2616,72319899-13ca-4600-9715-48926a96ea6c,2
1265,a3d06da4-d921-4922-a00e-3d06d5e3ef52,2
1293,e755c0c3-89a7-4a9d-9ba7-5cfce7f8bd5c,2
1317,918ffada-82e6-4dd2-9a6f-1c02e2b5d453,4
1331,4cc7a629-8440-4dec-8520-758ea4c8e6ad,4
1333,ef777cf9-355d-4db8-b592-68d5edd2d3a4,2
1342,3e28b62f-32c7-4576-96c5-f0423bb0540f,5
1347,249a4361-659a-4a1f-a4e2-73c480e942ab,5
1351,e7268be3-e204-4c3c-b289-89929a5affa8,4
1356,921efa74-307e-4c4c-bfb5-2ed27596b50d,4
1360,464f99ce-2f43-4ab6-ab19-990ffb47a0c3,5
1371,a2baa4b3-a141-4ad3-b7df-5aee5083ba2a,5
1378,280a2771-de98-4a11-8c45-02aa4d3b180c,4
1380,76ea0b33-91d9-4637-821d-384058e7f9c2,5
1381,6717b39f-5ebb-4568-b070-ba03b625fcec,5
1383,3cbb1508-f532-4eab-89b7-1707eb9c25d9,2
1387,4713c92c-3246-45cb-b04f-7d1fb7d61d8f,5
1397,6383ba45-e9b4-4fcf-b912-71b6ee3f6c8e,4
1399,88b9f1c3-7d21-40ba-b443-f6d8545d41d8,2
1407,2896c2f2-4792-47ad-a9b3-6d8bb51a9a7c,5
1412,10d9e97d-23a3-4090-9ef4-0f880c9d1e84,2
1424,5238e8ff-6775-4656-8916-04cde3b6feea,2
1430,05e0241e-29ba-4d3a-8e42-29c666f1dc53,5
1444,39ee8c58-c5e0-4442-88dd-fcbedbf20891,2
1469,f82d3276-28e2-4c12-9572-79dea7b18cd7,2
1470,38982336-6a93-446d-a0e8-b6f5becb5f5c,2
1476,7494f324-6818-47bf-8bc4-bcad6be56129,2
1479,31a8521e-168e-40c7-8068-40d90e455e99,2
1485,13b622d4-b2b9-4bbc-94a8-ebf4832fc823,4
1496,c9b4e68c-ede6-499c-9863-222094e1e88d,2
1508,5ba0d6fe-49b0-4102-80e6-cdda4b3b0107,5
1536,6be0cda7-dee4-4973-a98f-504b69fd51ad,1
1545,81f164eb-d3e2-4a5b-8db6-c87607926f29,4
1551,38082610-c1fd-4bfa-9c3a-70c63e1e69f9,1
1552,faa5613a-0acd-4879-b0f8-2dd9114319c1,2
1560,537ca383-318e-4506-b875-d42d40c68178,5
1564,d2ac2e37-a086-4861-80ad-ec7eafd77ff1,5
1571,8852cd59-5522-440c-8c7e-4bcbc36f71f6,5
1574,486e5a0f-27fb-4865-b80f-4b0eb6d59bd8,5
1580,b59dea89-bc3f-4f18-967e-2ba3bfbc9a6a,2
1589,0440d9ba-2287-4277-abca-83bad90b49d3,2
1591,8c6b68c3-61e3-4ceb-8b28-f0086c4ef3fd,4
1608,bb5c07cb-e97b-4a81-aab7-ab37a3ef2aae,5
1610,85215e91-5d2f-4271-9664-e7b91184d673,1
1616,aa04ad25-b372-4aea-bee9-57e6f076ad2d,5
1642,b609168f-1714-4998-9970-ea266d30938e,5
1645,06c577ff-c29f-4231-b430-bbb1b6ec4522,2
1662,d1989045-ba88-4552-a887-ca0dcc55930a,5
1665,8c94838b-9412-4c9b-b809-ae3e041d254e,6
1668,bb6d165f-1d16-40fd-a73b-addf1e167365,6
1674,d34f729e-0569-49aa-8696-7c892ec91166,4
1680,3654abe3-5737-41a8-8022-59f428252f0e,2
1691,995e7aed-10bc-46b3-8998-dfbd4773fba5,2
1698,096d6c17-749c-4174-b719-c42a6b376207,2
1699,fa4b449e-07be-4377-8f7b-28f46d9dc1de,2
1702,4b848b9f-da09-4e71-abc5-0536f021cf44,2
1719,7faa27cd-253b-4ffe-beb1-2a32fc79679f,2
1726,f3240ead-836a-4e52-8b78-dac41cd69526,6
1742,5c12d456-122b-45ef-b67e-dad6f7b82ac9,5
1750,b2ff9217-e7dc-41d9-9385-27769f1fd36d,2
1751,75ef996f-427f-4d8c-98fe-f49cae092f9e,2
1752,d3dd1da1-749e-4ec5-9687-093501267a95,2
1757,fb2f3a70-003d-47bf-9c76-0f4f57ce520d,4
1761,56af6899-dc30-4da3-844f-9f9cae0861cb,5
1775,dbca5d98-f973-4115-b31d-3e1de7d49811,4
1783,30efb5ba-91e8-4021-b8d5-01bf2ff3381e,4
1789,66587d0f-b4db-4d70-b155-b589d79e7568,2
1794,517249c7-36e9-4f60-8b79-5477a64bb179,2
1798,1aef49c7-8a87-412f-9a8a-057712c342ef,5
1807,0529295d-d5a9-440c-bad1-b44be3e57c88,2
1820,1ef2337f-2163-47d0-84a1-8fcba21b5c53,5
1825,5353888f-728d-4d2b-b788-b860453c4bc5,5
1839,f873016b-2116-4397-a0c6-c61e771bef75,2
1841,f4fa9c56-77f4-45de-a0c5-130331bad0e2,4
1848,94bb0b8c-fc42-4b5e-a42c-284a8a5d6a65,2
1866,00538388-26b1-418a-b87c-a6d3309bea83,5
1875,009ee08a-87db-4551-af8d-555ef6c57874,5
1882,414b6bd9-8719-4cf4-9fbb-ce1093d8222d,1
1883,1ec658c9-092a-4b42-9e99-f18a3ed3684c,5
1889,4c016457-d2df-4114-b816-4265fc362c99,5
1890,5b294b4c-9cbd-4ef1-aaeb-71ca017c86cd,5
1902,df096409-b3ff-42dd-ac76-2f19eb92d636,5
1903,a60be455-7d50-4189-853a-e212368cc5c3,5
1911,8af06750-2ed6-4f53-af49-94409d9625ab,5
1919,3e88ac02-07b8-41c6-9418-c0775f612fef,5
1928,779b15ed-7efa-4fda-9c8d-ce87684977d9,2
1930,dfc947df-de80-4916-987f-1fe204098ca3,2
1936,81dfb94c-26fe-48e3-86f8-27236889a014,5
1937,2ac1bf67-5403-492a-b817-5b140a07a954,6
1940,a2ea1863-0c1e-4bfb-9a1d-64988cd8624f,2
1941,47f17ac8-ffd7-4751-b084-70250c0cbca9,2
1947,e608750c-e0a9-4dc6-b076-30a4c0840df2,2
1955,902efb55-f382-4d32-b75d-f0ebd84a4c4b,5
1957,3536ae0f-ab9d-4188-8b6c-80149be6b9d1,5
1982,f1dc4551-a2a6-4ab2-9a3b-11db0267144d,2
1986,5151a408-ac0a-4ca8-ab95-a0927a7904e8,4
1993,79b07d93-ee0c-4528-9939-c4e7469d1056,5
2017,c342ac31-6463-46fc-b481-1b52bbf1084f,5
2018,88964d96-de45-46c4-866d-fea08f560047,5
2022,bd4522d1-3010-41ad-b172-2e25ef9058fb,5
2027,64d97978-2075-49a0-9aba-3281cd7e2317,4
2033,7f315a63-8f3e-4002-a872-08b1705d6f31,4
2072,408af944-4043-4544-ae6a-16a82a9b2df4,4
2075,1aa30a0d-f024-4851-b22b-89e8e81c7cd9,5
2078,3e66cfc1-ab4d-4ec7-8ecf-99349a5c5d5f,6
2080,400ab5b7-626f-4ea3-b682-f8a7a4d235e2,6
2082,1181a6e6-1f8d-4a3c-acbd-8f3087889639,4
2088,edd4e67a-3784-4018-96ca-0c6801634896,6
2089,74c33f64-c77d-46bc-a767-d82675a7fea3,6
2099,a5a7fa6a-848e-4fc4-bcfa-04011df39088,6
2100,2361b756-0f52-4162-8c06-b05412ccac7d,6
2102,1c828951-dfd0-40fa-80e2-8fec79754c21,6
2106,0a7141c8-eeba-4631-ae91-44e0c1035ef6,4
2120,60112012-9bed-4c2d-b51e-f81811d35830,2
2126,cc1afcae-d92c-4107-9fdb-6913eb1d9fc8,2
2129,298353e6-c971-42e3-9a59-0163dbd63a62,4
2139,0ccb7fea-ebe9-409b-ab8b-6f07ee062095,2
2150,43253760-f8d3-4f1a-8365-47bbca701fe1,1
2152,54bfedc4-e5bc-4a9e-a066-dca6e710fef0,6
2155,87bcbfd6-dea6-4b60-adf2-a2ae9793b7b5,5
2156,c06ab35c-8145-41c5-9aab-3d9bc9913890,5
2163,11911e06-84ad-43d0-be2c-bb0209786acb,6
2195,555d6850-5231-424a-aca4-d88d668e9ab0,2
2221,dca113d4-9670-43aa-b4d8-91a543f9a83c,5
2226,66b00e22-cde3-476f-878d-b58e685fe884,4
2228,7eda431d-9b3e-4954-bdeb-1154513f53a4,2
2246,d45e07db-6c7c-4336-8d18-f85d8debc393,4
2249,37b47893-407f-4f03-bd3d-d41d8cca7e50,6
2259,b58c9b9b-6ef1-482a-8ae2-467c3974da07,6
2279,efa3c837-28bb-465f-898d-34cc6505ecef,1
2288,c71376f3-f03f-4ef2-acdf-a099b714bc96,5
2300,a9435a83-1b87-4184-b5a6-34e339f72ffd,5
2302,d95ca08e-013f-4194-a06c-b4a3fe81aa98,1
2305,a603d2ca-1377-4979-ac49-b6ae6d747465,5
2307,cdddb5f9-cf96-46a7-b52b-ee3596810bc8,1
2308,7a2cc1e9-9bba-4370-80ee-f530ee037df0,1
2315,43b0f3f1-f684-4451-a1da-34205e87a302,1
2318,700131d1-4103-4690-be07-c30ec8a3ce73,5
2321,29555ad1-198d-4c63-b816-89344ff2e426,5
2327,1c51edce-7620-4f0a-befd-5b8c4b65a341,5
2356,189e25e5-0dd5-4403-834c-ed52b8a1137d,4
2365,ef87f10e-eb7c-4da2-a33f-893ff3366523,5
2368,a26f475f-166b-4d7a-bcc5-c3ae71ec28aa,2
2370,90978de1-2cff-46c1-a1d2-e17cfe6f9158,2
2381,b0a01ab7-c85c-4912-a2c0-4792bc620606,5
2404,d25285fb-f059-42a5-a66b-aac31509c7cc,2
2415,10bde418-9feb-4156-b605-f5435b4387fe,5
2443,ca75e0a7-a501-47fa-88a5-0f8d8753a344,5
2453,d8f70290-e52d-4d41-b11b-8c6018a58fc3,5
2456,1c033287-a37e-44f7-8798-6c1e9a6541a0,5
2463,f0d41955-8a48-4049-81ab-03b735357bf3,5
2477,21114277-a203-4a34-821e-089acecd6551,2
2497,9c7be4a5-56b4-43fa-910b-3426a6296b22,5
2501,34bf30ab-1967-479b-b305-9122d5c1bd9e,5
2511,92add824-94fe-4e40-aa22-c53fa34d1ded,6
2524,83151e4c-97cd-4f98-9948-dd6b9fc4617c,2
2525,a11ea320-d28d-44a1-b1bb-b0a19c338425,1
2526,373d812c-5ed5-434c-b350-4ed306bb2ca6,4
2546,d1e96a74-0a36-4be4-b07f-581879f168fd,1
2557,cea07894-8874-4430-ba56-1c0aede4b7f4,2
2560,3c492573-8fda-4d28-8cf8-d3aa0431b9c2,2
2567,b71251ab-aad6-49db-ba00-d667c03c9639,4
2577,1df63a4a-5c14-41f1-ac1d-43dc1518ebca,5
2595,912f02dc-f064-4c5f-ac58-81467a400c65,2
2598,0d78567f-12fc-4d4a-b793-3d543f0ecf1c,2
2610,5c262edb-23d0-463b-8329-1ba19ad0775e,5
2611,318b0557-c9f5-4c2c-840f-610fb1c0edb0,5
2615,4ba9dd9c-8fa3-48db-8784-de3562c18721,2
33,504528bb-d03d-4698-a64d-90a4e0d69f01,2
35,40dd72dc-a9ca-4c05-a811-f8f22b18c0b9,6
39,74ad3197-d769-47d7-aae3-eb1c361b1bbd,2
44,54e1368a-2506-4d0a-97ef-783dd70bcbcf,5
46,44191a17-009b-469a-81b5-b7471953b6ab,5
60,cbf4858f-a3e8-495f-8ad9-09941c3b18cc,5
62,7c012967-0b90-47ce-957f-22606aac425c,5
85,c047c1c7-8791-463e-bbb1-bb28c34129bf,2
86,b71597c7-57b3-4aa0-add4-12cc94d5b67b,4
89,b2afb61b-4b9b-4cea-a10b-2cb0d5205cc2,5
94,cba52452-0f2f-4b9b-aa14-c15850182ad4,5
101,20ff28c9-02d6-4a36-b107-290ec4ba4c6b,5
121,f3429fad-869f-46bd-8242-7e50dae122e4,1
127,90f94aa4-6fcb-4db0-bdbf-c68ff47d6998,1
139,6c934d67-00f2-4e98-a05a-816c32d1ea8f,2
140,ec0cc1eb-0876-4969-87e3-785aa29895a7,2
159,381da1dd-0a33-4de0-8e1c-043b0ffec6a4,2
167,3b3fcb1b-03bb-4e90-bc5e-de79fcbbc830,1
210,5bdbd61d-a6da-459c-ab21-466e171733a7,5
211,37b1a229-91d3-465a-8a97-0a8658121f0d,5
213,5d3d49d3-0f44-4599-b166-013065734be0,5
216,33b34818-3987-4efb-ae6c-b8f5c57b4ab4,5
218,2bb4c54e-f932-4c80-9645-5a4e957e711c,5
247,0e701cce-10af-4d13-bcdf-9bb46c3dc9f8,4
248,078267e2-e393-480f-8319-0b1ff51d3a97,4
251,78834633-adb5-4e14-b08b-ff49ceea521c,5
266,f9b40310-4b19-4186-a4f0-c53406eb6c60,6
269,805b541a-5de2-4a70-9dcc-be384af5d646,4
279,6bdca25f-c0d2-45d0-ae6b-6fd7c4c921a7,2
280,4c8b73fa-fd06-4a69-afb3-981593908728,5
292,206d10cb-b564-40ab-bb44-c95014e2a061,2
306,b8841329-d030-413d-8e94-be3e4892d81c,4
308,56e03019-9c5d-457a-8b59-64435e7f1b97,4
310,2a96297c-6263-4f3a-9fb9-43488814d5e1,5
336,d170dcb4-d551-435b-89e4-966ac4f42ed7,2
365,2f1f589d-863b-4099-8cc3-3f923274f2cc,4
372,cf68c98e-046b-4e12-a3bf-b52b8153a2a9,2
374,91ca8a34-75bb-4b12-88eb-a0373be447ea,2
378,bdcdb8fd-fd82-4925-8ae6-cd07169fae60,2
381,8bec81b8-b0a7-4def-bb2e-b68da3540ac7,6
385,c4117cdb-efe5-4417-83e5-a74899aaee26,6
396,b5f52d6e-10e3-401f-a69f-e996759a22bf,2
420,24bc80ef-3ce4-40c7-ac52-9d541e3e12d3,4
426,6899be33-db29-4cf6-bfa0-bd3dc71f5f1a,2
1972,b9c45dd2-6bba-454a-b495-02b9c3cc7afd,2
456,f6d5c02d-315f-472b-873d-6acc6ba630b2,4
462,7dc4ffcf-fd64-41ba-b0b7-9a8d814959f7,4
469,b09e1492-4e42-4ef7-960e-d78e65021cc7,6
475,1c8113e0-d66f-412e-bf6e-bedff8458505,5
476,a709fd0f-39dc-4372-8e8c-ab7acbc108ed,2
485,30dd1567-aef7-4f82-840f-d7675c3871cb,6
501,532012b7-8a0e-460e-9958-444dbab0037a,4
505,c54ffc40-7438-43fe-91bd-6764e01274c6,2
508,c9982c6d-fe3c-476f-8e94-3645ad3edc7c,2
516,21048305-670d-4687-b952-4580764c0c7b,2
520,af8fa7b5-9fde-4491-b9ab-6190d1dac556,2
533,ab94eede-9d9f-4cef-a93c-c2f8b896c695,2
541,08bdebc8-08ed-41f9-9f8a-129ee6c4789d,5
550,9ee9d65b-399e-45fd-9a50-fac3d40ee051,5
554,62818b98-782e-410d-8a9c-969547340630,2
557,e527d77c-367d-4266-95c7-d5408f466833,5
583,e3001d61-0dca-4c7f-bf60-9dbdf09872dd,5
589,4b33ffb7-ecf2-4d35-b83a-ba68fcb13d3a,5
592,7e9da6ec-5d2d-40a5-87e2-994cfca576ff,5
601,5fdaedd0-6378-4399-a804-e6178c7df3c8,4
608,b023678c-7e67-481a-ace3-93b02164982b,5
618,98dfc1e8-3d99-4be9-8d51-d9af98ba7fd0,2
635,9a6d7da6-e487-4dfd-82e1-a89e61a434c9,6
636,c3a0723a-565f-4c75-b84a-47c6a6e0da43,2
640,6eb72c20-dc4e-48d4-9228-e14c9c55a4ea,5
651,99bfffda-dbd6-4a62-955c-8e6f121cbf56,5
657,9a9341d3-be8d-4fae-ad8c-fe41bde38ff3,5
659,6ef86e99-3682-47f5-991a-908ca8c4edc3,5
666,a671a459-d4f6-4859-a4df-e3e3ba42fa3f,5
695,5850b19e-0c95-41f2-ba22-85c68ea6114a,5
698,00595cfe-c7b2-49bf-85c5-084ea0bfa2a9,5
709,eae90678-2d81-497c-889e-2b16b905965b,5
710,3bdbe41a-c124-43c2-afa5-8ef8675ff040,5
727,8d973656-c753-4acb-9f26-bd1d5489032e,2
729,5f89fd8c-9150-4710-b933-22f7f200b3ae,2
730,ed9cbeb6-c849-4f9d-97a7-846c0d51b8a4,2
736,6a6d6c7e-fd0e-4926-b73e-ea3b03a9e995,4
740,12a1dd80-4932-43e6-8b31-fea3481f78e1,5
754,df34abf3-1bc1-4ef6-85fd-3591944cde08,5
764,81576dee-828a-41fe-b70a-365043a15f44,2
770,a65aba2d-bdee-4109-bf9b-4d57e673ef15,2
774,51b54b31-66a6-4f86-910f-3116762d0d62,2
776,6e3b2ce0-c20e-4c5b-94be-b9d1ca89196f,6
807,903ea1ad-5532-4bf1-8e3c-1a0b74dea051,5
809,234fada3-2863-49d3-9da1-008eb05897ad,5
810,1feb5ad0-b9db-4344-959a-c6a962ef1e8b,5
812,3be28f55-e7ab-4dbf-b6a0-0340e6e3e8ed,5
825,9b75c87c-843d-4ecd-8189-511fb346e2e9,5
832,f4b28f9f-e3c8-4114-b790-076a98b554d5,2
835,ce6396e4-66bd-43d8-93f1-51b5f9ff8891,2
847,76669ebb-4a04-456e-a894-e119d2d36080,2
856,ba40dd9a-66e9-45a6-8a1c-36e9a304e116,2
860,4dd3b0eb-03eb-4083-96db-b1c351456be8,2
864,9e57f439-0ffa-4625-aae9-0389ca23e249,2
875,04ade1e4-5db6-4f1c-8c18-e5fea7796b31,2
878,c74426ee-8208-44e1-815a-854f66da3caa,2
884,bddc91a6-0a64-41c6-be1b-24bf5d5c3257,5
889,5998fa4f-9271-49bc-abdd-979e391d57ad,2
890,99d34ef0-e9fe-4d27-9a9f-d51c444c6487,2
894,0013e233-e5c6-4c55-ac64-ce305b9e5d48,4
897,e888bcfb-31f9-4fef-a36e-c05ef4423518,2
905,8269e667-ed5f-4e91-af0c-ada13e366d2f,5
908,772da00a-eb36-4727-82da-e80c44f7f389,2
913,0d5cbb25-6fc8-4f2b-89cf-46cae08b7a11,2
920,3a9fe64a-0382-478d-b29c-989e01ce2913,6
926,ad6d4f2f-cd1f-44c0-bf10-399066aed463,2
932,effe8931-9f19-4c66-96c7-b2ae482cf219,2
954,75a0e0d2-bfdd-41ae-b55f-816ca58034f2,2
955,a6fe3f82-57a5-4b68-9a02-68701d23da5b,2
962,ed51dbed-35d5-4a81-99ab-fd8a3862c424,2
963,4d84c4e9-cc79-478f-9a17-33c720da57ab,5
971,19a0572e-2eb4-4ed1-a0e5-c2b38affca3a,4
975,92571d83-c95c-4aef-99fd-5bbcc261969e,5
990,7048f807-78e1-46c8-90b2-de79877338f5,4
1001,25fa1c85-2fe2-47a8-98f9-84636502f8b6,2
1028,9149ddcf-2dc7-49cf-9ab1-51cd900cda4a,5
1036,03df9f0b-6ed7-4819-99d3-b4fe3cb93079,2
1045,9d5aabf0-2f58-4b3b-a2b3-00934c4a1684,5
1053,3d791fc2-1825-4914-b3a5-3f5ac963cf39,5
1056,c7a3bfcf-8764-4120-824a-11a7aca6bdc6,4
1057,6f317484-3cdd-4d89-b62f-da3f5e596617,2
1059,df4285a5-0b7f-49a5-a52b-5f8e29090168,2
1075,1103aa8d-6e14-40a3-87a3-1c7e509e609b,2
1083,7b16dbcb-6511-4923-9ff2-9e1533986927,4
1085,73e77a2f-b99d-4f24-bd4d-19ab1d7934e2,4
1086,a3e6a916-1aa5-40c2-8efe-8adc59e9bfa4,4
1097,9592a1ef-ab00-4029-bba3-cb98b2634654,4
1111,d822ae12-1dd6-4a6e-beb4-d4cf27fe9470,5
1114,235e70f8-7069-4834-bc74-235fdb3d4cf3,5
1133,c4fd3786-6c20-4384-81ba-888628376464,6
1136,afa132a4-e7e9-4924-aae0-319ff3a9b557,2
1167,90be4c35-f7b0-40e3-bcb3-6e65ae292a08,6
1170,4eb12d79-947f-4e68-9f17-dfbea251fe07,6
1175,879111ad-00bf-4254-97a0-1d9ed550e680,2
1178,a62e8b2d-ed08-49c6-8a2e-46a53ff6b1fe,4
1189,dac88b34-55f3-41b1-b580-81df9fde8221,5
1279,d3f6d90d-aabd-42a8-b7d1-d816a1e30417,2
1201,49ea4603-75ea-4bc8-b2d0-cfd2c311d7fb,5
1202,7c38dc82-9e5b-4b0a-b388-f6d1ea1c77ae,5
1203,bc906c41-98f5-453c-bf58-b962be22ba01,5
1206,b3a00435-268d-46a9-b0b7-c06469f0e3f9,5
1220,9aa6cae4-3c30-4f0a-863f-ba6db14927bf,5
1227,4888bf61-9683-48e0-9696-9106b4988cd0,5
1228,56898046-4d3c-4b24-96f6-c23d190298da,5
1251,dda3bdc4-3d09-48ba-b3d9-0e05a5a74d6c,6
1253,c277c465-89d0-4623-8a8c-a445aa1400ea,1
1285,5c0dca3e-6f19-4d3e-afa5-ac789bb39e86,2
1290,426c5a10-1657-4948-9685-070cf3e29da2,2
1297,8a3d6321-470b-445f-b59b-2784cfb3323c,4
1306,f3287635-f13f-4d7c-9649-4de2bd758740,5
1310,13b58d4d-2aa4-47f4-b7cd-978dc415d697,4
1313,142625d2-ad3d-4ea0-8df0-c734ac04d1c2,2
1321,34680fea-c1f8-4346-9576-f96a204282f2,4
1326,2bb9eb16-5fc2-430e-b3fe-022cd63ee728,5
1330,922731bf-b790-4126-9811-4dd50ec5aff8,4
1335,3ff63a9d-30ed-446d-9db5-8857dc17184d,4
1350,ccf62634-af0e-45a9-9253-ce3569b3f9b4,5
1353,d4b49ad5-25df-4164-9327-3284e1e45242,5
1361,5a0bc834-94b4-44dd-8f8c-19bd69bda08c,5
1363,2c7e3e7b-3b13-45ed-95b1-66ddae193747,4
1364,e5d8e8c2-c2a2-4dde-a6ff-9410138b2b5b,4
1369,d4893563-7f93-45a2-898e-8e982c59223e,5
1373,bda2cd47-8b65-4545-8499-ca9db912a58e,5
1375,0314bb68-1b6d-482f-a0a1-18c48395c47d,5
1379,b4f9ce25-0451-40be-8712-aa3a9c7c8a01,4
1382,76ab2562-293c-46fa-84c5-e55a050cdca2,2
1396,597c0d37-1a23-41e7-89eb-4691b165f0b1,2
1398,93d49ed8-702f-4428-84d6-0e98fcef6d28,2
1401,781562f3-aa8c-4a4c-8b21-1b13e614ee5a,2
1406,29218e53-0d1b-4757-9446-a72ed86bf395,5
1416,40969cfb-e0a2-4a16-a0fb-ac3d55fa4c01,5
1421,f740d3de-c818-4ad3-a021-3f714510c3f6,5
1433,d9e51856-76ad-4abf-abae-fb9c520daf8a,2
1434,a4646465-6131-49f6-ac90-ad405cb49918,2
1449,5be01a68-7dfe-4dce-ba1a-15965ac1a505,2
1451,43440594-94d5-49c1-9717-4e88a8b082e9,2
1452,da3feb96-bfbd-4d4a-98af-d0ef491abc85,2
1456,515b5ae2-0104-4b53-9cb1-962aca83f3d8,2
1465,d35111c0-a020-4bf4-b9ac-261d2f950e1c,2
1477,8ed02f65-a99b-4c18-8bb1-549bc814afac,2
1488,86859ec8-0ac5-4cb3-adcd-c3ae4e008878,4
1494,352464bd-8598-4be1-b98c-f34912a424b5,4
1499,72ac79eb-d955-4a7f-a960-f5e00224999e,2
1507,20294dc6-84de-4476-ba74-383f53c28008,5
1514,86d1de5c-c3a2-4bb2-b295-619c3cffad3e,2
1515,86d1de5c-c3a2-4bb2-b295-619c3cffad3e,4
1526,1d8020d2-82e8-4b98-a8e4-b83e0fc3c7fd,2
1534,c267387b-3aa7-4635-a216-f659aea2cb34,2
1539,45e82c82-b0c4-4e09-aeb4-59763c8daab3,4
1554,efcbd20d-799f-4859-a26f-c8b5a0a322bf,2
1567,457e5fe6-7e33-4e07-a05f-cd1bcc80a57f,5
1575,e4b0b153-7a7c-4823-97d3-f845cb100763,3
1592,e3e0c8c0-1581-4203-9dda-dae2241baabd,2
1594,d758b1c7-400c-4f31-ac71-95fcc4194914,6
1599,a6ff21cc-d2c5-4325-b6a4-2941b0bdd0aa,5
1602,806ca338-474f-426c-b49d-eb7a6047af91,4
1609,e143ec81-ef65-4e10-99cc-134a921cbeb4,1
1613,890cce9e-8fc8-4f97-9535-7b697ef6e551,1
1615,ec207a99-5ddd-4a64-ae20-c389fde53bb2,5
1621,a4881730-ea52-456d-b5c3-2401875e9f1d,5
1628,416a56c9-c942-492c-848b-ac9251f0f5a6,1
1644,ce0f2e00-bd8b-44f0-afaf-3110ab47d4b5,5
1647,318b4a31-5495-4fb8-96cc-b32b3853783b,5
1649,e36af380-896b-4251-a589-19f5186a491f,5
1658,1bbc11b7-ebf0-49df-8a92-783005635d0b,5
1677,bac64fd8-18f3-4164-911e-9f0f25f8655a,4
1687,a38a8660-22cc-4a9b-9861-795089523747,2
1688,4dea212e-5cb4-4bff-b1f9-f92af499d188,2
1692,85a3a93c-eb51-4c99-a668-31bf4990da69,2
1696,e00d7456-e63d-4697-bd16-dd10bf304cbb,2
1711,a6d823c2-67e7-4217-a2d6-108fced80e22,2
1718,e133ff64-592d-4965-8bcf-3ad73fc1ed4c,2
1722,2934eff0-9d68-45df-8c12-49557e0212e6,5
1733,6dd5adfb-9068-4b4c-bfdc-2bec85692b9a,2
1738,3075187c-6326-4c4c-b424-4b7f2a6179ab,2
1743,3999fb7c-a61d-4058-aa7b-be0355c57726,5
1753,00acf904-d14f-4e68-9ad2-81c79c665ad7,2
1764,781765c9-c0f9-4d43-b843-10e62c222364,4
1781,f5afcac5-7376-4ca1-aa6d-2667317c8de5,5
1784,079d2f6b-76d0-4af5-b546-58fe6e73decd,2
1785,12785e6c-d82f-485b-9a83-606532c8ac57,4
1786,591a8cd1-88e6-44f0-a7e4-67961c85a0a8,5
1795,afc0f503-98d5-45c6-b93f-64769b17a5bb,2
1809,41eae049-b304-4807-84d1-a727009d54c1,2
1813,3f77eb56-940f-4143-b9d2-c7cfa27df291,5
1822,71f8d37c-dc0e-45a8-829c-bc42330ec791,5
1836,7739a09b-73c4-4dc1-ba12-f6e1b5369ed7,4
1837,1366b22d-4cb0-44c2-abe6-cf8ba51b6781,2
1853,0cef8fd9-9ca4-4282-8f64-3e2d27b4397c,2
1863,251fdfa4-43f9-40a8-b8ef-8681cfc0e268,6
1873,dc5e907c-5f49-42bd-a246-1abc25280a87,2
1874,64f3f5b5-7168-467f-a9c2-9262937acff3,2
1884,b95d3ad9-afaa-4447-bf28-1dd01e71da41,5
1888,d604cdbb-b94e-4e0c-804d-abbe9283a280,5
1893,7c636025-80a8-425d-9271-c4c9bc31c799,2
1897,1ef9f3e3-660a-4d76-b908-22bc9d76ace0,2
1898,f2fe5a1b-2a11-47d7-b509-6fcb5e77fb23,6
1907,14a82f58-6cc7-4c24-9fa7-9dab4184d41b,2
1908,028064ab-2e33-4ba1-a67a-a9f983759201,4
1924,8082a1c5-c9a4-4e2b-b882-c32299f999e0,2
1925,2975139e-640c-4804-a831-a1dcd8aca1f1,2
1966,7f4f364d-914b-4be7-8bf9-d94f64293313,5
1969,7411f5ea-df29-4344-bbd2-732a8e653b4d,4
1979,15b61353-6b5d-4bf2-8a0d-398d6bfa0cc3,5
1999,5613d9de-9514-4d0b-99b2-ecdc23df650b,2
2002,27035a7a-371a-4893-b206-58a244bd5d49,2
2006,36eb003b-88d4-43e6-9b86-539bf90d063f,5
2019,da66c044-46f0-442d-8ea9-b8cbd9ed4c02,4
2036,89605dbb-bbc9-42d3-b012-92db70b57a83,2
2037,9ac5d353-65c8-4f97-841a-07ddeb0e334c,5
2043,ed80a817-8cd0-4782-889d-cfe861bab2b6,5
2061,c30bd7ef-05d7-45d4-bc61-03a19d0f66da,4
2069,ddcf29a2-4007-4fc4-96b3-b538224b5091,2
2071,d2738ea6-bda0-4767-8fd3-7c48ee2f40e2,4
2606,2258ef32-9276-4c5d-aac4-4b49a021b500,2
2090,2a638412-411c-47a2-85ec-9e3b3a7dc34e,6
2096,2e28024f-cefb-42c6-950b-f60a3dde54f1,6
2097,b1e7ed19-1779-4c3f-bfe2-d740de037dde,6
2107,9b697b44-755b-4d4e-b938-e23b3415f88b,2
2108,4ec5126e-b6dd-494b-af63-2df66dccf37b,2
2109,cd8a039d-8624-44fe-a276-3d2e1c8a4b03,6
2115,cb5367bd-ac64-4bf0-ad31-33fd2c1342a3,2
2124,ad9f9f7a-0ebf-41fb-9876-91f71ae340eb,4
2128,df3c1947-3395-4ad5-a0ea-e072a123b3b7,4
2133,d977bdd6-e64c-40b0-984e-358e4e7a3699,5
2135,bd8e40dc-a1fe-4edb-85c0-e25f4d71e16c,2
2142,03aba07e-b725-4adf-94bb-b01340ce5967,2
2151,3966f4df-a44e-4ba3-aeb6-1baf95db5063,1
2159,61411709-aded-4abc-b54b-2d8265af1514,5
2167,1b848e32-2341-44b2-9cf5-bdbf13cef587,5
2169,85a1bfee-0ec1-492f-84bd-39377fb9ea72,1
2189,10cb59bc-ce60-4d4d-93c1-55278b286068,3
2202,e4739ac2-102f-4f02-87ce-bb7b7c645bcf,6
2214,77848078-2b2a-44a4-afe6-da0614b80441,2
2222,2d032c84-1d45-4670-af81-b55a66e3cd1f,2
2225,171b5562-04c8-42e0-9990-e4408d46ad4e,4
2231,f4cc946c-be25-4d45-a3e1-49fdbe59df9b,2
2233,97e7f6d1-1a5d-43dc-b328-76daa581890b,2
2241,67e852c5-dac1-4ac2-ae91-25336da17686,5
2255,50a169ea-91bf-4910-b487-a88cd0ad386a,6
2261,5b674d22-6856-4e0f-a41a-5e143661b749,4
2267,65460372-1b59-4d2d-811d-5c6971e7d4d5,4
2268,58a0f983-9155-4660-b3c8-4a1db00d740e,6
2272,987b5f33-82e0-446e-8efe-dd0183cbe74e,5
2274,3af603b3-2dbc-4473-8a2c-9233cde22748,6
2283,1dc7cab4-56b5-4d86-86a1-22395aa1e4c5,5
2290,4cfd9e15-560f-41b9-886d-9ace7012ef95,5
2296,254a4e89-ab1f-471e-a04f-3de1dee2ebbb,5
2297,64911d3c-8737-47cb-8656-418d82c81516,5
2309,7ab21c16-5d76-4d28-8ba4-d69f0334bcbd,1
2316,d2b61fb2-e895-4411-b0a8-198235db2bc0,5
2328,0abffa79-1ee8-4460-afae-f097ff531caf,5
2334,84e3e013-128a-4b61-921c-dc990cf72148,1
2344,c9fa1550-d4d5-474f-8a85-bfc8a3230b15,6
2353,7ad2580b-68c2-4a49-875b-b98f00e13abb,4
2354,208171cc-e7a9-490c-873e-64f23e6da352,4
2359,f97f0e98-a486-4fef-8af1-c9fc3cb2c8ae,5
2376,cb80fac0-3343-41ad-a6fb-0293a19a8b87,6
2379,5de66dfd-3ea8-462e-b912-fdbd125bd3d1,5
2382,1070f56e-9777-4a75-9461-58ca7a8a3abe,5
2384,0e5488f0-e23a-4954-b20c-2b2947db2f91,2
2387,116c9ac8-95b5-49c9-859f-e6d208c7d34e,5
2399,a12a4651-431b-4f4f-bf18-3292378f8869,4
2400,c39e5b6e-1f1d-4899-94eb-0f5eee9bb55f,2
2403,48c54ef6-e327-4319-b3e0-90bf84ac909b,2
2406,4b06acff-b7de-4176-b19b-3c8ae0cf6e9d,2
2409,d0f8cb3b-4204-46e8-ba10-a3ab75987f80,2
2416,fabd5e41-319d-44d6-9b69-120410de3adc,6
2431,6419b339-1a6c-4d24-b41d-6ebfd7c94e5f,2
2433,866303db-a942-4794-9fac-eafe0e88a4a2,4
2439,4c1a3ea9-958f-41f3-b8aa-c3bb7681beae,5
2465,e9ef2552-56b0-4c84-80e9-991483738939,5
2469,d1c356a8-82fe-4bf3-8465-9b55f25b1e67,2
2503,7eb4f525-3fd2-42ab-88b0-ce77726aa9d5,4
2538,6d7aa9f4-8ec2-4b2a-a856-cfe9b6794633,5
2543,02a8121f-ed16-4e43-8ac4-79f748e7384f,2
2556,a5b3f2e7-d0cc-4a2c-ab4a-3fee62b48d1c,2
2559,4afe8c82-d44f-4349-a2db-83857ffb61e7,1
2583,b4c61d5f-b540-4641-8727-4acce7473538,5
2585,d65db93f-3990-418e-bc09-c7722fab524d,2
2599,69269ba7-435b-4371-b57e-d8cb7461de92,2
2600,c5875153-cc2a-4bcd-8af5-8d053252aaf2,4
2601,e003cc2f-b389-49c3-9822-f3854e1f4337,2
