id,stockitem_id,animaltype_id
13,7b97a614-0731-4e69-bfbf-8c5cbbedee90,2
21,419d39fa-e8d2-4d80-bb68-cab0845a59b6,1
30,621ef25d-f057-4a90-9094-c398799bf02d,3
41,994a73f1-d5ce-421a-9602-90c0132ca07b,2
45,9656cc4d-6339-4202-8f8c-9e4b3a61231f,1
80,cd3909f1-9174-45ce-8432-cfa424615647,3
88,a97afe76-de16-4188-a5ab-806d9f5a737b,1
100,1f1d842a-e90b-4d16-a89f-25e058f5f027,1
103,76bd5ec9-36d3-421b-9ad2-8bccc338b97d,3
106,366f398a-78a3-4eef-8a41-ebadda0dbdbc,3
109,5a3ea66a-f686-4dba-978e-82a00a0dbf58,1
110,5a3ea66a-f686-4dba-978e-82a00a0dbf58,2
111,5a3ea66a-f686-4dba-978e-82a00a0dbf58,3
122,274644d0-6784-46d7-b75a-0e1c681a0882,2
125,91d8af5e-51e2-4116-beb6-9d9bcee61976,2
143,ca6081b8-4ab3-4c49-9973-c70540db173e,3
144,7743f91a-9efe-4a7a-b0ec-6a9cef913769,3
152,f317d4aa-eeb4-4858-8c43-3cb431ee08b9,2
170,b51bfa29-27be-4ba4-892b-51e6ff8fa6e7,3
185,059da94e-3ebe-46cc-a74e-8773d720a20e,3
194,5649f44b-5a74-4d25-a938-e345cb85fc5e,3
206,294b8494-586a-4057-8ab0-7d6858664ce3,3
209,e3338eff-1a23-4176-acf4-64569c892c65,3
221,f7fdb517-6405-432e-8bac-9cd3e7873b64,2
228,85535b86-ecc6-45c1-80fa-0708eae5a86c,1
230,13956ab2-b332-4b55-8972-48f07d7a97ce,3
233,53d1094f-d6af-4bf5-9961-06ea512fbfdd,3
238,f449b750-10c5-45ad-a926-e201c0166a99,3
240,a553cd6b-5436-4811-80fb-1bbaf3b88112,2
242,3863d3b3-616b-4275-80af-40d85a348f46,2
249,3202ae42-8915-435e-971c-ea39b7b2da55,1
256,8b79bc40-4f04-43ec-9aa8-f2f033078fb1,1
264,823db0c9-ba71-412e-8879-242cd4c5a5f7,1
268,ba2a0ba3-a47a-43cf-ad31-cfc2f7de8e16,1
272,09c8bd1e-e74b-47a8-bec7-2acf63fb92ae,3
282,efd915fa-ea36-4c4a-a4f8-7668065762ee,3
291,981d447d-cd48-447c-be92-2705c8ac06da,3
294,af97d795-5435-4604-b504-9d0aa7d94ad4,1
2417,ea281a54-9efc-4353-90cb-ac57b5e7d7c0,3
303,7e5e3ac2-f0de-4869-9a02-34cb80a10452,2
307,e22b7d5f-683e-42c5-a1e8-76f850f5e605,3
325,bd40a72a-95fe-48e7-b45a-4e365bc2754c,3
326,485aea69-beb7-4a4d-9c11-5f6121beaab2,1
329,3435e0af-6287-4009-b691-ee0be4afcc19,1
337,1195b967-0034-442f-b228-9d5c8625ac2c,3
339,186cce6b-306b-435f-b95a-5ba046738024,3
360,4b5768d1-714a-43ba-b49e-5c4b3d692439,2
362,ac469521-54be-4377-ab3a-e3e71605ab61,1
393,602e5b5f-cdc4-44f9-b0cb-96ace16804f1,3
399,a3611cb7-8086-4870-a119-a926ef18bebf,3
415,8e2b5ddc-6b97-4d03-959b-0a8d937846bb,3
2418,b7324f71-5ab2-4699-bef3-c9a3aadeffcb,1
2421,2ee4bae3-e133-40f1-8723-8842b3b2bf5e,3
2426,adfaebf4-2f7e-441e-ae8c-f97d19719a6c,1
2428,adfaebf4-2f7e-441e-ae8c-f97d19719a6c,3
437,6d2a0892-6705-4db8-b2e2-52c179f9f868,1
438,6d2a0892-6705-4db8-b2e2-52c179f9f868,2
446,77d58adb-ea67-4668-ad6b-9ef459bada97,1
457,44892b4b-b5b1-4387-a9b9-4cd2e1386b56,3
466,0705a940-cf63-4e3b-983d-c22858d0d2f1,3
474,844226e1-b279-4ee6-99cf-a51f802c1d01,2
477,068db4a7-1c48-4b34-b520-6c432ac3a6f3,2
482,7ad24178-8215-4864-ae98-03820e4bd64b,3
484,f1887025-64f6-4848-a1ec-d49c08f3cd42,3
490,65264f98-d21b-414f-92be-55635246b12a,2
492,657a14d6-ab68-4c93-8f88-650d14f4452d,3
518,c9ca9a89-8c1b-4fc3-ae7e-9a5b9d89fc50,1
524,e93acc53-2826-4f75-8432-a2c3ef613f8a,1
532,48a0f16d-718a-4bf4-a3d8-b26d4b7fb541,3
535,565e965a-285a-4ff7-8e4a-926f851efe97,2
553,8f5f0d48-e82d-4ef6-aff5-54605170e52a,2
561,ad406309-6f08-47d4-b45f-8cc6b156217b,3
570,f3a6f91c-de1d-4cef-9870-228e3c03ebeb,3
584,9bf0550a-22ed-4d32-8803-b76b878bacac,3
585,941f3e1a-0e8b-4d0d-949d-140d0d2807eb,1
637,ca8faafc-82ae-487c-a3d7-106a883782ef,3
642,b48082a3-f50d-470d-a566-0f7fa524d844,3
656,aa0f3c4a-21bd-4d8b-bf7e-1209560db28d,1
658,d9ef19ac-b597-4325-aeec-401b83789a00,1
663,fb187c04-3871-4237-896f-ec23c1c52e84,3
674,e59ccbd5-0d2f-4f39-9f9f-2d5d832eb8a5,1
678,7431ba66-89d2-496b-a055-714eb0b38d85,3
692,25efb0eb-11c6-4e15-97ba-0cfcc173045d,3
696,c66cf826-c083-4323-841e-a41b4320c7a6,3
699,123db548-a1b6-4f72-bd3d-1f4b985282ea,2
700,123db548-a1b6-4f72-bd3d-1f4b985282ea,3
703,54f100f5-6520-46b7-a3a6-f949942bba3b,3
722,fdb6b606-f95b-4725-8b58-15c62ab5426c,1
731,1cdeba4f-48fd-4367-8f29-605dc42e2644,3
738,91de0d6e-2227-4620-bdd0-bce3ae5631b7,2
760,cbcdfad4-2cad-4cc2-b612-61ed6d02b73a,1
767,9bfba64b-a9d7-47c3-85e7-0175957d5efb,3
771,bf16527c-516d-4ec0-984a-3a9e3a6c2089,3
772,31867282-891f-4e99-8078-6d367491471f,3
782,439e73f3-5fc9-404a-98e5-b121a6f29fae,3
787,cce07960-b78b-4341-9fe8-79805fca21a8,1
788,cce07960-b78b-4341-9fe8-79805fca21a8,2
797,86b3632c-127e-44e4-95bf-e735fb578a2e,3
820,0667743e-125d-4fe1-8dbc-58b77c03b259,1
823,bbca88a4-995d-4a2e-9c8f-53359f08ee6a,3
838,4cd2937e-5169-4f9e-ab57-f4cd7ffdcb72,3
841,50f8f790-97ae-4ffd-be0e-13145d45a455,1
850,e6ee0c0e-63f1-42a8-a9be-241cbe51ce3a,1
852,5a7a380a-a3a3-4a9a-962b-ad4798542568,1
865,be70c5a6-83bf-4254-9007-075c52d78d61,2
872,737ab962-e6c0-446b-9b22-10964561ebdc,2
879,26379bd0-c9be-4d76-a995-5cfd4ca49d75,3
892,72ab6ef3-a4c3-42b0-99e8-59b52584a471,3
893,1a6c3f6b-e30e-4514-afb4-05505a028a9d,3
898,9d0a5d70-d4fb-4fef-96b5-f00da83fda83,1
903,7e49b31e-268e-46ae-8081-8f9e9aaf9792,2
907,fb9cdc70-3041-4b7d-af0a-bfb12d4ec80c,3
919,867608e2-becf-4897-b15f-4bd25a0a075b,1
923,54aa2cef-7014-4623-b2d1-12705f79d7d6,1
929,85fb9bad-0dde-41d6-95ca-15965f8d2eff,3
953,4af82f8e-6872-48c7-baf3-0199f1e64ca5,3
961,6cb5d5e4-9678-4cbb-b1f3-2d9fd66260d0,3
966,56381c05-fdfe-4d68-89f1-1e5dd1877e14,3
972,17bc6fb2-f4d8-41c7-a816-d55f04361c9a,3
974,20857d3d-4720-4a36-bae8-832900843ef0,3
987,def6e854-1dba-4206-8ddd-d3923507fa1e,3
988,ed91e641-2006-4a9a-a83a-84bb167bf607,3
998,97a25772-8c9f-407f-a6e5-9b463548d2bd,1
1002,13e6569f-6c2c-4798-8217-2eb15bbe5f67,2
1005,5de171c3-3377-4f04-9608-ca7c439d7ef4,3
1018,d14edff3-6a31-4dec-a7d4-b901efcd9233,3
1025,117c2fdb-e666-47f9-9c5a-4ae9d11929c7,1
1051,2546c1c8-50c5-4ba0-b840-a29c54fcac7f,3
6725,c34b9e69-1a86-489d-b973-d4ea124c5850,2
1084,a802e437-b8c2-4b00-9ce7-bceb2ef20fea,1
1090,207f35be-5fd5-4b9a-a0e3-c720de29481b,1
1109,e8488180-1612-4022-8ae7-a0173442707a,2
1126,bced1c90-3935-46ec-82cd-8fa195e0d89a,2
1134,afa9d062-82b0-4cd1-9bd5-2299be0fa9ee,3
1141,f0b432f2-4908-4922-9625-f4e27d3e3d5b,3
1145,140eb228-0d85-4714-ab0c-4549f9792d73,1
1146,140eb228-0d85-4714-ab0c-4549f9792d73,2
1148,ad4030d8-9299-414c-90dd-82e548b25346,3
1149,e319a1b3-fa14-46ad-b68e-784ddc34e732,3
1153,6e13bc91-32b3-4395-8bd8-395a8b653712,3
1155,37260109-5e3f-40c0-820b-a00c815c109c,3
1158,709cec47-66a6-4782-adaa-68fa060b9e66,2
1173,50aa0db4-fa14-4927-b747-43b14bc8c43c,3
1184,cb4dd3ec-c8be-4a4a-ba6a-a0c68b34cc62,2
1191,14dcf743-8553-4833-8a3b-a12fd8659f1b,3
1196,a54f08a7-f71b-4b6f-a96d-9c368322ed5c,3
1209,5f81879a-745a-4bc2-ae6c-6d4e450b31f4,1
1212,112fd121-9c0d-43eb-b237-5d2f6cf3ddb7,2
1232,b9f96be6-b2fc-45b3-a899-968fbaef32fc,1
1256,8b4409e7-2365-46a8-bdfa-ea56d8568a53,3
1261,501e612a-acce-41f5-bbe2-f09a1a3dbec8,2
1264,92db4fe7-271c-4b51-9079-636abe8a2627,2
1266,68001aa6-aa32-49c9-b003-8c9c63177784,3
1270,b913ce2c-269f-4873-b542-b5f925dcf018,2
1271,b913ce2c-269f-4873-b542-b5f925dcf018,3
1278,8f4e84bf-e74c-497f-b4ce-5c8593c717cf,1
1283,f814c2e2-cde7-4550-b1dc-9c91b28ab259,3
1284,81ceef0e-9913-4ceb-89e0-3437690c0590,3
1287,567760b9-3acf-4865-a75e-d7bacf56e3f3,2
1289,dd0c9edb-2e5f-4520-beb2-2f670db2e39b,1
1292,86d9e5f4-f575-42d7-8aed-43d84bda4a57,1
1294,01ffe914-073f-4975-9383-b08770ae99d4,1
1324,5d20897e-764b-47e6-b9c1-14d87ccf2a44,3
1334,e356ee65-bed5-4bd4-8a17-ecf1a464c0c8,1
1346,8cff9509-35c1-4268-ab92-b6e10d2240ac,3
1386,5d51feb8-50b0-4881-8d3f-c6220f17d5a4,3
1391,75fd10ad-1512-4958-935d-5bfb8cdb9890,2
1395,cdb02932-ea32-48cd-9256-4b4c2ecd805b,1
1402,0dc304c5-49e5-4863-9175-dafd58322180,1
1408,64eaa04c-9240-45b5-81d0-ed1b59143c36,3
1414,d3952427-e5ee-4e06-885b-5236b0eae735,1
5,63c45ce9-fc57-45a5-8cc0-ccb6d1237b2d,3
2416,ea281a54-9efc-4353-90cb-ac57b5e7d7c0,1
33,4854cc3c-d720-4443-b4ec-7b76f9d03b55,3
35,e42be7c1-00b9-4ddb-a231-5725088c0b45,3
39,a6d682c2-733b-4714-8f3a-d7ade6213e92,3
44,6d9df586-1a3e-4239-809d-ddafaaef837e,3
46,9656cc4d-6339-4202-8f8c-9e4b3a61231f,3
60,720d959f-7c95-4fcf-b243-63cd3125b9ce,1
62,720d959f-7c95-4fcf-b243-63cd3125b9ce,3
66,d068ee46-8ac6-4599-a13f-1c954c718612,1
85,4faba0e7-2db0-4489-8d64-2868de8c9bd3,1
86,4faba0e7-2db0-4489-8d64-2868de8c9bd3,3
89,a97afe76-de16-4188-a5ab-806d9f5a737b,2
94,a553cd6b-5436-4811-80fb-1bbaf3b88112,3
101,20d39d4a-fc42-491b-9f25-b202cfac12ef,3
121,3e5b3295-0e8b-4edd-8c3c-83ef0b6b8144,3
127,18029cd7-1562-4810-8fc7-1841513a44b1,3
139,1b04ce8b-a310-4451-ab16-ffacc4435e19,3
140,dcfd8f06-24ae-4800-b731-89edb9bdffd5,3
159,edf24b11-56df-41df-903f-88cea6b873c7,3
167,128516cf-94ba-49fb-be8c-03cb4297fbb7,3
210,5c4f99e9-81fd-46d8-9d68-55dc9772dee5,3
211,9c5359bb-f713-4291-b659-38cb342d469b,1
213,9c5359bb-f713-4291-b659-38cb342d469b,3
216,6ae3fc53-c0b6-44c2-9773-920a94cfba9e,3
218,fb09af46-fe3c-4393-ba0a-e9f35814573a,2
247,f1198256-d7c3-4c56-854a-5e99a6802ce0,2
248,f1198256-d7c3-4c56-854a-5e99a6802ce0,3
251,3202ae42-8915-435e-971c-ea39b7b2da55,3
266,11a10782-8b9c-4c34-b866-ffa64522a539,3
269,ba2a0ba3-a47a-43cf-ad31-cfc2f7de8e16,2
279,8e4f4c77-f3fe-410d-99dc-22f14f1fe59d,3
280,91469343-c2fe-401f-a328-a68bc1ed28c5,2
292,ff4c2dc3-e882-4e32-870e-f29db98b5c29,1
306,6aa4351c-69a6-4885-9b53-53e9e35e821c,3
308,c8b1efe8-3c12-46ff-bf28-98f03ce1f404,1
310,c8b1efe8-3c12-46ff-bf28-98f03ce1f404,3
336,1195b967-0034-442f-b228-9d5c8625ac2c,1
365,fa80c9f6-8d69-482e-811c-0266b1c6f883,1
372,84bbef6a-6167-4f3a-a6a9-209c65d53a22,1
374,f87b842b-cff1-4bfd-a87e-bb77469d1fc1,1
378,b6b6a85d-42f9-4f0a-b44e-75263e9d4a67,2
381,866c6e49-ebe9-4f53-b164-4f7b30b1eb07,3
385,5e00e646-697f-4268-849b-ad3f4657d03b,2
394,71051727-835d-4406-a855-74dffac69c28,1
396,71051727-835d-4406-a855-74dffac69c28,3
426,83b2d217-e864-43dd-826d-3bf0aff9b837,3
456,44892b4b-b5b1-4387-a9b9-4cd2e1386b56,1
462,6a84ce30-bc28-4b4f-a79b-ca9dadde9182,3
465,82c20567-0aaf-4670-9205-24bd099db694,3
469,8da8587d-16f4-416f-b5a1-85e24fe4e732,3
475,844226e1-b279-4ee6-99cf-a51f802c1d01,3
476,068db4a7-1c48-4b34-b520-6c432ac3a6f3,1
485,a7d0ce3a-6667-44d2-b08b-b26c397a732c,1
501,77161e1f-29e0-45ea-a761-7da2ccfab2b8,3
505,2c3a656a-1f0a-4b0e-99b4-fd743f8a630a,1
508,c5a4000c-66b0-4572-a552-158f34ff4d4e,2
516,104e52d7-6883-42a4-bbf6-011f1a9c6ba9,1
520,68c40704-8ef4-4446-b9d9-3e7fc2ee79e1,3
530,48a0f16d-718a-4bf4-a3d8-b26d4b7fb541,1
533,232895d1-c30b-4afc-96a9-93682afc9ecb,3
541,ae388be9-673d-4a32-b465-656299a6fe86,1
550,a6ba08ec-76c6-4140-bdbe-5019eacfebcf,2
554,8f5f0d48-e82d-4ef6-aff5-54605170e52a,3
557,29c256ef-7353-45e0-ab5f-04d2e2fbc61d,3
583,00c45a16-cf22-452f-82de-0ecfcce5ced0,3
589,460419ad-8cca-4359-bd29-fae210628fa6,2
592,42fe68ac-76de-49ba-997c-e4e9baa6279e,3
601,5765951b-f64b-4981-a427-b8ab665dd5e7,3
608,eb827519-3b2b-43ab-bca2-40b32f0281b5,3
609,75c590e5-bcbd-458d-ac6a-cd6b51e30dfd,3
618,08cecd89-01d7-4afd-abe1-deba30e78162,3
635,aa8c197d-769e-421d-9dcd-c9785ed5594f,3
636,ca8faafc-82ae-487c-a3d7-106a883782ef,2
640,282b709b-1d2a-40a8-848d-e391589f5c2b,2
651,2281edd2-81bd-4912-a9fe-63c412e731f1,3
657,aa0f3c4a-21bd-4d8b-bf7e-1209560db28d,3
659,d9ef19ac-b597-4325-aeec-401b83789a00,3
695,337a7355-1bbf-44fd-a536-8c9864df97c7,3
698,123db548-a1b6-4f72-bd3d-1f4b985282ea,1
709,8f1271c7-0089-4744-8718-0c6ba0648c6d,3
710,f59ad5ec-64ae-4fa3-943e-bcf9d0c4adac,2
727,93357e9a-1fd4-4c27-9582-64a968b510d6,3
729,12d32be2-a486-4e50-9728-d8d531e74596,3
730,1cdeba4f-48fd-4367-8f29-605dc42e2644,2
736,675c3c7a-9647-42b2-b2c9-40614fb190d4,3
740,7cf3fdbc-cc06-41c6-8f92-07732f8d1df3,1
754,116aaa3d-e668-46cd-97e8-39c1f3100566,1
764,3d098eab-0000-4be1-b154-b5c3c0dbfbce,3
770,dd7860df-627d-4295-8150-5ecb5b441e48,3
774,90b0d287-fc04-41f3-a69b-ddf224d9face,3
776,f532fb72-bc43-4515-ab8e-c7ac49be47f4,1
807,55e4a05b-bddf-4bc2-9b13-7fce795f85f1,3
809,ae624b21-9e8c-433f-acda-3b5f5752136c,1
810,ae624b21-9e8c-433f-acda-3b5f5752136c,2
812,8ae058fe-8d27-42d7-81df-11b9513a879a,1
825,65827bc1-5377-497f-9353-08375cadd342,3
832,b0c81939-55e5-4d30-aeaf-f8d0a63fed16,3
835,f3d424d2-bb22-448c-a430-7cd8dbc936f6,2
847,8f6e9d71-4747-4e18-80f5-001b5e99343f,1
856,0f0f0e84-b09a-468c-8e56-eeaee402239b,1
860,e1978c3d-05c6-484e-989e-13bee33c727b,3
864,9cc6f27d-a92c-4c65-89fd-40b22ddaca13,3
875,a1a41038-ab37-49a6-9656-fe49e95299ec,2
878,26379bd0-c9be-4d76-a995-5cfd4ca49d75,1
884,cfbda441-ff0a-4cc4-9049-8f6c267410ce,2
889,2621a346-fe61-49b8-8cd1-1c0483c40aba,3
890,5fa4b0df-8be2-401a-8b82-c4a304e1d227,3
894,09f9b894-d4e5-4de0-8cec-9ce49b0487a0,3
897,52aeeb65-6cc7-49d0-83ab-9035f952f301,3
905,7eeb7d4a-7b97-4b51-ab53-4fcc2cb92b8f,1
908,80ec1c2e-b3bb-4281-b939-254e9e1de7bc,1
913,724b7178-92fb-456d-9330-b1012b34cff4,3
920,867608e2-becf-4897-b15f-4bd25a0a075b,3
926,d2af1b85-1e55-4ef5-9340-a610a6b4d9a1,3
932,fe9be9c6-02d3-4c0f-9a74-c6dd460cede6,2
954,21c92900-5e35-4fbb-9e02-b55de813472e,1
955,21c92900-5e35-4fbb-9e02-b55de813472e,2
962,57da4823-46b7-413d-934d-852973686a91,1
963,57da4823-46b7-413d-934d-852973686a91,2
971,f668b6fa-6e22-44ba-8285-e4f8a12c9249,3
975,fb71bcb6-dbd4-4121-8575-f665f52af24c,1
990,e6493f10-d5c9-4e05-9254-dfaaee595388,1
1001,13e6569f-6c2c-4798-8217-2eb15bbe5f67,1
1028,a0b3dd58-0ce9-4bd8-9391-92385cb20581,2
1036,3f993305-0a92-414f-b988-df13aaed9b05,3
1045,5d31847a-8d39-4525-9b67-5ec6e7f7361f,1
1053,d2b792ee-a17f-4491-a92c-57aa7dfd93d5,3
1056,736a8885-071d-409e-90aa-e82ed863b29b,3
1057,195aefcd-9fe7-469e-8211-3d2a49d3c95f,3
6729,23061025-5639-4a1c-b4fd-18d5681073fc,3
1075,3534bb06-81bc-46af-b7a4-4008c1452ded,2
1083,583960b0-37e1-4764-b960-ed66d66339f7,3
1085,a802e437-b8c2-4b00-9ce7-bceb2ef20fea,2
1086,a802e437-b8c2-4b00-9ce7-bceb2ef20fea,3
1097,3cfb1daf-d13e-463f-806d-140cf8aa6712,3
1111,b812230b-d212-45df-8e97-d1abe7b35b6c,3
1114,bbe7e22e-3781-4c99-9b41-aee7befb98fa,3
1133,ebccffc2-3b14-46a4-bdf2-228788697c1c,3
1136,e2bb8fbf-4806-48c3-a779-904d692211e5,1
1167,55da397f-31f9-492c-bd7a-6cd99dd51aba,3
1170,6a093c14-ca36-4458-baf8-55bfad406299,1
1175,62d97944-d74e-4fc5-bc5e-b48aceacd3a4,3
1178,b6a9466f-52fc-4c5d-ba20-c8b2d39a0640,1
1189,a9344b92-fd2d-427f-8e1a-6f5fbeefb780,3
2431,d340f555-8551-41a2-9b1b-30bd2db58125,1
1201,733a5cdb-c4af-400f-938b-6049a35c6ca7,3
1202,ae67efa4-b6a4-4d15-8e29-37bedeccd565,1
1203,ae67efa4-b6a4-4d15-8e29-37bedeccd565,3
1206,aa05d4ee-196d-4792-9c7e-52b62c4c489a,3
2433,c9597bf6-d333-4022-9a6d-d6d1a08d2b8d,1
1227,eaaa2d40-4a78-4499-8254-9614f683143b,1
1228,eaaa2d40-4a78-4499-8254-9614f683143b,2
1251,facafecd-43bb-48fc-bca6-eb86dfe63d60,3
1253,daf2a499-b59d-4f08-8783-c090063d3afd,2
1279,8f4e84bf-e74c-497f-b4ce-5c8593c717cf,2
1285,0dd07bce-a7a1-40fd-bba3-927373d9ea30,3
1290,dd0c9edb-2e5f-4520-beb2-2f670db2e39b,2
1297,d8a65210-2e80-4722-9706-042581d2732c,1
1306,5f2f6ce4-5600-4f61-8db2-362e1cbf9880,3
1310,0c1ae113-6636-496d-834c-aa163146593f,3
1313,b2e1715a-fdbf-4d84-a5c7-eb904591e9c1,3
1321,fcc1488e-0cbc-4a0f-b8d4-3a72bdab54d4,2
1326,de6c3001-da90-49b0-833b-242f5cea269b,3
1330,d7b4bf9f-8d28-44d9-a960-e5460eb7e06d,3
1335,e356ee65-bed5-4bd4-8a17-ecf1a464c0c8,2
1350,556a1cc0-6b1d-429b-93a1-5324948a788d,3
1353,ff3ee5eb-5605-45dd-ae9f-fa78cb28f08a,2
1361,9ee2c94f-4a64-4371-a6a4-5fb7b082980c,3
1363,0d434c49-e4ef-4128-a6dc-fa868e55d544,3
1364,264cacaa-4b1b-4dd7-8936-78ecad9a0a07,1
9,dcad78a5-a628-4a1a-a9f4-f06c06dd549f,2
40,994a73f1-d5ce-421a-9602-90c0132ca07b,1
54,ffc1f63a-330b-4669-b496-7d1c50d1ae67,1
57,27ae667a-b931-4ba6-a161-d73f7d0c6de7,3
59,e327b6ee-3350-45e6-9bd4-32b0372e2fad,3
63,831b9a4d-47e8-4f84-a6b7-32c76ef75689,1
67,d068ee46-8ac6-4599-a13f-1c954c718612,3
73,0dac47d1-5301-45f9-91e8-c90251185695,1
95,93f3adc5-aeab-4232-9734-6715d9e548d1,3
114,d4cba695-f59f-40c4-961a-01d26633c6a7,1
116,78deab5f-a404-402b-ab02-aeb78e58965b,1
129,e4562df9-ed88-4a23-bfb5-a623b4c1449f,2
132,7d5f11f6-a894-4fa0-abc6-e050a71fae28,1
146,14207665-d8aa-4bb9-ba9e-1681d2c62631,1
150,e2e74a89-ee9d-402e-9403-2283dba397a6,3
155,feb5c3c4-2ad2-43a9-b3e5-49a455f30897,3
162,47d21ba2-859b-42c1-b558-e6e6d2059edf,3
163,1868383d-bc53-4886-a8b3-12217258e9e0,1
176,044bc623-d7f5-4793-865f-96df8b8d80a4,1
177,044bc623-d7f5-4793-865f-96df8b8d80a4,2
180,936e4033-2ef7-4157-bb30-cb8c8316452e,3
182,98e9a4c5-a307-4773-b31d-0eff24a9e595,3
196,f5918592-4110-4c31-adac-96ece873257c,2
231,53d1094f-d6af-4bf5-9961-06ea512fbfdd,1
234,ecfe93c0-4f69-44cb-a6d5-589231757452,1
239,a553cd6b-5436-4811-80fb-1bbaf3b88112,1
253,9aab7020-5303-45c8-a920-71108e05927a,1
265,823db0c9-ba71-412e-8879-242cd4c5a5f7,3
267,467c6ac5-6091-427f-9a6c-c2475f24142d,3
271,09c8bd1e-e74b-47a8-bec7-2acf63fb92ae,1
293,ff4c2dc3-e882-4e32-870e-f29db98b5c29,3
295,af97d795-5435-4604-b504-9d0aa7d94ad4,2
313,76643543-f676-4adc-bcff-40831ee583ad,3
315,23061af0-d40b-4cf9-a349-856e076b9f9b,3
317,dacf7eed-b36f-47a3-aa1d-47233e7c3de5,2
318,dacf7eed-b36f-47a3-aa1d-47233e7c3de5,3
327,485aea69-beb7-4a4d-9c11-5f6121beaab2,2
331,3435e0af-6287-4009-b691-ee0be4afcc19,3
333,8062c202-f6c5-4832-8cba-8184b1a5caaf,3
334,4823e10f-7de1-4ec5-8446-29b67c69d28e,2
343,5cfd692a-59bc-472e-bd8f-613f5cfdfd6c,3
349,9bf5e013-af37-4e06-b4ed-14bece9061c0,3
357,ff961bec-0c49-478f-a70c-4fcbb9b1bd66,2
373,84bbef6a-6167-4f3a-a6a9-209c65d53a22,3
377,b58e61a4-6378-47dc-a622-e04b97201b3d,3
386,5e00e646-697f-4268-849b-ad3f4657d03b,3
387,6938943d-04a0-4fc0-9c9a-ccf814acd8d1,3
388,77f857ea-b02d-4cc7-b92d-26b1d3167e08,3
390,9bc7b017-b924-4daf-b762-8aac938188b9,3
397,a3611cb7-8086-4870-a119-a926ef18bebf,1
401,a64bdcef-8ac7-4172-aaae-88d94fdf5e02,3
402,49250f1e-ef53-4e0e-bd5b-844e6312fd51,1
403,49250f1e-ef53-4e0e-bd5b-844e6312fd51,2
406,8d79b5df-bd20-4c2d-af3b-83b689e2bc04,3
414,8e2b5ddc-6b97-4d03-959b-0a8d937846bb,2
2425,546a8c9f-ef0f-430e-a8ce-837ece93905d,3
440,53551221-f953-435b-a59a-9353d389de60,2
441,53551221-f953-435b-a59a-9353d389de60,3
448,49f3d206-773e-4943-92f3-6853f4835429,1
473,844226e1-b279-4ee6-99cf-a51f802c1d01,1
507,c5a4000c-66b0-4572-a552-158f34ff4d4e,1
512,6bbb80f6-0b51-408a-a9d8-0aad7245fa75,1
514,03c0d2b8-f1ec-47de-9f5e-f1c0d2734f37,3
2422,80f8151e-3db1-47c1-b830-fd4c519f6782,3
525,e93acc53-2826-4f75-8432-a2c3ef613f8a,3
537,5c692196-1f33-4c2d-b704-42f11b89688e,3
538,edcb21e7-6b7b-456c-aaae-72b6f944678f,1
542,ae388be9-673d-4a32-b465-656299a6fe86,3
547,ae650936-0a68-439e-b9c0-e9d33a1cfbf1,3
2430,5601781c-d657-4a1e-955e-fd10976b9c93,3
2442,378d52ff-a569-48c8-b438-5dc2594f54e9,2
573,658e7546-3632-40d0-b3f9-a2c9d2424871,3
581,00c45a16-cf22-452f-82de-0ecfcce5ced0,1
588,460419ad-8cca-4359-bd29-fae210628fa6,1
591,cdb16290-93a8-49a2-ba42-04978935251e,3
597,b311eb67-e9df-4ba9-a002-c9d9df2b9bb6,3
600,5765951b-f64b-4981-a427-b8ab665dd5e7,2
611,0c6ee981-bf18-4d55-9de2-65fde3fc6def,3
614,22e17b67-6f6d-452f-ac84-d3aebcc7e27b,1
622,af4ca24a-5b9f-4add-ac97-8b809d78a279,2
626,96f00a11-b31c-4250-85b0-85d6948434ae,3
629,21ecf793-1446-47ce-b09f-3b4becb1bce2,3
632,3be8ae74-51c0-49dc-aa23-9daf7b5de2d0,1
646,f9983ced-b73a-4ba1-94c4-849715180c2f,3
647,d9b0b1f1-13f0-4763-9b4c-45dca824014e,3
648,77c7249f-aa83-40fb-b517-fa23ab0c82fa,3
662,f24ce9d7-bfd1-4e79-b18e-d730fe01cc6b,3
673,ed1e941a-0860-45e5-939f-855c4400f4cc,3
675,e59ccbd5-0d2f-4f39-9f9f-2d5d832eb8a5,3
682,f809428f-058e-445a-943b-6f0e589e5861,3
683,7f89f3aa-df06-4d1f-9812-dcdc6bfae4f9,3
717,fe14a1b6-5104-4312-9bb4-22260bba0786,3
725,93357e9a-1fd4-4c27-9582-64a968b510d6,1
735,ad4225b2-2c0a-4868-9706-ed4577aac27c,3
768,47f14fb2-1636-49bc-b9b6-96d1575838df,3
777,f532fb72-bc43-4515-ab8e-c7ac49be47f4,2
780,73e5aa24-2f37-4106-aa1e-d67f0c21fe3b,3
786,a131d14c-383c-462b-bfb7-546af5638fad,3
796,86b3632c-127e-44e4-95bf-e735fb578a2e,2
798,339d0b0d-8901-4bb5-ab24-f60119a273b9,1
799,339d0b0d-8901-4bb5-ab24-f60119a273b9,2
800,339d0b0d-8901-4bb5-ab24-f60119a273b9,3
803,828e9faa-624f-4501-be94-1e84dea73d3d,3
827,2dd9f383-a10d-4fa8-8343-2ce5cdff1b4b,2
831,252043de-aed6-4374-84c4-4d2ca0115931,3
834,eb8f7c2c-d5ac-4d96-afcf-dac7b40c1800,3
842,50f8f790-97ae-4ffd-be0e-13145d45a455,2
848,8f6e9d71-4747-4e18-80f5-001b5e99343f,2
855,b1549358-b7a4-46b6-993a-533f0c69465a,3
866,be70c5a6-83bf-4254-9007-075c52d78d61,3
874,a1a41038-ab37-49a6-9656-fe49e95299ec,1
882,c6eeccf6-a86c-4d95-b447-94c4da21350f,3
887,2621a346-fe61-49b8-8cd1-1c0483c40aba,1
909,80ec1c2e-b3bb-4281-b939-254e9e1de7bc,3
930,1be3023f-3849-49ca-90af-6e21094ea261,2
940,e7146a78-b8b3-428b-9135-be776c15ac1c,3
948,ff61be37-fd11-4742-a89d-e675c8c782a1,3
949,3dfe568e-0547-41bb-9afd-b63fc275c06e,3
952,f1ff499e-dcd2-42f2-a8a5-4507c193d7b8,3
956,21c92900-5e35-4fbb-9e02-b55de813472e,3
978,5a160f63-f6a4-432b-9a72-f787c0425bbb,3
980,667cc635-b983-49c7-8084-f44a6de843f0,3
981,b894820b-7d10-4e5b-bc12-8937ac30d9e9,3
984,d0ffb2ed-a03f-4d04-8577-b5e34a21772e,3
993,64cd9b1f-3519-4836-a869-9d99930ab694,3
994,47abc514-2ab5-4289-9089-d8b20410ace0,3
996,7fbdcc72-5e9b-40f6-9330-1919230ae632,2
1003,13e6569f-6c2c-4798-8217-2eb15bbe5f67,3
1012,0e01381e-87d5-48a5-814f-fd97a714bcc3,3
1021,541df017-1507-43e5-a5f4-4c986c9074fa,2
1022,541df017-1507-43e5-a5f4-4c986c9074fa,3
1024,0e5018e5-e62c-4193-844c-ca4d49c55a40,3
1026,117c2fdb-e666-47f9-9c5a-4ae9d11929c7,2
1034,c3aab5b1-c75c-40be-b236-2cb99356e9c7,3
1040,703e2a9d-b15b-4507-9d38-5eb2f1839c53,3
1041,d98c881c-4557-44ba-b702-18538e3b96f0,3
1042,2dbfb9e6-f2f1-4148-a1ac-4ed2a4d76247,3
1048,8f1318c8-0ce5-46cc-b6c7-32ba1359ab59,1
1055,736a8885-071d-409e-90aa-e82ed863b29b,2
6736,e0bc6abb-4f54-441d-af55-0be8f33a0390,1
6741,18325e8e-4e53-4f2c-8a02-da67afaadda6,2
1074,9ffa774c-411b-42d9-b5cd-9becc4331aaf,3
1078,9ccfa700-f845-459b-8f6e-9d663ec09e81,3
1092,cf6ae232-5fce-42bd-9292-69298941894f,1
1103,fb5c41c7-9538-4cee-84a7-ac4528277ea6,3
1123,b9405cfd-e043-49e9-b9de-4526ca71c1c5,1
1139,c59230a1-d521-46e3-8b41-277e54d46a87,1
1144,3de8c846-2e81-4afd-81a5-8987a4070e3a,3
1151,b9c977cf-5858-4414-b39d-b718d41ff92f,3
1152,6e13bc91-32b3-4395-8bd8-395a8b653712,2
1154,37260109-5e3f-40c0-820b-a00c815c109c,2
1162,b00b76e5-354b-4e2b-bac1-d650153d7661,3
1168,253912c6-d3de-4afd-aa0d-bb56c98a4867,1
1176,0bddf8dd-6915-46a5-a41e-2b6281c8a6d2,1
1190,14dcf743-8553-4833-8a3b-a12fd8659f1b,2
1192,5d93cac9-9187-49d6-9414-4609f679cb6d,1
2423,84a40817-9082-4068-bbb0-9593f51cedd2,3
1210,5f81879a-745a-4bc2-ae6c-6d4e450b31f4,3
1217,c00cb093-6df5-43b3-90a2-2632d9d0c9a7,3
1231,6f252c8c-1e44-49aa-a25e-7261b5781f6c,3
1235,5fd6045d-d8d9-4ab6-a346-27eeed98c130,3
1242,f84ef94e-4393-43fa-88fc-3195e2608eb6,3
1249,facafecd-43bb-48fc-bca6-eb86dfe63d60,1
1295,01ffe914-073f-4975-9383-b08770ae99d4,2
1300,c80f7eed-da7d-4775-b201-8a77f099410e,1
1308,0c1ae113-6636-496d-834c-aa163146593f,1
1318,62331715-8b2c-441a-aaaa-eeab028afe35,3
1323,5d20897e-764b-47e6-b9c1-14d87ccf2a44,1
1328,d7b4bf9f-8d28-44d9-a960-e5460eb7e06d,1
1332,6ea69678-b648-41e6-b71d-7d2c8d407566,3
1337,7696f2c0-ec6b-4b60-a18a-804705797dc9,1
1340,9b46cd01-fed8-4afb-89ec-3b1e98fb530f,2
1366,20b3b2d9-9dac-4b36-9f2b-cbc0c8e86396,3
1367,2d70cdf6-7c16-425a-9835-5d963976bc3f,3
1370,320b3e89-fbd4-42d8-80f3-8e8147ceb1d5,3
1374,03e0146b-99a1-46db-b5fd-46b866142513,2
1385,e4aa57b0-9393-495c-820b-67f76ec38959,3
1429,86274448-3036-4a79-8d8e-6181b041d493,1
1431,86274448-3036-4a79-8d8e-6181b041d493,3
1436,89923c7e-4bc1-4ed6-bb79-bae0dec31512,3
1441,d01e40ed-18c2-41a1-bf8c-49df2a2f889d,2
1453,9c1a2a20-cfab-4658-87e3-af75904a96c3,3
1455,d6d3e055-d503-413d-b7ed-3d112f74b376,2
1461,ce442f45-561e-467b-b258-a61b99100236,2
1478,f6e9f93c-c8e7-429f-a53f-87d7f651c137,1
1480,f6e9f93c-c8e7-429f-a53f-87d7f651c137,3
1498,d17ffc06-c4fe-4c84-8d1a-f4588cc0605b,3
1500,0927aee1-687b-40d7-89ec-ae866459ba5f,3
1502,1bce7a4e-298b-4c6c-8fd3-79a64f764aba,2
1519,083b5dc5-12a4-441c-b575-822d8a06afb5,3
1522,c039283b-72b8-4623-8631-216f477da933,3
1533,22ed89c4-fea0-4883-8b5b-58fc23c6b73e,1
1556,8b9edb75-1944-4aab-90bd-1767cf26f7f8,1
1557,8b9edb75-1944-4aab-90bd-1767cf26f7f8,3
1572,880f2940-03c7-4dca-9505-a3746ae5400d,2
1595,32fdd007-4bc7-4f3b-8a76-7dcac6ccc00b,1
1614,d7d52dfc-6af4-4e01-97a4-c06d85b5f05a,3
1618,c8f1451c-a960-4296-a013-20f6d424bcd6,1
1624,18b981b5-847e-4d36-8c7d-930e69317a77,2
1626,30dd1be0-aa10-45d4-87d1-9f90df0fd9e3,3
1640,762ed4b6-e567-470e-b6a5-fc886831323c,1
1657,6eea3496-e23c-4822-ac15-c4e6ee9b253a,3
1659,ef12f085-76fb-41a8-9c2a-facc4bfce9d6,3
1667,83f7e2f5-29bd-431e-bc64-9e84cdbaa972,3
1669,81d56194-ca25-4b15-af92-23fd37feac9d,2
1681,26852d38-1021-4b56-be4a-5dbae9c33366,1
1701,24ce9c06-71ab-481a-8ce9-b835b77ef377,3
1707,d6a759c1-dad4-4af0-8f83-69c97ed05538,3
1714,92b58569-7076-4f7a-9f84-0da3d2558a2c,1
1723,de266fea-a92e-47f4-85ef-4e574276fc16,3
1732,400bc7ec-82b0-468e-a0cb-0a5b1e90a8b2,3
1735,67fb25b2-f91c-49ec-a823-eb82684e1b6b,3
1739,37fb680c-d534-4f51-84bb-67e3bf8a13a3,2
1744,e1084842-5195-4555-91d7-938bd28f1830,1
1758,58cd1d1f-154e-4abb-9859-dfc57f919d01,3
1765,d876936b-9fa4-450b-8867-7973917a9967,1
1767,d876936b-9fa4-450b-8867-7973917a9967,3
1770,ee90462c-09c4-4a38-8d60-8892eea620fa,1
1771,ee90462c-09c4-4a38-8d60-8892eea620fa,3
1787,3d204d6d-3fff-4551-b993-6b3adfacbeae,3
1790,0871a9f1-d367-4c4e-a0f8-45313234f235,2
1803,9934e5cb-50fc-457e-9953-04bd9ce83ad3,3
1804,ce36bb43-5315-4aef-861b-2c8ebdbf589c,3
1810,0f34f300-e503-479e-b68c-a251e9c0dde9,1
1824,0ccdb6e5-b3d6-4e77-998b-3b3b44ad2f0b,2
1826,cf360bbf-4f5c-4316-9038-7991af707851,2
1843,a0628ee3-dba4-4f05-92b7-56631ad9f93e,1
1845,a0628ee3-dba4-4f05-92b7-56631ad9f93e,3
1846,2c36870b-8fa6-4246-a927-06466fb4da4f,3
1847,58515d70-27c5-415e-9e51-6f5878004563,1
1849,58515d70-27c5-415e-9e51-6f5878004563,3
1854,1c4bb5b5-1aaa-43fc-baa4-3a6c7ed307ab,3
1860,360d3314-9a89-4656-a1c6-eaf153471624,2
1862,d66838e3-b905-4ac0-a9af-7da7613c6b36,1
1871,7849a41f-08e4-418e-ac46-3afdcb8ced44,3
1872,c8c4ca27-a13d-4ae3-a5aa-d122b14f3466,3
1876,7c543765-d77f-4fba-b244-0e511d38ba20,1
1878,57ab74b9-8201-47a1-ae89-7f9cd46a49b7,3
1880,bf3a4621-0a4c-4126-96c9-c3a85e6d3950,3
1899,7b8e8d62-c6cd-4d52-9627-64f6ab6dad0d,1
1904,24e7a185-583b-4f3f-8d3b-bfc578ac10d2,2
1910,a2236a9a-3482-49b6-b75d-40d96ca3c308,2
1917,90bd8d7a-29de-4ed1-9804-418d42b2e1bf,2
1920,096bfb40-172c-403a-8164-df3638415afb,3
1927,35353bfe-1489-469b-9c57-4dc104c5d2b9,1
1933,439f60e8-3988-4e1d-8ff5-19c13566cd66,3
1944,672592cd-f19d-4b52-b413-b2090332773c,3
1951,27dabe84-3f80-479b-bcac-78992ec3a2ac,2
1964,5006bbb7-de32-495a-8337-44cf4f5ada43,2
1971,0facff78-eada-4405-8c09-68dec069b9ba,1
1974,41120641-9b30-4f48-b7ce-de275cb4ca78,3
1987,7e259f86-0ee4-4ddc-91f0-1a8900366fa8,3
1992,d8fe3462-f3e7-46e2-9f74-90e87be602ff,1
2009,d26781f5-0e1a-41b9-b0ba-b41722e47e45,2
2020,96e150b7-f9b7-4d48-adb6-389d0fd04413,1
2023,2db7e372-471d-44e8-a9e5-7a4860958ece,2
2026,6f0b1b31-a428-49e6-bc39-77f499f708ab,2
2030,232434a5-af54-47fb-9393-5d10dc487c0d,3
2034,985a74da-d885-47e9-b258-02b83b90c00b,3
2039,46316a1d-1b95-414b-8c77-bce0dc911d5e,3
2047,b80a3419-93da-4fd0-bc9f-148895dd7366,3
2049,e72abdbe-feb7-4c69-99c0-54381712c87f,2
2050,e72abdbe-feb7-4c69-99c0-54381712c87f,3
2051,db62060d-691b-4c02-a7f3-5749444b94e8,1
2062,72c634c6-6180-40c4-83e3-12b65d97a55d,3
2067,7b3feb5c-72aa-4fac-ae56-8b3467bcbdce,2
2094,2ba2cc16-daf6-4d04-9754-f8c16b9ad419,3
2095,266884e9-f626-48f7-aa8b-80f0d466d12b,1
2110,05146cc8-5975-4b50-84c8-3e715c20e5a1,3
2113,a2779be8-4dd9-415c-b75c-617ab5f31c52,3
2116,42874fcc-76e9-4c0f-93ac-ab3e1e64a42f,3
2118,8cb16d41-05fb-4702-a899-700446de8d5d,3
2119,90a66628-13e6-4184-b454-6d4c3857d5b5,3
2121,6e74a363-1142-46d9-a97d-a06345f1f532,1
2122,6e74a363-1142-46d9-a97d-a06345f1f532,3
2127,043f8a72-1f78-43a7-8fee-4e092ad5edd5,1
2138,003c5146-707d-49c8-8846-f9ce431c5a0d,2
2146,db131885-2859-48b9-8f2c-9f3ad8d1cfee,3
2161,fbb8d455-9a60-46d8-bed0-9f7c56074c96,2
2175,8457540c-7094-4707-a076-70d53828fab5,3
2178,9e535c32-9855-4dd4-8f96-f7c88cd0e5c3,3
2182,f285d4be-946d-41af-b444-51cbde92c8b8,3
2184,a45f5d7d-5fd3-4de0-a116-d65f57989934,2
2201,b673f45b-d076-491e-86d7-14434a7579f3,3
2206,b10febb5-1ea8-4e6a-9821-f56708fd8a56,1
2208,295b5bd2-a600-4be1-bbdd-1d6e9fa3e6ad,3
2234,f7a0c16b-cdef-493c-accd-e00d700db85e,2
2244,17959a96-1bae-4458-a7f3-8d8e97a0868b,3
2257,14b22517-c650-43d9-ad7d-44af6a0e8863,3
2260,54a9cdd6-64ac-406c-945d-f4431d43d853,1
2266,d034e7e1-82a6-49e2-b6e7-ef72d96e1915,3
2273,775da142-519f-414e-88f4-d92edcb905c8,3
2284,3e7dbe95-2d92-48d2-9879-f27ee039e05e,1
2287,2dd637ba-02a6-4b97-bd7d-96d5be73c8c4,1
2303,e5b8ae91-ef2f-44ea-916f-2d66943968bb,3
2313,30ba2cb4-7349-4c26-9a35-420ae2c50876,1
2319,c429d560-af8d-483d-a8f7-f2651552f1c8,3
2329,45476f5c-dc05-4765-b3e7-2e41ddbab123,3
2333,34b238d6-207f-477b-9443-72e575451234,3
2336,16a51635-5e14-43ed-9508-eeaeef06bd48,3
2346,690206e7-5bcf-4896-b968-000242e2afed,3
2347,f12cb5a2-7939-4443-9650-16004683472d,1
2362,2278aaa2-4d63-463b-a10c-5b33a6f7dc3a,3
2363,1cf905cc-fd80-45af-af08-0f81067f2cdc,1
2375,35ea4b99-d761-451a-9e54-72bdb83d0eef,2
2380,6ce71cf2-cf20-4f64-a3df-c249f6b85e5a,2
2388,4d2510b3-24fe-406e-a481-6870529138e2,3
2394,5c4cef26-43cd-4b21-86ed-6de3a1fca070,3
2455,a359f432-4810-4e83-886f-58c1fbc182ec,3
2459,c497f0ed-202c-4c07-8266-55f162b66cd3,3
2460,86feaf67-b313-4759-9d13-6a344f4abe03,1
2466,30d72605-db28-4415-a0c5-da3404760134,2
2481,50ac05d0-d098-4e88-932b-84f558061c00,2
2484,cd2e1f91-4fc4-4268-8353-fd962487dd3f,1
2490,18110a46-9afc-489d-aeb5-da9b21dfe9b4,3
2496,d6bce8c4-dd85-4c53-a09f-7ee1766f1030,1
2499,610b40ac-7ef3-405e-b16d-8a720395a956,1
2513,bedd1d82-8a71-4633-b0cf-7c9ad376d292,1
2537,58309150-3406-4624-b4ee-c4f677aba15d,1
2548,79401e78-0143-480d-9955-751fa58d4599,2
2572,cb672fdc-d849-4c51-9018-cd358a16d8ea,3
2587,07499347-f429-4b53-877c-15b95118bdab,1
2591,dbef79a7-77c8-4651-a16d-947c0b9d3f7d,3
2594,aceee60e-b720-4a35-af3a-f50b429fa815,1
2602,52fb4fc6-a716-48bc-af78-bd538f67f12a,1
2609,f174e852-f583-4319-b586-f8d894d465c6,1
2612,31258203-cff0-49e7-b363-d57c61aabd81,1
2622,0176604f-f5f9-438b-a894-ac43cbd2cf83,2
2625,c818e451-f0de-4e74-af7d-d7fd7da2b99b,2
2627,15206303-28e5-4bc4-b29a-e29fff96deec,3
2636,e3aa8634-6815-4198-afc9-5adb9780995f,3
2647,2a2f0b5b-44c2-47cc-9f71-75ead187265b,3
2649,335251fa-ead9-4258-b861-b9134617589c,2
2661,828c3826-acb7-4f6c-a11a-ccdf3564152d,1
2672,89e28950-250f-478d-9eca-557c246b62a3,1
2685,3b95e51e-f25f-4f7d-ba05-5561c982ed1f,3
2688,24079246-846a-4816-b19c-7ac65eb64955,3
2702,ddd7cc21-b6b5-42a6-9f2f-0e7ea09a638a,2
2708,42929797-1fff-434a-8098-3ee12d263cf8,3
2711,69788917-7fa5-412a-9f5a-f826d4cea688,3
2715,a105343a-78f4-432f-9b6b-f5987dbe370f,3
2725,311feb40-fb36-48ca-aa3f-7d906344246e,3
2728,c62a346b-04c0-46ca-873b-d99b5d2838d7,3
2729,b11be7bd-f782-4f14-b631-df82ba2f382a,3
2732,c0041ff8-4616-407c-9809-d658469a1d33,2
2733,c0041ff8-4616-407c-9809-d658469a1d33,3
2734,0343ccb8-e0b8-43f6-93ab-59da1855e68f,1
2740,617c46cf-a9db-47f5-8394-4d7699946ac5,1
2756,5012402f-81be-4e70-958b-227788249076,2
2759,85e56a18-b665-43e3-a940-af1a02823e65,3
2765,484d725f-c099-4a45-8fec-dac1319da3f1,3
2766,98b4d316-1cd4-4935-83b6-246ac7c3fc2c,3
2768,6f633925-1ab7-4c6a-a98e-e04ee940b787,2
2814,719cd25e-d7ac-4748-b2ac-15925750a517,2
2819,afbee5c8-44b0-48d7-aec0-c1fcb8041916,3
2821,11a8cac7-7f46-487a-9247-c8b15bab87f9,3
2822,a09f6c50-23c8-40ff-b831-0499348becaa,1
2825,023b08b9-4c5c-4512-9328-92cb853f8120,3
2831,1e01e887-d4c4-4006-9d25-3dde56741e41,3
2836,1ec2ebb0-80f2-4aa0-8a9b-3a699572c4e6,1
2837,1ec2ebb0-80f2-4aa0-8a9b-3a699572c4e6,3
2838,d98c1c33-58d8-4a0c-9c41-97c22f46d0df,2
2840,266037ae-f7b9-40d9-8079-1520e394be7f,3
2847,8c3a6c3d-f8a2-45a5-83a3-ce8641baad11,3
2859,fe929360-2588-432f-bbd8-a13dc2667d02,2
2861,9ed801d6-181d-4355-b2b8-458adcc1f8d6,2
2873,638ae737-5515-4e1a-8e0a-0ac76e05aa8d,2
2876,4b9077bf-ee71-4948-9c45-a17cc106a296,3
2888,3db851a6-df66-4f6f-b01a-b1f481b97c84,1
2901,dd516cef-340b-42ff-bbf2-0fb3683173dc,2
2904,009680c3-91c5-4d72-aac6-182b26db5140,2
2906,df575c69-95c1-46df-b195-7acad2ddd28c,1
2912,4e2195e5-944c-445f-9025-767302d90e0f,3
2925,ea553f74-9012-4d19-8f39-39ca70b2f989,2
2930,cde659c8-2bfa-4c89-a2e7-72e31b143759,2
2942,6fb98f83-2607-41d2-bc43-f30d8838f123,3
2952,395aa8a4-c817-4a4a-9f30-ed29031e618f,3
2960,10620ae3-c9e2-4301-8239-a5ce06325ea3,3
2961,2a754510-7f81-43b1-8bc7-66ba454a3c58,1
2970,e4c649da-6bac-40bf-9633-5f59f099b5e7,1
2985,e3990fe3-38f2-484b-a4c2-a6631b263468,1
2988,d6be3f0d-b056-43e5-a3a3-dd074e32c2ff,3
2997,b6d5a6b2-b409-4cd8-97fc-648219a1d888,1
3004,c3c3bb05-18bb-49c7-991a-f3596ac54ac6,1
3006,c3c3bb05-18bb-49c7-991a-f3596ac54ac6,3
3008,e29e0542-6540-4da7-b0c6-82e59eda5ff7,2
3009,e29e0542-6540-4da7-b0c6-82e59eda5ff7,3
3020,8efeb96d-09a7-4bb7-af02-48768447d216,3
3025,f50d108a-9c51-4a4c-985c-05fd37474ee3,3
3027,784502df-c4a2-4335-a17e-44ec42dd0cdd,2
3029,4d375dc6-3d94-4042-a234-444747302ae8,1
3037,68f8c210-fb29-4e41-b5c3-342f089949b3,3
3039,f6764f7a-5ab8-47ff-b860-22ab6f72366c,3
3056,3a57839b-ba95-45d4-ad5d-9b48ae51540f,3
3059,5b8d29cb-39cd-4658-92aa-7f504c46052a,3
3061,4e0ecc03-671f-4778-9f83-020d40aaf7da,2
3067,29a6d390-7d73-4f56-9837-41acaf89ed01,3
3069,d18e1fc6-c8e2-4be1-9db8-d8d0e479c21e,1
3109,3cda8287-ab7b-45c1-8d6e-4d7f08434529,3
3114,e8126cf9-c670-41bd-bac2-7670d518ec1a,3
3117,d74ecdc4-b505-44ed-8ee6-aeda0bc34023,3
3129,6569a445-7c2a-4369-bceb-412978239cda,2
3137,b0040188-7fb2-472d-992a-1cfe4913856a,3
3153,e7944ddf-a3a4-43c3-97c9-dc6096f7198a,2
3161,80f108f6-5b6e-47a0-b82b-7a33ac705d2c,3
3163,dc890c4e-df8f-42e2-88f3-fd817122844b,2
3171,27c56dd1-f345-40e9-9b07-de886753ea80,3
3175,0af4a6b0-f662-4cb8-aa20-065f6c2ee1a5,3
3182,d9a82c57-74b5-47e5-8539-dd6d6735ff24,3
3193,bc9271a4-bfcf-46b2-a8c9-b2140cf7a9a2,3
3196,7b56c57c-de14-4b16-89c6-ca776fe50d82,1
3199,8e8933ac-2558-4250-8a0f-ab04b558d8aa,3
3200,80ef96aa-bc28-4a96-837d-54d9183cfe12,3
3207,92139604-2461-4cd1-ad82-6845b04d3165,2
3215,298bbb68-d432-420b-8a78-e3af39c79e99,3
3227,9fcc2437-0f4f-42f8-8b01-4edd372b6046,1
3235,fcae0da0-3258-4107-af79-a6b08ab7240f,3
3244,3d641803-feff-4cf5-8c5d-3e407a10e340,1
3263,9033e243-f86b-47d5-9419-2aa1d974bd26,3
3272,9fee9e30-720c-437a-8032-2b2d51ebb7ac,1
3276,28b3cd41-f6f2-47a0-af0e-6094aacb6c21,2
3278,a4808917-9759-45e6-8a81-78e6c671f30b,1
3289,f1553efd-969d-420c-be53-91b54e87a51a,3
3290,292d4e0b-dd01-4fc7-937a-a3f3acea3586,3
3294,b3057ad2-db58-4b9d-b5a9-544d4aedcdb4,3
3307,6b620f25-a0d9-4125-86a4-02faa30857e0,2
3331,c98d3b2c-ecac-4609-a380-ae44b9e65220,2
3336,2f811b9a-07f8-47fc-abd5-1682c0d46b6c,1
3341,c7f0eff1-8a54-4b18-a59a-ed94b3d35ef6,3
3352,ebea19c9-44d6-4e8d-8d45-218530bc4ae3,1
3353,ebea19c9-44d6-4e8d-8d45-218530bc4ae3,2
3357,2610fc88-8471-498b-8841-403522d83ab0,1
3361,31706aff-d562-4fe4-9ffb-0972894110fe,1
3366,5f357ff6-e58e-45be-ba1c-fb40bef2ee32,1
3377,eaa845b9-132f-4b18-9a82-e3605f4cc374,2
3382,8aedf609-117e-4cd0-9c1a-803e01edc57c,3
3388,59cde054-a093-4c4c-b24c-6c802095fd07,3
3407,b2d1c6f1-894b-40a5-a473-9cbbb0e707c5,3
3409,95899005-0c9f-401b-8f2f-2e2e265adae8,2
3410,95899005-0c9f-401b-8f2f-2e2e265adae8,3
3421,92e4dec4-b502-4169-bc03-e4d9fbc9870d,1
3443,50927998-e081-4eec-a9f8-7070015fee7e,1
3444,50927998-e081-4eec-a9f8-7070015fee7e,3
3446,c5e953de-1598-49d2-a976-62a0ee328185,2
3447,c5e953de-1598-49d2-a976-62a0ee328185,3
3460,6f7e6918-77f1-4b56-bb48-106cc0789589,2
3461,6f7e6918-77f1-4b56-bb48-106cc0789589,3
3472,a797947a-469d-4c2b-9f91-86beefa024ea,3
3478,761e3c28-ed4f-42bc-95ec-248adc8f3480,2
3495,8ea4c263-fc5f-4c3b-bbc7-a57791525d36,3
3500,894fef2d-df55-42d2-bcfb-e86d257460ba,2
3522,3791aadb-fd79-4aaf-9feb-c0d0bf60a1e7,3
3523,4f0603df-b576-44c0-989a-05416318e465,1
3525,9a64cccc-3cb7-4cff-9a51-d265d7b44b97,2
3544,9ff7a650-8a7d-4b9a-9cd0-2d91a0264100,3
3546,d024831b-b0c7-4a04-a500-c39ac3129262,3
3549,db4ef6fb-aa5a-4a42-8f8b-573d602ab326,1
3557,388a2ee9-3946-4ac4-a4b3-500b210b251d,3
3558,79ec2876-8456-4d7d-ba91-9f7516b68fb1,1
3566,d2d05d7a-3abc-4c2b-b68c-d01dcf4872d9,1
3584,292c59ce-c758-4275-9dea-80a6ceb149b9,1
3592,6f895b1f-deed-4732-ac81-71f971727169,2
3594,d4789864-4f32-4905-a8f3-afb321c6c722,1
3597,a84031d9-4672-4618-be10-e914e57e32ea,3
3599,e47990d6-329e-4d1e-991f-e01261d6f21f,1
3607,a44e60e5-a645-4070-9996-ce0be8f5a268,3
3609,1ca78222-5006-4de6-b8f4-fce93aa08f3e,2
3613,63360902-d9b5-4a74-8f97-ccaec9144094,3
3614,4fade340-85d6-4039-86ee-aef3cba25ec8,3
3627,8da1573f-2c27-459b-a774-77620b1b3816,1
3630,5db5d8f8-760a-4636-8e53-69db45baebc5,3
3633,739cdbac-1404-4e6c-92cb-f2f3c752ebd9,2
3637,13862791-2d4a-4b74-8c32-911dfcd25f4a,3
3638,0a31d223-3e4b-42bb-895c-d0000e91fcea,3
3640,b1d471ff-3237-4078-9ad8-081cef81b2dd,2
3659,97bebb6e-02b4-483b-87fc-1fa3f28bc595,3
3670,bb636241-8ae4-4ab4-92c8-25f69bc476fa,2
3671,eaf4ed9f-a727-4b79-a9df-99c6206ba341,3
3676,edb46ed2-2fc8-43e6-b2ab-5df451c2afaa,3
3685,4a77b859-e392-40a2-9f36-14d924dea38b,1
3687,7ea8af0c-2d9f-4a96-8ddb-b69c09b39f02,1
3706,426fe0f7-09b1-43ed-83b3-6fb947704c7a,2
3739,1ab0162e-45c7-4bed-a6eb-408cc10688ec,3
3745,9775cafa-d4b2-4244-abd4-e83cc3a92fea,2
3765,d9869c6f-b3eb-42ba-b513-0d571c1931cf,3
3780,7d580f79-6c59-42a1-988f-20daa4e0a72b,3
3785,6515dd0c-9b81-46f3-91bd-4c876349d9a2,1
3809,c483873c-e928-48bd-8e76-8233835e06ce,2
3821,a18987d3-9c26-49e6-813e-e92958b7ee77,3
3822,e41f0689-f1d1-4b27-988c-945631de2929,1
3827,a3e5a811-a528-4510-a2cd-5faa28c918c9,1
3832,ff2e69d2-d27a-4856-ae82-ab9fc0a1825c,3
3845,ca02e69f-7602-4a08-82f1-5bd95330a0ab,3
3848,3c7cf09a-82e2-4267-99e0-a6650d99e9fa,3
3851,1f234975-3dff-49cc-bf50-69d5c52b1112,1
3854,b7751997-2d0a-4425-8e14-4ba4c93fce68,3
3867,9e9db86b-6017-42da-b777-8ee15db5065a,2
3872,3cbfb543-ebeb-4cc9-a819-47bda676372f,2
3873,3cbfb543-ebeb-4cc9-a819-47bda676372f,3
3880,d2dcbfcf-2873-490e-8652-b80f5b0be084,2
3888,c0d56e63-1cf9-4438-9638-b4dc45dfa3cd,2
3915,ab3f01af-07cb-4a44-8aa9-392ac8208aaf,1
3924,414cabce-5541-46b0-af0c-aecef570b66a,3
3943,52c82c9e-0beb-416e-a06c-8d6e2f58000a,1
3946,324a9cb4-0a10-48a8-81c9-5eef0f08efc0,3
3947,3c2193c7-122d-420c-9ccb-f7881982259e,3
3948,e0ab6ea8-f3dc-4476-80b7-9035010f17b0,3
3951,ea5f0078-8fb3-40ed-a2d5-c2bbdac7eb07,3
3959,d6d41937-fe8f-4f4f-9bad-b32585c4f087,2
3963,b214acb4-d0c2-458c-8d57-47d8552d3147,3
3973,233b9b8e-5b5f-421b-8f5c-66d4e7170f71,3
3974,8e1e3d09-48ee-4364-9ff8-d3deb2ef5a6b,3
3988,5b10662c-e5d0-4495-9159-10add040d78d,3
11,d9525fe6-1bbc-47b6-818e-d2386899d26b,2
14,7b97a614-0731-4e69-bfbf-8c5cbbedee90,3
32,4854cc3c-d720-4443-b4ec-7b76f9d03b55,2
34,e42be7c1-00b9-4ddb-a231-5725088c0b45,1
48,e2f6436a-4c31-4f92-b966-f260e18cad1b,3
53,e03cdc9a-f1bc-471a-93af-e15f85d9ceca,3
58,2d97ac65-0d18-49a4-b13b-e40c6e435049,3
64,831b9a4d-47e8-4f84-a6b7-32c76ef75689,3
69,0f17ed64-6625-4cae-b159-525c4127ef2c,3
71,c4fec5cb-819d-4f28-a172-e51a97046aba,2
92,89f3c9e8-3b66-4f88-a4a3-bbc9d9b38b33,2
99,3863d3b3-616b-4275-80af-40d85a348f46,3
104,0f42eef9-1f9a-42cc-9cea-0883e3b9ebe6,3
117,78deab5f-a404-402b-ab02-aeb78e58965b,3
124,91d8af5e-51e2-4116-beb6-9d9bcee61976,1
126,91d8af5e-51e2-4116-beb6-9d9bcee61976,3
128,e4562df9-ed88-4a23-bfb5-a623b4c1449f,1
130,e4562df9-ed88-4a23-bfb5-a623b4c1449f,3
134,a5dc10b3-00ce-4bef-9da0-a2059b4a0068,1
142,ca6081b8-4ab3-4c49-9973-c70540db173e,2
149,e2e74a89-ee9d-402e-9403-2283dba397a6,2
154,feb5c3c4-2ad2-43a9-b3e5-49a455f30897,2
156,8b8c54ee-104c-4c31-a823-fdc344d78454,3
160,47d21ba2-859b-42c1-b558-e6e6d2059edf,1
166,128516cf-94ba-49fb-be8c-03cb4297fbb7,2
186,d7a355ef-6a03-4e75-a7a7-96b5541c92b2,1
195,f5918592-4110-4c31-adac-96ece873257c,1
204,294b8494-586a-4057-8ab0-7d6858664ce3,1
214,6ae3fc53-c0b6-44c2-9773-920a94cfba9e,1
219,fb09af46-fe3c-4393-ba0a-e9f35814573a,3
226,5e48e960-63b7-4839-b21e-3592eb6ed5dc,1
246,c41d7d9b-51bf-462b-8d5f-4de08bdabb96,3
252,199e312e-be8d-4479-bacb-e99dfaad48ee,3
254,9aab7020-5303-45c8-a920-71108e05927a,3
257,8b79bc40-4f04-43ec-9aa8-f2f033078fb1,3
259,ebd67b32-8d0b-473a-944b-d2f97dfa56aa,3
262,92adb74d-54fe-4bb3-8b7b-5ebb262c9aac,2
270,ba2a0ba3-a47a-43cf-ad31-cfc2f7de8e16,3
281,91469343-c2fe-401f-a328-a68bc1ed28c5,3
286,541792d9-c974-405f-af36-2eb848fc74d1,1
287,541792d9-c974-405f-af36-2eb848fc74d1,2
288,541792d9-c974-405f-af36-2eb848fc74d1,3
2415,8b15be8f-ba7d-4178-8e36-0bbfc72444d8,3
301,1d084b1b-f17a-45ff-bf0b-11f7be46d25b,3
302,7e5e3ac2-f0de-4869-9a02-34cb80a10452,1
312,76643543-f676-4adc-bcff-40831ee583ad,2
316,dacf7eed-b36f-47a3-aa1d-47233e7c3de5,1
340,b7305f79-fe2b-4a37-9111-9aaf3fcc61c9,1
348,9bf5e013-af37-4e06-b4ed-14bece9061c0,1
354,347f88f1-8d53-44af-94e9-616f215848f9,1
358,ff961bec-0c49-478f-a70c-4fcbb9b1bd66,3
364,68869924-be17-400a-bf58-e9cd79319a7a,3
369,d863acca-2d4f-45a2-b09f-7113b9fa632f,1
380,866c6e49-ebe9-4f53-b164-4f7b30b1eb07,2
407,69c7137f-ab0e-4bfc-b7eb-fcea695c9cc8,3
408,c4a31ba9-9a4d-44a0-9aec-3999bf6b2409,3
413,bbf3369d-64c7-4bfa-bb15-92ba180a55e4,3
452,a230682e-0664-4b52-999b-65bd0e186b9f,3
460,6a84ce30-bc28-4b4f-a79b-ca9dadde9182,1
464,82c20567-0aaf-4670-9205-24bd099db694,1
480,47ec4944-7b66-4aa6-bbb7-264f5fc0c583,1
481,47ec4944-7b66-4aa6-bbb7-264f5fc0c583,3
486,a7d0ce3a-6667-44d2-b08b-b26c397a732c,2
494,7b4daf5e-e3a5-4b8a-b8a1-552491c89b12,1
497,1eae9161-f46b-4f0b-a296-a5704b1e1fc9,1
500,baf2abad-4688-4073-9bf3-69095c69ad8f,3
509,c5a4000c-66b0-4572-a552-158f34ff4d4e,3
510,fe94eaf7-12ba-42c5-b817-0296e8410e07,1
511,fe94eaf7-12ba-42c5-b817-0296e8410e07,3
513,6bbb80f6-0b51-408a-a9d8-0aad7245fa75,3
515,27d67c82-483b-49d4-b744-68369acf8da4,3
543,21b451dd-7f14-4457-9f6f-e444615c47a6,2
549,a6ba08ec-76c6-4140-bdbe-5019eacfebcf,1
559,79cce8c2-ce23-444b-8d3f-e6ab5eb3cf78,3
2443,378d52ff-a569-48c8-b438-5dc2594f54e9,3
571,b8a86d2c-f68b-4ae7-8013-5ca025064fe1,3
572,658e7546-3632-40d0-b3f9-a2c9d2424871,1
574,ca419c21-9135-44b9-ba59-eee4967e4e26,1
577,25d7b1a0-e55e-4cf7-9982-7b73bf3a8d00,3
593,76ac33f2-c617-4638-ac9c-4162e561a255,3
596,09d4a380-5b35-4ed4-b7f6-8aff0de8d308,3
602,f24f918a-90fc-4dc1-bfa5-3aaf571d2b2b,3
605,a1edd9ce-e927-4744-ac9e-68e51055545c,3
606,eb827519-3b2b-43ab-bca2-40b32f0281b5,1
613,6fc3a7cf-6b2b-43ac-999d-67fd2c1a5da6,3
620,a39f8c74-52fb-47e8-9140-3976da8345e1,3
624,96f00a11-b31c-4250-85b0-85d6948434ae,1
625,96f00a11-b31c-4250-85b0-85d6948434ae,2
641,282b709b-1d2a-40a8-848d-e391589f5c2b,3
643,d32d9826-7be1-4b35-94c3-1257943b736f,3
644,fa7fcf33-59d2-4680-ba81-86262e3a55c3,3
649,f46c5018-f2d4-47d6-a4d1-d72b932fe767,2
653,623ee948-ef69-48e8-a456-c557cde5b1b4,3
691,8580617d-86d0-41e7-9d20-73a0287e17b5,3
697,1d92d9fc-4ade-4aa8-906b-077a1ab885bb,2
702,f8a62572-8c02-4964-a9e5-a32e0b8ff623,3
705,af4eed1e-51b5-425e-9c0e-ad497c531fc9,3
715,9fbddab6-287c-4a8f-887c-cf70d56d2316,3
718,d1e48e56-abc1-458c-a286-12f63e81cc9f,3
724,fdb6b606-f95b-4725-8b58-15c62ab5426c,3
726,93357e9a-1fd4-4c27-9582-64a968b510d6,2
733,3ab0c262-761f-4ef1-9752-4a3fea979578,3
737,91de0d6e-2227-4620-bdd0-bce3ae5631b7,1
758,5f355452-1f0e-4f6b-a8f1-481948f94dc8,2
762,3d098eab-0000-4be1-b154-b5c3c0dbfbce,1
766,9bfba64b-a9d7-47c3-85e7-0175957d5efb,2
773,03c7f544-14a8-4222-b454-d3b97807ff2b,3
789,cce07960-b78b-4341-9fe8-79805fca21a8,3
794,c337e5e3-51d4-4466-9629-c6bcfa2dcf44,2
816,764c35ba-9918-4295-afba-7d13c2386a4f,1
817,764c35ba-9918-4295-afba-7d13c2386a4f,2
818,764c35ba-9918-4295-afba-7d13c2386a4f,3
822,0667743e-125d-4fe1-8dbc-58b77c03b259,3
840,79d33d7e-633f-4215-9174-0eada056b9f0,3
846,8ca2a05f-69f6-42ea-87bc-1e11a3c41a2c,3
868,dc2c95e8-9f44-4b53-8901-c0b36229ec87,2
876,a1a41038-ab37-49a6-9656-fe49e95299ec,3
881,c6eeccf6-a86c-4d95-b447-94c4da21350f,1
886,0eee15c4-e067-4fb8-b2de-182e49881fe4,3
900,49ac6d88-2805-4606-ad33-1866fd7093d9,1
906,7eeb7d4a-7b97-4b51-ab53-4fcc2cb92b8f,3
912,724b7178-92fb-456d-9330-b1012b34cff4,1
917,09776944-1a13-4c12-b370-8a77db543794,3
935,b4b91dae-3282-416a-9230-6e6145e3c2ef,3
950,a1bf353f-c90a-44f2-a3b0-9fc3213766eb,3
965,6bb8b12c-c91b-4e21-a1c8-2420ba7774df,3
968,a1006350-7083-4f29-81da-560e08031c86,3
973,53cf5996-f88e-45b3-ad4d-e415be96cdbb,3
976,fb71bcb6-dbd4-4121-8575-f665f52af24c,3
989,84423354-c133-4857-9ce7-569fe794bf11,3
1007,88ec95f6-bb22-4b41-89ae-7e6191e6302d,3
1011,32dbb475-4e6b-4fe6-9930-f8d64a333563,3
1017,cd53be6f-8767-4a7f-a12f-0807a71fad9e,3
1031,3d0f0158-d8cc-4dbc-a600-b1e09379fd49,3
1039,1edf590b-28d8-4129-a0ab-43b1138cc14f,3
1043,033b7ef8-05af-4357-bee7-7e06106bafb7,3
6727,55f7ece9-c439-481c-a5b4-a3ef374464d4,3
6732,daa29f71-04ea-4896-b0a4-382bed06e33a,3
6737,e0bc6abb-4f54-441d-af55-0be8f33a0390,3
1077,9ccfa700-f845-459b-8f6e-9d663ec09e81,1
1087,715ef646-f1c2-4ddd-9b51-52f418c7ac53,3
1098,f96d8d4e-3dea-4264-92f4-162db7d846c2,3
1099,7980449b-0869-47fc-9c38-5110c27b4469,2
1104,82de94ea-7a87-49df-8c1e-2a7967e87fc2,1
1108,e8488180-1612-4022-8ae7-a0173442707a,1
1110,e8488180-1612-4022-8ae7-a0173442707a,3
1113,0ca08aad-46e2-4805-a829-c6cb4b013087,3
1119,628d247f-a6ad-493f-b938-99de16d623c9,2
1121,130e4dbc-424c-4654-bd15-98cb7c9fe0e5,2
1130,be34c614-8f7a-4e36-a0c4-4bb21dd5830c,3
1137,e2bb8fbf-4806-48c3-a779-904d692211e5,2
1163,84565f83-e1ab-401e-bf55-d80f27917669,2
1164,84565f83-e1ab-401e-bf55-d80f27917669,3
1166,55da397f-31f9-492c-bd7a-6cd99dd51aba,2
1180,9ba794e5-6d54-4946-94b6-91c1c893efbd,1
1188,a9344b92-fd2d-427f-8e1a-6f5fbeefb780,2
1207,d2e3d179-e97d-452c-b411-38f4ecd36e67,1
1218,c7df1815-22d7-4738-89f2-18d445d226fc,3
1221,55a9535f-6c09-4816-98c8-c5eded0b0e87,2
1229,eaaa2d40-4a78-4499-8254-9614f683143b,3
1234,51a921ed-39e2-4f5c-a931-026450e7cfbf,3
1237,cf2dd0e1-9392-4027-b7d8-279ea25d1dde,3
1241,f84ef94e-4393-43fa-88fc-3195e2608eb6,1
1247,9c9d039b-622f-4731-b503-1ddcddbd8abe,3
1254,daf2a499-b59d-4f08-8783-c090063d3afd,3
1257,cb19225a-2027-4d2d-9c17-ee67a27ee0cf,1
1265,92db4fe7-271c-4b51-9079-636abe8a2627,3
1293,86d9e5f4-f575-42d7-8aed-43d84bda4a57,3
1317,62331715-8b2c-441a-aaaa-eeab028afe35,1
1331,6ea69678-b648-41e6-b71d-7d2c8d407566,2
1333,619f6189-46dd-4f07-8f07-c49004552838,3
1369,320b3e89-fbd4-42d8-80f3-8e8147ceb1d5,1
1373,03e0146b-99a1-46db-b5fd-46b866142513,1
1375,03e0146b-99a1-46db-b5fd-46b866142513,3
1379,f9d1ee4e-1932-45f0-a5a8-2dec842aa9a6,2
1382,fb1cf430-5070-4271-844c-186a28b5c43f,3
1396,cdb02932-ea32-48cd-9256-4b4c2ecd805b,2
1398,c7c3d293-93dc-4859-88fc-9569e196ea5f,3
1401,92259273-719d-4743-9051-2fbc8110d43d,3
1406,95b718e8-c06a-485f-910c-fca734411cc4,3
1416,d3952427-e5ee-4e06-885b-5236b0eae735,3
1421,c9e43f5c-1320-444e-9cab-315f402e15a2,2
1449,90bcae55-d5ab-4fc6-bc7f-e68a83870a21,1
1451,9c1a2a20-cfab-4658-87e3-af75904a96c3,1
1452,9c1a2a20-cfab-4658-87e3-af75904a96c3,2
1456,d6d3e055-d503-413d-b7ed-3d112f74b376,3
1465,fd838569-1cbd-4f9e-bb40-913af71284cf,3
1477,3d7d7a29-131a-4bae-a69e-477c4d8836d4,3
1488,0195d733-8804-4239-94bd-f3620b903ca8,3
1494,23ba2fb3-fb1f-4612-9c0f-2cf4dfd321b7,3
1499,c319209e-5aef-4091-91ef-4f7f493bfe97,3
1507,9a6fa021-ae73-44e0-9ce1-ed6e0ae5b414,3
1514,4381f607-b084-4f65-a130-f49377a31bcd,1
1515,4381f607-b084-4f65-a130-f49377a31bcd,3
1526,907d37d3-b32a-4213-a322-5528cd06cb05,3
1534,22ed89c4-fea0-4883-8b5b-58fc23c6b73e,3
1539,049752db-2579-42d0-9302-06b0eec1010e,1
1546,e257be9a-8491-4553-8f63-e626de8180fb,3
1554,e511ad98-34ea-4d2d-8c9f-cc7c7461dd07,3
1567,2d93c025-df19-44ee-b37e-517414bfcf24,1
1575,756530e3-52a6-473e-a891-fe2cea2eaf70,2
1592,1564f544-df68-48f3-b676-4fbf59d06847,1
1594,1564f544-df68-48f3-b676-4fbf59d06847,3
1599,c5e72eb5-9687-43a1-8985-55a0b7ee11dd,3
1602,a08568f7-e2fd-4f16-adab-fd16cfb57265,2
1609,6dc12a66-1378-4d88-8316-ff21ae948ef5,3
1613,3e3ac544-9cde-44ce-b021-5f78879a5270,3
1615,67e1f38d-c687-472b-86e6-036ecb9495a8,3
1621,eca499c4-fd5d-441e-a584-db9c15fbb5de,2
1628,b74fa0fc-7213-472e-a123-70595f6ee671,2
1644,fe910d48-f29b-42bf-9d95-55cc759a1817,3
1647,7f5621dc-d952-4708-b617-8be126232853,2
1649,5ff98b03-f9ab-449a-ae6d-3734ea5a292b,3
1658,2ffcd3f8-89eb-4e6f-a618-b23a93ec1680,3
1677,f743d087-6fa9-48f3-beea-191d03d56b9b,3
1687,d7e03760-29d0-4cff-abec-0afb7390d82b,3
1688,8170f329-4382-4b16-ad88-54ace918293e,1
1692,99a38d79-c7e8-4f85-95c6-f480128876f2,3
1696,fbd5ca23-9ba9-4693-8402-be2f83104917,3
1711,7d78e7dd-2568-48bb-a208-1d10d6068fe6,3
1718,b2db414c-358e-47e8-bece-43408937b54d,1
1722,de266fea-a92e-47f4-85ef-4e574276fc16,2
1733,67fb25b2-f91c-49ec-a823-eb82684e1b6b,1
1738,758fc072-b857-405d-b84c-e321369e4fe7,3
1743,e5956e8c-9c05-4545-b5e7-ca458ea83820,3
1753,d038ec8e-731b-4a30-b922-fea6ae268be2,2
1764,524463d7-0ad9-41be-a311-8ae4ddc36d16,3
1781,827b8364-b29b-4801-a8c2-670fdb912542,3
1784,58e7ec2c-3e7b-444b-b9fc-121b0aeeb9f9,1
1785,58e7ec2c-3e7b-444b-b9fc-121b0aeeb9f9,2
1786,58e7ec2c-3e7b-444b-b9fc-121b0aeeb9f9,3
1795,11e7e953-cd23-4b50-93d4-4cfc49250088,1
1809,499431c7-e73b-4cb0-8d91-2f1899b7ef9f,3
1813,cc484acd-938a-4421-9c84-5f45f2004ee6,1
1822,11849997-394e-40de-90fc-d4945663aed4,3
1836,2a481dfa-70b0-452f-a5b0-ae829474fd39,2
1837,2a481dfa-70b0-452f-a5b0-ae829474fd39,3
1853,1c4bb5b5-1aaa-43fc-baa4-3a6c7ed307ab,2
1863,d66838e3-b905-4ac0-a9af-7da7613c6b36,2
1873,7f074722-98b5-40d0-8b50-68fb8b993a86,3
1874,cbc311c2-7387-4a4b-88fd-02a274d596a0,1
1884,85628019-47bb-4796-8c24-d3adab2dd74e,3
1888,382ecc6d-c143-4326-8ced-3569c703c597,1
1893,de03b2ec-020b-47ed-ba9a-29e35fbd02d0,3
1897,92b1e8ea-3561-4e6c-a89e-7b00b7fff9d7,1
1898,92b1e8ea-3561-4e6c-a89e-7b00b7fff9d7,3
1907,c3e71fe8-59d4-4d94-a0d8-f116b3307959,2
1908,c3e71fe8-59d4-4d94-a0d8-f116b3307959,3
1924,43142dd6-4a82-41d3-b295-8512deff1219,1
1925,43142dd6-4a82-41d3-b295-8512deff1219,3
1966,2acef745-3049-4111-8885-78a07b8e8824,3
1969,83e7614c-7c2c-4515-8ee1-48b648f1e8b1,3
1972,0facff78-eada-4405-8c09-68dec069b9ba,3
1979,638bbb8b-e901-4624-96b3-9fa9060e77f5,3
1999,811834bf-0cad-4bd5-9b5c-9db18bcad557,3
2002,a2396f90-f4c8-4220-ab21-ea7b33fc35fe,3
2006,97a4366e-9c66-4659-8bf5-f05474e94085,1
2019,f3a61368-9402-438f-a2df-b0396a17ba39,3
2036,f18fb378-ad62-4d18-9b7c-8a67ed9175ad,1
2037,f18fb378-ad62-4d18-9b7c-8a67ed9175ad,3
2043,22e0fb9c-35ac-422a-b4cc-7caeec430ab6,1
2061,9618ddc7-4387-4524-90cc-4110e4aff58b,3
2069,7309b682-d8be-48e3-8cdc-a8a1eea7814a,2
2071,f7561f29-571b-4fbc-b99d-f055a7010126,3
2090,1d3a3692-8509-4910-99a6-9163762f655c,3
2096,266884e9-f626-48f7-aa8b-80f0d466d12b,3
2097,e39d9e87-a0cb-414b-9abe-c86d376bd828,2
2107,fdf45ee8-4295-4ab1-919a-25e1ad07ec45,3
2108,f34a8dd6-d4d5-4f5d-8eb5-7375b23c237b,3
2109,564fc37a-9ec0-452e-9078-24dbad23598f,3
2115,9ea973d4-e184-488d-9f6b-4cd091158a3d,3
2124,e528f665-8b93-43c0-aff8-35fba6c25028,1
2128,043f8a72-1f78-43a7-8fee-4e092ad5edd5,2
2133,6a4a21da-014c-4d13-beb8-b88cb3907142,3
2135,3d6785ad-28d6-4d74-83fe-41e914958954,2
2142,775d955e-c78d-4eac-9630-3685baa2af88,3
2151,66eb7850-489c-47c9-b296-1f57e69ca7c3,3
2159,1b7baad6-3d8f-476e-9cdc-448997a6515d,3
2167,de40fe5f-47ad-4362-9c59-6897761c9ea5,1
2169,60a51918-19bd-45fb-a243-5dc3c6ccf132,1
2189,7656ee73-3ed4-456b-8143-8407b95a3554,3
2202,09dcc0e0-d29a-4d2b-b82f-a38a1c4a0f54,2
2214,4283bd3e-4414-430e-ad10-d7a4f3d3b93c,1
2222,6541c04d-54ba-42b7-a395-77d494116f14,3
2225,28781e0c-3c9a-4625-beb5-1902fd548929,1
2231,b1ae8805-7b4f-4c55-baaf-1fd5ee526ee1,3
2233,dcfdda2a-5ef9-4b59-9526-c5aeba636198,3
2241,8fae02a3-b691-4196-b7b2-57f3359eba84,2
2255,21c304ea-63a3-41e3-b05e-714c603e5e2b,3
2261,54a9cdd6-64ac-406c-945d-f4431d43d853,3
2267,4fc4140b-439d-4e6b-a3f6-07cef8bc9068,1
2268,4fc4140b-439d-4e6b-a3f6-07cef8bc9068,3
2272,775da142-519f-414e-88f4-d92edcb905c8,2
2274,660192e3-363b-4c79-875e-97a53aff0c23,1
2283,8464a618-6b03-4034-af71-d2d27ec24321,3
2290,07e99617-1ca4-47d5-a095-065e8a9bc720,3
2296,07356460-7d91-4b6d-b3de-5672912fc5ce,3
2297,b31c697f-df5c-4ab8-b266-ced098e8945a,1
2309,f5118db9-127a-4208-bdc0-d1d0b08736e6,3
2316,e4f99ef0-d873-47fb-9b1d-2bb9392e2a8b,3
2328,63228e16-bf8c-4610-96e0-80f9e2d47a69,3
2334,51ecdd89-f279-4132-8e25-dc8f54fc8121,1
2344,690206e7-5bcf-4896-b968-000242e2afed,1
2353,b50f1c1a-d85e-45b1-af09-87945e5bef8f,3
2354,6fa84416-eb1e-4be1-b8ad-a6e283aec832,1
2359,539d169b-9d52-43aa-8a0b-47669c77fedc,3
2376,35ea4b99-d761-451a-9e54-72bdb83d0eef,3
2379,6ce71cf2-cf20-4f64-a3df-c249f6b85e5a,1
2382,959e4910-3d20-4919-a935-1697ddd10588,3
2384,43382c15-90e9-4e0a-8dab-5b6292005f48,2
2387,4d2510b3-24fe-406e-a481-6870529138e2,2
2399,f95dddd5-8152-47ee-81c9-9808e0317628,3
2400,736b8b3d-c41f-45db-8e87-7875ff9c0de3,3
2403,1c87b3a6-60f1-4574-8980-4e99469818ba,3
2406,1c5fd276-997a-427b-a591-5b82ae652716,3
2409,3b22ad2a-2351-4ad9-a3d8-beedff19362e,2
2439,08e4e37a-8c43-4cd8-b59d-56de8653a777,1
2465,30d72605-db28-4415-a0c5-da3404760134,1
2469,e2306f55-8e72-4288-8e8c-15ce1e69a187,1
2503,5054be04-b3ae-419c-9ce5-eb427d90144c,1
2538,58309150-3406-4624-b4ee-c4f677aba15d,2
2543,4d4f6a35-8127-43b5-abf9-8bfecab2a727,3
2556,12d6e8f3-f6e8-4fa3-b3bc-2b280c7d468a,3
2559,34e1cfac-d92c-49cf-9218-003476f8bf9d,3
2583,06aea5ec-a06c-497f-88d8-08e3830efabd,3
2585,a4051fe9-e266-4ac8-ae24-49bbdaf26d3d,1
2599,c0a7afa5-5d62-45bc-8737-9cbe70be69f7,3
2600,bd751904-37a9-4ba2-aac8-987428b0557b,3
2601,43812bc7-b371-4961-95a6-a8ca4928b031,3
2606,6f977642-eef3-492d-92b1-aa884c2b735c,3
2620,b2390de0-8f92-4d43-aaa0-25313cfd4021,3
2629,9aba65d2-66b3-46f7-8be9-9e3c61128d3e,3
2638,865415be-076f-445c-a587-7dfd03bf60ad,1
2641,cb0ab8a0-ae29-40f5-97e3-676b42b385e4,3
2645,7dea3517-6e58-4451-be0c-fba1162ca48e,3
2653,27ac04d4-d094-4b91-be90-cad2d188ff5d,3
2659,17c57699-9828-4d50-9336-ef4bdc47b21c,2
2660,17c57699-9828-4d50-9336-ef4bdc47b21c,3
2694,29fe8564-9688-4621-b759-1e2d76f2fe4e,1
2697,b86d6726-d04b-43f4-994e-3273ec3ca9fb,3
2700,a8b70877-ebdf-4498-9cc6-075713a5c540,3
2701,ddd7cc21-b6b5-42a6-9f2f-0e7ea09a638a,1
2717,d0b9366f-1464-4f58-ae79-f004ac948d85,1
2726,70beebe9-3ca3-450b-b425-7b136816eb27,3
2764,484d725f-c099-4a45-8fec-dac1319da3f1,2
2767,6f633925-1ab7-4c6a-a98e-e04ee940b787,1
2782,4a127913-8541-459f-98f4-e9a93b934019,1
2790,7bd34390-8a92-43d6-b5f3-196c2ca83e2e,3
2798,693a959b-c85f-4b57-b28b-7b57f4a94e00,3
2800,1ac1ac9a-1a1f-4c4e-8948-315ce2515a12,1
2801,1ac1ac9a-1a1f-4c4e-8948-315ce2515a12,3
2845,7a7007ac-f6db-4ce5-ae99-a7aebd4ee5bd,1
2853,4b5cc645-9202-4463-baaa-ad3a3c60cf2d,3
2855,3dfe70ea-0674-4129-ada0-96ebcf91a301,2
2857,fddb0cfb-3584-4f13-841f-24d72fd45c95,2
2858,fddb0cfb-3584-4f13-841f-24d72fd45c95,3
2868,edaf5f15-e965-4e64-b8f9-d9fe66c2c8e3,1
2881,652fd125-5675-42a7-a385-6ac5b8fbbaa4,2
2886,e70827df-d6f1-494e-8313-4116a1d9e105,3
2889,3db851a6-df66-4f6f-b01a-b1f481b97c84,2
2890,3db851a6-df66-4f6f-b01a-b1f481b97c84,3
2895,8b1ddc74-36e0-4d7f-9990-2bd0267ee35c,2
2896,a9ea5d89-3fc9-47b0-ae0b-7125b6948e20,2
2897,a4a2ad4c-6da0-4aa5-a0f5-78f7437fae07,2
2899,2e7937d6-8e0f-4411-a8a0-e810ed876f15,2
2913,7f7dfae7-055e-4826-973a-b9471702c944,1
2914,7f7dfae7-055e-4826-973a-b9471702c944,2
2919,283b8317-4adb-47fb-af6e-fc0a6a30bfa8,2
2927,1df23010-a654-4985-90d2-8ac857c63b65,2
2936,c01312d8-d783-4877-9c7e-c728032c7c80,1
2944,9c243f43-73dc-4a30-90aa-f4b3b2130dfc,3
2947,0fffbe76-9a58-433a-8f21-8a170022dbb0,3
2948,b0592279-d411-471e-8877-b7430170e541,3
2967,42ac3a6b-bdf0-4a8e-b3c5-493265a67f16,1
2968,42ac3a6b-bdf0-4a8e-b3c5-493265a67f16,2
2971,e4c649da-6bac-40bf-9633-5f59f099b5e7,3
2973,725d8f6d-57e5-4f71-b77e-94cd576c74df,2
2984,ee079aa8-93a1-4001-809c-aa205610240d,3
2991,ac7eb2b2-3b72-4680-a0c8-690079e49898,2
2994,9fe65f71-3b10-41ae-9b4b-d858e5e8d5c6,2
2996,72e688e0-e0b8-4594-8598-7faa723256dd,3
3013,a50a7098-683b-494d-9cca-d18bf09bdbd3,2
3014,a50a7098-683b-494d-9cca-d18bf09bdbd3,3
3016,d68967bc-5206-4710-9f57-ca27d79a3c66,3
3026,784502df-c4a2-4335-a17e-44ec42dd0cdd,1
3031,4d375dc6-3d94-4042-a234-444747302ae8,3
3034,07b36053-5fed-47a2-8e28-0ace2f7b8319,3
3046,d5dac76b-58af-4a82-b3be-436259a60d6c,2
3084,f6f1af76-ccbd-4242-a54b-944dbcf854f7,3
3087,27682ec8-cafc-4cd8-959a-4a6862b6d9cc,3
3120,2c9c8a26-0caa-4ac2-8bd8-3c8271bb77fe,3
3124,6558912d-8c87-424b-b7eb-a154d25255bc,3
3130,6569a445-7c2a-4369-bceb-412978239cda,3
3134,d99fba70-e96a-43df-822d-b4ac6cbc8daf,3
3151,a7889cab-5603-4ee9-ae5a-e934fa1213c5,2
3152,a7889cab-5603-4ee9-ae5a-e934fa1213c5,3
3164,dc890c4e-df8f-42e2-88f3-fd817122844b,3
3180,d9a82c57-74b5-47e5-8539-dd6d6735ff24,1
3218,834192cb-746b-403c-a88d-f22b2e228ffa,3
3223,bf6a23bc-745f-4a7a-972e-ed743128bcb7,3
3228,9fcc2437-0f4f-42f8-8b01-4edd372b6046,2
3234,45a9f188-fddc-439f-9417-421cb1b78788,3
3237,beb75bdb-0f5a-45c5-9837-25b9119a602e,2
3247,0f270d1d-848e-4335-931f-c56cc6faa4f7,2
3251,180e8291-8f6e-4f57-a6d7-2326bf922c69,3
3258,cad3be68-826c-4f1b-8611-8c558eaa06a7,1
3275,fbcd89a6-1485-48bb-b6c6-01b2ef25d47f,3
3285,00384320-9c59-4468-a0cf-408b5d7cddd3,1
3291,b76c4e83-da3d-4921-a2dc-5254f144d04c,1
3297,7dd0392b-646e-439c-a15c-e8ce92566774,3
3306,6b620f25-a0d9-4125-86a4-02faa30857e0,1
3308,6b620f25-a0d9-4125-86a4-02faa30857e0,3
3320,3ccc7da5-3415-4e5f-9344-5a6df6a258a1,3
3326,f688868e-b278-49ff-b44d-1b3c7e94a16e,3
3333,d3670d7f-9aa0-4a2d-9e57-019861af9d61,1
3338,4f962ae4-9a4d-4068-ac8a-36296eb1e33d,3
3342,ae80a1b5-e45a-4ed8-935d-51b54e0bd1cd,3
3345,31a9c980-3d2c-4d94-9ee3-67987cacf200,3
3346,fbf1337f-ef9d-4f8b-bb2f-fcf245590b6f,1
3358,2610fc88-8471-498b-8841-403522d83ab0,3
3370,40b582b3-eeff-421f-b4c2-edc2f2e2eaf1,2
3373,f7ab3a38-9dde-4317-91b2-7cd4a6d4d36a,1
3381,8aedf609-117e-4cd0-9c1a-803e01edc57c,2
3383,50478631-7671-40d0-899f-dbdf465abd51,1
3392,7257dba2-07a3-49b4-8736-930534526c15,2
3393,7257dba2-07a3-49b4-8736-930534526c15,3
3394,70f13677-d578-47ab-bdec-7c384e1c926b,2
3395,70f13677-d578-47ab-bdec-7c384e1c926b,3
3398,e3f0d425-ae30-48b1-a411-fcac1682f005,3
3400,d3e89edc-ce0d-4381-bea4-2acb389973be,3
3412,7342ab6c-49df-42ed-aa64-8d16703599c3,2
3413,7342ab6c-49df-42ed-aa64-8d16703599c3,3
3417,8d5be9df-1a59-4051-a38d-58cf732624b6,3
3426,bdd1c654-bad8-413e-989e-3d9bfb6f46e2,3
3430,de5111b3-e3f6-47d5-8da1-8040d51ef7f5,1
3433,9699c12c-5d15-45d0-9a71-9a3a258de94a,3
3435,68954c00-3f6d-47db-a7ce-2e109dd9b07c,3
3437,37f98bcf-6e59-4fff-8c81-d1e5301dd2ce,3
3467,213a3773-a544-484e-9283-88cc4f51b1dd,2
3469,ad6bcb7d-f02a-4e02-8f4b-2aef3abc8a5e,3
3473,f1a6070f-3806-4ff3-a740-e2fe7f56a57c,1
3498,16f8b540-39e6-45ba-8ca9-614b667e8c48,3
3504,ba634510-2042-4af4-bf74-0fa2b8ba899a,3
3514,75931cc6-add0-4950-aeaf-ddac1328f946,1
3515,75931cc6-add0-4950-aeaf-ddac1328f946,3
3524,4f0603df-b576-44c0-989a-05416318e465,3
3526,9a64cccc-3cb7-4cff-9a51-d265d7b44b97,3
3535,3938685b-dcac-45c5-a73f-86e6e7e6fdc2,3
3543,9ff7a650-8a7d-4b9a-9cd0-2d91a0264100,1
3550,db4ef6fb-aa5a-4a42-8f8b-573d602ab326,3
3556,388a2ee9-3946-4ac4-a4b3-500b210b251d,2
3561,db811e1f-2db0-4f3a-8bca-423599f65853,2
3568,33e38d7d-5db7-4dfb-9ce5-cb7d0b55b21d,1
3573,7da2e58a-3ede-4cae-b948-ba3a2785db6b,3
3595,d4789864-4f32-4905-a8f3-afb321c6c722,2
3598,9b1539dc-5283-4597-bd2d-ca1b52825156,3
3608,1ca78222-5006-4de6-b8f4-fce93aa08f3e,1
3610,1ca78222-5006-4de6-b8f4-fce93aa08f3e,3
3621,e2ac2180-8554-4d90-8d35-7c3a9d348b7d,2
3628,8da1573f-2c27-459b-a774-77620b1b3816,3
3629,5db5d8f8-760a-4636-8e53-69db45baebc5,1
3634,739cdbac-1404-4e6c-92cb-f2f3c752ebd9,3
3644,92106155-492d-404e-a0dc-418d40d85d24,3
3645,7b7c0d1d-0cc5-4438-aafe-731f3e761698,2
3649,47392bad-4475-4c1c-b0eb-bd01cd0822f2,1
3667,64928553-cd03-490f-9bb2-bdd371cb6b44,3
3675,1af4825d-0951-492c-af23-5aae7ed67bc7,3
3683,36db3730-d26c-4232-9004-97e8bfac319d,3
3686,4a77b859-e392-40a2-9f36-14d924dea38b,3
3693,1f30bfd1-f4e5-499c-92e3-375bfb4b40ed,3
3698,30c6ebe9-0cfe-4936-924f-343e796caa58,2
3705,426fe0f7-09b1-43ed-83b3-6fb947704c7a,1
3713,12d8bf22-606a-440d-916b-6779135cc645,3
3715,c5bdf936-eda7-4105-9392-04ac39432d3a,3
3722,f2d78d55-ec47-4d12-b9c7-abc64cde5e5e,2
3740,d9c9f90b-80f4-4885-9cd0-4f946a31e0e3,3
3741,6c3c818b-1c3c-49b1-97aa-a4d981745497,1
3749,bc6735c3-2198-4bbb-af6f-a3246118d196,2
3772,348e5f7f-269f-41b0-8721-f61e6f861097,3
3778,54eac520-5bc1-4c64-8816-e8c4e685887c,2
3779,bd25ddba-aa51-4235-8dc6-1b154a7e7503,3
3783,140a4c4a-2fd5-4899-aca6-01e098f0f443,3
3784,7affc611-3ac8-4495-8c63-45cf393aec41,3
3801,6f288614-ebaa-4aff-b943-e00e8e5cf51e,3
3803,c4389a02-7c9c-4750-b0b2-7f40aa4894af,3
3805,3dfb5b0c-c166-4674-a022-5c4ab228efd5,1
3808,769fe3ae-5ffa-48f8-bb49-7fc1d6301168,3
3825,66e81c9a-09c7-419d-b19c-166c09207cf5,2
3828,a3e5a811-a528-4510-a2cd-5faa28c918c9,2
3836,e277d9a6-6810-4c2c-b4d0-6bba3fb20412,3
3837,9f5f19a1-4e52-4097-a656-03676d6e7a1a,2
3841,46060d6a-7b7a-4169-8ece-8fcd3d43f11f,3
3846,114f4510-4707-4333-90fe-54898cff582d,1
3856,0ea131a9-3aa9-42c2-8a4f-48ee5de5ef2a,3
3861,36d3fcd6-a3f1-46ba-b55e-996d01aa94ad,3
3868,9e9db86b-6017-42da-b777-8ee15db5065a,3
3881,d2dcbfcf-2873-490e-8652-b80f5b0be084,3
3883,2cfbedb3-1ba7-414d-8bdb-e128d241ef75,2
3884,2cfbedb3-1ba7-414d-8bdb-e128d241ef75,3
3887,c0d56e63-1cf9-4438-9638-b4dc45dfa3cd,1
3889,c0d56e63-1cf9-4438-9638-b4dc45dfa3cd,3
3905,95807340-e14a-4b67-8af4-ce66bc5c2334,2
3912,212dc2fb-a906-4235-b16a-47c20cf101c6,1
3923,414cabce-5541-46b0-af0c-aecef570b66a,2
3942,ca1fa8b9-b167-4048-97cc-e8239d677308,3
3965,10fd493c-f9bc-4f9c-9e54-874a5529f331,1
3970,bbcebfed-5e54-4e43-812c-b109815c320f,1
3990,64eed95e-ed01-4550-9d60-8cdcf3630b67,2
3993,210297ca-c70c-40f3-b178-10c2eb490b6f,1
3995,6346d134-1b33-4952-8ff2-c74d99715b40,3
3998,6f754066-f7a1-43f4-b110-c84b20cea050,3
4011,6989dcdf-47ed-4edf-8fb6-8676efc24ac2,3
4013,e27034e6-9278-433f-828c-a50387ddf6d9,2
15,037940c4-324e-42f5-b232-227c7859cc5d,1
22,419d39fa-e8d2-4d80-bb68-cab0845a59b6,2
23,419d39fa-e8d2-4d80-bb68-cab0845a59b6,3
24,fb2f87f3-2d01-4b34-9668-a102c6d35bde,2
27,fd71d1e3-eab6-43d5-9299-cda0ca5ff6b1,3
42,994a73f1-d5ce-421a-9602-90c0132ca07b,3
47,e2f6436a-4c31-4f92-b966-f260e18cad1b,1
81,a33fe489-9b36-4eff-bc2b-31e8b85318d9,2
83,77f7e422-33e9-4f99-88cf-29e51394d805,2
87,728bf8cb-07b9-416b-b79a-7f0c954ae5b3,1
115,d4cba695-f59f-40c4-961a-01d26633c6a7,3
123,274644d0-6784-46d7-b75a-0e1c681a0882,3
133,7d5f11f6-a894-4fa0-abc6-e050a71fae28,3
147,14207665-d8aa-4bb9-ba9e-1681d2c62631,2
168,5509f073-3854-4e00-8a4f-c5b5237bb98d,1
171,4c683d6a-1982-4e3c-abfc-0e984c63c324,1
174,d86468bd-3af6-4baf-8502-e9c2eb3824c5,2
190,68e2028f-5048-4786-803d-39473dc070b3,3
197,f5918592-4110-4c31-adac-96ece873257c,3
202,e9c95767-2652-4ef6-9bfd-6d92adbd0d49,2
217,fb09af46-fe3c-4393-ba0a-e9f35814573a,1
229,13956ab2-b332-4b55-8972-48f07d7a97ce,1
235,ecfe93c0-4f69-44cb-a6d5-589231757452,2
258,19c69c92-49e3-4c52-9dd5-50411d414ceb,3
284,c5121441-3148-4d78-8cd3-3a39da3988d8,3
289,981d447d-cd48-447c-be92-2705c8ac06da,1
300,1d084b1b-f17a-45ff-bf0b-11f7be46d25b,1
321,9b243680-c9c7-4be2-b08b-82c0b4fd9de8,3
323,8653bc13-1fe4-4300-97ff-bf5012674f95,3
344,bebd8b61-5b02-4fba-a5df-c2bec26c68a9,3
350,d19aeef0-c5e9-4140-bc31-8e75013d4d4a,1
351,d19aeef0-c5e9-4140-bc31-8e75013d4d4a,3
353,9e97722c-9af5-4b3c-a64c-bf1a9fab7b05,3
356,ff961bec-0c49-478f-a70c-4fcbb9b1bd66,1
359,4b5768d1-714a-43ba-b49e-5c4b3d692439,1
363,ac469521-54be-4377-ab3a-e3e71605ab61,3
367,e176dcdf-b8db-435f-99bc-df51e8dacf43,2
370,d863acca-2d4f-45a2-b09f-7113b9fa632f,2
389,5a49a4ce-b39a-478f-b92b-184ff88e4fa0,2
391,835d53f8-96ab-4cbd-92f0-3edb968d95a4,3
392,bd8e1688-1c55-41ff-b45f-eb4fae4574ad,3
395,71051727-835d-4406-a855-74dffac69c28,2
398,a3611cb7-8086-4870-a119-a926ef18bebf,2
400,f5822fcb-a5b3-4234-885d-4ba3dfb65bda,3
409,64be5ea6-8fea-4e62-8bb2-50688ea9f9d7,3
2419,b7324f71-5ab2-4699-bef3-c9a3aadeffcb,3
2427,adfaebf4-2f7e-441e-ae8c-f97d19719a6c,2
433,e85bc770-6071-43d5-ae73-6ea35dc480a9,3
436,83cf8980-a6a3-4ddc-9267-a7d7d82d846d,3
451,ba9bd9b6-a0f3-4d50-8610-51b7e4bcc897,3
454,589327f3-4a5b-4521-ae84-5d67f3942120,2
467,8da8587d-16f4-416f-b5a1-85e24fe4e732,1
487,a7d0ce3a-6667-44d2-b08b-b26c397a732c,3
489,65264f98-d21b-414f-92be-55635246b12a,1
539,edcb21e7-6b7b-456c-aaae-72b6f944678f,2
546,4501a2b1-a351-417d-b8a2-6d738d6e0531,3
548,4e5b9385-5ce1-4f28-a2ad-3b89e6ad4989,2
569,4e983797-ebfb-4670-bd1e-8899d74dd7e4,3
575,ca419c21-9135-44b9-ba59-eee4967e4e26,3
604,a1edd9ce-e927-4744-ac9e-68e51055545c,2
607,eb827519-3b2b-43ab-bca2-40b32f0281b5,2
616,22e17b67-6f6d-452f-ac84-d3aebcc7e27b,3
623,af4ca24a-5b9f-4add-ac97-8b809d78a279,3
633,3be8ae74-51c0-49dc-aa23-9daf7b5de2d0,2
634,3be8ae74-51c0-49dc-aa23-9daf7b5de2d0,3
652,f75532d1-2c62-4f6a-8f01-c74374fd8de7,3
660,33506069-0ab0-4d68-bb98-49edb323ce3b,3
668,3f16f572-0724-4fc2-b309-89b6a7d0aeef,3
672,e061c295-8c69-4c1d-9b05-49743c724917,3
677,7431ba66-89d2-496b-a055-714eb0b38d85,2
680,6ad2e6b0-3a17-4617-956f-ab1473e2c381,3
694,7c621c22-35cf-4d01-980c-a64aea89be9f,3
711,38e0f873-4c78-4209-8df3-0f07e3567238,1
713,9fbddab6-287c-4a8f-887c-cf70d56d2316,1
719,8b4be7ea-a3f2-47e1-88c7-91d0ec1be7ef,3
756,116aaa3d-e668-46cd-97e8-39c1f3100566,3
757,5f355452-1f0e-4f6b-a8f1-481948f94dc8,1
761,cbcdfad4-2cad-4cc2-b612-61ed6d02b73a,3
769,dd7860df-627d-4295-8150-5ecb5b441e48,1
781,d4fbd159-ae8f-4d23-8436-52e7abe24748,3
783,5a36d78e-9316-4bd7-8437-6d09ea776057,2
784,5a36d78e-9316-4bd7-8437-6d09ea776057,3
790,d7ba735f-42a5-43f2-acda-2e64b8ada1c0,1
793,579f734c-b38e-405e-a633-bb335cb3458c,3
806,e3c5b14a-9681-43a9-9a11-72e9b93da204,3
811,ae624b21-9e8c-433f-acda-3b5f5752136c,3
813,8ae058fe-8d27-42d7-81df-11b9513a879a,3
814,bd319115-3599-47c8-ad88-57898dee1b99,1
819,db24d35e-986c-4d30-87f9-370028582220,3
826,2dd9f383-a10d-4fa8-8343-2ce5cdff1b4b,1
849,8f6e9d71-4747-4e18-80f5-001b5e99343f,3
863,0a45f37a-e5fb-49d4-b64b-9d02f1121360,3
870,2c332323-c0f0-4cda-ae3b-d9af06abbbf3,3
885,cfbda441-ff0a-4cc4-9049-8f6c267410ce,3
896,0e0b24a2-e4ce-43f4-bb53-73ac8617d81a,3
916,09776944-1a13-4c12-b370-8a77db543794,1
922,a664674d-556f-4956-b4e5-df837c9cb1fd,3
928,c4b293d0-dc33-482f-bbf0-934b8474e31c,3
931,1be3023f-3849-49ca-90af-6e21094ea261,3
933,b4b91dae-3282-416a-9230-6e6145e3c2ef,1
937,f95e794b-38d8-44e1-b81d-6b75446a43bf,2
941,896159cb-6256-4943-b59c-b68e96c81949,1
944,52a47937-b51f-4e01-bf33-6f8e24645c9b,3
979,48f054b6-23b0-41b9-b1a2-d04eb9cc3895,3
983,6db570fa-56a3-4d50-862a-d056d96506c7,3
991,e6493f10-d5c9-4e05-9254-dfaaee595388,2
995,7fbdcc72-5e9b-40f6-9330-1919230ae632,1
999,97a25772-8c9f-407f-a6e5-9b463548d2bd,2
1006,509da479-b861-4af2-ac2f-cb196a9b3a98,3
1008,49d6be7e-0133-4d28-9723-f8a21ce5b4a2,1
1014,fa8ea8a1-66f2-437f-ba5b-d7b544caa5ca,3
1019,3a6c102b-f9f4-475a-b2ba-d4d7136161fc,2
1020,3a6c102b-f9f4-475a-b2ba-d4d7136161fc,3
1030,3d0f0158-d8cc-4dbc-a600-b1e09379fd49,2
1038,62937076-1beb-4c1b-b209-701123d77bdb,3
6733,52527a1a-c342-4322-81cd-c69a8466b9f1,2
1079,a6b7c56d-5d0f-4c31-b82a-f5fda72de292,2
1088,26fd32b3-08b8-4ed9-ad64-16067c88da0c,3
1093,cf6ae232-5fce-42bd-9292-69298941894f,2
1095,ad796de3-2904-4ab6-a4b6-a607572a4f36,3
1105,82de94ea-7a87-49df-8c1e-2a7967e87fc2,2
1106,82de94ea-7a87-49df-8c1e-2a7967e87fc2,3
1112,0ca08aad-46e2-4805-a829-c6cb4b013087,1
1115,48faabe3-2f60-4a88-8f80-db2044ed5c8c,3
1116,75dbf6c6-6b81-43cf-841b-ba0e90c5ac07,1
1122,130e4dbc-424c-4654-bd15-98cb7c9fe0e5,3
1131,ebccffc2-3b14-46a4-bdf2-228788697c1c,1
1138,e2bb8fbf-4806-48c3-a779-904d692211e5,3
1156,cb0c82b8-7160-46c3-ac16-459374982084,3
1157,709cec47-66a6-4782-adaa-68fa060b9e66,1
1159,709cec47-66a6-4782-adaa-68fa060b9e66,3
1160,e09406ee-6c69-41eb-8797-ab45526c8535,1
1161,e09406ee-6c69-41eb-8797-ab45526c8535,3
1165,55da397f-31f9-492c-bd7a-6cd99dd51aba,1
1171,6a093c14-ca36-4458-baf8-55bfad406299,3
1186,69d7fad5-e69f-4628-bffa-030234eece2f,2
1193,5d93cac9-9187-49d6-9414-4609f679cb6d,2
1195,a54f08a7-f71b-4b6f-a96d-9c368322ed5c,1
1213,112fd121-9c0d-43eb-b237-5d2f6cf3ddb7,3
1216,c00cb093-6df5-43b3-90a2-2632d9d0c9a7,2
2436,b8e644e9-bf96-4cc9-9957-a608eb915d23,3
1230,3416b577-058e-47dd-9d98-8c0307199f8f,3
1233,b9f96be6-b2fc-45b3-a899-968fbaef32fc,3
1239,d994fda6-d49c-469c-83eb-8edd98916c2f,2
1258,cb19225a-2027-4d2d-9c17-ee67a27ee0cf,3
1260,501e612a-acce-41f5-bbe2-f09a1a3dbec8,1
1273,60ce900f-327c-41ce-9287-2c4fa6fd7f90,1
1276,9fe4f5c2-4b8f-46e5-a83f-549ca8eeb02a,1
1286,567760b9-3acf-4865-a75e-d7bacf56e3f3,1
1288,567760b9-3acf-4865-a75e-d7bacf56e3f3,3
1309,0c1ae113-6636-496d-834c-aa163146593f,2
1312,b2e1715a-fdbf-4d84-a5c7-eb904591e9c1,2
1320,423879ed-0b08-4f85-84da-794a8b6a3701,3
1327,1e47f5b7-ffcb-478a-98a0-7e99aad66064,3
1336,e356ee65-bed5-4bd4-8a17-ecf1a464c0c8,3
1338,7696f2c0-ec6b-4b60-a18a-804705797dc9,3
1344,8cff9509-35c1-4268-ab92-b6e10d2240ac,1
1365,264cacaa-4b1b-4dd7-8936-78ecad9a0a07,3
1409,7da09edc-510a-40a7-b3bf-3e0dff989d60,1
1413,d213d573-6027-477e-b749-6914a73c2f45,3
1415,d3952427-e5ee-4e06-885b-5236b0eae735,2
1418,ecd7d69f-7390-446f-b823-46f639fae52f,1
1426,7d9ccdde-150a-44e5-a205-ed1a2cc1a557,1
1427,7d9ccdde-150a-44e5-a205-ed1a2cc1a557,2
1445,34826fd5-e64c-4527-81cb-24a627b23fdc,1
1458,44e5fafd-6daf-4b85-8722-ef0afe9b2d17,3
1462,ce442f45-561e-467b-b258-a61b99100236,3
1466,79bfb6d4-8ce8-4f8f-9427-bf110309fed6,3
1497,74c6f3d6-24f5-4875-9be8-011f89272b76,3
1509,cfe36abf-7039-41e1-9409-23e0115d2ec0,2
1512,0339b2ae-041d-46a5-951d-c5b263666928,2
4020,181895c9-74cf-4c10-832c-f96d4f8b92e7,3
4021,7c0f1d73-efb6-47f4-b208-209f2207ec82,1
4028,1013af77-bb1c-4aa2-8748-f83998b6a608,2
4030,00d62521-e063-47f9-a4d7-e1abdc762ae3,2
4031,7be21252-83c0-46ab-a16e-cbd5953cd679,3
4033,c0bdf615-27d0-4f74-9a94-ee1420eb4a40,3
4045,a3b5d11f-df3a-4e9b-8dba-3cfa3d9dbcef,1
4057,6c46f101-42cc-4185-b29a-089c84a6ebdb,3
4061,06f77fd4-500b-460d-9de7-fc0e2aa69be9,3
4071,569491b3-29cf-44ac-99a6-42bea6149e6a,3
4072,0e54e722-0e5e-4388-927e-aeafbd6ed044,3
4099,4339c39f-ab51-41ce-bca3-b5f02959a219,2
4106,3ece8276-6021-4316-9b82-3222a3a694da,1
4109,2ea119b4-5340-4557-9d46-d6d70bf1552c,3
4114,6b1a7664-cf3c-4d0f-a487-119e544a865b,3
4121,44d55159-7ae4-410b-a9f3-d6736458641c,2
4123,c66f34b6-bf16-485f-91c3-33901d94b24b,3
4124,7471a8c5-eb5b-421e-b292-3807985c5171,2
4130,9d58f9ca-dedd-468d-ac8a-2880d219897f,3
4134,746c5b6d-5a16-4a90-b1b8-85c5a225aea7,3
4135,6d928b3f-c360-4a24-a5ef-918da5e7ef0a,2
4139,07f4941e-1212-4a95-a8c8-c365b0fc6203,3
4147,0286fd7c-2d05-4be8-ac23-1a9fa63301b4,1
4158,064e538a-76d4-4b2c-be87-e1595214caef,3
4183,ff0b1ba8-3fdc-45c3-b239-6f726eab9d11,3
4190,f00b0d1a-3d55-4118-b28b-a0d728f0f58b,3
4191,091b5218-f977-443c-b0db-e8a36098d433,3
4192,0a596804-7da6-4d02-8b09-32733bda14c4,1
4199,ced6a337-5320-4e9d-8690-07ea30a362be,3
4211,4b22ddf5-3754-481e-8986-89b2454c35db,1
4215,0e9b2a65-14ac-4539-adef-5e7deb938a27,2
4217,00e81ffc-108f-49e4-b0b0-b4e780bc96bd,1
4235,d7d62cdd-4570-4e76-9d87-ccf5229c9a03,2
4236,d7d62cdd-4570-4e76-9d87-ccf5229c9a03,3
4237,cc159045-2951-49d5-a73a-0070d35ce8dc,1
4250,5e2890a8-1d99-4516-99ed-3e7fe17e76d4,2
4256,6cc50d91-18a8-4ac2-aef3-2c8214e35bc5,1
4269,af4167eb-f4ed-4adf-a4bd-e5c67ed00018,1
4280,7236fb66-1caa-4c8f-b962-755a895ab0f0,1
4285,0e5b22a4-0ac3-467c-b4f7-13a820690165,2
4286,0e5b22a4-0ac3-467c-b4f7-13a820690165,3
4291,54b50531-a540-4051-b11a-5c8c6b9975ff,2
4294,a4619d7a-939d-4362-a8ef-d07a6110acea,3
4295,69d84ba3-285a-44ee-8931-2ca9b9a02c3a,1
4297,14564414-e72d-42d9-b1be-be0e9665d414,1
4301,6a5150e8-5682-4d84-a54d-6b21b86b6b94,3
4302,6a722b24-fb43-4c72-bec9-a8a1b507373c,2
4310,dc0555b4-515f-49fd-8265-930e74a1240a,2
4313,24cbbad8-2c22-4070-9623-ff7fee141832,3
4318,32aa9d4e-6560-4027-a3a4-4eb96f6cce4f,3
4322,1d0f57a1-a812-49d5-b3b7-d67b95d931de,3
4323,9bdaf2ee-f332-4720-93d4-db44598c3a0c,2
4324,5e7d17d1-9bf3-4312-8675-152cbf7eda38,2
4325,5e7d17d1-9bf3-4312-8675-152cbf7eda38,3
4329,25f08b65-6b6e-40e6-bdec-f5f820072f2b,3
4330,2c35ab10-59eb-426c-9687-dbd02e17ffd2,1
4334,59a601de-7868-4e01-b840-efcc1345e702,2
4337,68120928-e162-413a-8246-1c27d555b4b7,3
4351,c20c118a-1adc-42cc-b39e-3626199345df,2
4363,dba0bf80-1207-43d4-ba35-4f4166e2720d,1
4366,4b7f0f6e-cd0a-42a4-a256-429c340ff195,1
4368,55ee4d94-b677-45d1-9bb3-88b1da00461d,2
4376,f67c5417-79c4-4172-975d-f287f9d71729,1
4377,f67c5417-79c4-4172-975d-f287f9d71729,2
4384,fcbe9242-4cf1-40cd-b845-8c0d82a9be83,3
4425,0addde3c-97c5-4513-bf2a-198bdeb2e589,1
4433,e5ff8f20-57b0-4882-b6ce-5c2cdc5e1fe4,3
4442,edd1791c-31e9-4072-8983-4dc6ea50dfa0,3
4448,2da73460-e7c1-4c29-a9a3-b85d6f4557c4,3
4452,6d24905b-df54-4971-97f9-4066e7bc9a42,2
4470,1e396de3-164e-4d15-a221-6da17de8a9e3,3
4473,29bba621-af97-4b90-825b-5b39a72b4543,3
4484,ad4b4172-a314-4e94-8766-4fe3423a41c3,3
4485,b2b3df73-8d0c-42ea-a61d-16e7b16d0863,1
4488,e0f9911e-1655-4ffc-a5fb-9790f86d01b0,1
4516,34164fe0-3b33-4c93-bdd6-79a8384687ab,3
4517,38ea9494-e9c9-4dc2-a769-f4477cd67bb1,3
4536,53692d84-cb01-4082-a678-37484f4edd52,3
4547,9408cf92-c98b-4ed9-8b88-8a37a69632ea,2
4905,ccb24d50-13e3-410d-8a87-661211435daa,1
4569,610e68e9-a38d-4cfc-9af4-d6915775b4a9,3
4571,ebe8280f-bb7a-43c4-a74f-efbb7a8fb3a6,3
4572,3019ffa8-9ebe-40be-8e25-dfa4feafb8d4,1
4573,3019ffa8-9ebe-40be-8e25-dfa4feafb8d4,2
4578,31be48db-16ba-484b-804a-b80cebe00693,3
4580,60811026-13d1-43d2-83b5-b14a370e9311,3
4588,97d6a46a-3a5c-4e7a-b0d4-0a04e78a544a,1
4601,65704466-0c48-4741-9393-8d0773efb29c,3
4617,6bb6f8ea-96d4-48f4-a902-b193f00aced0,3
4623,994b5467-4129-40b1-bb36-ca497dbc80d5,3
4625,f26e8258-0df4-4c52-8cde-da6f57f6f26d,1
4628,b645efe4-1598-4c3c-a8e0-12804dbf196c,3
4665,35503964-7b12-4a56-a4fb-cd45fb5f4567,3
4673,4880472b-a8db-4204-a705-ac80c6745635,3
4682,9247a051-94f9-41c8-9b64-46b5a29560a7,1
4689,b6fd59ee-9326-442e-8867-dbd5f9a79458,2
4695,d658b928-d0a8-4f51-be5d-fb79e5c61583,2
4696,d658b928-d0a8-4f51-be5d-fb79e5c61583,3
4701,f4fab66d-f1f9-465b-a5e3-c2ff55f7bd71,3
4706,1735a5a0-5bdd-4015-bd64-696fc6e2fc93,2
4719,042a7645-c2a2-472e-b9a7-9548bf9c89f5,3
4746,b3aeb504-39a9-498d-8dab-7cb2815b3c2a,2
4753,0962bde8-bbf6-43b1-b096-45214152edd8,3
4757,89708799-6f62-4a3a-bede-619d1c3f4f90,3
4763,0f54b4f1-5893-46e8-8567-86a72808582d,3
4781,74915c16-df6a-4fd4-8e3e-3d387a3ea7fe,2
4786,6123dfde-895e-482d-909b-6e2616cbaf4c,3
4795,c52cf6c6-3f69-45cc-8c4b-f11b512368d9,1
4810,4f1a530e-5aa3-4d22-98af-bd66c4c618f5,3
4813,60001268-8258-403d-8dbc-9467f1a3cc20,1
4820,e576d0bd-1213-4cb7-ab49-dc8660ab92d9,1
4823,df58ad92-644f-4a41-a425-4e31c0b52549,3
4824,18426b3f-1019-47d3-b8cd-7733751c73e6,3
4830,37fb14dc-3577-44c0-b184-08bd5fb87c72,3
4874,5f65024e-9704-4ac3-b88a-b6e141bcc004,3
4860,e60021ab-c015-451e-bcbf-c02627ef2f3b,2
4880,0b84f8fc-72a2-47be-a371-ed15bb15627b,3
4889,79fb7ec9-d212-45da-9b3d-271b9d431b56,2
4901,48d20e73-c620-485e-8adc-aca4416f2602,1
4903,69b99e66-f1f7-4bc6-9d77-a0e2cb36474a,3
4911,98e5b2de-94f0-49e3-a086-3804b3ba74f1,1
4918,981be07c-2759-4573-b69d-1f233f36bc45,1
4921,58570fbc-8a49-46fd-817c-791bf2153eff,1
4922,58570fbc-8a49-46fd-817c-791bf2153eff,3
4923,4504f8e5-5c5d-4ca8-9b4f-45dd16f61bbb,1
4925,4504f8e5-5c5d-4ca8-9b4f-45dd16f61bbb,3
4930,de2dd641-5b2b-4a6c-a8df-2ba3e61f3315,2
4934,30030f1c-10d0-4ec4-b78d-3e6246b3208e,3
4935,c02cc18f-52c7-4034-aaa4-b5c7336af633,1
4956,6c2db683-3761-4f2a-adb1-68db5b61a325,3
4970,5c5232ae-b0d8-465a-95c5-a670bc4e8b09,3
4989,d6b4c0d5-2596-43b1-ae9f-14da5293bc83,2
4994,c01ac483-5612-4e16-9e38-7157132df6dc,2
5022,b0b106e4-5c1d-431a-83ff-9ff1b09e4a9c,3
5027,2a629433-9bd6-46df-a6a5-16ef4babb830,3
8028,85fc0824-46f1-4360-9bcb-38237aa715d7,1
5070,49b084ec-835a-43f3-b39e-b574ed99723c,3
5073,e724de4e-019f-4b45-9611-209f0f02b23d,3
5074,d0e319a4-6b1f-406b-a2d9-4dd5ff7dc665,3
5076,ae1d1a12-fee5-406c-9fb6-b17fc1aea7db,3
5080,39e7e686-8d7a-4d47-81be-922a277fe4a0,1
5081,39e7e686-8d7a-4d47-81be-922a277fe4a0,3
5087,d13403e3-c89c-490e-b062-4c2d9f2cf627,1
5091,9082faf1-bf2e-44af-9cad-830ae24e893d,2
5099,52a3970c-b032-4e1b-8869-708087bf620e,1
5100,52a3970c-b032-4e1b-8869-708087bf620e,2
5103,be984629-8984-4b5b-ac42-e3fee30b6b59,3
5131,19db0844-2bf7-4c91-bbc9-014431473504,3
5133,410939d0-6584-47d6-bbdd-ea257d2c2979,1
5135,410939d0-6584-47d6-bbdd-ea257d2c2979,3
5150,80369194-c454-44f5-81da-74d11bf9cb5e,1
5153,12fa6274-16a3-49dd-8664-0d062319bb1d,3
5160,6136586d-7762-42ce-9e55-1adc69c7e6ef,3
5172,304a56de-ffb9-4545-af59-6740f087497a,1
5180,5ca15626-59af-4cff-9615-9cc938c3f391,2
5185,81c0c4fb-6e9d-46cb-af8b-39727e35be66,2
5194,d2f21d91-4f3c-47d9-80ba-39906aa23b35,3
5195,80ddb309-7076-4afb-9e97-ee1552fb59fb,1
5204,efb5cd01-bd39-447d-ac08-b9c322d0d646,3
5223,d4048a1d-7ea8-4f91-83f6-e2f7aca5e8ed,1
5226,23e8fd31-b411-4344-a216-898548eb68eb,2
5230,9b909f27-7e8e-46dd-9e50-919032351f5d,3
5231,06f0885d-b787-4f88-8089-7505e5e6dabf,1
5250,2f487731-d1a8-460e-a751-879857fe6fec,3
5260,2917fa23-7b01-4fa8-8d1d-5122f208f715,2
5265,ef3e5891-937e-4cfe-955c-bec0d8f724ef,3
5266,ab0b0eb7-980d-4b74-920d-50a4cf019c87,2
5268,4138fbff-6bca-4b67-abec-677a97755d22,1
5308,2097f084-56cd-4c4e-8711-17a46e1aa98e,3
5309,5de04cec-b674-460b-8b50-5a284161114a,1
5312,b9178195-af22-4839-9a59-a3ae0102b3f2,3
5317,bd289020-b507-45e0-9ea6-5ed5a33d8d28,1
5328,4e72de91-d1ba-4936-9a0f-398cd096e53c,3
5334,aa4cf6c1-13a5-4190-b3f9-909da48355fc,1
5335,aa4cf6c1-13a5-4190-b3f9-909da48355fc,2
5336,aa4cf6c1-13a5-4190-b3f9-909da48355fc,3
5337,7e15405f-ea4c-441b-b134-76fe503647e5,1
5341,268e1cf0-312d-4977-ac9f-25d2a48e9bb9,1
5346,1d936ea2-baa3-4afb-ac1a-dace49d24622,2
5353,23d594f1-b345-4c66-924e-d62e9bcb65ff,3
5357,857c0ef8-189a-4f11-a716-6ed0581607ab,3
5360,5a54b17b-7e58-42d9-a8a9-c95c24c1be37,1
5385,c961f0ee-aebb-43ed-a948-a7212f530fa0,2
5387,37687e26-c708-4b47-9485-c7f5f8eaaff9,3
5400,a9cc6983-86bd-492d-9a8c-2224d31797bf,3
5404,3d07de10-2e28-4578-a166-0e8c406a3dce,3
5421,51a5a37a-585b-44a3-83b7-a258efe39e9a,3
5423,7a6bce35-b0fd-47f6-ac21-8d49ed341d73,1
5427,49612ecb-1216-4ff3-985c-84567ee33210,2
5435,403abd0a-6604-4908-8eee-bc889259ab5d,2
5457,ea0fb4a8-19fc-45a1-aaf6-7a5294979c5d,3
5463,c4b4f61d-ebf1-4560-aff4-f91aecc963fe,1
5466,39bec4e2-eae9-4a81-92f7-037311641e25,2
5479,48a18171-8cf1-465d-9e4b-1df78e5f3f6f,2
5506,fe14ba05-56d2-4d51-8778-43d97471388e,2
5512,e05470c6-88fc-4c89-b1d3-e0a14f6879e4,2
5514,964a3119-96ff-4344-b1ad-3f05d7babefe,1
5516,1d43ed27-7033-4e61-9dbb-3a5b47c1be8b,1
5524,f8c37fe5-1a73-475b-bc63-3c8f10e45381,3
5527,00036046-75b7-4f0e-a363-10d4b7c09b35,3
5550,47c1b315-679a-4429-bef6-08cce0dd0064,1
5551,47c1b315-679a-4429-bef6-08cce0dd0064,3
5561,d17c9bf1-bf37-4e7d-9745-42c20feeba85,1
5566,15e9733f-32c4-468f-81fd-dd39714fb8d0,3
5574,0fac98b7-079e-4d00-b2c5-d427bb44d96c,2
5596,b04f00de-caa5-4bf9-ab0a-7f66ced8e233,3
5597,374c1e40-1ac1-42d5-a2e2-25ecfbb734e2,3
5600,d41772fb-d33d-4110-a43b-a4cb32df1885,3
5606,37def4bb-f00f-4dd1-85b9-ccfac8b90c41,3
5607,6225c784-d0d7-4412-884d-aee0342e6961,2
5610,a539a89a-3358-4f21-881b-b41497c08bd0,3
5629,65580372-b7a9-493a-9dbf-0e931fb5a704,3
5647,94ad6a29-b12b-43b5-8813-15fbbebf9bbe,1
5657,b9b45422-ae93-40ca-ac8e-44036ac6912b,3
5679,b4f9354a-7112-4d71-bcac-cf6d2dd59130,3
5681,83a9ab44-e97f-4c1e-aba6-b9c45753c4bc,3
5701,2b88816b-c0d3-4b04-93b3-bcf5c2e37a0c,3
8031,741e082d-7465-4534-987e-34e18c160190,3
5707,f8543606-9543-4ea9-b346-e08947caa67b,1
5736,0b2c2266-aefb-4f90-9b72-de58cb4d42b9,3
5740,d75ab891-7978-4cb4-a959-dd204ee4fd4b,1
5755,54a2a5c3-84d7-42a6-992b-d98addcc6b22,3
5758,683e0340-9db0-465d-ba69-f3819b760427,2
5785,2aba7149-f5be-4ab2-993e-323aa881f61d,2
5787,f67117ef-7b49-4356-acc8-39985b3978e3,1
5796,6409f5f0-2fbf-42b3-a08f-7eba838cb1b9,2
5801,c46c719e-8110-44af-9156-36d6ea732bfc,3
5807,83b20cc8-130c-471c-a0d5-69c73afea1c0,1
5809,e9ff6879-dbdf-46d3-aafe-8c3e17467a94,2
5820,a9768eea-b03c-41ca-b9bd-474da7e516da,1
5825,4eb3f43b-b2b7-47fe-8db0-34d2b7ff510d,3
5843,d1a7a8e7-9918-4656-93f0-5c5da7f055f7,2
5857,7e7fa69e-46d8-4d8d-92db-4387416bdc1f,1
5859,1c800cd9-62e7-4b1f-954a-fc1c4e2194be,1
5862,1adf50bb-640f-4d26-b418-8b3af003f701,2
5863,1adf50bb-640f-4d26-b418-8b3af003f701,3
5884,ad85e8ae-7d76-46c2-84e9-7a9f9a4cbdd5,1
5889,f0b7a050-ad28-42cb-90e0-392bfd69e62e,1
5899,435670d0-2d77-476c-b67d-fe13246a7fb3,3
5901,e1880e1d-8788-4a84-9163-bf61c8be2675,3
5902,ae19a0c7-8b90-4687-8b5c-5dbb4e2f7245,3
5929,1e7a6a7f-67b2-403d-8d05-a560c9b97032,2
5933,823abd00-de51-4a56-b0bd-1e8d6c6254c7,1
5934,823abd00-de51-4a56-b0bd-1e8d6c6254c7,2
5943,c56dd665-d04e-4cfa-b258-c6ff447a262f,1
5944,c56dd665-d04e-4cfa-b258-c6ff447a262f,2
5959,78ff1431-e7f8-4ad8-acd7-725b896f1c51,3
5964,c5ace4f7-c59d-4ccb-9b28-f2ea6e46c8d5,3
5970,84c478b5-911c-467a-b5d1-24c8a5bfbae9,1
5977,b4e28c0e-5934-4d1f-a708-58fe0bc9db82,3
5978,41fe62ec-3373-4718-9f0a-adb39ed5d0e8,3
5985,7cff5a1d-3ef5-45cc-adc3-5e804b3da499,1
5987,7cff5a1d-3ef5-45cc-adc3-5e804b3da499,3
5988,474396b1-e1f2-4038-a6e8-7646c8904a82,1
5994,b79c8416-58d6-488e-aaad-130ee53d805f,3
5998,764cb59c-5105-4768-9f84-a7e9a23f1110,1
6000,f3d343f1-97cf-48f5-96a4-2c2d4a912773,1
6002,f3d343f1-97cf-48f5-96a4-2c2d4a912773,3
6015,50d8280c-96d0-4d89-b62c-c139b0a09449,3
6025,d8386bce-af06-4aba-a6fd-daf4d1850831,2
6028,a737f93e-1c8f-48c2-bd95-721d4180ad3a,3
6052,90ab6bdf-a5b4-4b70-8b8d-edcb0276d7a8,3
6059,d1f24916-907a-45fb-8a35-5a5fc5c8902a,3
6069,4a9d8b1e-414c-4051-81bb-1040dcd22e6e,2
6076,340d7c3e-43bd-4813-a0c0-a3bf730a92a9,2
6084,943dc9cc-9497-49c8-a0aa-cc13a2bf3b92,3
6100,5d384266-1441-44c7-ab81-268aaec3b8e7,3
6105,ff0f8462-50c4-4951-869c-73aebbba682e,2
6107,3e02fbfb-294f-4179-b287-274af586d911,1
6110,49844a6c-c12d-4e44-ad2a-e6fa06689ae5,3
6126,ffddf589-ae4b-4830-ba29-a852391b7dd2,3
6141,1b65b727-591e-4952-a593-552435b14235,3
6143,ef5c4419-96d2-4cd2-924d-450874d4885d,1
6146,1c8d0613-0e81-43fd-9aa4-36dbf1003daf,2
6148,0121a9c9-624b-4c0a-9f8a-c1fa8c74ea53,1
6156,93161a68-0d07-496a-a6f8-b1cb33b5714b,2
6164,c3fb1a71-3b99-4e0a-b4fc-6744a7687458,2
6171,0bfbc3e3-c2a1-4d99-b216-82adf3a13dd4,2
6178,f614fd53-f8d7-496e-9974-276e5450e451,3
6193,cb5e9db2-bb5b-42e0-a6a1-0050115a540e,3
6205,41ced395-d7e9-4b4e-ad1d-774a1d87d116,3
6221,cea68f51-05f6-4ebd-87ef-bb8fce84dc04,1
6223,cea68f51-05f6-4ebd-87ef-bb8fce84dc04,3
6224,f9d20656-777d-4159-ac32-b46f2f11d59e,3
6226,ded1a1fc-1615-4442-8c53-1932e9b7f45d,3
6235,1ec2ae2f-5233-47e5-bc63-97df1723dd89,3
6237,bc3d6afe-67fd-4f4d-9faf-39a9152bc0ea,2
6239,b5bf2cdf-f606-43ed-abff-66dcc786636a,3
6251,a2ddd36b-7184-4e11-910e-297cbfb5df8b,2
6273,7a40f248-4338-4f2b-af8b-ac1b84a8960a,3
6300,84851fc2-740a-49f7-8f0e-c5a42d034358,3
6303,f37f50f0-2f1e-42c7-95b9-4aa906e8ff7e,3
6317,3cdf6ac5-be44-4850-a31d-8a08aada8618,3
6319,2f336ad2-6541-4455-a98d-b2d97b42909c,3
6324,1217cc50-8b7a-4bdd-be91-e87b0bd150f4,1
6326,1217cc50-8b7a-4bdd-be91-e87b0bd150f4,3
6333,20ff34c0-2428-4851-92ae-4f053c39d40f,1
6334,20ff34c0-2428-4851-92ae-4f053c39d40f,2
6352,495d91ff-21e5-4406-9502-058eb66da216,1
6385,5a584584-858b-4d14-92b1-d0017b9d50da,3
6394,3566e586-8d1e-49d9-ba06-2683c3cb1600,2
6425,a42f0855-7e1a-4195-86cd-b22ff61e6586,2
6450,8e0b5b30-7876-4bc9-9625-81494eaae984,1
6471,ee4088ee-67be-4552-8478-d16b35251543,3
6485,7134513c-428f-478b-b0a6-cedb77e6b439,1
6498,11a8015d-bac4-4c5a-a566-6855f3e3d23b,2
6508,519cbd9b-aa3f-4ffa-ab75-ccfc13ff940b,2
6509,519cbd9b-aa3f-4ffa-ab75-ccfc13ff940b,3
6529,ac3cc3d5-75bd-4d3f-939f-306072d3981f,3
6530,67db4605-8f9d-4c0b-b359-102fd24601a6,3
6534,23365655-bb57-495d-93f2-d00c2c6a8da7,3
6535,1d5f762a-0805-4129-a7fd-0976fc78edf1,3
6562,aa6a4e53-4caa-42d8-8c7c-38d831b692d4,3
6567,68ca83a7-52f8-4ad4-9a8a-ec7ed950a311,1
6573,02528cbd-94e6-4e15-b56e-d89f2e049508,3
6575,903b175c-8669-4cb8-a5f1-82d4ce32c9dc,3
6577,659fd363-8a0c-49b1-8b46-a2d857702350,2
6578,ca8f2e2c-df14-4cd4-b4bb-74b89b744295,1
6586,47516179-7b65-4ecf-892e-d2e49f8dd6e4,2
6590,8579cefd-7872-4b4c-bcd2-a8047e49af4f,3
6597,612519e1-0fbf-4b2e-9ab8-551719e0586d,3
6600,a674ef53-d97c-4204-a3d9-254bd787d8bb,3
6601,1859a738-0b33-47c9-a49e-1462ba7fa2a2,3
6610,7f2debe2-e905-495d-8477-d7be3d4d238f,3
6615,ae1630f5-1257-4aee-b655-c1526e7bae08,3
6624,f121319d-d22b-4265-8335-838ca6d172cd,3
6626,357022c5-1cf8-4591-aebb-a4a1cd407d7d,3
6650,e902e196-b605-42bc-abe6-0f8ca999fb63,2
6653,55c355fe-cf85-4d0a-b3a5-111e6734ec39,2
6656,5f460f9d-81f6-4297-ba72-521763c60e82,2
6671,6b6e92d2-36f5-432f-8f54-f603828847f8,2
6673,a9f764ae-22a4-4d95-b642-d3514c9be0ab,3
6688,f1900fdc-81dd-419e-b9f3-01c3c32c8010,2
6692,650ed0fb-f88c-45a9-bfcf-b5361a9635c5,3
6693,6dc4b05b-a1cd-4527-887b-e3cd383d49ac,1
6695,6ecc0bd7-a4af-4c43-994f-6da3ef7f81c5,2
6696,bdb20215-b13c-44e2-a749-e99b1c76a08e,3
6706,482014a3-9c8f-46e8-9e73-6b6a4b4cd3cb,3
6720,478708e9-bf92-4ca3-a438-b36d3972d0a5,3
6742,18325e8e-4e53-4f2c-8a02-da67afaadda6,3
6747,4bfad49d-f300-4f1f-9d93-bd73feae9d0d,3
6767,4ab81094-d0a1-46b5-bf32-8e926c70dda2,3
1520,968d87d8-64b8-431c-b905-6694b218c147,1
1521,968d87d8-64b8-431c-b905-6694b218c147,3
1530,166b1fb5-de90-44a1-9f3b-e79463cf8412,3
1569,2d93c025-df19-44ee-b37e-517414bfcf24,3
1581,81bddea8-92f1-4641-903d-2ebc9683bcec,3
1583,3a65fc07-a1b7-4c1b-9948-f9f37565e1bf,2
1585,110bc984-5989-4602-8c80-5b061f143cc7,1
1590,9984b006-99e8-4f69-bcf4-2c68e004086d,3
1593,1564f544-df68-48f3-b676-4fbf59d06847,2
1606,09d628dd-681f-410b-bbc1-2c291809d76c,3
1612,3e3ac544-9cde-44ce-b021-5f78879a5270,2
1633,10fc9d3b-0f05-4412-b93f-168a766fa26d,1
1636,6a3a443b-cc59-4f75-9987-fc5e8cb70ad0,3
1639,2b55b089-f97d-4c10-bbab-538653860fe9,3
1654,41f21550-bb90-4249-9384-213c98151198,3
1656,cc91e9f6-f41b-472c-878a-c0aa537c52d4,3
1673,68543147-0a63-4730-9092-b5ed6b8c0c66,3
1676,f743d087-6fa9-48f3-beea-191d03d56b9b,2
1678,b59d185e-1133-4488-a392-cc580014334a,1
1684,e17b934f-3ffd-4c74-887b-11b5bd63c959,2
1709,d311626c-e8e3-4d26-97b2-5b82c8f2a497,3
1720,b2db414c-358e-47e8-bece-43408937b54d,3
1730,33446bc5-e602-46fd-9ca0-e6ed8aa292b4,3
1731,0a4ebb79-10ab-4936-98c0-372547798daa,3
1754,d038ec8e-731b-4a30-b922-fea6ae268be2,3
1759,9d489e33-28de-4ab0-beed-13d5fbc8c29c,3
1768,da9d7d35-b5b2-4237-aa1e-2ee01cd40979,2
1769,da9d7d35-b5b2-4237-aa1e-2ee01cd40979,3
1774,a0234b35-5dae-443e-a6dc-4ab7c305c52a,3
1791,0871a9f1-d367-4c4e-a0f8-45313234f235,3
1796,11e7e953-cd23-4b50-93d4-4cfc49250088,2
1808,7278d8d8-2c54-4271-90a6-9af73ffb8b72,3
1817,b8adf3a5-e23c-40e8-a296-0a3f30cb2fcc,3
1831,ff0bc7ec-213f-4f50-96d7-3fa2dd2e2388,2
1840,df1e3b0a-0843-498f-8d5c-e440d28e2c96,3
1856,6d4c47da-2b07-4c68-bdf2-1d9fa1f24d84,2
1858,a193756d-3d1a-4bbe-b1ea-5ff2bdb2a992,2
1859,360d3314-9a89-4656-a1c6-eaf153471624,1
1870,b432b467-573f-4c57-9d2b-3d194f92261c,3
1885,a8a1080f-e777-478b-b4e0-38c40715b274,1
1901,7b8e8d62-c6cd-4d52-9627-64f6ab6dad0d,3
1912,7d62b3a1-ca0a-4bfc-9a5b-975d60a85499,3
1943,6da5b199-ba27-4a9f-ae70-110cdfb50714,3
1949,834841d7-a9fb-428f-9f1e-319a6872e13e,2
1953,83e9a2af-4c8c-4515-a3d0-55e18f505022,3
1954,36153bcf-4598-4220-85f0-051f454bdd7e,3
1958,231b5667-3132-45ba-8fb2-cc79848fe2aa,1
1963,5006bbb7-de32-495a-8337-44cf4f5ada43,1
1973,768d1c9d-7a5b-405e-a0d9-2096cb8f4a0e,3
1977,49061d30-3908-4d50-a30e-87343a0c6961,3
1981,556fb925-44d1-407a-aef8-7e46d2fa4eb3,3
1984,d2a59627-bf6f-468f-9bfd-7d96149bd704,2
1988,6be52858-5149-4f88-bdce-da99cf58c232,3
1989,b77d6ba2-7b34-45a6-8c66-0114f5edcdad,1
1990,b77d6ba2-7b34-45a6-8c66-0114f5edcdad,2
1991,b77d6ba2-7b34-45a6-8c66-0114f5edcdad,3
1994,8ff04c32-b828-467d-a116-0e28a7698f19,1
1995,8ff04c32-b828-467d-a116-0e28a7698f19,2
1996,8ff04c32-b828-467d-a116-0e28a7698f19,3
2008,d26781f5-0e1a-41b9-b0ba-b41722e47e45,1
2012,646c717b-285a-4a21-bc8d-71df37278255,3
2046,17cb0d12-38c8-4355-80c9-d72cb03db874,3
2058,ac685447-ebcf-4cc0-a64f-6ef339c6a7d0,3
2060,9618ddc7-4387-4524-90cc-4110e4aff58b,1
2066,7b3feb5c-72aa-4fac-ae56-8b3467bcbdce,1
2070,7309b682-d8be-48e3-8cdc-a8a1eea7814a,3
2074,49d786c2-f6e1-4265-afe3-105d782dfabf,2
2079,e92d4b57-eb4c-4d80-9de4-e00d399e4baa,2
2084,b3385f74-dccf-4b32-b831-67e458c60fad,1
2087,adb01053-b8ce-4517-a3c1-33543a7a46e0,1
2091,0daf9a92-a82b-4051-a1e3-49eeddda0bf2,3
2098,e39d9e87-a0cb-414b-9abe-c86d376bd828,3
2101,4704632e-8aa2-4a49-a432-a36162cd6e6a,3
2112,a2779be8-4dd9-415c-b75c-617ab5f31c52,2
2114,9ea973d4-e184-488d-9f6b-4cd091158a3d,1
2131,4d051485-e7c3-4ef3-bdd9-176e9ce77d43,3
2136,3d6785ad-28d6-4d74-83fe-41e914958954,3
2153,4cd7303f-8095-482a-b7e2-cd7dd864513f,1
2158,1b7baad6-3d8f-476e-9cdc-448997a6515d,1
2183,a45f5d7d-5fd3-4de0-a116-d65f57989934,1
2188,7656ee73-3ed4-456b-8143-8407b95a3554,1
2190,5703327e-5b36-4181-be8d-c49a00ec75c5,2
2193,09acad1e-a657-497c-8950-3456c7c315fb,2
2194,09acad1e-a657-497c-8950-3456c7c315fb,3
2196,541297fd-603f-449a-920d-5bc2d10a6de1,3
2200,b673f45b-d076-491e-86d7-14434a7579f3,2
2209,61f7c99a-40ed-41c5-bcd3-daefa6fb0b8f,1
2211,61f7c99a-40ed-41c5-bcd3-daefa6fb0b8f,3
2213,6e995185-ee28-4ba7-9df8-5e7b1e511864,3
2217,afc43143-2510-464a-afa7-576f0e7e3cea,2
2227,28781e0c-3c9a-4625-beb5-1902fd548929,3
2238,20b26b0e-22bc-46cf-a37c-3f547c88684c,3
2240,88042c11-1b59-4d66-8b5d-13e375c69c2a,3
2247,e0d932f4-8d48-4bb2-bd7b-465d1821dc98,3
2263,acaf32f8-a065-499c-8f8e-17d08c01bf46,3
2264,d034e7e1-82a6-49e2-b6e7-ef72d96e1915,1
2278,aa493338-2d88-4da2-86cd-e821ff4dc419,3
2280,f302b5f4-c6b5-4271-9531-da2d2835906a,1
2310,ecd206a9-bcf1-4c67-8ef0-6734ad25af74,1
2326,8757ce3f-8d89-4199-a5da-6a1d83caac4b,3
2342,59e26411-a0f1-4382-9b7f-fbd16d41fc1e,2
2349,00c7b0f8-8573-4b09-baf6-f6815f437e5c,1
2357,8b794cc5-4e7d-425e-87e7-2e12c7330088,3
2369,501f94b8-ebb6-45b2-b02d-b08dee616c71,3
2393,5c4cef26-43cd-4b21-86ed-6de3a1fca070,1
2449,0d334c68-4d9c-4119-a836-b1d8f9023c9b,2
2471,e2306f55-8e72-4288-8e8c-15ce1e69a187,3
2475,0ab75ece-3ad1-4a92-8f1e-843347877ac1,3
2494,047d575c-86bb-4780-a97b-610c892939fd,2
2495,047d575c-86bb-4780-a97b-610c892939fd,3
2506,cb82be84-9781-43ab-910e-fb5cb0c43fea,3
2508,404e4937-a1f7-45c7-a54b-f215f07a405b,3
2512,98bca9dd-4155-44c8-b3e9-c22a485aaf93,3
2528,1a6a88eb-f23e-4090-8b60-b72e5e1cb061,2
2532,6088c2e7-a584-484b-b0ed-e8a1e2045fc5,2
2535,4afba26c-a6f1-435c-a1ab-e667fcf335bf,1
2565,561fbe2f-5b82-4a05-8377-2e25c59464d7,3
2570,523171d2-a69e-4a25-9a50-3f63f3aa3b54,3
2574,25e6014d-650a-4286-b5b8-608f4eb76844,3
2582,06aea5ec-a06c-497f-88d8-08e3830efabd,2
2592,73b3a7d1-25e1-4b53-9ba8-2878d9e066ae,3
2628,9aba65d2-66b3-46f7-8be9-9e3c61128d3e,1
2634,55391e9d-a841-4d8b-ac55-f254aa785e4b,2
2639,865415be-076f-445c-a587-7dfd03bf60ad,3
2658,17c57699-9828-4d50-9336-ef4bdc47b21c,1
2663,a643a4f4-33cd-402e-ba0d-217ac9a37c65,3
2665,3fa08a03-673b-4223-94dc-843011dbe23f,1
2677,e103a81e-f27a-4302-9701-ef2079495005,1
2686,24079246-846a-4816-b19c-7ac65eb64955,1
2696,b86d6726-d04b-43f4-994e-3273ec3ca9fb,1
2698,a8b70877-ebdf-4498-9cc6-075713a5c540,1
2699,a8b70877-ebdf-4498-9cc6-075713a5c540,2
2709,8271b8a4-4850-46e2-99f0-bb629f4a734b,1
2723,4fd22d29-87d2-4306-a57b-dc192975e12f,3
2730,e0c68358-e446-42c2-b070-ca5efd336313,3
2741,617c46cf-a9db-47f5-8394-4d7699946ac5,3
2742,65d7a9e5-29c0-4a7c-91dd-349f6aa9fca0,3
2743,4cecc6c7-391f-4bd5-b961-f9d6d2731ac2,3
2744,6a911aec-fab0-4469-a3c0-ca719d7b292a,1
2762,8938259b-d346-4686-b1d8-3c78241c940b,3
2770,eccf9520-4c1f-4a3d-b7e9-108dda9be034,2
2788,61b084b3-a92e-49bc-bf16-57d003a21eca,3
2794,51a416e2-7e3a-442d-978c-03538259aff1,1
2797,435417a9-01f5-4549-b6d1-8c583d4bd152,3
2803,9ec32a5c-dde5-4597-8fe0-7ba4e9a54ecf,2
2806,2d3eb25a-d634-42fe-9488-da181f1bdaf8,3
2811,9f93028e-cee3-4e65-a1a5-0114de4d4181,2
2813,8a72fc95-5148-49e7-b259-3db94218613e,3
2818,1486d198-aa34-41aa-bca6-e2e698c1d75b,3
2824,a09f6c50-23c8-40ff-b831-0499348becaa,3
2826,09c9f95a-85eb-41e8-ba36-cac11a5dceda,1
2850,32f126db-41b6-457f-ae15-cb08522f8093,3
2851,e7237c04-c12f-4a53-97b6-a6ebaf8645e7,2
2856,3dfe70ea-0674-4129-ada0-96ebcf91a301,3
2872,638ae737-5515-4e1a-8e0a-0ac76e05aa8d,1
2882,652fd125-5675-42a7-a385-6ac5b8fbbaa4,3
2893,1b0657db-180f-457a-a3e8-d04cfafdeb46,3
2918,5a4ed4ed-e6eb-42fa-97bd-1e2fed50b7ab,3
2920,283b8317-4adb-47fb-af6e-fc0a6a30bfa8,3
2926,ea553f74-9012-4d19-8f39-39ca70b2f989,3
2981,261ca4fd-dd39-45d5-9054-45b3c4a24f42,2
2982,261ca4fd-dd39-45d5-9054-45b3c4a24f42,3
2983,ee079aa8-93a1-4001-809c-aa205610240d,1
2990,ac7eb2b2-3b72-4680-a0c8-690079e49898,1
2999,e7315556-bdc4-4adf-aa5d-55a70bb417be,2
3019,3d4f8f92-7d50-49d3-ab71-ddc6a2a29e15,2
3030,4d375dc6-3d94-4042-a234-444747302ae8,2
3033,93ae94d4-9e86-4175-b2c5-b79564686d30,3
3036,a3c634dd-0670-4df1-86ba-8c83a8abb1da,3
3055,3a57839b-ba95-45d4-ad5d-9b48ae51540f,1
3063,86fa9445-25c3-4e1e-940b-177adafa7d65,2
4,63c45ce9-fc57-45a5-8cc0-ccb6d1237b2d,2
7,713bc8db-15dc-4ca2-af3a-d4f1e2a232e1,3
10,dcad78a5-a628-4a1a-a9f4-f06c06dd549f,3
16,037940c4-324e-42f5-b232-227c7859cc5d,2
18,ecd28330-8931-41f1-b14b-4d8fc7d45fc9,3
19,789d0230-8304-418b-a820-3149565588a6,3
25,fb2f87f3-2d01-4b34-9668-a102c6d35bde,3
29,621ef25d-f057-4a90-9094-c398799bf02d,2
37,81474d87-7837-45d7-bd15-fe147b95d9a4,3
38,e869d654-6cd9-4956-96c7-d782e5af0a1e,3
52,e03cdc9a-f1bc-471a-93af-e15f85d9ceca,2
56,ffc1f63a-330b-4669-b496-7d1c50d1ae67,3
68,0f17ed64-6625-4cae-b159-525c4127ef2c,1
72,c4fec5cb-819d-4f28-a172-e51a97046aba,3
74,0dac47d1-5301-45f9-91e8-c90251185695,2
76,f0212366-802a-4f23-8387-263ac4c0317c,1
82,a33fe489-9b36-4eff-bc2b-31e8b85318d9,3
93,89f3c9e8-3b66-4f88-a4a3-bbc9d9b38b33,3
97,5386e8fb-b250-44c5-a87e-a15a292337ac,1
107,1b0dd92e-01a0-44e8-910f-135623900db8,2
113,e3ddb829-5bc0-4230-b471-2d43530acdb6,3
131,e92c288a-331c-4ac1-ae38-75ea1cb15f1b,3
135,a5dc10b3-00ce-4bef-9da0-a2059b4a0068,3
138,1b04ce8b-a310-4451-ab16-ffacc4435e19,2
158,edf24b11-56df-41df-903f-88cea6b873c7,2
165,1868383d-bc53-4886-a8b3-12217258e9e0,3
179,936e4033-2ef7-4157-bb30-cb8c8316452e,1
187,d7a355ef-6a03-4e75-a7a7-96b5541c92b2,2
191,9f7cb6ca-a5ea-4fa5-ad32-2b3aab1562ae,1
200,e92c288a-331c-4ac1-ae38-75ea1cb15f1b,2
205,294b8494-586a-4057-8ab0-7d6858664ce3,2
212,9c5359bb-f713-4291-b659-38cb342d469b,2
223,9c5e8974-c424-4c63-a08f-65b955389df2,1
225,9c5e8974-c424-4c63-a08f-65b955389df2,3
232,53d1094f-d6af-4bf5-9961-06ea512fbfdd,2
243,7743f91a-9efe-4a7a-b0ec-6a9cef913769,1
244,7743f91a-9efe-4a7a-b0ec-6a9cef913769,2
255,3ddd5ef7-664f-4e7e-ab43-e81dc2f42c14,3
274,97819e8d-ffb7-4fe2-bbb4-4a1b4e7589bb,3
276,b38a2881-da51-4d56-991b-72a6ea536d64,3
277,b52bc5ac-5c4c-45cc-a7fe-1611231d2875,3
278,8e4f4c77-f3fe-410d-99dc-22f14f1fe59d,2
296,af97d795-5435-4604-b504-9d0aa7d94ad4,3
297,6e00cb7f-b4da-42c8-8a32-e0cc68d6aad0,3
311,76643543-f676-4adc-bcff-40831ee583ad,1
314,4b07f0ed-a0c4-46a6-9ac5-cb9078960266,3
322,47acc3aa-9b85-4e20-8ce0-39fb9ffa883f,3
328,485aea69-beb7-4a4d-9c11-5f6121beaab2,3
330,3435e0af-6287-4009-b691-ee0be4afcc19,2
335,4823e10f-7de1-4ec5-8446-29b67c69d28e,3
376,f87b842b-cff1-4bfd-a87e-bb77469d1fc1,3
383,87b448ec-39f8-4d9f-a3cd-6be2f3ab7679,3
404,49250f1e-ef53-4e0e-bd5b-844e6312fd51,3
410,842af005-b34f-41e4-8476-e94e7d85b2f5,1
2424,e57bf92f-d714-45f8-8f94-008a436aa02b,3
428,89e62db2-ef73-4a70-82ae-1da759d9d38f,3
432,e85bc770-6071-43d5-ae73-6ea35dc480a9,1
443,c936b738-08db-414f-aa47-3c4ad34f1363,2
445,331e7e8c-af14-4ce3-a41d-63da86fc6d7e,3
447,77d58adb-ea67-4668-ad6b-9ef459bada97,3
449,49f3d206-773e-4943-92f3-6853f4835429,2
453,589327f3-4a5b-4521-ae84-5d67f3942120,1
455,589327f3-4a5b-4521-ae84-5d67f3942120,3
468,8da8587d-16f4-416f-b5a1-85e24fe4e732,2
491,65264f98-d21b-414f-92be-55635246b12a,3
506,2c3a656a-1f0a-4b0e-99b4-fd743f8a630a,3
521,29dd9bb6-bd0b-4c70-af5b-e222696ccf52,2
534,df17f217-3819-4c0d-8480-1ed509a0f302,3
551,a6ba08ec-76c6-4140-bdbe-5019eacfebcf,3
555,29c256ef-7353-45e0-ab5f-04d2e2fbc61d,1
576,25d7b1a0-e55e-4cf7-9982-7b73bf3a8d00,1
579,b53ab611-2d02-4ff4-8a01-c08f6b07f4e4,2
582,00c45a16-cf22-452f-82de-0ecfcce5ced0,2
586,941f3e1a-0e8b-4d0d-949d-140d0d2807eb,2
595,cc969537-6cfa-4c95-ade3-d8ea7acd4460,3
598,ef19b18d-716c-4a03-a67b-5e65b156ed8c,3
619,a39f8c74-52fb-47e8-9140-3976da8345e1,1
638,41c4c2ae-69aa-4808-9ad8-e7bb1b398303,3
645,f9983ced-b73a-4ba1-94c4-849715180c2f,1
650,2281edd2-81bd-4912-a9fe-63c412e731f1,2
654,43cf3dc3-ba81-46be-ad8f-bb914ad480ad,1
671,75cd1a3b-5112-4a31-a7e0-15d1c7e4f671,3
676,7431ba66-89d2-496b-a055-714eb0b38d85,1
681,ceb4d1b1-5112-4896-a178-843bb9f9f8fe,3
684,f96a56ba-e6ed-41c5-97aa-99e6b9e0c74d,1
689,8580617d-86d0-41e7-9d20-73a0287e17b5,1
693,99c776ee-c22c-4cda-8d0d-b26a08dfb131,3
704,af4eed1e-51b5-425e-9c0e-ad497c531fc9,2
706,ff4fa70e-e2a9-4af1-a7be-836c8e0e57d6,3
707,8f1271c7-0089-4744-8718-0c6ba0648c6d,1
708,8f1271c7-0089-4744-8718-0c6ba0648c6d,2
716,fe14a1b6-5104-4312-9bb4-22260bba0786,2
723,fdb6b606-f95b-4725-8b58-15c62ab5426c,2
728,12d32be2-a486-4e50-9728-d8d531e74596,1
739,91de0d6e-2227-4620-bdd0-bce3ae5631b7,3
755,116aaa3d-e668-46cd-97e8-39c1f3100566,2
759,5f355452-1f0e-4f6b-a8f1-481948f94dc8,3
763,3d098eab-0000-4be1-b154-b5c3c0dbfbce,2
775,179da764-1ff7-47b8-8b84-adf67bca358e,3
791,d7ba735f-42a5-43f2-acda-2e64b8ada1c0,2
801,6e36c0cf-6875-4191-bc54-bf5aba0d0580,3
802,471226ac-f5b4-451e-9e13-3159ee8405b6,3
805,e3c5b14a-9681-43a9-9a11-72e9b93da204,2
815,bd319115-3599-47c8-ad88-57898dee1b99,3
839,79d33d7e-633f-4215-9174-0eada056b9f0,1
844,f35246a9-2c35-46b8-af68-33d4f9972085,1
845,789397ac-1717-43c1-b1a0-dcadf1ed3106,3
851,e6ee0c0e-63f1-42a8-a9be-241cbe51ce3a,3
853,5a7a380a-a3a3-4a9a-962b-ad4798542568,2
857,0f0f0e84-b09a-468c-8e56-eeaee402239b,2
873,737ab962-e6c0-446b-9b22-10964561ebdc,3
883,cfbda441-ff0a-4cc4-9049-8f6c267410ce,1
910,8ef3e397-36ff-487b-b491-5fb65c0df969,3
936,f95e794b-38d8-44e1-b81d-6b75446a43bf,1
938,f95e794b-38d8-44e1-b81d-6b75446a43bf,3
942,896159cb-6256-4943-b59c-b68e96c81949,2
943,896159cb-6256-4943-b59c-b68e96c81949,3
947,ff61be37-fd11-4742-a89d-e675c8c782a1,2
959,a483ddf8-e3f6-4960-a14b-3a168e8fe653,3
960,6cb5d5e4-9678-4cbb-b1f3-2d9fd66260d0,1
964,57da4823-46b7-413d-934d-852973686a91,3
982,6db570fa-56a3-4d50-862a-d056d96506c7,1
1016,32e96658-ba8a-4c9d-b203-c7f8bc76671d,3
1033,4f3bc6af-4b24-42ac-98b1-6854c1fce94f,3
1035,3f993305-0a92-414f-b988-df13aaed9b05,2
1052,d2b792ee-a17f-4491-a92c-57aa7dfd93d5,2
6731,daa29f71-04ea-4896-b0a4-382bed06e33a,2
6735,7b9abf7b-2b86-4e35-84df-1b328a680c9e,3
1073,9ffa774c-411b-42d9-b5cd-9becc4331aaf,1
1081,384a67b8-bc6f-41b8-be0e-5bd76966f7d2,1
1118,628d247f-a6ad-493f-b938-99de16d623c9,1
1127,bced1c90-3935-46ec-82cd-8fa195e0d89a,3
1135,a729cb5e-dc44-4d0c-afc3-6a82f8f31fef,3
1140,c59230a1-d521-46e3-8b41-277e54d46a87,3
1142,2b9f7735-fde0-46da-a4be-975767f99e42,3
1169,253912c6-d3de-4afd-aa0d-bb56c98a4867,3
1177,0bddf8dd-6915-46a5-a41e-2b6281c8a6d2,3
1185,cb4dd3ec-c8be-4a4a-ba6a-a0c68b34cc62,3
1194,5d93cac9-9187-49d6-9414-4609f679cb6d,3
1225,6b399edc-6b0a-465a-a4f3-c5b03fe61bb6,2
1236,cf2dd0e1-9392-4027-b7d8-279ea25d1dde,1
1238,d994fda6-d49c-469c-83eb-8edd98916c2f,1
1240,d994fda6-d49c-469c-83eb-8edd98916c2f,3
1245,16ff3400-7666-40e1-b805-ff237e8034e2,3
1250,facafecd-43bb-48fc-bca6-eb86dfe63d60,2
1255,8b4409e7-2365-46a8-bdfa-ea56d8568a53,2
1272,d022cda6-9af8-453d-8fff-91d0bae98120,3
1275,60ce900f-327c-41ce-9287-2c4fa6fd7f90,3
1282,f814c2e2-cde7-4550-b1dc-9c91b28ab259,2
1291,dd0c9edb-2e5f-4520-beb2-2f670db2e39b,3
1298,d8a65210-2e80-4722-9706-042581d2732c,2
1299,d8a65210-2e80-4722-9706-042581d2732c,3
1301,c80f7eed-da7d-4775-b201-8a77f099410e,2
1314,b1d7d69f-d04a-4bb4-808e-d4afbd5561aa,3
1348,556a1cc0-6b1d-429b-93a1-5324948a788d,1
1352,977ecf27-435a-4145-99be-548495218222,3
1354,ff3ee5eb-5605-45dd-ae9f-fa78cb28f08a,3
1384,be43ea9a-e493-4b92-80b6-649304400fe4,3
1393,4ae20384-3050-4484-b2c3-67abfda091f2,1
1394,4ae20384-3050-4484-b2c3-67abfda091f2,3
1403,0dc304c5-49e5-4863-9175-dafd58322180,3
1411,7da09edc-510a-40a7-b3bf-3e0dff989d60,3
1417,0706a8e9-fc45-4608-b104-c4cf4fbb152c,3
1419,ecd7d69f-7390-446f-b823-46f639fae52f,2
1422,c9e43f5c-1320-444e-9cab-315f402e15a2,3
1428,7d9ccdde-150a-44e5-a205-ed1a2cc1a557,3
2438,02cbbb5a-16bb-4061-bc70-3c73fafd4da2,3
1437,fc1d71a3-54db-4a6a-bdf8-3b8a155aa2fc,1
1438,fc1d71a3-54db-4a6a-bdf8-3b8a155aa2fc,2
1440,d01e40ed-18c2-41a1-bf8c-49df2a2f889d,1
1442,d01e40ed-18c2-41a1-bf8c-49df2a2f889d,3
2414,f0d1be52-23d0-416a-8771-b0d27392e642,3
12,7b97a614-0731-4e69-bfbf-8c5cbbedee90,1
17,037940c4-324e-42f5-b232-227c7859cc5d,3
26,fd71d1e3-eab6-43d5-9299-cda0ca5ff6b1,1
31,4854cc3c-d720-4443-b4ec-7b76f9d03b55,1
43,6d9df586-1a3e-4239-809d-ddafaaef837e,1
65,85535b86-ecc6-45c1-80fa-0708eae5a86c,3
79,cd3909f1-9174-45ce-8432-cfa424615647,1
90,a97afe76-de16-4188-a5ab-806d9f5a737b,3
96,b4c3b6bb-8398-40a0-a26d-9d05a5b06a4f,3
98,5386e8fb-b250-44c5-a87e-a15a292337ac,3
102,9ad88f04-6fdd-4d38-93f5-76a0c8ecde99,3
105,7ac6aa93-a5b9-4004-ab9f-5fa3759b4420,3
108,1b0dd92e-01a0-44e8-910f-135623900db8,3
112,e3ddb829-5bc0-4230-b471-2d43530acdb6,2
118,86b63e4f-881b-45ff-bf5e-d3f432e3e208,1
120,86b63e4f-881b-45ff-bf5e-d3f432e3e208,3
141,ca6081b8-4ab3-4c49-9973-c70540db173e,1
151,f317d4aa-eeb4-4858-8c43-3cb431ee08b9,1
153,f317d4aa-eeb4-4858-8c43-3cb431ee08b9,3
161,47d21ba2-859b-42c1-b558-e6e6d2059edf,2
164,1868383d-bc53-4886-a8b3-12217258e9e0,2
169,5509f073-3854-4e00-8a4f-c5b5237bb98d,3
178,044bc623-d7f5-4793-865f-96df8b8d80a4,3
188,d7a355ef-6a03-4e75-a7a7-96b5541c92b2,3
189,68e2028f-5048-4786-803d-39473dc070b3,2
192,9f7cb6ca-a5ea-4fa5-ad32-2b3aab1562ae,2
193,9f7cb6ca-a5ea-4fa5-ad32-2b3aab1562ae,3
198,a47a98b2-e7ed-4623-9e8f-39cd1ba3b95e,3
201,e9c95767-2652-4ef6-9bfd-6d92adbd0d49,1
208,d0a4a80f-5f0f-4529-a309-492e26d24756,3
222,f7fdb517-6405-432e-8bac-9cd3e7873b64,3
227,5e48e960-63b7-4839-b21e-3592eb6ed5dc,3
237,f449b750-10c5-45ad-a926-e201c0166a99,1
241,3863d3b3-616b-4275-80af-40d85a348f46,1
260,b9c0312b-040e-4e43-9469-fd3479203129,3
283,bd396b42-76ac-4382-92c6-b8426025b19b,3
290,981d447d-cd48-447c-be92-2705c8ac06da,2
320,5eb9f767-dc1a-4f5e-94a3-37571ffd916e,3
324,bd40a72a-95fe-48e7-b45a-4e365bc2754c,1
332,8062c202-f6c5-4832-8cba-8184b1a5caaf,1
338,186cce6b-306b-435f-b95a-5ba046738024,1
341,b7305f79-fe2b-4a37-9111-9aaf3fcc61c9,3
342,5cfd692a-59bc-472e-bd8f-613f5cfdfd6c,1
345,985054ad-c462-480e-aef6-a12eeb514552,1
347,985054ad-c462-480e-aef6-a12eeb514552,3
352,9e97722c-9af5-4b3c-a64c-bf1a9fab7b05,2
355,347f88f1-8d53-44af-94e9-616f215848f9,3
361,4b5768d1-714a-43ba-b49e-5c4b3d692439,3
366,fa80c9f6-8d69-482e-811c-0266b1c6f883,3
371,d863acca-2d4f-45a2-b09f-7113b9fa632f,3
375,f87b842b-cff1-4bfd-a87e-bb77469d1fc1,2
382,87b448ec-39f8-4d9f-a3cd-6be2f3ab7679,1
384,5e00e646-697f-4268-849b-ad3f4657d03b,1
411,842af005-b34f-41e4-8476-e94e7d85b2f5,2
416,726ffb19-feee-4077-98f3-20fc10c34498,3
2420,f4e9a053-3192-40b6-99b1-381dff630c87,3
431,6e26d1ef-4b59-4916-a372-3e18bee05a9a,3
442,c936b738-08db-414f-aa47-3c4ad34f1363,1
450,49f3d206-773e-4943-92f3-6853f4835429,3
458,7f4effda-bb3e-4fe3-9393-57f41f257a22,1
461,6a84ce30-bc28-4b4f-a79b-ca9dadde9182,2
470,4275251e-def6-41b2-ab53-280a03c42837,1
472,4275251e-def6-41b2-ab53-280a03c42837,3
479,61173b42-ef8e-48ba-9e8b-20505b0ab0bf,3
495,7b4daf5e-e3a5-4b8a-b8a1-552491c89b12,2
502,0d836d24-5cd3-44a5-95dc-7dc5633af345,3
503,1c6a96f7-82c6-4f9a-9642-16126abecbaf,3
517,104e52d7-6883-42a4-bbf6-011f1a9c6ba9,3
519,c9ca9a89-8c1b-4fc3-ae7e-9a5b9d89fc50,3
526,58f662ba-cae2-4ae5-8cf6-d55b65e0f2c8,3
529,c000dcd1-428b-4c6b-940b-f35923716412,3
531,48a0f16d-718a-4bf4-a3d8-b26d4b7fb541,2
552,8f5f0d48-e82d-4ef6-aff5-54605170e52a,1
556,29c256ef-7353-45e0-ab5f-04d2e2fbc61d,2
558,79cce8c2-ce23-444b-8d3f-e6ab5eb3cf78,2
560,ad406309-6f08-47d4-b45f-8cc6b156217b,1
2441,378d52ff-a569-48c8-b438-5dc2594f54e9,1
2445,79cb2f06-6ef4-4239-bc9e-54b9155d7b50,3
578,b53ab611-2d02-4ff4-8a01-c08f6b07f4e4,1
580,b53ab611-2d02-4ff4-8a01-c08f6b07f4e4,3
594,ec0ee3f6-3c5f-4cfb-bb44-0d04ee90ef72,3
599,5765951b-f64b-4981-a427-b8ab665dd5e7,1
610,dd20d45b-ffd1-4fef-9842-19016debb279,3
612,6fc3a7cf-6b2b-43ac-999d-67fd2c1a5da6,1
621,3274786a-42f4-4b99-aa79-e25f5b5d49cf,3
628,0f68193f-76db-40cc-b408-33de7f68733a,3
630,8c48a43c-259b-4ac7-9b70-647062fcc68b,3
631,ac0ba089-cbf0-4d1b-b1b5-1bce23e125e6,3
655,43cf3dc3-ba81-46be-ad8f-bb914ad480ad,3
661,23498023-02f9-46e6-8242-8aa4c0ef9d68,3
669,75cd1a3b-5112-4a31-a7e0-15d1c7e4f671,1
670,75cd1a3b-5112-4a31-a7e0-15d1c7e4f671,2
686,18612005-4ca1-416f-a3e9-c50d9d75580d,1
687,18612005-4ca1-416f-a3e9-c50d9d75580d,2
712,38e0f873-4c78-4209-8df3-0f07e3567238,3
779,73e5aa24-2f37-4106-aa1e-d67f0c21fe3b,1
821,0667743e-125d-4fe1-8dbc-58b77c03b259,2
824,65827bc1-5377-497f-9353-08375cadd342,1
833,eb8f7c2c-d5ac-4d96-afcf-dac7b40c1800,2
843,50f8f790-97ae-4ffd-be0e-13145d45a455,3
854,5a7a380a-a3a3-4a9a-962b-ad4798542568,3
858,0f0f0e84-b09a-468c-8e56-eeaee402239b,3
859,ed332563-b036-4ee6-b9ac-934814708d63,3
861,3d88efd5-1e45-453b-988f-5de283054355,3
862,0a45f37a-e5fb-49d4-b64b-9d02f1121360,2
867,eee66cde-e74f-4a7b-9859-d0cd636a3627,3
871,58dc6648-34b9-489f-8d27-5a3cbdad9bbb,3
891,ef4ebca0-58e0-4806-8527-15013fe2ed40,3
899,9d0a5d70-d4fb-4fef-96b5-f00da83fda83,3
901,49ac6d88-2805-4606-ad33-1866fd7093d9,2
902,49ac6d88-2805-4606-ad33-1866fd7093d9,3
918,32879f1c-e8b9-461c-84cf-e07ec6f7c3aa,3
924,54aa2cef-7014-4623-b2d1-12705f79d7d6,3
925,848b5fea-9247-41fc-a1bf-662da48611d3,2
927,ceb72bf0-aed6-4dbd-ac67-b262c25b5385,3
934,b4b91dae-3282-416a-9230-6e6145e3c2ef,2
945,067e8943-8d05-46ae-b5ae-455cffc43a7f,3
951,bbf78cc2-3378-4562-a570-dba8c31020cd,3
957,a483ddf8-e3f6-4960-a14b-3a168e8fe653,1
967,a1006350-7083-4f29-81da-560e08031c86,1
969,a3e26e57-a558-4531-a52e-d94ad1acdc1a,1
986,def6e854-1dba-4206-8ddd-d3923507fa1e,2
992,e6493f10-d5c9-4e05-9254-dfaaee595388,3
997,7fbdcc72-5e9b-40f6-9330-1919230ae632,3
1000,97a25772-8c9f-407f-a6e5-9b463548d2bd,3
1004,5de171c3-3377-4f04-9608-ca7c439d7ef4,1
1010,49d6be7e-0133-4d28-9723-f8a21ce5b4a2,3
1015,3727c00a-397a-4cec-82bc-e08dba642478,3
1023,0e5018e5-e62c-4193-844c-ca4d49c55a40,1
1027,117c2fdb-e666-47f9-9c5a-4ae9d11929c7,3
1037,62937076-1beb-4c1b-b209-701123d77bdb,1
1044,81679341-d632-408b-8c5f-f6315e428ab9,3
1046,5d31847a-8d39-4525-9b67-5ec6e7f7361f,2
1047,5d31847a-8d39-4525-9b67-5ec6e7f7361f,3
1054,736a8885-071d-409e-90aa-e82ed863b29b,1
6730,daa29f71-04ea-4896-b0a4-382bed06e33a,1
1076,3534bb06-81bc-46af-b7a4-4008c1452ded,3
1089,426c9257-7fa6-425b-9a5b-f741c9b9113c,3
1091,207f35be-5fd5-4b9a-a0e3-c720de29481b,3
1094,cf6ae232-5fce-42bd-9292-69298941894f,3
1107,be087fbf-528d-40cf-9c74-94cdb89c43b9,3
1117,75dbf6c6-6b81-43cf-841b-ba0e90c5ac07,3
1120,628d247f-a6ad-493f-b938-99de16d623c9,3
1124,b9405cfd-e043-49e9-b9de-4526ca71c1c5,2
1129,be34c614-8f7a-4e36-a0c4-4bb21dd5830c,2
1132,ebccffc2-3b14-46a4-bdf2-228788697c1c,2
1172,50aa0db4-fa14-4927-b747-43b14bc8c43c,2
1179,b6a9466f-52fc-4c5d-ba20-c8b2d39a0640,3
1182,9ba794e5-6d54-4946-94b6-91c1c893efbd,3
1183,cb4dd3ec-c8be-4a4a-ba6a-a0c68b34cc62,1
1200,733a5cdb-c4af-400f-938b-6049a35c6ca7,2
1204,e49d7e16-c597-4689-911f-96011a43ec09,3
1211,112fd121-9c0d-43eb-b237-5d2f6cf3ddb7,1
1222,55a9535f-6c09-4816-98c8-c5eded0b0e87,3
1243,e9a6e5dd-25d5-40e4-ae2a-f31165b9112c,3
1244,16ff3400-7666-40e1-b805-ff237e8034e2,2
1259,04f74a68-741b-4780-8293-a4bf133c310e,3
1262,501e612a-acce-41f5-bbe2-f09a1a3dbec8,3
1267,5ce5ecac-85f0-4dfb-9961-3e12f1f5c976,3
1268,635450a5-6ac8-467a-bfc5-37a4dd57b34d,3
1269,b913ce2c-269f-4873-b542-b5f925dcf018,1
1274,60ce900f-327c-41ce-9287-2c4fa6fd7f90,2
1281,f814c2e2-cde7-4550-b1dc-9c91b28ab259,1
1296,01ffe914-073f-4975-9383-b08770ae99d4,3
1302,c80f7eed-da7d-4775-b201-8a77f099410e,3
1304,5f2f6ce4-5600-4f61-8db2-362e1cbf9880,1
1311,b2e1715a-fdbf-4d84-a5c7-eb904591e9c1,1
1315,d900517b-a4f5-41ab-9720-179a8ac63d35,3
1316,ac303e83-f9ee-4856-89a0-c350709af753,3
1319,423879ed-0b08-4f85-84da-794a8b6a3701,1
1446,34826fd5-e64c-4527-81cb-24a627b23fdc,3
1459,8162beeb-3731-4218-b994-cc5032e87509,3
1460,ce442f45-561e-467b-b258-a61b99100236,1
1464,f64e12fe-c829-4e55-af64-61f6d7519c60,3
1482,de09d448-6e6c-4169-96b0-88e35d5b44c8,2
1490,7d6d5229-fe8c-45b9-a955-ec37930a8026,2
1506,29df832b-f6b3-46d7-a21e-56987445e3fb,3
1510,cfe36abf-7039-41e1-9409-23e0115d2ec0,3
1516,8c86cba2-ae1a-4248-b4a7-76945769e5b3,1
1535,f07f2909-28a1-4980-b65a-a9cbbf6dc043,1
1537,f07f2909-28a1-4980-b65a-a9cbbf6dc043,3
1548,ba12c962-aac2-4404-adaf-adb81e81f167,2
1561,20971266-dd5f-4c47-b269-f3afe41fdcd4,2
1579,904a3ad7-f34b-4d5e-aa4c-26cf5f1e41fe,3
1582,3a65fc07-a1b7-4c1b-9948-f9f37565e1bf,1
1588,3218f772-8d6f-4687-837c-b2a4d3ddeb84,2
1597,32fdd007-4bc7-4f3b-8a76-7dcac6ccc00b,3
1598,c5e72eb5-9687-43a1-8985-55a0b7ee11dd,2
1604,09d628dd-681f-410b-bbc1-2c291809d76c,1
1611,3e3ac544-9cde-44ce-b021-5f78879a5270,1
1617,7b370579-e58c-400e-b7e6-c039fd716be7,2
1632,d74ead24-3f7d-40a7-a9fc-d2e6cda43e97,3
1643,fb1de43c-52b1-41a5-bb1b-c75e0c197d0c,3
1646,7e2e94ac-ca7e-435c-a3d2-257a65bc91de,3
1653,41f21550-bb90-4249-9384-213c98151198,1
1664,e331b6be-0072-44cc-95a3-682b38f2a5c9,3
1675,f743d087-6fa9-48f3-beea-191d03d56b9b,1
1679,b59d185e-1133-4488-a392-cc580014334a,2
1686,d7e03760-29d0-4cff-abec-0afb7390d82b,1
1697,eb04c258-d460-4fbc-8809-26fe9034aa0f,1
1700,24ce9c06-71ab-481a-8ce9-b835b77ef377,1
1705,d6a759c1-dad4-4af0-8f83-69c97ed05538,1
1710,24ee4762-9e00-4879-a990-d02486edd3b2,3
1712,bbde2202-1d0b-45b8-8562-cb8cc7d5c666,3
1715,92b58569-7076-4f7a-9f84-0da3d2558a2c,3
1734,67fb25b2-f91c-49ec-a823-eb82684e1b6b,2
1737,78504fbb-c3e8-41f8-8cb4-d3e3fce61fb1,3
1746,ae0469df-b6a2-416d-afd1-c7d5946e6211,3
1755,95c7ac88-a91d-45a6-ad60-d3c2490fbd0d,3
1782,6facb152-07e5-4b49-92a8-c461b724a5b5,3
1801,9934e5cb-50fc-457e-9953-04bd9ce83ad3,1
1802,9934e5cb-50fc-457e-9953-04bd9ce83ad3,2
1815,cc484acd-938a-4421-9c84-5f45f2004ee6,3
1816,159a7f94-8c52-4f98-ba99-eff712e466b9,3
1821,9784e87f-1b7b-4d9b-ae7d-75db98513cfd,3
1827,cf360bbf-4f5c-4316-9038-7991af707851,3
1850,4f231703-cc0b-48a9-bad9-a8f571a3499a,3
1865,fc153b3d-b5e3-4efd-9b2a-b2d7958582a2,3
1868,ff32d6aa-bd7d-49d6-9a11-8981cd0dda3a,3
1881,bf69fee0-5f87-484b-bdc0-38507bd7c798,3
1891,de03b2ec-020b-47ed-ba9a-29e35fbd02d0,1
1894,216c1d11-b7b4-40a1-b624-be84cee8a1c7,1
1896,3f9d38b9-ac86-4dbc-ba69-d128f3abb7f0,3
1905,24e7a185-583b-4f3f-8d3b-bfc578ac10d2,3
1906,c3e71fe8-59d4-4d94-a0d8-f116b3307959,1
1913,e443bc9f-8957-4899-ad2a-b765a9c05bf5,1
1914,e443bc9f-8957-4899-ad2a-b765a9c05bf5,2
1918,90bd8d7a-29de-4ed1-9804-418d42b2e1bf,3
1931,20898206-b367-4f09-a960-955b695e8a11,3
1945,d5d21ca9-89e0-4118-8013-b820b52cc9b6,3
1956,6a397434-708b-4fd7-a701-9712e139db09,3
2000,0100ebb1-5c32-45c4-baac-34c73f080c45,1
2013,6e68d5cb-7ec9-44c1-a47d-99e6a2c66352,3
2032,985a74da-d885-47e9-b258-02b83b90c00b,1
2035,d7ff33e1-56be-42eb-98c1-45150b7a827e,3
2048,92a7af10-dd6b-4f77-9c27-1eeb4029c449,3
2055,d9aebbcb-88a3-4e6d-a749-698c8adbcf7c,3
2092,2ba2cc16-daf6-4d04-9754-f8c16b9ad419,1
2111,a2779be8-4dd9-415c-b75c-617ab5f31c52,1
2123,e31cc0b9-5eff-4120-8e0d-d4e904e13285,3
2132,f594b14a-efb7-417e-9aa9-81acb077ec11,3
2134,3d6785ad-28d6-4d74-83fe-41e914958954,1
2140,4cdc881e-185f-4e78-b508-f30e92c0b4d2,1
2147,f0fd90ce-e0aa-4088-92d4-92223aad2688,3
2160,55607e57-dc8c-448a-a103-fe6725ab620f,3
2168,de40fe5f-47ad-4362-9c59-6897761c9ea5,3
2170,60a51918-19bd-45fb-a243-5dc3c6ccf132,3
2171,705f285b-e197-4586-a18d-cc6bfd5646cc,3
2174,8457540c-7094-4707-a076-70d53828fab5,1
2179,7d2ff9e8-bc7e-4849-bf79-6b36d3de53f7,1
2180,7d2ff9e8-bc7e-4849-bf79-6b36d3de53f7,3
2187,e630933e-3ab2-4390-b095-4e7d3f050be3,3
2197,7bffac3d-8809-4911-8d19-91eb1b1ce80b,3
2210,61f7c99a-40ed-41c5-bcd3-daefa6fb0b8f,2
2212,6e995185-ee28-4ba7-9df8-5e7b1e511864,1
2215,4283bd3e-4414-430e-ad10-d7a4f3d3b93c,3
2218,afc43143-2510-464a-afa7-576f0e7e3cea,3
2224,925304b1-d890-41ca-b82f-dd1dd2149a7a,3
2230,b1ae8805-7b4f-4c55-baaf-1fd5ee526ee1,1
2236,07f3a93d-c8f0-4853-adac-66446512388c,3
2239,59930322-8d5e-4a95-bf0d-2d8f94e5fdd1,3
2265,d034e7e1-82a6-49e2-b6e7-ef72d96e1915,2
2281,f302b5f4-c6b5-4271-9531-da2d2835906a,3
2285,3e7dbe95-2d92-48d2-9879-f27ee039e05e,3
2289,07e99617-1ca4-47d5-a095-065e8a9bc720,2
2291,b1df0a96-fd89-4941-901a-33d350cb9654,1
2294,ada76286-d709-4d1c-beff-dab29ff548d0,1
2299,2b006f58-25f7-4c4d-b73e-e7210d65ca18,3
2304,5d23129a-3f2a-4cb0-8a9d-569c2853732e,1
2323,4d81a0b6-ca79-436a-9986-97212a51c713,1
2324,4d81a0b6-ca79-436a-9986-97212a51c713,3
2330,f8610ad8-e723-4d4b-8a82-87624b942022,1
2331,f8610ad8-e723-4d4b-8a82-87624b942022,3
2335,51ecdd89-f279-4132-8e25-dc8f54fc8121,3
2350,00c7b0f8-8573-4b09-baf6-f6815f437e5c,3
2366,dd4a8df0-4418-44b1-8671-37e6ee74eba9,3
2378,93cda877-5cbe-4ac3-a58a-322e7d8b7504,3
2408,3b22ad2a-2351-4ad9-a3d8-beedff19362e,1
2410,3b22ad2a-2351-4ad9-a3d8-beedff19362e,3
2448,0d334c68-4d9c-4119-a836-b1d8f9023c9b,1
2452,6ac1813a-c045-4cbe-aa87-9b74347ad4a4,3
2462,0ade4646-e4fa-4ab8-b86e-c5ed823d760e,1
2472,68e3eaaa-b153-4fdf-b820-85da101be616,2
2473,68e3eaaa-b153-4fdf-b820-85da101be616,3
2474,dad036f6-7825-4dc3-9c15-133933a338b9,3
2482,50ac05d0-d098-4e88-932b-84f558061c00,3
2485,8f76dce6-91b0-4c5c-8dcd-e92bdd10e619,3
2486,23e4befe-e167-4235-a788-66e917b44e51,1
2504,cf7b5068-17c0-4c84-9caf-08b60cdd8ec8,3
2507,404e4937-a1f7-45c7-a54b-f215f07a405b,1
2519,a6b7cf0b-b592-4194-a2ca-305fc0398ae2,2
2529,1a6a88eb-f23e-4090-8b60-b72e5e1cb061,3
2541,e4f7203e-2bb8-4724-888f-c7a113718575,3
2542,ca24af67-2b03-4ff6-bab8-5613fefc864b,3
2545,2845ca75-fde0-4016-8514-19e41c28d38c,1
2550,eb37238b-30d6-44af-8baa-414ba7f69ca8,1
2553,7d202014-2614-4084-b554-aeec6815822e,3
2554,12d6e8f3-f6e8-4fa3-b3bc-2b280c7d468a,1
2555,12d6e8f3-f6e8-4fa3-b3bc-2b280c7d468a,2
2561,4f461c98-edc0-46bb-b057-57e91bab9296,3
2562,a0f64e01-6ef5-475b-9736-72be0482d360,3
2569,15e0c693-6a1e-405b-a667-b29d83bd7704,3
2573,25e6014d-650a-4286-b5b8-608f4eb76844,1
2575,00539818-be49-4327-80ae-5e062f1989e6,3
2576,24f90433-3128-4ca1-9c89-fbfcc3638db4,1
2579,0994bbd5-b060-44b3-b223-cb0476561378,3
2584,0c0667d1-973a-40b7-9ba9-d525515388bc,3
2603,52fb4fc6-a716-48bc-af78-bd538f67f12a,3
2604,6f977642-eef3-492d-92b1-aa884c2b735c,1
2613,31258203-cff0-49e7-b363-d57c61aabd81,3
2616,70770d1b-a44c-4ff6-88d6-951c1ce7c535,1
2618,b2390de0-8f92-4d43-aaa0-25313cfd4021,1
2626,c818e451-f0de-4e74-af7d-d7fd7da2b99b,3
2631,2cad3017-38e8-41e8-aa01-6a1c7627fda7,2
2666,3fa08a03-673b-4223-94dc-843011dbe23f,2
2667,3fa08a03-673b-4223-94dc-843011dbe23f,3
2675,71cef2b3-7345-4dca-b710-a2dfec200916,3
2684,3b95e51e-f25f-4f7d-ba05-5561c982ed1f,2
2707,42929797-1fff-434a-8098-3ee12d263cf8,2
2719,d0b9366f-1464-4f58-ae79-f004ac948d85,3
2721,968f4b97-8344-4d4c-bb51-1be1b8f3ead5,3
2735,0343ccb8-e0b8-43f6-93ab-59da1855e68f,2
2737,15a69786-6a86-4897-ba29-82607401fcb9,1
2738,15a69786-6a86-4897-ba29-82607401fcb9,2
2746,6a911aec-fab0-4469-a3c0-ca719d7b292a,3
2750,90e22656-4bda-4602-802f-5411a6ebc5d2,3
2753,2f50dc64-6488-4e48-aff6-463173da9713,2
2758,534d4c32-3bcd-4299-ab27-38d80df99813,3
2784,e730626a-82c2-4233-b96b-1befbc85b29b,3
2796,04c466a0-6f86-410a-9c7c-ce6373f21f6a,3
2799,a88d0fd7-4783-444b-a52b-efce84f52e2e,3
2807,bf9b0f6f-4f24-4cff-af1f-8e93c26d59e8,3
2809,885787df-f1fc-484f-886a-d541d4a600fa,3
2815,719cd25e-d7ac-4748-b2ac-15925750a517,3
2830,bd50833e-8c5a-4fc1-8f99-ea5f734d610b,3
2832,101c2a39-da89-4d93-8ca2-da2e9ec6476a,3
2848,1e03f9e9-b997-49c3-a8ea-22a59d4b175d,3
2860,fe929360-2588-432f-bbd8-a13dc2667d02,3
2862,9ed801d6-181d-4355-b2b8-458adcc1f8d6,3
2879,242d32bf-c253-4886-b245-965585ce4131,2
2880,242d32bf-c253-4886-b245-965585ce4131,3
2916,fa650178-b8a6-46ea-b326-fe95a3bc0861,3
2922,3d46f84f-ad52-48c2-8559-6d0d50e31f43,3
2928,1df23010-a654-4985-90d2-8ac857c63b65,3
2951,3b932f66-3c1f-470e-8a88-55e797706553,3
2956,db5203af-022c-42c3-bbf9-7703bf2b53c3,3
2978,8a87d785-b8d2-4133-ac73-b16e26cf1c1b,1
2989,8092ee1d-1b34-4878-b52e-27167d1af621,3
2995,9fe65f71-3b10-41ae-9b4b-d858e5e8d5c6,3
3010,a8fb7861-2033-42a1-b9a4-0857ed312823,1
3012,a50a7098-683b-494d-9cca-d18bf09bdbd3,1
3028,784502df-c4a2-4335-a17e-44ec42dd0cdd,3
3038,85b69d27-c661-4cc1-a945-34919c6b111c,3
3045,bbf9fefb-c773-4789-81cc-9ac922fa3d3d,3
3049,83e62f9c-5851-43dc-b877-f85253090bff,3
3062,4e0ecc03-671f-4778-9f83-020d40aaf7da,3
3064,86fa9445-25c3-4e1e-940b-177adafa7d65,3
3066,0973f2d9-c33f-40fd-bb15-2b5e9b6f9e29,3
3071,d18e1fc6-c8e2-4be1-9db8-d8d0e479c21e,3
3072,9255e9a9-ce68-42cd-ab55-d6139da60fae,1
3079,da350c68-107f-4421-a7fb-38025d4017af,1
3080,da350c68-107f-4421-a7fb-38025d4017af,3
3081,208fa21f-9bef-4470-a737-b8fe2f1f5c09,3
3098,f2720d46-7e55-49fa-9d5b-c842731cffbd,2
3132,b1a9ba4a-13f2-40dc-92be-d9d4a9ba5b7c,3
3144,ebe49e1f-7957-4bac-9148-e3f375e93adc,1
3147,a981b220-5e67-494e-86a6-b85c09865a51,2
3150,a7889cab-5603-4ee9-ae5a-e934fa1213c5,1
3155,be49ab96-6491-4014-9355-ceb80bbfe4a0,1
3157,be49ab96-6491-4014-9355-ceb80bbfe4a0,3
3165,60513872-c4e1-4174-a43b-b1bf8dd665f5,1
3169,b90236f0-0486-4bbe-995b-2da6e2b78f93,2
3176,c9698e60-3673-4395-af25-8d8bcc7dc3aa,1
3184,6ef49903-78c5-4732-9483-43fd3c69fabe,2
3191,bc9271a4-bfcf-46b2-a8c9-b2140cf7a9a2,1
3203,eb381fe7-23ea-4e00-9bcb-43e3a0f0cef3,3
3220,3772978c-fc92-4173-ae5d-74c9bf3c9d8d,2
3224,dbfb6255-3b0a-41c5-8e85-b22f03fe13fb,1
3226,dbfb6255-3b0a-41c5-8e85-b22f03fe13fb,3
3243,a3b1f499-4017-4d5b-b9b6-0f5fb333ceee,3
3245,3d641803-feff-4cf5-8c5d-3e407a10e340,2
3254,03eaad36-3263-4db8-bc89-882d4aff8bc2,3
3271,8f8e99fe-a1f9-472c-af76-9e6ea954317c,3
3283,e19a4951-fb47-408b-8377-83eb7254182a,2
3295,a830a950-16af-4700-b302-5ca3de742cee,1
3303,9a8b1f4a-ed5d-4b9d-a414-910a0ab25776,1
3311,de5670d5-faf9-4656-8798-8397e96dcf12,1
3318,9597900d-31e1-4d26-9f6f-6e52d7a29cf8,3
3324,f688868e-b278-49ff-b44d-1b3c7e94a16e,1
3328,c2770342-0d74-470d-af2f-475e22b38468,2
3347,fbf1337f-ef9d-4f8b-bb2f-fcf245590b6f,2
3348,fbf1337f-ef9d-4f8b-bb2f-fcf245590b6f,3
3349,e20f9e8c-c2eb-41af-b6ef-6558748d33b4,2
3367,5f357ff6-e58e-45be-ba1c-fb40bef2ee32,2
3371,40b582b3-eeff-421f-b4c2-edc2f2e2eaf1,3
3380,8aedf609-117e-4cd0-9c1a-803e01edc57c,1
3397,e3f0d425-ae30-48b1-a411-fcac1682f005,2
3399,d3e89edc-ce0d-4381-bea4-2acb389973be,1
3406,b2d1c6f1-894b-40a5-a473-9cbbb0e707c5,2
3414,15de5fea-913a-4a41-a95c-8c989f649df8,1
3442,7ec1c582-131c-4295-b15b-9d9ea2df06f7,3
3450,55b2b79d-c08b-449a-bdd5-1f85038d56c3,1
3464,de6be380-0dc8-4805-9f2d-0280bc8eaeb7,1
3465,de6be380-0dc8-4805-9f2d-0280bc8eaeb7,2
3487,30f009e3-e000-422d-a7ec-a03549ac15a9,2
3496,3b3f4029-bbf1-4d22-af06-ce4e933060d7,3
3501,894fef2d-df55-42d2-bcfb-e86d257460ba,3
3505,42250ce3-ff5e-42f2-a275-c4ac338fe44f,2
3511,6990adb1-7fed-4c33-a996-98aaee79ae95,3
3517,f07c147a-19f7-4a4c-8ed6-fbce41a9481c,3
3520,d4ff0426-7528-45f9-84a3-0a82c8b2a942,1
3528,bc32d79e-1e9b-414d-85ac-853cb2e5d688,2
3534,3938685b-dcac-45c5-a73f-86e6e7e6fdc2,1
3537,5ed84974-396b-41fd-ba59-a82dbc783450,3
3547,c9906006-2b22-4649-b21d-6a343b47bb9f,1
3551,43f0560a-ff1b-4e9f-a71f-580d0fd7f5bd,3
3559,79ec2876-8456-4d7d-ba91-9f7516b68fb1,2
3562,db811e1f-2db0-4f3a-8bca-423599f65853,3
3579,8aefdb96-282e-4eba-822a-8b5334aa3b07,1
3580,8aefdb96-282e-4eba-822a-8b5334aa3b07,3
3582,059094e3-2db7-4c89-b68a-8e1d35fec81b,2
3602,559b2919-c49d-40bc-beba-e6f775583a65,1
3631,3d448256-2066-4ad0-89dd-e0fbb12e282c,3
3641,b1d471ff-3237-4078-9ad8-081cef81b2dd,3
3643,cf3a68db-8b81-4dd6-9dc9-eef787a376d2,3
3653,e1197971-cd09-45ab-800e-eb034af52751,3
3654,37c92bb7-c236-4e14-bd63-d8f351d40dcf,3
3658,97bebb6e-02b4-483b-87fc-1fa3f28bc595,2
3660,cf3b1372-e7c0-4265-b8e8-745864c42efa,1
3661,cf3b1372-e7c0-4265-b8e8-745864c42efa,2
3681,ce526553-c8cd-4b05-b3ab-ffaa9eb7eaff,3
3682,22a97568-eb2b-48b0-a702-7232e43c5977,3
3691,053202de-525f-4821-8e56-7657098ae78b,3
3710,3ee19b93-8537-422f-bc2b-5d4b52bb170b,3
3712,12d8bf22-606a-440d-916b-6779135cc645,2
3717,7dc2c05b-deff-4b6f-8879-0f6c5036c281,2
3718,7dc2c05b-deff-4b6f-8879-0f6c5036c281,3
3719,defe1aea-8e6f-40e8-8948-ad0cf9a5767d,3
3724,a8016855-5c11-4d30-8c58-adc9e1db7414,3
3728,74bcb984-5c03-4048-87b2-6cbe38395c33,3
3730,49e24397-47f6-4e0c-8f30-d13c99676144,2
3731,49e24397-47f6-4e0c-8f30-d13c99676144,3
3736,d31da272-aec3-4d7a-bc59-43a9ed6726ba,3
3737,b80f808b-6625-45f1-b11c-77e453a7fc8d,3
3742,6c3c818b-1c3c-49b1-97aa-a4d981745497,2
3744,9775cafa-d4b2-4244-abd4-e83cc3a92fea,1
3746,9775cafa-d4b2-4244-abd4-e83cc3a92fea,3
3750,bc6735c3-2198-4bbb-af6f-a3246118d196,3
3751,74a634da-3973-45c8-82b5-15b8cb795695,3
3752,3d1470f0-ab06-45ed-be1c-2825486f0f6f,2
3759,b30c199c-d174-426f-bf6b-3887d0e87069,2
3762,509256de-76a0-4456-9796-93aa6c89167d,3
3771,3b22ffbb-59b4-4a8c-ba45-2c7809d2e938,3
3787,77324ad4-88c8-4e15-b834-d189f14c0c40,3
3797,ce1f07cc-08c2-4c2d-99fe-e204819456d2,2
3800,6f288614-ebaa-4aff-b943-e00e8e5cf51e,2
3824,66e81c9a-09c7-419d-b19c-166c09207cf5,1
3826,66e81c9a-09c7-419d-b19c-166c09207cf5,3
3842,50ecd974-adab-4bd2-a6f2-9a28f407d8fe,2
3863,99d41eea-9c08-4edb-bfe1-c07bc6000106,3
3870,de84d43f-b574-45d1-af86-f3296871361a,3
3876,f01707b0-d128-4853-9aca-4a2e602d90fa,3
3877,cd3f3b25-c339-4dba-9d94-a90662766d06,3
3894,d080fae5-764a-4dcd-bd2f-fb2ecca35308,1
3896,824cb6d4-d775-481a-9272-f9492f5acc5c,1
3906,c163b72b-9a30-4c37-89e1-ba82b15addcc,1
3917,a4a7506e-51e7-4b00-b018-499b1aaff365,1
3918,a4a7506e-51e7-4b00-b018-499b1aaff365,3
3922,414cabce-5541-46b0-af0c-aecef570b66a,1
3932,94f4af15-26c9-4e05-a04e-7d07cc8f314d,3
3933,fd6d6549-338e-4703-a013-6e250ab5f9a6,3
3934,844f1007-b64f-428d-a35f-29c9c8792956,1
3937,13b7f272-8a33-4134-9828-97c615586837,3
3955,9f4e6414-950a-4fb1-abad-e471d2ca679f,3
3956,0314455e-d370-43a9-a1f4-9e44f6491f8e,3
3967,d6b21234-9176-48c7-b62e-e21fa0c73164,3
3972,68dd41be-1456-4b43-b476-3c7a4576c569,3
3982,2a81e01c-330c-4ec3-9410-a047954338e4,1
3991,64eed95e-ed01-4550-9d60-8cdcf3630b67,3
3992,b0682905-1688-47f9-b6f2-d8d8b8798a19,3
4003,4f30af29-c8e2-4fca-b319-1ebd08fd336c,3
4004,87e0acc2-b0d2-4c0d-99c9-073c14ad3a39,3
4005,7df2d721-2235-4870-b1a9-981c2437fe4c,3
4006,731acbcc-f176-4c67-8aac-e44e71d9f59b,3
4008,0fdbcbaf-dab5-4d78-8312-9b1bfc689c37,3
4014,e27034e6-9278-433f-828c-a50387ddf6d9,3
4015,9676659a-fa5e-4704-b68e-71a7893c1300,1
4041,0b98733e-34c3-433a-a0b7-1f768301533b,3
4050,ee0b3960-b38e-47d3-b82b-b49e423fd7d9,3
4055,eb61338a-17b4-498e-a994-b2f283af67c3,2
4056,eb61338a-17b4-498e-a994-b2f283af67c3,3
4863,d1356ad7-6f8c-41b2-9b8d-c34e2bc77d81,1
4069,569491b3-29cf-44ac-99a6-42bea6149e6a,1
4074,8895ae14-361d-40a3-8714-55efd43d8c24,2
4088,6abb4858-3de3-40bc-ad2b-cdf497951817,3
4089,ee67d278-044f-4da2-a60c-eab3430ac16a,1
4090,ee67d278-044f-4da2-a60c-eab3430ac16a,3
4095,d52bb330-c8f7-4029-8dff-56ce24300e53,2
4108,2ea119b4-5340-4557-9d46-d6d70bf1552c,1
4131,e99c574c-a9cf-4ddc-bbbe-0c844f252a87,1
4143,e93a541d-6ee3-46f8-936c-6a77be4ba128,1
4148,0286fd7c-2d05-4be8-ac23-1a9fa63301b4,2
4156,f4b24510-4dea-4662-a5e4-fcd6c4bc2c9e,3
4159,0c6d2a14-dd04-4ecc-910e-00c1ce1ff959,2
4176,17d4f2ed-57c9-4907-b923-ab8187e4c3b0,3
4181,3b55f255-b87e-4756-a9dc-0a6f46d79493,3
4189,52bbeefd-c2d4-42d6-8077-209427edca40,3
4200,2e25216f-fa4e-4d26-b886-42c43b8da6b3,1
4201,2e25216f-fa4e-4d26-b886-42c43b8da6b3,2
4202,2e25216f-fa4e-4d26-b886-42c43b8da6b3,3
4209,0b455baa-61d8-4944-9f5d-c6cf5bdba649,2
4228,3460cb2c-c77f-479a-a6d4-7029adce12ca,3
3074,9255e9a9-ce68-42cd-ab55-d6139da60fae,3
3077,e1529f0c-90f9-4860-a16a-350f5d4898d9,3
3090,3a156aa2-75d6-43bb-a76c-9ba64ffac3f0,1
3101,baba63e5-3524-4dc0-80ef-5f14e9ef045b,2
3106,b06fcb35-67a3-4128-b9ea-578ee4f0e049,3
3111,196b2848-845e-42fc-a11c-e346c94628ab,1
3113,902e6ad0-c39c-4a59-85b3-dd08cd8ac03c,3
3118,5f3f0e62-198f-4bd5-a46b-3a7e90c1816b,3
3128,72ae8ab9-b026-45ec-ba19-a32e83c8ac8b,3
3133,d99fba70-e96a-43df-822d-b4ac6cbc8daf,1
3140,f3282c89-f36e-4a9d-9d36-c2d5a3b17e55,3
3146,a981b220-5e67-494e-86a6-b85c09865a51,1
3148,a981b220-5e67-494e-86a6-b85c09865a51,3
3160,6dcf1ab4-dd60-43d8-a3b9-e18def9a1b0e,3
3166,60513872-c4e1-4174-a43b-b1bf8dd665f5,3
3167,2356e52b-2e96-4557-8932-bb5f7c7d3208,3
3181,d9a82c57-74b5-47e5-8539-dd6d6735ff24,2
3183,6ef49903-78c5-4732-9483-43fd3c69fabe,1
3188,7037d18e-42af-4e0e-ac69-dd1fb2bd0544,3
3195,12379254-db28-4853-a1d3-dcf0e1b5c2ef,3
3204,099886a8-b878-4567-b97d-bb0581bb9d57,2
3205,099886a8-b878-4567-b97d-bb0581bb9d57,3
3219,3772978c-fc92-4173-ae5d-74c9bf3c9d8d,1
3222,bf6a23bc-745f-4a7a-972e-ed743128bcb7,2
3236,beb75bdb-0f5a-45c5-9837-25b9119a602e,1
3238,beb75bdb-0f5a-45c5-9837-25b9119a602e,3
3240,d46ece8b-1210-47f3-9b58-7589024d5512,2
3246,3d641803-feff-4cf5-8c5d-3e407a10e340,3
3252,8c8f6a35-7eeb-4d84-9edb-6378f14388fc,1
3260,cad3be68-826c-4f1b-8611-8c558eaa06a7,3
3277,28b3cd41-f6f2-47a0-af0e-6094aacb6c21,3
3279,a4808917-9759-45e6-8a81-78e6c671f30b,3
3286,00384320-9c59-4468-a0cf-408b5d7cddd3,3
3293,b3057ad2-db58-4b9d-b5a9-544d4aedcdb4,1
3296,a830a950-16af-4700-b302-5ca3de742cee,3
3298,a839f706-52b2-4be7-a226-67ca01b102f0,1
3302,7efe7b96-44ac-47eb-ae00-28fc63f9bc71,3
3309,1d2abbfd-b9d0-43cd-8942-8f9787d47ee7,1
3322,ce9c72e1-0c8f-462a-b0f8-441191cea77e,2
3330,c98d3b2c-ecac-4609-a380-ae44b9e65220,1
3359,b314104f-e1a0-43eb-b035-5d1fed5f7185,2
3362,31706aff-d562-4fe4-9ffb-0972894110fe,2
3372,7cd77eea-7e17-4a80-adec-a1ad0d90ef7f,3
3386,6702c7b8-4c63-4a52-ab19-ff391c092d51,3
3390,4d4342cd-8c42-46a6-931c-663b371c05ae,3
3404,e3163d08-6a3b-4c84-9949-61db7e3ddde6,3
3405,ceaafb16-42b9-4f6a-8e0f-820349e43d97,3
3420,ac37bee6-ea13-4e91-ac9b-26eda3d5c4b2,3
3427,3e80901d-2df4-41ff-9074-715ba6f04de2,1
3428,3e80901d-2df4-41ff-9074-715ba6f04de2,2
3432,9699c12c-5d15-45d0-9a71-9a3a258de94a,2
3436,37f98bcf-6e59-4fff-8c81-d1e5301dd2ce,1
3440,d91c09a9-aaac-42c9-8d82-9ba448a6d12c,3
3458,fdff8f1a-52ae-4437-9ff1-cc404fd09cdc,3
3459,6f7e6918-77f1-4b56-bb48-106cc0789589,1
3466,de6be380-0dc8-4805-9f2d-0280bc8eaeb7,3
3476,64ee070d-98a3-4751-ac06-b09d8c50e206,2
3479,761e3c28-ed4f-42bc-95ec-248adc8f3480,3
3490,474433e7-a39b-494c-b9c6-4ba94df6c43c,3
3492,14dfe911-2883-43b3-a409-a324cf286e3b,3
3497,1dbd8ceb-5959-4a95-9989-3f91c2e40fc6,3
3507,26518831-edfd-4515-8878-5daa9dab444e,2
3508,26518831-edfd-4515-8878-5daa9dab444e,3
3510,6990adb1-7fed-4c33-a996-98aaee79ae95,2
3519,711179ae-13e8-4bb8-bafc-2413254d87e6,3
3521,d4ff0426-7528-45f9-84a3-0a82c8b2a942,3
3530,447d142a-03b4-471b-83f7-10677e08de09,3
3531,cdddd76f-6f46-43ee-a78c-b0c1760ce59d,3
3538,1f4a2810-f767-495e-9239-b2b3f0c5eccc,1
3552,9b118604-ae47-4df7-a462-fe17457ee123,3
3564,001aad57-962a-4704-a97f-ff28539b0500,2
3572,7da2e58a-3ede-4cae-b948-ba3a2785db6b,2
3581,059094e3-2db7-4c89-b68a-8e1d35fec81b,1
3593,6f895b1f-deed-4732-ac81-71f971727169,3
3600,e47990d6-329e-4d1e-991f-e01261d6f21f,3
3601,70d446ae-dfa4-4f2c-8b81-8b2b47d27680,3
3605,1c1a7557-7287-4d70-9362-9e5563982416,1
3611,63360902-d9b5-4a74-8f97-ccaec9144094,1
3616,b696b234-afae-4db7-9eef-86df8abf7262,3
3619,ac00a888-9cb3-47f4-a8cd-684f63189533,3
3623,b6df32fc-e1ab-48eb-8d4f-03be9d9e9418,3
3650,47392bad-4475-4c1c-b0eb-bd01cd0822f2,3
3651,e1197971-cd09-45ab-800e-eb034af52751,1
3652,e1197971-cd09-45ab-800e-eb034af52751,2
3656,9619f203-b258-4e9f-ac35-29905f74cdf1,3
3665,6986e851-2e2e-48fc-93df-68124cc6d4b2,3
3669,eb1ef058-5710-456b-ba1b-06723cc702dd,3
3690,053202de-525f-4821-8e56-7657098ae78b,2
3701,5cb73dd3-230f-4d5a-8f24-55676c526898,3
3704,f9a0be6c-b4c8-411f-8863-a44f95ff5fc8,3
3708,3ee19b93-8537-422f-bc2b-5d4b52bb170b,1
3711,12d8bf22-606a-440d-916b-6779135cc645,1
3716,7dc2c05b-deff-4b6f-8879-0f6c5036c281,1
3729,49e24397-47f6-4e0c-8f30-d13c99676144,1
3748,bc6735c3-2198-4bbb-af6f-a3246118d196,1
3760,b30c199c-d174-426f-bf6b-3887d0e87069,3
3775,3ebd02db-a32d-474d-b3f0-a377e8718c35,2
3781,140a4c4a-2fd5-4899-aca6-01e098f0f443,1
3786,5dec05c2-8bef-42ed-aa0e-a0d8ce3e6361,3
3796,cfc8b8f5-9f25-46e6-ba88-9dfb19a8ef46,3
3813,04c4686a-6a5c-42a4-a570-d93bba4e9e3a,3
3818,dab3f92c-a38a-499c-a53f-cdb20e6ee167,3
3830,edd30875-b509-4631-98e2-a3c2527c7ebd,2
3831,edd30875-b509-4631-98e2-a3c2527c7ebd,3
3849,9739c7a2-87a0-469e-b9b9-13fdf4f4040a,3
3852,1f234975-3dff-49cc-bf50-69d5c52b1112,3
3859,36d3fcd6-a3f1-46ba-b55e-996d01aa94ad,1
3860,36d3fcd6-a3f1-46ba-b55e-996d01aa94ad,2
3866,9e9db86b-6017-42da-b777-8ee15db5065a,1
3878,6ba0bdb6-04d1-4260-8dee-5f1fc05bf2a9,3
3882,2cfbedb3-1ba7-414d-8bdb-e128d241ef75,1
3886,361a358c-c3c3-4616-ad36-9c1fbf27d417,3
3890,20862dc4-90b3-4bda-bd76-ba594573e046,3
3897,824cb6d4-d775-481a-9272-f9492f5acc5c,2
3898,824cb6d4-d775-481a-9272-f9492f5acc5c,3
3900,a3c6dc9b-5612-442d-a079-71f0fcd0a913,2
3903,f6367094-78fa-4b3a-b6a2-2c0361ec64ff,2
3904,f6367094-78fa-4b3a-b6a2-2c0361ec64ff,3
3910,97a3b6c2-73d6-45bc-b5e1-4210a3d42725,2
3916,ab3f01af-07cb-4a44-8aa9-392ac8208aaf,3
3925,a5f7f71b-5633-43f8-b8a4-414a8cad2b65,1
3941,ca1fa8b9-b167-4048-97cc-e8239d677308,2
3975,20f6463e-0d5d-4014-8bee-d733723b9e4d,2
3985,cf5bddbe-298f-4b65-b045-c58629cb798d,1
4023,7c0f1d73-efb6-47f4-b208-209f2207ec82,3
4026,3c5ea55b-319e-4b26-9f77-f58734ea39e3,3
4029,1013af77-bb1c-4aa2-8748-f83998b6a608,3
4046,a3b5d11f-df3a-4e9b-8dba-3cfa3d9dbcef,2
4064,8dd975d2-4e21-442d-9402-e64c63ef0a33,1
4862,1853bbef-cc22-4463-ad2c-da195c4aa74c,3
4093,e5e007be-ae93-4f2a-a93e-9d1e974b3808,3
4100,4339c39f-ab51-41ce-bca3-b5f02959a219,3
4107,3ece8276-6021-4316-9b82-3222a3a694da,3
4111,29ca3d22-afd7-4399-9aba-cc9097e8d232,2
4115,26fb09e6-900a-454c-9ca1-a620c1f40079,1
4128,9d58f9ca-dedd-468d-ac8a-2880d219897f,1
4136,6d928b3f-c360-4a24-a5ef-918da5e7ef0a,3
4140,007cdc71-c785-4f6c-a516-ed33c274c178,3
4149,0286fd7c-2d05-4be8-ac23-1a9fa63301b4,3
4153,362b4a3d-f58f-43c1-8c21-ec4cdcc67491,1
4164,eaf4709d-96f1-460a-bdda-d05ce9f2f5fa,1
4166,eaf4709d-96f1-460a-bdda-d05ce9f2f5fa,3
4175,e3250df0-a530-4a1d-9350-f1ab9e430aee,3
4186,432d3130-ee8c-4156-9db9-6f454c047888,2
4203,890ce79c-0cfd-462a-b928-7b9342fb8f4a,1
4212,4b22ddf5-3754-481e-8986-89b2454c35db,3
4219,575c6c4b-7921-4361-aa8b-d5a22d8e6160,1
4239,01251f0a-5c09-4725-8a72-105af0de4239,1
4241,f974f0ac-8b8e-4602-a59e-2da3087b256e,1
4244,c7afa403-26ae-48e8-a955-69a188d7e373,1
4258,83c38ccc-ab47-4fbe-bac7-426797847e70,3
4259,0e2922b7-e593-44cb-9cd2-03e396f3f4e4,3
4262,713a2998-3497-4115-81ee-a1b800582422,3
4271,af4167eb-f4ed-4adf-a4bd-e5c67ed00018,3
4272,20c49529-c1b0-46ff-8f51-276a826884f1,3
4288,22dee408-2473-40ce-a773-9d38ddbc61d5,2
4290,54b50531-a540-4051-b11a-5c8c6b9975ff,1
4304,ce2fc033-2a4e-466b-a7c9-e398918030bf,1
4315,0085f915-6e20-43e4-80e8-6294fa769842,2
4316,0085f915-6e20-43e4-80e8-6294fa769842,3
4319,9a10c011-6d8e-40d3-a6a2-3786601bbfd8,1
4346,ebaf00cb-4a0b-48ef-846d-1d390a571724,3
4357,dceee91b-f86c-4e8a-a960-25e816df8aa1,3
4360,e0249668-2197-4188-ade9-8ab96c7b0fcc,2
4369,55ee4d94-b677-45d1-9bb3-88b1da00461d,3
4372,b7154ed3-4fef-413e-aef6-07d24af76c95,3
4380,291f5157-f7ce-4a15-8438-14701833fa26,3
4383,adede781-96b6-4efc-9bf7-5f552c072de9,3
4400,3d5457e0-a98c-4363-8309-fda30a8d5832,1
4414,5cf509ed-f09a-46e4-b15d-76b9163cb588,1
4423,523e8672-9ea8-4ce1-a704-b54a6329101c,3
1,16caccd1-d1b7-4ed4-99e7-c0b9c0063a6e,3
2413,b4831b32-6cc2-4839-9f07-6d7ce8249795,3
6,713bc8db-15dc-4ca2-af3a-d4f1e2a232e1,2
20,4846d7af-d88c-437e-aed5-edec7c611c7a,3
36,81474d87-7837-45d7-bd15-fe147b95d9a4,1
49,46bdbde3-6aff-4351-b7cf-a3ddb2e27d8a,1
50,46bdbde3-6aff-4351-b7cf-a3ddb2e27d8a,3
55,ffc1f63a-330b-4669-b496-7d1c50d1ae67,2
61,720d959f-7c95-4fcf-b243-63cd3125b9ce,2
70,c4fec5cb-819d-4f28-a172-e51a97046aba,1
75,0dac47d1-5301-45f9-91e8-c90251185695,3
77,f0212366-802a-4f23-8387-263ac4c0317c,2
78,f0212366-802a-4f23-8387-263ac4c0317c,3
84,77f7e422-33e9-4f99-88cf-29e51394d805,3
91,89f3c9e8-3b66-4f88-a4a3-bbc9d9b38b33,1
119,86b63e4f-881b-45ff-bf5e-d3f432e3e208,2
136,a991d141-2755-44de-aca7-8c556a071c75,3
137,385802a0-cf99-42ed-b9f8-b46f47d3c1de,3
145,8a064f14-ddf7-49d6-8c47-669787ec0d40,3
148,14207665-d8aa-4bb9-ba9e-1681d2c62631,3
157,edf24b11-56df-41df-903f-88cea6b873c7,1
172,4c683d6a-1982-4e3c-abfc-0e984c63c324,3
173,d86468bd-3af6-4baf-8502-e9c2eb3824c5,1
175,d86468bd-3af6-4baf-8502-e9c2eb3824c5,3
181,98e9a4c5-a307-4773-b31d-0eff24a9e595,1
183,059da94e-3ebe-46cc-a74e-8773d720a20e,1
184,059da94e-3ebe-46cc-a74e-8773d720a20e,2
199,e92c288a-331c-4ac1-ae38-75ea1cb15f1b,1
203,e9c95767-2652-4ef6-9bfd-6d92adbd0d49,3
207,d0a4a80f-5f0f-4529-a309-492e26d24756,2
215,6ae3fc53-c0b6-44c2-9773-920a94cfba9e,2
220,f7fdb517-6405-432e-8bac-9cd3e7873b64,1
224,9c5e8974-c424-4c63-a08f-65b955389df2,2
236,ecfe93c0-4f69-44cb-a6d5-589231757452,3
245,c41d7d9b-51bf-462b-8d5f-4de08bdabb96,1
250,3202ae42-8915-435e-971c-ea39b7b2da55,2
261,92adb74d-54fe-4bb3-8b7b-5ebb262c9aac,1
263,92adb74d-54fe-4bb3-8b7b-5ebb262c9aac,3
273,485ea76d-c7ba-4fff-909d-98bc7a3fef6a,3
275,b38a2881-da51-4d56-991b-72a6ea536d64,2
285,6289fa85-4228-4572-ad1b-eeca51fb17a6,3
304,7e5e3ac2-f0de-4869-9a02-34cb80a10452,3
305,6aa4351c-69a6-4885-9b53-53e9e35e821c,1
309,c8b1efe8-3c12-46ff-bf28-98f03ce1f404,2
319,79edeb92-eba8-418c-819c-1e03d3d49b57,3
346,985054ad-c462-480e-aef6-a12eeb514552,2
368,e176dcdf-b8db-435f-99bc-df51e8dacf43,3
379,b6b6a85d-42f9-4f0a-b44e-75263e9d4a67,3
405,8d79b5df-bd20-4c2d-af3b-83b689e2bc04,1
412,842af005-b34f-41e4-8476-e94e7d85b2f5,3
427,8c14a8a8-5e38-4882-98c8-d4db9af28d3a,3
429,a4331f6f-1fc7-4b30-9168-ef59a19d1058,3
430,600e2326-25f4-40cb-bca9-0599d2264e7d,3
434,c179d162-5c80-4e31-9322-15fad3d7543e,3
435,a603a07d-ac15-4709-bdb0-0667e309c0a3,3
439,6d2a0892-6705-4db8-b2e2-52c179f9f868,3
444,c936b738-08db-414f-aa47-3c4ad34f1363,3
459,7f4effda-bb3e-4fe3-9393-57f41f257a22,3
463,5d20b5ec-f5c3-4d6a-9d84-b71053789c7c,3
471,4275251e-def6-41b2-ab53-280a03c42837,2
478,068db4a7-1c48-4b34-b520-6c432ac3a6f3,3
483,4032ef1e-996b-41df-9fd9-ac04cb9cc64a,3
488,48f2ed17-3346-446c-8a23-366f1eace058,3
493,722644f7-69c2-45d9-b3f6-706a184e7851,3
496,7b4daf5e-e3a5-4b8a-b8a1-552491c89b12,3
498,1eae9161-f46b-4f0b-a296-a5704b1e1fc9,3
499,19171be9-d30b-40f6-bf73-ba135ec10761,3
504,1aec1915-83bd-4e38-884c-8ec4bd712ff7,3
522,29dd9bb6-bd0b-4c70-af5b-e222696ccf52,3
527,c000dcd1-428b-4c6b-940b-f35923716412,1
528,c000dcd1-428b-4c6b-940b-f35923716412,2
536,565e965a-285a-4ff7-8e4a-926f851efe97,3
540,edcb21e7-6b7b-456c-aaae-72b6f944678f,3
544,21b451dd-7f14-4457-9f6f-e444615c47a6,3
545,4501a2b1-a351-417d-b8a2-6d738d6e0531,1
2429,5601781c-d657-4a1e-955e-fd10976b9c93,1
568,4e983797-ebfb-4670-bd1e-8899d74dd7e4,1
587,941f3e1a-0e8b-4d0d-949d-140d0d2807eb,3
590,460419ad-8cca-4359-bd29-fae210628fa6,3
603,88cade25-fe6b-4339-be7a-4724b1ed1512,2
615,22e17b67-6f6d-452f-ac84-d3aebcc7e27b,2
617,08cecd89-01d7-4afd-abe1-deba30e78162,1
627,0f68193f-76db-40cc-b408-33de7f68733a,1
639,282b709b-1d2a-40a8-848d-e391589f5c2b,1
679,6ad2e6b0-3a17-4617-956f-ab1473e2c381,2
685,f96a56ba-e6ed-41c5-97aa-99e6b9e0c74d,3
688,18612005-4ca1-416f-a3e9-c50d9d75580d,3
690,8580617d-86d0-41e7-9d20-73a0287e17b5,2
701,f8a62572-8c02-4964-a9e5-a32e0b8ff623,2
714,9fbddab6-287c-4a8f-887c-cf70d56d2316,2
720,cc95701d-a7a9-4953-a5c6-b453e5b73536,3
721,b1d7a895-b1ae-455a-9883-d50d20944107,3
732,3ab0c262-761f-4ef1-9752-4a3fea979578,2
734,39378833-46c4-4b11-b82e-159bd97f01b1,3
741,7cf3fdbc-cc06-41c6-8f92-07732f8d1df3,2
742,7cf3fdbc-cc06-41c6-8f92-07732f8d1df3,3
743,028b1eb3-e2b7-46a8-8968-b2bd3c2ffc13,3
765,9bfba64b-a9d7-47c3-85e7-0175957d5efb,1
778,f532fb72-bc43-4515-ab8e-c7ac49be47f4,3
785,a131d14c-383c-462b-bfb7-546af5638fad,2
792,d7ba735f-42a5-43f2-acda-2e64b8ada1c0,3
795,c337e5e3-51d4-4466-9629-c6bcfa2dcf44,3
804,395accb1-30fe-42c6-92be-27c7b5816e36,3
808,e60a033a-3a12-46a1-820d-9815b1cabfca,3
828,2dd9f383-a10d-4fa8-8343-2ce5cdff1b4b,3
829,bc1e3d25-a74a-4a59-a79c-bdf001225ff1,3
830,c2311f4f-e9b9-435b-9ef0-c1ed30778c6f,3
836,f3d424d2-bb22-448c-a430-7cd8dbc936f6,3
837,4cd2937e-5169-4f9e-ab57-f4cd7ffdcb72,2
869,2c332323-c0f0-4cda-ae3b-d9af06abbbf3,2
877,c83c3128-3d80-4866-9158-ba3b55379051,3
880,d41898fe-a37d-49fa-bc35-69878f73e8d2,3
888,2621a346-fe61-49b8-8cd1-1c0483c40aba,2
895,0e0b24a2-e4ce-43f4-bb53-73ac8617d81a,1
904,7e49b31e-268e-46ae-8081-8f9e9aaf9792,3
911,88897ec6-091e-4c26-a630-e6b6e7f15b67,3
914,04a1cba6-35fb-4374-8866-645edf1c26bb,1
915,04a1cba6-35fb-4374-8866-645edf1c26bb,3
921,a664674d-556f-4956-b4e5-df837c9cb1fd,2
939,e7146a78-b8b3-428b-9135-be776c15ac1c,2
946,ff61be37-fd11-4742-a89d-e675c8c782a1,1
958,a483ddf8-e3f6-4960-a14b-3a168e8fe653,2
970,a3e26e57-a558-4531-a52e-d94ad1acdc1a,3
977,5a160f63-f6a4-432b-9a72-f787c0425bbb,2
985,def6e854-1dba-4206-8ddd-d3923507fa1e,1
1009,49d6be7e-0133-4d28-9723-f8a21ce5b4a2,2
1013,fa8ea8a1-66f2-437f-ba5b-d7b544caa5ca,1
1029,a0b3dd58-0ce9-4bd8-9391-92385cb20581,3
1032,81e25ca0-a224-477b-89f2-0eb2735a053b,3
1049,8f1318c8-0ce5-46cc-b6c7-32ba1359ab59,2
1050,8f1318c8-0ce5-46cc-b6c7-32ba1359ab59,3
6724,c34b9e69-1a86-489d-b973-d4ea124c5850,1
6726,c34b9e69-1a86-489d-b973-d4ea124c5850,3
6728,ec79859a-7f1a-4846-bf32-3f9809bd4721,3
6740,18325e8e-4e53-4f2c-8a02-da67afaadda6,1
1080,a6b7c56d-5d0f-4c31-b82a-f5fda72de292,3
1082,384a67b8-bc6f-41b8-be0e-5bd76966f7d2,3
1096,b012265c-e0f9-4dbc-b641-e6e281f941bd,3
1100,7980449b-0869-47fc-9c38-5110c27b4469,3
1101,fb5c41c7-9538-4cee-84a7-ac4528277ea6,1
1102,fb5c41c7-9538-4cee-84a7-ac4528277ea6,2
1125,b9405cfd-e043-49e9-b9de-4526ca71c1c5,3
1128,be34c614-8f7a-4e36-a0c4-4bb21dd5830c,1
1143,8a2b4012-2c09-4e33-b86a-1bb1178af4c7,3
1147,140eb228-0d85-4714-ab0c-4549f9792d73,3
1150,107745a6-7ed6-4d94-a35a-d087fa1489b4,3
1174,a51b5fce-a5dc-4394-be48-e47c23372e47,3
1181,9ba794e5-6d54-4946-94b6-91c1c893efbd,2
1187,69d7fad5-e69f-4628-bffa-030234eece2f,3
2432,d340f555-8551-41a2-9b1b-30bd2db58125,3
1205,94f82b26-0778-4f99-b622-701a0fd9674d,3
1208,d2e3d179-e97d-452c-b411-38f4ecd36e67,3
1214,14dd2e50-a578-463a-a4e6-e215e5cd8c10,3
1215,c00cb093-6df5-43b3-90a2-2632d9d0c9a7,1
2434,c9597bf6-d333-4022-9a6d-d6d1a08d2b8d,2
2435,c9597bf6-d333-4022-9a6d-d6d1a08d2b8d,3
1226,6b399edc-6b0a-465a-a4f3-c5b03fe61bb6,3
1246,97fcc11a-5072-43c3-a155-8dce9c915a1e,3
1248,d9bff778-4745-47ab-980b-aa6dee237fb1,3
1252,daf2a499-b59d-4f08-8783-c090063d3afd,1
1263,92db4fe7-271c-4b51-9079-636abe8a2627,1
1277,9fe4f5c2-4b8f-46e5-a83f-549ca8eeb02a,3
1280,8f4e84bf-e74c-497f-b4ce-5c8593c717cf,3
1303,2863780c-a51a-4ab6-8d71-042e53c2a81d,3
1305,5f2f6ce4-5600-4f61-8db2-362e1cbf9880,2
1325,de6c3001-da90-49b0-833b-242f5cea269b,2
1343,d0297631-dd6e-4869-a468-cff64cbe5681,3
1345,8cff9509-35c1-4268-ab92-b6e10d2240ac,2
1349,556a1cc0-6b1d-429b-93a1-5324948a788d,2
1355,756c23f2-3e97-487a-9002-9e909882d9fe,2
1362,0d434c49-e4ef-4128-a6dc-fa868e55d544,2
1372,f73bea6c-b6a6-4291-9e28-139727a4d943,3
1376,c3d3d019-6b36-4261-89b7-7015235221c8,3
1377,f29808a6-9c14-4847-bbfd-4365fdc58fc6,3
1388,c0ae3edd-cd8c-4cf8-b216-cc69a7b4a6da,2
1400,506d4e61-8e03-4561-b782-4f4b0bbed592,3
1404,3f4894d5-9326-4f39-808e-e4b9e17a4b13,3
2437,02cbbb5a-16bb-4061-bc70-3c73fafd4da2,1
1435,4bf2cb5f-4af9-46db-ba4f-d3e44c8a91e4,3
1463,5507205f-ac8b-4e7e-84c2-7e259c34278e,3
1468,4a550431-60bd-472c-aac9-23cc4784a8a6,1
1471,e0fb3db3-1305-4ffa-a98e-228a0bf90215,1
1472,e0fb3db3-1305-4ffa-a98e-228a0bf90215,3
1481,de09d448-6e6c-4169-96b0-88e35d5b44c8,1
1487,5460fbc4-b465-4aae-8e31-6b3e5229e686,3
1492,23ba2fb3-fb1f-4612-9c0f-2cf4dfd321b7,1
1504,d2bd2392-6a46-4825-ae18-ae66b308815b,1
1513,0339b2ae-041d-46a5-951d-c5b263666928,3
1527,2c950384-855d-4fc7-a7b0-3f60a2ac687d,3
1529,ef5fc984-10ab-4b0a-8a72-48ae2f6af767,3
1531,985a0afd-4b6b-4d19-a3c1-9f563eda1ce6,1
1532,985a0afd-4b6b-4d19-a3c1-9f563eda1ce6,3
1540,049752db-2579-42d0-9302-06b0eec1010e,2
1542,37dc52e2-daf7-4a3c-8a37-ef837f288055,1
1543,37dc52e2-daf7-4a3c-8a37-ef837f288055,2
1549,3f872450-1a8d-4a5c-adda-105ac610cfe6,2
1550,011987f8-8b37-4f0b-898f-1537aee950cc,2
1562,20971266-dd5f-4c47-b269-f3afe41fdcd4,3
1566,c309515c-1d82-49a3-96eb-e62482cbb052,3
1568,2d93c025-df19-44ee-b37e-517414bfcf24,2
1576,756530e3-52a6-473e-a891-fe2cea2eaf70,3
1586,110bc984-5989-4602-8c80-5b061f143cc7,2
1596,32fdd007-4bc7-4f3b-8a76-7dcac6ccc00b,2
1605,09d628dd-681f-410b-bbc1-2c291809d76c,2
1634,10fc9d3b-0f05-4412-b93f-168a766fa26d,3
1637,82bbdace-6c80-4022-80e0-e382ec6a7960,3
1638,3fec626f-593a-4680-b8b5-51a235d09d7e,3
1641,762ed4b6-e567-470e-b6a5-fc886831323c,2
1651,98fce629-1ac3-4f6e-9f29-029fdfcb33d6,3
1652,2e3189f4-2545-48a0-8136-3af2e71397b9,3
1655,e8ad93dd-05a1-4e39-9c24-78ee8945e523,3
1663,e331b6be-0072-44cc-95a3-682b38f2a5c9,2
1672,68543147-0a63-4730-9092-b5ed6b8c0c66,2
1682,26852d38-1021-4b56-be4a-5dbae9c33366,3
1690,8170f329-4382-4b16-ad88-54ace918293e,3
1693,67f07c97-2cec-42b2-afd5-6633ab8df6e5,2
1695,fbd5ca23-9ba9-4693-8402-be2f83104917,2
1704,3ff9661f-fd51-44dd-ab96-a4c0134ee8b2,3
1706,d6a759c1-dad4-4af0-8f83-69c97ed05538,2
1721,de266fea-a92e-47f4-85ef-4e574276fc16,1
1724,ab4f6401-b1f7-49fe-bd6d-83cf9dddb77e,3
1725,a686a031-e4cb-4bc2-8079-01045c84a3f4,3
1728,33446bc5-e602-46fd-9ca0-e6ed8aa292b4,1
1741,e5956e8c-9c05-4545-b5e7-ca458ea83820,1
1756,58cd1d1f-154e-4abb-9859-dfc57f919d01,1
1762,524463d7-0ad9-41be-a311-8ae4ddc36d16,1
1772,1b8b48f1-4f3d-4127-a878-11f1e096ed9c,3
1773,cc324f8e-b632-494a-bd2d-9ebcc4b1d5d5,3
1777,a6913ee6-2d9c-4b24-b610-0cb1b2ef1619,3
1779,48de62c4-de70-401c-b30e-101df8ade19e,3
1780,5fe3798e-5f81-45cc-85b7-59eac5d5d1e8,3
1788,6e583f99-ea91-438f-83ac-475da2416150,3
1792,bb4b5462-aceb-470f-89be-ba60f66f5530,3
1797,11e7e953-cd23-4b50-93d4-4cfc49250088,3
1799,1a6b48c7-1411-4431-b468-99cfabb2b4c5,2
1800,1a6b48c7-1411-4431-b468-99cfabb2b4c5,3
1805,4a550065-5d9c-47d3-88b9-9dbd9283633d,3
1814,cc484acd-938a-4421-9c84-5f45f2004ee6,2
1819,815ac8c6-fe50-499e-88a4-b460e92b24df,2
1823,af48f60f-027f-44ff-aa88-5409d2127638,3
1828,e0350792-8b1d-4f73-bbe5-4b6062739388,3
1829,45814c8c-e49f-406c-9afb-3c39a3405302,3
1830,ff0bc7ec-213f-4f50-96d7-3fa2dd2e2388,1
1833,18d2ba13-20dd-474d-a0b5-95e7b2232cca,3
1855,6d4c47da-2b07-4c68-bdf2-1d9fa1f24d84,1
1861,360d3314-9a89-4656-a1c6-eaf153471624,3
1867,ff32d6aa-bd7d-49d6-9a11-8981cd0dda3a,2
1886,a8a1080f-e777-478b-b4e0-38c40715b274,3
1909,a2236a9a-3482-49b6-b75d-40d96ca3c308,1
1922,f354b38e-00cb-4960-a84f-56e08a0987ed,2
1926,f99c5704-b6ab-403c-8f0d-e84ecec62917,3
1935,1e54c329-bc8b-4c13-b4c0-90e4897adaa6,2
1942,6da5b199-ba27-4a9f-ae70-110cdfb50714,1
1967,83e7614c-7c2c-4515-8ee1-48b648f1e8b1,1
1968,83e7614c-7c2c-4515-8ee1-48b648f1e8b1,2
1976,89763377-f9bc-4fba-8b5d-fd15de8b4136,3
1983,d2a59627-bf6f-468f-9bfd-7d96149bd704,1
2003,e3816ebe-538b-4dfc-994a-1ec779b99207,1
2004,e3816ebe-538b-4dfc-994a-1ec779b99207,2
2007,97a4366e-9c66-4659-8bf5-f05474e94085,3
2014,fdccd219-b033-4489-83aa-b5e1e6f2e706,1
2016,d9e51dea-6a91-4af2-854f-ec4d5f04f2f8,3
2025,6f0b1b31-a428-49e6-bc39-77f499f708ab,1
2040,f6855494-7688-42d2-943c-2fde07b93c1d,3
2042,5bd0ed32-80c2-462e-8230-c80f659d7704,3
2044,22e0fb9c-35ac-422a-b4cc-7caeec430ab6,3
2057,ac685447-ebcf-4cc0-a64f-6ef339c6a7d0,2
2063,b7ada7de-1001-468c-a7c4-12d7aa27774d,1
2064,b7ada7de-1001-468c-a7c4-12d7aa27774d,2
2083,5cec8397-ab7e-42a9-99f9-310409729f7c,3
2103,89eb0f03-6ee6-4210-9faa-8155e4b1b283,2
2104,89eb0f03-6ee6-4210-9faa-8155e4b1b283,3
2117,3c47c9d2-79da-4962-bd76-8e265627a9c1,3
2130,4d051485-e7c3-4ef3-bdd9-176e9ce77d43,1
2143,ae14188a-9ab0-4a91-ae5c-4f4ed2817022,3
2144,bdf9a87e-7645-47f9-bccf-879a487aed07,3
2162,fbb8d455-9a60-46d8-bed0-9f7c56074c96,3
2173,5b5259c7-d045-4ba9-b73f-2dd693a23a86,3
2181,f285d4be-946d-41af-b444-51cbde92c8b8,1
2186,5b8dce36-858e-4962-bbd1-e8a97b23ac8d,3
2192,09acad1e-a657-497c-8950-3456c7c315fb,1
2203,09dcc0e0-d29a-4d2b-b82f-a38a1c4a0f54,3
2204,f2dba1dd-5645-4943-a7cb-c0d51cb31bb5,1
2207,b10febb5-1ea8-4e6a-9821-f56708fd8a56,3
2220,ee7ab206-b696-4933-9579-c19edace7370,3
2235,f7a0c16b-cdef-493c-accd-e00d700db85e,3
2237,20b26b0e-22bc-46cf-a37c-3f547c88684c,2
2243,17959a96-1bae-4458-a7f3-8d8e97a0868b,2
2251,67d98d6a-bdfc-49a7-a822-e41bc2d91c4d,3
2252,f7cd3591-a88c-44f2-b4ce-41c11a846a88,3
2271,775da142-519f-414e-88f4-d92edcb905c8,1
2293,b1df0a96-fd89-4941-901a-33d350cb9654,3
2295,ada76286-d709-4d1c-beff-dab29ff548d0,3
2301,e5b8ae91-ef2f-44ea-916f-2d66943968bb,1
2320,8e9f1e79-64fe-421d-b037-1d660bd617ce,1
2338,e2f4ac30-b9f3-4108-91d9-c1003ab311d0,1
2345,690206e7-5bcf-4896-b968-000242e2afed,2
2351,b50f1c1a-d85e-45b1-af09-87945e5bef8f,1
2352,b50f1c1a-d85e-45b1-af09-87945e5bef8f,2
2361,2278aaa2-4d63-463b-a10c-5b33a6f7dc3a,2
2364,1cf905cc-fd80-45af-af08-0f81067f2cdc,2
2371,05e61214-f952-433e-b24b-62292c994288,2
2373,b9350e60-aad1-4fc9-b453-f9716c9e172e,1
2374,b9350e60-aad1-4fc9-b453-f9716c9e172e,3
2392,2c5868d1-3b18-43ae-8837-a777c92b5336,3
2395,59688897-fbd5-42bd-b59f-d8ff6a3ed65e,3
2396,d95f0758-adbb-4488-a2d1-47eb521522f1,3
2405,1c5fd276-997a-427b-a591-5b82ae652716,2
2407,03ed6554-5680-4b81-b1d9-7e0a4cfc0a0a,3
2444,62660dd1-d851-417e-9c02-fed6f90de943,3
2446,2922b4f5-8224-432c-85e4-abfb85cca369,1
2454,a359f432-4810-4e83-886f-58c1fbc182ec,2
2461,86feaf67-b313-4759-9d13-6a344f4abe03,3
2464,0ade4646-e4fa-4ab8-b86e-c5ed823d760e,3
2467,30d72605-db28-4415-a0c5-da3404760134,3
2476,032f9740-5f2c-4e1c-b767-42c1afbf6316,1
2479,7cc2cd40-a1f3-4928-99f2-1a398fdec93a,3
2480,50ac05d0-d098-4e88-932b-84f558061c00,1
2488,23e4befe-e167-4235-a788-66e917b44e51,3
2492,02a79704-6dbf-4ec8-ab7a-9e9ea8a1b3b4,3
2493,1ca7d213-8292-4fb1-8398-6b77620e88ff,3
2498,d6bce8c4-dd85-4c53-a09f-7ee1766f1030,3
2500,610b40ac-7ef3-405e-b16d-8a720395a956,3
2502,340350c1-e513-4caf-af10-724e102c0d3d,3
2510,76b677b4-b916-40b1-90da-6cafa63c4f6f,2
2514,bedd1d82-8a71-4633-b0cf-7c9ad376d292,3
2515,9465caaf-5226-45ff-bc0f-d96eee7d239d,1
2520,a6b7cf0b-b592-4194-a2ca-305fc0398ae2,3
2523,0301ee45-4911-486b-b4eb-f61ea59c0b48,2
2534,093e3e73-0199-496f-b08c-23245db04839,3
2536,4afba26c-a6f1-435c-a1ab-e667fcf335bf,3
2544,3443be7a-3381-4b62-8ba4-2ed7220997eb,3
2551,eb37238b-30d6-44af-8baa-414ba7f69ca8,2
2563,561fbe2f-5b82-4a05-8377-2e25c59464d7,1
2590,df05ba53-738b-43f6-a6d5-feeb6f11914a,3
2605,6f977642-eef3-492d-92b1-aa884c2b735c,2
2608,2a64c701-adca-4e35-af79-771d26283b2c,3
2619,b2390de0-8f92-4d43-aaa0-25313cfd4021,2
2635,55391e9d-a841-4d8b-ac55-f254aa785e4b,3
2637,6b6323bb-3b9c-466c-9387-b2e7208cef9b,3
2648,1d4ef425-5fd5-4299-9c54-117558556931,3
2650,335251fa-ead9-4258-b861-b9134617589c,3
2664,f2fd71f3-031b-4af7-8cad-20fbddde8dff,3
2668,cbbe37e8-a32e-4b57-ad51-3f71ef2f1f95,3
2673,89e28950-250f-478d-9eca-557c246b62a3,3
2679,15900dc6-fe69-4635-91e6-d1c77eb9ae97,3
2682,070f4f2c-e9c0-4801-baa8-bd96a5ba8837,3
2691,6df87599-eaeb-4b01-b219-486773039f71,3
2712,f31c4b57-ea04-499c-a5cb-359ad8aa9f3c,2
2722,8f32fc71-9aeb-4194-8784-1516659987fd,3
2724,311feb40-fb36-48ca-aa3f-7d906344246e,2
2751,f9a31264-6425-4ce5-beb8-44a99433165c,3
2763,484d725f-c099-4a45-8fec-dac1319da3f1,1
2772,546cd96c-4630-451d-b3ef-05c34f7f7d1f,3
2780,29c22c50-9639-4070-8e76-68f05fb28963,1
2804,9ec32a5c-dde5-4597-8fe0-7ba4e9a54ecf,3
2829,9a3dda61-b078-4c1f-ad79-27358b8f36bb,3
2834,e118f6d7-c5f5-4dcb-b046-e593c6baa30c,2
2843,de5b478d-597a-4705-9110-d5004eb6fe1e,2
2852,e7237c04-c12f-4a53-97b6-a6ebaf8645e7,3
2854,3dfe70ea-0674-4129-ada0-96ebcf91a301,1
2865,5e57dca3-20e9-4010-8c89-97de7cc841fe,3
2885,48f51bf6-8d40-48a1-8f28-0e63e7f9ae8d,3
2898,a4a2ad4c-6da0-4aa5-a0f5-78f7437fae07,3
2900,cb67bb5c-d341-4dff-b987-bdebfe6c437c,3
2907,df575c69-95c1-46df-b195-7acad2ddd28c,3
2915,7f7dfae7-055e-4826-973a-b9471702c944,3
2921,0190c55b-25aa-4f5c-b654-665cbddbcca1,3
2929,cde659c8-2bfa-4c89-a2e7-72e31b143759,1
2931,cde659c8-2bfa-4c89-a2e7-72e31b143759,3
2937,c01312d8-d783-4877-9c7e-c728032c7c80,2
2940,aca9e837-50d7-4e52-a745-cee04df9922b,2
2945,8051ddd1-8576-41fe-a42f-796138571da1,3
2946,a046a06a-5341-4363-98aa-cec293eec8b8,3
2959,8ada4ede-8d5c-4adf-a978-6a4699981868,3
2980,261ca4fd-dd39-45d5-9054-45b3c4a24f42,1
3000,e7315556-bdc4-4adf-aa5d-55a70bb417be,3
3005,c3c3bb05-18bb-49c7-991a-f3596ac54ac6,2
3007,e29e0542-6540-4da7-b0c6-82e59eda5ff7,1
3021,ccc051d4-6803-423f-8cbd-675fb0bf6b3d,3
3024,220f82c4-4228-4b83-8fe8-e56ff0eeab29,3
3042,b5373545-8954-4347-ae99-b7ba4605e01d,3
3051,9119bd42-352e-4cbd-bcfe-7f841e982618,1
3078,eb4fa0b5-f379-42e4-bf1d-3fdf19571f12,3
3083,f6f1af76-ccbd-4242-a54b-944dbcf854f7,2
3092,210c64ce-e6d8-436f-93f5-06dbffffc52d,1
3096,53a40f12-6a78-432d-a80e-bd50a8e17142,3
3107,3cda8287-ab7b-45c1-8d6e-4d7f08434529,1
3119,61eeab4c-4852-4478-9d83-8b6e4bfb3e15,3
3123,d3d4205b-0702-41f6-a4f9-083c982a15ff,3
3138,4a46ce3a-c202-4a5d-a2ff-115852df9818,2
3142,73d1f697-44dc-48ff-b420-b769e3213c80,2
3143,73d1f697-44dc-48ff-b420-b769e3213c80,3
3145,ebe49e1f-7957-4bac-9148-e3f375e93adc,3
3154,e7944ddf-a3a4-43c3-97c9-dc6096f7198a,3
3168,b90236f0-0486-4bbe-995b-2da6e2b78f93,1
3179,3f4d93ab-d89f-4216-ac64-60943e8d2a8d,3
3186,a7513892-00f8-475b-9b55-8fad07daaacf,3
3187,7037d18e-42af-4e0e-ac69-dd1fb2bd0544,2
3190,eb7c998a-c69d-42c4-8988-14540944d8e1,3
3201,4763b977-754f-43aa-8ab4-bfe739162812,3
3202,eb381fe7-23ea-4e00-9bcb-43e3a0f0cef3,1
3221,3772978c-fc92-4173-ae5d-74c9bf3c9d8d,3
3229,9fcc2437-0f4f-42f8-8b01-4edd372b6046,3
3230,9a089dd4-aa01-444c-884a-7b80703941c6,3
3256,bd2e8a3d-b8f7-4593-a344-95c6a469279e,3
3257,c02d386c-8525-482d-9128-ff3705418651,3
3259,cad3be68-826c-4f1b-8611-8c558eaa06a7,2
3261,6c8ec6c9-65b9-4931-b002-36ff43754560,1
3280,8eb28926-e64f-4e21-a274-059aa27c9d5d,3
3282,e19a4951-fb47-408b-8377-83eb7254182a,1
3287,f3f5d564-1b06-4d62-a66b-18ae2ec98fc5,3
3299,a839f706-52b2-4be7-a226-67ca01b102f0,2
3321,ce9c72e1-0c8f-462a-b0f8-441191cea77e,1
3334,d3670d7f-9aa0-4a2d-9e57-019861af9d61,2
3335,d3670d7f-9aa0-4a2d-9e57-019861af9d61,3
3339,3272eaf9-76b4-48f2-94fd-f0011be5f268,2
3360,b314104f-e1a0-43eb-b035-5d1fed5f7185,3
3363,31706aff-d562-4fe4-9ffb-0972894110fe,3
3364,47020f1e-6a08-4096-a82c-526c298ee3e6,1
3374,f7ab3a38-9dde-4317-91b2-7cd4a6d4d36a,3
3375,a16bfc05-9183-41c8-8383-8df1e3a00a39,3
3378,eaa845b9-132f-4b18-9a82-e3605f4cc374,3
3384,50478631-7671-40d0-899f-dbdf465abd51,3
3387,59cde054-a093-4c4c-b24c-6c802095fd07,2
3391,7257dba2-07a3-49b4-8736-930534526c15,1
3402,e3163d08-6a3b-4c84-9949-61db7e3ddde6,1
3418,b274e5e7-4937-41c5-9511-4ead99c19442,3
3419,ac37bee6-ea13-4e91-ac9b-26eda3d5c4b2,1
3422,92e4dec4-b502-4169-bc03-e4d9fbc9870d,3
3424,90bc51b3-fb6a-489f-beec-8f1dbff3393b,3
3438,2c9e5f59-34bb-4785-9bb4-4784dac72df4,3
3453,da1d6a98-9f72-46c9-9064-3994509849e2,3
3456,39ab2e28-a0ab-4aab-9fe2-93ae27650b82,3
3457,fdff8f1a-52ae-4437-9ff1-cc404fd09cdc,1
3468,213a3773-a544-484e-9283-88cc4f51b1dd,3
3482,f61bd832-7359-4214-a927-ca43da3fe298,3
3483,51016a36-a65f-4d93-ab30-9a491e72baa0,3
3489,474433e7-a39b-494c-b9c6-4ba94df6c43c,2
3506,42250ce3-ff5e-42f2-a275-c4ac338fe44f,3
3527,bc32d79e-1e9b-414d-85ac-853cb2e5d688,1
3529,bc32d79e-1e9b-414d-85ac-853cb2e5d688,3
3532,2b498b33-4cdc-4789-b58a-fb29c68e0d4f,2
3533,2b498b33-4cdc-4789-b58a-fb29c68e0d4f,3
3541,b264ab7e-a9d3-42bf-b123-7a07aa865a91,1
3554,8dec1425-3f8c-4619-a8a5-8c9a53f9a0da,3
3569,33e38d7d-5db7-4dfb-9ce5-cb7d0b55b21d,2
3575,4948c1b6-5649-4e14-8223-91781cf57639,3
3576,bea0e0d6-6ec6-4661-89fb-11870e639c7c,1
3585,292c59ce-c758-4275-9dea-80a6ceb149b9,2
3588,3d12a421-83b9-4b7c-9c1e-3898089eb228,3
3596,d4789864-4f32-4905-a8f3-afb321c6c722,3
3603,559b2919-c49d-40bc-beba-e6f775583a65,2
3620,e2ac2180-8554-4d90-8d35-7c3a9d348b7d,1
3646,7b7c0d1d-0cc5-4438-aafe-731f3e761698,3
3662,cf3b1372-e7c0-4265-b8e8-745864c42efa,3
3663,6986e851-2e2e-48fc-93df-68124cc6d4b2,1
3673,85bfca07-de8d-4d60-a3a8-624e8dd7e09a,1
3677,077f7115-caa1-4c23-b7c0-312a979dfe13,2
3679,ce526553-c8cd-4b05-b3ab-ffaa9eb7eaff,1
3684,31249bdf-0ba6-44de-8f4c-d03e9f39dd35,3
3689,7ea8af0c-2d9f-4a96-8ddb-b69c09b39f02,3
3696,89a2433c-3db9-46a7-91f9-40bb8c685b73,3
3699,30c6ebe9-0cfe-4936-924f-343e796caa58,3
3721,074f560b-f6f1-4475-b572-4c9377265100,3
3725,4948c1b6-5649-4e14-8223-91781cf57639,2
3743,6c3c818b-1c3c-49b1-97aa-a4d981745497,3
3756,5b22fe83-9413-48f3-9f1d-4dd14b155dbd,3
3761,509256de-76a0-4456-9796-93aa6c89167d,2
3766,f9e71e13-78fd-4cce-9eea-f6b2b80f5584,2
3767,5897bbc0-8941-4691-8b04-232ca899fb98,3
3776,d0ecebaf-7cc4-4974-9bb2-95f04f2d2025,2
3788,588f79f1-838e-401a-ac61-eda24ba46670,2
3792,ac80aae6-8fe3-478a-bdc2-2270fa8ec6ae,1
3799,6f288614-ebaa-4aff-b943-e00e8e5cf51e,1
3804,7eabf28d-26bc-4b31-9876-2350a4a4eb90,3
3819,bde2cef5-0888-4087-845c-f84d3f9d34c8,3
3835,665ebf00-daa7-4542-bcc0-abde3084f49b,3
3850,3a91024b-15d5-433a-83f9-b2e449930d2f,3
3855,0ea131a9-3aa9-42c2-8a4f-48ee5de5ef2a,2
3858,9275223b-6e2d-4372-83af-48d4eb221c52,3
3862,99d41eea-9c08-4edb-bfe1-c07bc6000106,2
3895,d080fae5-764a-4dcd-bd2f-fb2ecca35308,3
3909,97a3b6c2-73d6-45bc-b5e1-4210a3d42725,1
3913,212dc2fb-a906-4235-b16a-47c20cf101c6,3
3926,a5f7f71b-5633-43f8-b8a4-414a8cad2b65,2
3931,d6c9079a-b4f5-46ac-ae33-60cc06282116,3
3935,844f1007-b64f-428d-a35f-29c9c8792956,2
3949,ea5f0078-8fb3-40ed-a2d5-c2bbdac7eb07,1
3953,4ecbdafd-feaa-4ab5-9019-15a15263611f,3
3958,d6d41937-fe8f-4f4f-9bad-b32585c4f087,1
3968,d99f5022-46ea-413e-8c9d-2dd775ec9d8d,2
3978,c50b2cbf-9154-48e5-8dc8-7c2451cbc203,2
3980,b1153c40-badb-404d-b729-9079b11cc1ff,1
3987,cf5bddbe-298f-4b65-b045-c58629cb798d,3
3994,210297ca-c70c-40f3-b178-10c2eb490b6f,3
3996,f5988fb2-b093-4d89-add8-54090359bc9a,2
3997,f5988fb2-b093-4d89-add8-54090359bc9a,3
4034,ecee4218-85d5-475f-bba1-26820c4d6c33,1
4036,ecee4218-85d5-475f-bba1-26820c4d6c33,3
4040,12d67862-fcc1-4877-aae3-7213fcd19a7c,3
4052,5be4504d-8e67-4f83-904d-640a30ae86fc,2
4054,eb61338a-17b4-498e-a994-b2f283af67c3,1
4059,7682e1f1-70a6-4acf-abe3-971250e3691a,3
4070,569491b3-29cf-44ac-99a6-42bea6149e6a,2
4078,75969874-d3f8-4f9a-96fa-f26ae3eb0faa,3
4079,52bf6f9a-9aca-46d1-aae7-01d7a9b5f0ad,3
4092,e5e007be-ae93-4f2a-a93e-9d1e974b3808,2
4097,0ab21f4e-eaa3-41c6-8d21-065f9ac28593,3
4103,0c9881af-55e3-4b7e-ba0d-e2f0929759c7,3
4110,29ca3d22-afd7-4399-9aba-cc9097e8d232,1
4112,29ca3d22-afd7-4399-9aba-cc9097e8d232,3
4129,9d58f9ca-dedd-468d-ac8a-2880d219897f,2
3989,64eed95e-ed01-4550-9d60-8cdcf3630b67,1
4002,abde32b3-9e92-4dd7-8dc7-b87fca1bdecd,3
4019,181895c9-74cf-4c10-832c-f96d4f8b92e7,2
4024,a85c5d3b-c480-4f62-a8e7-87675ccd41a2,3
4035,ecee4218-85d5-475f-bba1-26820c4d6c33,2
4038,c0962c53-e5e0-4279-8d9c-d734095e6bdd,2
4051,5be4504d-8e67-4f83-904d-640a30ae86fc,1
4058,42d72827-cd4f-434d-88e1-07d284f6d7fd,3
4073,8895ae14-361d-40a3-8714-55efd43d8c24,1
4077,9efdcbff-9f4b-493c-9910-3fcaff3dd536,2
4080,70d446ae-dfa4-4f2c-8b81-8b2b47d27680,1
4101,0c9881af-55e3-4b7e-ba0d-e2f0929759c7,1
4117,26fb09e6-900a-454c-9ca1-a620c1f40079,3
4122,44d55159-7ae4-410b-a9f3-d6736458641c,3
4141,9d83a353-f1b8-432f-a987-a36b00ad8aa0,2
4144,e93a541d-6ee3-46f8-936c-6a77be4ba128,2
4152,446aea5c-4cf7-4c93-b07e-13717a0a4057,3
4163,db56ab6e-7800-446d-b456-9fe6a2c8f6de,3
4168,c9795c01-63a6-43d3-a5df-979eb19e7689,2
4177,c8d96dd9-a319-43ba-a4bb-e55ea0f98ae8,1
4197,f4c60d26-c13a-4685-8996-340829d4d5ef,1
4220,575c6c4b-7921-4361-aa8b-d5a22d8e6160,3
4224,2675625d-5c9b-4e02-a94b-ef1a22e3253f,3
4231,aa7ceda7-0e3a-40b0-b967-ec497de129d1,1
4243,f974f0ac-8b8e-4602-a59e-2da3087b256e,3
4260,713a2998-3497-4115-81ee-a1b800582422,1
4268,aa42bad8-00dc-4a53-a45e-7e40e4691a5f,3
4284,0e5b22a4-0ac3-467c-b4f7-13a820690165,1
4298,14564414-e72d-42d9-b1be-be0e9665d414,2
4305,ce2fc033-2a4e-466b-a7c9-e398918030bf,2
4306,ce2fc033-2a4e-466b-a7c9-e398918030bf,3
4307,4aa24f0b-1cc9-4ce3-979f-f1e66036cf48,1
4314,0085f915-6e20-43e4-80e8-6294fa769842,1
4335,59a601de-7868-4e01-b840-efcc1345e702,3
4341,b71c6f0b-8d08-49fe-ba7f-6a3030b3aae9,3
4343,7e2bf4f0-4a9e-493c-a745-74218a647c5f,3
4350,c20c118a-1adc-42cc-b39e-3626199345df,1
4354,f8346f9f-fc02-4240-be86-f398f12a89b2,3
4358,2bdcf59c-3030-455b-a10e-51041404f88a,3
4367,4b7f0f6e-cd0a-42a4-a256-429c340ff195,3
4375,7105d17f-3cc6-422d-a100-f799af92eb91,3
4388,4cd06d20-363c-4eee-9ba7-3820252acfe8,2
4395,1fa73c55-d277-4c6d-b126-dfa89f191d5d,3
4405,12aba624-eabc-42a9-8f8c-5c25b5bc6240,3
4420,4b86e6cd-5c11-49eb-9a1c-a2a243654cf5,3
4426,0addde3c-97c5-4513-bf2a-198bdeb2e589,2
4429,fff91069-0137-46f9-a629-4f55824cc3e5,1
4430,fff91069-0137-46f9-a629-4f55824cc3e5,3
4436,887ae98a-48ba-4798-bdfe-23a23d7edbc8,3
4438,917f3136-e5b9-4bc7-8933-be34d50d29bc,3
4453,6d24905b-df54-4971-97f9-4066e7bc9a42,3
4454,fd7aba3c-f5a7-44a3-9521-251ede06adc0,3
4456,5c8b2efd-0c3d-477f-a7c8-c4503da3d49a,3
4467,2a995a99-9699-4b8b-8c44-dc2fe471bc1e,3
4474,4d053335-594d-4a62-a8bf-0d02af409e70,1
4490,e0f9911e-1655-4ffc-a5fb-9790f86d01b0,3
4501,7da4e513-4814-477f-87db-0520030243af,1
4508,e89f9c88-3e4b-43b3-8b54-0089f8b99fe5,2
4511,10198582-76d6-4e22-8b57-8f8eca3f52d5,3
4513,95e1b92a-cd99-4c5e-b106-efea5e790ccc,3
4524,e4d5bd66-9cd0-4737-b2a5-31dcfb33cd16,1
4526,4749b2d4-6ced-41fc-9387-8a965b4336b5,3
4535,e1ff1185-48b8-4cc7-a9d6-b7349ff4b061,3
4539,ba376869-dd47-4192-b136-82fb76a75707,3
4546,9408cf92-c98b-4ed9-8b88-8a37a69632ea,1
4870,8d8caf2f-165a-4362-aeeb-f89cb5609e8c,1
4871,8d8caf2f-165a-4362-aeeb-f89cb5609e8c,3
4876,9140a3c6-8e07-4616-8d23-b4ece3949800,2
4574,3019ffa8-9ebe-40be-8e25-dfa4feafb8d4,3
4582,ef0acd27-9005-4335-be84-0e2b58fd04ec,2
4590,97d6a46a-3a5c-4e7a-b0d4-0a04e78a544a,3
4598,20e73431-69d4-4a27-b318-8aa5453e8349,3
4606,258fbaf8-b33a-4fbc-a253-5b76ada109a4,3
4610,dee5a5c6-fd31-4913-8955-3b603d9fb4df,2
4612,dd65f769-a94d-4494-af1b-644e35be3fa5,2
4636,22cb6407-7997-4227-8575-d25aff47c711,3
4866,d547d408-ccdc-472e-8d92-5d843631e115,1
4645,fb6a02ad-0d20-41cc-9b63-932b4d2c309e,2
4647,a9b92a99-ecb0-4cab-894b-c9bc97c441d7,3
4649,9901c238-d9f4-4b10-9dfc-9e4eef523dcf,3
4661,7aeb39df-e902-4129-a5a4-4ac032f7c210,3
4873,56a8316c-1251-4222-a71b-f2a36c34bf3c,3
4669,53046337-268b-4e5c-bb56-92829d8fefc9,2
4671,373fc4c0-e7af-4ef1-85d2-d7962606a61e,3
4907,eeedb5c4-0bd9-4d01-8ddc-3a8b1846f69c,1
4718,f1e52b20-e8fd-4c9f-929b-074b7df78b31,3
4720,3374ecb6-bbd9-4793-b2fd-92cda0c8026e,3
4725,795a8e80-afed-4c41-9e2f-8f01712425e8,2
4731,1f43e2d4-4cfc-447a-bb66-4b57db948038,3
4734,6dedeadd-c6fb-4407-ae36-e838bb60a3c6,2
4747,b3aeb504-39a9-498d-8dab-7cb2815b3c2a,3
4748,392bfbf5-4c43-436f-b69e-b0bbd0bb85af,1
4750,392bfbf5-4c43-436f-b69e-b0bbd0bb85af,3
4752,0962bde8-bbf6-43b1-b096-45214152edd8,1
4761,50b6e0ed-32bc-4c40-b11a-09b5690c2622,3
4784,6123dfde-895e-482d-909b-6e2616cbaf4c,1
4797,eda4812d-7dae-4a18-a2aa-5e694be8c5ca,3
4800,6088c963-9379-43b2-a96c-eb25e214f34e,3
4803,ebc6d1d0-578b-4dab-be67-abf0b4ac84b0,3
4805,744f0027-22cc-4ca3-9daf-5a338cfc0e5d,1
4832,38dd3bac-c4de-47c6-bc16-350f2992991d,3
4844,71c4ca7f-c88f-4c03-85fb-7c4d691d0256,3
4845,1dac236c-8eeb-40ee-89f2-f19d8e15baae,3
4847,a4b12bbe-bb2a-4467-834f-1b365e747c81,1
4888,70d67895-5f3e-4c50-9d90-a543787fdc56,3
4890,c13bfb66-c953-4cd2-8254-e62d65e7bfcd,3
4917,235f6848-2610-48af-aeb9-4c47577ff834,3
4947,a3611401-71b5-4170-8589-969b4058b2de,2
4971,c7008a21-814c-40bf-8757-80f293ab3353,3
4980,308e4631-1dee-4a3e-90a2-b71920d7fa0e,3
4984,cd6d62a6-dd04-4c70-96f0-f946fc2c51de,1
4988,ef179bf5-53cc-4201-8b20-1585bba267d6,3
5025,80e857ad-a731-4e70-a4db-0df08605cb89,3
5032,491332e4-cf64-4cd3-a0c4-3d367435f151,3
5034,b4b8d27e-b49f-442e-9293-8efaf89eca8e,1
5043,a09c4a4e-178e-4820-b789-5e86289612a2,1
5044,a09c4a4e-178e-4820-b789-5e86289612a2,2
5046,344eb785-980f-427f-91fa-5508f1edc133,3
5050,e330abc9-68b4-436b-a581-f61f2b3ac0e9,3
5051,017076cd-8151-45fb-a9bf-12a9f24953d2,3
5052,41fc4c09-9ee7-479d-8bc3-fd95e79b25ed,3
5055,84dfd618-95f1-4215-9083-8071c4fe3c1b,3
8020,819f583b-59ed-4a14-9ff4-eacf34e1388f,3
8023,db7d9e1f-39ec-4b42-9476-7141b32f6e5a,2
5067,49203808-d278-4ad8-be5d-d35d586bb68b,3
5068,adfe58bf-921c-410a-9b1a-d358a5af5d9c,3
5071,e724de4e-019f-4b45-9611-209f0f02b23d,1
5072,e724de4e-019f-4b45-9611-209f0f02b23d,2
5082,78745e18-5e2b-4b2d-b70c-1031ddd95b19,3
5096,4de3083b-70a1-457d-b832-ef1e11780962,3
5107,12b406ce-de1a-4191-93aa-5de0560e75b6,1
5111,5dc21502-0575-411d-812d-97c06f940038,3
5113,497c9099-df0e-4b1f-ab34-a5c0fadfd587,1
5125,8a79adf0-3042-4911-b921-e54e6dbb2ce1,1
5129,19db0844-2bf7-4c91-bbc9-014431473504,1
5137,e5ad2045-9a77-4468-a1e4-f480a4415fdf,2
5149,4d2e49a2-ae47-4d37-b4bd-5ccf5b08a61d,3
5158,6136586d-7762-42ce-9e55-1adc69c7e6ef,1
5173,304a56de-ffb9-4545-af59-6740f087497a,3
5175,b61e28c2-9a58-41cd-871d-4487e3c4cc2f,3
5182,dd1c53b3-f435-4fd8-ab9b-d71857c9df89,1
5188,34d57046-c8c4-454d-8acc-9836aa3cf4dd,3
5210,9b46fb1b-9762-43e6-adda-7820236bcd8f,3
5219,701b6dd3-b549-45fd-9c96-0ac85af3c394,3
5222,5c832d44-d78e-438a-b0cd-0afeb70aa42c,3
5227,23e8fd31-b411-4344-a216-898548eb68eb,3
5236,bf6b8a3e-47b4-44fb-9303-94f79ab38b0b,3
5241,ea4c8d9c-a890-4be5-9f68-5c6cb1134208,3
5248,bd2258f3-4f1a-48ad-a4d6-4687e68cffaf,2
5271,26efcb16-5021-4939-8637-fcef54441643,3
5276,395eda7d-39fa-494a-a3c4-ec156441a567,3
5279,c55fd372-4e0d-4026-954a-be52d26dd992,3
5280,eff8f90e-da61-4c24-b4f8-f01f6e94091a,3
8021,19e771e2-1e88-42a1-945c-ec4be8568a03,1
8025,3cc55de1-d50b-4858-878b-30739a8e0ee0,3
5299,776243b9-5ea4-430d-a975-c9ba4710a68b,3
5310,5de04cec-b674-460b-8b50-5a284161114a,2
5321,194cf728-3dac-4a16-80d3-16d98b75e57f,2
5324,2b8bea40-f315-46e4-a022-b9afc2ef624f,2
5331,cf4f32a5-5872-4d15-84b7-763212ad4cef,1
5333,cf4f32a5-5872-4d15-84b7-763212ad4cef,3
5347,1d936ea2-baa3-4afb-ac1a-dace49d24622,3
5349,16d22de5-dc6b-422c-9e4a-cb1c62a6a12e,2
5351,23d594f1-b345-4c66-924e-d62e9bcb65ff,1
5366,7b466365-ae47-4a3a-a2c5-4c77b12eadd4,1
5378,f4e78acf-4a47-40fb-987a-8f04da62475b,3
5379,3a9604f9-4fef-4450-a9c0-3c9202cad481,2
5382,7c9924c7-f226-4b3d-9ac4-4e3d50fdf30b,3
5395,1862fdca-c756-401e-b585-f16f48877815,2
5402,019d4bad-2bf1-403a-abe5-64c5575a4b0c,2
5413,51c66266-5947-4c9b-a3f7-62532e3d9e1d,3
4132,e99c574c-a9cf-4ddc-bbbe-0c844f252a87,3
4145,e93a541d-6ee3-46f8-936c-6a77be4ba128,3
4146,d27d8949-e18d-42c0-aa70-209e3481b4de,3
4150,7cce1b1d-0af7-46b0-a990-9bbce1ebb306,3
4154,362b4a3d-f58f-43c1-8c21-ec4cdcc67491,2
4170,76fcd95b-e10f-4d5e-8f55-394a2bfa35f2,1
4180,3b55f255-b87e-4756-a9dc-0a6f46d79493,2
4194,0a596804-7da6-4d02-8b09-32733bda14c4,3
4221,33f8fb8e-cd38-4386-971c-930fc7b814ce,1
4222,33f8fb8e-cd38-4386-971c-930fc7b814ce,2
4223,33f8fb8e-cd38-4386-971c-930fc7b814ce,3
4226,fc699c55-29a1-4224-934f-e95a0f173ff5,3
4227,2dbf9e75-1144-48ce-99ef-f0ed8554f1f2,3
4232,aa7ceda7-0e3a-40b0-b967-ec497de129d1,2
4254,0671e1da-90e0-49f7-9924-4d53024a46e1,2
4265,160780bc-02ba-4b00-8114-6bd970ddca4c,3
4273,c9a699a4-aea8-4ca8-817b-925e5686b359,3
4274,cd468883-6072-4c79-801e-e4bab740fbbc,3
4303,6a722b24-fb43-4c72-bec9-a8a1b507373c,3
4320,9a10c011-6d8e-40d3-a6a2-3786601bbfd8,3
4333,59a601de-7868-4e01-b840-efcc1345e702,1
4338,1f7672e2-1267-4970-bd73-3e03046a56e9,3
4349,19d70e28-454f-4d00-9db0-476f28efcd8a,3
4355,b17a3099-6955-4506-9d59-66418f3bd60d,2
4359,e0249668-2197-4188-ade9-8ab96c7b0fcc,1
4373,5293c86f-1781-4f11-9462-d820603565ac,3
4379,3580d753-e0e8-401e-a645-40b710dc9159,2
4385,99a0103d-6d26-4891-bc93-3b33c58a42a5,3
4392,87379261-cad1-495c-9955-9d547d98ee03,2
4393,87379261-cad1-495c-9955-9d547d98ee03,3
4398,3094a681-07f4-4450-b4ca-ca49b1bf8861,3
4402,3d5457e0-a98c-4363-8309-fda30a8d5832,3
4411,0f0dd8e5-bccb-44d8-ba5f-84a499851d06,1
4415,5cf509ed-f09a-46e4-b15d-76b9163cb588,2
4417,c0fb472a-202f-4e92-adc2-0a6ba8dfb583,1
4421,3274c566-6c77-4178-9fda-5496fe327447,1
4449,39d4cba2-9303-4f9f-920c-17ee9dda5583,1
4462,36a58157-ba25-4dbf-8fc3-890117c38d45,3
4480,5c94e6fc-3a61-4329-9278-e8366b6749ae,1
4482,5c94e6fc-3a61-4329-9278-e8366b6749ae,3
4489,e0f9911e-1655-4ffc-a5fb-9790f86d01b0,2
4493,1403ddde-b18e-4da5-8c60-5cd4ad96e323,3
4500,04db80f0-596a-43f8-b127-227240810d9d,3
4505,56f5f5e9-0e6d-439e-9a5a-c1f6dc69a0b4,2
4509,e89f9c88-3e4b-43b3-8b54-0089f8b99fe5,3
4514,fca9b2dc-4b4d-4fd0-93a4-c35e63f59f4a,1
4520,b7cf054b-93c3-4dc5-9100-7f82e3f7433f,3
4523,d9569aab-fce6-43ba-87f1-159ceaa03d3e,3
4525,e4d5bd66-9cd0-4737-b2a5-31dcfb33cd16,3
4529,586e3518-9eda-486a-af1b-d3b9985cea30,3
4534,e1ff1185-48b8-4cc7-a9d6-b7349ff4b061,2
4542,aa838a53-e3eb-4fa9-a01e-ce2a9008303a,3
4549,560bb48c-4dd7-4c6d-b67a-3266ffdf0c04,3
4865,d1356ad7-6f8c-41b2-9b8d-c34e2bc77d81,3
4553,b5d63eae-0f06-4874-9613-e48a9b9912d2,1
4604,dfcb6cdc-5ea5-4a3c-8d92-39cb7da3de27,3
4613,db8ec62e-832a-4473-af8a-a92ee964095f,1
4620,9d3fc786-414f-448a-ae3c-ca0b07aab428,1
4641,21a09c30-e468-4fb7-8f01-9e9d4b1f4cfa,2
4643,0aaf1585-bfa3-47d6-a853-8ef653d5f4c8,3
4650,cec71d60-0ee7-4594-b238-ac6032572465,1
4655,fe6d8317-4b07-4b0e-bbee-2bbd0d1b5c9b,1
4886,4ce243b1-02a4-4220-a89f-a6132b5c77ee,3
4670,373fc4c0-e7af-4ef1-85d2-d7962606a61e,1
4672,d13f7b2e-928d-426f-a6a8-b8d0784a6cdd,3
4896,6716f35b-6f16-4dc6-ac28-ec871224b2bb,2
4717,ca03748c-df63-4a83-ad45-a7ad7400b8fc,3
4733,b472d808-63ea-4997-98c7-8e1be3360d79,2
4756,81f03318-f4de-4d14-a199-ac4b07d2d835,3
4764,1113b239-ff3a-4fff-8caa-e87aa845a661,2
4768,2940d781-97db-461f-b6a4-8cf2584739e5,2
4773,153d8c41-144d-41f2-8f72-b18c570deaf4,3
4774,d0e4cb79-3ab1-471b-bb1b-f0ed0b27a647,1
4798,e699b348-0f61-41ea-9eac-45ad7df4927f,3
4799,11b4d497-6ffc-4db7-8289-26c09c46d2db,3
4802,de7674fd-cae7-483e-9499-3234a428e99c,3
4804,526fc7b7-d52f-4aa6-a91e-42e8ebd4a76f,1
4815,60001268-8258-403d-8dbc-9467f1a3cc20,3
4821,e576d0bd-1213-4cb7-ab49-dc8660ab92d9,3
4826,22cec22f-632e-4d11-bf9f-e065beeae1ed,2
4836,a32d304e-ea82-411c-827c-c54514eae1b8,1
4837,a32d304e-ea82-411c-827c-c54514eae1b8,2
4852,e6080691-4c45-4424-9419-b9e431f30fb9,3
4856,55833d13-ee40-40b4-8d33-3e5974eecb6e,3
4891,e8d1099a-426a-4891-9916-62de99ca86e3,1
4900,134d45ff-3c5a-48c1-92ee-858965c9b4d9,3
4904,c34ca8fb-3733-4276-bcc8-7cce246dbc11,3
4915,235f6848-2610-48af-aeb9-4c47577ff834,1
4916,235f6848-2610-48af-aeb9-4c47577ff834,2
4926,7e9d6c4a-5dbb-404b-a244-4947d338cb48,3
4928,b935f332-be55-41df-ada8-58c4165fe779,3
4932,30030f1c-10d0-4ec4-b78d-3e6246b3208e,1
4933,30030f1c-10d0-4ec4-b78d-3e6246b3208e,2
4936,c02cc18f-52c7-4034-aaa4-b5c7336af633,3
4967,6f0fb809-3e30-4c1d-aa29-726b9c85447f,1
4972,e99f8d59-585f-4e88-9581-05f2234ae2b0,3
4982,b6adbf27-22ea-4186-9e03-7d1ed60d4b67,2
4991,08660bb9-a83c-4100-bde5-578898264827,1
4995,c01ac483-5612-4e16-9e38-7157132df6dc,3
4998,ab6f1379-69df-4ae4-92b4-3c566205b4fb,1
5005,eec7d9fe-226c-4b13-95ea-0f00377fd1ba,3
5028,14469608-dcf1-4726-a0f2-3898f2e0c0be,1
5039,317a0e2f-07f7-4cc9-9149-0033fb092de3,3
5048,485d0e7e-ab50-4533-8976-f0a0ce4d8fda,2
5053,b48c1c76-2ed7-4343-9e0e-eabd877ffdd0,3
8019,819f583b-59ed-4a14-9ff4-eacf34e1388f,2
5069,49b084ec-835a-43f3-b39e-b574ed99723c,1
5075,ae1d1a12-fee5-406c-9fb6-b17fc1aea7db,2
5118,b000a1de-9ac0-49b8-ac6f-3246a158c9f0,3
5140,d9824316-b0da-46bc-9553-89ea21092298,3
5144,de139f41-e9e1-4b20-9f43-395d622606e3,1
5156,d1a665ba-a995-4e75-b519-609d5832d05b,3
5162,dbcb83f0-54af-4e3f-bad6-deba1624f7d6,3
5174,b61e28c2-9a58-41cd-871d-4487e3c4cc2f,1
5203,00b38d5d-3e55-4816-bf56-b37f89e01a53,3
5214,f4abf453-7676-4ac9-8f47-782991c87efb,1
5215,f4abf453-7676-4ac9-8f47-782991c87efb,3
5218,9534eeb8-2868-4046-ad73-c3219e7ae4e1,3
5224,d4048a1d-7ea8-4f91-83f6-e2f7aca5e8ed,3
5233,06f0885d-b787-4f88-8089-7505e5e6dabf,3
5237,bb0c1704-db94-491c-a137-ce61a37aa8d5,1
5240,0a664e6c-84e7-40d8-9566-1a0ca9dd8d7c,3
5247,bd2258f3-4f1a-48ad-a4d6-4687e68cffaf,1
8022,19e771e2-1e88-42a1-945c-ec4be8568a03,3
5291,aa05c7de-ab94-400b-84b6-b8852dcdf05a,3
5293,22e65076-6055-4c67-9b23-3752dc2bf182,3
5304,d42b468c-ef42-412e-9e06-9d3ad4be8f76,2
5307,d6578896-d0b9-434d-a9a9-78dd85f2de8f,3
5327,a7828833-ad7f-4f30-9e14-7143ce8c497d,3
5342,268e1cf0-312d-4977-ac9f-25d2a48e9bb9,2
5352,23d594f1-b345-4c66-924e-d62e9bcb65ff,2
5359,c7003c6b-ffd8-491a-800c-00161bd405a8,3
5362,5a54b17b-7e58-42d9-a8a9-c95c24c1be37,3
5368,0a091b9b-187d-4e08-8eeb-114df1ce3d36,3
5380,3a9604f9-4fef-4450-a9c0-3c9202cad481,3
5389,5f27ac24-4a73-41db-ac2d-82432dcbc5db,3
5390,00d4d38d-50a6-4f35-8540-f6be266e637b,1
5424,7a6bce35-b0fd-47f6-ac21-8d49ed341d73,3
5432,9cc943c4-7097-4332-a687-19937049a88b,3
5445,a86cceb5-f2c6-48f3-a09e-b79436598f5f,2
5446,a86cceb5-f2c6-48f3-a09e-b79436598f5f,3
5464,c4b4f61d-ebf1-4560-aff4-f91aecc963fe,2
5487,440b89ec-3a78-4336-a2fd-6c385cf8cd6f,2
5505,fe14ba05-56d2-4d51-8778-43d97471388e,1
5517,1d43ed27-7033-4e61-9dbb-3a5b47c1be8b,3
5539,f7d8af87-f3bd-43a0-8a37-d54c15043b1e,3
5545,8086138b-b0cb-4aed-b3e6-7ac8d628a36c,1
5559,b7e39ee1-d580-4381-a164-e86b422c652c,3
5568,7b07585d-f739-4101-adf1-e3336727ff22,1
5569,7b07585d-f739-4101-adf1-e3336727ff22,3
5579,6497327c-4ab5-4687-bbba-eb24f904e687,2
5592,062dbd64-10e9-4268-a85d-64f172a3cd3b,3
5594,bfbb12fe-f3be-4ff6-a1ad-210cdddb3a73,3
5598,f5d1f7b4-b851-43ce-87f1-27d7db8a36da,3
5622,c34eeb11-d929-4644-ac2d-41fbaefa49ff,3
5626,548a3d44-2dcb-48b1-88c3-834e77219f77,3
5628,58349423-e79d-4d51-8f62-c36770ee818b,3
5638,54036515-b8e4-4d59-b14f-5df967530a86,1
5653,9ce5db8b-2cce-4b4d-bf89-89afeff73bbf,1
5662,61b577c7-dd88-4f19-b313-b048e570f321,3
5664,787af3af-eade-4e05-b7fc-1eaff13d36bd,1
5674,7da23de4-59dd-4c6c-89be-b794a94ffb41,3
5683,7aa3a9cb-39b5-4d62-8201-da2dd3b0c1b0,3
5688,32c61900-9421-4f2e-94fb-b3a3712d9a67,3
5693,8ba34551-ffc3-4ce9-8051-b95357755afd,1
5699,2b88816b-c0d3-4b04-93b3-bcf5c2e37a0c,1
5702,7befc4c1-23f0-4fd1-9ea8-186f8c31e08c,2
8032,f7850a15-1b2e-4779-b84b-94b8b436ee28,1
5719,f17f4b95-940f-42cf-be4a-9f8d80cddbb5,2
5728,2b9f7735-fde0-46da-a4be-975767f99e42,2
5746,76f10cb0-3003-4925-9cdd-a96594d62241,3
4434,0c4eebd9-3916-4be5-8f56-00db0ab6abba,2
4443,bc77f912-3dce-45ae-9213-729eda366bde,3
4446,6bb73131-9dfe-49d0-bb22-42d60a8b857f,2
4464,c60008cd-29b0-4d35-a42e-33897289943e,3
4477,f734d45d-e70f-4ebd-955e-639c9ec0b9d6,2
4492,69c3bea4-a35d-4108-b798-9077c40c0562,3
4497,35899b90-c2db-42e6-8f96-6e7d54b6069d,2
4502,7da4e513-4814-477f-87db-0520030243af,2
4506,56f5f5e9-0e6d-439e-9a5a-c1f6dc69a0b4,3
4512,95e1b92a-cd99-4c5e-b106-efea5e790ccc,1
4518,ccc3304c-d78e-47de-b9f6-ca8c740653bf,3
4519,b7cf054b-93c3-4dc5-9100-7f82e3f7433f,1
4522,d9569aab-fce6-43ba-87f1-159ceaa03d3e,2
4531,9f9c14d9-2510-4bd9-806e-1f9979fc0152,3
4875,9140a3c6-8e07-4616-8d23-b4ece3949800,1
4570,ebe8280f-bb7a-43c4-a74f-efbb7a8fb3a6,1
4575,df2794b1-796f-4e60-bb20-291160d26b70,1
4581,c8bd0219-c90b-4e8c-b30d-887b89d1a4d0,3
4593,747a84bf-ce46-48f9-a36b-5915481873af,3
4594,35d20ab8-c25a-4ad7-8872-45442e004a7d,3
4605,bded6dd6-b9fb-4208-bb40-6f3446e3673f,3
4624,b06c92e5-af5e-429f-bc82-d56f7e055e2d,3
4633,2ca3dc79-196b-449b-968f-70b7896d92aa,3
4634,74de24be-49a3-409c-a0b9-e61b420a91e7,2
4867,d547d408-ccdc-472e-8d92-5d843631e115,2
4644,bfa461f4-b052-4be4-8d21-eb73e9a1ff1f,3
4646,f379e7e8-11b4-4396-af3e-d0b169f38d59,3
4664,35503964-7b12-4a56-a4fb-cd45fb5f4567,2
4878,14552b75-75fd-4dbd-ba94-2d5629faecba,3
4674,051d99fa-2939-4126-867b-2829517cd503,3
4895,6716f35b-6f16-4dc6-ac28-ec871224b2bb,1
4681,f232ba0b-8fd1-47db-8e1f-5368290d8ecf,3
4683,9247a051-94f9-41c8-9b64-46b5a29560a7,3
4691,3b0c68e1-fc24-495b-9bcf-c0480ff9b9ee,3
4697,18b8c73d-261f-486c-8240-118dcf47cd7c,1
4698,18b8c73d-261f-486c-8240-118dcf47cd7c,2
4716,ca03748c-df63-4a83-ad45-a7ad7400b8fc,1
4727,3d080c1c-8bda-4c88-a3c0-29d39e9bfd0b,3
4732,d3e3b82e-66e2-45db-9913-fc1cd625d6b5,2
4740,116a1ac4-4da1-4b63-aa9b-7e57e3472dbf,1
4745,b3aeb504-39a9-498d-8dab-7cb2815b3c2a,1
4755,97721131-db1d-4bb4-af22-c1e67ceb7ea3,3
4760,0fbf48ea-3690-4417-b1a1-138c92a73777,3
4766,ec3de83d-7a49-498b-bd3d-e437111979a8,2
4767,ec3de83d-7a49-498b-bd3d-e437111979a8,3
4783,a4f5d8f1-ff6b-42a0-aeac-7615f93ff5f9,3
4787,c0e1673a-f7f8-4534-bf42-311509db3e53,1
4789,c0e1673a-f7f8-4534-bf42-311509db3e53,3
4790,18ce3974-d7ab-4213-84c4-d19c2fc1abef,3
4811,f7bd3899-285a-4b84-b678-645e1ca9d8d7,3
4816,bde32773-6bc6-4f92-952f-7169acc0b336,1
4822,df58ad92-644f-4a41-a425-4e31c0b52549,1
4833,e53db895-3bd1-464f-832c-015bd96f7d66,3
4840,72aba32d-d61d-4229-a37b-679a7e9a6e7c,3
4869,f3b9d5e2-c417-448f-8a25-3ebd08359c34,3
4848,a4b12bbe-bb2a-4467-834f-1b365e747c81,2
4853,153273a8-ef1f-482c-8c59-cb94a522ec62,3
4859,eb17fb61-32ac-4180-b6be-508b53aa5367,3
4910,fb9a6c91-c382-428d-851b-793eb3f47774,3
4913,98e5b2de-94f0-49e3-a086-3804b3ba74f1,3
4938,433ca507-6640-41fb-8b51-f66b99481f25,3
4942,5cc8d503-7977-40c6-8a86-556278f10b43,3
4945,cbec9eac-fb26-420c-8e1f-55dc1b9c26f2,3
4946,a3611401-71b5-4170-8589-969b4058b2de,1
4949,79a050bb-6886-49e2-af71-072365ac61aa,3
4953,a9d8631e-408a-4e6a-a522-d66a5f53de8e,3
4958,962fbd7d-1aff-4bd8-847f-0499117b344f,2
4959,962fbd7d-1aff-4bd8-847f-0499117b344f,3
4969,fee06e6c-6908-437d-b371-93fa467ba600,2
4974,bf58c3d8-37fc-41b6-98b4-c77e6d1e9395,3
4976,972b4eda-64c3-43c7-9170-3f06e67488cc,2
4985,cd6d62a6-dd04-4c70-96f0-f946fc2c51de,2
4986,cd6d62a6-dd04-4c70-96f0-f946fc2c51de,3
4987,ef179bf5-53cc-4201-8b20-1585bba267d6,1
5000,5d69d0ee-18e9-47f8-b6d6-04212e6ebd33,2
5004,91ebe34b-e89f-4153-8149-168c8fb06c3c,3
5009,284f49bd-a42c-423e-9a28-9a68a42a33f6,2
5012,b0b22f06-2baf-4d2e-a0da-e5bd353c3f6f,1
5017,17a0a858-8113-498b-9342-9f97c26a7c4c,3
5020,38abd713-bce7-4486-bdda-08a5ac491780,3
5023,80e857ad-a731-4e70-a4db-0df08605cb89,1
5026,2a629433-9bd6-46df-a6a5-16ef4babb830,1
5036,e87b4d1f-32fa-4431-adb6-9e5ca06ca490,3
5037,317a0e2f-07f7-4cc9-9149-0033fb092de3,1
5042,c7fc474e-236d-431f-b4de-000d46de4a33,3
5045,a09c4a4e-178e-4820-b789-5e86289612a2,3
5085,3e5644f6-454a-4365-bd54-9a05d5b3d5c3,3
5088,d13403e3-c89c-490e-b062-4c2d9f2cf627,3
5089,de7c4653-b30d-4a8a-99c5-ca084d42872a,1
5095,119e4e0b-cfee-4e17-83c3-b6f97b942622,3
5098,d8e59731-0e9c-43eb-9d5d-cf8994072548,3
5102,be984629-8984-4b5b-ac42-e3fee30b6b59,1
5105,bf1b6804-35b0-493b-aa4b-da25e5b5545c,2
5122,b68c8380-c989-4edf-857e-500421f81208,3
5126,8a79adf0-3042-4911-b921-e54e6dbb2ce1,3
5127,9cd604cd-44c4-4a4d-9247-58c04085b143,1
5132,a6c29122-ad30-413b-b25c-b046918a1f7f,3
5145,de139f41-e9e1-4b20-9f43-395d622606e3,3
5148,4d2e49a2-ae47-4d37-b4bd-5ccf5b08a61d,2
5163,ada9ce5e-82cd-4bbf-bd6e-26a6ba87e59a,1
5165,ada9ce5e-82cd-4bbf-bd6e-26a6ba87e59a,3
5166,34966812-6aa9-40e1-ba34-8a43b322a27d,2
5178,e42ae74a-49ef-4871-a964-95c27b2c036d,3
5186,81c0c4fb-6e9d-46cb-af8b-39727e35be66,3
5191,98f58122-c75d-4ca4-ae35-49aa650b91ef,3
5197,7a6cba42-6f85-4fc4-9db9-1a15e2c41ae1,2
5200,3303c91b-1628-46c3-8194-7a9fc5550d6f,3
5207,bf3bbe2b-8215-4a3d-abb2-907d810c7c8e,1
5216,ced507a1-1d11-4d89-90f7-f3d64619a4a2,3
5217,9534eeb8-2868-4046-ad73-c3219e7ae4e1,2
5243,7bbdf5d5-b743-4638-81f5-23e49e0ae24e,3
5245,dcaff24d-fd32-4ae1-a1cf-293a22135e05,2
5249,bd2258f3-4f1a-48ad-a4d6-4687e68cffaf,3
5251,ddb9e743-a4ea-4012-9772-635d801e2117,3
5257,fe51ea99-5df6-40a6-ae33-f239401ee0c6,3
5258,aaa61438-ce58-4a8b-8f82-e9ae0cd5238f,3
5262,6bd2f799-9068-4a4a-b0c6-aa4a88043877,1
5275,395eda7d-39fa-494a-a3c4-ec156441a567,2
5290,aa05c7de-ab94-400b-84b6-b8852dcdf05a,2
5292,22e65076-6055-4c67-9b23-3752dc2bf182,1
5296,857c3aea-1129-4af1-8fd7-144527ec9fb3,3
5303,d42b468c-ef42-412e-9e06-9d3ad4be8f76,1
5313,d4813fcc-cbb7-4117-ad03-7bad0e1fa3e1,3
5315,4e3c3797-cfcd-4642-9f6c-9a6838504dba,3
5319,bd289020-b507-45e0-9ea6-5ed5a33d8d28,3
5320,194cf728-3dac-4a16-80d3-16d98b75e57f,1
5326,d67780bd-e102-4bac-a271-98cee5817404,3
5329,fa33256b-ddd1-48f9-b4f3-b6ebe1ebcc77,3
5339,077dabe2-ae1d-47ed-a4c6-8a51005c5dbc,3
5343,268e1cf0-312d-4977-ac9f-25d2a48e9bb9,3
5355,dfc98f65-ed74-471d-a87d-400cbcf28d64,3
5358,ff339b80-1d01-4db3-b1e1-023e34dc2a3a,2
5365,4d569ea8-75a2-435b-b8c1-5aad09317ba8,3
5371,6d872661-3ca2-4006-9756-10775bbf3a66,2
5381,a0293b66-f678-4260-9419-9049754c1321,3
5384,7314d1b1-a7ed-4c63-be3a-127ec9945e33,3
5388,5f27ac24-4a73-41db-ac2d-82432dcbc5db,1
5397,1fdcbf8e-1c65-439c-9d26-b3ebe31e5d27,1
5409,72615552-5608-43a3-b707-6779a82a5b1f,3
5415,a75ccf95-5ebd-43a8-87e6-17907909033d,2
5425,e5ca723e-0701-4f6e-8b96-cd0f43d15af8,3
5433,82d6e191-dccb-423c-8022-9ca264f5fed5,3
5436,403abd0a-6604-4908-8eee-bc889259ab5d,3
5439,52f521b7-6e60-4d72-86c5-c6ecf3939782,1
5455,125e6236-f3c5-44f5-9c49-0f8df7db69ad,3
5459,f16ea72b-55cb-476d-8add-7ffbe524ec20,3
5460,db03f126-e6c6-4061-a7d3-0cda34cf03a3,1
5468,b3c094e5-f96d-48d5-aca2-466731c13517,1
5469,b3c094e5-f96d-48d5-aca2-466731c13517,2
5473,9c6cf30e-9dce-4f48-9314-1efee7579b99,2
5476,f3dfcab4-1a7c-46d5-a07c-dcce7b16d10c,3
8027,18f039ad-b080-4e10-9fab-7d2735928085,3
5491,6327117f-eca3-4696-af2a-9df80feaa18f,3
5493,36ce9735-5934-4284-acca-7ae73c649ada,3
5495,e41a9444-ee64-48a5-b0cc-8b45b607bf43,3
5496,861fba77-1814-485e-a47e-66d1bf76b253,3
8036,d803aa81-a3b7-488a-9255-e8f528135b8f,1
8037,d803aa81-a3b7-488a-9255-e8f528135b8f,3
5503,4778a775-8e14-42f1-86d5-a65a94d0624a,1
5507,fe14ba05-56d2-4d51-8778-43d97471388e,3
5508,98a80810-5404-4b7a-9ca0-ff4f570719df,1
5519,7e412e63-5df4-49f6-8969-3900f08de4cf,3
5523,a9f18eb3-7f65-439d-97a6-9188674a99cc,3
5534,2723fea2-7046-436a-b71a-dd5fbee022e8,3
5537,e8157af3-13c6-4b67-8b90-bc2ae8c10c80,3
5564,4b4fe512-be53-44ba-9798-f93708f961a6,3
5570,c7046867-8afb-4c23-8c14-e27c6f5600c1,1
5585,d306d161-0b69-41df-9729-678b2f5637ac,2
5602,40efa741-c54d-4276-ac83-f73e485f246a,3
5608,6225c784-d0d7-4412-884d-aee0342e6961,3
5614,616225ba-f526-4be9-9ceb-e7f9d01ec7c4,1
1423,884f0c22-ab01-4b4a-b9fd-167fa26b42ce,3
1475,104e4b3c-64d4-479a-a7d2-f2467b652b64,2
1484,174a4aca-7567-4321-a7d9-ca612326e06d,3
1486,19eee274-1449-439f-81c6-b602a7dab2d4,3
1489,7d6d5229-fe8c-45b9-a955-ec37930a8026,1
1495,74c6f3d6-24f5-4875-9be8-011f89272b76,1
1501,1bce7a4e-298b-4c6c-8fd3-79a64f764aba,1
1524,907d37d3-b32a-4213-a322-5528cd06cb05,1
1528,058c7b85-e823-40a2-842c-51957f93bd3c,3
1555,89e75aea-b2d2-401e-9bcb-5ca96ce4beca,3
1558,c27b9a9c-614b-4eaa-a06d-054043f6cd36,2
1559,c27b9a9c-614b-4eaa-a06d-054043f6cd36,3
1563,28110178-99d8-48ff-a739-3602bd21373b,3
1570,b3d16f5f-8e97-492d-a704-286acdfc7c31,3
1577,1aa16ed0-21f5-44c3-b39c-c7a190af9d44,3
1587,110bc984-5989-4602-8c80-5b061f143cc7,3
1601,5f41cd99-7d4b-442d-ae3e-5e45ed70aaf9,3
1630,d74ead24-3f7d-40a7-a9fc-d2e6cda43e97,1
1635,e76ab63a-b407-4bf6-8fda-66f90bf2fe9a,3
1648,7f5621dc-d952-4708-b617-8be126232853,3
1660,23f730a3-2ae4-4ba7-8fc6-5045fbde5b86,3
1666,83f7e2f5-29bd-431e-bc64-9e84cdbaa972,2
1670,81d56194-ca25-4b15-af92-23fd37feac9d,3
1683,e17b934f-3ffd-4c74-887b-11b5bd63c959,1
1689,8170f329-4382-4b16-ad88-54ace918293e,2
1713,f8d39ae7-0ca4-4094-92e4-094d1055827e,3
1717,7be58985-06fd-4702-9426-da6bfdff48e3,3
1729,33446bc5-e602-46fd-9ca0-e6ed8aa292b4,2
1736,78504fbb-c3e8-41f8-8cb4-d3e3fce61fb1,2
1745,e1084842-5195-4555-91d7-938bd28f1830,3
1747,ff8cb3de-417b-47ec-bf9a-0c0cff2ccda7,1
1748,ff8cb3de-417b-47ec-bf9a-0c0cff2ccda7,3
1763,524463d7-0ad9-41be-a311-8ae4ddc36d16,2
1766,d876936b-9fa4-450b-8867-7973917a9967,2
1778,48de62c4-de70-401c-b30e-101df8ade19e,1
1793,74705497-712f-4b90-a372-7bdce46e76c1,1
1806,99b6c7d8-d13d-4d62-bde7-ce7867f662f5,3
1812,0f34f300-e503-479e-b68c-a251e9c0dde9,3
1832,ff0bc7ec-213f-4f50-96d7-3fa2dd2e2388,3
1842,433fd874-b3d7-4d5f-955a-d54555be9935,3
1851,00a356fd-b1c4-484f-bd6a-976c56828302,1
1852,00a356fd-b1c4-484f-bd6a-976c56828302,3
1869,b432b467-573f-4c57-9d2b-3d194f92261c,1
1877,7c543765-d77f-4fba-b244-0e511d38ba20,3
1879,bd38c939-3e17-4298-96fb-6f6e82e4b2fc,3
1887,a0f30e63-511f-402c-b4df-5968d97df6df,3
1900,7b8e8d62-c6cd-4d52-9627-64f6ab6dad0d,2
1915,e443bc9f-8957-4899-ad2a-b765a9c05bf5,3
1916,90bd8d7a-29de-4ed1-9804-418d42b2e1bf,1
1921,f354b38e-00cb-4960-a84f-56e08a0987ed,1
1923,f354b38e-00cb-4960-a84f-56e08a0987ed,3
1929,85f05f2b-3644-464d-80d8-5e7f46ad1c94,3
1934,1e54c329-bc8b-4c13-b4c0-90e4897adaa6,1
1939,64acdc57-2e8f-4d21-ab06-ff9d11834d14,1
1961,5acead44-7c3a-412c-8b88-7a727ea47d13,1
1962,5acead44-7c3a-412c-8b88-7a727ea47d13,3
1970,9ef46b36-8799-4fe5-9624-a91df7f79a75,3
1980,6a3887aa-f593-47f0-b6f3-8d608d963475,3
1985,d2a59627-bf6f-468f-9bfd-7d96149bd704,3
1998,811834bf-0cad-4bd5-9b5c-9db18bcad557,2
2005,e3816ebe-538b-4dfc-994a-1ec779b99207,3
2011,3b1ace4d-6f38-467f-a587-71bd5c9fea67,3
2015,d9e51dea-6a91-4af2-854f-ec4d5f04f2f8,1
2021,96e150b7-f9b7-4d48-adb6-389d0fd04413,3
2028,e2b257ed-beb4-4d11-a044-b0c467aedacd,2
2029,e2b257ed-beb4-4d11-a044-b0c467aedacd,3
2038,d4fd2936-5fa7-42a8-b3fa-12aab4162dfb,3
2045,17cb0d12-38c8-4355-80c9-d72cb03db874,2
2052,db62060d-691b-4c02-a7f3-5749444b94e8,3
2056,0ee0309b-caa3-4cb3-b50d-acfab710555d,3
2065,b7ada7de-1001-468c-a7c4-12d7aa27774d,3
2073,49d786c2-f6e1-4265-afe3-105d782dfabf,1
2076,4b82a5a7-c550-4c1b-b7e8-fd76d9c4497f,2
2081,5cec8397-ab7e-42a9-99f9-310409729f7c,1
2085,b3385f74-dccf-4b32-b831-67e458c60fad,2
2086,b3385f74-dccf-4b32-b831-67e458c60fad,3
2093,2ba2cc16-daf6-4d04-9754-f8c16b9ad419,2
2105,34fc8bd3-dd9f-4d80-ab71-8ae887929296,3
2137,003c5146-707d-49c8-8846-f9ce431c5a0d,1
2141,4cdc881e-185f-4e78-b508-f30e92c0b4d2,3
2148,27fba89c-5027-4928-8b0b-547e9a6dccb5,1
2164,df3173d6-d083-4a12-aaf8-2cb7084a5089,1
2172,5b5259c7-d045-4ba9-b73f-2dd693a23a86,2
2176,6c7c198c-c0ff-4a90-83d8-83b7a9b8a8e0,1
2198,3775d961-30c9-4169-98bb-b69fcfd84636,3
2199,b673f45b-d076-491e-86d7-14434a7579f3,1
2219,8bdf44b5-33a3-4179-b789-a40236377d8f,3
2223,925304b1-d890-41ca-b82f-dd1dd2149a7a,1
2229,9115d527-87c2-4c1c-bdb3-850f51063193,3
2248,bf52ae6a-b957-41be-80d1-a15e52815938,1
2254,013f5bbd-9d8b-4a01-b718-2a20c435b908,3
2262,e4f47779-748d-4a6d-86c1-61ee21785b96,3
2270,754a58ee-8b29-4727-bed8-02f64a3b38b5,3
2275,660192e3-363b-4c79-875e-97a53aff0c23,3
2276,517e0336-18ee-4c60-8585-4a70dca38b1e,3
2277,aa493338-2d88-4da2-86cd-e821ff4dc419,1
2292,b1df0a96-fd89-4941-901a-33d350cb9654,2
2306,5d23129a-3f2a-4cb0-8a9d-569c2853732e,3
2311,ecd206a9-bcf1-4c67-8ef0-6734ad25af74,3
2312,c025082f-7af3-44ca-9bea-0d996ac05dcc,3
2322,8e9f1e79-64fe-421d-b037-1d660bd617ce,3
2325,af2b0c9f-a239-4b32-a916-ac9f2f791df4,3
2339,e2f4ac30-b9f3-4108-91d9-c1003ab311d0,3
2355,6fa84416-eb1e-4be1-b8ad-a6e283aec832,3
2360,2278aaa2-4d63-463b-a10c-5b33a6f7dc3a,1
2367,233323ef-0fea-4a44-b1f0-5a4a6e440c71,3
2383,43382c15-90e9-4e0a-8dab-5b6292005f48,1
2385,43382c15-90e9-4e0a-8dab-5b6292005f48,3
2389,6398cf5c-cca7-4d7c-93b2-8f5e9f254bf1,3
2397,ad1e14eb-c986-4f99-a80e-f15d62e6d844,3
2398,f95dddd5-8152-47ee-81c9-9808e0317628,2
2402,1c87b3a6-60f1-4574-8980-4e99469818ba,2
2412,88743bb3-6587-47cc-bbdf-c695e7931f53,3
2440,08e4e37a-8c43-4cd8-b59d-56de8653a777,3
2468,bb9dcb64-ec98-47fc-8121-06c8902c3f2c,3
2483,d650f142-9f1f-410a-ac5d-b6651feda5f4,3
2487,23e4befe-e167-4235-a788-66e917b44e51,2
2505,cb82be84-9781-43ab-910e-fb5cb0c43fea,1
2509,1892bda0-2ddc-4f78-a80a-2f11bfcd1a8a,3
2521,3ed1d8bd-0bf7-42d9-8b14-f080c808275d,3
2522,0301ee45-4911-486b-b4eb-f61ea59c0b48,1
2527,1a6a88eb-f23e-4090-8b60-b72e5e1cb061,1
2530,beb39419-3594-4cfe-af96-a4ca125c51ac,3
2533,6088c2e7-a584-484b-b0ed-e8a1e2045fc5,3
2539,58309150-3406-4624-b4ee-c4f677aba15d,3
2547,59a3fe70-2520-42c1-b26a-57fd08dcc755,3
2549,79401e78-0143-480d-9955-751fa58d4599,3
2552,eb37238b-30d6-44af-8baa-414ba7f69ca8,3
2558,1ad72e5d-a6c0-4430-8a2e-61cdd41168ae,3
2564,561fbe2f-5b82-4a05-8377-2e25c59464d7,2
2566,ecf308d0-3cfb-401b-a8e8-a29da3782f81,2
2571,bfc48ef4-eae6-432a-aa38-9bbf2d5bf071,3
2578,24f90433-3128-4ca1-9c89-fbfcc3638db4,3
2581,06aea5ec-a06c-497f-88d8-08e3830efabd,1
2586,a4051fe9-e266-4ac8-ae24-49bbdaf26d3d,3
2588,07499347-f429-4b53-877c-15b95118bdab,2
2589,07499347-f429-4b53-877c-15b95118bdab,3
2607,2a64c701-adca-4e35-af79-771d26283b2c,1
2614,6503f7ac-deb2-4a61-8fe0-b433cffe2664,1
2621,0176604f-f5f9-438b-a894-ac43cbd2cf83,1
2623,0176604f-f5f9-438b-a894-ac43cbd2cf83,3
2630,2cad3017-38e8-41e8-aa01-6a1c7627fda7,1
2633,55391e9d-a841-4d8b-ac55-f254aa785e4b,1
2646,a6879e91-8a1b-44c2-a48a-f8ab479a8759,3
2656,4444dfda-0317-48f3-84ba-1ce9e3ca5132,3
2662,828c3826-acb7-4f6c-a11a-ccdf3564152d,3
2671,dab41ba5-0732-4bb8-8c11-9bf2a002fd5d,3
2674,340b73de-2859-4b2e-9b17-3e522e7d2331,3
2678,e103a81e-f27a-4302-9701-ef2079495005,3
2681,070f4f2c-e9c0-4801-baa8-bd96a5ba8837,2
2689,6df87599-eaeb-4b01-b219-486773039f71,1
2695,29fe8564-9688-4621-b759-1e2d76f2fe4e,3
2704,2d5a26f0-338c-4485-bbee-b986aa089169,1
2710,8271b8a4-4850-46e2-99f0-bb629f4a734b,3
2720,968f4b97-8344-4d4c-bb51-1be1b8f3ead5,1
2727,f21bbb6d-75aa-4afc-aaee-83c1ffa53854,3
2736,0343ccb8-e0b8-43f6-93ab-59da1855e68f,3
2745,6a911aec-fab0-4469-a3c0-ca719d7b292a,2
2752,2f50dc64-6488-4e48-aff6-463173da9713,1
2775,130ad770-4a73-4da7-8a95-444db30c9388,1
2777,819e2fe9-dede-4c0b-90bc-2d959a3a4f32,1
2778,819e2fe9-dede-4c0b-90bc-2d959a3a4f32,2
2783,4a127913-8541-459f-98f4-e9a93b934019,2
2786,61b084b3-a92e-49bc-bf16-57d003a21eca,1
2787,61b084b3-a92e-49bc-bf16-57d003a21eca,2
2789,ed63d0c3-c2af-462d-b038-7f4150a0113c,3
2795,51a416e2-7e3a-442d-978c-03538259aff1,3
2802,9ec32a5c-dde5-4597-8fe0-7ba4e9a54ecf,1
2805,1c417814-b854-4821-a25e-bde19ca22905,3
2808,c9988c8b-982d-4107-b218-1cf33fb9d8e6,3
2812,9f93028e-cee3-4e65-a1a5-0114de4d4181,3
6770,e6dc20ec-12d0-477d-9556-870138b0c574,1
6776,327f4e1c-86e8-4a16-9427-bac4b123a4fd,3
6781,5d4e7941-69a8-416d-9aa8-ff27a77161c5,1
6782,5d4e7941-69a8-416d-9aa8-ff27a77161c5,3
6787,6086b15f-e3e6-4a63-8034-7bb83aa6da88,3
6790,daa40b74-e26c-4cc8-beb2-16412843796e,3
6792,c04394fe-61ba-47b8-b869-68101cb19b70,3
6793,28bc306f-5863-4655-8143-ccdc00a1b6d8,1
6799,41ffac06-c4e5-4b41-b118-cd84c219913a,3
6800,04f3ef8d-4f24-40e1-a2d0-4d947269368f,3
6816,2475c42b-1893-46f2-8360-0d13ac4d6492,2
6853,f6a79dc5-8c4c-4f3d-b1b6-fea4dae3947d,3
6856,96165b49-935d-49de-9499-7f4816229d45,3
6865,75190555-4c56-4126-828e-2b022a131d4a,1
6866,75190555-4c56-4126-828e-2b022a131d4a,3
6875,37b0e07b-a99e-43ca-9f36-8e58bb87cbd4,3
6883,9fabf6b5-3561-4e2d-8397-f26a80b0ac7e,3
6915,c5f0c2d4-6812-4ad1-835b-3e1981a200f7,2
6923,a1ba72ba-acc1-40c1-995e-c83801e12dce,3
6926,c664d1f7-832a-4523-8c0b-6f6859ec729b,3
6951,5d6f3e43-6742-4061-9513-5f4899bfb68f,2
6953,682cf6af-6d0d-4096-bc7a-5b8f6fc39d9c,3
6958,fcc33b48-1a39-45dc-97ea-544310de4345,2
6959,fcc33b48-1a39-45dc-97ea-544310de4345,3
6960,023ed3d2-5c69-4b9f-8380-2a22f3305530,3
6970,d90bc680-ffdb-49e7-aa04-17e796d0e3ee,3
6988,482f1df3-5961-40f1-8b6e-0c3383941e3d,3
6993,8072c85d-10f0-458a-ba38-96848582aeb3,3
6997,54ce46c6-8bdb-42c3-ae5c-f12e621400ae,2
6998,54ce46c6-8bdb-42c3-ae5c-f12e621400ae,3
7029,bb742f69-76d5-47e9-bdf0-5207b597b0c6,3
7038,6bb5d0d4-f816-4fc6-b446-efe6ccbc3be4,1
7039,6bb5d0d4-f816-4fc6-b446-efe6ccbc3be4,3
7040,8ad6203c-396b-427d-9884-96a84e9d1e39,1
7053,09f90869-4f1d-4d36-b4f1-2188a705e3b8,3
7074,47ead8c0-2d36-423d-8ce2-4a378861ef14,1
7097,41ba8ce3-e47e-4298-aef6-8517161a2e4f,3
7116,0e9d107e-61f6-4908-8d54-1021356327d0,3
7126,4ae475d6-d3cb-4ca0-91b1-2bd777e87663,2
7130,a18cb69f-131c-4117-b76c-237b387663ef,1
7140,ea25f631-75f2-42fd-97bd-ec4e50a6b1f1,2
7182,54b7002a-ecbf-4fc0-b748-f84237a8fb4b,2
7190,601b1d99-f1d8-4890-8e32-546fc485e18c,3
7198,6995dc62-7281-4bc7-9b5c-1b8cf47ee223,3
7207,1005b5a2-52f4-4d5a-ba43-f8907171bae9,3
7218,f28cee3c-e948-4b55-a78e-0f65232ee4ed,2
7228,86778ce4-d7e7-459a-8ae7-15d98abf53e7,3
7229,66b5c77d-399c-4d46-965e-6496b745f02c,1
7231,66b5c77d-399c-4d46-965e-6496b745f02c,3
7234,9021c46b-7f70-4497-90d0-3a83d2e5b208,3
7239,94cbd2a7-9823-4fd1-bf85-da8fe66f4eff,3
7254,39443438-fcce-4df7-852e-10fd70a862a5,3
7271,55e4f79f-cf0b-417b-82e7-b7a3fc08340c,2
7274,05016a4b-d076-476c-a277-feaded675936,3
7278,4eee6ec6-d05a-4552-9135-4d417ff0ce81,1
7280,4eee6ec6-d05a-4552-9135-4d417ff0ce81,3
7283,581337e4-bccf-40b5-a95a-b625d8a0f388,2
7288,deabae86-e778-40f7-b0e2-087b3ada2f1f,2
7293,00af1719-9d6f-4c68-b713-880adbee851b,3
7295,796bec52-f61f-411e-9c0a-e5b3d221c7b4,3
7297,0be2cc80-555d-4f02-ab43-8a8dbbc986d9,2
7337,f6485a18-072b-43f3-82eb-2fb3531b65ee,2
7340,2c37cde3-63c3-4061-8545-e2d385a9d1c5,3
7344,357f06da-2f2f-4770-92b3-0790c8540a84,3
7345,aa61bfc9-fe73-4e2c-a147-e40e22b7c2aa,1
7364,e32733d4-d7b1-40db-a4f1-a405ea1a92bf,1
7369,b86d7457-180e-4bd3-b24d-661e1b887f88,3
7375,acfb1bea-6abd-4690-94a9-56cedda66bd5,1
7378,55bcc48c-0711-41ad-ad61-9287ef5df1db,3
7379,c325616e-2b56-4d9d-9518-bc98476f98fa,2
7383,9fa78310-7ea1-49fa-a52c-d58389f3f754,1
7384,9fa78310-7ea1-49fa-a52c-d58389f3f754,2
7395,7e8ff168-dee3-4b17-a2dc-6b7d7c0d86e0,3
7396,b0b75d26-1723-4661-9448-4643cc99c0ca,1
7400,0af091a8-bb2e-4536-aa64-66d21774615e,3
7405,4d118e38-f48b-45e3-803a-24bb382e2109,1
7414,5b44d1b0-9995-4b1f-b3df-628e14100f91,3
7426,8239af89-4b9f-4af9-95fa-ff6e66327272,3
7440,7b79c907-63e6-4950-9a0d-159460a39eda,1
7443,d533b393-3def-4a21-9486-930a7d4f2f21,3
7448,88d8ae10-81e2-46dc-86bc-bc4dd835f38e,3
7453,00c8dc7e-8082-4579-8fde-a52a97a93086,3
7457,38be5228-3745-4a75-a77a-17d5a260f15e,2
7468,561cca62-f043-4ae0-8f3b-9d6323003fda,3
7471,408fb383-d5ea-4bcd-9dbb-ee46f1fa328c,1
7474,1d875eb3-63dd-4a17-b630-7b4afe3f51fd,2
7487,483fab7a-ceab-4645-9d0f-a7ef9b5878f6,2
7489,1edb9eab-cb04-4062-953a-286afbbb0991,3
7492,20e1275a-585d-4391-87e4-a0e1a04c84af,3
7495,960694a6-55ff-47e2-9fe2-1ccbaf57659d,3
7499,1272fd93-e7c6-4434-8425-35586f9dab94,3
7500,e7b39963-fed2-48d8-a6c1-0a5e6d0c4447,1
7512,9873ee38-9ab3-4703-9500-f727c2b6e0ac,3
7513,2099758f-0fc6-4b22-8eda-4a992bace354,1
7517,e0079425-8323-4916-91e9-d48cf9a84d44,2
7543,84020cc8-758c-4eeb-ad8d-9323aeb64bf3,3
7555,27e05326-9bb5-43ae-81cf-b9f56a8f1588,3
7588,4e23bf6e-3109-4cfc-92c8-b4fb922ce86d,3
7599,bae44dbc-c5fa-4600-885e-b890dad9b74e,2
7604,4f9c1c69-a633-4584-8341-d522a40f94f2,2
7606,7e778e8d-5fe5-49d4-9cf5-f4b7e3b37213,2
7628,fd2ec7c1-b30a-491d-9c24-c8f3742ea274,1
7636,a2096e25-fd13-4731-8f13-fe24f94c14d4,3
7637,b6424f37-dcad-4eea-a4a9-6e704b602083,2
7646,c79295d8-18c4-4f63-ad38-4ae1f60cbbf0,2
7657,991b9903-54c4-41d8-bf7a-03a47d4ae196,3
7664,6802a330-8be8-4667-9a59-bc0b8c5333c5,3
7672,4414384d-4879-4c52-9533-b02dd72a72d0,3
7674,c0551d7e-0445-4cf4-8630-230a69d53836,3
7677,dd4f1a3e-7661-47e9-a73d-1a5f2a8e546a,2
7678,8e41c591-83de-4fab-bfb7-d96f870aec11,2
7684,8dbf0190-0254-40f2-87cc-bc34141a2314,1
7689,4bfad49d-f300-4f1f-9d93-bd73feae9d0d,1
7692,1e2d93e9-b3ec-4401-ab62-050aec0b0ccd,3
7697,61ba2070-1860-44fc-9f6d-4e76a145b468,3
7701,d094634d-acf6-46d9-bf8f-bdb781fe2e8c,3
7707,54278fea-2f2b-49a1-af0b-e09bd8dac4ed,2
7718,60f73a21-e0b8-46dc-92f5-b1d1ecaa7900,3
7728,70daa057-8702-48d3-b706-4b571991de57,3
7732,d0c10a02-b24d-41ea-a854-829161d3b8da,2
7741,83f3cf55-1c8f-495f-9aaf-b7a1ad6ba929,3
7748,73728976-981d-4053-a6a8-0193dc99a119,1
7760,7b8856f5-ab68-4934-815c-2cf8582c5769,1
7766,1923c851-a680-440a-88e6-5078ceccf5b7,1
7781,97ce3344-1b76-4883-abfc-edb159571e44,3
7782,3668db5d-41d8-4583-b2bf-94efc0dc752c,2
7784,dddbbec7-01a6-433c-a833-39e499b42ea1,1
7785,dddbbec7-01a6-433c-a833-39e499b42ea1,2
7794,aebcd993-4bc5-4da8-a7e8-d545b083adfd,2
7796,1f2e8ea4-8ac7-4e66-8e8e-bb3d7970a5f6,3
7797,b6f005ae-df3c-4b65-88cc-3f1f412c90b7,1
7804,2a644332-b3c3-490c-b77a-dc1954cca61d,2
7810,244371bd-fcab-4020-b405-9907b4a052c3,5
7822,70fd9825-c2eb-49fa-8a6c-6b7c89bc159f,2
7828,40fbc0fc-df98-41c7-8fe7-ac20dc47f7e3,2
7830,354ea7e1-108f-4c71-b171-871ae17c64ee,1
7849,60b3c945-7e1f-47f2-955b-07a002d245d4,3
7859,38aa700d-d8db-435f-a5d7-798049507f5d,2
7863,7b78cf32-d4aa-4ff8-9846-a4463962666d,1
7864,7b78cf32-d4aa-4ff8-9846-a4463962666d,2
7867,77ecf156-2b8e-45a4-bfad-bc8b0ae422a6,3
7896,c13d7fc8-dd9e-4fa7-939d-0de2de2116f8,1
7897,c13d7fc8-dd9e-4fa7-939d-0de2de2116f8,3
7906,0234e74e-50d6-48a2-97cd-9b60bbcdcc4e,3
7912,338f9636-000c-4bd5-ad1b-1ad828a3a8f1,3
7921,9d250550-b42e-4ba8-9b38-c56078533d29,3
7927,91613a49-e2cb-4090-bd5d-4053e0174e85,3
7930,d151057f-3c0b-4965-beef-55deceb04df1,1
7937,ee70a01b-9b0f-47ff-8793-f86b7fe4d9a6,2
7938,ee70a01b-9b0f-47ff-8793-f86b7fe4d9a6,3
7955,fc3a5c1a-22c7-41fb-b16f-49cc8dbcd37c,2
7956,fc3a5c1a-22c7-41fb-b16f-49cc8dbcd37c,3
7971,7cf6c774-e514-46b7-b045-1115d1f9e030,1
7973,7cf6c774-e514-46b7-b045-1115d1f9e030,3
7974,eeb8c321-6fa9-475f-8b09-c9c2d9289a6c,3
7982,f501dee9-2b96-4194-8424-70a7e122a786,3
7994,ca3c480a-66ce-4a50-9502-66dd3e6bbe2d,2
7999,dc466177-a6c0-495a-b773-114b8eb5ae7c,2
8005,fc486b4a-ae76-42c5-acee-a11d88c65913,1
8009,d632e0cc-456b-4b21-b77f-9242c1312ead,2
8010,d632e0cc-456b-4b21-b77f-9242c1312ead,3
8035,cfee3968-d108-401f-9b7b-2dc86eac9603,3
8046,66e6dac5-3c37-4862-9917-ea90b35a0471,2
8058,e3a1abac-a642-45ec-b2b1-94867e76a3f9,1
8060,e3a1abac-a642-45ec-b2b1-94867e76a3f9,3
8062,b9cbe76e-5821-4b95-a85f-7fbe9b4de959,3
8066,f9c80a44-68c0-4779-b3b2-fda27b66d34a,3
8075,9b6edec0-a383-4235-8d42-f6bf61851220,3
8087,71c24307-e8b5-4693-b606-6cffe2e171b3,3
8093,702047b9-928f-4b50-9781-b79bcafe066b,2
8103,94fef608-5e67-4d0f-8dc1-2a7fab2ed54a,2
5431,cd5aadc3-bdb8-48c4-a986-43b7c656e7dc,3
5449,29a13e6f-f4d8-457b-b186-bddda9bf28f4,3
5450,e143762b-3b6f-4824-be86-12f94f5110ce,3
5475,f3dfcab4-1a7c-46d5-a07c-dcce7b16d10c,2
5488,440b89ec-3a78-4336-a2fd-6c385cf8cd6f,3
8030,716c56d2-cc2f-4fd0-a2ba-342c589194e3,3
5504,4778a775-8e14-42f1-86d5-a65a94d0624a,3
5509,98a80810-5404-4b7a-9ca0-ff4f570719df,2
5522,bcf61b79-161a-44d0-8930-7788a32a29ab,3
5528,05746d8e-79a9-4616-bd4d-64ca5a338b11,1
5531,dfa49a47-92c9-477e-a5f6-b46df344ba6b,3
5538,f7d8af87-f3bd-43a0-8a37-d54c15043b1e,1
5543,d0b927d0-45a5-4cfd-b300-b67242ab8f06,3
5546,8086138b-b0cb-4aed-b3e6-7ac8d628a36c,2
5555,b557e495-8cc2-4758-9946-652f48620b22,3
5567,93bcaf54-3575-4c62-8fa3-9de49dbe0cba,3
5572,c7046867-8afb-4c23-8c14-e27c6f5600c1,3
5575,0fac98b7-079e-4d00-b2c5-d427bb44d96c,3
5577,36315940-2d57-45a2-af1c-68d74796a16a,2
5591,062dbd64-10e9-4268-a85d-64f172a3cd3b,2
5604,06f01f3b-a2d4-4cd0-bbc8-a04a531a43ec,2
5605,06f01f3b-a2d4-4cd0-bbc8-a04a531a43ec,3
5619,aa6d2a43-3810-4256-a04b-e382cf9454ce,2
5630,e1fd0bd6-d9ee-4232-8ab4-0631998be35a,2
5634,a79ea4ca-327d-4c1d-86b7-a1d91e3f47d3,3
5639,54036515-b8e4-4d59-b14f-5df967530a86,2
5642,c8f7c3a1-eb9e-43db-89a4-8334df66cc7d,2
5645,f47ed172-719c-4c78-82a1-66400f86d23d,2
5650,8702238a-6fc7-49e5-8d96-7cc3f6c63f6b,3
5654,9ce5db8b-2cce-4b4d-bf89-89afeff73bbf,2
5660,39b4c057-5a37-46a1-8032-1b728aed0371,2
5665,787af3af-eade-4e05-b7fc-1eaff13d36bd,2
5668,ae8baff2-4833-4dbc-8f6c-2ca395a5beef,3
5676,67147ea6-1d16-4afa-a2ef-493897245007,2
5677,88428018-4306-44b1-ae34-de1f086b8d7a,3
5686,203a2197-96bb-42d2-aa22-ca4bee51cfa4,1
5690,07c65407-710d-4793-9ff8-33fdb0247ff1,3
5692,30fd135f-c501-4023-82bf-43d90abc3880,3
5698,7d818455-e473-4cfe-b56d-9dcdaedd2781,3
5721,d9c747ea-927b-42e3-aa80-46229b693fdb,1
5738,526dff4b-3a68-4619-bc7f-7665da362f02,2
5744,022380f8-0650-4b64-ae7c-4b2934cfe811,3
5745,76f10cb0-3003-4925-9cdd-a96594d62241,1
5752,ea4140c1-bd93-4acd-ba8c-2aca6146967d,3
5757,683e0340-9db0-465d-ba69-f3819b760427,1
5761,f1d86592-204a-4c14-b8c9-8563b77e5bd9,3
5773,98dd1f91-e629-46c8-b497-b8cb26fdb338,3
5786,2aba7149-f5be-4ab2-993e-323aa881f61d,3
5790,9889bea3-ac80-4f1e-9d7f-452175452dfc,2
5794,9bc61999-ed36-4a1f-999c-321776e8e829,2
5797,6409f5f0-2fbf-42b3-a08f-7eba838cb1b9,3
5803,4447e2a1-1b20-4655-9b00-5aa0b285c507,3
5811,e4978f06-efcc-4525-8009-32efdbc2ea7e,2
5814,5da51d51-fa2f-4a5c-aac9-40483d88b07a,1
5819,15ca078c-faff-41f1-8137-324a8210c0ed,3
5823,a0cae8db-56ab-402f-98ed-86dbc0636a9b,2
5835,ee2dc6b8-c393-44bd-8337-d6ec712a418c,3
5844,d1a7a8e7-9918-4656-93f0-5c5da7f055f7,3
5854,2f93308c-fac6-4d52-abe4-b5b64f4a87b2,3
5869,c4cdd363-f433-4b82-956b-63fe57680999,3
5871,373d517d-d048-4835-950d-fbc0549d73a0,2
5872,b3472b0e-0878-48f6-a589-e3b9f36b3f7f,2
5880,041dbb3b-487c-4666-8cc0-c48d0e051dd7,3
5900,6f50c7e7-8b14-410d-b899-0faa64c37f7a,3
5909,3a7cb3af-5ceb-4ef4-b9ad-4c0ae7bbc73a,3
5914,12e94d1d-e4a7-44bd-995d-6c4db7a30397,3
5915,3a6d15fb-8b48-43c4-975d-ab0ac6a3a1ce,3
5919,fe8cb0c2-ff1d-4782-a9d3-4ce056eed8d9,3
5921,ed74fba0-cf94-409d-9820-f8969c69805f,3
5931,d755d270-1f52-4007-8f51-c52a4e917db7,2
5986,7cff5a1d-3ef5-45cc-adc3-5e804b3da499,2
5997,1abb9b93-8951-43a2-b1cb-6fa577d7fc3c,3
6004,242d7f62-73c0-48bd-975c-619ded01834b,3
6006,c16b15ba-78c7-4f34-ab90-def60fa5ca73,2
6010,52089402-fd7b-4234-bc48-9938260c7499,1
6013,50d8280c-96d0-4d89-b62c-c139b0a09449,1
6014,50d8280c-96d0-4d89-b62c-c139b0a09449,2
6030,2557ed13-bc17-4415-84b5-85012a4d9e07,3
6031,4d04c6a4-aa55-482d-9bcf-c209e336f1f5,1
6045,ef391733-0181-4b87-a216-9295c5082d01,1
6048,6dbf1d72-c43d-4943-89fd-6cab82673bef,2
6073,8f17505c-a4b7-488a-b946-26fe5799a3cb,2
6077,5634e28e-a0f5-47b2-9afe-fe4140f3998a,3
6079,bcd31448-ce06-489e-a89f-1ea83e93183c,3
6083,943dc9cc-9497-49c8-a0aa-cc13a2bf3b92,2
6091,0987be38-9b9e-4f86-96cc-39088fb206a9,1
6111,43bb404b-4957-421d-814d-f22588eced91,3
6118,8ae940dc-59ad-45e9-b842-d4e660810b77,3
6138,6b83cf37-40f6-44d8-8b66-800e89d6caa3,1
6145,1c8d0613-0e81-43fd-9aa4-36dbf1003daf,1
6167,d48ba9bf-b3ed-4fe3-b388-766038faeef5,3
6176,aa04a185-2c6d-4fb1-a074-b921ca7f166e,3
6184,d09534aa-16b9-4611-b827-b9bb7b036007,2
6192,19e0311b-27cd-4f67-a7b0-432b9bc6e9c6,3
6199,ca360af3-0b3d-4141-9b92-852f4c075d26,2
6211,4ad8a568-0280-4bae-a4db-fa6b0c24b3db,3
6218,c7cdf821-39de-450d-8bdf-11e5e4e9e4f4,3
6228,1c683dde-7911-4a0d-8b16-b9d989742f59,3
6230,e38d28c9-5caf-44b6-a0be-1acef4545830,3
6234,1ec2ae2f-5233-47e5-bc63-97df1723dd89,2
6242,39244d00-66eb-4c7e-ae63-122899541cc8,2
6248,2f8140ee-ca3a-44a3-8be6-c486c98d95e8,2
6253,5d00c35b-9bdd-4286-a0c6-c6ba2bbf294b,2
6259,576591c3-ed7f-49dd-bd88-47b568829a87,2
6260,576591c3-ed7f-49dd-bd88-47b568829a87,3
6264,9a30caca-f78c-4865-bf16-d294e2bc96b2,2
6272,5daf8d02-cf63-496c-8306-80994b1bc1a8,3
6274,6ab6cf9e-108c-4693-80c0-3feb4a594fee,1
6286,5e550ede-a2ef-4407-9adc-e7ce2c934721,3
6287,a3d02a95-c925-44ed-9838-3948e2b8419f,2
6294,9761507e-0c6d-4ef4-8da7-8c2bcda70850,3
6295,0d1fe572-d459-4095-8cf6-b266c3460b2d,1
6296,0d1fe572-d459-4095-8cf6-b266c3460b2d,3
6309,e6178f58-4cfa-4324-bc6a-3a812aa4c4e0,3
6312,52d975f2-c4dd-4130-bf92-c864379dc16f,2
6318,12e9ea96-07f4-4bf7-aba6-7c5b367ffb7b,3
6322,87839b5c-eb80-4f42-8d07-212e454b160b,2
6323,87839b5c-eb80-4f42-8d07-212e454b160b,3
6328,7eb703fa-d6d8-4e1f-9eac-f7606852de64,3
6337,3b9e4627-c73f-42db-a2c7-e15652028f0e,3
6339,7cce5f7b-c791-49ec-81f0-029c1495858a,3
6346,89eabf79-8c9b-4726-b286-a7f0eac9535f,3
6362,53400ae2-f936-4a07-85fd-1c860919e25b,2
6365,4f33b36c-7f5c-4035-8a7d-4c7b1a93b9a5,2
6368,cc8a9905-b0e0-488e-9d87-f78867277493,3
6369,c921fa3e-bf66-4fd3-afdf-ce61188f1379,1
6376,28b86bbc-1b4f-4665-b97a-b5c3aa72a041,3
6382,115e052a-ffa5-4b88-8434-5adc7de30696,3
6389,170d1961-a654-452a-9d25-607092dfc6fb,1
6392,f83ee7b6-a6ca-4125-a485-7b1d0f3aaa4c,2
6406,ca8d37a7-0bb6-4585-8218-cc14a7cd4abb,1
6407,ca8d37a7-0bb6-4585-8218-cc14a7cd4abb,3
6412,b2b2025e-a46e-4643-a1a6-31b8af864874,3
6414,4b3a2b47-bb2c-4280-b9ea-0a3be4a715b6,2
6417,6bc3ac81-4c95-4421-9c74-3e29582f1970,3
6429,4311eb6a-bfb2-4296-87cf-d88f7988eea3,5
6449,7d7e13e7-3acf-4558-802c-a1f6ad1295f8,2
6494,697637e7-35a1-4d9c-ace4-401fb71808f2,2
6502,d2c3c4ac-5cc8-4dc6-8641-44f7ae9dac4c,3
6518,771f6237-ac44-493a-916a-41007b5891a0,1
6527,f0234e88-8fbb-47ce-b544-07ee62c35004,3
6541,49bfd75f-3187-4ebc-a4c0-778015d4abbb,1
6549,9e1acbb7-fb30-4fef-8b47-6eee4af319d1,3
6554,0a83196b-4a07-4876-9f79-4509f691bf3c,1
6579,ca8f2e2c-df14-4cd4-b4bb-74b89b744295,2
6582,95afa330-4cab-4b8a-82de-f2a1a040e1eb,3
6593,e251063f-1e95-4340-91a7-65d758c7eaa1,3
6594,3485b787-5a34-4bab-8122-4ddb2eda0156,3
6603,903f1348-e35e-4f46-aa10-af4ec205e198,2
6607,a0798bd2-cd05-4f6e-bfd4-4be88856983f,3
6608,d254ce15-c5bb-44f9-be49-fd96cd068c3e,3
6613,ae1630f5-1257-4aee-b655-c1526e7bae08,1
6627,03707708-cd3f-4262-852b-a090e6f96363,1
6637,85da4838-bf1f-4d36-8cde-7254fdd56bd2,1
6643,11718078-25d7-4fb8-b1b4-2fdb6451bb1d,3
6645,7baef850-f67c-414a-9fd2-7f7510db7609,3
6651,1dc147f1-26eb-4bc9-9b4e-cf1cc154812b,2
6652,1dc147f1-26eb-4bc9-9b4e-cf1cc154812b,3
6655,5f460f9d-81f6-4297-ba72-521763c60e82,1
6657,5f460f9d-81f6-4297-ba72-521763c60e82,3
6658,eecfa537-e117-4d56-ae5d-da9159461116,2
6664,ddb31f7f-a2ab-404d-85ce-4ad2d50278ec,3
6666,b0870a8c-19b0-4993-83dc-99281e55d1bb,2
6668,6d5a7cde-ebc1-4510-914e-9c9f2b43eda9,2
6669,6d5a7cde-ebc1-4510-914e-9c9f2b43eda9,3
6675,3a69ff4b-8413-4a86-a038-36ba7cb09eab,3
6685,cf31aeb7-d3a8-404f-bf01-709a8f184066,2
6687,f1900fdc-81dd-419e-b9f3-01c3c32c8010,1
6691,650ed0fb-f88c-45a9-bfcf-b5361a9635c5,2
6700,3126194d-8b68-4941-83d3-841e0fc86d69,1
6701,3126194d-8b68-4941-83d3-841e0fc86d69,3
2817,1486d198-aa34-41aa-bca6-e2e698c1d75b,2
2828,09c9f95a-85eb-41e8-ba36-cac11a5dceda,3
2864,5e57dca3-20e9-4010-8c89-97de7cc841fe,2
2867,569126be-7f46-4a34-be3e-5308b7df064e,3
2878,58ac2868-e731-43ec-aa38-ea78d0928994,3
2883,48f51bf6-8d40-48a1-8f28-0e63e7f9ae8d,1
2884,48f51bf6-8d40-48a1-8f28-0e63e7f9ae8d,2
2887,cc237f30-92aa-4f4c-a660-e0771e0f907b,2
2892,94c2522f-0431-425d-8539-736b81239543,3
2911,4e2195e5-944c-445f-9025-767302d90e0f,2
2924,5eb43559-b9de-410e-8216-fc9f5ba0bba2,3
2932,f0c65862-d906-4df9-a041-2a3b559e4143,2
2934,98d89484-1bbe-4f03-954a-f30265b872c4,3
2950,3b932f66-3c1f-470e-8a88-55e797706553,1
2955,db5203af-022c-42c3-bbf9-7703bf2b53c3,1
2958,8ada4ede-8d5c-4adf-a978-6a4699981868,2
2962,2a754510-7f81-43b1-8bc7-66ba454a3c58,3
2972,725d8f6d-57e5-4f71-b77e-94cd576c74df,1
2975,acc16913-2212-46ef-9eeb-4a3a81e21aeb,3
3001,4d8af54c-e66e-4ed0-9ffb-11c655570534,1
3002,4d8af54c-e66e-4ed0-9ffb-11c655570534,3
3017,6dcc46f3-bab5-43a1-86e8-896d61cbe0a8,2
3018,6dcc46f3-bab5-43a1-86e8-896d61cbe0a8,3
3023,220f82c4-4228-4b83-8fe8-e56ff0eeab29,2
3041,3fa518fa-b91c-455f-9942-458695645ddc,3
3044,d6979b85-312a-4d1b-a86b-c8f359078fb9,3
3052,9119bd42-352e-4cbd-bcfe-7f841e982618,3
3054,1c8c6ddf-e1d4-4793-b73d-dc30d980c39d,3
3058,5b8d29cb-39cd-4658-92aa-7f504c46052a,2
3070,d18e1fc6-c8e2-4be1-9db8-d8d0e479c21e,2
3075,12e3b654-64fb-434c-b5e5-d0a7b62b3571,2
3085,79042dd0-3517-49aa-82e5-a8ef8080f623,2
3089,acef576a-e447-4006-b337-01c428fa343c,3
3094,7c0c04a6-71ae-4627-b079-a37f47f0fb1d,3
3115,d74ecdc4-b505-44ed-8ee6-aeda0bc34023,1
3116,d74ecdc4-b505-44ed-8ee6-aeda0bc34023,2
3126,ebdc6cd8-b9a1-41a9-95b4-503e5e3d7dd1,2
3127,ebdc6cd8-b9a1-41a9-95b4-503e5e3d7dd1,3
3135,b0040188-7fb2-472d-992a-1cfe4913856a,1
3139,4a46ce3a-c202-4a5d-a2ff-115852df9818,3
3141,73d1f697-44dc-48ff-b420-b769e3213c80,1
3170,b90236f0-0486-4bbe-995b-2da6e2b78f93,3
3173,62b907ac-631c-497e-8286-c0e64aef2a41,2
3189,0dccaae6-2504-47f9-ae65-3bcd9a6786a3,3
3192,bc9271a4-bfcf-46b2-a8c9-b2140cf7a9a2,2
3198,8e8933ac-2558-4250-8a0f-ab04b558d8aa,2
3214,298bbb68-d432-420b-8a78-e3af39c79e99,2
3217,834192cb-746b-403c-a88d-f22b2e228ffa,1
3239,d46ece8b-1210-47f3-9b58-7589024d5512,1
3241,d46ece8b-1210-47f3-9b58-7589024d5512,3
3249,3837a391-93c1-48bd-b641-95375964e335,3
3250,180e8291-8f6e-4f57-a6d7-2326bf922c69,1
3264,004833b1-d971-436e-8792-a8a78589f72b,2
3265,004833b1-d971-436e-8792-a8a78589f72b,3
3267,a25a96aa-a443-4189-a49a-4833040037e8,1
3273,9fee9e30-720c-437a-8032-2b2d51ebb7ac,2
3288,f1553efd-969d-420c-be53-91b54e87a51a,2
3304,9a8b1f4a-ed5d-4b9d-a414-910a0ab25776,2
3305,9a8b1f4a-ed5d-4b9d-a414-910a0ab25776,3
3316,56a10ee8-6e6b-427e-ada6-a868ced348a3,1
3319,d687147a-4cea-4855-882f-a045ee5ac19f,3
3323,ce9c72e1-0c8f-462a-b0f8-441191cea77e,3
3325,f688868e-b278-49ff-b44d-1b3c7e94a16e,2
3327,c2770342-0d74-470d-af2f-475e22b38468,1
3340,3272eaf9-76b4-48f2-94fd-f0011be5f268,3
3343,5e183533-90bb-47bf-a206-e3a353544788,1
3344,5e183533-90bb-47bf-a206-e3a353544788,3
3350,71e832ba-ab64-4433-abfe-9759fc56c101,3
3351,6f6d4d97-8e20-40b3-bb86-819ee630b3c7,3
3401,77c7f54d-9440-43b9-9595-564f0be40dfa,1
3423,90bc51b3-fb6a-489f-beec-8f1dbff3393b,1
3425,bdd1c654-bad8-413e-989e-3d9bfb6f46e2,1
3439,4a47891e-88d0-49de-8a89-4e29732db779,3
3448,f36b8fe4-3d12-4e8f-ad0d-5bc062acbd88,1
3449,f36b8fe4-3d12-4e8f-ad0d-5bc062acbd88,3
3462,6c90db4c-2e01-48dd-8722-5523c2710a94,3
3474,f1a6070f-3806-4ff3-a740-e2fe7f56a57c,3
3477,64ee070d-98a3-4751-ac06-b09d8c50e206,3
3484,065908d1-0fc3-4e7a-bc26-d6108de5052d,1
3499,894fef2d-df55-42d2-bcfb-e86d257460ba,1
3502,ba634510-2042-4af4-bf74-0fa2b8ba899a,1
3512,17652649-a7a9-4207-bf79-05dbd54d73f1,1
3536,5ed84974-396b-41fd-ba59-a82dbc783450,2
3539,1f4a2810-f767-495e-9239-b2b3f0c5eccc,3
3542,b264ab7e-a9d3-42bf-b123-7a07aa865a91,3
3548,c9906006-2b22-4649-b21d-6a343b47bb9f,3
3553,8dec1425-3f8c-4619-a8a5-8c9a53f9a0da,2
3560,79ec2876-8456-4d7d-ba91-9f7516b68fb1,3
3565,001aad57-962a-4704-a97f-ff28539b0500,3
3578,bea0e0d6-6ec6-4661-89fb-11870e639c7c,3
3583,059094e3-2db7-4c89-b68a-8e1d35fec81b,3
3586,292c59ce-c758-4275-9dea-80a6ceb149b9,3
3590,90eafb71-0cec-433f-bff2-2c424fb48c91,3
3618,ac00a888-9cb3-47f4-a8cd-684f63189533,2
3626,0a622d8d-3481-4c53-8138-28fb0a0b77f0,3
3635,13862791-2d4a-4b74-8c32-911dfcd25f4a,1
3639,b1d471ff-3237-4078-9ad8-081cef81b2dd,1
3642,cf3a68db-8b81-4dd6-9dc9-eef787a376d2,1
3648,cbaee8c9-7efa-4ded-9286-ec9185d5c70a,2
3655,24b8078d-b471-4ef5-b67a-7c7d18913760,3
3657,97bebb6e-02b4-483b-87fc-1fa3f28bc595,1
3664,6986e851-2e2e-48fc-93df-68124cc6d4b2,2
3666,2d6fdd6f-749f-4828-af6c-8e334a071e72,3
3678,077f7115-caa1-4c23-b7c0-312a979dfe13,3
3697,fd4ce212-934e-4efd-b326-1a446797d345,3
3700,9a42c83a-9d3c-401a-aef8-4a5aaeec4ed5,3
3702,8038d129-5068-4f3e-a028-e14362b68ffd,3
3703,af5e43d5-5e26-429d-8215-2acec29c73ad,3
3723,fa670fe6-c816-4c15-96ad-94cefaeae407,2
3732,824a17d4-44b8-4077-9fc3-61d9b4890c52,1
3733,824a17d4-44b8-4077-9fc3-61d9b4890c52,2
3738,43322a00-4ebf-498e-9e57-e2b265ad3ca0,3
3747,5233401f-bf94-4625-b45d-1f6df44b32ca,3
3754,044d8f57-fa24-41d0-a768-fafa67f82ba2,3
3755,5b22fe83-9413-48f3-9f1d-4dd14b155dbd,2
3758,b30c199c-d174-426f-bf6b-3887d0e87069,1
3763,d9869c6f-b3eb-42ba-b513-0d571c1931cf,1
3773,169592d3-d4c0-4487-8e1e-f7164a59da89,2
3774,169592d3-d4c0-4487-8e1e-f7164a59da89,3
3782,140a4c4a-2fd5-4899-aca6-01e098f0f443,2
3790,f6765034-6f26-4102-ac54-7fbfeddddfd7,3
3798,ce1f07cc-08c2-4c2d-99fe-e204819456d2,3
3816,bef86ad4-4e92-4926-a945-d79f5b7ca598,2
3817,dab3f92c-a38a-499c-a53f-cdb20e6ee167,1
3838,46060d6a-7b7a-4169-8ece-8fcd3d43f11f,2
3839,cbb2bdd1-7378-4e0c-b3e4-d357a9b1cb8b,2
3840,41de437a-edb4-40d2-a807-8d3056fd914d,2
3843,ca02e69f-7602-4a08-82f1-5bd95330a0ab,1
3844,ca02e69f-7602-4a08-82f1-5bd95330a0ab,2
3874,8b34f270-8a01-43fe-9a76-a65a527cc4cb,3
3879,d2dcbfcf-2873-490e-8652-b80f5b0be084,1
3901,a3c6dc9b-5612-442d-a079-71f0fcd0a913,3
3907,c163b72b-9a30-4c37-89e1-ba82b15addcc,3
3908,b24b6d15-5690-4915-ae75-770dc76720a3,3
3927,a5f7f71b-5633-43f8-b8a4-414a8cad2b65,3
3929,d6c9079a-b4f5-46ac-ae33-60cc06282116,1
3938,963e6f88-e25c-4e5b-a0bc-246b01f617df,2
3939,963e6f88-e25c-4e5b-a0bc-246b01f617df,3
3940,ca1fa8b9-b167-4048-97cc-e8239d677308,1
3944,52c82c9e-0beb-416e-a06c-8d6e2f58000a,2
3945,52c82c9e-0beb-416e-a06c-8d6e2f58000a,3
3950,ea5f0078-8fb3-40ed-a2d5-c2bbdac7eb07,2
3952,4ecbdafd-feaa-4ab5-9019-15a15263611f,2
3957,da33a0bf-b65c-4b9c-8da3-723c21ccff7e,3
3960,d6d41937-fe8f-4f4f-9bad-b32585c4f087,3
3977,c50b2cbf-9154-48e5-8dc8-7c2451cbc203,1
3979,c50b2cbf-9154-48e5-8dc8-7c2451cbc203,3
3983,2a81e01c-330c-4ec3-9410-a047954338e4,2
3984,2a81e01c-330c-4ec3-9410-a047954338e4,3
3986,cf5bddbe-298f-4b65-b045-c58629cb798d,2
3999,52b8a9c6-584b-4c68-8603-3bda4f7f5421,1
4001,abde32b3-9e92-4dd7-8dc7-b87fca1bdecd,2
4018,181895c9-74cf-4c10-832c-f96d4f8b92e7,1
4022,7c0f1d73-efb6-47f4-b208-209f2207ec82,2
4032,c0bdf615-27d0-4f74-9a94-ee1420eb4a40,1
4042,f6672625-3d67-4a97-8bbe-c2152a12bc50,2
4060,a2fe18e8-0279-4a52-8bf4-377ae590b8f3,3
4062,2b1bde28-b59d-4ae0-8954-71e458e3f261,3
4066,8dd975d2-4e21-442d-9402-e64c63ef0a33,3
4075,8895ae14-361d-40a3-8714-55efd43d8c24,3
4081,70d446ae-dfa4-4f2c-8b81-8b2b47d27680,2
4085,73c05b4a-9314-47e3-82e7-014e2a1c7f1c,2
4086,73c05b4a-9314-47e3-82e7-014e2a1c7f1c,3
4087,6abb4858-3de3-40bc-ad2b-cdf497951817,2
4091,e5e007be-ae93-4f2a-a93e-9d1e974b3808,1
4116,26fb09e6-900a-454c-9ca1-a620c1f40079,2
4119,5f344dfd-b274-429a-9dfb-9a6f8d46df19,3
4120,df54d3aa-4a55-4508-a006-d4c2d3590bff,3
4125,67e675bf-48c5-40b0-9201-da4a1a44aad0,1
4126,67e675bf-48c5-40b0-9201-da4a1a44aad0,2
4127,67e675bf-48c5-40b0-9201-da4a1a44aad0,3
1342,d88fe46c-2130-4b2b-b74d-2358b4313a77,3
1347,a1fd07fa-ebc6-4f51-a493-a300eafc3b3a,3
1351,977ecf27-435a-4145-99be-548495218222,1
1356,756c23f2-3e97-487a-9002-9e909882d9fe,3
1360,a4e4b30f-e73f-4c45-b933-7e2887012150,3
1371,f5d0a9a7-1944-4d9c-a3cc-70033c7ccac7,3
1378,f9d1ee4e-1932-45f0-a5a8-2dec842aa9a6,1
1380,f9d1ee4e-1932-45f0-a5a8-2dec842aa9a6,3
1381,7f8f3037-ac4a-4f03-b794-d4463edf2c04,3
1383,218b2b76-7658-43ff-959f-4580d07543de,3
1387,c0ae3edd-cd8c-4cf8-b216-cc69a7b4a6da,1
1397,cdb02932-ea32-48cd-9256-4b4c2ecd805b,3
1399,2b6f9a74-5e3d-4044-8cff-c34d513521a7,3
1407,64eaa04c-9240-45b5-81d0-ed1b59143c36,2
1412,d213d573-6027-477e-b749-6914a73c2f45,1
1424,81546d42-9add-48bc-80bd-716c0e40ca67,3
1430,86274448-3036-4a79-8d8e-6181b041d493,2
1444,529230da-74e4-4ba7-89c5-2272dc91e0df,3
1469,4a550431-60bd-472c-aac9-23cc4784a8a6,2
1470,4a550431-60bd-472c-aac9-23cc4784a8a6,3
1476,104e4b3c-64d4-479a-a7d2-f2467b652b64,3
1479,f6e9f93c-c8e7-429f-a53f-87d7f651c137,2
1485,19eee274-1449-439f-81c6-b602a7dab2d4,1
1496,74c6f3d6-24f5-4875-9be8-011f89272b76,2
1508,cfe36abf-7039-41e1-9409-23e0115d2ec0,1
1536,f07f2909-28a1-4980-b65a-a9cbbf6dc043,2
1545,7f7f5aba-e637-4a42-8c08-fa5d9901f804,3
1551,011987f8-8b37-4f0b-898f-1537aee950cc,3
1552,e511ad98-34ea-4d2d-8c9f-cc7c7461dd07,1
1560,20971266-dd5f-4c47-b269-f3afe41fdcd4,1
1564,c309515c-1d82-49a3-96eb-e62482cbb052,1
1571,880f2940-03c7-4dca-9505-a3746ae5400d,1
1574,10ceae96-d8df-48e2-b354-6b7348d5796e,3
1580,81bddea8-92f1-4641-903d-2ebc9683bcec,2
1589,5ccbff41-82e4-4e09-967c-58dc088fe5d9,3
1591,f0474460-43ce-4209-8e8e-004e085ddeb8,3
1600,5f41cd99-7d4b-442d-ae3e-5e45ed70aaf9,1
1603,a08568f7-e2fd-4f16-adab-fd16cfb57265,3
1608,cfe97ac9-6f55-463c-9490-cadcaf55af6b,3
1610,15e912e2-e46c-4b56-a144-eaa9d6f5f641,3
1616,ebe60a3d-c89f-4b32-b7cf-41f44cbdd438,3
1642,762ed4b6-e567-470e-b6a5-fc886831323c,3
1645,262f5498-903b-4f62-820c-537a66a25962,3
1662,e331b6be-0072-44cc-95a3-682b38f2a5c9,1
1665,72ac6d57-abe1-43ea-80cc-709aeae7c931,3
1668,81d56194-ca25-4b15-af92-23fd37feac9d,1
1674,854aad4b-cbb2-40b8-8a6b-b63c1d793749,3
1680,b59d185e-1133-4488-a392-cc580014334a,3
1691,99a38d79-c7e8-4f85-95c6-f480128876f2,1
1698,eb04c258-d460-4fbc-8809-26fe9034aa0f,2
1699,eb04c258-d460-4fbc-8809-26fe9034aa0f,3
1702,5708dcf5-b8d4-4b66-b490-1e8846a565e7,1
1719,b2db414c-358e-47e8-bece-43408937b54d,2
1726,d8f96581-526c-491b-a127-1566e04eb34d,3
1742,e5956e8c-9c05-4545-b5e7-ca458ea83820,2
1750,2b883479-c8e9-435d-9869-4a7ee7b4f84c,2
1751,2b883479-c8e9-435d-9869-4a7ee7b4f84c,3
1752,d038ec8e-731b-4a30-b922-fea6ae268be2,1
1757,58cd1d1f-154e-4abb-9859-dfc57f919d01,2
1761,2577c8cd-b45d-4472-9442-a99ee2f4b8cf,3
1775,a6913ee6-2d9c-4b24-b610-0cb1b2ef1619,1
1783,9c7ac464-09cd-4767-a263-ea477a7491ee,3
1789,0871a9f1-d367-4c4e-a0f8-45313234f235,1
1794,74705497-712f-4b90-a372-7bdce46e76c1,3
1798,1a6b48c7-1411-4431-b468-99cfabb2b4c5,1
1807,7278d8d8-2c54-4271-90a6-9af73ffb8b72,1
1820,815ac8c6-fe50-499e-88a4-b460e92b24df,3
1825,0ccdb6e5-b3d6-4e77-998b-3b3b44ad2f0b,3
1839,f022a434-3768-42c2-a031-fee8feac926b,3
1841,3daf311e-0e13-46f2-81de-b0a1fcc5901c,3
1848,58515d70-27c5-415e-9e51-6f5878004563,2
1866,ff32d6aa-bd7d-49d6-9a11-8981cd0dda3a,1
1875,cbc311c2-7387-4a4b-88fd-02a274d596a0,3
1882,85628019-47bb-4796-8c24-d3adab2dd74e,1
1883,85628019-47bb-4796-8c24-d3adab2dd74e,2
1889,382ecc6d-c143-4326-8ced-3569c703c597,2
1890,382ecc6d-c143-4326-8ced-3569c703c597,3
1902,9c02cb42-ad1c-4303-8f11-f59f4cb19a1f,3
1903,24e7a185-583b-4f3f-8d3b-bfc578ac10d2,1
1911,a2236a9a-3482-49b6-b75d-40d96ca3c308,3
1919,096bfb40-172c-403a-8164-df3638415afb,2
1928,35353bfe-1489-469b-9c57-4dc104c5d2b9,3
1930,907fadca-eb55-418d-a346-32c305d57872,3
1936,1e54c329-bc8b-4c13-b4c0-90e4897adaa6,3
1937,8e8d7fa0-c71b-4afc-85ef-9411e6e67d9e,2
1940,64acdc57-2e8f-4d21-ab06-ff9d11834d14,2
1941,64acdc57-2e8f-4d21-ab06-ff9d11834d14,3
1947,ed6af7fb-50a2-4f49-96fe-837b8a93b55d,1
1955,6a397434-708b-4fd7-a701-9712e139db09,2
1957,65a3e3b3-298a-4449-a781-83d8fe1b882d,3
1982,269b3074-43c6-4f40-b06e-925a01548862,3
1986,7e259f86-0ee4-4ddc-91f0-1a8900366fa8,1
1993,d8fe3462-f3e7-46e2-9f74-90e87be602ff,3
2017,078dc1ae-6aa4-4305-9edb-37b2c6d25a7d,3
2018,f3a61368-9402-438f-a2df-b0396a17ba39,2
2022,2db7e372-471d-44e8-a9e5-7a4860958ece,1
2027,6f0b1b31-a428-49e6-bc39-77f499f708ab,3
2033,985a74da-d885-47e9-b258-02b83b90c00b,2
2072,7003fd9c-a946-4a76-96e3-1c40831b80b7,3
2075,49d786c2-f6e1-4265-afe3-105d782dfabf,3
2078,e92d4b57-eb4c-4d80-9de4-e00d399e4baa,1
2080,e92d4b57-eb4c-4d80-9de4-e00d399e4baa,3
2082,5cec8397-ab7e-42a9-99f9-310409729f7c,2
2088,adb01053-b8ce-4517-a3c1-33543a7a46e0,2
2089,adb01053-b8ce-4517-a3c1-33543a7a46e0,3
2099,a3b36aad-3545-469a-9258-ea4689852e50,3
2100,4704632e-8aa2-4a49-a432-a36162cd6e6a,2
2102,89eb0f03-6ee6-4210-9faa-8155e4b1b283,1
2106,d229ba21-aa7c-4950-bcb8-7503d08f2005,3
2120,98d19ee5-c737-4226-a945-338e8f289d56,3
2126,e528f665-8b93-43c0-aff8-35fba6c25028,3
2129,043f8a72-1f78-43a7-8fee-4e092ad5edd5,3
2139,003c5146-707d-49c8-8846-f9ce431c5a0d,3
2150,e46eec72-c9f9-411f-8bbc-b55e1e17fda6,3
2152,adc5d181-2218-4016-b7ca-5dea1bf069a5,3
2155,38e687d3-dc5a-45d5-9307-3ec006330878,1
2156,38e687d3-dc5a-45d5-9307-3ec006330878,2
2163,0f5bec55-58c3-4f0a-9f7d-35550ce70eeb,3
2195,ba26ddea-f205-4de8-85ce-7bd5df5272ff,3
2221,6f1e6911-a7e6-4257-ad06-dd187b90f3d1,3
2226,28781e0c-3c9a-4625-beb5-1902fd548929,2
2228,9115d527-87c2-4c1c-bdb3-850f51063193,1
2245,e0d932f4-8d48-4bb2-bd7b-465d1821dc98,1
2246,e0d932f4-8d48-4bb2-bd7b-465d1821dc98,2
2249,bf52ae6a-b957-41be-80d1-a15e52815938,3
2259,0f30b2a2-75e2-4762-a694-0bdb26850441,3
2279,ef304639-8038-4455-94f6-2feb8b96b629,3
2288,2dd637ba-02a6-4b97-bd7d-96d5be73c8c4,3
2300,fdc387ad-8915-4aff-b0a9-fabe768bfd7c,3
2302,e5b8ae91-ef2f-44ea-916f-2d66943968bb,2
2305,5d23129a-3f2a-4cb0-8a9d-569c2853732e,2
2307,f5118db9-127a-4208-bdc0-d1d0b08736e6,1
2308,f5118db9-127a-4208-bdc0-d1d0b08736e6,2
2315,e4f99ef0-d873-47fb-9b1d-2bb9392e2a8b,2
2318,c429d560-af8d-483d-a8f7-f2651552f1c8,2
2321,8e9f1e79-64fe-421d-b037-1d660bd617ce,2
2327,63228e16-bf8c-4610-96e0-80f9e2d47a69,2
2356,8b794cc5-4e7d-425e-87e7-2e12c7330088,2
2365,1cf905cc-fd80-45af-af08-0f81067f2cdc,3
2368,c71b3be8-c761-430a-af6b-ff3268300a8a,3
2370,05e61214-f952-433e-b24b-62292c994288,1
2381,6ce71cf2-cf20-4f64-a3df-c249f6b85e5a,3
2404,1c5fd276-997a-427b-a591-5b82ae652716,1
2453,a359f432-4810-4e83-886f-58c1fbc182ec,1
2456,8603082e-9087-4147-ab3c-a8bb73729212,2
2463,0ade4646-e4fa-4ab8-b86e-c5ed823d760e,2
2477,032f9740-5f2c-4e1c-b767-42c1afbf6316,2
2497,d6bce8c4-dd85-4c53-a09f-7ee1766f1030,2
2501,340350c1-e513-4caf-af10-724e102c0d3d,1
2511,76b677b4-b916-40b1-90da-6cafa63c4f6f,3
2524,0301ee45-4911-486b-b4eb-f61ea59c0b48,3
2525,74db0f60-a0e8-4a20-ab56-023b5a6d6e9c,1
2526,74db0f60-a0e8-4a20-ab56-023b5a6d6e9c,3
2540,e4f7203e-2bb8-4724-888f-c7a113718575,1
2546,a1bb75bc-2066-4a0b-8eae-f4a140d8197f,2
2557,1ad72e5d-a6c0-4430-8a2e-61cdd41168ae,1
2560,4d1d728f-2508-4183-95ce-f1625935dff7,3
2567,ecf308d0-3cfb-401b-a8e8-a29da3782f81,3
2577,24f90433-3128-4ca1-9c89-fbfcc3638db4,2
2595,aceee60e-b720-4a35-af3a-f50b429fa815,3
2598,a4d36bc5-70c1-4554-b066-8c422ba50e11,3
2610,f174e852-f583-4319-b586-f8d894d465c6,3
2611,d78155dd-334e-4af8-8073-44031f936eaf,1
2615,6503f7ac-deb2-4a61-8fe0-b433cffe2664,3
2617,70770d1b-a44c-4ff6-88d6-951c1ce7c535,3
2624,c818e451-f0de-4e74-af7d-d7fd7da2b99b,1
2632,2cad3017-38e8-41e8-aa01-6a1c7627fda7,3
2640,cb0ab8a0-ae29-40f5-97e3-676b42b385e4,1
2642,93a84144-fd8d-48e2-8703-649041582e9b,3
2644,31f255c2-f200-476c-9450-f45932cb8e24,3
2651,27a1f18a-5349-4e73-9bee-f51ed1013773,1
8141,c4ad3ee0-9051-4345-b048-d0ff9316b8f0,3
8159,63be8c04-35e1-4126-8ab2-1f367a0f4ae8,2
8162,360067b3-19f8-46cd-a34d-406835593261,2
8189,19612b56-537b-4d17-9ba6-3933c516e58f,1
8195,1ac8fcf0-8994-4911-bfa9-a13b08a63f0c,3
8199,1adfe975-5912-4935-9fe4-88cfd066afb4,2
8204,112c3ca6-f6ac-4934-8265-56b036217c9f,3
8209,f8942334-a3b3-4d5c-9fea-e47eb56b6213,3
8210,d8c64e99-6af6-4ed3-b948-578ba28ae424,3
8211,c1ef94b8-6d0d-46f1-940d-d2e78b8d1a4a,3
8230,d45e5722-6677-446b-bf48-82d7bafe3a22,1
8232,d45e5722-6677-446b-bf48-82d7bafe3a22,3
8250,036a1b58-96ea-4af3-a9d9-6d725391ddda,3
8252,d942cdec-d23d-4492-b848-cfbdfc413872,3
8262,a2ee6015-08f1-4c69-851e-46ef0334d860,2
8264,8e8edce9-78b5-4b2c-bd7c-bd97c123080e,2
8274,7a1d90f1-723f-4013-95e5-0ba249f46e8b,3
8277,672c14fb-d3c3-4323-89d3-84957cfe857f,3
8278,22b9ba40-9a3f-4c34-98cd-6ed0dda76aef,2
8284,dbaeca00-3ac6-47ae-9792-762451976707,3
8293,2980890e-c9bb-4b72-983c-c48dc677819b,2
8299,95f0c372-2f64-4519-be7d-9f87d13b25b2,3
8305,01458a4b-0faa-44b3-b4b6-225a01f3dd63,3
8312,6a814acb-35df-4e69-a3b4-a5649560a6a9,2
8313,6a814acb-35df-4e69-a3b4-a5649560a6a9,3
8321,3cbf1490-bc6a-48a0-8ccd-e9cceafc67d2,3
8329,aa5ff840-4ed8-4cda-968f-2927a4bb4d89,3
8333,dde2f777-dc9f-4a98-ae36-5da6bf53c0b6,3
8334,66278a83-b870-4287-9f61-6703f8f5ada7,3
8337,ac232ed9-35be-4177-a0c3-bcc23edbe71c,1
8339,ac232ed9-35be-4177-a0c3-bcc23edbe71c,3
8341,cd87d7b3-7a64-424d-b4ab-d55d2694da25,1
8349,76d708bd-7919-4179-8063-e3995078d337,3
8368,16e47c24-9c99-4fae-b17a-bc4abcea7888,1
8372,d5b95934-4c3c-498b-8241-84de3c97b79c,1
8377,fd29c98e-ab49-4923-bc01-5d4fdd6d0eaf,2
8381,80ece835-ab33-4424-b0f8-9449091c86d6,1
8383,80ece835-ab33-4424-b0f8-9449091c86d6,3
8388,95adcd2a-4ce4-4ed9-b959-f0192517a1bf,3
8392,575d5d89-a4b8-4413-8632-826292d73a93,3
8395,c5177990-1f45-4462-849e-61e49953b148,3
8403,85f65600-e508-43a0-94f7-a221af81091b,3
8407,f3a5a138-0da7-471c-9a5c-92efcc8fbaa3,3
8417,ac849a11-361b-425f-b8fe-01eb6e96ac4c,1
8453,49c065ef-ec4f-4e27-b253-70a04e105aff,2
8455,567da474-9322-4ee6-9556-f28f28afeb14,2
8466,12c50d46-f05c-4d2f-920d-29e3137d613a,3
8477,ca3b330f-5fef-48ee-abea-de6d4b219978,2
8479,27ac4369-3f42-4c18-8940-0e70c8b1bf2e,1
8490,70c8b5d2-dfb4-49d7-b23b-e9a466fc44fc,3
8502,f7670daa-8678-4458-a5ae-ddc427a9e800,2
8508,db1dd748-3766-4ae4-844c-b3f2187bb5db,3
8545,346684cd-026b-439c-ba2a-52105945dbc3,3
8546,43d90ebd-b200-42fe-9028-d909ed6d3a5e,3
8548,c63c0738-9a45-4b82-999d-2f73e7d1580a,3
8550,36a3d38e-2213-406e-ac2b-e99028a3c618,3
8559,ca314e5f-71c2-473a-8b0a-80b80f368d97,2
8561,503f46f8-9c67-47c6-abdb-6624c75cebfa,1
8565,ee9774ed-9f15-4590-ab7c-c47e0927134a,2
8567,11e2d691-dca9-48fd-83c9-7b6ae8fc353c,1
8568,11e2d691-dca9-48fd-83c9-7b6ae8fc353c,2
8580,04f39689-7469-4e93-bd17-8c403babe17c,3
8581,ead344c0-7a90-411b-a220-1659dd620194,1
8586,edb9210d-49a3-48dd-bb18-9183cfbea83b,1
8588,2d048b27-9d19-4aa4-9c4f-7a3a80fc2e6c,3
8590,eabcd49b-4024-4f5b-9d15-5506ba71fb87,3
8634,271b23ae-c5e5-40be-ae44-cec7fa3d1052,1
8636,48df135d-4e76-4772-94e9-6a03ba5e25e6,3
8639,3f912a78-7948-445c-83ef-3fe39fd14e36,3
8652,5dee499b-f5b8-4dcc-95f1-cf9899de80b9,3
8677,df0d6b63-25df-4f78-b707-0555448715a3,3
8695,b2d7b96d-f1e8-4adc-8c54-a630b65716b8,1
8696,b2d7b96d-f1e8-4adc-8c54-a630b65716b8,2
8706,814fd593-01fa-4e41-ad9b-5edb2e1b34d1,3
8720,460ec79c-47f7-4e8e-b602-704e67ab97ce,3
8730,a5c685b4-dee8-473c-b649-94cd7a81bbd3,3
8743,81f233d8-d84c-4a20-8fcb-f18e311a3b30,1
8748,fe623bc0-c34f-4b23-9483-4c44b1c0f033,1
8752,18a30ca6-4f15-483c-be3f-42ccda367819,3
8770,f4ac848b-7847-4b50-86a2-be226361ead1,2
8776,75fe1ca8-d5bf-4b81-92c2-f085bc6cf88b,2
8780,65874d60-5c16-4f23-8722-0777b20d6cb3,3
8782,4f702640-a1d6-4465-92b1-53cdb9a651ca,3
8796,61b331c8-7dd6-4ddd-8731-9d9c828049a5,2
8819,6e9fbb81-4a5e-4501-9e04-4b65306bb6c7,3
8822,c0b5699e-cfe4-4d47-b21a-a05725d585ab,3
8834,b5b82ccb-5cc5-4632-b2ab-eaa7449caa2a,3
8841,bc843426-cc44-4fd9-a0d5-58c1e7bfdfa2,3
8852,0c8e9afa-2202-4274-9680-beb3f7c3bfe2,3
8862,9d13afc2-97ee-48c4-b8b5-a8b1cc093e33,3
8879,24c96648-b66a-40fc-a81e-1c664bb8c46f,3
8899,adf3563d-2fc6-4c4c-b835-5710f1efec93,2
8919,272fcc59-f862-48a8-9efe-cfdba805c21f,1
8925,793eaac1-0eeb-4264-955e-da2417602d37,3
8929,f6c4d0bf-245d-448a-8e56-c5195a0c25a3,1
8942,76d54b81-f903-48e0-b26b-b8a2f7f84824,1
8946,7202858f-087e-4d60-bfb4-248a8ed4cdd9,3
8948,2426c564-8b37-4786-8a02-b2b9ce9bb8dc,2
8951,47a01003-7752-46b4-ade5-1b78c6446e49,2
8955,85cadbcb-58fe-4c6a-95fc-2e71eb0ca339,3
8969,3429e4e6-0987-40f8-9d45-8d689baa6f87,1
8975,fa63c2a8-97d3-4283-a69d-88265eb03945,3
8978,559df9e6-b761-467c-ae18-3aef17be06ab,3
8979,7bc6f09b-3529-41e0-9762-93f8efb045e5,3
8982,4c9be77a-56ac-4cb6-92bd-6318e95cd65f,3
8989,f7419348-23f3-415a-8b3f-fa4883e93eea,1
8992,f0ff042a-739d-44c4-aa8b-21ff710d7c25,3
8997,6483ba6f-c3d1-40e3-8892-07daa0e4e76c,3
9012,4294c530-762a-4989-9a8c-3dfa66fc3c34,1
9013,4294c530-762a-4989-9a8c-3dfa66fc3c34,2
2652,27a1f18a-5349-4e73-9bee-f51ed1013773,3
2655,4444dfda-0317-48f3-84ba-1ce9e3ca5132,2
2669,dab41ba5-0732-4bb8-8c11-9bf2a002fd5d,1
2676,68bccdb8-4ccb-498e-a641-4a4490582d08,3
2680,070f4f2c-e9c0-4801-baa8-bd96a5ba8837,1
2683,3b95e51e-f25f-4f7d-ba05-5561c982ed1f,1
2690,6df87599-eaeb-4b01-b219-486773039f71,2
2693,fd25ede6-56cd-44e9-9aed-fa35d0cb0501,3
2706,42929797-1fff-434a-8098-3ee12d263cf8,1
2718,d0b9366f-1464-4f58-ae79-f004ac948d85,2
2731,c0041ff8-4616-407c-9809-d658469a1d33,1
2739,15a69786-6a86-4897-ba29-82607401fcb9,3
2747,09faf81d-262b-47ba-9420-c45d3d6d71a9,1
2754,2f50dc64-6488-4e48-aff6-463173da9713,3
2757,5012402f-81be-4e70-958b-227788249076,3
2760,deae8a2f-f4e1-49fe-af4d-252c4de919fc,3
2769,6f633925-1ab7-4c6a-a98e-e04ee940b787,3
2773,32bd4967-2094-440a-9ef3-e091fa683c1e,3
2774,23f8124c-d1a0-46c6-8c8d-e5fe2ed74190,3
2791,c87d7dd6-908a-4fa4-b315-ad6abd25cd8d,1
2792,c87d7dd6-908a-4fa4-b315-ad6abd25cd8d,3
2793,86225fdc-fb01-4e66-98b8-7bd57d9ae513,3
2810,f4a385e7-0215-4249-bf79-fd0891dea0ec,3
2820,306eb880-d122-40d1-91bf-3590fcd5718b,3
2827,09c9f95a-85eb-41e8-ba36-cac11a5dceda,2
2835,e118f6d7-c5f5-4dcb-b046-e593c6baa30c,3
2839,d98c1c33-58d8-4a0c-9c41-97c22f46d0df,3
2841,0dd6788d-8f87-4889-90b5-480846a15812,3
2846,7a7007ac-f6db-4ce5-ae99-a7aebd4ee5bd,3
2866,569126be-7f46-4a34-be3e-5308b7df064e,2
2869,edaf5f15-e965-4e64-b8f9-d9fe66c2c8e3,3
2877,58ac2868-e731-43ec-aa38-ea78d0928994,1
2891,94c2522f-0431-425d-8539-736b81239543,1
2894,6cf2ffac-58a4-4d7d-b6fd-6e0860f45cbb,3
2902,dd516cef-340b-42ff-bbf2-0fb3683173dc,3
2903,009680c3-91c5-4d72-aac6-182b26db5140,1
2905,009680c3-91c5-4d72-aac6-182b26db5140,3
2908,f530b6a9-d692-487c-8406-c1deb19fb15b,3
2923,ec7c51da-5de5-42e9-9c7f-744e89e1f24c,3
2938,c01312d8-d783-4877-9c7e-c728032c7c80,3
2943,9066e88e-3401-40c2-985f-1d224775c700,3
2953,a11744a9-5d77-4a35-9045-1178ca4543d8,3
2954,c3b6730a-d1ea-4f5f-a14a-d85d20f15015,3
2957,8ada4ede-8d5c-4adf-a978-6a4699981868,1
2963,b6b01504-d51b-4780-85dc-ef3041e7848b,1
2969,42ac3a6b-bdf0-4a8e-b3c5-493265a67f16,3
2979,8a87d785-b8d2-4133-ac73-b16e26cf1c1b,3
2987,e3990fe3-38f2-484b-a4c2-a6631b263468,3
2998,b6d5a6b2-b409-4cd8-97fc-648219a1d888,3
3011,a8fb7861-2033-42a1-b9a4-0857ed312823,3
3022,220f82c4-4228-4b83-8fe8-e56ff0eeab29,1
3032,4b9e84ab-a381-4ee0-b086-ac1dfa0e1e01,3
3040,3fa518fa-b91c-455f-9942-458695645ddc,2
3043,d6979b85-312a-4d1b-a86b-c8f359078fb9,1
3048,23662639-c359-4bb5-9983-29b3acf72cd1,3
3057,ecbed865-a300-4d6e-bac7-707b10ba910b,3
3060,4e0ecc03-671f-4778-9f83-020d40aaf7da,1
3065,ced7b10f-fe54-44b4-b769-0e9eba3eca4c,3
3068,9f9a77de-ac48-4c3b-976e-891fc45b5598,3
3073,9255e9a9-ce68-42cd-ab55-d6139da60fae,2
3076,12e3b654-64fb-434c-b5e5-d0a7b62b3571,3
3086,173433ef-6b62-45a0-a31a-f9b8110d3e28,3
3091,3a156aa2-75d6-43bb-a76c-9ba64ffac3f0,3
3095,53a40f12-6a78-432d-a80e-bd50a8e17142,2
3097,f2720d46-7e55-49fa-9d5b-c842731cffbd,1
3103,a04bcd47-08a7-447f-84a3-cd0f4420ff5e,3
3104,ea290d1b-a509-4082-9b14-a85c1c015370,2
3110,e2dbd6f8-c334-4a90-93a6-12deee3d388c,3
3112,196b2848-845e-42fc-a11c-e346c94628ab,3
3122,d3d4205b-0702-41f6-a4f9-083c982a15ff,2
3136,b0040188-7fb2-472d-992a-1cfe4913856a,2
3149,88262c43-0843-43b4-81b5-fdbf5feea2e6,3
3158,6dcf1ab4-dd60-43d8-a3b9-e18def9a1b0e,1
3172,2563c6c0-eabc-4392-ac58-39234582aeda,3
3197,7b56c57c-de14-4b16-89c6-ca776fe50d82,3
3209,c5eaab68-bf9c-4b22-9894-ef8cbaa3d377,1
3210,c5eaab68-bf9c-4b22-9894-ef8cbaa3d377,2
3212,a9e0ee07-ceda-4314-91fc-3204a054ea90,2
3216,c9b1d64e-fa08-483a-9009-7937ed86cbee,3
3225,dbfb6255-3b0a-41c5-8e85-b22f03fe13fb,2
3231,cc406ee0-3c8e-48ed-98e2-387ea6158350,3
3242,a3b1f499-4017-4d5b-b9b6-0f5fb333ceee,1
3253,8c8f6a35-7eeb-4d84-9edb-6378f14388fc,3
3255,bd2e8a3d-b8f7-4593-a344-95c6a469279e,2
3274,9fee9e30-720c-437a-8032-2b2d51ebb7ac,3
3284,e19a4951-fb47-408b-8377-83eb7254182a,3
3292,b76c4e83-da3d-4921-a2dc-5254f144d04c,3
3300,a839f706-52b2-4be7-a226-67ca01b102f0,3
3314,a33f6cdb-13c7-41c5-93d8-77b778d1dddc,3
3317,56a10ee8-6e6b-427e-ada6-a868ced348a3,3
3332,c98d3b2c-ecac-4609-a380-ae44b9e65220,3
3354,ebea19c9-44d6-4e8d-8d45-218530bc4ae3,3
3365,47020f1e-6a08-4096-a82c-526c298ee3e6,3
3368,5f357ff6-e58e-45be-ba1c-fb40bef2ee32,3
3369,40b582b3-eeff-421f-b4c2-edc2f2e2eaf1,1
3376,8b3de722-5035-48e8-80ef-e40b11aa8855,3
3379,e5bd7c6e-c357-4a76-9275-0c8b613efdd0,3
3396,e3f0d425-ae30-48b1-a411-fcac1682f005,1
3415,15de5fea-913a-4a41-a95c-8c989f649df8,3
3416,8d5be9df-1a59-4051-a38d-58cf732624b6,1
3431,de5111b3-e3f6-47d5-8da1-8040d51ef7f5,3
3434,14efcab3-304e-4a87-98d5-4b2bd82eeb05,3
3441,7ec1c582-131c-4295-b15b-9d9ea2df06f7,2
3445,c5e953de-1598-49d2-a976-62a0ee328185,1
3451,55b2b79d-c08b-449a-bdd5-1f85038d56c3,2
3452,55b2b79d-c08b-449a-bdd5-1f85038d56c3,3
3455,662baf9b-5fcb-4a16-a29e-37bf123f5809,3
3463,94f0c6e7-def5-4c16-9f9b-cd9db9864dd7,3
3475,64ee070d-98a3-4751-ac06-b09d8c50e206,1
3485,065908d1-0fc3-4e7a-bc26-d6108de5052d,3
3488,30f009e3-e000-422d-a7ec-a03549ac15a9,3
3493,8ea4c263-fc5f-4c3b-bbc7-a57791525d36,1
3494,8ea4c263-fc5f-4c3b-bbc7-a57791525d36,2
3503,ba634510-2042-4af4-bf74-0fa2b8ba899a,2
3509,a75d8e22-e241-4f9d-bcdc-d22372bd52bb,3
3516,f07c147a-19f7-4a4c-8ed6-fbce41a9481c,1
3518,711179ae-13e8-4bb8-bafc-2413254d87e6,1
3545,d024831b-b0c7-4a04-a500-c39ac3129262,1
3567,d2d05d7a-3abc-4c2b-b68c-d01dcf4872d9,3
3571,7da2e58a-3ede-4cae-b948-ba3a2785db6b,1
3574,4948c1b6-5649-4e14-8223-91781cf57639,1
3577,bea0e0d6-6ec6-4661-89fb-11870e639c7c,2
3587,3d12a421-83b9-4b7c-9c1e-3898089eb228,1
3589,90eafb71-0cec-433f-bff2-2c424fb48c91,1
3591,6f895b1f-deed-4732-ac81-71f971727169,1
3615,e5d7298f-368e-4871-8b57-28e98b10e31f,3
3617,078aa746-644b-4610-b534-400a444ef7af,3
3632,739cdbac-1404-4e6c-92cb-f2f3c752ebd9,1
3647,f43c1ec1-e87b-4d86-a9eb-d4e20b41a160,3
3668,eb1ef058-5710-456b-ba1b-06723cc702dd,2
3674,85bfca07-de8d-4d60-a3a8-624e8dd7e09a,3
3688,7ea8af0c-2d9f-4a96-8ddb-b69c09b39f02,2
3692,e0149957-45b6-48eb-8fb2-fb94bddea83a,3
3695,89a2433c-3db9-46a7-91f9-40bb8c685b73,2
3707,426fe0f7-09b1-43ed-83b3-6fb947704c7a,3
3709,3ee19b93-8537-422f-bc2b-5d4b52bb170b,2
3714,c5bdf936-eda7-4105-9392-04ac39432d3a,2
3735,d31da272-aec3-4d7a-bc59-43a9ed6726ba,2
3753,3d1470f0-ab06-45ed-be1c-2825486f0f6f,3
3764,d9869c6f-b3eb-42ba-b513-0d571c1931cf,2
3791,498bb496-2904-4982-bcae-b38f46696b54,2
3795,cfc8b8f5-9f25-46e6-ba88-9dfb19a8ef46,2
3802,dbd8f771-6c48-4371-9d9c-09b9244daa37,3
3806,3dfb5b0c-c166-4674-a022-5c4ab228efd5,3
3807,769fe3ae-5ffa-48f8-bb49-7fc1d6301168,2
3810,fa818ba7-642f-4889-b42f-22cfcf512275,2
3812,04c4686a-6a5c-42a4-a570-d93bba4e9e3a,2
3814,47ea9997-0af2-4795-a0b6-bdd8b63431a4,2
3815,47ea9997-0af2-4795-a0b6-bdd8b63431a4,3
3820,a18987d3-9c26-49e6-813e-e92958b7ee77,1
3829,a3e5a811-a528-4510-a2cd-5faa28c918c9,3
3847,114f4510-4707-4333-90fe-54898cff582d,3
3864,c4a2a054-b134-4f84-b39d-ea1893db015b,1
3885,361a358c-c3c3-4616-ad36-9c1fbf27d417,1
3891,6c790ecf-9da9-46bc-8f54-9585ecb110ff,1
3892,6c790ecf-9da9-46bc-8f54-9585ecb110ff,3
3893,7acf7d32-87a5-4e09-ad3c-b6f29d497a78,3
3899,a3c6dc9b-5612-442d-a079-71f0fcd0a913,1
3920,b1f8d839-99c1-43d5-b62f-47cc52e8a6a3,2
3921,b1f8d839-99c1-43d5-b62f-47cc52e8a6a3,3
3936,844f1007-b64f-428d-a35f-29c9c8792956,3
3961,b214acb4-d0c2-458c-8d57-47d8552d3147,1
3966,10fd493c-f9bc-4f9c-9e54-874a5529f331,3
3981,b1153c40-badb-404d-b729-9079b11cc1ff,3
4009,6989dcdf-47ed-4edf-8fb6-8676efc24ac2,1
4010,6989dcdf-47ed-4edf-8fb6-8676efc24ac2,2
4012,e27034e6-9278-433f-828c-a50387ddf6d9,1
4017,b765936b-dfa5-4acb-87e1-dbf0309c6141,3
4043,f6672625-3d67-4a97-8bbe-c2152a12bc50,3
4044,c63d35c0-3729-47b7-8197-db7bc8bf59f3,3
4047,a3b5d11f-df3a-4e9b-8dba-3cfa3d9dbcef,3
4048,6af79a63-f6d5-4058-9af9-8585966a438f,3
4049,df18d8e6-8794-4013-908d-cfbc9f53df8f,3
4063,2fcfdce9-a825-44a4-a2ef-ee490e0724f3,2
4076,c5146889-ee10-40e3-b9e4-c1324f86f121,2
4082,b5875c5a-f24d-4b98-9e60-e02f5a5fcbc4,3
4083,6c28c0da-95ac-4823-ad68-5f9889e94487,3
4084,73c05b4a-9314-47e3-82e7-014e2a1c7f1c,1
4096,d52bb330-c8f7-4029-8dff-56ce24300e53,3
4098,4339c39f-ab51-41ce-bca3-b5f02959a219,1
4102,0c9881af-55e3-4b7e-ba0d-e2f0929759c7,2
4104,db1ed59d-479e-4a5c-89b4-5f1fb5c8c0c4,2
4137,07f4941e-1212-4a95-a8c8-c365b0fc6203,1
4142,9d83a353-f1b8-432f-a987-a36b00ad8aa0,3
4151,446aea5c-4cf7-4c93-b07e-13717a0a4057,2
4157,a62734ae-88e2-407a-8050-30130495539c,3
4160,0c6d2a14-dd04-4ecc-910e-00c1ce1ff959,3
4161,bf936f7d-c688-4ffb-aab1-ca8ccc288868,2
4165,eaf4709d-96f1-460a-bdda-d05ce9f2f5fa,2
4169,c9795c01-63a6-43d3-a5df-979eb19e7689,3
4173,576732fd-c773-4a5f-9d94-e3ba1fcc5183,3
4195,921b1c73-402d-4fd5-a541-7caf80b6a9b0,1
4204,890ce79c-0cfd-462a-b928-7b9342fb8f4a,3
4205,d4028c74-5619-49a0-b1b4-a3e52e05507e,1
4208,0b455baa-61d8-4944-9f5d-c6cf5bdba649,1
4210,0b455baa-61d8-4944-9f5d-c6cf5bdba649,3
4214,485d0a48-0a92-4948-8448-750d332d34c1,3
4218,00e81ffc-108f-49e4-b0b0-b4e780bc96bd,3
4242,f974f0ac-8b8e-4602-a59e-2da3087b256e,2
4253,0671e1da-90e0-49f7-9924-4d53024a46e1,1
4261,713a2998-3497-4115-81ee-a1b800582422,2
4264,160780bc-02ba-4b00-8114-6bd970ddca4c,2
4267,aa42bad8-00dc-4a53-a45e-7e40e4691a5f,2
4282,9ad6618b-1c4a-48b7-9728-3e0147e74394,1
4289,22dee408-2473-40ce-a773-9d38ddbc61d5,3
4296,69d84ba3-285a-44ee-8931-2ca9b9a02c3a,3
4309,dc0555b4-515f-49fd-8265-930e74a1240a,1
4336,21e5652d-d30f-4b64-b89c-1cacc1752faf,3
4342,cd93520e-aff6-44c6-9d57-2a73616e14fd,3
4347,a827c0dd-42de-42d3-bb6b-d6b682092293,1
4348,a827c0dd-42de-42d3-bb6b-d6b682092293,3
4356,b17a3099-6955-4506-9d59-66418f3bd60d,3
4364,dba0bf80-1207-43d4-ba35-4f4166e2720d,2
4370,8cd761ae-f0db-47d3-a4db-7772daa91a83,1
4374,16a49a96-a852-4c03-af2b-0e7cc1514377,3
4381,c2834f27-e4fe-4494-9022-4bccec836d30,3
4387,4a8564c9-6d89-4710-bf6c-07673cfae363,3
4390,ed4edc07-df31-4677-8bf0-8add850e9b80,3
4394,3105d800-ab43-42e8-9481-684045003324,3
4396,aa28fbec-49a3-4b97-85d3-baf7269d1d9c,3
4397,7f3de5ea-c947-4f9e-a8f7-3f079b2b170a,3
4412,0f0dd8e5-bccb-44d8-ba5f-84a499851d06,2
4413,0f0dd8e5-bccb-44d8-ba5f-84a499851d06,3
4427,0addde3c-97c5-4513-bf2a-198bdeb2e589,3
4447,6bb73131-9dfe-49d0-bb22-42d60a8b857f,3
4457,473ac702-00e7-4d7b-a709-159901002ac0,3
4469,1e396de3-164e-4d15-a221-6da17de8a9e3,2
4471,29bba621-af97-4b90-825b-5b39a72b4543,1
4476,4d053335-594d-4a62-a8bf-0d02af409e70,3
4479,f6160b1e-a540-4d4a-9027-3d13230b05d6,3
4498,35899b90-c2db-42e6-8f96-6e7d54b6069d,3
4507,e89f9c88-3e4b-43b3-8b54-0089f8b99fe5,1
4510,10198582-76d6-4e22-8b57-8f8eca3f52d5,2
4530,9f9c14d9-2510-4bd9-806e-1f9979fc0152,1
4543,aee7fa9a-2ed5-49ff-9205-c5100aa5ca0f,3
4544,e8b012ad-6198-433b-b5b6-9563ddf0b839,3
4548,9408cf92-c98b-4ed9-8b88-8a37a69632ea,3
4883,667e6125-2720-4e76-8354-454f46b70c4e,3
4894,6ac988ae-aa62-4898-9ecd-bd60bc39e0e2,3
4579,60811026-13d1-43d2-83b5-b14a370e9311,1
4595,e6aaf1f5-7052-4b49-ae0b-0a40a49d3311,1
4596,e6aaf1f5-7052-4b49-ae0b-0a40a49d3311,2
4607,e843f233-56a0-4fe5-96e4-f8ad51ec1932,2
4608,e843f233-56a0-4fe5-96e4-f8ad51ec1932,3
4611,dee5a5c6-fd31-4913-8955-3b603d9fb4df,3
4616,7ce8ac3f-639c-4a0f-9239-1c6833aa4029,2
4621,9d3fc786-414f-448a-ae3c-ca0b07aab428,2
4629,1804afa1-3bcf-4e18-b0fb-190891119b00,1
4631,1804afa1-3bcf-4e18-b0fb-190891119b00,3
4635,74de24be-49a3-409c-a0b9-e61b420a91e7,3
4648,9901c238-d9f4-4b10-9dfc-9e4eef523dcf,1
4653,52b68721-a316-4598-bc8e-489e3f56b715,3
4659,7aeb39df-e902-4129-a5a4-4ac032f7c210,1
4660,7aeb39df-e902-4129-a5a4-4ac032f7c210,2
4897,6716f35b-6f16-4dc6-ac28-ec871224b2bb,3
4687,0f35ecf1-67ee-4773-a9cf-f190cf763ceb,3
4700,f4fab66d-f1f9-465b-a5e3-c2ff55f7bd71,1
4705,1735a5a0-5bdd-4015-bd64-696fc6e2fc93,1
4709,f49a1dae-0982-4259-947a-1522f48f7e1e,3
4710,5114f801-e1cc-480c-860a-f45e49a07b99,1
4712,5114f801-e1cc-480c-860a-f45e49a07b99,3
4721,50bc45d8-7bb8-473a-a233-48103c3800a2,3
4738,9e42feb0-d001-4579-b270-314ac59f7fd2,2
4739,9e42feb0-d001-4579-b270-314ac59f7fd2,3
4751,1a0f85e9-3c1d-4b1a-a479-ccd204f43c1b,3
4762,efdab86b-d285-4777-bddc-8b7c44eb4f8b,3
4771,89659158-dd57-430a-a1f3-79704fc1bdb8,2
4772,89659158-dd57-430a-a1f3-79704fc1bdb8,3
4801,de7674fd-cae7-483e-9499-3234a428e99c,2
4818,c6f25235-1727-44b1-8911-51f765fdc7cd,3
4828,37fb14dc-3577-44c0-b184-08bd5fb87c72,1
4831,c0cd70b7-0405-404d-96d4-a8a255ebb93c,3
4834,3b8b295d-c51a-4ba3-b189-58ac8e6f10bf,3
4851,e6080691-4c45-4424-9419-b9e431f30fb9,2
4858,bcb4e19c-9d7e-4de3-b6ea-69d8d6fa9724,3
4887,60a7fa31-439e-42fa-93d8-8b8cd74fc67a,3
4912,98e5b2de-94f0-49e3-a086-3804b3ba74f1,2
4914,1e87c1ed-04f6-47a5-8075-e99d6de25509,3
4927,b935f332-be55-41df-ada8-58c4165fe779,1
4940,43f01035-b905-4a2d-8445-0a0114ca21e2,3
4943,9b118604-ae47-4df7-a462-fe17457ee123,1
4944,9b118604-ae47-4df7-a462-fe17457ee123,2
4960,2c5e4d19-af6f-4464-8d16-e5f387a73468,2
4979,308e4631-1dee-4a3e-90a2-b71920d7fa0e,2
4996,cb33dedc-0695-47f8-adb5-319e8f079501,3
5002,97800e78-485a-4961-a1b4-bb343d7d3d13,3
5003,91ebe34b-e89f-4153-8149-168c8fb06c3c,1
5006,b87d37ac-82bf-40d8-99f5-f27fd4b20590,2
5024,80e857ad-a731-4e70-a4db-0df08605cb89,2
5040,c7fc474e-236d-431f-b4de-000d46de4a33,1
5047,485d0e7e-ab50-4533-8976-f0a0ce4d8fda,1
5097,88a6fb7d-b08d-4486-ac13-aab1fabc2b83,3
5112,4cecef29-d8a7-4445-94ce-3a63d63830f2,3
5116,b000a1de-9ac0-49b8-ac6f-3246a158c9f0,1
5128,9cd604cd-44c4-4a4d-9247-58c04085b143,3
5130,19db0844-2bf7-4c91-bbc9-014431473504,2
5138,e5ad2045-9a77-4468-a1e4-f480a4415fdf,3
5142,122c75c0-e8e7-4c7b-9a5f-b75eb296e2f1,3
5146,e09140b8-0143-4520-b964-77d028b40101,3
5147,4d2e49a2-ae47-4d37-b4bd-5ccf5b08a61d,1
5154,05b108d5-a1b1-4ecd-bcff-fb080e242170,2
5157,645e348e-7a91-4566-bf57-715364e3c530,2
5169,ebb393d5-ad50-4592-8ed2-cffea158572a,1
5181,5ca15626-59af-4cff-9615-9cc938c3f391,3
5189,808ff72e-cba8-4278-8d6b-247d33884699,3
5190,98f58122-c75d-4ca4-ae35-49aa650b91ef,2
5192,d2f21d91-4f3c-47d9-80ba-39906aa23b35,1
5198,9afc330b-cf70-4244-a1db-1fb0fa7630af,3
5199,3303c91b-1628-46c3-8194-7a9fc5550d6f,2
5208,bf3bbe2b-8215-4a3d-abb2-907d810c7c8e,3
5220,5c832d44-d78e-438a-b0cd-0afeb70aa42c,1
5221,5c832d44-d78e-438a-b0cd-0afeb70aa42c,2
5229,9b909f27-7e8e-46dd-9e50-919032351f5d,2
5235,bf6b8a3e-47b4-44fb-9303-94f79ab38b0b,2
5246,dcaff24d-fd32-4ae1-a1cf-293a22135e05,3
5252,fa1c0b3d-87aa-4b2c-844d-bad94de61b35,2
5267,ab0b0eb7-980d-4b74-920d-50a4cf019c87,3
5269,4138fbff-6bca-4b67-abec-677a97755d22,2
5289,aa05c7de-ab94-400b-84b6-b8852dcdf05a,1
5300,c718ce2a-d623-4436-84f6-dc6f60f353fd,3
5305,d42b468c-ef42-412e-9e06-9d3ad4be8f76,3
5325,2b8bea40-f315-46e4-a022-b9afc2ef624f,3
5330,4b0746f4-7e95-45c7-bc07-d7f124c473c7,3
5332,cf4f32a5-5872-4d15-84b7-763212ad4cef,2
5344,d1a61e4f-9397-4d55-9820-bfc7aee27ba2,3
5348,16d22de5-dc6b-422c-9e4a-cb1c62a6a12e,1
5350,16d22de5-dc6b-422c-9e4a-cb1c62a6a12e,3
5363,4d569ea8-75a2-435b-b8c1-5aad09317ba8,1
5364,4d569ea8-75a2-435b-b8c1-5aad09317ba8,2
5367,7b466365-ae47-4a3a-a2c5-4c77b12eadd4,3
5391,00d4d38d-50a6-4f35-8540-f6be266e637b,2
5393,c5c4fc40-699e-46f0-b480-562742bec3d1,3
5403,019d4bad-2bf1-403a-abe5-64c5575a4b0c,3
5406,23347195-ec9d-41ae-9b83-654f437b7efd,2
5407,23347195-ec9d-41ae-9b83-654f437b7efd,3
5410,009d1c13-7a7e-4ae2-a180-4342b78b3875,3
5414,a75ccf95-5ebd-43a8-87e6-17907909033d,1
5418,cb38daea-5e92-4b4e-8db2-fb8ec239b853,1
5420,cb38daea-5e92-4b4e-8db2-fb8ec239b853,3
5443,90496200-3457-48b3-936e-836db60fa35f,3
5467,39bec4e2-eae9-4a81-92f7-037311641e25,3
5470,b3c094e5-f96d-48d5-aca2-466731c13517,3
5618,aa6d2a43-3810-4256-a04b-e382cf9454ce,1
5620,aa6d2a43-3810-4256-a04b-e382cf9454ce,3
5631,e1fd0bd6-d9ee-4232-8ab4-0631998be35a,3
5643,c8f7c3a1-eb9e-43db-89a4-8334df66cc7d,3
5646,f47ed172-719c-4c78-82a1-66400f86d23d,3
5658,2df78e2c-440a-4d87-93d6-b50e81b6eca6,1
5661,39b4c057-5a37-46a1-8032-1b728aed0371,3
5696,7d818455-e473-4cfe-b56d-9dcdaedd2781,1
5708,f8543606-9543-4ea9-b346-e08947caa67b,2
5710,8f98cd84-bdbb-40dd-b069-3fa396cd885c,1
5713,b1ebca3e-83ab-4da6-a635-52ae0729e1f9,3
5720,f17f4b95-940f-42cf-be4a-9f8d80cddbb5,3
5727,566a3519-cea7-450c-95f9-3a8a46ec0bf3,3
5731,4209eb27-c7d9-4715-9c35-b7b853206a48,2
5734,987e2f4c-9adb-4385-97f4-d3ad7e6c877a,3
5735,0b2c2266-aefb-4f90-9b72-de58cb4d42b9,1
5774,fe64f729-a923-47b6-9c5a-641409215c42,3
5777,2bfe476b-9a97-4dc2-89fa-adc81a929a93,3
5783,a85f1472-4eac-4688-8280-3279b2f40e80,3
5784,2aba7149-f5be-4ab2-993e-323aa881f61d,1
5788,f67117ef-7b49-4356-acc8-39985b3978e3,3
5804,51c610ee-420b-41fb-afab-5015fd9947d1,3
5805,a85cc7b5-fbbe-4204-a481-2bea9fca9b7f,1
5813,c38156e3-20df-4b95-b3b4-808f6c6bff1a,2
5821,a9768eea-b03c-41ca-b9bd-474da7e516da,2
5830,2d500fbc-9124-4bf7-a510-f4cb0ba178d9,3
5836,7984610e-05ea-47a3-bd16-ed5da3f99777,2
5852,627a9a2c-f416-4550-8d7d-e03ca832af3f,3
5860,1c800cd9-62e7-4b1f-954a-fc1c4e2194be,3
5861,6714454f-665f-46df-945e-c419069d75f8,3
5864,ccf8d2e2-dfc0-4084-b942-bf44c1aa2fb9,3
5870,b865d4e9-ced4-4e1c-b40b-f787d56f8d65,3
5883,ecad26c9-1914-4f44-b37b-4a28850d0b29,3
5886,ad85e8ae-7d76-46c2-84e9-7a9f9a4cbdd5,3
5907,39db5dcc-125e-4249-be0b-f16964019050,3
5920,c3cb33ba-2416-4ba8-af79-afff629509ff,3
5935,823abd00-de51-4a56-b0bd-1e8d6c6254c7,3
5957,f58e17ca-255c-4e5b-aa89-372c44516809,3
5958,78ff1431-e7f8-4ad8-acd7-725b896f1c51,1
5967,80b86d01-a078-4d10-90b5-e2fda5e46ac7,3
5972,84c478b5-911c-467a-b5d1-24c8a5bfbae9,3
5976,a3bcf878-ae34-4b57-86ea-868518de0801,3
5981,9a810334-0841-442f-a958-93573b9ec27f,3
5996,1abb9b93-8951-43a2-b1cb-6fa577d7fc3c,2
6003,242d7f62-73c0-48bd-975c-619ded01834b,2
6008,ffcc3fc5-c193-4e6d-ab0d-46b0d7070ea1,2
6019,386cdf5e-4752-419e-aec1-53f7aff6bb61,3
6027,a737f93e-1c8f-48c2-bd95-721d4180ad3a,2
6039,4ec551f0-6236-4722-ac38-2345e48e5a00,2
6041,c976f975-c521-414c-bf6e-258b0e2cbbaf,3
6044,f77117b8-1a81-4bfc-97fc-a5c27f5277c0,3
6053,a290c13c-73e6-4b02-a558-ac4582f1f30b,2
6062,59af5b9b-5e6a-4d6a-ab87-7fc8e482c81c,3
6071,813e661f-5937-42d4-a1b2-18884648671c,3
6092,0987be38-9b9e-4f86-96cc-39088fb206a9,3
6097,45c80411-34be-487e-8ef0-fbdce95cf472,2
6102,a5f5c4f0-5415-4acf-b93e-753384b9d5e3,2
6113,8c9d053c-6996-438a-b733-6f2bf4210af6,1
6114,8c9d053c-6996-438a-b733-6f2bf4210af6,2
6116,300222e1-81d4-4cdb-8a25-99772460a088,3
6120,f85eae8c-3743-4c46-9569-b28bda3125e9,1
6128,484bc9f6-5a15-4f3d-8110-b3091c02f5dc,3
6131,a4186c1d-db60-4c5d-9a1e-0744224d07c9,2
6135,d99de2e0-8062-4b52-baa9-d4c013ca6099,1
6137,d99de2e0-8062-4b52-baa9-d4c013ca6099,3
6154,708a332b-b6de-48e8-abdf-f4300014f663,3
6155,729553c3-9c6c-492e-8738-e43721c0bb46,3
6163,6869db34-971a-4721-ae0e-93d74a20eb64,3
6175,aa04a185-2c6d-4fb1-a074-b921ca7f166e,2
6212,3bcb8d0e-927a-4994-8663-11acde3c24dc,2
6214,c77155b9-adc5-4bc2-87f9-c5074083310a,2
6227,24c4c2a5-ddf1-4156-9854-bf08c4c13c1f,3
6229,e38d28c9-5caf-44b6-a0be-1acef4545830,2
6231,362b5109-ac74-401a-9fa9-b225b4d8a75f,3
6243,39244d00-66eb-4c7e-ae63-122899541cc8,3
6266,a51d9786-1f0f-47c5-9aea-039d7b2ab995,3
6275,6ab6cf9e-108c-4693-80c0-3feb4a594fee,3
6279,8dd6ade4-4484-42a0-a280-37b7402aa250,5
6288,a3d02a95-c925-44ed-9838-3948e2b8419f,3
6290,99fb6e3d-6960-4b65-ab73-f7c0eb8b2f8a,1
6298,7890bbf1-fa4d-494b-bec6-9b6e726a7a82,3
6306,dbb7f185-dfde-4c1a-ae74-af83a83002c4,2
6321,87839b5c-eb80-4f42-8d07-212e454b160b,1
6338,bb0102ac-555c-4949-9ece-0a612bd33466,3
6340,0e20c912-67b0-42b5-ad7d-19550740ef52,3
6348,8c142588-7606-4ea1-b3ae-a1ca5a4a1c91,3
6351,a5f4464c-0fc9-4314-87e5-9c22c1e85e38,3
6353,495d91ff-21e5-4406-9502-058eb66da216,3
6354,bcf35372-8c4c-44cb-8f05-dbdd7831a9e3,3
6360,2cc68acd-907c-46be-95a4-d86406fa43ce,3
6390,170d1961-a654-452a-9d25-607092dfc6fb,2
6398,41eb1c69-f04c-4419-a703-e3653912f841,1
6404,41c80a69-da37-478c-b81f-daf153106c94,2
6411,b2b2025e-a46e-4643-a1a6-31b8af864874,2
6415,4b3a2b47-bb2c-4280-b9ea-0a3be4a715b6,3
6421,60e301f9-b951-45cd-bfc0-0f905b316c85,3
6423,16b0b4e7-90a8-45df-ac59-1d6191a0d4d5,3
6427,4311eb6a-bfb2-4296-87cf-d88f7988eea3,2
6428,4311eb6a-bfb2-4296-87cf-d88f7988eea3,3
6439,e58db97e-736b-41c0-a216-2fe42a2207f6,3
6441,fda518a6-ab8d-46c3-88b5-222224c4919e,2
6443,0577e2cc-e46d-4e44-a69e-a93da68d3990,2
6447,6806f25d-6d42-484a-b94a-d29c7c408cc4,3
6448,f055a469-efcd-42f0-adaa-7a0e517c7df3,3
6455,b9816141-b863-4f05-8c4f-b2026c626f26,3
6479,d84a3e93-3e3c-4e5d-911f-88fa1650755c,3
6481,b7739ccd-b714-4d42-aa2e-73d3b9675996,3
6483,98d2fe60-f124-4b62-8b20-be6e10df7c6d,3
6486,7134513c-428f-478b-b0a6-cedb77e6b439,3
6487,ff9bac2b-c15a-4be4-974d-5d4abae22021,1
6489,ff9bac2b-c15a-4be4-974d-5d4abae22021,3
6500,d2c3c4ac-5cc8-4dc6-8641-44f7ae9dac4c,1
6505,7cc6dfee-7a6d-4974-b516-f34bd915df65,3
6531,59789b1e-cc14-456a-8d61-c6fbd09dfafa,3
6536,09cbd7b9-5a97-467a-b318-57c7f416422d,1
6548,9e1acbb7-fb30-4fef-8b47-6eee4af319d1,2
6551,69a705cc-b812-4b54-80a2-469f46450937,3
6553,580e8dd2-2385-4d32-8676-bc9b96d9c606,3
6555,0a83196b-4a07-4876-9f79-4509f691bf3c,3
6558,b7208105-741e-4e54-994e-d7bd9a027727,3
6559,da9092ed-0366-4bf0-95a1-eba05a4b86b4,2
6564,fc6f9ff1-18b1-492b-92f6-8cae6c5363b1,3
6568,68ca83a7-52f8-4ad4-9a8a-ec7ed950a311,2
6571,7f19a8b0-95ad-4aa4-81a6-5b241d4d337a,3
6591,e251063f-1e95-4340-91a7-65d758c7eaa1,1
6598,d5dd4d5b-65e4-4900-a741-20a3d8daadc4,2
6612,4918597a-f289-4eba-b2c7-4dc3180fc1e8,3
6631,c26af807-147a-4658-aece-10c607e3d4e7,2
6635,15e5b504-bfa6-4f3a-899c-716379d6e234,3
6639,c835d6b7-bc3f-4b4d-aa84-2f08e6aafbc9,1
6646,2bfea411-817a-4ff8-9b1f-421e07a3e58b,2
6659,eecfa537-e117-4d56-ae5d-da9159461116,3
6660,ad9737af-291f-477f-a148-d84267f9eff5,2
6674,ccce04ef-681d-427a-834b-bedf1c556ea6,3
6697,6dddaf95-e054-4bc8-9fff-956677f2a5c4,1
6721,be5233d1-ffec-4d09-bb44-538c1e82ebd1,1
6745,67221cd4-91d4-4dd5-b4dc-0d23e9f58fc4,1
6755,572a819c-deea-42f1-9be3-2b805b6e5a30,3
6756,ae91857a-03b5-4149-bc44-94abe8ce173b,2
6775,dba00bb9-fedc-4788-8f3c-43941718b546,3
6784,927b11ec-8788-4e3d-b4ef-a077e286065d,3
6795,28bc306f-5863-4655-8143-ccdc00a1b6d8,3
6805,abe30186-6452-4d37-ac3b-640abe4a9e47,3
6807,c10b5042-e334-41d3-b7bf-fe4b35aca0a3,3
6809,e2b47524-e36b-487a-9416-4f805a1e4aab,3
6813,1b84bc21-49b8-4918-b3ba-2eb58a8d332a,2
6825,15edad07-45f8-42ea-bc00-c076e1d9d2a9,3
6827,da6b3f10-638c-4cee-851d-b70bfe8bf2af,1
6833,3fbb9444-a693-4606-9573-122baa7c3a42,2
6836,826e4c47-0b28-4ac6-a42b-13148cd66929,3
6838,a69fe0a6-0bdc-4181-abad-dbab77a6786f,3
6848,bdd09363-2a0c-4d1c-a782-1f5c4bad1551,3
6850,e021ff01-ab70-40c0-819c-7fd73e29a078,3
6855,f076d789-f0a6-46c3-9007-0701c1c90a99,3
6861,1359de85-7674-4754-98e5-d1987473fd70,3
6871,018bc549-374b-4aee-8c6e-cda6297a0130,1
6889,fb459a9b-2423-4783-b690-aa86a4ae74a8,3
6894,10be3a40-2fe8-4420-8929-a17d3820fcae,3
6895,13ce6815-c32c-42f1-8427-69a90c1ade0e,2
6900,2ce81e7d-5a87-4661-b4fa-dca4715ba1dc,1
6934,1aafba8f-0430-46f0-a592-7ef9740d90b6,1
6946,9277053c-5e33-4ed5-84c8-beca67d71cfb,2
6952,5d6f3e43-6742-4061-9513-5f4899bfb68f,3
6967,cfb9435c-bee5-40bd-82fa-a1283de42fcb,2
6968,3030cfcf-2ad8-43b8-835f-b77c2aed45ce,3
6972,481f24bc-e725-40ab-9175-2e5fc0d286a4,3
6979,3ed21f23-7fa4-484b-8c3b-207b1c5476ed,3
6985,f9571307-180c-4a88-8486-7e836dd3490b,3
6987,482f1df3-5961-40f1-8b6e-0c3383941e3d,1
6989,9af6bba7-c7a8-43d3-8b00-961ec733d9f2,3
6999,d05bccdd-d68f-49ed-8b41-c302ae4b12e0,1
5485,da45c397-8aaf-46fa-98a5-56f3f929c6a4,3
5490,6327117f-eca3-4696-af2a-9df80feaa18f,2
5520,bcf61b79-161a-44d0-8930-7788a32a29ab,1
5536,8f8942ec-021d-4b82-a2e2-9f43c7a6384d,3
5542,e21b8d44-35fc-491c-99ae-97a621b32ebf,3
5547,8086138b-b0cb-4aed-b3e6-7ac8d628a36c,3
5549,df240ac4-bf27-4195-a02b-88fc62b77972,3
5558,68c0605f-823e-4730-83d5-195c92b38ee9,3
5562,d17c9bf1-bf37-4e7d-9745-42c20feeba85,3
5565,d4208f58-ee9b-473b-beb2-094eeca6bd7d,3
5571,c7046867-8afb-4c23-8c14-e27c6f5600c1,2
5578,36315940-2d57-45a2-af1c-68d74796a16a,3
5581,0b5d6c8a-7071-499a-ae02-0d63754f6e1a,3
5582,e0d0b741-0938-4ec8-a51e-0dddcc87d545,3
5587,af5ad306-5eb6-4bf6-b7da-18418c303aea,3
5611,6ad73c06-a146-458c-9778-479a79b4085f,1
5621,c34eeb11-d929-4644-ac2d-41fbaefa49ff,2
5635,05c2514b-b660-4db1-b1bc-d836964dac1f,3
5641,c8f7c3a1-eb9e-43db-89a4-8334df66cc7d,1
5644,f47ed172-719c-4c78-82a1-66400f86d23d,1
5649,8702238a-6fc7-49e5-8d96-7cc3f6c63f6b,2
5651,772cd12d-924b-4801-809c-23abaa368652,1
5656,f47a50f0-2c5a-4bee-bcc7-27b136d52ec0,3
5667,ae8baff2-4833-4dbc-8f6c-2ca395a5beef,1
5673,7da23de4-59dd-4c6c-89be-b794a94ffb41,2
5675,67147ea6-1d16-4afa-a2ef-493897245007,1
5684,71760cc4-0f13-49a7-a196-9a951562835f,3
5685,f2887c16-23a8-46b2-aa01-6d273699e9fe,3
5697,7d818455-e473-4cfe-b56d-9dcdaedd2781,2
5703,7befc4c1-23f0-4fd1-9ea8-186f8c31e08c,3
5711,8f98cd84-bdbb-40dd-b069-3fa396cd885c,2
5715,69eb1d63-c235-45a1-b418-477496f25843,3
5716,faf2de80-86ed-421a-a14a-8de30ef92c71,3
5724,f9a5ff3e-8a07-4c0e-bc3e-b00d74b123ea,3
5739,526dff4b-3a68-4619-bc7f-7665da362f02,3
5742,d75ab891-7978-4cb4-a959-dd204ee4fd4b,3
5750,0edb739f-0a4b-495c-b165-af1266c374a1,2
5769,b6448db0-8020-4e67-89f5-bb8214c563a7,3
5770,f0122fed-e062-46c8-9535-4625db4414bd,3
5771,57f73383-4514-4103-be27-22f15abf616d,3
5776,2bfe476b-9a97-4dc2-89fa-adc81a929a93,2
5779,f0c6f584-2532-45e8-9e8b-53d0bb0a69b6,1
5798,d397376b-68ba-495a-b555-4486ef096e71,3
5817,d4208f58-ee9b-473b-beb2-094eeca6bd7d,1
5828,1135e375-48ca-41c7-bfdf-270c680f8493,3
5829,2d500fbc-9124-4bf7-a510-f4cb0ba178d9,1
5831,4c65691e-c4b8-4320-b4da-01e7ba8f0e4f,3
5837,7984610e-05ea-47a3-bd16-ed5da3f99777,3
5840,0798c674-978d-4516-a55b-e3776836c59e,1
5847,27101acb-da91-4751-b39b-584887e9f7dd,3
5850,627a9a2c-f416-4550-8d7d-e03ca832af3f,1
5851,627a9a2c-f416-4550-8d7d-e03ca832af3f,2
5856,663c6233-8d10-43a3-a030-8240e1f812b7,3
5885,ad85e8ae-7d76-46c2-84e9-7a9f9a4cbdd5,2
5894,0968452e-0e17-4cb8-b0b2-e771f6d35e91,3
5895,22dbbbac-f2f6-40fc-b908-3b48d7ec24fc,3
5912,12e94d1d-e4a7-44bd-995d-6c4db7a30397,1
5926,a6c64ab6-eff4-4d79-84c7-b435256c237c,3
5927,e881eb7a-28f2-4e1e-a61c-2f8e6a5ff646,3
5946,5fc880fe-143c-4ac1-a441-6fc26449a141,3
5952,11ae9aab-f7a0-4dc5-a02c-656fafb3180f,3
5954,08e7235c-e211-45db-b321-0ddcfb988630,3
5955,0635c451-243e-4df5-ac2d-a35abc154e9c,1
5956,0635c451-243e-4df5-ac2d-a35abc154e9c,3
5973,534c3569-c25d-402c-93d4-7af7ab713826,2
5974,534c3569-c25d-402c-93d4-7af7ab713826,3
5979,2e3e9e7d-f518-4b1d-bb4e-bd4fa46fc05e,2
5983,a280cde7-cecb-44a1-a504-df31547f9c1e,3
5984,3b1015bb-2f1f-40f6-8ff9-56af9f77504b,3
5992,75df8ee4-fe65-470e-bcef-e1aacb1ee6b7,3
6017,386cdf5e-4752-419e-aec1-53f7aff6bb61,1
6022,6cf17975-6430-47fb-bfc6-c05999c58bb9,3
6058,d1f24916-907a-45fb-8a35-5a5fc5c8902a,1
6068,c87057fb-405e-454a-a4b3-16096bed50d2,3
6086,d35f1d69-a437-46f2-9ff3-09620413e3ab,3
6087,91563738-5452-44c1-9bae-860888d8d664,3
6106,ff0f8462-50c4-4951-869c-73aebbba682e,3
6108,3e02fbfb-294f-4179-b287-274af586d911,2
6144,ef5c4419-96d2-4cd2-924d-450874d4885d,3
6152,1874c075-c7a2-4308-87f6-e0734046504a,3
6157,07fce418-d576-4daf-b92b-ad117e4d05ba,2
6159,2905b294-df13-4146-ad74-b1918e8f03a2,3
6162,34219a2e-ed9f-4392-9080-b73a46749f52,3
6166,d48ba9bf-b3ed-4fe3-b388-766038faeef5,2
6182,d78c0f27-9799-42d8-8d4f-21c51f548c14,3
6197,868d2a5e-0091-4776-960e-519a9bf0c078,2
6201,acd5ca08-46e8-4c71-a2cd-62c94d239d6e,3
6202,385e8599-39a7-46f3-af5a-92b88f24116f,2
6203,385e8599-39a7-46f3-af5a-92b88f24116f,3
6206,15eeba77-4c1d-4eb2-8fb1-00c1e9419ea8,1
6215,c77155b9-adc5-4bc2-87f9-c5074083310a,3
6216,75c3b96c-b189-4932-b5d3-996aa072bab4,2
6241,ce69071d-6e11-4205-a0d3-16f121dfa490,3
6245,24f254f2-21e8-4778-83ea-75162ea4dd7f,3
6257,4951538b-c1a0-45b8-bafe-c7c48326f659,1
6265,9a30caca-f78c-4865-bf16-d294e2bc96b2,3
6268,55f72914-fa0b-435c-a1f8-6615065ca7db,2
6277,8dd6ade4-4484-42a0-a280-37b7402aa250,2
6283,0b8f54d4-53f5-4e23-99ce-8b373c95ffd6,3
6284,5e550ede-a2ef-4407-9adc-e7ce2c934721,1
6289,a9474e5d-6679-4816-bab7-c76c967fdd1f,2
6291,99fb6e3d-6960-4b65-ab73-f7c0eb8b2f8a,2
6299,abc197c6-b01e-4426-8377-8be2a322e86a,3
6310,0d8b23d4-e661-44d4-9b26-9229d039a29a,2
6311,52d975f2-c4dd-4130-bf92-c864379dc16f,1
6313,52d975f2-c4dd-4130-bf92-c864379dc16f,3
6314,278a26a5-e37e-4669-987d-d922bd0b9da1,1
6356,d8bcdd86-c71c-4894-8e9e-53c9830553d2,2
6361,53400ae2-f936-4a07-85fd-1c860919e25b,1
6367,cc8a9905-b0e0-488e-9d87-f78867277493,1
6381,115e052a-ffa5-4b88-8434-5adc7de30696,2
6401,0171b249-78de-4d4e-adb5-93b3647f7427,1
6409,b2d1d610-086d-4c0d-9c6e-d230d6d9621a,3
6424,a42f0855-7e1a-4195-86cd-b22ff61e6586,1
6432,547ad936-f9a8-4309-9786-622a12e2dd96,2
6434,dcdac0f5-ace8-4821-af82-1cc7d5fbceed,1
6444,0577e2cc-e46d-4e44-a69e-a93da68d3990,3
6460,fdfbb4b7-12a7-4425-b185-9b875e73f61a,3
6462,cb999435-8374-4e26-9c3d-b9ba595a036f,3
6464,dcde11a9-4a5d-45c7-8abf-48ab6e391125,3
6480,feb82a54-b700-412b-a56d-3312d0b0eb10,3
6492,818fbd23-b1ef-4e42-bd91-e251df6d860a,2
6493,818fbd23-b1ef-4e42-bd91-e251df6d860a,3
6506,938d0445-3a20-4981-889d-b6f19b515b97,2
6507,efc6de9f-62d4-4953-92a4-a435e8c6450d,2
6510,03757686-d5e4-4875-a461-f2eed1527a41,2
6517,bcc13345-6e5f-431b-a375-60a72acb3fe1,3
6543,09f00dd9-a508-45e8-8b55-e0a01f7305f3,3
6545,ccc8e095-ba4b-42e6-b1a6-f51b6e977bb6,2
6547,9e1acbb7-fb30-4fef-8b47-6eee4af319d1,1
6550,69a705cc-b812-4b54-80a2-469f46450937,1
6556,b7208105-741e-4e54-994e-d7bd9a027727,1
6565,5756dd58-8392-4c8b-b1e8-a1bb6f3f05a7,1
6580,ca8f2e2c-df14-4cd4-b4bb-74b89b744295,3
6584,02a72d10-b7e4-499c-b41d-6762eb5fb8f8,3
6604,903f1348-e35e-4f46-aa10-af4ec205e198,3
6606,a0798bd2-cd05-4f6e-bfd4-4be88856983f,2
6621,a0c26c40-5998-4697-8de3-6ded5a4e1b72,3
6629,6c08771e-e462-485b-af96-78f5e16f8f7a,3
6654,55c355fe-cf85-4d0a-b3a5-111e6734ec39,3
6672,6b6e92d2-36f5-432f-8f54-f603828847f8,3
6681,6e6f81f9-fe31-499d-a17d-0c642f70d4c3,3
6705,482014a3-9c8f-46e8-9e73-6b6a4b4cd3cb,1
6709,a848c161-b09a-43fc-884a-a9779377f8fe,2
6722,be5233d1-ffec-4d09-bb44-538c1e82ebd1,2
6738,e217c4e3-8161-4a18-99a8-35280f868e46,2
6746,67221cd4-91d4-4dd5-b4dc-0d23e9f58fc4,3
6760,9be86016-784e-4075-b5cf-347bd63c66b8,2
6764,18746e4e-056d-46a0-877a-d432a6bf44da,3
6780,2d420308-9c3b-43e8-b19a-69f0d68fcfdf,3
6791,2a4bce82-a61f-422a-9c23-73892ebd0e1a,3
6811,08768347-8108-4a1f-8aab-4296b1da1120,3
6817,2475c42b-1893-46f2-8360-0d13ac4d6492,3
6819,f9f0ca4a-7d27-402d-9c77-39094315759a,2
6821,6bc3dc73-1873-44f2-91a3-cd1de73b8a37,1
6840,023a5f71-e9d2-477d-996d-8e9a6036941c,2
6842,37427468-2225-4ad5-9feb-1686c36d2fad,3
6844,cedcde13-57eb-42e1-8c7f-ba87b8bf3abf,2
6852,f6a79dc5-8c4c-4f3d-b1b6-fea4dae3947d,2
6854,033b3d45-6fc3-4b46-b686-809dcbbf0a92,3
6864,98c99cb8-ffdc-413f-8394-1bb955cc8b6a,3
6873,3eb2020f-6a4d-4b02-8c55-02955db444ff,3
6882,9fabf6b5-3561-4e2d-8397-f26a80b0ac7e,2
6893,51ed6b94-2aec-4621-bcdf-e2aaa6a7f3d4,3
6897,4ff2743e-3678-4d8e-93a5-8a633d38a776,3
6902,91395166-7c90-47e2-8a11-7b52b94001ac,3
6906,36b9ce31-4022-4949-8bd6-52391b308bc9,3
6910,ac680f3d-85e0-4fa8-bc4b-0d43f2bf69b4,3
6913,93c4206a-4236-4794-a434-a2bbd60ddd7a,1
6918,25f3acc1-aa92-4e88-80be-c4cf3cd4bd48,3
6927,904c7e77-e037-4113-a9c2-bdfc5f584726,2
1322,fcc1488e-0cbc-4a0f-b8d4-3a72bdab54d4,3
1329,d7b4bf9f-8d28-44d9-a960-e5460eb7e06d,2
1339,9b46cd01-fed8-4afb-89ec-3b1e98fb530f,1
1341,9b46cd01-fed8-4afb-89ec-3b1e98fb530f,3
1357,5b695f8a-fa60-471d-a6b5-1ef058f00d6b,3
1358,a4e4b30f-e73f-4c45-b933-7e2887012150,1
1359,a4e4b30f-e73f-4c45-b933-7e2887012150,2
1368,3de543c0-19a4-4ed3-be59-4b8db643b553,3
1389,c0ae3edd-cd8c-4cf8-b216-cc69a7b4a6da,3
1390,75fd10ad-1512-4958-935d-5bfb8cdb9890,1
1392,75fd10ad-1512-4958-935d-5bfb8cdb9890,3
1405,95b718e8-c06a-485f-910c-fca734411cc4,2
1410,7da09edc-510a-40a7-b3bf-3e0dff989d60,2
1420,ecd7d69f-7390-446f-b823-46f639fae52f,3
1425,f5847dad-5529-4a79-bd9f-c81eea8985c8,3
1432,fbab92fc-e859-4465-b3f1-780f462513b0,3
1439,fc1d71a3-54db-4a6a-bdf8-3b8a155aa2fc,3
1443,a61098d6-b219-4440-9a54-d70c99981247,3
1447,a174b566-0e14-4951-87d1-f4674d5419fc,2
1448,a174b566-0e14-4951-87d1-f4674d5419fc,3
1450,90bcae55-d5ab-4fc6-bc7f-e68a83870a21,3
1454,d6d3e055-d503-413d-b7ed-3d112f74b376,1
1457,62857022-d90d-444c-a501-37d0b39aa6bc,3
1467,08c5c8b4-f901-4284-af0b-770b07f19e5d,3
1473,7e433cb5-5082-41a8-be15-087e3a1ba09b,2
1474,7e433cb5-5082-41a8-be15-087e3a1ba09b,3
1483,de09d448-6e6c-4169-96b0-88e35d5b44c8,3
1491,7d6d5229-fe8c-45b9-a955-ec37930a8026,3
1493,23ba2fb3-fb1f-4612-9c0f-2cf4dfd321b7,2
1503,1bce7a4e-298b-4c6c-8fd3-79a64f764aba,3
1505,d2bd2392-6a46-4825-ae18-ae66b308815b,3
1511,0339b2ae-041d-46a5-951d-c5b263666928,1
1517,8c86cba2-ae1a-4248-b4a7-76945769e5b3,2
1518,8c86cba2-ae1a-4248-b4a7-76945769e5b3,3
1523,f4774358-35c6-4fe6-a02c-cb5c3af52902,3
1525,907d37d3-b32a-4213-a322-5528cd06cb05,2
1538,b66e787b-3071-4316-ba29-5f2df6d46133,3
1541,049752db-2579-42d0-9302-06b0eec1010e,3
1544,37dc52e2-daf7-4a3c-8a37-ef837f288055,3
1547,9aa6c791-f89c-4dd2-8e51-3ffec34b4729,2
1553,e511ad98-34ea-4d2d-8c9f-cc7c7461dd07,2
1565,c309515c-1d82-49a3-96eb-e62482cbb052,2
1573,880f2940-03c7-4dca-9505-a3746ae5400d,3
1578,904a3ad7-f34b-4d5e-aa4c-26cf5f1e41fe,1
1584,3a65fc07-a1b7-4c1b-9948-f9f37565e1bf,3
1607,6b2a3a31-68ef-4629-a849-cf5d48756386,3
1619,c8f1451c-a960-4296-a013-20f6d424bcd6,3
1620,eca499c4-fd5d-441e-a584-db9c15fbb5de,1
1622,eca499c4-fd5d-441e-a584-db9c15fbb5de,3
1623,18b981b5-847e-4d36-8c7d-930e69317a77,1
1625,18b981b5-847e-4d36-8c7d-930e69317a77,3
1627,3c8da21f-fcfb-42c5-8f1c-0cd6d87f1744,3
1629,b74fa0fc-7213-472e-a123-70595f6ee671,3
1631,d74ead24-3f7d-40a7-a9fc-d2e6cda43e97,2
1650,bb5f28f3-d1ec-4ee0-9035-7f47e17f76d6,3
1661,bc8ab94a-5293-44b0-971e-0eaaecca2787,3
1671,68543147-0a63-4730-9092-b5ed6b8c0c66,1
1685,e17b934f-3ffd-4c74-887b-11b5bd63c959,3
1694,67f07c97-2cec-42b2-afd5-6633ab8df6e5,3
1703,5708dcf5-b8d4-4b66-b490-1e8846a565e7,3
1708,31840bb0-bd05-4362-8272-60f97e9431ef,3
1716,7be58985-06fd-4702-9426-da6bfdff48e3,2
1727,1f43ee2c-c142-4dce-b729-49b3be357681,3
1740,37fb680c-d534-4f51-84bb-67e3bf8a13a3,3
1749,2b883479-c8e9-435d-9869-4a7ee7b4f84c,1
1760,2577c8cd-b45d-4472-9442-a99ee2f4b8cf,1
1776,a6913ee6-2d9c-4b24-b610-0cb1b2ef1619,2
1811,0f34f300-e503-479e-b68c-a251e9c0dde9,2
1818,815ac8c6-fe50-499e-88a4-b460e92b24df,1
1834,b38ebbdf-5740-4f19-9be5-95bd9ffc4b26,3
1835,2a481dfa-70b0-452f-a5b0-ae829474fd39,1
1838,016d47eb-51ce-43f8-b435-de1af9d44dfc,3
1844,a0628ee3-dba4-4f05-92b7-56631ad9f93e,2
1857,6d4c47da-2b07-4c68-bdf2-1d9fa1f24d84,3
1864,d66838e3-b905-4ac0-a9af-7da7613c6b36,3
1892,de03b2ec-020b-47ed-ba9a-29e35fbd02d0,2
1895,216c1d11-b7b4-40a1-b624-be84cee8a1c7,3
1932,f868c81f-9d92-4bc1-8f57-e9f0d7ba557d,3
1938,8e8d7fa0-c71b-4afc-85ef-9411e6e67d9e,3
1946,0b2f5799-b897-4f76-8797-6f476085dff2,3
1948,ed6af7fb-50a2-4f49-96fe-837b8a93b55d,3
1950,27dabe84-3f80-479b-bcac-78992ec3a2ac,1
1952,27dabe84-3f80-479b-bcac-78992ec3a2ac,3
1959,231b5667-3132-45ba-8fb2-cc79848fe2aa,3
1960,f39bd8bf-9371-4b60-b369-511c62bc6b74,3
1965,5006bbb7-de32-495a-8337-44cf4f5ada43,3
1975,03e732eb-08ae-436f-9da3-55a5d7aa4090,3
1978,638bbb8b-e901-4624-96b3-9fa9060e77f5,2
1997,811834bf-0cad-4bd5-9b5c-9db18bcad557,1
2001,0100ebb1-5c32-45c4-baac-34c73f080c45,3
2010,d26781f5-0e1a-41b9-b0ba-b41722e47e45,3
2024,2db7e372-471d-44e8-a9e5-7a4860958ece,3
2031,9d9c91ff-c82c-4974-85a1-4ab8b7d41aac,3
2041,5bd0ed32-80c2-462e-8230-c80f659d7704,1
2053,d9aebbcb-88a3-4e6d-a749-698c8adbcf7c,1
2054,d9aebbcb-88a3-4e6d-a749-698c8adbcf7c,2
2059,4726d08e-c7d8-414e-98b3-efe84a675a9d,3
2068,7b3feb5c-72aa-4fac-ae56-8b3467bcbdce,3
2077,4b82a5a7-c550-4c1b-b7e8-fd76d9c4497f,3
2125,e528f665-8b93-43c0-aff8-35fba6c25028,2
2145,db131885-2859-48b9-8f2c-9f3ad8d1cfee,2
2149,27fba89c-5027-4928-8b0b-547e9a6dccb5,3
2154,4cd7303f-8095-482a-b7e2-cd7dd864513f,3
2157,38e687d3-dc5a-45d5-9307-3ec006330878,3
2165,df3173d6-d083-4a12-aaf8-2cb7084a5089,2
2166,df3173d6-d083-4a12-aaf8-2cb7084a5089,3
2177,6c7c198c-c0ff-4a90-83d8-83b7a9b8a8e0,3
2185,a45f5d7d-5fd3-4de0-a116-d65f57989934,3
2191,5703327e-5b36-4181-be8d-c49a00ec75c5,3
2205,f2dba1dd-5645-4943-a7cb-c0d51cb31bb5,3
2216,afc43143-2510-464a-afa7-576f0e7e3cea,1
2232,dcfdda2a-5ef9-4b59-9526-c5aeba636198,2
2242,8fae02a3-b691-4196-b7b2-57f3359eba84,3
2250,67d98d6a-bdfc-49a7-a822-e41bc2d91c4d,2
2253,032c2fda-d4f7-4eb5-b44b-9ec86cc8780d,3
2256,14b22517-c650-43d9-ad7d-44af6a0e8863,2
2258,0f30b2a2-75e2-4762-a694-0bdb26850441,1
2269,4b7f9a5a-7cee-41b6-ad6c-3ed6421dfca6,3
2282,6de29cdb-784d-4cc3-b327-a3748cccaff9,3
2286,2d9ef4d5-a2ae-4e6c-b5f7-bb855dacd5f5,3
2298,b31c697f-df5c-4ab8-b266-ced098e8945a,3
2314,30ba2cb4-7349-4c26-9a35-420ae2c50876,3
2317,c429d560-af8d-483d-a8f7-f2651552f1c8,1
2332,34b238d6-207f-477b-9443-72e575451234,2
2337,3460e8c2-cf87-4058-9332-77f31c5fcf85,3
2340,b9fc5cad-713f-4758-bf14-7579e4cf0f2d,3
2341,59e26411-a0f1-4382-9b7f-fbd16d41fc1e,1
2343,59e26411-a0f1-4382-9b7f-fbd16d41fc1e,3
2348,f12cb5a2-7939-4443-9650-16004683472d,3
2358,a07d4994-602b-4013-9624-283bf04d9ea9,3
2372,05e61214-f952-433e-b24b-62292c994288,3
2377,958b9e1c-bbf4-46d9-b484-1168384e37c1,3
2386,4d2510b3-24fe-406e-a481-6870529138e2,1
2390,04005a67-7f37-42d0-8427-8edd36aa799c,3
2391,7c6742a7-4a20-400d-9927-8c92bf0884fe,3
2401,1c87b3a6-60f1-4574-8980-4e99469818ba,1
2411,f40f6e58-d165-4aed-9f73-cd61455f72bf,3
2447,2922b4f5-8224-432c-85e4-abfb85cca369,3
2450,0d334c68-4d9c-4119-a836-b1d8f9023c9b,3
2451,6ac1813a-c045-4cbe-aa87-9b74347ad4a4,1
2457,8603082e-9087-4147-ab3c-a8bb73729212,3
2458,32011d4f-5521-4a83-ba74-2da5ebbbaa4c,3
2470,e2306f55-8e72-4288-8e8c-15ce1e69a187,2
2478,032f9740-5f2c-4e1c-b767-42c1afbf6316,3
2489,18110a46-9afc-489d-aeb5-da9b21dfe9b4,2
2491,02a79704-6dbf-4ec8-ab7a-9e9ea8a1b3b4,2
2516,9465caaf-5226-45ff-bc0f-d96eee7d239d,3
2517,27e20e66-27dc-44a8-936d-be5f17658a58,1
2518,27e20e66-27dc-44a8-936d-be5f17658a58,3
2531,6088c2e7-a584-484b-b0ed-e8a1e2045fc5,1
2568,21ea24d4-1ea4-45c7-8121-90552c3cef6c,3
2593,41d7c5fc-92e5-4781-bd6e-53136d9e8fbb,3
2596,d5e1b6eb-df45-4710-89bf-701da50b6b5e,3
2597,a4d36bc5-70c1-4554-b066-8c422ba50e11,2
2643,395ae54a-a6e8-4336-859e-1c2060a86e96,3
2654,4444dfda-0317-48f3-84ba-1ce9e3ca5132,1
2657,aa05090b-a60c-4b4c-ac0a-84f98897ad8c,3
2670,dab41ba5-0732-4bb8-8c11-9bf2a002fd5d,2
2687,24079246-846a-4816-b19c-7ac65eb64955,2
2692,fd25ede6-56cd-44e9-9aed-fa35d0cb0501,1
2703,ddd7cc21-b6b5-42a6-9f2f-0e7ea09a638a,3
2705,2d5a26f0-338c-4485-bbee-b986aa089169,3
2713,f31c4b57-ea04-499c-a5cb-359ad8aa9f3c,3
2714,a105343a-78f4-432f-9b6b-f5987dbe370f,1
2716,a0c71b2a-3e77-4fed-9b6e-0f13e36bc29c,3
2748,09faf81d-262b-47ba-9420-c45d3d6d71a9,3
2749,7692e199-4fb3-4416-b7b8-15767f7f0d50,3
2755,5012402f-81be-4e70-958b-227788249076,1
2761,8938259b-d346-4686-b1d8-3c78241c940b,1
2771,eccf9520-4c1f-4a3d-b7e9-108dda9be034,3
2776,130ad770-4a73-4da7-8a95-444db30c9388,3
4230,ac42f96c-0600-4fe4-a9a6-d866b7962c8b,3
4233,aa7ceda7-0e3a-40b0-b967-ec497de129d1,3
4245,c7afa403-26ae-48e8-a955-69a188d7e373,3
4247,14874481-d54e-4b6e-96c2-8cc75d95b4b9,2
4249,70e062ac-da4c-4d2a-b507-37efc77513ba,3
4255,0671e1da-90e0-49f7-9924-4d53024a46e1,3
4266,aa42bad8-00dc-4a53-a45e-7e40e4691a5f,1
4275,d01f6c51-2eb0-4cd4-961f-41317a86701d,3
4283,9ad6618b-1c4a-48b7-9728-3e0147e74394,3
4293,b570da17-dda7-492d-8fc7-e1bd111b2076,3
4311,dc0555b4-515f-49fd-8265-930e74a1240a,3
4327,0b9635fd-ae5c-4d14-b23d-bef94a4fc994,3
4331,2c35ab10-59eb-426c-9687-dbd02e17ffd2,2
4339,6de46be0-e606-4b68-9144-980ab6a24ca0,3
4407,286b51fa-a4f7-43bf-b861-44b98e201ce5,3
4416,5cf509ed-f09a-46e4-b15d-76b9163cb588,3
4418,c0fb472a-202f-4e92-adc2-0a6ba8dfb583,2
4419,c0fb472a-202f-4e92-adc2-0a6ba8dfb583,3
4424,8008cf50-76de-4471-8116-188ab1713030,3
4431,e5ff8f20-57b0-4882-b6ce-5c2cdc5e1fe4,1
4444,7396fbf1-5c3a-4217-ac5d-87c01ff8eaba,3
4450,39d4cba2-9303-4f9f-920c-17ee9dda5583,3
4459,d80a5ec6-0a07-4559-ab1e-2ae56086fd03,1
4461,36a58157-ba25-4dbf-8fc3-890117c38d45,1
4466,1e441ac4-1194-4e94-b6cd-2178694ef685,3
4475,4d053335-594d-4a62-a8bf-0d02af409e70,2
4481,5c94e6fc-3a61-4329-9278-e8366b6749ae,2
4496,35899b90-c2db-42e6-8f96-6e7d54b6069d,1
4499,15883b83-afac-4cd7-8bca-6a0bcceb5416,3
4504,56f5f5e9-0e6d-439e-9a5a-c1f6dc69a0b4,1
4521,d9569aab-fce6-43ba-87f1-159ceaa03d3e,1
4527,586e3518-9eda-486a-af1b-d3b9985cea30,1
4532,9ea68517-8ba9-457a-8a12-90c111b9232b,3
4537,54b51aec-7a31-4f95-9773-4c85d84f333b,2
4540,aa838a53-e3eb-4fa9-a01e-ce2a9008303a,1
4541,aa838a53-e3eb-4fa9-a01e-ce2a9008303a,2
4545,4490eeb4-3373-4b02-882f-59ce1c7903a1,3
4554,b5d63eae-0f06-4874-9613-e48a9b9912d2,2
4555,b5d63eae-0f06-4874-9613-e48a9b9912d2,3
4567,610e68e9-a38d-4cfc-9af4-d6915775b4a9,1
4576,df2794b1-796f-4e60-bb20-291160d26b70,2
4584,75d7d815-4d93-4840-9364-dacf1c8edd05,1
4589,97d6a46a-3a5c-4e7a-b0d4-0a04e78a544a,2
4599,85bb5887-eec6-4c10-bf94-c22f1267ba78,3
4600,8431ada1-6e04-4ffc-b0d5-4309ef30f55b,2
4602,2ea2beb5-cfa0-43d9-9efa-07af03f5b24a,3
4614,db8ec62e-832a-4473-af8a-a92ee964095f,2
4627,39bc98c1-a907-4ad1-9bd4-8606275f5dce,3
4630,1804afa1-3bcf-4e18-b0fb-190891119b00,2
4632,f6b46b4e-7e80-4ff6-aeae-3a0ff937fb9f,3
4652,c18080db-42ce-4068-b6a0-48fd8249aefc,3
4654,5de31c4b-19db-4c8e-8202-56de51d8b999,3
4908,eeedb5c4-0bd9-4d01-8ddc-3a8b1846f69c,3
4680,f232ba0b-8fd1-47db-8e1f-5368290d8ecf,1
4686,6da50ff3-ec64-4751-9f65-4dbb615012e3,3
4703,4a7966d1-f926-4815-99ad-1572eae43dac,2
4707,1735a5a0-5bdd-4015-bd64-696fc6e2fc93,3
4711,5114f801-e1cc-480c-860a-f45e49a07b99,2
4724,795a8e80-afed-4c41-9e2f-8f01712425e8,1
4726,795a8e80-afed-4c41-9e2f-8f01712425e8,3
4728,114205b4-2c56-41e7-98e2-9463e0db3519,3
4736,b28fa59a-41db-4969-a41d-24cf079d1e27,2
4741,116a1ac4-4da1-4b63-aa9b-7e57e3472dbf,2
4744,b0ce2911-c7e8-4416-a1d2-5a9da39402aa,3
4754,97721131-db1d-4bb4-af22-c1e67ceb7ea3,2
4758,2c0d9b56-cde1-48e4-a353-191e21bf90d8,3
4759,0fbf48ea-3690-4417-b1a1-138c92a73777,2
4769,2940d781-97db-461f-b6a4-8cf2584739e5,3
4770,89659158-dd57-430a-a1f3-79704fc1bdb8,1
4775,ff53d5c5-8834-4eaf-bd76-a9109afbd34c,2
4778,894125c9-e108-4c35-8957-2343f6db4dd7,3
4791,bc79cd53-4eb7-4552-af5c-73ec071fe3ac,3
4808,d11f8cdc-465d-41b8-b069-808542bfb52c,2
4812,0d2c07b4-7ba3-4947-8044-ca0fc10c0777,3
4819,e22d4c42-e6d4-4500-b767-6929f1688b3c,3
4825,00bed8ec-fa98-4e62-a641-384bd65f39a3,3
4827,22cec22f-632e-4d11-bf9f-e065beeae1ed,3
4838,a32d304e-ea82-411c-827c-c54514eae1b8,3
4846,cba8a8fb-599b-41ac-bfda-6e4a8b29329a,3
4849,a4b12bbe-bb2a-4467-834f-1b365e747c81,3
4857,bcb4e19c-9d7e-4de3-b6ea-69d8d6fa9724,1
4861,e5381fc8-b769-43f8-a0b7-99b4a6624b59,3
4879,0b84f8fc-72a2-47be-a371-ed15bb15627b,2
4909,fb9a6c91-c382-428d-851b-793eb3f47774,1
4919,981be07c-2759-4573-b69d-1f233f36bc45,3
4929,de2dd641-5b2b-4a6c-a8df-2ba3e61f3315,1
4948,a3611401-71b5-4170-8589-969b4058b2de,3
4968,6f0fb809-3e30-4c1d-aa29-726b9c85447f,3
4992,08660bb9-a83c-4100-bde5-578898264827,2
4999,ab6f1379-69df-4ae4-92b4-3c566205b4fb,3
5008,95c0fe89-a9dc-4280-bce3-07f39be7b168,2
5011,f4749c44-690d-4d36-ae0f-e2a053cdd73e,2
5016,17a0a858-8113-498b-9342-9f97c26a7c4c,2
5018,38abd713-bce7-4486-bdda-08a5ac491780,1
5019,38abd713-bce7-4486-bdda-08a5ac491780,2
5021,b0b106e4-5c1d-431a-83ff-9ff1b09e4a9c,1
5031,491332e4-cf64-4cd3-a0c4-3d367435f151,2
5035,b4b8d27e-b49f-442e-9293-8efaf89eca8e,3
5049,485d0e7e-ab50-4533-8976-f0a0ce4d8fda,3
5057,5ff338de-eb69-49fb-b42f-5d20a1d24939,3
5063,d6fee2e2-1e01-46dc-842a-50ee13e3987f,2
5064,6b71e83a-697e-47de-92b1-94baea4396f1,2
5084,3e5644f6-454a-4365-bd54-9a05d5b3d5c3,1
5086,e6c6654d-2438-4880-a935-7c4f73a4cd5a,3
5092,9082faf1-bf2e-44af-9cad-830ae24e893d,3
5093,88576545-833a-4f5f-9d89-71ab39f7fb2e,1
5094,88576545-833a-4f5f-9d89-71ab39f7fb2e,3
5101,52a3970c-b032-4e1b-8869-708087bf620e,3
5110,834d9f34-4541-421c-b6c9-b7e77bc84049,3
5120,33ad4dfa-adc9-4045-aaf7-a9a59328474b,2
5121,33ad4dfa-adc9-4045-aaf7-a9a59328474b,3
5124,694caa25-dfc2-488a-bf7f-3d1a435e4902,3
5134,410939d0-6584-47d6-bbdd-ea257d2c2979,2
5155,d1a665ba-a995-4e75-b519-609d5832d05b,2
5164,ada9ce5e-82cd-4bbf-bd6e-26a6ba87e59a,2
5170,ebb393d5-ad50-4592-8ed2-cffea158572a,2
5202,58ab0a84-100f-4e44-9dd7-d9bae5f70bae,3
5206,07ab0cf2-a952-4f67-865f-fa4898bf84ee,3
5211,9cf05035-2a89-4f0e-b9c8-d995073ae571,3
5213,3c4d611b-40b3-4ed3-af08-dabea527e44e,3
5225,23e8fd31-b411-4344-a216-898548eb68eb,1
5232,06f0885d-b787-4f88-8089-7505e5e6dabf,2
5263,6bd2f799-9068-4a4a-b0c6-aa4a88043877,2
5274,86b44552-e1b1-4e43-8ca8-838da0c70457,3
5282,d68d6e61-b4f7-4b00-8b8e-d239ea4a03b7,2
5284,e93a13f2-34e0-4ff7-9398-629db16fb101,3
5295,857c3aea-1129-4af1-8fd7-144527ec9fb3,2
5302,e7a1a73f-4679-484f-a435-8fcba932baa0,3
5306,19f3fc49-8b56-429d-8ea0-7e2b5071cde5,3
5323,2b8bea40-f315-46e4-a022-b9afc2ef624f,1
5373,2f4b5645-70b0-4623-a7da-66e0365d5f3a,1
5376,bf8f8949-cf49-467b-ac26-39b812c5e09c,1
5383,7314d1b1-a7ed-4c63-be3a-127ec9945e33,2
5394,be2ad136-168c-4709-8e66-daecd1ae4d04,3
5398,1fdcbf8e-1c65-439c-9d26-b3ebe31e5d27,3
5399,a9cc6983-86bd-492d-9a8c-2224d31797bf,2
5405,23347195-ec9d-41ae-9b83-654f437b7efd,1
5408,72615552-5608-43a3-b707-6779a82a5b1f,2
5419,cb38daea-5e92-4b4e-8db2-fb8ec239b853,2
5437,21cdb5c7-5d87-459e-888e-4819e4bb49d7,2
5441,52f521b7-6e60-4d72-86c5-c6ecf3939782,3
5444,a86cceb5-f2c6-48f3-a09e-b79436598f5f,1
5447,eff1566d-8a5d-49ab-9483-90107b552931,2
5451,3c9c13d6-7527-4315-ab0c-d843009dbe64,3
5452,e1d6d194-3f27-41ab-a633-69207b17a006,1
5454,09bd7388-0344-4b57-8712-239b3c65d848,3
5458,f16ea72b-55cb-476d-8add-7ffbe524ec20,1
5461,db03f126-e6c6-4061-a7d3-0cda34cf03a3,2
5472,8af19b20-2ea4-4ddc-ad76-e20560755ca8,3
5480,f98b9d16-3d1b-45e4-b002-ca7f06eca5ed,1
5481,f98b9d16-3d1b-45e4-b002-ca7f06eca5ed,2
5482,f98b9d16-3d1b-45e4-b002-ca7f06eca5ed,3
5510,98a80810-5404-4b7a-9ca0-ff4f570719df,3
5515,964a3119-96ff-4344-b1ad-3f05d7babefe,3
5525,6331e6ae-3c85-42c2-b2c7-b5d022b81926,3
5526,9649374b-811f-4f0c-81c2-c38fb1d8d30f,3
5532,984359d8-0a8a-4027-af7e-a0ad54ea84fb,3
5535,8f8942ec-021d-4b82-a2e2-9f43c7a6384d,1
5540,e21b8d44-35fc-491c-99ae-97a621b32ebf,1
5544,6835fab7-c804-472a-9046-18da0e35a82b,3
5548,df240ac4-bf27-4195-a02b-88fc62b77972,1
5552,5723aeb5-91b6-455a-b604-a02e8b27834e,3
5554,0ab4580d-f50c-4438-8e57-b89a31cf64f1,3
5556,68c0605f-823e-4730-83d5-195c92b38ee9,1
5593,bfbb12fe-f3be-4ff6-a1ad-210cdddb3a73,1
5616,a0a15366-4f96-420b-a718-b2d3aa9ceef7,2
5636,b7f6eba2-3a6b-406b-9703-74c9abf35090,2
5637,b7f6eba2-3a6b-406b-9703-74c9abf35090,3
5640,54036515-b8e4-4d59-b14f-5df967530a86,3
5666,787af3af-eade-4e05-b7fc-1eaff13d36bd,3
5680,fa33299e-5101-451c-9154-d85c1008a058,3
5749,76c54854-fb13-45c1-8799-eba04b0b001e,3
5753,64fb95c0-a1f9-4871-a03c-eb61f5f94dea,3
5765,edb63308-e021-4be9-9cc1-04338dc05e91,3
5766,767fba13-4adc-482b-a9bf-7ea1bf92e6ae,3
5768,49c78976-ffc2-4fed-b4ad-f556b0c90fa9,3
5781,f0c6f584-2532-45e8-9e8b-53d0bb0a69b6,3
5782,a85f1472-4eac-4688-8280-3279b2f40e80,2
5795,6409f5f0-2fbf-42b3-a08f-7eba838cb1b9,1
5799,3fe8d4c9-bc99-4dfb-86c2-d283614f132a,1
5802,7089d739-9975-4f6d-b139-74e4d6199583,3
5808,83b20cc8-130c-471c-a0d5-69c73afea1c0,3
5818,15ca078c-faff-41f1-8137-324a8210c0ed,2
5824,a0cae8db-56ab-402f-98ed-86dbc0636a9b,3
5832,72d4e1be-bbeb-4c41-9c1e-f0238e100589,2
5833,72d4e1be-bbeb-4c41-9c1e-f0238e100589,3
5834,ee2dc6b8-c393-44bd-8337-d6ec712a418c,2
5839,820809a5-478d-407e-8950-6486d9dc4b44,3
5858,7e7fa69e-46d8-4d8d-92db-4387416bdc1f,3
5865,49945b67-a191-449e-8308-aa9ca8958304,3
5866,35d4f9f8-462b-48d0-9178-db4e306011f4,1
5867,35d4f9f8-462b-48d0-9178-db4e306011f4,2
5873,939beda1-d8e7-4c61-a84e-e23c0bbcf6d6,2
5875,9f2b973b-0924-4ce6-ab4b-7b4253ef2a60,3
5878,268b2ce5-6b79-42b3-a4ba-886c0042aaad,3
5881,789dacb6-afb0-4c20-aa33-15189c9aac84,2
5890,f0b7a050-ad28-42cb-90e0-392bfd69e62e,2
5896,66589354-a0fd-4e70-8a3c-13e635544f60,3
5898,3bb8a91f-f948-4b56-a386-84c689a4a035,3
5906,39db5dcc-125e-4249-be0b-f16964019050,2
5916,ced58d44-96ee-4ca4-b403-a41b8b37f731,2
5924,6d808ffc-4982-4d04-a8ce-d69301f86d14,2
5925,6d808ffc-4982-4d04-a8ce-d69301f86d14,3
5928,1e7a6a7f-67b2-403d-8d05-a560c9b97032,1
5938,cd3092a4-5f86-41f3-aa66-49233a5fe06b,1
5939,cd3092a4-5f86-41f3-aa66-49233a5fe06b,2
5945,c56dd665-d04e-4cfa-b258-c6ff447a262f,3
5953,08e7235c-e211-45db-b321-0ddcfb988630,1
5960,78ff1431-e7f8-4ad8-acd7-725b896f1c51,5
5961,d667528e-67a0-426e-b469-b2e371520acb,3
5966,80b86d01-a078-4d10-90b5-e2fda5e46ac7,2
5971,84c478b5-911c-467a-b5d1-24c8a5bfbae9,2
5975,70fd0784-8bda-4273-95d6-86e539d0e669,3
5982,643fcd71-329d-446a-98de-e3bbc4602383,3
5993,25df2009-9d15-480b-9fa6-5495eeba5657,3
5999,764cb59c-5105-4768-9f84-a7e9a23f1110,3
6011,52089402-fd7b-4234-bc48-9938260c7499,2
6016,e6caab39-368b-43a9-817e-2b7f84b4fada,3
6029,753fc0a5-3f74-40c5-968f-1ba69bb30caf,3
6035,30f4c945-1f1a-42e8-ab0a-309ccfd98435,3
6036,793b9237-2cd7-4dd2-9c5c-492bc1ea90c3,2
6055,7e0b200a-d972-4a6c-9d6f-3d1b9beac77d,3
6063,4bf5ae26-7bb1-452d-8449-ef9b4e4c9f5f,2
6065,4bf8bf8a-4d03-4dc7-8f5d-3f30d03cb616,3
6075,94d11ace-aa59-4f34-a5d0-cf70807d7fa6,3
6089,c8924bbb-354b-4d6e-b63e-99e8e3deb048,2
6093,d520bbec-5c4b-4916-999b-f24620c789ea,1
6101,a5f5c4f0-5415-4acf-b93e-753384b9d5e3,1
6121,f85eae8c-3743-4c46-9569-b28bda3125e9,2
6124,ffddf589-ae4b-4830-ba29-a852391b7dd2,1
6125,ffddf589-ae4b-4830-ba29-a852391b7dd2,2
6129,5807cae1-1606-4ab2-99be-5781d9e264b3,3
6130,a4186c1d-db60-4c5d-9a1e-0744224d07c9,1
6132,a4186c1d-db60-4c5d-9a1e-0744224d07c9,3
6134,edd0f876-7935-4535-9713-692a190f36f2,3
6149,0121a9c9-624b-4c0a-9f8a-c1fa8c74ea53,3
6150,1874c075-c7a2-4308-87f6-e0734046504a,1
6151,1874c075-c7a2-4308-87f6-e0734046504a,2
6153,708a332b-b6de-48e8-abdf-f4300014f663,2
6194,4a631615-dc58-422f-be3a-a205507cab65,3
6207,15eeba77-4c1d-4eb2-8fb1-00c1e9419ea8,2
6210,05f7ceb3-e638-4bba-baa5-642ca8862b14,3
6213,c77155b9-adc5-4bc2-87f9-c5074083310a,1
6232,46e2ead5-2df2-440b-815d-ddd30ac653f4,3
6246,7f1189de-ceee-46d6-9fa7-030b1a988fbf,3
6247,3987028b-e36d-4e96-820a-47915c365e2d,3
6250,a2ddd36b-7184-4e11-910e-297cbfb5df8b,1
6267,0e239b49-f0a5-4eac-b364-22dfbbf7a591,2
6278,8dd6ade4-4484-42a0-a280-37b7402aa250,3
6304,8650098f-8738-479c-975a-56e17b148681,3
6307,dbb7f185-dfde-4c1a-ae74-af83a83002c4,3
6329,f52a0f7f-37db-4dc8-8fdc-91a0d6d5e2b8,1
6330,f52a0f7f-37db-4dc8-8fdc-91a0d6d5e2b8,2
6344,2853cbe8-9a18-4438-8299-988fb749f61a,1
6355,d8bcdd86-c71c-4894-8e9e-53c9830553d2,1
6366,4f33b36c-7f5c-4035-8a7d-4c7b1a93b9a5,3
6371,c921fa3e-bf66-4fd3-afdf-ce61188f1379,3
6374,cad1dea0-33fb-4744-b7bf-7e975187d9fa,3
6375,1ea087fd-49fb-4f84-9631-8f7edd0151a1,3
6377,5fa83967-7778-41f1-a499-ab55e9bf9473,3
6379,7a4cd10e-05ad-48a1-b192-690fc11f6fe2,2
6384,7edf7489-b591-4a77-80dd-0367bd435e15,3
6393,f83ee7b6-a6ca-4125-a485-7b1d0f3aaa4c,3
6413,4b3a2b47-bb2c-4280-b9ea-0a3be4a715b6,1
6418,a677bce1-65b6-42ba-9f85-12546012d3fb,3
6445,6806f25d-6d42-484a-b94a-d29c7c408cc4,1
6454,b9816141-b863-4f05-8c4f-b2026c626f26,2
6458,c26f3c69-af52-4b51-a0c9-f1abd6f0dc8d,3
6474,02c3ea4d-871e-4d18-a1ca-67a60b5d05d5,1
6475,02c3ea4d-871e-4d18-a1ca-67a60b5d05d5,2
6478,d84a3e93-3e3c-4e5d-911f-88fa1650755c,2
6491,5cfa0b96-e39a-4540-97bc-c5bb96252d72,3
6495,b084aae0-ac58-4b8e-8818-2e855a9391d9,3
6496,ce0c3d16-ef4c-4a44-b570-94204907cde3,1
6501,d2c3c4ac-5cc8-4dc6-8641-44f7ae9dac4c,2
6504,b777fb02-f34c-45e0-86d6-5171f361a9f0,3
6511,03757686-d5e4-4875-a461-f2eed1527a41,3
6520,4406673a-004c-449f-aab1-32ffe1ce17ee,1
6522,4406673a-004c-449f-aab1-32ffe1ce17ee,3
6532,7db0347d-6465-40d2-891d-32f0b1873e36,2
6546,ccc8e095-ba4b-42e6-b1a6-f51b6e977bb6,3
6576,7f0abf56-6dae-4276-9222-71982849704a,3
6596,612519e1-0fbf-4b2e-9ab8-551719e0586d,1
6609,7f2debe2-e905-495d-8477-d7be3d4d238f,2
6617,882b74d1-d915-4d29-8c18-07d8a4df9459,3
6620,a0c26c40-5998-4697-8de3-6ded5a4e1b72,2
6622,f121319d-d22b-4265-8335-838ca6d172cd,1
6625,357022c5-1cf8-4591-aebb-a4a1cd407d7d,1
6630,c26af807-147a-4658-aece-10c607e3d4e7,1
6632,c26af807-147a-4658-aece-10c607e3d4e7,3
6640,c835d6b7-bc3f-4b4d-aa84-2f08e6aafbc9,2
6641,c835d6b7-bc3f-4b4d-aa84-2f08e6aafbc9,3
6648,17259aa1-bd21-4597-a5d3-ecc17c23e625,3
6667,b0870a8c-19b0-4993-83dc-99281e55d1bb,3
6678,12b98073-1206-4581-846f-0b1230c5b6de,3
6679,ced61e93-75cc-46fc-8e8a-43dfb3392b74,1
6683,1738645c-83c0-4a45-ad32-ddc709498cd6,3
6712,60461179-3307-4b69-8527-0ca03bc1c72b,1
6716,976a8af4-a61c-4efc-8ee3-d34bf4279f75,3
6753,a34fbda3-8bea-48a2-a5fc-2cc971693877,5
6754,572a819c-deea-42f1-9be3-2b805b6e5a30,1
6761,5085bb66-8226-40af-95bf-cdc0a75bb9bf,3
6766,4ab81094-d0a1-46b5-bf32-8e926c70dda2,2
6773,3f5ee0b4-46d8-44ed-b632-752d4bf21fbc,3
6783,3e667b7e-386c-4020-99a0-2d208c68f7a4,3
6808,e2b47524-e36b-487a-9416-4f805a1e4aab,2
6810,08768347-8108-4a1f-8aab-4296b1da1120,1
6822,6bc3dc73-1873-44f2-91a3-cd1de73b8a37,2
6823,6bc3dc73-1873-44f2-91a3-cd1de73b8a37,3
6824,907c9757-d458-45e4-86ad-369db8544876,3
6846,3835cb8b-a0a1-4c54-943f-6eb2bdcab049,2
6851,bd0b3821-429e-4415-b5ad-3d626da1ede6,3
6858,a3b41375-39dc-4a5f-a89f-b24948ca62b0,3
6877,31d6ce07-716b-4d58-b8c7-33952471c04d,3
6881,701c2e32-7b57-4422-aea3-ec9ba1168ebd,2
6903,94bd8a80-057f-47cb-940b-bd512e08f4a1,3
6907,ea23e110-4fff-4c71-b5a4-44191b93c217,1
6908,ea23e110-4fff-4c71-b5a4-44191b93c217,3
6922,2a351e0d-c892-4946-8ee4-07655dbcc8cc,3
6928,15e3dbbf-6d5f-478e-be61-ed5b91118b87,3
6942,da6b5e8f-87eb-4759-b293-80d08eb0ba91,1
6945,9277053c-5e33-4ed5-84c8-beca67d71cfb,1
6949,99f96290-0fa6-46d4-bfc0-2a16ba80985f,3
6954,b7823bf8-e4bf-4342-ad59-bd192de82f71,3
6955,b2888212-2545-40c0-ae8a-392893a77a97,3
6962,a44dfb6d-699b-4fba-9ab9-301a38269394,3
6977,86742022-f2c4-4aa6-b0d5-58651433938d,2
6980,e83d17ad-1a1b-4954-94cb-51a172ce600c,3
6984,a54b7463-dbec-4b71-a558-b49d56c306ee,3
6991,72af7e6d-c6c9-4af1-a4fa-e76df592d3b5,1
6995,5ffde7a2-4836-401e-bfbc-8b8b726de777,3
7011,e123a7b4-565a-4702-94d6-10450e073bb5,1
7017,04d831cd-5710-4315-9351-fa6a107545ad,1
7018,04d831cd-5710-4315-9351-fa6a107545ad,3
7020,c8489d60-4f84-47ec-88ce-ff64a6dfd400,3
7023,6fbebb1a-022d-4ef9-9a29-250824ec038f,3
7025,d04a56db-0f7d-4320-a317-2a7df814a76d,2
7033,8d617fc2-fe15-4649-8ce8-98bc7ff96f9a,3
7034,215d8128-f162-4ddd-b825-63a8f2ba9860,2
7063,ca3ca120-f940-48c5-8da7-f454ec7c5899,3
7087,304eb3fd-55d9-423e-b6c7-396a4cfb90ea,5
7091,3df35c51-47ee-4618-8864-f241378c87b7,3
7031,4075552d-863e-4534-aa6b-136cdae3da32,3
7050,d9e18c2d-bc57-42ca-a085-112a4435453d,2
7056,24c94d0d-9715-448e-889f-00e3ae90f4bf,1
7059,8ea582cb-6f87-4bfe-8cd7-eb270b2fb260,1
7075,47ead8c0-2d36-423d-8ce2-4a378861ef14,3
7077,0b474765-68cb-4a77-abdc-e88c77afc5f7,3
7085,ded456cb-5d60-43d8-bd33-b569cce33735,3
7101,fbbc3990-a789-4913-bd63-30628f3fa7a9,3
7103,7fad4d13-e148-41a1-a4a5-a8a3985e8f36,2
7104,e3f96023-5e86-4bd4-82ed-a29b03e0bc22,3
7111,221d1946-afe0-429f-92b6-8d7b4a10e642,1
7115,21805010-0cfc-446b-939f-8989e0af8f64,3
7124,c467d370-11d8-40b5-958b-dd3e0fa5c0ab,3
7125,4ae475d6-d3cb-4ca0-91b1-2bd777e87663,1
7136,4c43f614-9a68-4d01-b906-643b87a5a3f7,3
7142,81b4387c-2ae2-4e9c-9723-c7646d9fe054,1
7146,57e71779-bd2b-4125-a8f1-00acb45fb1b6,3
7147,e8935e61-dd9e-4d98-8118-65fb46d57fe6,2
7152,31f02bfd-e27f-4f30-a118-f88c94a319f6,3
7154,483e0006-0958-4a05-876b-74337d3c6c10,3
7156,07286d81-3229-47ce-9f25-ef34172bee6b,2
7162,f66431eb-408c-43a0-80b6-d2b663131205,1
7169,d9a09432-70d6-435b-9b5b-2c8f1e3987ef,3
7171,6ff231bc-9ee9-46e7-8b9f-543c1759ff89,3
7183,54b7002a-ecbf-4fc0-b748-f84237a8fb4b,3
7186,4c582ee3-4552-422e-8d3c-43af5d742aa4,1
7194,cebd43ff-88db-4465-a88d-d4ede085d0da,3
7196,63d56826-890f-4d36-96bd-db7833a7db0d,3
7204,de77f477-91a9-4bb9-b8bf-b7f8330cc6ac,2
7205,de77f477-91a9-4bb9-b8bf-b7f8330cc6ac,3
7219,f28cee3c-e948-4b55-a78e-0f65232ee4ed,3
7230,66b5c77d-399c-4d46-965e-6496b745f02c,2
7232,46c958c7-a50c-42c6-a2c5-41d129bdf0bb,3
7237,94cbd2a7-9823-4fd1-bf85-da8fe66f4eff,1
7243,e7bdcf58-661b-483b-a334-32b0ce63095d,3
7245,6345d4f4-ac8e-4d1e-8973-21056a075d7f,2
7247,8bb5dbef-bd58-4bfa-a133-8a2019d9349d,1
7260,63429243-7ab1-474c-aaf5-209e0c9d8a0a,2
7273,05016a4b-d076-476c-a277-feaded675936,1
7284,581337e4-bccf-40b5-a95a-b625d8a0f388,3
7285,4fd56f5c-2f27-460f-80c8-5c6148690114,3
7290,ffd9fc89-2333-4859-9123-dff45dbb1ecb,1
7292,ffd9fc89-2333-4859-9123-dff45dbb1ecb,3
7316,de122e80-9b90-469a-a134-fe2d32715824,3
7325,501f8982-15a8-463b-9d10-37b29309cd03,3
7327,e39fa8eb-2b17-43c7-a479-82ea5c5a7e75,3
7334,758f5536-5ee7-4c3f-ae23-4222bb79faa0,1
7347,aa61bfc9-fe73-4e2c-a147-e40e22b7c2aa,3
7367,2c8bae3d-6656-4073-b7af-df3f66ef5bfc,2
7372,ab3bbb86-e141-4a01-b978-431337c6130b,2
7385,9fa78310-7ea1-49fa-a52c-d58389f3f754,3
7388,6ae82b85-7a0d-4b98-9231-1c2c68c06d6a,3
7390,3e037232-2972-497a-984e-0898e0eef50f,2
7398,59e0da3c-fb97-46a7-bc11-23e9e2d527a8,2
7413,6c27155a-5887-429b-806e-9fa08a4799a2,3
7422,8836e8ef-40c1-4604-9272-9714a2b157c9,3
7427,221e588e-0edf-4473-b008-63114513711a,1
7428,221e588e-0edf-4473-b008-63114513711a,3
7445,dd1790d9-84d7-4ac1-a944-c48c5f062ac4,3
7458,38be5228-3745-4a75-a77a-17d5a260f15e,3
7459,c3bc2539-80ac-4dd6-8911-6a6ca3bb8e3f,3
7467,561cca62-f043-4ae0-8f3b-9d6323003fda,2
7475,1d875eb3-63dd-4a17-b630-7b4afe3f51fd,3
7479,caac89ef-7346-4313-9469-cecd145c17f7,1
7486,483fab7a-ceab-4645-9d0f-a7ef9b5878f6,1
7527,38cafa0c-ccc5-440e-8f71-9b33eefa8896,3
7528,05b4ab3d-8a14-4364-bd9c-865993bcca19,3
7538,e27afb10-3459-45e0-94cb-f159ffc4a806,3
7541,84020cc8-758c-4eeb-ad8d-9323aeb64bf3,1
7547,0085a241-1ad5-4f15-871b-a4720e6f0b30,3
7559,cd54c52a-e988-4cbe-8259-2dc5831c779e,3
7564,b3fb6653-33a3-4828-8c01-ee00a62cbbb4,3
7567,ddce8dd0-01e6-4bb0-97cd-4e27778e8015,3
7576,cffb1b86-7608-449e-98b8-fba3a4ab95f3,1
7577,cffb1b86-7608-449e-98b8-fba3a4ab95f3,2
7580,f1b190ea-5c95-416a-9492-9d0328ea7ccf,2
7584,11448f8e-0fe3-4e81-929b-9ab54ab2292c,3
7589,50d7a981-d431-46e5-8629-64d5756f5c3d,3
7595,61c04204-0611-4a79-a851-69224f067349,1
7603,e7810d39-1c5d-42a7-b189-c0bce1f1d367,3
7616,8f06dfc8-4941-42ee-9cc5-15b823d19ee9,3
7629,fd2ec7c1-b30a-491d-9c24-c8f3742ea274,2
7642,8a1be495-bfe7-41e4-ac8e-5afa21231dd7,3
7643,2b9f7735-fde0-46da-a4be-975767f99e42,1
7648,2c675cec-c436-419a-85a2-f68f4f572ce9,3
7669,6caa32ea-ee8b-4241-8c04-02723dbff460,2
7671,4414384d-4879-4c52-9533-b02dd72a72d0,1
7706,54278fea-2f2b-49a1-af0b-e09bd8dac4ed,1
7711,09f6248b-9af3-469f-9bd7-2cc96ff6dad9,3
7722,5f49b063-0b18-48ad-8a16-adba00ff541d,1
7723,5f49b063-0b18-48ad-8a16-adba00ff541d,3
7762,7b8856f5-ab68-4934-815c-2cf8582c5769,3
7789,4eb16759-af4f-4c89-8d3b-e9a635fdc5e2,3
7799,3dbe6a40-90a7-406c-a543-bdadc120497e,3
7815,41370fbe-e31d-4e5b-a938-8d995970b013,3
7817,15bf9dd4-b2cf-4e34-acfa-e037ce099e5e,2
7820,1040f1c8-227b-43ad-8246-c428f4fb7ecb,2
7826,23e6d347-546f-45fe-8499-c14febdaac9d,3
7833,553fc05e-921a-443e-bf2f-fa57c2bdeb01,3
7843,fc2a2940-601e-4fc8-9010-56f941f59e1c,3
7856,5792dc9d-8025-4a5a-968c-c420af11a65e,3
7865,7b78cf32-d4aa-4ff8-9846-a4463962666d,3
7869,b641a56e-f54f-4852-b2a0-ade00e4fc37d,3
7890,a4575e2f-aef2-47a9-9538-00c4cccd6d86,2
7891,a4575e2f-aef2-47a9-9538-00c4cccd6d86,3
7900,de506b33-2db3-4065-ad84-9789bf8172a9,3
7901,5705decc-2844-43f2-a1e1-453a32f1d20b,3
7915,60abedb7-cc97-4e24-881e-1d6332d2cca0,2
7916,60abedb7-cc97-4e24-881e-1d6332d2cca0,3
7918,073fb172-f090-4530-92af-55b04c8a8044,3
7933,234d72b7-81dc-4608-9829-d95c78c18dfa,1
7943,aa0732ad-15d5-4e96-b23d-12cd3767a503,3
7958,31dec96c-3a16-4d60-8a32-5a6c791a3265,3
7962,7b9a418f-3977-40ca-8b36-d2e99dbc9bf0,2
7967,20c4e42d-bee9-4ae2-a35d-023e0bbabe72,3
7989,423b60af-02d9-4eee-8a2a-b155849c103c,1
7992,630343f7-9bdc-496c-a92d-463fdb1f5df9,1
8008,d632e0cc-456b-4b21-b77f-9242c1312ead,1
8038,d6206a6d-3e84-43ae-81f5-27a420ed2d61,3
8039,df3f4fab-3f21-47a0-95e7-110d556508ac,2
8053,3e3769d7-c377-448d-bcaa-7022aed7f96b,2
8069,fd247617-e597-4396-9cb6-6ae14f661c0c,3
8073,9b6edec0-a383-4235-8d42-f6bf61851220,1
8074,9b6edec0-a383-4235-8d42-f6bf61851220,2
8079,4bd9f95d-defe-4c02-b28f-f53c0754dd38,3
8081,82176f9c-1b76-4e19-8afc-915810b183bb,3
8088,0a45dd79-9459-4202-9714-73bb6650675b,3
8091,f284cf4b-fb15-48b8-9e2a-b499b4505bff,3
8094,702047b9-928f-4b50-9781-b79bcafe066b,3
8098,8d2a50c5-a72b-46f3-b82f-00d021041c0d,1
8105,2ece834a-af98-4e74-9dc2-c2f267495808,1
8111,425e91c0-a28e-4f51-a918-26b655e300b0,1
8121,e9246788-80d6-4638-84ba-c52165e68577,2
8131,bd1afac6-d0d6-4a2b-850d-736fedd33979,2
8143,92b6d982-74e8-451b-90a2-20128b5924a4,2
8151,79355081-1dc4-4875-9bc6-ed40319e7cd7,1
8181,9dd2dba5-4107-49b6-b17d-92a24c71de7b,3
8198,f562a976-5fd7-45df-a8bf-c764cb735ef5,2
8217,b9b87edc-f924-4dba-931b-7d16a9d72e67,3
8219,ec395d87-6548-4a7d-817b-b8db2b276030,2
8239,b0f32552-f303-4fa2-8f01-7f5f5cc35255,3
8247,e40e1c05-b5f6-48c2-a8f8-b5d39e1b117a,1
8253,55e0d26a-a7c1-445b-a9a8-a429b3486d5c,3
8261,e0f604e0-ab49-47bd-a1e4-8924ca990107,3
8281,c1db2bfc-9058-40ca-80c9-d32bb964317f,1
8287,a4acdc8a-d76b-4d83-8ff6-6b0e90f235d8,3
8294,2980890e-c9bb-4b72-983c-c48dc677819b,3
8298,95f0c372-2f64-4519-be7d-9f87d13b25b2,2
8301,d500a941-0b3a-465b-8b21-a08af75efdbe,3
8304,736f578d-4977-493e-8392-571920bf4994,3
8317,de27ca7a-5eba-42e4-a1c5-02fb7bb6a64f,1
8326,13082d1b-f242-4db3-881f-4ff7ecadc53b,1
8346,268412a4-d66a-4285-a327-bb81d59cc47f,1
8358,e27e5d0a-8cc6-469c-a53c-d4e281846211,3
8389,27e039ac-03c1-440e-8fec-63dc8303df47,3
8396,cff87716-750a-4fcb-be16-9b5ec9b0d805,1
8404,4571f2df-db63-475f-85a3-20e440d4bb27,1
8406,4571f2df-db63-475f-85a3-20e440d4bb27,3
8411,c619b6aa-c25b-4a16-a1fa-6d85dcefc9bf,1
8419,35b1adc1-c700-40fb-a413-c854b5bd4759,1
8428,3b5c0bc2-9e8e-4e24-9932-388621685e8a,1
8430,6bbb1e43-722a-41d7-9567-69d04b2a86a3,1
8433,7c8abc0e-45af-468c-b0b3-2f7ce8c1265e,1
8452,7c1b2f9e-232c-40f1-a9b0-7c9d262ed6cd,3
8454,49c065ef-ec4f-4e27-b253-70a04e105aff,3
8456,567da474-9322-4ee6-9556-f28f28afeb14,3
8464,0c8a2d25-2787-45b0-8069-f496ad7cc5e4,5
8468,1b849fb4-ee2c-475c-a36e-33d5be16ee47,3
8474,30b31686-a798-4621-a785-4f4ca55bf54b,1
8476,ca3b330f-5fef-48ee-abea-de6d4b219978,1
8482,7fb198e1-d522-4013-a243-0176d0f8a2e9,3
6702,116cc035-9382-46d8-9217-1544baecafe0,2
6707,254850f0-ef9e-4911-89a2-dfb983e822d0,3
6708,a848c161-b09a-43fc-884a-a9779377f8fe,1
6710,a848c161-b09a-43fc-884a-a9779377f8fe,3
6734,ba5c17b7-43db-4d96-b866-d951eb05983b,2
6743,1cd6b140-d0a0-4b39-a56c-bcf93712bf5a,2
6750,a34fbda3-8bea-48a2-a5fc-2cc971693877,1
6752,a34fbda3-8bea-48a2-a5fc-2cc971693877,3
6762,7b30036e-b777-42ce-b35f-e90b7c092de8,3
6769,5c246287-aa7a-40cd-8963-8667c121d8cb,3
6774,dba00bb9-fedc-4788-8f3c-43941718b546,1
6777,cbf1852d-203f-47f6-ba18-7c114f7aac02,3
6779,02d5c188-d41b-4518-b32f-46a64f091a62,3
6794,28bc306f-5863-4655-8143-ccdc00a1b6d8,2
6812,3b83b5b6-2a28-42e6-8b1e-f49cbc459ba5,2
6815,f19d64f5-297c-48ec-983d-5bf12a300e40,3
6826,0a64a6b5-9ddd-476a-a312-4a051740abf4,3
6841,023a5f71-e9d2-477d-996d-8e9a6036941c,3
6843,7e9220cd-b656-4292-a32a-75f1dba27683,3
6845,cedcde13-57eb-42e1-8c7f-ba87b8bf3abf,3
6847,758a8328-ae16-4dc7-bdfd-138e628b7736,3
6849,2aaeb971-6ad4-46bb-b3d1-3341d1d9f029,3
6860,1359de85-7674-4754-98e5-d1987473fd70,2
6862,98c99cb8-ffdc-413f-8394-1bb955cc8b6a,1
6869,a7a55b38-fefc-4d25-bfe2-e543842fed79,2
6872,018bc549-374b-4aee-8c6e-cda6297a0130,3
6888,fb459a9b-2423-4783-b690-aa86a4ae74a8,2
6892,51ed6b94-2aec-4621-bcdf-e2aaa6a7f3d4,1
6901,2ce81e7d-5a87-4661-b4fa-dca4715ba1dc,3
6912,4fdc4fea-35ef-4b68-976c-fdef421c5028,3
6936,1aafba8f-0430-46f0-a592-7ef9740d90b6,3
6964,6f373c1d-db2c-4a1b-88b6-bebcb82112fc,3
6966,986f7861-fb35-4143-a257-eaf8a291b356,3
6969,5f1ed3a5-fc94-47f5-824c-320cff726561,3
6973,826d8559-b754-4238-bc46-c9d4f019af3f,3
6978,86742022-f2c4-4aa6-b0d5-58651433938d,3
6981,b86db1b0-859a-47b5-b0ec-94fb52d651d0,3
6982,a54b7463-dbec-4b71-a558-b49d56c306ee,1
6992,72af7e6d-c6c9-4af1-a4fa-e76df592d3b5,3
7007,30e56a5b-aa56-421a-86b7-3802092d0d7d,3
7024,d04a56db-0f7d-4320-a317-2a7df814a76d,1
7044,90fd3a1e-0fab-47d6-a284-b82a8003f420,2
7052,15e473d9-ee98-4806-8332-670dc3728041,3
7057,24c94d0d-9715-448e-889f-00e3ae90f4bf,2
7064,cefe53e1-4e7c-4fb5-ba8a-49616346c4a2,3
7068,90a38152-ded0-4421-be98-424f517086a3,3
7070,9fbb1d95-a83c-4417-ad69-f73dbb2ba67d,1
7081,0b13a28c-0b32-46f3-a9ec-59ef64773b30,3
7105,810ad898-fc46-4078-80ce-2794e8a6bada,1
7109,c75f6b06-3017-4652-a7b5-bc879470aba2,2
7127,4ae475d6-d3cb-4ca0-91b1-2bd777e87663,3
7128,752f8db2-a569-4b0f-b46d-6c54e9838d08,1
7153,6102cc42-a17a-403d-82a2-bc14be8de505,3
7155,035c07a2-9a36-496b-a067-92fcae813db6,3
7167,d9a09432-70d6-435b-9b5b-2c8f1e3987ef,1
7168,d9a09432-70d6-435b-9b5b-2c8f1e3987ef,2
7180,5ae663e5-ec36-4a33-b528-c92bf8b8c10b,3
7187,4c582ee3-4552-422e-8d3c-43af5d742aa4,2
7189,dace7ef5-426d-4514-8d3a-b970adb3a3c0,3
7191,ffa862f7-8b2a-433c-a1f9-a7a82a03e49c,2
7195,899d06d6-2f36-4af6-b89a-8af95b29f471,3
7200,cba4ed80-7891-472b-af4f-b39dc737cfe2,2
7206,c517fd66-5c8d-48d9-b7c8-342aaa283eb0,3
7209,96cec130-2659-4a59-bccf-958be28828ac,3
7211,36e64bc3-eea8-408d-8941-f06d64bc9b98,3
7224,2adda1a1-9d5b-4460-b396-e99ff9837109,3
7225,483eff32-5203-45f8-b280-95e695e61a39,3
7227,e76d845a-c06a-412a-84d5-a114eb34503b,3
7249,8bb5dbef-bd58-4bfa-a133-8a2019d9349d,3
7299,7b7f135a-f1e6-4a4e-a3ee-d76a417d9716,1
7304,6bc12f9b-0465-4d1c-a8ff-15f3d5345b0b,1
7320,ab5ee011-d032-4d77-91ba-467169a33678,3
7323,501f8982-15a8-463b-9d10-37b29309cd03,1
7349,04c100a3-1494-4713-93c6-59aa5c056be6,3
7353,eded6e98-c78b-4936-81d0-1bb35afe363c,1
7354,eded6e98-c78b-4936-81d0-1bb35afe363c,3
7362,820c6768-7430-42e2-8d3a-36f45ffff28d,2
7365,e32733d4-d7b1-40db-a4f1-a405ea1a92bf,3
7368,2c8bae3d-6656-4073-b7af-df3f66ef5bfc,3
7380,c325616e-2b56-4d9d-9518-bc98476f98fa,3
7424,8f8c1ae7-b9f1-4019-b85c-ba4a0cd7356f,3
7436,356e40ef-224f-436b-ad4c-9a282b884748,1
7439,270b753a-7bc8-4e19-bc72-8ae1c5baeb6a,1
7449,a80ecf28-86df-4b4f-901a-3e18d48b50fa,2
7451,00c8dc7e-8082-4579-8fde-a52a97a93086,1
7454,8c6aaacd-7f8a-47f7-95ac-5348e3a1a2d0,2
7463,642114c8-29cf-4d1c-9e54-b88e3ebfc7d9,3
7477,1c1459c6-c75d-4114-9de2-f6bde28a5aaf,2
7481,caac89ef-7346-4313-9469-cecd145c17f7,3
7482,199e6047-c085-4202-b31b-26396a3b7c68,3
7504,231a1dde-964c-4212-b0ec-7661afb1f143,2
7505,f96b3e5a-de28-4523-a22c-60755ec2403f,3
7506,33c4ee35-97c3-4016-9993-0a923c5fbe43,1
7514,2099758f-0fc6-4b22-8eda-4a992bace354,2
7520,1b5f6ffb-ebd9-469c-b662-133be65b0bdf,1
7523,a8f25b05-1b7f-4ae3-ac27-15da630dfef8,1
7524,a8f25b05-1b7f-4ae3-ac27-15da630dfef8,3
7533,e165ceee-63a4-417f-aef2-b027074bde84,2
7535,bc22e458-2794-4962-a9b7-385da8d76bcf,3
7536,4efa55ec-6606-406d-9c5f-795dd71f8566,3
7540,94b651ba-6546-493a-9959-24c41e3ebc86,3
7542,84020cc8-758c-4eeb-ad8d-9323aeb64bf3,2
7560,44e8fb6a-acb3-40dd-9f0f-0e4824dcdce0,1
7568,e5957e19-e0f0-4907-ae0a-b640ab8cf537,3
7572,913e5d20-2e0f-43e3-bf15-eadeff9b2088,3
7573,4b29f33d-452f-4f5d-a603-68168809ae63,2
7586,4e23bf6e-3109-4cfc-92c8-b4fb922ce86d,1
7594,e1e567f6-1079-4866-83dd-72f60131b272,3
7607,2a26d9ae-b90b-41ef-bcdf-11b9bf805d78,2
7612,f16d8389-4886-4121-a2fd-8849afa4bb28,1
7619,9d5f264a-d932-4e8f-bd5e-6dc905eb5740,1
7622,556bca8a-6c7a-43dc-a886-6fd98beb470a,1
7626,638d6de0-36d4-428a-b54d-37478b099d9c,2
7630,fd2ec7c1-b30a-491d-9c24-c8f3742ea274,3
7641,057681fb-f706-4e0d-8c20-98d7d35c8f99,5
7649,f5fb37fb-4a07-4052-ad3a-4390b8317aea,3
7653,8517a337-63f1-46a1-8c0c-3641f2ae7fbf,3
7660,f7fcfec9-ecd5-47a9-98ee-2d30fade5ccb,1
7662,f7fcfec9-ecd5-47a9-98ee-2d30fade5ccb,3
7673,c0551d7e-0445-4cf4-8630-230a69d53836,1
7680,52099591-25e7-4d7e-86d3-bef663a680cc,3
7693,78573956-aef6-406d-8d1d-095a5938ba9a,3
7704,a98a1573-e0b6-4a7b-a8fb-b4ebd479e69b,1
7705,a98a1573-e0b6-4a7b-a8fb-b4ebd479e69b,3
7708,54278fea-2f2b-49a1-af0b-e09bd8dac4ed,3
7721,5738b4f1-cc0e-4ec8-bb5e-2403cd979848,3
7725,b0648f6d-bf7a-4cb6-87ad-270272648f81,3
7727,d4acc493-48c4-407d-a63b-9a17bd46f98a,2
7734,f2a0ab14-82e7-4249-87ee-c27d9ee815cc,1
7739,8c03d58c-58dc-4800-97cc-7a3b6e3357af,2
7758,565e40d5-703f-4b49-bbd4-47548aef38c7,3
7772,bf6b5c7b-ca0d-4fec-b96d-06f9c9681d86,3
7776,a6046718-6477-4c23-8f78-f2da8fc60d90,1
7786,dddbbec7-01a6-433c-a833-39e499b42ea1,3
7787,84963984-0ac0-4959-ad36-e14d50cb8164,3
7808,244371bd-fcab-4020-b405-9907b4a052c3,2
7831,354ea7e1-108f-4c71-b171-871ae17c64ee,3
7853,37a5d822-fb74-4c80-af0a-6e8c3e8c9590,3
7868,b641a56e-f54f-4852-b2a0-ade00e4fc37d,2
7874,dbda3a8f-4967-440b-b0c6-5a97618cedf3,1
7882,1086590d-46e9-4ef0-82be-ab98c248b131,3
7884,75cf6c1f-3b1d-42d8-87f2-73c3f746f02c,3
7885,956a0d3f-eef6-43f3-8b23-4c40ef93b0da,2
7913,70f2f4de-7693-4d0c-b711-32a1cf3fc21c,2
7917,852d3b02-9f7c-440c-8932-f7a4d6bca614,3
7924,a97a68e2-b7c6-4f06-b7aa-0ab475afce0e,3
7934,234d72b7-81dc-4608-9829-d95c78c18dfa,2
7944,ea178543-70b7-40f7-86eb-5740918bcc33,3
7953,578e8664-a558-4236-a544-33fc7845937f,3
7972,7cf6c774-e514-46b7-b045-1115d1f9e030,2
7977,90fbbd20-e001-4fb5-a2ad-5b7fa204aa3a,1
7984,d7f5ec81-f9ec-45de-adb4-3bb1569f6ee4,3
7993,630343f7-9bdc-496c-a92d-463fdb1f5df9,3
8003,501ee021-d40d-43eb-9502-31dec6956b3c,3
8006,fc486b4a-ae76-42c5-acee-a11d88c65913,2
8014,bfbe97b5-6e92-44ba-bad2-b1b56fc805fe,1
8040,df3f4fab-3f21-47a0-95e7-110d556508ac,3
8048,4fa07ec2-b0a0-43e2-aa77-41f9285bd85a,1
8085,ff98e3d3-b57e-4f49-861f-aefb306d81af,3
8092,3a61765f-ac58-46fa-93cd-1be1a49de6aa,3
8097,dfed68af-75cb-42ba-be5a-d1cdf90fedee,3
8101,d708b6a0-7523-4b54-a3a7-bc8f51da0663,1
8127,a4a0e862-e653-4ce7-84c6-3d3c3e6f342d,3
8129,058917c1-8caf-400c-9b8e-97e08b139fa7,2
8150,3c691b7e-6500-4b03-ae0a-5b4461032049,3
8153,79355081-1dc4-4875-9bc6-ed40319e7cd7,3
8158,143b27f3-7a38-492a-a021-c97be8b500e0,3
8160,2f85b39d-d90c-4451-b2c5-bffc4a85889b,3
8163,360067b3-19f8-46cd-a34d-406835593261,3
8169,2dc7f33f-b4a8-4dc3-8725-5649a8d5e62a,1
8186,a757af0a-87e3-4dbd-82bd-0e5a7feb9dc9,2
7095,9b5b1a53-376c-412e-b925-5981100979a7,2
7098,aff52bf8-ff5c-481f-8296-ec694773d402,1
7134,cebc4015-83b7-4e53-8905-3bba9d25ca02,3
7149,db8f059e-f74f-495c-bdab-f8e848449b93,3
7150,a38fd61f-e9d6-407c-9477-324ca05896f9,2
7159,cef922d0-7b09-4a61-b35d-2cab9ba0d84f,3
7172,c989493d-ee56-4ba6-b4c9-0880f46e7a3e,3
7177,73c09ed8-713c-484c-9eac-097b0af4e350,1
7192,ffa862f7-8b2a-433c-a1f9-a7a82a03e49c,3
7212,160a10b8-11e8-44a4-8b32-655aebf3b863,2
7240,b4e37327-3acb-491d-9e52-f2b545e6b3db,3
7242,3af6cc1f-2d27-49b8-a533-560630cf9008,3
7250,55c4353c-55fe-48b4-ae7d-e5e9b7d9e09b,1
7251,55c4353c-55fe-48b4-ae7d-e5e9b7d9e09b,2
7252,55c4353c-55fe-48b4-ae7d-e5e9b7d9e09b,3
7259,63429243-7ab1-474c-aaf5-209e0c9d8a0a,1
7264,d1a431bf-695b-4247-bbbc-b4e0f31aa510,1
7272,55e4f79f-cf0b-417b-82e7-b7a3fc08340c,3
7275,195ff176-8c3d-4bf1-bf18-06522b38f382,3
7279,4eee6ec6-d05a-4552-9135-4d417ff0ce81,2
7286,3154d593-c170-4e61-8560-3f19a296872c,3
7291,ffd9fc89-2333-4859-9123-dff45dbb1ecb,2
7306,65414882-a81d-4128-bf56-3616d0b30fff,3
7313,686e3e1c-ac67-4f39-9d41-c88c68c68cf7,3
7321,00e4f036-24cf-4d2e-9bec-d9a72a94dc81,1
7326,e39fa8eb-2b17-43c7-a479-82ea5c5a7e75,2
7335,758f5536-5ee7-4c3f-ae23-4222bb79faa0,3
7351,356051c6-8ee5-487b-87ec-8012f7c0a3ce,1
7359,76f81d98-e18b-4daf-991f-f7006cc15df5,3
7361,820c6768-7430-42e2-8d3a-36f45ffff28d,1
7366,2c8bae3d-6656-4073-b7af-df3f66ef5bfc,1
7374,b3ac7170-7c4f-4e54-86c4-5b8792e5122e,2
7387,6ae82b85-7a0d-4b98-9231-1c2c68c06d6a,2
7392,26bf0f4d-a9d6-4c61-9e5b-4dd432ec37b1,2
7394,7e8ff168-dee3-4b17-a2dc-6b7d7c0d86e0,2
7420,9e83ee8b-ac16-4d8a-a6c5-2b331df27a68,3
7430,6860bdc6-0489-4b0c-935e-ce9c4715ce2a,3
7431,cd861b21-f651-488e-b3ca-5a9959295f8b,2
7435,cc937227-9979-42d7-b52f-95877d18a024,3
7441,7b79c907-63e6-4950-9a0d-159460a39eda,3
7446,88d8ae10-81e2-46dc-86bc-bc4dd835f38e,1
7465,361b9e61-1366-49d3-aa76-cfb5c0e8fa0e,1
7466,361b9e61-1366-49d3-aa76-cfb5c0e8fa0e,3
7470,b3b52192-59b8-4e5d-a093-155b3bf67639,3
7476,1c1459c6-c75d-4114-9de2-f6bde28a5aaf,1
7494,960694a6-55ff-47e2-9fe2-1ccbaf57659d,2
7497,01ef5df3-f430-403e-9c00-11b6f0a201da,3
7501,e7b39963-fed2-48d8-a6c1-0a5e6d0c4447,3
7503,05708205-6e38-431b-905f-30bb028f80a1,3
7507,33c4ee35-97c3-4016-9993-0a923c5fbe43,3
7518,e0079425-8323-4916-91e9-d48cf9a84d44,3
7525,dc72bb26-449d-4d0d-833d-39f8ec58b031,2
7537,39ffc908-f8ee-40ed-a2e7-525cd43c014b,3
7556,ca20cfbe-ec07-46f4-bfd9-6e7a2af4a21f,3
7566,ddce8dd0-01e6-4bb0-97cd-4e27778e8015,2
7582,f4f0249f-fafb-4169-8bef-212d8d75defb,3
7587,4e23bf6e-3109-4cfc-92c8-b4fb922ce86d,2
7596,61c04204-0611-4a79-a851-69224f067349,2
7597,61c04204-0611-4a79-a851-69224f067349,3
7598,bae44dbc-c5fa-4600-885e-b890dad9b74e,1
7601,1bc0c2c9-96b2-4a75-a611-530818a4381a,1
7614,8f06dfc8-4941-42ee-9cc5-15b823d19ee9,1
7625,638d6de0-36d4-428a-b54d-37478b099d9c,1
7632,8d391af6-9f34-4cce-b61f-5ce9994ac9c1,2
7652,fd26392f-e9e3-4651-bcbf-e8a2fc59c807,3
7654,cc4258f9-65ce-42c6-8d5d-341615ed4362,2
7663,6802a330-8be8-4667-9a59-bc0b8c5333c5,1
7679,8e41c591-83de-4fab-bfb7-d96f870aec11,3
7691,50badb2d-149e-491f-b596-6add728a6ff6,2
7696,3f5c9894-7cb0-49fe-a636-8c6729d7d9cd,3
7698,0d8b3eb2-b712-4814-a1fb-04c11b5fc44c,1
7703,a3518a37-e4cb-4023-a43c-b583610b163a,3
7713,65f4393d-eae8-4c2c-ade2-c7a814a1c72e,3
7717,60f73a21-e0b8-46dc-92f5-b1d1ecaa7900,2
7719,28499325-1132-4270-9cea-e5d0ecec74a4,2
7735,f2a0ab14-82e7-4249-87ee-c27d9ee815cc,3
7736,9814c1cc-fbdb-4e1b-be57-c3178c426110,3
7743,172ad686-3f41-4fb4-b292-7faa869bab1e,2
7749,73728976-981d-4053-a6a8-0193dc99a119,3
7752,b568f414-3b7e-41ef-800f-3310ea0bf88f,2
7755,0703ded3-502c-4dc2-a2fd-5d6c27257904,3
7756,c8d9119a-8f54-47e4-bfc2-411127da5cbc,2
7763,5cfd07ac-fcb8-4ff4-a1f7-11ce9c119439,1
7770,bf6b5c7b-ca0d-4fec-b96d-06f9c9681d86,1
7783,3668db5d-41d8-4583-b2bf-94efc0dc752c,3
7792,a7e95c26-c168-4624-941e-bbe0fe7c3d22,3
7793,aebcd993-4bc5-4da8-a7e8-d545b083adfd,1
7801,5d716ac5-d57b-4e56-bab8-8d82ab890ec1,2
7805,2a644332-b3c3-490c-b77a-dc1954cca61d,3
7807,244371bd-fcab-4020-b405-9907b4a052c3,1
7811,c56fe7be-0284-40c5-a116-bf934867611c,3
7823,70fd9825-c2eb-49fa-8a6c-6b7c89bc159f,3
7824,a43a27f7-633e-4360-8966-ea35527d5d7f,2
7827,40fbc0fc-df98-41c7-8fe7-ac20dc47f7e3,1
7829,40fbc0fc-df98-41c7-8fe7-ac20dc47f7e3,3
7834,9a98da03-c28a-44ce-83a1-186aab9e3e93,1
7840,a73a93c1-1335-4c0f-ab5d-a7ab3a6553c7,3
7847,ab8f7fae-ebc8-4e15-a914-98d58905e82c,3
7851,37a5d822-fb74-4c80-af0a-6e8c3e8c9590,1
7860,38aa700d-d8db-435f-a5d7-798049507f5d,3
7861,6b48baaf-dfe1-4156-b267-64ba25eedf6c,2
7866,77ecf156-2b8e-45a4-bfad-bc8b0ae422a6,2
7876,dbda3a8f-4967-440b-b0c6-5a97618cedf3,3
7880,45513038-52ef-4fcd-97b8-0680ddf96a07,2
7883,d725c470-15a0-4b78-a7e6-8c973bd66c64,2
7886,5ac9b7c6-5c8d-4c6d-a39e-e36de039c25e,3
7887,a10c5425-564a-4f11-9b53-93d0998f62f6,3
7893,9b3e27ef-b22d-4cb9-bb39-385148deeab4,2
7910,216e9db4-8ab6-4288-9e0b-34d541892615,2
7911,eb23fe57-0d17-411a-a9ad-a7e4fcaafce8,2
7925,a97a68e2-b7c6-4f06-b7aa-0ab475afce0e,5
7926,91613a49-e2cb-4090-bd5d-4053e0174e85,2
7928,3c095f3c-026f-49d6-ae12-7028164e6d67,2
7936,ee70a01b-9b0f-47ff-8793-f86b7fe4d9a6,1
7939,b8f8dc4e-0cd1-44ff-b61a-c36805a1891a,2
7940,b8f8dc4e-0cd1-44ff-b61a-c36805a1891a,3
7957,5e04796f-2bc2-44c0-92a8-75fa1caf4c84,3
7959,6dca48e8-be35-4813-8427-63841649f639,3
7960,0b5db63e-98d0-4440-b902-4096651037b2,3
7961,7b9a418f-3977-40ca-8b36-d2e99dbc9bf0,1
7965,db609727-62b5-4fc5-b49a-cdf780b173fd,3
7968,b8e824a8-a003-4c64-9eef-1c5a1f3f24fc,3
7969,6f8d4143-c512-4cf2-b6f3-3d47203e6601,2
8007,fc486b4a-ae76-42c5-acee-a11d88c65913,3
8012,0cfde387-5c61-46dd-ad48-4fc080502b91,3
8015,bfbe97b5-6e92-44ba-bad2-b1b56fc805fe,2
8043,dd9174d6-d8cd-4c7a-9c59-65c78776dd88,3
8051,bbff60cf-be52-4ac7-8566-8331f3325854,3
8082,0ba0fe55-e0ec-4099-b4db-6d2a7d965ee1,3
8083,ff98e3d3-b57e-4f49-861f-aefb306d81af,1
8113,425e91c0-a28e-4f51-a918-26b655e300b0,3
8115,dda2842c-81b4-4dd3-ae18-629976ac6343,1
8116,dda2842c-81b4-4dd3-ae18-629976ac6343,3
8120,e9246788-80d6-4638-84ba-c52165e68577,1
8122,e9246788-80d6-4638-84ba-c52165e68577,3
8128,eda786b0-1613-4020-80c3-ee8513cd21a5,3
8133,f8115b32-5c6c-466b-b164-6f55fb27fece,3
8140,7882cf02-2f30-4278-9d59-5a8516d58862,3
8146,389771bc-33e5-485c-8265-3191587d913d,2
8149,ddc5998d-1e94-4e4c-b5ef-79b7380fad4c,3
8164,c36b4bf1-13f3-4389-ac23-90b0ac2bd7df,3
8165,76e2c35a-92ab-4495-8455-e768ba246884,1
8173,409f252b-007b-49ba-8f6d-452b83731248,3
8177,7181f0ec-d9ef-4d21-a1be-ccb45e66bb00,1
8178,7181f0ec-d9ef-4d21-a1be-ccb45e66bb00,2
8184,5d6fa8b9-dfef-49c5-894a-0632740fc628,2
8192,f13035dd-b770-4a04-92c4-58ef95cbc45f,3
8208,5cd957b7-96df-404d-b48a-e71ea01c071a,3
8218,9b0df2e0-d469-4fa4-8da7-0005c5051d58,3
8220,ec395d87-6548-4a7d-817b-b8db2b276030,3
8224,d928c013-8aac-41ff-9337-b18a2bdf9b61,3
8227,02e1a89a-40a0-4ad5-9258-2a305675c427,3
8229,5418bf14-d648-411f-969a-894fe46d8890,3
8236,8b71c148-3754-4ee2-99f6-cb4c06edc45d,2
8238,cfd3e8f3-5d30-475a-9c02-4d0e7bf6e462,3
8260,e0f604e0-ab49-47bd-a1e4-8924ca990107,2
8265,8e8edce9-78b5-4b2c-bd7c-bd97c123080e,3
8269,624847fe-4902-48e2-bb36-fd284a2a9863,1
8279,22b9ba40-9a3f-4c34-98cd-6ed0dda76aef,3
8285,a4acdc8a-d76b-4d83-8ff6-6b0e90f235d8,1
8290,34bfc964-ea45-4a8a-a300-7594117ec03c,3
8296,64459e9d-81e5-421b-a2c3-8138e10eb012,3
8300,f8e04cc5-60ea-4668-a05a-ab2df20530fe,3
8303,736f578d-4977-493e-8392-571920bf4994,1
8309,80dc6296-690b-454a-b8bf-3aa9a40ba635,2
8316,7f51e6ad-e631-486b-b41e-fca81260d0a3,3
8320,3cbf1490-bc6a-48a0-8ccd-e9cceafc67d2,1
8322,cc1c3c69-12b9-4422-96f0-1f7d4917c016,3
8335,30f790f3-5396-413f-80d6-8c850d6c57d1,3
8345,7eb592c0-a54c-4446-8a73-5ac14b43cb19,3
8347,268412a4-d66a-4285-a327-bb81d59cc47f,2
8543,4f09c5f5-dc95-47a0-8fca-db5cb1c9b639,3
8549,ecb36c42-d777-4cf6-b0cd-59e8eb57e019,3
8583,ead344c0-7a90-411b-a220-1659dd620194,3
8589,a501b4a0-a7db-4b38-a0f6-dbf79e70119b,3
8592,7347fd49-dbb3-4cff-ac0d-95c19179b4ca,3
8608,a5e6ee19-762b-4b2c-bd06-e233a659c87b,3
8616,95bfa9e8-4229-4bdd-a14b-2370b4a21414,3
8620,525bc490-7fab-42bf-8c8f-ff6a10842a88,2
8623,a732a6ce-4cec-4007-aeb1-ac5dbfeb29bc,3
8633,6fa33510-0bf0-41cf-be4e-c6c2bfb9470d,3
8635,271b23ae-c5e5-40be-ae44-cec7fa3d1052,3
8647,235ee50b-0d05-47aa-ae14-15b77f26c3eb,2
8658,cb6b882b-d6fd-4285-bf41-941774bf4ee1,3
8660,72f20ae5-8c51-4872-9369-51cb8a6990b6,3
8667,a04246a2-2fa6-4127-bb30-31658fa86744,3
8680,90aeaed3-031c-4703-b9b9-3aa2d0c0bc09,3
8683,04d8d724-ba4b-41c8-b75c-1fd9877902d8,3
8703,6e50d0c4-95d9-4d8a-91c0-ae51101d2ba5,3
8709,864dc3f1-ddc7-4803-a2e9-af0bab1c9fc9,2
8712,a853426d-297c-47ee-906e-9f05314424f0,1
8713,a853426d-297c-47ee-906e-9f05314424f0,2
8715,4d44b83c-1f26-4e92-b286-97a2075b83c5,3
8718,b9a01259-5070-471f-87a2-046e37f3ea1f,3
8732,f2a75d52-66e1-4c8c-9627-ede701c93202,2
8745,ebfd07a7-3562-4756-8541-3e2b4aef2183,1
8754,1fe9c0f7-69e5-4152-b144-83b4dc415aa8,3
8757,f313683a-5fe6-4e3a-b2e3-215c21a4fe49,1
8762,eab45a1b-2ab8-499c-9f37-53ebe5816b53,3
8774,0073c45e-41fa-4506-95a7-303f077cc0ad,2
8785,885336c8-4fc1-4128-9b0f-8c606d72b249,3
8798,ad8823c6-f619-43b9-87c9-470725ab3a90,1
8800,a52b7d20-79e6-4af0-ac85-e46062d295a1,3
8802,fff4c0f4-88f4-4b6c-8015-9fc269841dd4,3
8803,b6dc94b4-c809-499f-9fd9-87b3aef78b7c,2
8809,e0821172-571e-4d19-8789-5b0e41e10540,1
8818,6e9fbb81-4a5e-4501-9e04-4b65306bb6c7,2
8826,fac4d8bd-40b9-44cb-979a-17f372c9cfcf,1
8830,8def40b3-b36e-4ffe-ba40-625f130d169b,3
8845,b51f7a70-0b6e-41f5-a816-a390b9be1f95,3
8855,79ed9aa0-11ef-4141-93b8-cdef3cb915d4,2
8863,83b5a292-efdf-4a5c-ae19-95448d18341a,3
8864,ef832519-e24c-419b-8156-3246e0c077aa,1
8866,4e5056a0-89fa-4a80-94b3-9e6111ca0f8a,1
8872,c4709500-5996-4539-8fc0-aab06b8177bd,1
8873,dce26eca-5900-461e-b240-53777cee9a36,3
8882,ef55e51e-a43d-4aa8-81da-2650c86ae579,3
8887,65734d57-8ea5-4ea0-9fef-212639935eaa,3
8889,a15d6848-c315-45ee-8c43-84136d47909b,3
8890,a441d6c2-f38e-4ee8-8579-f3906288a19c,1
8893,4a15e6ad-4e2d-4db7-8c1f-d143b557075d,3
8897,72ecca50-b98a-4b0b-8a59-a803350b9c93,3
8902,6938f63c-fa91-4b75-ae24-f9a491203f48,3
8921,3a5038fb-97eb-4ad1-959a-bbf6b664a931,3
8927,a421fbe3-3680-4811-8b40-e3df8b9f1455,2
8944,48e39a1a-f8b1-4d54-9e3b-8792f45a5098,2
8976,1b9d7c15-a797-46ae-a5c6-6952f1ad0c1d,3
8984,9bd3a6e8-3035-4e37-b4d6-03870957e98b,1
8994,2028dbb6-3909-4470-94d3-a4d317183bde,2
8999,ba5ead7b-0309-4563-ac72-b133183206db,3
9004,4d63e3f4-f835-40a1-9e2a-183f4ffa052e,3
6939,d025a74b-8263-4488-8f5a-d9cb86007f3d,1
6950,5d6f3e43-6742-4061-9513-5f4899bfb68f,1
6957,fcc33b48-1a39-45dc-97ea-544310de4345,1
6986,7378e553-6d4f-4fc5-94d4-cbad38bc5f37,3
7003,bf2ee91f-2fd4-46c4-a9e9-726b07b31c0b,2
7013,e123a7b4-565a-4702-94d6-10450e073bb5,3
7022,6fbebb1a-022d-4ef9-9a29-250824ec038f,2
7035,215d8128-f162-4ddd-b825-63a8f2ba9860,3
7046,24f90773-1ef5-4cab-ae7b-9a2b6fc68c0c,3
7054,30fef036-3313-4112-ae99-fac6ca20e2d0,3
7062,ad2d8c93-ac1d-45a5-839f-e69277cced97,3
7078,10b4b029-54f4-4fe1-b5cb-31f0114e96da,3
7079,0b13a28c-0b32-46f3-a9ec-59ef64773b30,1
7089,fe73a08d-1465-4c8b-a919-7971f3f9bc5a,2
7090,fe73a08d-1465-4c8b-a919-7971f3f9bc5a,3
7093,d410d39e-4989-4098-92fc-f095b37850a4,3
7099,aff52bf8-ff5c-481f-8296-ec694773d402,3
7107,f38ecdf6-70b5-40b2-9810-a2e602541c12,3
7112,221d1946-afe0-429f-92b6-8d7b4a10e642,2
7114,21805010-0cfc-446b-939f-8989e0af8f64,1
7117,766091c0-5905-4e46-831b-7a8375d98cae,3
7121,a80dfc30-a0fe-4931-81f0-50e7fcc2a222,1
7122,a80dfc30-a0fe-4931-81f0-50e7fcc2a222,3
7131,a18cb69f-131c-4117-b76c-237b387663ef,2
7133,404ab818-0223-41b3-8085-b2884de54a19,3
7137,27db719d-b106-4728-800e-510a9afc167b,1
7138,27db719d-b106-4728-800e-510a9afc167b,3
7151,a38fd61f-e9d6-407c-9477-324ca05896f9,3
7157,07286d81-3229-47ce-9f25-ef34172bee6b,3
7158,685d294e-884f-42d1-891c-529ed8f15c73,3
7178,73c09ed8-713c-484c-9eac-097b0af4e350,2
7184,e5e35344-3dd4-48f9-bcf8-6cfc1454e813,1
7193,c2eeccb3-2dd4-45cf-849d-b6cf3119b463,3
7203,de77f477-91a9-4bb9-b8bf-b7f8330cc6ac,1
7216,c3ed061e-4401-4127-95fd-9869e6f0b1c3,3
7233,9021c46b-7f70-4497-90d0-3a83d2e5b208,1
7241,59ca7bcb-cb9f-4eb0-840a-18bb42e919ef,3
7248,8bb5dbef-bd58-4bfa-a133-8a2019d9349d,2
7255,3f649ba7-5e69-4bab-98af-cb044ce0cb92,2
7263,85cd999c-8106-4d7e-97cd-ff757e940402,3
7266,023afd23-1f9d-4d66-9e19-6e18c65a6c3e,1
7268,023afd23-1f9d-4d66-9e19-6e18c65a6c3e,3
7276,6e3db3d8-fd2e-4553-9eb3-cf920fb5a0fa,3
7277,8bfe614d-ae78-4c97-a991-148d894a99e1,3
7281,f5a26137-3781-45b5-b2ef-ae91aec71d96,2
7302,e91fa230-9448-48c0-890c-657c5b9c040a,3
7303,e8cfce10-a53a-46d2-898c-2a50ff6941cc,3
7307,804d7ff7-38a2-4882-b65a-9ce7aa6a3abc,3
7310,2fd83b7d-fc04-4968-a330-f9a6c672b159,3
7322,00e4f036-24cf-4d2e-9bec-d9a72a94dc81,3
7324,501f8982-15a8-463b-9d10-37b29309cd03,2
7330,c683b55b-1107-4ef9-a9f5-c70ca8b9bd18,3
7336,f6485a18-072b-43f3-82eb-2fb3531b65ee,1
7342,d61b7d90-1259-4049-9546-ca056ed7e191,3
7343,6f8967f9-ec54-4918-826d-839ef712d78f,3
7346,aa61bfc9-fe73-4e2c-a147-e40e22b7c2aa,2
7356,45516862-e757-4b04-98d2-d307d977c3e6,3
7370,21b7b8e6-d74a-4ebe-83cf-dc8f886db460,2
7381,28de3102-0d6d-4858-84e8-9cf9f6c673a6,3
7404,6404133d-d57f-4959-9a51-4e0140541467,3
7408,e93f3e71-b4e2-40f5-ac64-bc0b6c38d0a1,3
7411,423c774b-3888-4cb7-8ac4-d095afce8c02,3
7417,d037e050-c853-4a61-86ad-3fec635f0ed1,3
7418,9e83ee8b-ac16-4d8a-a6c5-2b331df27a68,1
7421,8836e8ef-40c1-4604-9272-9714a2b157c9,2
7432,cd861b21-f651-488e-b3ca-5a9959295f8b,3
7434,d48398c4-0266-4571-84ec-eac1f438d214,3
7442,d533b393-3def-4a21-9486-930a7d4f2f21,2
7455,8c6aaacd-7f8a-47f7-95ac-5348e3a1a2d0,3
7473,1d875eb3-63dd-4a17-b630-7b4afe3f51fd,1
7483,ee2d900b-4315-4dd7-9406-f5e79d9bdfa0,1
7485,ee2d900b-4315-4dd7-9406-f5e79d9bdfa0,3
7491,a3d90145-d322-4917-b47c-d165306141de,3
7493,940b83f4-4441-4776-bd46-f43f54e39dbd,3
7502,864c4197-0e13-422c-aff8-b285fc7260dc,3
7508,75e92039-43b7-4f46-9e30-cd29ee21dca8,3
7509,d2e82532-7b9c-4d78-84ad-a0d4d1e24f3e,3
7511,9873ee38-9ab3-4703-9500-f727c2b6e0ac,2
7519,474603d5-0a55-4115-a86f-65d72b52c78b,3
7534,e165ceee-63a4-417f-aef2-b027074bde84,3
7539,90f868cb-8dd8-437f-ad98-4fd42b1d6aac,3
7545,11605358-71d7-4162-bbc7-63e1c93d1c5f,2
7548,6df263e3-aeee-41d5-bc57-9add53550454,2
7551,06b8e59b-bdf2-473d-bb2c-cf01fecbc7a7,3
7561,44e8fb6a-acb3-40dd-9f0f-0e4824dcdce0,3
7581,f1b190ea-5c95-416a-9492-9d0328ea7ccf,3
7591,3719cc2a-3204-49d6-b1a5-a202a8a92202,1
7609,fee04b00-a967-4039-aec3-0c8eab8913e3,2
7613,f16d8389-4886-4121-a2fd-8849afa4bb28,3
7631,8d391af6-9f34-4cce-b61f-5ce9994ac9c1,1
7638,b6424f37-dcad-4eea-a4a9-6e704b602083,3
7645,533752e7-8327-45e9-943b-34e9cfd6d4f8,2
7647,2c675cec-c436-419a-85a2-f68f4f572ce9,2
7651,0b1b2ee4-ea8f-4006-b154-f3d90ffccf56,3
7661,f7fcfec9-ecd5-47a9-98ee-2d30fade5ccb,2
7675,52e6f85a-806f-465d-be25-ac61310f97d1,1
7682,9f8b01d6-2fa3-4e37-bef6-dd004d6e7921,2
7686,8dbf0190-0254-40f2-87cc-bc34141a2314,3
7687,71f8f087-570c-4aa8-9d31-4796789a0253,3
7688,e833e0f1-6777-46aa-bed5-ee5c2e1aaa0c,3
7714,807870e6-4db9-4faf-afb5-a27cd67142f1,2
7716,60f73a21-e0b8-46dc-92f5-b1d1ecaa7900,1
7720,5738b4f1-cc0e-4ec8-bb5e-2403cd979848,2
7729,4215cee8-60cc-41f1-901b-f98ed07e1525,1
7731,dc97c90e-049a-4a60-88ee-f179ef889b90,3
7765,5cfd07ac-fcb8-4ff4-a1f7-11ce9c119439,3
7768,3865df89-4ed6-4bd1-aeb9-f6cf0cf50891,1
7769,3865df89-4ed6-4bd1-aeb9-f6cf0cf50891,3
7771,bf6b5c7b-ca0d-4fec-b96d-06f9c9681d86,2
7788,d59efa57-5bc8-4789-aff6-197b5068636a,3
7802,5d716ac5-d57b-4e56-bab8-8d82ab890ec1,3
7809,244371bd-fcab-4020-b405-9907b4a052c3,3
7813,54d8c23b-c99c-4077-8668-b635d872ef9a,2
7832,553fc05e-921a-443e-bf2f-fa57c2bdeb01,1
7836,a1692611-8e6c-40a5-b5c0-8f04c659ad87,2
7845,3083f20a-c37a-4d83-aa1f-56a969a278cb,3
7852,37a5d822-fb74-4c80-af0a-6e8c3e8c9590,2
7854,22cadc96-6a69-46f7-a2ef-3e8ae3a67d38,3
7855,5792dc9d-8025-4a5a-968c-c420af11a65e,2
7877,9df1f37f-13cd-4380-bff0-37d14d6d0212,3
7889,d2e82ced-e5cb-4236-ad39-e58b8bff6629,3
7899,de506b33-2db3-4065-ad84-9789bf8172a9,2
7902,4d21b1a5-b935-4bb1-b7fa-13ce58f2735e,3
7903,27dd0d6b-dbbe-4d9b-99de-9042437196ad,3
7909,cc19ec6a-f16c-4eb3-89c4-82cd4e59995f,3
7920,9d250550-b42e-4ba8-9b38-c56078533d29,2
7922,a97a68e2-b7c6-4f06-b7aa-0ab475afce0e,1
7923,a97a68e2-b7c6-4f06-b7aa-0ab475afce0e,2
7929,3c095f3c-026f-49d6-ae12-7028164e6d67,3
7932,271e3973-1a92-462f-a574-9b408a4e0df6,3
7945,e5dd3083-c582-4ada-add3-b319d34a0e0f,3
7949,3736acf9-057c-45f2-b465-1582b7bf66eb,3
7950,e1cc0d0e-d1d1-4d79-8589-301d29b683de,2
7952,578e8664-a558-4236-a544-33fc7845937f,1
7963,7b9a418f-3977-40ca-8b36-d2e99dbc9bf0,3
7966,20c4e42d-bee9-4ae2-a35d-023e0bbabe72,1
7981,f501dee9-2b96-4194-8424-70a7e122a786,2
7985,3bb5c854-4a0d-4145-a37e-7bc8d7ea5607,1
7987,7a3f1706-1506-4efe-9e90-f335c45e09ae,3
7995,ca3c480a-66ce-4a50-9502-66dd3e6bbe2d,3
7996,7a874be3-ee53-4aff-b51d-eb0640b67d65,1
8018,de67c30c-7e45-496e-aa35-32baa90a993f,2
8041,761a0835-b5cb-4ec1-87d8-605537f0b9c2,1
8047,66e6dac5-3c37-4862-9917-ea90b35a0471,3
8050,bbff60cf-be52-4ac7-8566-8331f3325854,1
8054,3e3769d7-c377-448d-bcaa-7022aed7f96b,3
8055,f1ca09f6-c10c-4f04-995b-043a2e36204b,3
8059,e3a1abac-a642-45ec-b2b1-94867e76a3f9,2
8065,f9c80a44-68c0-4779-b3b2-fda27b66d34a,2
8068,fd247617-e597-4396-9cb6-6ae14f661c0c,2
8071,03833aa9-41b9-4d26-b3a4-68b006c23517,2
8090,d45c92cd-94c8-474c-917e-8fcae0eba3bd,3
8104,94fef608-5e67-4d0f-8dc1-2a7fab2ed54a,3
8123,1a6e3587-ad44-4057-9a82-41a33ff22aa7,3
8135,2342125e-a13a-43ff-b8e1-027aa28de5cc,3
8136,d0fc0943-be14-4ba7-9973-de13296b7c4f,1
8138,d0fc0943-be14-4ba7-9973-de13296b7c4f,3
8142,92b6d982-74e8-451b-90a2-20128b5924a4,1
8144,92b6d982-74e8-451b-90a2-20128b5924a4,3
8145,389771bc-33e5-485c-8265-3191587d913d,1
8156,18358598-5681-4603-a90e-f88217ff6d91,1
8171,2dc7f33f-b4a8-4dc3-8725-5649a8d5e62a,3
8174,1aa25c1b-d291-4eb9-80a5-641c70fbaa94,2
8179,7181f0ec-d9ef-4d21-a1be-ccb45e66bb00,3
8183,99f883b0-5b15-4705-9a02-8809c9476332,3
8226,a84a92b3-bf8a-4cd1-ae28-0b9a8cc0eb75,3
8228,5418bf14-d648-411f-969a-894fe46d8890,1
8233,7cf8b34a-2e0b-48fc-b4ad-8317384970d7,3
8240,043caece-b76c-486c-9cec-8c3f5deabbe5,3
8270,624847fe-4902-48e2-bb36-fd284a2a9863,2
8271,624847fe-4902-48e2-bb36-fd284a2a9863,3
8351,72288a5d-1ed1-4985-8b1c-c7ae4ded6b2d,2
8352,72288a5d-1ed1-4985-8b1c-c7ae4ded6b2d,3
8361,de2fc0d5-7e86-485d-9219-3ecf37a5898e,3
8363,e50eefc8-5549-4a49-a6e7-a84fa6621301,3
8365,f6dd24a7-07bd-480e-adf6-eb959151defd,1
8374,d5b95934-4c3c-498b-8241-84de3c97b79c,3
8393,3474e8d1-f1f4-4f75-9789-52ba01532930,3
8399,e3e008a3-e04a-499c-8af1-0be8d486d378,3
8401,61a61e6f-81ee-4c07-a540-957b3dc89120,3
8405,4571f2df-db63-475f-85a3-20e440d4bb27,2
8432,6bbb1e43-722a-41d7-9567-69d04b2a86a3,3
8436,76906042-10c6-4b3b-8a3f-cbf377e24b21,1
8441,2f6e08bf-8a07-4ee0-bcdc-7254715b47b8,1
8442,2f6e08bf-8a07-4ee0-bcdc-7254715b47b8,2
8450,b424e630-98c4-470e-a552-83f72d36525a,2
8461,0c8a2d25-2787-45b0-8069-f496ad7cc5e4,1
8472,dd7ec1be-3657-4447-ad14-bdef117ab4ed,2
8487,d31a7af8-bb9a-407b-aeef-083dd7435163,2
8497,bfc4ddc2-4a70-465f-8cc3-6cf4f1c7e4a9,2
8517,66dd17f2-7e98-425e-9f9e-430c306eec29,3
8521,c14de687-4a0b-46ce-b662-a79c8f0b2498,2
8530,08eb7760-e44f-45ea-af27-0e05bdc649d7,2
8533,f61ca459-fe8c-4ea2-846d-88cdd5219b9b,3
8535,7d76eea2-ab60-48f6-9e67-a6a038e7f7be,1
8538,3d844826-5831-4d86-8fed-a1afa438c525,2
8542,4f09c5f5-dc95-47a0-8fca-db5cb1c9b639,2
8552,23f5bae8-78fc-4a7b-8010-14bef767d296,3
8554,f0ce58bf-6697-447d-a626-d3f788163b88,3
8555,cfd410fd-2ad0-4bb2-a346-5491e82a5d00,3
8562,503f46f8-9c67-47c6-abdb-6624c75cebfa,3
8564,09989f26-03fa-4baa-83cf-3240e51325a7,3
8572,38700297-a3f3-4665-97a7-fab284f2f336,2
8576,3300955e-07f1-4ae2-8990-70bc68178d39,3
8593,2302aa98-cc6e-430c-985a-814cf589caf9,3
8607,a5e6ee19-762b-4b2c-bd06-e233a659c87b,2
8621,525bc490-7fab-42bf-8c8f-ff6a10842a88,3
8631,8e7eb7fd-e744-4780-8bea-c93f26d80121,3
8638,2252862e-6fda-4a25-b1c0-bf91e951b5ba,3
8651,5dee499b-f5b8-4dcc-95f1-cf9899de80b9,2
8665,efdf7cca-3a03-4d4a-9cbf-6a68ed9d404e,3
8681,c42ad230-2001-447f-9929-47e0f8195815,1
8698,29b859cc-8f85-41ae-80ae-e01d0bf41c78,3
8700,588d9ee5-1e20-40c6-a5d1-d6700fcefc4b,2
8707,bde9910e-e51b-43f8-ad3e-9083c1fbf16b,2
8716,471c1a4e-66ba-481c-9009-ffdb6140889b,3
8728,a5c685b4-dee8-473c-b649-94cd7a81bbd3,1
8731,f6c57bf0-49db-49a5-87a3-09117e7d1197,3
8735,50175e63-cb84-4004-8529-b992d95d9335,1
8737,50175e63-cb84-4004-8529-b992d95d9335,3
8739,fdea2095-89e4-452e-a05c-b4fcc5da5e15,3
8749,fe623bc0-c34f-4b23-9483-4c44b1c0f033,2
8755,f596bffa-2bb1-4c30-9111-af5ec910da8d,3
8756,e121aa9a-3c30-46af-a5d9-8a012d154e16,3
8763,9fa5da94-249f-410c-a4ce-3aa0b05fec6f,1
8775,0073c45e-41fa-4506-95a7-303f077cc0ad,3
8781,4f702640-a1d6-4465-92b1-53cdb9a651ca,1
8786,4f91320f-3a6d-4a1b-9457-fee0d8cd7a1d,3
8788,4f7f3f05-e2ac-4d69-9c25-4692c7d9a93d,3
8795,61b331c8-7dd6-4ddd-8731-9d9c828049a5,1
8799,ad8823c6-f619-43b9-87c9-470725ab3a90,3
8812,27223365-23ad-4a23-9e6c-da78fbc50257,1
8815,dd3772be-8177-4d11-8433-e7c33d9c3cb2,2
8839,bfa1ff30-292e-4c59-931b-909b85de9a23,3
8854,40521e8f-e14d-4007-9d2d-29851e9b2b18,3
8870,b091309e-d224-4840-a7c0-4dfa8158ca9c,2
8871,b091309e-d224-4840-a7c0-4dfa8158ca9c,3
8875,9124d0b9-2ada-4257-ab2b-fd1d2a761e49,3
8883,af48b0e4-085a-4477-85ce-99236a737ff9,3
8894,4c44e900-ce26-4040-b519-b3b047653c31,3
8901,6938f63c-fa91-4b75-ae24-f9a491203f48,2
8904,f14a85dd-86b1-4a57-8072-0ae9347d4935,3
8914,2587f102-c2fd-4994-a437-f36856c173ee,2
8915,2587f102-c2fd-4994-a437-f36856c173ee,3
8922,8966f672-5d2e-4610-b13d-bcf8f2b4b0ed,1
8933,865c94af-3c9a-4abc-a673-e67b694f556a,3
8935,a3a07a07-5360-4c2a-ba68-6d6bf243b748,3
8943,76d54b81-f903-48e0-b26b-b8a2f7f84824,3
8949,2426c564-8b37-4786-8a02-b2b9ce9bb8dc,3
8957,ba2c7323-abb2-46ff-9341-ede905eb3d58,2
8966,3f3d9341-ea9a-4aac-afb6-dd8747e67d9e,3
8977,3aacb088-eb4d-4a21-a82e-217bb8d2f55f,3
8986,643c2655-08f5-4635-9fde-1f38bcc3f741,3
2779,819e2fe9-dede-4c0b-90bc-2d959a3a4f32,3
2781,29c22c50-9639-4070-8e76-68f05fb28963,3
2785,8a8db7cf-ee1f-4dea-a76b-995c27c0d635,3
2816,8d0e1ad4-41c1-4e45-87e3-da1972452b28,3
2823,a09f6c50-23c8-40ff-b831-0499348becaa,2
2833,e118f6d7-c5f5-4dcb-b046-e593c6baa30c,1
2842,de5b478d-597a-4705-9110-d5004eb6fe1e,1
2844,de5b478d-597a-4705-9110-d5004eb6fe1e,3
2863,5e57dca3-20e9-4010-8c89-97de7cc841fe,1
2870,49c6c50a-59f1-4c8f-8f1a-8d7d76d50db5,1
2871,49c6c50a-59f1-4c8f-8f1a-8d7d76d50db5,3
2874,638ae737-5515-4e1a-8e0a-0ac76e05aa8d,3
2875,c242af57-1844-4098-be15-222793a15fbe,3
2909,91cb42cc-64b8-4990-bc74-1a9526203d41,2
2910,91cb42cc-64b8-4990-bc74-1a9526203d41,3
2917,d353fe85-4d35-4ca3-a45e-748ebc5e55e4,3
2933,f0c65862-d906-4df9-a041-2a3b559e4143,3
2935,48ba44da-02e5-45fd-9036-65ddf6e3b3ae,3
2939,aca9e837-50d7-4e52-a745-cee04df9922b,1
2941,aca9e837-50d7-4e52-a745-cee04df9922b,3
2949,afbe5d2f-67fe-4f95-b499-34bb1599095e,3
2964,b6b01504-d51b-4780-85dc-ef3041e7848b,2
2965,b6b01504-d51b-4780-85dc-ef3041e7848b,3
2966,b2aac0b9-58ef-4a79-a49a-175ef92219f3,3
2974,725d8f6d-57e5-4f71-b77e-94cd576c74df,3
2976,7c75c2a6-0e82-410b-8b09-8c63a750797d,3
2977,f7030b6b-607d-4220-9a8f-a1806ca9cb38,3
2986,e3990fe3-38f2-484b-a4c2-a6631b263468,2
2992,ac7eb2b2-3b72-4680-a0c8-690079e49898,3
2993,c364e990-d698-40cb-a76c-d12782aa0bb7,3
3003,1ad2a002-9ff9-441f-837f-d920471678bc,3
3015,e432fbe8-182f-4c1a-90b1-dc4801fa4b12,3
3035,a3c634dd-0670-4df1-86ba-8c83a8abb1da,2
3047,d5dac76b-58af-4a82-b3be-436259a60d6c,3
3050,09ffedbc-c04f-4419-b871-c7095b30822b,3
3053,1c8c6ddf-e1d4-4793-b73d-dc30d980c39d,1
3082,f6f1af76-ccbd-4242-a54b-944dbcf854f7,1
3088,acef576a-e447-4006-b337-01c428fa343c,1
3093,210c64ce-e6d8-436f-93f5-06dbffffc52d,3
3099,f2720d46-7e55-49fa-9d5b-c842731cffbd,3
3100,baba63e5-3524-4dc0-80ef-5f14e9ef045b,1
3102,baba63e5-3524-4dc0-80ef-5f14e9ef045b,3
3105,ea290d1b-a509-4082-9b14-a85c1c015370,3
3108,3cda8287-ab7b-45c1-8d6e-4d7f08434529,2
3121,d3d4205b-0702-41f6-a4f9-083c982a15ff,1
3125,ebdc6cd8-b9a1-41a9-95b4-503e5e3d7dd1,1
3131,b1a9ba4a-13f2-40dc-92be-d9d4a9ba5b7c,2
3156,be49ab96-6491-4014-9355-ceb80bbfe4a0,2
3159,6dcf1ab4-dd60-43d8-a3b9-e18def9a1b0e,2
3162,dc890c4e-df8f-42e2-88f3-fd817122844b,1
3174,62b907ac-631c-497e-8286-c0e64aef2a41,3
3177,c9698e60-3673-4395-af25-8d8bcc7dc3aa,2
3178,c9698e60-3673-4395-af25-8d8bcc7dc3aa,3
3185,6ef49903-78c5-4732-9483-43fd3c69fabe,3
3194,12379254-db28-4853-a1d3-dcf0e1b5c2ef,1
3206,389c3a6a-7a87-40ed-8b86-68d5e6c0ffbc,3
3208,92139604-2461-4cd1-ad82-6845b04d3165,3
3211,c5eaab68-bf9c-4b22-9894-ef8cbaa3d377,3
3213,298bbb68-d432-420b-8a78-e3af39c79e99,1
3232,7bc4a832-0a0b-4ed7-94c0-33109d0362d8,3
3233,45a9f188-fddc-439f-9417-421cb1b78788,2
3248,0f270d1d-848e-4335-931f-c56cc6faa4f7,3
3262,6c8ec6c9-65b9-4931-b002-36ff43754560,3
3266,a76510c3-7001-4a1a-9a54-5cf17f14257a,3
3268,a25a96aa-a443-4189-a49a-4833040037e8,3
3269,6e239993-4237-4b81-9f2f-73dbec9b7ab3,3
3270,8f8e99fe-a1f9-472c-af76-9e6ea954317c,2
3281,65279803-5c36-40b2-8452-3d8efdf651a0,3
3301,7efe7b96-44ac-47eb-ae00-28fc63f9bc71,1
3310,1d2abbfd-b9d0-43cd-8942-8f9787d47ee7,3
3312,de5670d5-faf9-4656-8798-8397e96dcf12,3
3313,8b813127-d4bd-471f-8abb-c768a32e355a,3
3315,ade346ef-d641-4432-8663-9965012b226e,3
3329,c2770342-0d74-470d-af2f-475e22b38468,3
3337,2f811b9a-07f8-47fc-abd5-1682c0d46b6c,3
3355,80694893-1fe0-4e22-94bc-e74a6295bd39,1
3356,80694893-1fe0-4e22-94bc-e74a6295bd39,3
3385,6702c7b8-4c63-4a52-ab19-ff391c092d51,2
3389,ea391237-dfc2-4886-b80c-9c1e1a338bbb,3
3403,e3163d08-6a3b-4c84-9949-61db7e3ddde6,2
3408,95899005-0c9f-401b-8f2f-2e2e265adae8,1
3411,7342ab6c-49df-42ed-aa64-8d16703599c3,1
3429,3e80901d-2df4-41ff-9074-715ba6f04de2,3
3454,662baf9b-5fcb-4a16-a29e-37bf123f5809,1
3470,5d9c09e2-fd2f-4237-b5aa-1fd08342e5aa,2
3471,5d9c09e2-fd2f-4237-b5aa-1fd08342e5aa,3
3480,f61bd832-7359-4214-a927-ca43da3fe298,1
3481,f61bd832-7359-4214-a927-ca43da3fe298,2
3486,30f009e3-e000-422d-a7ec-a03549ac15a9,1
3491,c4b2807f-8f76-4803-9620-096cf1ba73fb,3
3513,17652649-a7a9-4207-bf79-05dbd54d73f1,3
3540,d7ee480d-b7d4-429b-8363-a1c07aaf4e24,2
3555,388a2ee9-3946-4ac4-a4b3-500b210b251d,1
3563,001aad57-962a-4704-a97f-ff28539b0500,1
3570,33e38d7d-5db7-4dfb-9ce5-cb7d0b55b21d,3
3604,559b2919-c49d-40bc-beba-e6f775583a65,3
3606,1c1a7557-7287-4d70-9362-9e5563982416,3
3612,63360902-d9b5-4a74-8f97-ccaec9144094,2
3622,e2ac2180-8554-4d90-8d35-7c3a9d348b7d,3
3624,98df001c-38e1-4dbc-9801-90e1f1846615,3
3625,0a622d8d-3481-4c53-8138-28fb0a0b77f0,1
3636,13862791-2d4a-4b74-8c32-911dfcd25f4a,2
3672,fc4b44fa-9510-4a27-af52-c8be64829c42,3
3680,ce526553-c8cd-4b05-b3ab-ffaa9eb7eaff,2
3694,89a2433c-3db9-46a7-91f9-40bb8c685b73,1
3720,074f560b-f6f1-4475-b572-4c9377265100,1
3726,55dd004f-6c64-4d77-92a0-2084fb9aa531,3
3727,746b8c6d-9e6d-432e-940d-0db6e651cb36,3
3734,824a17d4-44b8-4077-9fc3-61d9b4890c52,3
3757,5b45b834-d681-440e-aaf7-872c5818e3d2,3
3768,81e5d7fa-90c4-43c2-9188-abc5ed4abf68,3
3769,3ad56410-7e4c-4b86-94d4-9dbaf5fea7c0,2
3770,3b22ffbb-59b4-4a8c-ba45-2c7809d2e938,1
3777,2d1a6cd8-11bc-43ed-84ce-695ff9b65933,3
3789,588f79f1-838e-401a-ac61-eda24ba46670,3
3793,ac80aae6-8fe3-478a-bdc2-2270fa8ec6ae,3
3794,cfc8b8f5-9f25-46e6-ba88-9dfb19a8ef46,1
3811,fa818ba7-642f-4889-b42f-22cfcf512275,3
3823,e41f0689-f1d1-4b27-988c-945631de2929,3
3833,d69bd8cc-f3fe-4108-8465-44e84d837381,2
3834,d69bd8cc-f3fe-4108-8465-44e84d837381,3
3853,b7751997-2d0a-4425-8e14-4ba4c93fce68,2
3857,86c3e8a5-d935-4ad8-9266-67bff32cbc94,3
3865,c4a2a054-b134-4f84-b39d-ea1893db015b,3
3869,c38b2bb6-d6d8-4f07-959d-d362e0bf6992,3
3871,3cbfb543-ebeb-4cc9-a819-47bda676372f,1
3875,1fc11a34-544b-4835-ad1c-b5965192cd9f,3
3902,f6367094-78fa-4b3a-b6a2-2c0361ec64ff,1
3911,97a3b6c2-73d6-45bc-b5e1-4210a3d42725,3
3914,14c240f9-ec0e-4c7b-8a66-3129b0d633d3,3
3919,b1f8d839-99c1-43d5-b62f-47cc52e8a6a3,1
3930,d6c9079a-b4f5-46ac-ae33-60cc06282116,2
3954,f6a38a94-b915-4af6-9d8c-bbf7cfde6fb3,3
3962,b214acb4-d0c2-458c-8d57-47d8552d3147,2
3964,0de9cfe1-3a61-49a3-816f-dacfc4b19610,2
3969,d99f5022-46ea-413e-8c9d-2dd775ec9d8d,3
3971,bbcebfed-5e54-4e43-812c-b109815c320f,3
3976,20f6463e-0d5d-4014-8bee-d733723b9e4d,3
4000,52b8a9c6-584b-4c68-8603-3bda4f7f5421,3
4007,0fdbcbaf-dab5-4d78-8312-9b1bfc689c37,2
4016,9676659a-fa5e-4704-b68e-71a7893c1300,3
4025,0eabd480-1efe-42aa-b8dc-ce7fa33e4695,3
4027,1013af77-bb1c-4aa2-8748-f83998b6a608,1
4037,60c781f4-1dec-46ac-98c3-134b3f49241a,3
4039,c0962c53-e5e0-4279-8d9c-d734095e6bdd,3
4053,5be4504d-8e67-4f83-904d-640a30ae86fc,3
4065,8dd975d2-4e21-442d-9402-e64c63ef0a33,2
4094,a8649474-432f-49a8-a1d1-417f3928b3fd,3
4105,db1ed59d-479e-4a5c-89b4-5f1fb5c8c0c4,3
4113,75b53229-5d7b-4872-9a22-7d18297a08cb,3
4118,e6695eb5-bd32-4c86-8a6c-e3fa0353bcf1,3
4133,c5d62abd-eb59-45a2-a37d-c1b867e3e3cc,2
4155,362b4a3d-f58f-43c1-8c21-ec4cdcc67491,3
4167,79f7ac96-395b-4d00-b2aa-bb14cc603bb8,3
4172,deac6ea7-d5ad-456f-942e-6d40e4a9a283,3
4174,e3250df0-a530-4a1d-9350-f1ab9e430aee,1
4178,c8d96dd9-a319-43ba-a4bb-e55ea0f98ae8,3
4182,ff0b1ba8-3fdc-45c3-b239-6f726eab9d11,1
4184,28042bfc-0467-4f2a-bf9c-7ad48991b96f,3
4185,432d3130-ee8c-4156-9db9-6f454c047888,1
4187,432d3130-ee8c-4156-9db9-6f454c047888,3
4206,d4028c74-5619-49a0-b1b4-a3e52e05507e,2
4213,62c019f4-a500-4028-aaf7-8e69686411c1,3
4216,0e9b2a65-14ac-4539-adef-5e7deb938a27,3
4225,1b814b4d-c2de-4ee6-9965-8f6fa51c7a17,3
4234,d7d62cdd-4570-4e76-9d87-ccf5229c9a03,1
4246,14874481-d54e-4b6e-96c2-8cc75d95b4b9,1
4248,14874481-d54e-4b6e-96c2-8cc75d95b4b9,3
4251,d60b32f0-300c-4497-849b-07960b4efc2a,1
4252,d60b32f0-300c-4497-849b-07960b4efc2a,3
4263,32b0c81f-6067-4c85-8159-b4f4f057cb0d,3
5695,cf4f199a-ffae-4abb-9367-484f079f3916,3
5714,69eb1d63-c235-45a1-b418-477496f25843,1
5723,d9c747ea-927b-42e3-aa80-46229b693fdb,3
5725,72db915e-2b31-4a3a-9a98-fd02ace9a724,3
5729,39874041-7347-4ca3-916a-92da5ac2af99,3
5730,4209eb27-c7d9-4715-9c35-b7b853206a48,1
5737,526dff4b-3a68-4619-bc7f-7665da362f02,1
5747,76c54854-fb13-45c1-8799-eba04b0b001e,1
5754,16208033-f054-42e4-9497-f529fab23598,3
5756,ab0b1f5a-2a2f-4d9b-aded-7fe54783df9b,3
5760,07251419-6b79-4a50-8221-05287ef509dd,3
5762,6c49a7b1-cb25-473d-8e7e-647effde1bab,2
5775,2bfe476b-9a97-4dc2-89fa-adc81a929a93,1
5791,9889bea3-ac80-4f1e-9d7f-452175452dfc,3
5793,1003b31a-9b0c-459d-9569-3e4d5570c604,3
5800,3fe8d4c9-bc99-4dfb-86c2-d283614f132a,3
5812,e4978f06-efcc-4525-8009-32efdbc2ea7e,3
5827,8faef2a1-b907-4ddf-b025-4c191cd74ebf,3
5874,9f2b973b-0924-4ce6-ab4b-7b4253ef2a60,1
5876,268b2ce5-6b79-42b3-a4ba-886c0042aaad,1
5879,041dbb3b-487c-4666-8cc0-c48d0e051dd7,2
5891,f0b7a050-ad28-42cb-90e0-392bfd69e62e,3
5892,4147b300-b3ce-4feb-94e5-f25f394f77fc,2
5893,4147b300-b3ce-4feb-94e5-f25f394f77fc,3
5910,878f4163-9f0f-42ea-96f0-a60333d6645a,3
5913,12e94d1d-e4a7-44bd-995d-6c4db7a30397,2
5923,7ed21938-8653-4c04-b688-de5f3e3790b2,2
5936,15deb7e6-8dcf-488a-a3f7-7843dc133f43,3
5941,6861ddfe-2c73-4ff2-8475-bc2ef251aa98,1
5949,21ac7c14-6c48-441e-89c7-dcbe9931cc67,1
5950,21ac7c14-6c48-441e-89c7-dcbe9931cc67,3
5965,80b86d01-a078-4d10-90b5-e2fda5e46ac7,1
5969,6aaa28f8-f7c9-4595-b05b-5209b97838a9,3
5990,474396b1-e1f2-4038-a6e8-7646c8904a82,3
5991,75df8ee4-fe65-470e-bcef-e1aacb1ee6b7,2
6018,386cdf5e-4752-419e-aec1-53f7aff6bb61,2
6020,937eb618-604b-4636-8e91-a62c49462a7c,3
6023,0ea8798c-568c-44f1-8436-c5924882b674,3
6024,d8386bce-af06-4aba-a6fd-daf4d1850831,1
6032,4d04c6a4-aa55-482d-9bcf-c209e336f1f5,3
6042,f77117b8-1a81-4bfc-97fc-a5c27f5277c0,1
6043,f77117b8-1a81-4bfc-97fc-a5c27f5277c0,2
6060,d0f84b81-8be5-40ce-960f-e73689980b85,1
6072,8f17505c-a4b7-488a-b946-26fe5799a3cb,1
6103,a5f5c4f0-5415-4acf-b93e-753384b9d5e3,3
6112,51544736-7ff7-4a35-a31b-517755cd3c04,3
6123,f926a33b-9a62-46b4-b73f-56bff56a9919,3
6127,d5a0b406-64d3-435d-870b-629ee2c0da5d,3
6133,edd0f876-7935-4535-9713-692a190f36f2,1
6136,d99de2e0-8062-4b52-baa9-d4c013ca6099,2
6158,d498664a-335c-4423-a751-3e18fa812c11,2
6165,c3fb1a71-3b99-4e0a-b4fc-6744a7687458,3
6174,642f7a0a-6454-422a-aabb-8bcc6a2e0502,3
6179,3fd0baf0-381c-4da4-90f9-1f0a0035e9b2,3
6180,be685465-8afe-4123-b778-4935cf677d9c,2
6185,d09534aa-16b9-4611-b827-b9bb7b036007,3
6187,a1591a1a-f9df-4388-8b7f-b29f6058e32f,2
6189,6c3dd265-ed0c-408f-b3ed-61eb7269be31,1
6190,6c3dd265-ed0c-408f-b3ed-61eb7269be31,3
6191,e6eb479f-c105-46b9-ace0-f819fc79ee04,3
6209,05f7ceb3-e638-4bba-baa5-642ca8862b14,2
6219,12050b4a-96e9-4645-a7ed-94883d0a5fd9,3
6222,cea68f51-05f6-4ebd-87ef-bb8fce84dc04,2
6225,ded1a1fc-1615-4442-8c53-1932e9b7f45d,1
6240,47b27bf1-57d6-49e9-b621-68517b6a9797,3
6249,2f8140ee-ca3a-44a3-8be6-c486c98d95e8,3
6256,e7b36b0c-6cce-43a2-836a-1529b49babab,3
6262,a20431be-57c8-4224-bde0-b500ecf0f799,2
6282,0b8f54d4-53f5-4e23-99ce-8b373c95ffd6,1
6285,5e550ede-a2ef-4407-9adc-e7ce2c934721,2
6292,99fb6e3d-6960-4b65-ab73-f7c0eb8b2f8a,3
6293,9761507e-0c6d-4ef4-8da7-8c2bcda70850,1
6302,f37f50f0-2f1e-42c7-95b9-4aa906e8ff7e,1
6315,278a26a5-e37e-4669-987d-d922bd0b9da1,2
6331,f52a0f7f-37db-4dc8-8fdc-91a0d6d5e2b8,3
6363,53400ae2-f936-4a07-85fd-1c860919e25b,3
6364,dd3fb4b0-1eb5-499b-97c0-5c047cc80300,3
6370,c921fa3e-bf66-4fd3-afdf-ce61188f1379,2
6380,7a4cd10e-05ad-48a1-b192-690fc11f6fe2,3
6383,7edf7489-b591-4a77-80dd-0367bd435e15,2
6387,f4ba8e18-3cea-404a-986c-205699d1c41b,2
6391,170d1961-a654-452a-9d25-607092dfc6fb,3
6402,0171b249-78de-4d4e-adb5-93b3647f7427,3
6403,41c80a69-da37-478c-b81f-daf153106c94,1
6405,41c80a69-da37-478c-b81f-daf153106c94,3
6410,b2b2025e-a46e-4643-a1a6-31b8af864874,1
6419,60e301f9-b951-45cd-bfc0-0f905b316c85,1
6433,dfe31c8b-ac58-4501-aa77-278c86e6a9df,2
6436,dcdac0f5-ace8-4821-af82-1cc7d5fbceed,3
6446,6806f25d-6d42-484a-b94a-d29c7c408cc4,2
6461,dc47c152-ae51-4b9c-bae3-0f18b6673f48,3
6463,dcde11a9-4a5d-45c7-8abf-48ab6e391125,2
6465,d3eb1705-f4e2-4ae0-a303-797f76ff5a4d,3
6468,cb51ace6-2945-47b8-9f0d-7417f56f5508,3
6472,8229ab93-4b99-45f3-a0ec-ec660e2f7594,1
6477,d84a3e93-3e3c-4e5d-911f-88fa1650755c,1
6488,ff9bac2b-c15a-4be4-974d-5d4abae22021,2
6490,dffe6755-4320-4273-b956-f67ffa2ea96c,3
6497,ce0c3d16-ef4c-4a44-b570-94204907cde3,3
6499,03c5934f-dc8b-48df-b008-6728eeb24d13,3
6514,86efc034-3d0d-4e5e-a195-7cfa88fcb799,3
6515,70308bd5-519d-456f-bcfd-950782f4ebd3,3
6537,09cbd7b9-5a97-467a-b318-57c7f416422d,2
6540,f8a89744-1a6f-43ac-b0c9-1189458aca34,3
6557,b7208105-741e-4e54-994e-d7bd9a027727,2
6574,903b175c-8669-4cb8-a5f1-82d4ce32c9dc,2
6581,95afa330-4cab-4b8a-82de-f2a1a040e1eb,1
6589,16a21637-3bdf-471b-b802-b28a63daeac6,3
6605,a0798bd2-cd05-4f6e-bfd4-4be88856983f,1
6618,cf45f115-966f-4d98-8206-563f4c459e8a,3
6619,a0c26c40-5998-4697-8de3-6ded5a4e1b72,1
6636,0b6abb0a-658d-4378-b9cb-7bedbf460fc6,3
6644,7baef850-f67c-414a-9fd2-7f7510db7609,2
6647,2bfea411-817a-4ff8-9b1f-421e07a3e58b,3
6649,d6901292-86b3-493d-919c-2badb9d62053,3
6662,ddb31f7f-a2ab-404d-85ce-4ad2d50278ec,1
6676,12b98073-1206-4581-846f-0b1230c5b6de,1
6698,6dddaf95-e054-4bc8-9fff-956677f2a5c4,2
6711,9c3a945f-4ca0-404f-b26a-a7bb5615f3a0,3
6714,60461179-3307-4b69-8527-0ca03bc1c72b,3
6715,976a8af4-a61c-4efc-8ee3-d34bf4279f75,1
6723,be5233d1-ffec-4d09-bb44-538c1e82ebd1,3
6749,b57a855b-8fd3-4029-9638-b1c8aba03956,3
6757,ae91857a-03b5-4149-bc44-94abe8ce173b,3
6758,5edc39e9-393a-4403-8486-945a37ce1dad,2
6763,c3dd80e2-71ae-432f-b3d7-131edc3812a8,3
6768,2e3f5a73-e805-4966-8a1f-1e5d2217be02,3
6772,3f5ee0b4-46d8-44ed-b632-752d4bf21fbc,2
6785,4773ca72-96e8-4017-a40c-8ff73b9d9ade,3
6786,321d2219-dccd-4669-9488-6f116316c716,3
6788,6bf46957-b29f-480b-b136-be26fe59dfd8,3
6801,083053fd-d0e0-4097-bac2-af1490b738a1,2
6802,083053fd-d0e0-4097-bac2-af1490b738a1,3
6814,1b84bc21-49b8-4918-b3ba-2eb58a8d332a,3
6828,da6b3f10-638c-4cee-851d-b70bfe8bf2af,3
6829,f2405d4c-62d5-44e0-b160-b1667a4673d0,3
6834,3fbb9444-a693-4606-9573-122baa7c3a42,3
6835,3956171f-3a71-4684-9e8b-22037cd5d90c,3
6837,a69fe0a6-0bdc-4181-abad-dbab77a6786f,1
6859,1359de85-7674-4754-98e5-d1987473fd70,1
6868,a7a55b38-fefc-4d25-bfe2-e543842fed79,1
6884,d9ec16ca-1102-446f-81c0-ceb527e7cb37,3
6904,36b9ce31-4022-4949-8bd6-52391b308bc9,1
6909,ac680f3d-85e0-4fa8-bc4b-0d43f2bf69b4,2
6929,64e9238a-adc7-42c6-a6c8-532f25cd93ae,1
6931,64e9238a-adc7-42c6-a6c8-532f25cd93ae,3
6937,ccdb650f-308f-41f5-90d5-7fe009afe664,1
6976,931e4c0d-d1c1-4894-85e0-97c8a5c96aa1,3
6983,a54b7463-dbec-4b71-a558-b49d56c306ee,2
7002,bf2ee91f-2fd4-46c4-a9e9-726b07b31c0b,1
7005,30e56a5b-aa56-421a-86b7-3802092d0d7d,1
7010,34f208c5-8525-48d4-9d88-83de7a349471,3
7026,d04a56db-0f7d-4320-a317-2a7df814a76d,3
7041,8ad6203c-396b-427d-9884-96a84e9d1e39,3
7045,90fd3a1e-0fab-47d6-a284-b82a8003f420,3
7047,261ff53e-00ea-4254-82db-5f054d0dcb3d,1
7048,261ff53e-00ea-4254-82db-5f054d0dcb3d,3
7055,f7dddb7a-f75f-4fd9-81b1-71d9b1909c75,3
7080,0b13a28c-0b32-46f3-a9ec-59ef64773b30,2
7086,84a2883b-5278-4e35-b71f-9e74aec444f0,3
7096,9b5b1a53-376c-412e-b925-5981100979a7,3
7110,fcb196a9-77f1-4aa2-ade6-5329c500ff29,3
7120,e48d96e9-e5bf-4927-92ad-36f884d3e37b,3
7143,81b4387c-2ae2-4e9c-9723-c7646d9fe054,3
7148,e8935e61-dd9e-4d98-8118-65fb46d57fe6,3
7160,d7b3699e-4aab-48bc-870a-e25c37826f39,1
7163,f66431eb-408c-43a0-80b6-d2b663131205,2
7164,f66431eb-408c-43a0-80b6-d2b663131205,3
7166,88ace5a4-5028-4cf7-a1af-3fdbb0208a18,3
7179,73c09ed8-713c-484c-9eac-097b0af4e350,3
7199,58b6c4f3-fa42-4d57-ae73-bff6e9345185,3
4138,07f4941e-1212-4a95-a8c8-c365b0fc6203,2
4162,bf936f7d-c688-4ffb-aab1-ca8ccc288868,3
4171,76fcd95b-e10f-4d5e-8f55-394a2bfa35f2,3
4179,3b55f255-b87e-4756-a9dc-0a6f46d79493,1
4188,3e09a551-87d9-49af-ba54-939475080094,3
4193,0a596804-7da6-4d02-8b09-32733bda14c4,2
4196,921b1c73-402d-4fd5-a541-7caf80b6a9b0,3
4198,f4c60d26-c13a-4685-8996-340829d4d5ef,3
4207,d4028c74-5619-49a0-b1b4-a3e52e05507e,3
4229,ac42f96c-0600-4fe4-a9a6-d866b7962c8b,1
4238,cc159045-2951-49d5-a73a-0070d35ce8dc,3
4240,01251f0a-5c09-4725-8a72-105af0de4239,3
4257,6cc50d91-18a8-4ac2-aef3-2c8214e35bc5,3
4277,138577c9-e05e-4bd7-b7bf-f810eef07f05,3
4287,22dee408-2473-40ce-a773-9d38ddbc61d5,1
4299,14564414-e72d-42d9-b1be-be0e9665d414,3
4300,6ef9c7ef-f3da-48cf-894e-21af88be44ba,3
4308,4aa24f0b-1cc9-4ce3-979f-f1e66036cf48,3
4312,24cbbad8-2c22-4070-9623-ff7fee141832,1
4317,ee07dbeb-8e10-442c-beb1-d761ba59d4f9,3
4321,1d0f57a1-a812-49d5-b3b7-d67b95d931de,2
4326,8ac45baf-286c-4585-9008-70c249a32d26,3
4328,7fda2c65-8105-4598-beae-c8b87a0c7b0f,3
4332,2c35ab10-59eb-426c-9687-dbd02e17ffd2,3
4340,f4d6a442-c962-47ce-a6e6-d535400e9acb,3
4344,ebaf00cb-4a0b-48ef-846d-1d390a571724,1
4386,6b20a542-face-423e-8397-9be3bdefb57b,3
4391,1b22805f-64c5-43ed-9204-178ebe5aab95,3
4399,37a3b972-aa34-4f44-a2c2-53877ac213ff,3
4401,3d5457e0-a98c-4363-8309-fda30a8d5832,2
4404,12aba624-eabc-42a9-8f8c-5c25b5bc6240,2
4406,286b51fa-a4f7-43bf-b861-44b98e201ce5,1
4408,d5591b03-72cd-481e-8869-3b198c0f71ec,1
4409,d5591b03-72cd-481e-8869-3b198c0f71ec,2
4410,d5591b03-72cd-481e-8869-3b198c0f71ec,3
4422,3274c566-6c77-4178-9fda-5496fe327447,3
4437,ce542ef3-cf0f-422b-aea3-2c3271b4d073,3
4440,d1f0c48c-7071-45d0-8ace-483c346b914c,3
4441,c5f897c6-bc71-4d71-8bf1-e60380ff6c63,3
4451,6d24905b-df54-4971-97f9-4066e7bc9a42,1
4455,5c8b2efd-0c3d-477f-a7c8-c4503da3d49a,1
4458,513fcb6f-e139-440e-8bcf-df69a674be84,3
4463,e0549aef-9151-41a8-b1f5-18c767eb4d23,2
4465,98dc357b-ef84-4592-a7fb-52b241958163,3
4472,29bba621-af97-4b90-825b-5b39a72b4543,2
4478,f734d45d-e70f-4ebd-955e-639c9ec0b9d6,3
4486,b2b3df73-8d0c-42ea-a61d-16e7b16d0863,3
4487,1744ab2c-6ede-4ccf-bb4f-8fae9c36c877,3
4491,5053ffe6-3091-4050-a1c8-df7d7bc3047e,1
4494,3ce8ce8b-7155-43f7-a818-60cd0b945e5e,1
4503,7da4e513-4814-477f-87db-0520030243af,3
4533,e1ff1185-48b8-4cc7-a9d6-b7349ff4b061,1
4550,912facff-a378-4ff6-b0c0-1b6ab14a2904,3
4556,1c0ab628-ecc8-4016-a77f-5a7875f777ed,3
4885,f6125962-02a9-40e2-b2fd-29a2bd9776de,3
4906,ccb24d50-13e3-410d-8a87-661211435daa,3
4568,610e68e9-a38d-4cfc-9af4-d6915775b4a9,2
4577,df2794b1-796f-4e60-bb20-291160d26b70,3
4583,e02f5b15-3160-4cef-848d-e4c0a74b1246,3
4585,75d7d815-4d93-4840-9364-dacf1c8edd05,3
4586,e9383c24-abc9-4d4f-ba36-5c663425878c,2
4591,20fab391-debc-4495-97b7-d975265302d0,1
4603,dfcb6cdc-5ea5-4a3c-8d92-39cb7da3de27,1
4609,654aa9f8-7ef9-4d68-b570-baab62121e15,3
4619,c0a55df1-71bc-4bcb-ba31-12b0dd1cf11a,3
4622,9d3fc786-414f-448a-ae3c-ca0b07aab428,3
4868,d547d408-ccdc-472e-8d92-5d843631e115,3
4640,21a09c30-e468-4fb7-8f01-9e9d4b1f4cfa,1
4642,21a09c30-e468-4fb7-8f01-9e9d4b1f4cfa,3
4651,cec71d60-0ee7-4594-b238-ac6032572465,3
4656,fe6d8317-4b07-4b0e-bbee-2bbd0d1b5c9b,2
4657,fe6d8317-4b07-4b0e-bbee-2bbd0d1b5c9b,3
4872,56a8316c-1251-4222-a71b-f2a36c34bf3c,1
4685,411f4362-11f6-479e-ad27-14fc7c27db61,3
4690,b6fd59ee-9326-442e-8867-dbd5f9a79458,3
4693,b9e85a53-bd65-4de1-b225-5758b392172f,1
4702,4a7966d1-f926-4815-99ad-1572eae43dac,1
4708,55d3504b-c75a-4b10-9f33-0c126653361c,3
4714,bc31dd0f-35c5-44dd-9060-a98e97c098fd,2
4715,bc31dd0f-35c5-44dd-9060-a98e97c098fd,3
4722,9a3e55a6-b21a-4181-aceb-50d58c810d84,3
4730,1f43e2d4-4cfc-447a-bb66-4b57db948038,2
4735,6dedeadd-c6fb-4407-ae36-e838bb60a3c6,3
4742,116a1ac4-4da1-4b63-aa9b-7e57e3472dbf,3
4776,ff53d5c5-8834-4eaf-bd76-a9109afbd34c,3
4780,38092f98-4be8-4fd6-b82d-e9dfc35b96b0,3
4782,74915c16-df6a-4fd4-8e3e-3d387a3ea7fe,3
4785,6123dfde-895e-482d-909b-6e2616cbaf4c,2
4793,48fd6a51-d6db-4ce6-b15e-28ce41f77260,3
4806,744f0027-22cc-4ca3-9daf-5a338cfc0e5d,3
4807,d11f8cdc-465d-41b8-b069-808542bfb52c,1
4817,bde32773-6bc6-4f92-952f-7169acc0b336,3
4829,37fb14dc-3577-44c0-b184-08bd5fb87c72,2
4835,f859d948-5a9d-40b6-b060-721f42c87b5a,3
4839,72aba32d-d61d-4229-a37b-679a7e9a6e7c,1
4841,057f7d8d-6f30-4c94-a186-a1b9ad6d53fa,3
4855,55833d13-ee40-40b4-8d33-3e5974eecb6e,2
4881,0a067d83-c673-433f-9ded-0957b3b07d6c,1
4884,6e1f1c4e-58c3-463c-9bd5-068fd291a10a,3
4892,e8d1099a-426a-4891-9916-62de99ca86e3,2
4898,134d45ff-3c5a-48c1-92ee-858965c9b4d9,1
4899,134d45ff-3c5a-48c1-92ee-858965c9b4d9,2
4902,48d20e73-c620-485e-8adc-aca4416f2602,3
4931,de2dd641-5b2b-4a6c-a8df-2ba3e61f3315,3
4939,43f01035-b905-4a2d-8445-0a0114ca21e2,2
4950,23ee70e3-a831-4fb7-aa83-f5ed9031ed0b,1
4955,cbd93084-eaa3-4e53-ae99-d9a9467d9f5f,3
4961,fd7d2b3d-1933-40e1-a532-c1c22e0893e0,3
4962,74a1f0e0-34c8-432f-b8f1-fa4823815197,3
4975,972b4eda-64c3-43c7-9170-3f06e67488cc,1
4978,308e4631-1dee-4a3e-90a2-b71920d7fa0e,1
4981,b6adbf27-22ea-4186-9e03-7d1ed60d4b67,1
4990,d6b4c0d5-2596-43b1-ae9f-14da5293bc83,3
4997,cabb3e80-3c80-438c-9e7d-8c8827159325,2
5001,5d69d0ee-18e9-47f8-b6d6-04212e6ebd33,3
5010,284f49bd-a42c-423e-9a28-9a68a42a33f6,3
5014,b0b22f06-2baf-4d2e-a0da-e5bd353c3f6f,3
5030,14469608-dcf1-4726-a0f2-3898f2e0c0be,3
5033,f14a358d-699c-40a8-b261-5e69a4a536b7,3
5038,317a0e2f-07f7-4cc9-9149-0033fb092de3,2
5056,5ff338de-eb69-49fb-b42f-5d20a1d24939,1
5065,49203808-d278-4ad8-be5d-d35d586bb68b,1
5079,d98f39af-612a-45c0-907e-d6b83e0cd7ec,3
5090,de7c4653-b30d-4a8a-99c5-ca084d42872a,3
5104,bf1b6804-35b0-493b-aa4b-da25e5b5545c,1
5108,2f8b3b1a-183c-4a5d-92e8-bcf3062614fc,1
5109,2f8b3b1a-183c-4a5d-92e8-bcf3062614fc,3
5114,497c9099-df0e-4b1f-ab34-a5c0fadfd587,2
5117,b000a1de-9ac0-49b8-ac6f-3246a158c9f0,2
5136,e5ad2045-9a77-4468-a1e4-f480a4415fdf,1
5141,122c75c0-e8e7-4c7b-9a5f-b75eb296e2f1,1
5151,80369194-c454-44f5-81da-74d11bf9cb5e,3
5152,12fa6274-16a3-49dd-8664-0d062319bb1d,1
5159,6136586d-7762-42ce-9e55-1adc69c7e6ef,2
5168,ba22dce1-e497-4f78-82b3-4f678a6e9dea,3
5179,5ca15626-59af-4cff-9615-9cc938c3f391,1
5184,81c0c4fb-6e9d-46cb-af8b-39727e35be66,1
5193,d2f21d91-4f3c-47d9-80ba-39906aa23b35,2
5201,956d0263-710b-412b-a645-9e0f4d9db93d,3
5205,07ab0cf2-a952-4f67-865f-fa4898bf84ee,1
5209,dcb0f489-7fad-493e-92ba-af4435261773,3
5212,3c4d611b-40b3-4ed3-af08-dabea527e44e,2
5234,bf6b8a3e-47b4-44fb-9303-94f79ab38b0b,1
5238,bb0c1704-db94-491c-a137-ce61a37aa8d5,3
5242,58821dfc-2a5d-4905-8521-3f9aa3ede120,3
5244,dcaff24d-fd32-4ae1-a1cf-293a22135e05,1
5253,113f47cc-abdc-4049-b9dc-c02a187fa570,1
5259,2917fa23-7b01-4fa8-8d1d-5122f208f715,1
5261,2917fa23-7b01-4fa8-8d1d-5122f208f715,3
5270,4138fbff-6bca-4b67-abec-677a97755d22,3
5281,d68d6e61-b4f7-4b00-8b8e-d239ea4a03b7,1
8029,85fc0824-46f1-4360-9bcb-38237aa715d7,3
5298,eabf06cc-e92b-466c-982e-e9a6223e7c95,3
5311,5de04cec-b674-460b-8b50-5a284161114a,3
5314,4e3c3797-cfcd-4642-9f6c-9a6838504dba,2
5316,e143c810-d74c-421a-8629-a07e06555a9d,3
5318,bd289020-b507-45e0-9ea6-5ed5a33d8d28,2
5340,8075f070-a51d-4bcd-a509-73909f7c0f32,3
5369,fd949e86-a6d9-47ec-b662-eef0f6d13473,3
5372,6d872661-3ca2-4006-9756-10775bbf3a66,3
5377,bf8f8949-cf49-467b-ac26-39b812c5e09c,3
5411,732e04c6-45b8-44f4-bbf7-8f8b6b6dbcc6,2
5412,732e04c6-45b8-44f4-bbf7-8f8b6b6dbcc6,3
5416,a75ccf95-5ebd-43a8-87e6-17907909033d,3
5422,71b8b087-bdcd-4a2c-9707-72552451ac76,3
5426,49612ecb-1216-4ff3-985c-84567ee33210,1
5428,49612ecb-1216-4ff3-985c-84567ee33210,3
5434,403abd0a-6604-4908-8eee-bc889259ab5d,1
5440,52f521b7-6e60-4d72-86c5-c6ecf3939782,2
5442,8e4504b5-2163-46b2-a6fd-06346e169969,3
5448,29a13e6f-f4d8-457b-b186-bddda9bf28f4,1
8275,d78ecce0-575d-45ab-b4fa-9106f0f170ba,1
8286,a4acdc8a-d76b-4d83-8ff6-6b0e90f235d8,2
8295,f05cdd5f-4fd1-44aa-8662-8e6253762a69,3
8307,2e7250ef-4239-4586-a3ba-3d44b2b4572a,3
8324,ce7e7f7c-0da0-4346-9e26-98cd888439f3,2
8325,ce7e7f7c-0da0-4346-9e26-98cd888439f3,3
8327,13082d1b-f242-4db3-881f-4ff7ecadc53b,3
8338,ac232ed9-35be-4177-a0c3-bcc23edbe71c,2
8340,454203f9-fcc9-4d19-b4bc-cedd12c70507,3
8357,513f174d-b133-4850-9b0b-b938069a845a,3
8366,f6dd24a7-07bd-480e-adf6-eb959151defd,2
8371,bbaafa7a-d14c-48dd-b2fa-4ae217c6c293,3
8373,d5b95934-4c3c-498b-8241-84de3c97b79c,2
8375,850709b2-9689-4bd7-b57c-caddb8362b6d,1
8380,5cb9f6d8-a219-4d02-ab64-9788792a8064,3
8390,575d5d89-a4b8-4413-8632-826292d73a93,1
8394,c5177990-1f45-4462-849e-61e49953b148,1
8425,acef3032-4342-4e96-85e3-b3b223f04a1e,1
8427,acef3032-4342-4e96-85e3-b3b223f04a1e,3
8438,76906042-10c6-4b3b-8a3f-cbf377e24b21,3
8445,5731cd21-5f90-46e2-a8d0-0a303d567059,1
8459,efcb0e88-70b5-4306-b730-0ccdca454c3f,3
8463,0c8a2d25-2787-45b0-8069-f496ad7cc5e4,3
8483,952ac83e-118c-4f0f-a5a5-8d2bce7a9d70,3
8492,842e0104-3ccf-4c47-9c6f-e2605516359e,3
8496,7a7379b9-8402-4f86-8336-3b019da81784,3
8513,95af3cfc-9bd8-49ac-907c-f0d6d0ba23d0,2
8514,95af3cfc-9bd8-49ac-907c-f0d6d0ba23d0,3
8515,e7cb0333-1604-41ec-b860-ad85544359be,2
8525,0917003d-3d2e-4266-ac3d-ac138b7725ea,2
8531,0cf9d9f7-bdf1-4fbb-96f3-7e05fad3f828,3
8557,dee22680-f204-4ef3-98fb-59d52669f634,3
8560,ca314e5f-71c2-473a-8b0a-80b80f368d97,3
8571,38700297-a3f3-4665-97a7-fab284f2f336,1
8575,3300955e-07f1-4ae2-8990-70bc68178d39,2
8585,96e9a0c3-2bef-4a96-a2fb-fe14efdb2384,3
8610,7ea80847-b3d4-444f-9141-b3c40e6dd697,2
8622,a732a6ce-4cec-4007-aeb1-ac5dbfeb29bc,1
8642,962e2ad1-fddb-42c4-bee8-ba0e4ce320c8,3
8649,5ec68e02-6f83-4233-92c7-2d83a5867919,3
8653,91e51c21-3c0e-48c1-9c7d-a0a2fe469bcc,3
8672,8d86a596-9816-4000-9cc1-87d7bac931e2,1
8675,b9bd26f5-5134-46db-a249-71dffb64c66d,1
8676,b9bd26f5-5134-46db-a249-71dffb64c66d,3
8685,59fa389b-7df0-45db-8108-423980d91909,1
8693,a5b7705a-b0c9-40a7-bf7b-54b8fe297cf2,2
8694,a5b7705a-b0c9-40a7-bf7b-54b8fe297cf2,3
8705,814fd593-01fa-4e41-ad9b-5edb2e1b34d1,2
8714,a853426d-297c-47ee-906e-9f05314424f0,3
8725,c52008a2-65fe-4c8b-b8c8-596c88b8689b,3
8738,fdea2095-89e4-452e-a05c-b4fcc5da5e15,1
8747,ebfd07a7-3562-4756-8541-3e2b4aef2183,3
8753,0510b57d-dc64-4e7f-860d-283afb2c8f95,3
8759,0e0689f1-6919-4d81-9719-2b45adfb41bd,1
8771,f4ac848b-7847-4b50-86a2-be226361ead1,3
8779,fac571e6-e1dc-4351-be44-648742691fe7,3
8792,c659b59a-82db-4f09-9887-b38e77a03c2c,1
8811,cafaa615-000d-4002-a0ad-981e490c3dc9,3
8821,c0b5699e-cfe4-4d47-b21a-a05725d585ab,2
8823,49d36908-467d-4b3c-9c8c-94e55df88cbd,1
8831,de502895-40af-4427-a37f-7d7235eae40a,1
8832,2d471260-e124-4f3a-8f32-a8c34c223393,1
8833,2d471260-e124-4f3a-8f32-a8c34c223393,3
8837,5a0ec7dd-347d-49fc-8453-77c33a9a128c,3
8843,48efd852-7022-4953-9c71-079b3869389c,1
8850,e68edfd9-69db-4f91-9ba7-523505687e21,3
8858,feef2c3b-301f-4507-923b-70225ebdd2d4,2
8861,9d13afc2-97ee-48c4-b8b5-a8b1cc093e33,1
8865,ef832519-e24c-419b-8156-3246e0c077aa,3
8881,29cfce9c-d5ac-4c9e-9a05-f850d9a1ebe8,3
8885,b81fddf1-45c5-4d66-b981-ec8044242b6f,3
8898,0c973334-52e6-4013-b04b-79047d47983b,3
8906,e5259413-d4fe-4853-993f-966be52510ff,3
8911,e971df51-32a1-4008-b899-acd5e4e643b9,3
8918,145ab7cb-60c9-4904-967e-adc356cba240,3
8920,272fcc59-f862-48a8-9efe-cfdba805c21f,3
8926,a421fbe3-3680-4811-8b40-e3df8b9f1455,1
8941,f6947d76-3603-4fac-8459-a1ac6bc39afd,3
8947,2426c564-8b37-4786-8a02-b2b9ce9bb8dc,1
8959,590fb987-bdbb-490d-b060-3cd768288aab,3
8960,59a19e86-668c-4825-a5a2-41871eef4a2a,3
8961,a295e320-7e77-4c3e-9cff-298a4714dab3,3
8965,3f3d9341-ea9a-4aac-afb6-dd8747e67d9e,1
8971,712c1b7a-3c7f-4c68-ad21-7a7fa333d239,1
8974,fa63c2a8-97d3-4283-a69d-88265eb03945,1
8988,7961bc12-4454-485f-9f94-dc9317ead0bd,3
8993,2028dbb6-3909-4470-94d3-a4d317183bde,1
9000,88b060d1-88c2-4b3a-85f4-b322a6672445,3
9001,0c78d441-fff0-4ca9-a7a2-e92644416593,2
9008,bd215c45-d6d4-437e-83f8-55b45e833ee2,1
9011,414fea1e-2582-46c0-83fd-f18e651ac11e,3
8188,dddbd38c-9fcd-4141-acc5-1087795b4f8a,3
8202,112c3ca6-f6ac-4934-8265-56b036217c9f,1
8215,6848e851-d2ef-44c3-898e-976430b2cbac,3
8237,8b71c148-3754-4ee2-99f6-cb4c06edc45d,3
8245,36f2c14e-e571-437f-a432-53c31c003801,3
8251,d942cdec-d23d-4492-b848-cfbdfc413872,1
8257,9c41f882-562c-4857-bd01-1cc32800dfcc,3
8267,d752d17f-c900-4c06-ab9b-2aaf21bf77f2,2
8276,d78ecce0-575d-45ab-b4fa-9106f0f170ba,3
8332,583e0fb6-238c-43b6-8818-76a9597568e7,3
8360,de2fc0d5-7e86-485d-9219-3ecf37a5898e,2
8369,bbaafa7a-d14c-48dd-b2fa-4ae217c6c293,1
8379,5cb9f6d8-a219-4d02-ab64-9788792a8064,1
8382,80ece835-ab33-4424-b0f8-9449091c86d6,2
8386,5f3e03f2-41b4-4f4a-b205-159950cfe8fa,2
8400,61a61e6f-81ee-4c07-a540-957b3dc89120,2
8408,291de9be-30c3-484b-8559-3d26870fe397,2
8413,c619b6aa-c25b-4a16-a1fa-6d85dcefc9bf,3
8415,45fa04e2-35d1-4400-a550-a2bf191684a9,2
8418,ac849a11-361b-425f-b8fe-01eb6e96ac4c,3
8420,35b1adc1-c700-40fb-a413-c854b5bd4759,2
8424,64f05430-73d8-45a7-8065-58aa3be840b2,3
8431,6bbb1e43-722a-41d7-9567-69d04b2a86a3,2
8439,a6767b64-7191-4401-8c24-329d54a1a740,2
8443,2f6e08bf-8a07-4ee0-bcdc-7254715b47b8,3
8447,d39af3c2-3053-4744-b541-6a92f8e3518c,1
8448,d39af3c2-3053-4744-b541-6a92f8e3518c,3
8460,f80eccb3-28f5-450e-8849-7d0b7a7bda7e,3
8470,bc360d51-3b12-4d47-ad41-f829fc021535,3
8480,27ac4369-3f42-4c18-8940-0e70c8b1bf2e,2
8491,842e0104-3ccf-4c47-9c6f-e2605516359e,1
8495,a4dd8f21-703c-46bc-b6fa-cdebc63befc1,3
8498,bfc4ddc2-4a70-465f-8cc3-6cf4f1c7e4a9,3
8503,f7670daa-8678-4458-a5ae-ddc427a9e800,3
8505,500a962f-0dc0-45e3-925c-5d4392569637,2
8509,16e91101-7666-454a-af1e-51916d34a365,2
8511,a0b0244a-1c48-4986-9f9f-4ba50224108d,3
8516,e7cb0333-1604-41ec-b860-ad85544359be,3
8519,565bd3b3-7a2c-4023-a3ce-e42c0d8fff54,3
8524,0917003d-3d2e-4266-ac3d-ac138b7725ea,1
8544,346684cd-026b-439c-ba2a-52105945dbc3,1
8551,23f5bae8-78fc-4a7b-8010-14bef767d296,1
8558,ca314e5f-71c2-473a-8b0a-80b80f368d97,1
8570,99ae4e76-ae85-4ba5-af67-34f622718f96,3
8573,38700297-a3f3-4665-97a7-fab284f2f336,3
8582,ead344c0-7a90-411b-a220-1659dd620194,2
8606,76b95308-3232-4662-9c87-dd116eeeba05,3
8612,7f90311c-efcc-45f0-9869-e570507e3c2f,1
8613,7f90311c-efcc-45f0-9869-e570507e3c2f,3
8629,9826e8a6-3e35-41b5-8d7a-37bcd0b8465b,3
8632,e9b7d7b9-4852-49d1-b8f7-d0e7913d3f93,2
8640,962e2ad1-fddb-42c4-bee8-ba0e4ce320c8,1
8655,26f5176e-0f98-420c-81c5-764cf1c5e8ea,2
8662,0c2cc759-7616-49cc-a4f8-92a9ff351084,1
8668,9aeafbab-715e-4ac7-a4ed-7d9b3ea7ef41,3
8674,8d86a596-9816-4000-9cc1-87d7bac931e2,3
8682,c42ad230-2001-447f-9929-47e0f8195815,3
8688,417c11af-a24a-40fc-8cfb-decec1993b28,1
8690,334accb3-3be2-424b-bb61-4f85a48b815e,1
8699,f290c427-cf4c-4fba-bda9-d2c6fb7bca4f,3
8701,6e50d0c4-95d9-4d8a-91c0-ae51101d2ba5,1
8710,34799c8f-352f-4a91-866d-38d4c4806def,1
8717,b9a01259-5070-471f-87a2-046e37f3ea1f,1
8721,9ebec5bc-4930-4e48-ae45-5736e9603d4b,1
8723,9ebec5bc-4930-4e48-ae45-5736e9603d4b,3
8734,82e9a4f7-f83f-4b7f-925c-6840c6ddecdf,3
8744,81f233d8-d84c-4a20-8fcb-f18e311a3b30,3
8758,f313683a-5fe6-4e3a-b2e3-215c21a4fe49,3
8767,fc8334ae-5700-445c-851e-f6ef4f373063,3
8773,620877a7-51c3-479a-8339-c40d543bd70c,3
8783,7ba0099c-5f12-479e-ba63-3cff2d107c80,2
8784,7ba0099c-5f12-479e-ba63-3cff2d107c80,3
8801,38c0fe82-b2e1-486d-b1de-b59bb879a223,3
8807,9494882d-dc34-4c3d-8655-1e43a5e0184f,3
8813,27223365-23ad-4a23-9e6c-da78fbc50257,3
8824,49d36908-467d-4b3c-9c8c-94e55df88cbd,2
8829,8def40b3-b36e-4ffe-ba40-625f130d169b,2
8835,87e667b4-5136-41e4-a00e-4594e8f77451,3
8838,815eb3cc-6f14-4918-953b-a6719162ff70,3
8846,62de0b38-a657-4e9c-b340-65f5c5ad4c24,1
8851,0c8e9afa-2202-4274-9680-beb3f7c3bfe2,1
8867,4e5056a0-89fa-4a80-94b3-9e6111ca0f8a,3
8884,3cee0977-6489-4578-8ee6-6d295a121e45,3
8888,bfe893c4-99a9-432f-abf3-c8211a759c0a,3
8895,49c85f5f-6282-4c61-887c-44837c55945a,3
8896,580ea2a4-116c-4c21-96d6-7127f8c045f7,3
8905,02927476-7f22-4ec6-92a4-8b23152302db,3
8908,54b16c14-6ebf-4904-bf6d-5858450386a3,3
8916,145ab7cb-60c9-4904-967e-adc356cba240,1
8917,145ab7cb-60c9-4904-967e-adc356cba240,2
8934,557b7bcf-9797-4b26-88e7-1a94d282df3f,3
8952,47a01003-7752-46b4-ade5-1b78c6446e49,3
8954,fd44d563-9a76-4895-b8f2-485d4c81a981,3
8962,44c7d719-67ef-49d4-b443-1a472e2d19de,1
8968,20260820-41c2-4b22-a78d-3057e26b6b6b,3
8970,3429e4e6-0987-40f8-9d45-8d689baa6f87,3
8972,712c1b7a-3c7f-4c68-ad21-7a7fa333d239,2
8987,63480c6b-a62b-4b17-9d05-9b5fc95c974f,3
8996,6483ba6f-c3d1-40e3-8892-07daa0e4e76c,1
9002,0c78d441-fff0-4ca9-a7a2-e92644416593,3
9006,1849ebe0-1e5e-4448-82b5-8e4830d1322a,1
9010,bd215c45-d6d4-437e-83f8-55b45e833ee2,3
5453,e1d6d194-3f27-41ab-a633-69207b17a006,3
5477,29b540d2-1aea-4a1b-8e05-9dc651ffe24d,3
5483,da45c397-8aaf-46fa-98a5-56f3f929c6a4,1
5484,da45c397-8aaf-46fa-98a5-56f3f929c6a4,2
5486,440b89ec-3a78-4336-a2fd-6c385cf8cd6f,1
5492,36ce9735-5934-4284-acca-7ae73c649ada,1
5494,2d8e8ef1-2fdf-400e-9fda-acbf65c361b7,3
5497,0d077043-b13f-4b29-980c-c9b6a5b8f1bd,3
5511,e05470c6-88fc-4c89-b1d3-e0a14f6879e4,1
5513,e05470c6-88fc-4c89-b1d3-e0a14f6879e4,3
5518,7e412e63-5df4-49f6-8969-3900f08de4cf,1
5530,8a27f9ea-90a1-4ed4-8d6e-17c5ce7b7549,3
5533,728af58e-f880-460c-9710-9aac934fcfea,3
5541,e21b8d44-35fc-491c-99ae-97a621b32ebf,2
5553,0ab4580d-f50c-4438-8e57-b89a31cf64f1,1
5557,68c0605f-823e-4730-83d5-195c92b38ee9,2
5560,071d6920-240c-42a1-aa3b-f526ff49c68b,3
5563,74c56a9e-cd60-4249-b3f7-37197ceabc6c,3
5580,6497327c-4ab5-4687-bbba-eb24f904e687,3
5583,6a373362-93eb-4767-b34d-b503c943ec09,3
5586,af5ad306-5eb6-4bf6-b7da-18418c303aea,1
5601,0306a546-048a-45d4-a284-4c7fe77a920c,3
5609,a539a89a-3358-4f21-881b-b41497c08bd0,1
5615,616225ba-f526-4be9-9ceb-e7f9d01ec7c4,3
5617,a0a15366-4f96-420b-a718-b2d3aa9ceef7,3
5627,58349423-e79d-4d51-8f62-c36770ee818b,1
5633,ae99f3d5-fe79-4886-a208-3f3b3f4a4e41,3
5648,94ad6a29-b12b-43b5-8813-15fbbebf9bbe,3
5655,9ce5db8b-2cce-4b4d-bf89-89afeff73bbf,3
5663,2e7fee4f-7920-4e85-9901-cdf6ed183c85,3
5670,510ca502-e0de-4566-8095-57b98206d392,2
5678,ace0544e-0167-4b1d-9ed8-7809b24c398a,3
5682,fe2792ba-c419-4301-8bbf-ec01ccb68dc5,3
5689,07c65407-710d-4793-9ff8-33fdb0247ff1,1
5694,8ba34551-ffc3-4ce9-8051-b95357755afd,3
5700,2b88816b-c0d3-4b04-93b3-bcf5c2e37a0c,2
8033,f7850a15-1b2e-4779-b84b-94b8b436ee28,3
5709,f8543606-9543-4ea9-b346-e08947caa67b,3
5717,c55cd278-1d05-49b0-9847-9dde6f507094,3
5732,4209eb27-c7d9-4715-9c35-b7b853206a48,3
5733,987e2f4c-9adb-4385-97f4-d3ad7e6c877a,1
5748,76c54854-fb13-45c1-8799-eba04b0b001e,2
5751,1cf3b994-b039-4841-ba19-2533a0b9c28f,2
5764,e2b688c7-a325-41c8-b9b7-a7dc9724c6f9,3
5778,e58ef043-4b37-4896-9c7e-99b4a9ee7025,3
5780,f0c6f584-2532-45e8-9e8b-53d0bb0a69b6,2
5789,9889bea3-ac80-4f1e-9d7f-452175452dfc,1
5792,d224c7b7-5205-44f4-bd07-5861ccf32363,3
5815,5da51d51-fa2f-4a5c-aac9-40483d88b07a,3
5822,a9768eea-b03c-41ca-b9bd-474da7e516da,3
5826,8faef2a1-b907-4ddf-b025-4c191cd74ebf,2
5838,820809a5-478d-407e-8950-6486d9dc4b44,2
5845,164c5e2f-4904-4434-bbc0-35c4ec255073,3
5846,27101acb-da91-4751-b39b-584887e9f7dd,2
5848,d17bc6db-4998-4507-9137-229eb9de673f,3
5855,5a6fa8b1-4638-45c0-bcc0-91e66f7c8ff2,3
5868,35d4f9f8-462b-48d0-9178-db4e306011f4,3
5887,a17cca9c-11a2-4372-b4b1-4411c568133d,2
5903,4d0625c8-eac8-4c72-969c-4b58eeb4891d,3
5904,11c54fe4-7257-426d-9b4e-18a17b6761ed,3
5905,10e4e84a-b617-47b1-95e2-8e41f1d73c1e,3
5911,b104a46a-b170-4c2d-8848-5560690bf83f,3
5917,ced58d44-96ee-4ca4-b403-a41b8b37f731,3
5918,fe8cb0c2-ff1d-4782-a9d3-4ce056eed8d9,2
5937,20691fe5-8d1d-40c2-890b-21ae2925d076,2
5942,6861ddfe-2c73-4ff2-8475-bc2ef251aa98,3
5947,0b69c919-62b8-4d02-ba43-e8ad52d6e02c,2
5948,0b69c919-62b8-4d02-ba43-e8ad52d6e02c,3
5951,3a2d1c25-a9d3-4643-8804-20657dbacb48,3
5962,c5ace4f7-c59d-4ccb-9b28-f2ea6e46c8d5,1
5963,c5ace4f7-c59d-4ccb-9b28-f2ea6e46c8d5,2
5968,ea7f508d-98ef-41d6-a518-e756b3c86a8f,3
5989,474396b1-e1f2-4038-a6e8-7646c8904a82,2
5995,a59f436d-2164-4996-919d-795b65cfdadd,3
6007,c16b15ba-78c7-4f34-ab90-def60fa5ca73,3
6009,ffcc3fc5-c193-4e6d-ab0d-46b0d7070ea1,3
6026,d8386bce-af06-4aba-a6fd-daf4d1850831,3
6033,9ce8117f-95d2-45b6-8da5-fc9e707d70fe,3
6037,793b9237-2cd7-4dd2-9c5c-492bc1ea90c3,3
6038,5b483593-63df-4af0-9afd-86f3f031ec79,3
6046,ef391733-0181-4b87-a216-9295c5082d01,3
6049,6dbf1d72-c43d-4943-89fd-6cab82673bef,3
6054,a290c13c-73e6-4b02-a558-ac4582f1f30b,3
6056,54778b7c-1629-44bd-9811-c524707e086a,1
6061,d0f84b81-8be5-40ce-960f-e73689980b85,3
6064,4bf5ae26-7bb1-452d-8449-ef9b4e4c9f5f,3
6067,6a469f62-bd8d-42d1-8d7f-cc68045435f0,3
6070,4a9d8b1e-414c-4051-81bb-1040dcd22e6e,3
6074,8f17505c-a4b7-488a-b946-26fe5799a3cb,3
6090,c8924bbb-354b-4d6e-b63e-99e8e3deb048,3
6094,d520bbec-5c4b-4916-999b-f24620c789ea,2
6095,d520bbec-5c4b-4916-999b-f24620c789ea,3
6096,45c80411-34be-487e-8ef0-fbdce95cf472,1
6099,27c5f2c4-15a1-4549-ac17-ba37f91431b9,3
6109,3e02fbfb-294f-4179-b287-274af586d911,3
6115,8c9d053c-6996-438a-b733-6f2bf4210af6,3
6117,9a04e503-75dc-4125-8781-05c82ff44563,3
6160,a0be0f84-54f7-4945-8855-ea1959290647,3
6161,34219a2e-ed9f-4392-9080-b73a46749f52,1
6169,7d41e37d-e356-4451-b01b-8365d3f90e2b,3
6170,0bfbc3e3-c2a1-4d99-b216-82adf3a13dd4,1
6172,0bfbc3e3-c2a1-4d99-b216-82adf3a13dd4,3
6173,642f7a0a-6454-422a-aabb-8bcc6a2e0502,1
6177,f614fd53-f8d7-496e-9974-276e5450e451,2
6186,68de261f-ff68-478d-ad56-ed38987bf411,2
6188,6404cb87-8952-4a3d-acba-9e8623a8d6ce,3
6208,15eeba77-4c1d-4eb2-8fb1-00c1e9419ea8,3
6220,293532d4-07eb-46d3-bc73-303ca4616c6d,3
6236,5139e733-5e1e-4a61-8c8f-fd6b32c1a598,2
6238,bc3d6afe-67fd-4f4d-9faf-39a9152bc0ea,3
6252,a2ddd36b-7184-4e11-910e-297cbfb5df8b,3
6254,2a0bfe7f-7b56-433e-b205-22fae3decf3c,2
6261,05f2aafc-990c-4030-bbfc-778f56fbdd1b,3
6271,802ca867-cc7e-4ce9-8902-ded728c2d9aa,3
6297,7890bbf1-fa4d-494b-bec6-9b6e726a7a82,1
6301,3ed5a905-6988-458a-a407-3f87ad1a9e64,3
6305,dbb7f185-dfde-4c1a-ae74-af83a83002c4,1
6332,2a11879e-59b1-4c0a-8bff-2f95000148cd,3
6343,d3909fc7-2ecb-45ea-975f-6897bcc99358,3
6345,2853cbe8-9a18-4438-8299-988fb749f61a,3
6349,a5f4464c-0fc9-4314-87e5-9c22c1e85e38,1
6357,d8bcdd86-c71c-4894-8e9e-53c9830553d2,3
6358,6e1dd7c4-3f02-4d19-a695-a6d5fb783a64,3
6359,a70a7849-65c1-48c7-906c-d7deb60a82be,3
6372,b4776386-6fb7-4d92-914d-d0e9ae921443,1
6373,b4776386-6fb7-4d92-914d-d0e9ae921443,3
6378,7a4cd10e-05ad-48a1-b192-690fc11f6fe2,1
6388,f4ba8e18-3cea-404a-986c-205699d1c41b,3
6395,c37c68d5-5b3f-4725-810d-e0a440595e46,2
6396,3981bf61-0678-4f55-b8b8-db2ce07fc4f0,3
6399,41eb1c69-f04c-4419-a703-e3653912f841,2
6408,709300f3-f4a1-4d36-bb9b-21919950b1d5,3
6416,6bc3ac81-4c95-4421-9c74-3e29582f1970,1
6420,60e301f9-b951-45cd-bfc0-0f905b316c85,2
6422,16b0b4e7-90a8-45df-ac59-1d6191a0d4d5,2
6426,a42f0855-7e1a-4195-86cd-b22ff61e6586,3
6435,dcdac0f5-ace8-4821-af82-1cc7d5fbceed,2
6438,e58db97e-736b-41c0-a216-2fe42a2207f6,2
6442,fda518a6-ab8d-46c3-88b5-222224c4919e,3
6451,8e0b5b30-7876-4bc9-9625-81494eaae984,3
6457,c26f3c69-af52-4b51-a0c9-f1abd6f0dc8d,2
6473,8229ab93-4b99-45f3-a0ec-ec660e2f7594,3
6484,d73521f8-862b-4116-ba5a-2607f4e4f3a2,3
6513,86efc034-3d0d-4e5e-a195-7cfa88fcb799,2
6516,bcc13345-6e5f-431b-a375-60a72acb3fe1,1
6521,4406673a-004c-449f-aab1-32ffe1ce17ee,2
6524,84dce5be-2879-4aab-8c15-3b67227c5fdc,1
6526,84dce5be-2879-4aab-8c15-3b67227c5fdc,3
6528,271ee51d-92fc-4972-b196-316150d52e58,3
6533,7db0347d-6465-40d2-891d-32f0b1873e36,3
6538,09cbd7b9-5a97-467a-b318-57c7f416422d,3
6539,e8723acc-854e-4761-b6fd-faea1120f36a,3
6552,10c1a62b-d0f0-42fa-836e-c07e66d00471,3
6560,da9092ed-0366-4bf0-95a1-eba05a4b86b4,3
6561,aa6a4e53-4caa-42d8-8c7c-38d831b692d4,2
6563,fc6f9ff1-18b1-492b-92f6-8cae6c5363b1,2
6570,7f19a8b0-95ad-4aa4-81a6-5b241d4d337a,2
6583,02a72d10-b7e4-499c-b41d-6762eb5fb8f8,1
6588,16a21637-3bdf-471b-b802-b28a63daeac6,1
6592,e251063f-1e95-4340-91a7-65d758c7eaa1,2
6595,713a5a22-68d5-4c8e-b36c-0e3a5f2bea45,2
6602,903f1348-e35e-4f46-aa10-af4ec205e198,1
6611,4918597a-f289-4eba-b2c7-4dc3180fc1e8,1
6614,ae1630f5-1257-4aee-b655-c1526e7bae08,2
6633,15e5b504-bfa6-4f3a-899c-716379d6e234,1
6634,15e5b504-bfa6-4f3a-899c-716379d6e234,2
6638,85da4838-bf1f-4d36-8cde-7254fdd56bd2,3
6642,11718078-25d7-4fb8-b1b4-2fdb6451bb1d,2
6680,ced61e93-75cc-46fc-8e8a-43dfb3392b74,3
6682,1a7139cd-8f89-4372-9651-168537aa7504,3
6684,cbc37e42-539b-402e-b114-32b971246374,3
4270,af4167eb-f4ed-4adf-a4bd-e5c67ed00018,2
4276,138577c9-e05e-4bd7-b7bf-f810eef07f05,1
4278,eddce3b4-4e49-46d8-81f3-1d3dc60492e5,1
4279,eddce3b4-4e49-46d8-81f3-1d3dc60492e5,3
4281,7236fb66-1caa-4c8f-b962-755a895ab0f0,3
4292,54b50531-a540-4051-b11a-5c8c6b9975ff,3
4345,ebaf00cb-4a0b-48ef-846d-1d390a571724,2
4352,c20c118a-1adc-42cc-b39e-3626199345df,3
4353,f8346f9f-fc02-4240-be86-f398f12a89b2,1
4361,88616b54-398b-4057-becf-dcbd02dd3505,2
4362,88616b54-398b-4057-becf-dcbd02dd3505,3
4365,dba0bf80-1207-43d4-ba35-4f4166e2720d,3
4371,8cd761ae-f0db-47d3-a4db-7772daa91a83,3
4378,f67c5417-79c4-4172-975d-f287f9d71729,3
4382,a2585bf0-833b-4066-b3b2-16bb3993af33,3
4389,4cd06d20-363c-4eee-9ba7-3820252acfe8,3
4403,12aba624-eabc-42a9-8f8c-5c25b5bc6240,1
4428,b10ad5bb-0cdc-4a8d-96b1-c8ea82797f7e,3
4432,e5ff8f20-57b0-4882-b6ce-5c2cdc5e1fe4,2
4435,0c4eebd9-3916-4be5-8f56-00db0ab6abba,3
4439,d1f0c48c-7071-45d0-8ace-483c346b914c,2
4445,6bb73131-9dfe-49d0-bb22-42d60a8b857f,1
4460,d80a5ec6-0a07-4559-ab1e-2ae56086fd03,3
4468,1e396de3-164e-4d15-a221-6da17de8a9e3,1
4483,ad4b4172-a314-4e94-8766-4fe3423a41c3,1
4495,3ce8ce8b-7155-43f7-a818-60cd0b945e5e,3
4515,fca9b2dc-4b4d-4fd0-93a4-c35e63f59f4a,3
4528,586e3518-9eda-486a-af1b-d3b9985cea30,2
4538,ba376869-dd47-4192-b136-82fb76a75707,1
4864,d1356ad7-6f8c-41b2-9b8d-c34e2bc77d81,2
4877,9140a3c6-8e07-4616-8d23-b4ece3949800,3
4587,e9383c24-abc9-4d4f-ba36-5c663425878c,3
4592,20fab391-debc-4495-97b7-d975265302d0,3
4597,e6aaf1f5-7052-4b49-ae0b-0a40a49d3311,3
4615,db8ec62e-832a-4473-af8a-a92ee964095f,3
4618,c0a55df1-71bc-4bcb-ba31-12b0dd1cf11a,2
4626,f26e8258-0df4-4c52-8cde-da6f57f6f26d,3
4658,4454912e-b8f1-415a-88a4-8a3b921dfcf7,3
4663,35503964-7b12-4a56-a4fb-cd45fb5f4567,1
4684,005da798-294a-4233-8558-c2a117e26e9e,3
4688,26a405fd-8474-4eb9-938b-d599f4571409,3
4692,2b95d698-5d60-4a2c-9d14-d5a9694957ad,3
4694,b9e85a53-bd65-4de1-b225-5758b392172f,3
4699,18b8c73d-261f-486c-8240-118dcf47cd7c,3
4704,4a7966d1-f926-4815-99ad-1572eae43dac,3
4713,bc31dd0f-35c5-44dd-9060-a98e97c098fd,1
4723,1d55caf2-ce55-4219-b5fb-1bbdedbca002,3
4729,1f43e2d4-4cfc-447a-bb66-4b57db948038,1
4737,9e42feb0-d001-4579-b270-314ac59f7fd2,1
4743,81fe6f39-367d-43a6-9e6f-273c3516a4c9,2
4749,392bfbf5-4c43-436f-b69e-b0bbd0bb85af,2
4765,ec3de83d-7a49-498b-bd3d-e437111979a8,1
4777,540cd826-a21b-4401-aa5f-1314cb54f27f,3
4779,38092f98-4be8-4fd6-b82d-e9dfc35b96b0,2
4788,c0e1673a-f7f8-4534-bf42-311509db3e53,2
4792,48fd6a51-d6db-4ce6-b15e-28ce41f77260,1
4794,be0ce35e-a933-4467-84fc-e08d45fa81b2,3
4796,c52cf6c6-3f69-45cc-8c4b-f11b512368d9,3
4809,d11f8cdc-465d-41b8-b069-808542bfb52c,3
4814,60001268-8258-403d-8dbc-9467f1a3cc20,2
4850,de626625-a90d-43be-a75c-7687337bb37b,3
4854,55833d13-ee40-40b4-8d33-3e5974eecb6e,1
4882,0a067d83-c673-433f-9ded-0957b3b07d6c,3
4893,e8d1099a-426a-4891-9916-62de99ca86e3,3
4920,aeaff02f-41ad-4f94-a2ae-a6defc8daa84,3
4924,4504f8e5-5c5d-4ca8-9b4f-45dd16f61bbb,2
4937,b171b91b-99da-4e11-beae-65b58bdf11de,3
4941,5cc8d503-7977-40c6-8a86-556278f10b43,2
4951,23ee70e3-a831-4fb7-aa83-f5ed9031ed0b,2
4952,23ee70e3-a831-4fb7-aa83-f5ed9031ed0b,3
4954,cbd93084-eaa3-4e53-ae99-d9a9467d9f5f,2
4957,962fbd7d-1aff-4bd8-847f-0499117b344f,1
4963,b0c49599-28c4-4863-8ec7-519cbe30f99e,1
4964,b0c49599-28c4-4863-8ec7-519cbe30f99e,3
4965,b9212c67-94bf-4424-97a2-2c459288b2de,2
4966,b9212c67-94bf-4424-97a2-2c459288b2de,3
4973,07a854e8-a845-42a3-966b-1e477af23f9a,3
4977,972b4eda-64c3-43c7-9170-3f06e67488cc,3
4983,b6adbf27-22ea-4186-9e03-7d1ed60d4b67,3
4993,08660bb9-a83c-4100-bde5-578898264827,3
5007,b87d37ac-82bf-40d8-99f5-f27fd4b20590,3
5013,b0b22f06-2baf-4d2e-a0da-e5bd353c3f6f,2
5015,17a0a858-8113-498b-9342-9f97c26a7c4c,1
5029,14469608-dcf1-4726-a0f2-3898f2e0c0be,2
5041,c7fc474e-236d-431f-b4de-000d46de4a33,2
5054,84dfd618-95f1-4215-9083-8071c4fe3c1b,2
8024,db7d9e1f-39ec-4b42-9476-7141b32f6e5a,3
5066,49203808-d278-4ad8-be5d-d35d586bb68b,2
5077,d301b565-0b13-4776-bf61-dbaffe75b27c,1
5078,d98f39af-612a-45c0-907e-d6b83e0cd7ec,2
5083,9b55016a-b0cc-447c-b73f-980123471105,3
5106,bf1b6804-35b0-493b-aa4b-da25e5b5545c,3
5115,497c9099-df0e-4b1f-ab34-a5c0fadfd587,3
5119,33ad4dfa-adc9-4045-aaf7-a9a59328474b,1
5123,ef31c286-f494-478c-aea3-80d7532d9081,2
5139,d9824316-b0da-46bc-9553-89ea21092298,1
5143,6d6c3bff-f8e9-408c-9a7d-197a0ae8ff8b,3
5161,dbcb83f0-54af-4e3f-bad6-deba1624f7d6,1
5167,ba22dce1-e497-4f78-82b3-4f678a6e9dea,2
5171,ebb393d5-ad50-4592-8ed2-cffea158572a,3
5176,e42ae74a-49ef-4871-a964-95c27b2c036d,1
5177,e42ae74a-49ef-4871-a964-95c27b2c036d,2
5183,dd1c53b3-f435-4fd8-ab9b-d71857c9df89,3
5187,34d57046-c8c4-454d-8acc-9836aa3cf4dd,1
5196,80ddb309-7076-4afb-9e97-ee1552fb59fb,3
5228,9b909f27-7e8e-46dd-9e50-919032351f5d,1
5239,2f16adff-17b0-49f3-9716-b8d39db715f6,3
5254,113f47cc-abdc-4049-b9dc-c02a187fa570,2
5255,113f47cc-abdc-4049-b9dc-c02a187fa570,3
5256,a537f17c-5a42-44a5-9847-4ae625a053c1,3
5264,6bd2f799-9068-4a4a-b0c6-aa4a88043877,3
5272,aa0eb078-dcc6-4683-bfa3-53cb356a30da,3
5273,aced431b-07a3-436d-8801-858610372825,3
5277,d1e6ddfb-a9e0-4a04-ba98-881541b76b0b,2
5278,d1e6ddfb-a9e0-4a04-ba98-881541b76b0b,3
5283,d68d6e61-b4f7-4b00-8b8e-d239ea4a03b7,3
5294,857c3aea-1129-4af1-8fd7-144527ec9fb3,1
5297,c9d0144c-713c-4905-a8d4-c5877c05a955,3
5301,e7a1a73f-4679-484f-a435-8fcba932baa0,1
5322,194cf728-3dac-4a16-80d3-16d98b75e57f,3
5338,7e15405f-ea4c-441b-b134-76fe503647e5,3
5345,6aee2556-278d-4046-a6bb-1ac97db119a8,3
5354,dfc98f65-ed74-471d-a87d-400cbcf28d64,1
5356,ce1de35f-d0e8-46a6-b71d-997f61b0e67e,3
5361,5a54b17b-7e58-42d9-a8a9-c95c24c1be37,2
5370,6d872661-3ca2-4006-9756-10775bbf3a66,1
5374,2f4b5645-70b0-4623-a7da-66e0365d5f3a,3
5375,a6b44f7f-f1f4-4700-95a9-ead15ab4a03a,1
5386,c961f0ee-aebb-43ed-a948-a7212f530fa0,3
5392,00d4d38d-50a6-4f35-8540-f6be266e637b,3
5396,1862fdca-c756-401e-b585-f16f48877815,3
5401,019d4bad-2bf1-403a-abe5-64c5575a4b0c,1
5417,4678fa45-9e5d-4285-b5f7-1d8d18b1bbb2,3
5429,46589e4a-5aee-44e0-8d5a-2c5ccd110ea0,2
5430,d3ca26e1-e3d9-40c0-a335-71a6324d90ab,3
8026,18f039ad-b080-4e10-9fab-7d2735928085,2
5456,ea0fb4a8-19fc-45a1-aaf6-7a5294979c5d,2
5462,db03f126-e6c6-4061-a7d3-0cda34cf03a3,3
5465,c4b4f61d-ebf1-4560-aff4-f91aecc963fe,3
5471,80872448-4c73-4083-85d6-3dcc9894f646,3
5474,9c6cf30e-9dce-4f48-9314-1efee7579b99,3
5489,6327117f-eca3-4696-af2a-9df80feaa18f,1
5521,bcf61b79-161a-44d0-8930-7788a32a29ab,2
5529,05746d8e-79a9-4616-bd4d-64ca5a338b11,3
5573,0fac98b7-079e-4d00-b2c5-d427bb44d96c,1
5576,36315940-2d57-45a2-af1c-68d74796a16a,1
5584,3bba13ad-2dc0-4041-b4be-ed3e60588921,3
5588,05a8e174-f297-415f-9eaa-edc647f25a04,1
5589,05a8e174-f297-415f-9eaa-edc647f25a04,2
5590,05a8e174-f297-415f-9eaa-edc647f25a04,3
5595,b04f00de-caa5-4bf9-ab0a-7f66ced8e233,1
5599,f2795d53-500b-4ec5-b422-999bfb982789,3
5603,d8edf91d-9432-41e0-8e6c-53e7ebf32426,3
5612,6ad73c06-a146-458c-9778-479a79b4085f,2
5613,6ad73c06-a146-458c-9778-479a79b4085f,3
5623,a8add846-a775-47db-8c04-a529e0db023f,3
5624,548a3d44-2dcb-48b1-88c3-834e77219f77,1
5625,548a3d44-2dcb-48b1-88c3-834e77219f77,2
5632,d7504570-c9a4-4da0-a942-47d293827756,3
5652,772cd12d-924b-4801-809c-23abaa368652,3
5659,2df78e2c-440a-4d87-93d6-b50e81b6eca6,3
5669,510ca502-e0de-4566-8095-57b98206d392,1
5671,510ca502-e0de-4566-8095-57b98206d392,3
5672,7da23de4-59dd-4c6c-89be-b794a94ffb41,1
5687,203a2197-96bb-42d2-aa22-ca4bee51cfa4,3
5691,30fd135f-c501-4023-82bf-43d90abc3880,1
5712,8f98cd84-bdbb-40dd-b069-3fa396cd885c,3
5718,f17f4b95-940f-42cf-be4a-9f8d80cddbb5,1
5722,d9c747ea-927b-42e3-aa80-46229b693fdb,2
5726,566a3519-cea7-450c-95f9-3a8a46ec0bf3,2
5741,d75ab891-7978-4cb4-a959-dd204ee4fd4b,2
7201,cba4ed80-7891-472b-af4f-b39dc737cfe2,3
7202,3fdc5006-1a33-4364-ad4d-d11429157347,3
7208,20866f22-6b1c-4ddc-a65d-a9925ff6346e,3
7217,f28cee3c-e948-4b55-a78e-0f65232ee4ed,1
7220,e3b72417-b651-4e4f-9c65-bfb939fbdd26,3
7221,dce1f342-e02c-4557-b54b-a921d2bf0a35,3
7222,ae7ca480-16a7-40b6-82a7-4bae727133a7,3
7236,f83fad1e-e6e9-4ea1-8396-695727a0eb10,2
7238,94cbd2a7-9823-4fd1-bf85-da8fe66f4eff,2
7244,6345d4f4-ac8e-4d1e-8973-21056a075d7f,1
7246,6345d4f4-ac8e-4d1e-8973-21056a075d7f,3
7253,39443438-fcce-4df7-852e-10fd70a862a5,1
7256,d215de5a-8090-412e-9672-e76e7b9fc0aa,3
7265,d1a431bf-695b-4247-bbbc-b4e0f31aa510,3
7267,023afd23-1f9d-4d66-9e19-6e18c65a6c3e,2
7269,08a18ee7-53d5-4fe0-8fdd-ff3990322ec9,3
7270,55e4f79f-cf0b-417b-82e7-b7a3fc08340c,1
7298,0be2cc80-555d-4f02-ab43-8a8dbbc986d9,3
7311,106372bb-98b1-4ac3-9bb9-045541fafd35,2
7312,106372bb-98b1-4ac3-9bb9-045541fafd35,3
7317,f9c5b30b-56d8-4df6-bcf3-3fbeffb8b40d,1
7328,dac20995-d309-406c-926d-e099c17c8fb2,2
7333,993e0746-6295-4388-93dd-6ae874ab7652,3
7348,cb85ede0-2198-452f-9d4d-bd28c5d1ece9,3
7358,f26c81a4-f0eb-4a85-be24-e9616111eba3,3
7373,ab3bbb86-e141-4a01-b978-431337c6130b,3
7397,b0b75d26-1723-4661-9448-4643cc99c0ca,3
7399,59e0da3c-fb97-46a7-bc11-23e9e2d527a8,3
7402,6404133d-d57f-4959-9a51-4e0140541467,1
7407,4d118e38-f48b-45e3-803a-24bb382e2109,3
7415,f4772665-e3b8-4846-8921-adaf93e993fb,3
7416,d037e050-c853-4a61-86ad-3fec635f0ed1,2
7419,9e83ee8b-ac16-4d8a-a6c5-2b331df27a68,2
7433,4ab347fc-f36a-4cba-94cc-b40d7bb79e8a,3
7438,a7b1ea71-e229-4948-ae74-9ef6e9a9e7aa,5
7452,00c8dc7e-8082-4579-8fde-a52a97a93086,2
7456,38be5228-3745-4a75-a77a-17d5a260f15e,1
7461,36706dc7-0996-4ea4-bf4f-0a4141713eae,3
7478,1c1459c6-c75d-4114-9de2-f6bde28a5aaf,3
7480,caac89ef-7346-4313-9469-cecd145c17f7,2
7515,2099758f-0fc6-4b22-8eda-4a992bace354,3
7522,1b5f6ffb-ebd9-469c-b662-133be65b0bdf,3
7529,319e0739-6fe6-462c-bf15-62e74983e396,3
7532,e165ceee-63a4-417f-aef2-b027074bde84,1
7546,11605358-71d7-4162-bbc7-63e1c93d1c5f,3
7553,a61be846-8abe-4fab-b00b-bb47017c0537,2
7557,be15e534-fe8a-4ec1-81bc-55ee360ae34d,3
7563,50badb2d-149e-491f-b596-6add728a6ff6,3
7569,874b77bd-5cce-4719-8a80-d9419fcb819e,3
7575,05785cec-433d-45fa-9be8-0bfd4a83348f,3
7583,11448f8e-0fe3-4e81-929b-9ab54ab2292c,2
7602,1bc0c2c9-96b2-4a75-a611-530818a4381a,3
7605,4f9c1c69-a633-4584-8341-d522a40f94f2,3
7611,203a83a0-0048-486d-a24e-62f33468b72a,3
7617,535b945d-c422-49b4-9a29-447f5895974f,1
7618,535b945d-c422-49b4-9a29-447f5895974f,3
7621,9d5f264a-d932-4e8f-bd5e-6dc905eb5740,3
7650,0b1b2ee4-ea8f-4006-b154-f3d90ffccf56,2
7658,08650e44-d49a-4b7f-94c6-47a89efc352c,2
7670,6caa32ea-ee8b-4241-8c04-02723dbff460,3
7685,8dbf0190-0254-40f2-87cc-bc34141a2314,2
7690,50badb2d-149e-491f-b596-6add728a6ff6,1
7699,0d8b3eb2-b712-4814-a1fb-04c11b5fc44c,3
7702,a3518a37-e4cb-4023-a43c-b583610b163a,1
7710,09f6248b-9af3-469f-9bd7-2cc96ff6dad9,2
7712,65f4393d-eae8-4c2c-ade2-c7a814a1c72e,1
7715,807870e6-4db9-4faf-afb5-a27cd67142f1,3
7726,5b5d0c4a-d4b4-4899-8bad-c8c34834cde8,3
7740,83f3cf55-1c8f-495f-9aaf-b7a1ad6ba929,1
7744,172ad686-3f41-4fb4-b292-7faa869bab1e,3
7747,25b7f3ee-7c17-4ceb-9c1a-4c856d71e685,3
7751,7424a722-077b-476e-a4f8-c7be633de279,3
7753,b568f414-3b7e-41ef-800f-3310ea0bf88f,3
7754,cfc3e86c-ff91-422d-9cb6-c0c3c977dcb3,3
7764,5cfd07ac-fcb8-4ff4-a1f7-11ce9c119439,2
7775,46f97965-2a19-457b-b5c7-0998117a8a21,3
7778,a6046718-6477-4c23-8f78-f2da8fc60d90,3
7806,69d6b064-3702-49ba-b654-00f066de16d2,3
7812,873007e4-3ccc-4f9d-b1ad-606d3faa9ea5,2
7818,15bf9dd4-b2cf-4e34-acfa-e037ce099e5e,3
7821,1040f1c8-227b-43ad-8246-c428f4fb7ecb,3
7825,a43a27f7-633e-4360-8966-ea35527d5d7f,3
7835,9a98da03-c28a-44ce-83a1-186aab9e3e93,3
7841,78a87ac1-fe16-4e0e-b646-69bf8b39f06b,3
7846,ab8f7fae-ebc8-4e15-a914-98d58905e82c,2
7850,933ad2f7-5b50-4048-b178-0f2feb3505dd,3
7858,38aa700d-d8db-435f-a5d7-798049507f5d,1
7862,6b48baaf-dfe1-4156-b267-64ba25eedf6c,3
7881,1086590d-46e9-4ef0-82be-ab98c248b131,2
7894,9b3e27ef-b22d-4cb9-bb39-385148deeab4,3
7895,bc05b909-22df-45a8-a9cd-246f642bacb1,3
7898,9808241d-9576-4078-a0f7-959902090d1b,3
7907,8ab15c26-4a41-4d8d-b0ac-33bbc453166e,3
7919,9d250550-b42e-4ba8-9b38-c56078533d29,1
7935,234d72b7-81dc-4608-9829-d95c78c18dfa,3
7941,50bef7f2-b215-4303-ae65-d2dc27023555,2
7947,a718f122-b676-4cfb-be5e-118ebcdcca24,2
7990,423b60af-02d9-4eee-8a2a-b155849c103c,3
7991,e6088e39-fb76-493c-9f46-76a034c0efa1,3
8011,0cfde387-5c61-46dd-ad48-4fc080502b91,2
8017,d6cb1115-91c1-42df-882c-8ef2716edd99,3
8042,761a0835-b5cb-4ec1-87d8-605537f0b9c2,3
8044,9ecc05f5-aaa8-4d5e-b96c-4f24eb657ac3,3
8080,f0d0bd86-07db-460b-b2dd-60f815b14333,3
8096,dfed68af-75cb-42ba-be5a-d1cdf90fedee,2
8100,c42e3da0-9d1e-4c80-a758-b0bcb1f7f732,3
8102,d708b6a0-7523-4b54-a3a7-bc8f51da0663,3
8108,01e34b3b-d869-4d16-aed7-19af4418e14a,3
8117,781bd973-698c-4709-ac19-8f96d1856a90,1
8118,781bd973-698c-4709-ac19-8f96d1856a90,2
8130,058917c1-8caf-400c-9b8e-97e08b139fa7,3
8137,d0fc0943-be14-4ba7-9973-de13296b7c4f,2
8157,18358598-5681-4603-a90e-f88217ff6d91,3
8172,409f252b-007b-49ba-8f6d-452b83731248,1
8176,c52800b9-d201-4b6f-8b2e-39ce8b99363b,3
8180,0356cf5d-afe7-41bb-a758-8d3c0b8382fe,1
8191,57a1e80a-f552-4187-89ac-e680a2bb2f1c,3
8214,c1aa123c-b343-4f31-8508-99308f9aa923,3
8221,b1a093ee-d6e9-45c4-bf18-05496c1b5a18,3
8234,560ee2de-4edd-44c3-a810-4cf0528ae11c,2
8241,9559c027-64a8-48ba-b06c-bb1d79c0df85,3
8246,0e6cbf1f-870d-452a-81e2-310ccd1e0f51,2
8249,e40e1c05-b5f6-48c2-a8f8-b5d39e1b117a,3
8255,9c41f882-562c-4857-bd01-1cc32800dfcc,1
8259,8b645139-4674-47d9-8bb1-1fd4e1555123,3
8280,8bdb1188-5a9c-4cf1-9cdd-535eb2fa856f,3
8292,bf022c56-91fc-4321-bec9-c53a3b4f38f3,3
8297,7a12e409-edef-44a5-85ec-71bbe09e0fe2,3
8302,dac872bb-47e5-4fe6-a34b-3cf6da556b9e,3
8306,fca5a754-a059-4de8-a478-f4ef1da0f476,3
8314,4372b83c-e3c9-44e2-9f9f-9f75231eaa5b,3
8315,7f51e6ad-e631-486b-b41e-fca81260d0a3,1
8323,ce7e7f7c-0da0-4346-9e26-98cd888439f3,1
8330,ccdc9940-f7b2-43e1-8eb2-ea93ecd9e2b1,2
8343,cd87d7b3-7a64-424d-b4ab-d55d2694da25,3
8344,7eb592c0-a54c-4446-8a73-5ac14b43cb19,1
8348,268412a4-d66a-4285-a327-bb81d59cc47f,3
8353,d0836b15-8404-4741-9e91-01abe5fffeff,1
8356,b64e2619-8858-4c1b-a8e4-4d4f35d7f7cb,3
8359,de2fc0d5-7e86-485d-9219-3ecf37a5898e,1
8362,390423f6-b66e-4dab-8041-365eaa8c8667,3
8367,f6dd24a7-07bd-480e-adf6-eb959151defd,3
8370,bbaafa7a-d14c-48dd-b2fa-4ae217c6c293,2
8378,fd29c98e-ab49-4923-bc01-5d4fdd6d0eaf,3
8397,cff87716-750a-4fcb-be16-9b5ec9b0d805,3
8412,c619b6aa-c25b-4a16-a1fa-6d85dcefc9bf,2
8416,45fa04e2-35d1-4400-a550-a2bf191684a9,3
8422,237e409a-d761-4bbf-81e7-d533d5bf3880,3
8423,64f05430-73d8-45a7-8065-58aa3be840b2,1
8426,acef3032-4342-4e96-85e3-b3b223f04a1e,2
8434,7c8abc0e-45af-468c-b0b3-2f7ce8c1265e,3
8446,5731cd21-5f90-46e2-a8d0-0a303d567059,3
8457,6b870d90-758d-4ed2-9793-e9de50d2af7b,3
8458,883a9612-5f55-4fc5-a934-404cc6db385e,3
8462,0c8a2d25-2787-45b0-8069-f496ad7cc5e4,2
8467,798a8359-1ed2-4a60-aacc-b5ac8c648515,3
8481,27ac4369-3f42-4c18-8940-0e70c8b1bf2e,3
8485,34086b71-428b-4b20-b024-8bfacc288e87,3
8486,d31a7af8-bb9a-407b-aeef-083dd7435163,1
8494,22a89d85-91ed-49d8-acf1-98fff0c6aede,3
8499,40aa92f4-857d-44e3-b84c-f4908b3b407c,1
8500,40aa92f4-857d-44e3-b84c-f4908b3b407c,3
8501,f7670daa-8678-4458-a5ae-ddc427a9e800,1
8506,500a962f-0dc0-45e3-925c-5d4392569637,3
8520,c14de687-4a0b-46ce-b662-a79c8f0b2498,1
8532,f61ca459-fe8c-4ea2-846d-88cdd5219b9b,2
8537,7d76eea2-ab60-48f6-9e67-a6a038e7f7be,3
8540,1450d0af-e20b-4cd6-9433-d31fc1cf0aec,3
8553,d18b1468-77e9-4a00-ac68-220938e73294,3
8556,fc93d94e-ed34-45a7-bcc3-84f211115ad4,3
8578,b4548c2a-e98a-4e19-9f28-0c14a2aa32d7,3
6686,2bb5e591-c7ba-4423-87b9-6cd927943ca3,3
6694,ae750bd5-0384-41be-b9ea-fa56e9379d5a,3
6699,6dddaf95-e054-4bc8-9fff-956677f2a5c4,3
6703,116cc035-9382-46d8-9217-1544baecafe0,3
6718,2bc34de6-8428-475b-a124-6e2ecfd6185d,3
6744,1cd6b140-d0a0-4b39-a56c-bcf93712bf5a,3
6748,0791a135-3890-4cf3-8697-abee9fac6398,3
6751,a34fbda3-8bea-48a2-a5fc-2cc971693877,2
6765,4ab81094-d0a1-46b5-bf32-8e926c70dda2,1
6789,d58a7aab-2a16-4e81-bda3-cae5d2ab192f,2
6797,0353fdbe-f740-4bb6-afaf-f4f7437ff3ec,3
6818,9d70f0e2-2854-4829-bb9d-fc17d407154f,2
6830,c094f34b-22aa-48c1-afb5-20aca071a9f3,2
6831,ef4c4402-4501-4c79-829f-6ad282c8226f,3
6832,3fbb9444-a693-4606-9573-122baa7c3a42,1
6839,023a5f71-e9d2-477d-996d-8e9a6036941c,1
6867,4acd7e27-1f36-4b4c-9fb8-9c7ee265a857,3
6876,20222ead-180e-4e2c-aaed-506ab4b76757,3
6879,0e890676-745e-453d-a073-d53816397a1c,3
6885,a0cb1f93-05db-484f-bd37-dd0205ad494c,3
6887,fb459a9b-2423-4783-b690-aa86a4ae74a8,1
6890,4cff7ea7-9e73-4aff-b356-2e3335241b13,1
6891,4cff7ea7-9e73-4aff-b356-2e3335241b13,3
6898,54ada872-9b01-488a-9101-3ba558e4297f,3
6899,b06c92e5-af5e-429f-bc82-d56f7e055e2d,2
6905,36b9ce31-4022-4949-8bd6-52391b308bc9,2
6920,0d8bc572-61f4-45cb-889e-a196ff493c6c,3
6925,c664d1f7-832a-4523-8c0b-6f6859ec729b,1
6935,1aafba8f-0430-46f0-a592-7ef9740d90b6,2
6940,d025a74b-8263-4488-8f5a-d9cb86007f3d,2
6941,d025a74b-8263-4488-8f5a-d9cb86007f3d,3
6947,9277053c-5e33-4ed5-84c8-beca67d71cfb,3
6948,5c8160a0-2584-48f4-aba3-0e9adef9f472,3
6956,68524e92-1b95-49e6-a3ea-df93289dbea9,3
6961,a44dfb6d-699b-4fba-9ab9-301a38269394,1
6974,0520c5ab-b208-4c63-878e-e9aa4f2d665f,3
6975,20cb8fb3-be6d-474f-9e2a-d6cb3961405f,3
6990,da3ef9cf-c07c-4c1f-a7c6-dc6acb443882,3
6994,5ffde7a2-4836-401e-bfbc-8b8b726de777,2
7000,d05bccdd-d68f-49ed-8b41-c302ae4b12e0,3
7004,bf2ee91f-2fd4-46c4-a9e9-726b07b31c0b,3
7006,30e56a5b-aa56-421a-86b7-3802092d0d7d,2
7012,e123a7b4-565a-4702-94d6-10450e073bb5,2
7016,e69a9b88-c6e0-4f3c-990c-0519e573c66b,3
7019,c8489d60-4f84-47ec-88ce-ff64a6dfd400,1
7032,eb559e89-1341-45d1-8831-997dbc20c56b,3
7036,29b5c99f-9d5f-4eea-8e96-35feaca83ff5,1
7037,29b5c99f-9d5f-4eea-8e96-35feaca83ff5,3
7049,27be3e6b-7683-4f42-9f94-904c6fcd951d,2
7051,b5343f11-fd78-4647-a106-6e821aeac5c0,3
7060,8ea582cb-6f87-4bfe-8cd7-eb270b2fb260,2
7065,f81c8281-2133-48aa-90c8-c5006f2c5601,3
7069,aa6d3df1-2b45-41fe-9b4d-ff7cef15913a,3
7071,405c1f98-fe4f-45ae-8e8d-515b9c547224,1
7073,405c1f98-fe4f-45ae-8e8d-515b9c547224,3
7082,cc6fb2f0-e217-44f3-be84-6038c5884a7b,3
7083,8fa5f6d0-90cd-4dc7-ae13-ebd4d5b0a8bb,3
7084,ded456cb-5d60-43d8-bd33-b569cce33735,1
7092,398da2fe-5c6e-4c25-857b-1611eec7a001,3
7094,9b5b1a53-376c-412e-b925-5981100979a7,1
7102,faba61d5-2b1f-4c75-9ff0-03b9591694cb,3
7108,9dc936ae-7db6-4af3-bb06-b520f8f49144,2
7113,221d1946-afe0-429f-92b6-8d7b4a10e642,3
7118,e48d96e9-e5bf-4927-92ad-36f884d3e37b,1
7119,e48d96e9-e5bf-4927-92ad-36f884d3e37b,2
7123,c467d370-11d8-40b5-958b-dd3e0fa5c0ab,2
7129,752f8db2-a569-4b0f-b46d-6c54e9838d08,3
7132,a18cb69f-131c-4117-b76c-237b387663ef,3
7161,d7b3699e-4aab-48bc-870a-e25c37826f39,3
7170,e64b4f00-3657-4c25-abf2-62ef1fb39c02,3
7173,b1d52cb4-b8b4-4dd6-b541-07561aefcd50,1
7175,b1d52cb4-b8b4-4dd6-b541-07561aefcd50,3
7176,17eaed0d-e412-45a5-ad6d-638ffa0209ae,3
7181,54b7002a-ecbf-4fc0-b748-f84237a8fb4b,1
7185,e5e35344-3dd4-48f9-bcf8-6cfc1454e813,3
7226,267f7444-33fb-4439-8dbe-e2f2a741865e,3
7235,00570164-e682-4a2d-95c7-99be62b0dbf1,2
7257,0a060e92-2e1d-4091-a91c-15a6f7229f6e,2
7258,0a060e92-2e1d-4091-a91c-15a6f7229f6e,3
7261,63429243-7ab1-474c-aaf5-209e0c9d8a0a,3
7262,fc9c6975-cd64-4e34-a5ea-3a7a0188a429,3
7287,deabae86-e778-40f7-b0e2-087b3ada2f1f,1
7289,deabae86-e778-40f7-b0e2-087b3ada2f1f,3
7300,7b7f135a-f1e6-4a4e-a3ee-d76a417d9716,2
7308,3660022b-1b39-40cb-a038-135963446ed6,3
7309,e6db2308-7922-43bc-bdda-a59975999e21,3
7314,de122e80-9b90-469a-a134-fe2d32715824,1
7315,de122e80-9b90-469a-a134-fe2d32715824,2
7318,f9c5b30b-56d8-4df6-bcf3-3fbeffb8b40d,3
7331,993e0746-6295-4388-93dd-6ae874ab7652,1
7332,993e0746-6295-4388-93dd-6ae874ab7652,2
7341,d61b7d90-1259-4049-9546-ca056ed7e191,2
7350,a7d7a17e-322d-4337-b34e-2b2f8bc38825,3
7352,356051c6-8ee5-487b-87ec-8012f7c0a3ce,3
7355,bf293ed5-853d-4d51-939e-ac7442b3779c,3
7360,d044770a-b846-46b0-8fdf-c3899e02be8e,3
7363,820c6768-7430-42e2-8d3a-36f45ffff28d,3
7376,acfb1bea-6abd-4690-94a9-56cedda66bd5,2
7386,6ae82b85-7a0d-4b98-9231-1c2c68c06d6a,1
7391,3e037232-2972-497a-984e-0898e0eef50f,3
7401,d1a12f5d-6b1e-4ad6-afa5-a17320122df1,3
7406,4d118e38-f48b-45e3-803a-24bb382e2109,2
7410,423c774b-3888-4cb7-8ac4-d095afce8c02,2
7412,e54d6d00-bab0-4aa6-99a5-3528b08206c1,3
7460,36706dc7-0996-4ea4-bf4f-0a4141713eae,2
7462,65379ec9-58ce-4c0e-a691-1b28ea14592f,3
7464,33866ba6-19f9-4071-b850-028fd5580bd8,3
7469,b3b52192-59b8-4e5d-a093-155b3bf67639,1
7472,408fb383-d5ea-4bcd-9dbb-ee46f1fa328c,3
7496,f087bbbd-1d83-4881-a3c0-e53ca937cf94,3
7510,9873ee38-9ab3-4703-9500-f727c2b6e0ac,1
7516,e0079425-8323-4916-91e9-d48cf9a84d44,1
7544,11605358-71d7-4162-bbc7-63e1c93d1c5f,1
7549,6df263e3-aeee-41d5-bc57-9add53550454,3
7550,06b8e59b-bdf2-473d-bb2c-cf01fecbc7a7,2
7552,a61be846-8abe-4fab-b00b-bb47017c0537,1
7554,a61be846-8abe-4fab-b00b-bb47017c0537,3
7558,df06a622-91b0-43c8-b38f-f3b4aca50a1d,3
7562,51976f8d-a5f1-4d9e-bdaa-f8cea0b2b145,3
7565,ddce8dd0-01e6-4bb0-97cd-4e27778e8015,1
7570,5a4f1862-a74f-4eba-968e-73bc110be223,1
7585,11448f8e-0fe3-4e81-929b-9ab54ab2292c,5
7593,e1e567f6-1079-4866-83dd-72f60131b272,1
7600,bae44dbc-c5fa-4600-885e-b890dad9b74e,3
7615,8f06dfc8-4941-42ee-9cc5-15b823d19ee9,2
7620,9d5f264a-d932-4e8f-bd5e-6dc905eb5740,2
7624,556bca8a-6c7a-43dc-a886-6fd98beb470a,3
7634,a2096e25-fd13-4731-8f13-fe24f94c14d4,1
7635,a2096e25-fd13-4731-8f13-fe24f94c14d4,2
7639,057681fb-f706-4e0d-8c20-98d7d35c8f99,2
7644,ed125f06-b002-45c7-b9a0-52bf391b16c8,1
7656,991b9903-54c4-41d8-bf7a-03a47d4ae196,1
7659,08650e44-d49a-4b7f-94c6-47a89efc352c,3
7667,35d48a55-f1fa-4590-a240-700fd635e3ae,3
7668,6caa32ea-ee8b-4241-8c04-02723dbff460,1
7681,9f8b01d6-2fa3-4e37-bef6-dd004d6e7921,1
7683,9f8b01d6-2fa3-4e37-bef6-dd004d6e7921,3
7709,09f6248b-9af3-469f-9bd7-2cc96ff6dad9,1
7737,e767916b-a196-45fc-87fe-1ff05abaae8b,3
7738,6a90d8b4-bed8-4c4d-a62e-26be5764801c,3
7742,172ad686-3f41-4fb4-b292-7faa869bab1e,1
7746,0b1bfa25-c998-40d8-847a-db078c863152,3
7761,7b8856f5-ab68-4934-815c-2cf8582c5769,2
7767,1923c851-a680-440a-88e6-5078ceccf5b7,3
7774,46f97965-2a19-457b-b5c7-0998117a8a21,2
7779,8c870b05-b34b-441f-970f-768b0e756ce7,1
7798,b6f005ae-df3c-4b65-88cc-3f1f412c90b7,3
7800,5d716ac5-d57b-4e56-bab8-8d82ab890ec1,1
7803,ffd7a648-1ce0-4c44-835f-b37975712ddc,3
7814,41370fbe-e31d-4e5b-a938-8d995970b013,2
7816,15bf9dd4-b2cf-4e34-acfa-e037ce099e5e,1
7819,ee63f0a0-cabd-4e08-b915-88bd5a2a4e3b,3
7838,e55896a9-f89e-4d94-aa69-6c870467995f,3
7842,fc2a2940-601e-4fc8-9010-56f941f59e1c,2
7844,ce79c83f-f383-4f41-a14f-56f1b7f29901,3
7848,60b3c945-7e1f-47f2-955b-07a002d245d4,2
7857,78f36760-f774-492b-976f-907278b68ce1,3
7875,dbda3a8f-4967-440b-b0c6-5a97618cedf3,2
7879,83ea4503-9d08-4855-b2f8-78a96f0f1672,3
7888,8e518d58-0330-4ed9-a215-7f88c518fbf7,3
7904,0234e74e-50d6-48a2-97cd-9b60bbcdcc4e,1
7942,50bef7f2-b215-4303-ae65-d2dc27023555,3
7964,db609727-62b5-4fc5-b49a-cdf780b173fd,1
7970,6f8d4143-c512-4cf2-b6f3-3d47203e6601,3
7976,2c35df15-1dc5-4cfe-8b98-405e3b0a123e,3
7980,61aa6548-0b21-439b-ba23-2fb845541b3f,3
7986,3bb5c854-4a0d-4145-a37e-7bc8d7ea5607,3
7988,4ddb29e6-41c7-44d6-9072-8bc2fbf5166c,3
7998,7a874be3-ee53-4aff-b51d-eb0640b67d65,3
8013,2288b123-4bfa-4482-8db4-71c74d972c0f,3
8034,cfee3968-d108-401f-9b7b-2dc86eac9603,2
8049,4fa07ec2-b0a0-43e2-aa77-41f9285bd85a,3
8056,8f7452d5-44c2-497f-afc9-5f4d24d605de,1
8063,3200e7b3-6606-45c5-a24a-21cbeefbf070,3
8067,9fc2a132-2c8a-4c84-a87b-c7fa820539f7,2
8072,03833aa9-41b9-4d26-b3a4-68b006c23517,3
8078,ad487fef-62fe-4b7c-9c54-74c8fcf7ecaa,3
8086,71c24307-e8b5-4693-b606-6cffe2e171b3,1
8089,a720c173-25be-465b-9351-58284676fd9b,3
8095,31081621-fbef-4b9e-b0b5-c7ead0dc039e,2
8110,62f69eaa-7740-418f-bc93-e6f529eaf35b,3
8114,cb8e6a78-91e6-4edd-a1e5-9662a788234a,3
8134,2f6c9673-806d-4b53-89cc-ee3f25d4bfc6,3
8139,48132f45-4ee6-4372-8ef3-6866577fe4ea,3
8147,389771bc-33e5-485c-8265-3191587d913d,3
8152,79355081-1dc4-4875-9bc6-ed40319e7cd7,2
8154,0b245b72-8bba-40a5-96ef-8f795880662f,1
8161,360067b3-19f8-46cd-a34d-406835593261,1
8167,76e2c35a-92ab-4495-8455-e768ba246884,3
8182,f77d5160-1c43-42fa-b88b-950d6f3fbfe4,3
8185,5d6fa8b9-dfef-49c5-894a-0632740fc628,3
8187,a757af0a-87e3-4dbd-82bd-0e5a7feb9dc9,3
8193,9f70f6b3-681f-44a2-b166-7f03eed3f1ab,3
8194,1ac8fcf0-8994-4911-bfa9-a13b08a63f0c,2
8196,decc4527-2a3c-413b-994b-a81bd29102df,3
8197,7d93cd61-d6e2-44af-96e0-2e6f1a978c83,3
8206,f3aa9941-e4cf-497c-9c6f-471d2cd9e46a,3
8207,5cd957b7-96df-404d-b48a-e71ea01c071a,1
8212,c1aa123c-b343-4f31-8508-99308f9aa923,1
8216,b9b87edc-f924-4dba-931b-7d16a9d72e67,2
8235,560ee2de-4edd-44c3-a810-4cf0528ae11c,3
8242,4d96dfac-9ef6-4472-bb46-fa0f13b9acd8,1
8244,4d96dfac-9ef6-4472-bb46-fa0f13b9acd8,3
8263,a2ee6015-08f1-4c69-851e-46ef0334d860,3
8266,d752d17f-c900-4c06-ab9b-2aaf21bf77f2,1
8268,d752d17f-c900-4c06-ab9b-2aaf21bf77f2,3
8272,9e15d824-05c4-4288-8ae0-dfbf0b275216,3
8273,7a1d90f1-723f-4013-95e5-0ba249f46e8b,2
8282,c1db2bfc-9058-40ca-80c9-d32bb964317f,3
8283,de9cdda6-829b-4977-a0a6-832831b743d2,3
8288,46ac32f3-3bb6-4cb9-9eba-4eea04609ec1,2
8289,46ac32f3-3bb6-4cb9-9eba-4eea04609ec1,3
8310,80dc6296-690b-454a-b8bf-3aa9a40ba635,3
8318,de27ca7a-5eba-42e4-a1c5-02fb7bb6a64f,2
8319,de27ca7a-5eba-42e4-a1c5-02fb7bb6a64f,3
8331,ccdc9940-f7b2-43e1-8eb2-ea93ecd9e2b1,3
8336,e1c0c8a0-6f8d-4e53-93c4-6c99b67c83f8,3
8342,cd87d7b3-7a64-424d-b4ab-d55d2694da25,2
8355,d0836b15-8404-4741-9e91-01abe5fffeff,3
8364,2d1f7e1c-e50d-4ef4-a59a-1bc164f2ed9b,2
8384,3278b737-bb5d-484e-9e59-484ade7f0a17,3
8385,c84b2933-e063-4b01-8828-954a39bdae72,3
8387,5f3e03f2-41b4-4f4a-b205-159950cfe8fa,3
8398,8ecc70bf-ce3a-481f-9c16-18c9d0f987ad,3
8402,85f65600-e508-43a0-94f7-a221af81091b,1
8409,291de9be-30c3-484b-8559-3d26870fe397,3
8410,975f930a-13b3-4884-b543-5bb0254211e9,3
8414,7aa8daad-ec5d-462b-9365-b3a3821f9128,3
8421,35b1adc1-c700-40fb-a413-c854b5bd4759,3
8444,bcd6f3b7-80e1-4561-8af0-be8b9817c823,3
8449,29bd1e17-5738-423c-b070-47b6660da4a6,3
8465,12c50d46-f05c-4d2f-920d-29e3137d613a,1
8473,dd7ec1be-3657-4447-ad14-bdef117ab4ed,3
8475,30b31686-a798-4621-a785-4f4ca55bf54b,3
8478,ca3b330f-5fef-48ee-abea-de6d4b219978,3
8489,70c8b5d2-dfb4-49d7-b23b-e9a466fc44fc,1
8493,22a89d85-91ed-49d8-acf1-98fff0c6aede,1
8504,500a962f-0dc0-45e3-925c-5d4392569637,1
8510,16e91101-7666-454a-af1e-51916d34a365,3
8512,95af3cfc-9bd8-49ac-907c-f0d6d0ba23d0,1
8526,0917003d-3d2e-4266-ac3d-ac138b7725ea,3
8529,03aee007-33a6-4e71-93c7-eb25e0841e47,3
8536,7d76eea2-ab60-48f6-9e67-a6a038e7f7be,2
8539,3d844826-5831-4d86-8fed-a1afa438c525,3
8566,ee9774ed-9f15-4590-ab7c-c47e0927134a,3
8574,37b08410-9c71-42fb-9071-591d3c323047,3
8584,96e9a0c3-2bef-4a96-a2fb-fe14efdb2384,1
8587,edb9210d-49a3-48dd-bb18-9183cfbea83b,3
8624,ff96726f-02c7-488e-b319-1a0d123369c2,3
8626,c677adc3-c1d0-4ebc-b265-9f73e58649c7,1
8637,6ec6e575-f765-488e-a913-812886bfc5a6,3
8641,962e2ad1-fddb-42c4-bee8-ba0e4ce320c8,2
8643,0cd36052-5775-4469-8b37-57987c8e9474,3
8648,235ee50b-0d05-47aa-ae14-15b77f26c3eb,3
8678,a325ef24-5b56-467b-a1cc-ce4c5562d140,3
8679,90aeaed3-031c-4703-b9b9-3aa2d0c0bc09,1
8684,9506b235-24a0-449d-8197-b78abbe17344,3
8687,4cdedef9-eaeb-4082-8c77-ddf6441b7e8b,3
8691,334accb3-3be2-424b-bb61-4f85a48b815e,2
8697,b2d7b96d-f1e8-4adc-8c54-a630b65716b8,3
8702,6e50d0c4-95d9-4d8a-91c0-ae51101d2ba5,2
8708,d8e2ee76-456c-42b8-bd35-0d5df85cf133,2
8724,3808ffc4-ff66-4a9b-b98b-df5d04fac8d3,3
8726,bc259a07-fc37-4135-b380-985ac30bb42b,3
8740,dc1168dd-7feb-42ad-a812-ca75e731220e,1
8741,dc1168dd-7feb-42ad-a812-ca75e731220e,2
8746,ebfd07a7-3562-4756-8541-3e2b4aef2183,2
8751,bf256669-3faf-4b12-ab44-cb4fcb7f98c7,3
8764,9fa5da94-249f-410c-a4ce-3aa0b05fec6f,2
8766,e74f14d1-5e0e-42fe-8c7e-595faaa78540,3
8768,bf3e6e92-d5a4-4336-9a6b-2a61c7712439,3
8772,620877a7-51c3-479a-8339-c40d543bd70c,2
8787,4f7f3f05-e2ac-4d69-9c25-4692c7d9a93d,2
8791,4b96ed23-b515-45d4-9086-d39e9d7e01c6,3
8793,c659b59a-82db-4f09-9887-b38e77a03c2c,3
8794,f617f4a2-58a8-4147-8898-f50bbbc0625c,3
8808,02f03cc3-125a-4119-9c00-1a1f2fd2e9a9,3
8810,e0821172-571e-4d19-8789-5b0e41e10540,3
8825,49d36908-467d-4b3c-9c8c-94e55df88cbd,3
8827,fac4d8bd-40b9-44cb-979a-17f372c9cfcf,3
8836,5a0ec7dd-347d-49fc-8453-77c33a9a128c,2
8849,e68edfd9-69db-4f91-9ba7-523505687e21,2
8853,d13d847a-27ba-4c04-87c6-1f1a06052961,3
8856,79ed9aa0-11ef-4141-93b8-cdef3cb915d4,3
8857,feef2c3b-301f-4507-923b-70225ebdd2d4,1
8860,1f4f99ae-6dcb-4dc7-ace5-27c5a3b4d7df,3
8874,9124d0b9-2ada-4257-ab2b-fd1d2a761e49,1
8877,24c96648-b66a-40fc-a81e-1c664bb8c46f,1
8886,0386fe9f-70da-4466-b3bd-c5ba19597c2e,3
8891,a441d6c2-f38e-4ee8-8579-f3906288a19c,3
8892,5e0f4b6f-9183-4526-9f7f-1bea324e62e6,3
8912,c34a1f48-bea9-4458-8e27-0be8d73a9ee4,3
8913,2587f102-c2fd-4994-a437-f36856c173ee,1
8923,8966f672-5d2e-4610-b13d-bcf8f2b4b0ed,3
8932,72ec5239-214b-4e83-a2df-ea5b164e4549,3
8936,791fe903-3b9c-481d-aba0-3123e12c2311,3
8937,90ec25a7-3557-42f0-ac63-17a9d4e007f9,1
8945,48e39a1a-f8b1-4d54-9e3b-8792f45a5098,3
8950,47a01003-7752-46b4-ade5-1b78c6446e49,1
8956,ba2c7323-abb2-46ff-9341-ede905eb3d58,1
8963,44c7d719-67ef-49d4-b443-1a472e2d19de,2
8973,712c1b7a-3c7f-4c68-ad21-7a7fa333d239,3
8980,c8d342d5-9bb4-4a2d-9235-3ecc8f74db12,3
8981,1428bba2-8330-4d2d-a114-cf1f6b755293,3
8983,63279ea4-0b32-4628-9350-0070c0a8a743,3
8985,9bd3a6e8-3035-4e37-b4d6-03870957e98b,3
8995,2028dbb6-3909-4470-94d3-a4d317183bde,3
8998,ba5ead7b-0309-4563-ac72-b133183206db,1
5743,48626ccb-7ab9-420a-9977-30a15fa32781,3
5759,683e0340-9db0-465d-ba69-f3819b760427,3
5763,e2b688c7-a325-41c8-b9b7-a7dc9724c6f9,1
5767,ab3ee409-c4f9-4fca-9384-778265479964,3
5772,98dd1f91-e629-46c8-b497-b8cb26fdb338,1
5806,a85cc7b5-fbbe-4204-a481-2bea9fca9b7f,3
5810,e9ff6879-dbdf-46d3-aafe-8c3e17467a94,3
5816,ddb3570f-39f6-4454-9266-005601b22c5a,3
5841,0798c674-978d-4516-a55b-e3776836c59e,2
5842,0798c674-978d-4516-a55b-e3776836c59e,3
5849,1871d322-33a5-4e4d-bd1e-2c73456ef86d,2
5853,79a16913-b67f-48d9-ad1e-53849b8d61e8,3
5877,268b2ce5-6b79-42b3-a4ba-886c0042aaad,2
5882,05aa13db-8768-4a70-871e-5d251329c685,3
5888,a17cca9c-11a2-4372-b4b1-4411c568133d,3
5897,b9e10085-66f8-4337-b790-2cbfd5e7f0f6,3
5908,3a7cb3af-5ceb-4ef4-b9ad-4c0ae7bbc73a,1
5922,2b76724e-5f67-44ec-b1ee-b491c0a9fe57,2
5930,1e7a6a7f-67b2-403d-8d05-a560c9b97032,3
5932,d755d270-1f52-4007-8f51-c52a4e917db7,3
5940,cd3092a4-5f86-41f3-aa66-49233a5fe06b,3
5980,9a810334-0841-442f-a958-93573b9ec27f,2
6001,f3d343f1-97cf-48f5-96a4-2c2d4a912773,2
6005,c16b15ba-78c7-4f34-ab90-def60fa5ca73,1
6012,52089402-fd7b-4234-bc48-9938260c7499,3
6021,6cf17975-6430-47fb-bfc6-c05999c58bb9,1
6034,e997eaff-fed3-45fc-ab09-4ad329c2a133,3
6040,4ec551f0-6236-4722-ac38-2345e48e5a00,3
6047,6dbf1d72-c43d-4943-89fd-6cab82673bef,1
6050,f79a9c0c-28bc-49db-bbcf-8ace7b522b66,3
6051,f91e8ac3-88ff-486c-b29c-a2f1cf6d4921,3
6057,54778b7c-1629-44bd-9811-c524707e086a,3
6066,6a469f62-bd8d-42d1-8d7f-cc68045435f0,2
6078,5943f2ea-6e5f-4ff5-b9e1-209ae1283a41,3
6080,cfeab7bb-23a1-491a-8803-740d1f82af96,3
6081,8733be54-87ba-4f32-921a-e9176c0b7ec0,2
6082,2e2d294c-b67f-4379-a212-eb7ef9f4996e,2
6085,d35f1d69-a437-46f2-9ff3-09620413e3ab,1
6088,c8924bbb-354b-4d6e-b63e-99e8e3deb048,1
6098,45c80411-34be-487e-8ef0-fbdce95cf472,3
6104,302d5996-6dfe-47f6-937c-6bde1aa86097,3
6119,c3d2f45d-1876-4468-8815-fd45b2d14aaf,3
6122,f85eae8c-3743-4c46-9569-b28bda3125e9,3
6139,6b83cf37-40f6-44d8-8b66-800e89d6caa3,3
6140,2e5cd113-c1cf-49a0-9a7d-b10563104d46,3
6142,c6f0c639-f0d3-459c-acf4-3e8baf56a3ba,3
6147,1c8d0613-0e81-43fd-9aa4-36dbf1003daf,3
6168,7d41e37d-e356-4451-b01b-8365d3f90e2b,2
6181,be685465-8afe-4123-b778-4935cf677d9c,3
6183,acfa92fd-235c-4a25-a69f-104eec7ef57c,2
6195,f3d367f0-2b9d-477c-ae38-2364c5497dbf,3
6196,bb928527-94eb-4d67-a240-5020ebe58b09,2
6198,868d2a5e-0091-4776-960e-519a9bf0c078,3
6200,acd5ca08-46e8-4c71-a2cd-62c94d239d6e,2
6204,41ced395-d7e9-4b4e-ad1d-774a1d87d116,2
6217,75c3b96c-b189-4932-b5d3-996aa072bab4,3
6244,2f856a39-de0e-40fc-8378-a1d68d1e8786,3
6255,e7b36b0c-6cce-43a2-836a-1529b49babab,2
6258,4951538b-c1a0-45b8-bafe-c7c48326f659,3
6263,a20431be-57c8-4224-bde0-b500ecf0f799,3
6269,55f72914-fa0b-435c-a1f8-6615065ca7db,3
6270,802ca867-cc7e-4ce9-8902-ded728c2d9aa,2
6276,8dd6ade4-4484-42a0-a280-37b7402aa250,1
6281,43d4dca6-8630-4a84-aee5-f402cbee9795,3
6308,e6178f58-4cfa-4324-bc6a-3a812aa4c4e0,2
6316,278a26a5-e37e-4669-987d-d922bd0b9da1,3
6320,8f8dcba4-a603-4b5b-8ddf-44eb80c6d48d,3
6325,1217cc50-8b7a-4bdd-be91-e87b0bd150f4,2
6327,7eb703fa-d6d8-4e1f-9eac-f7606852de64,1
6335,20ff34c0-2428-4851-92ae-4f053c39d40f,3
6336,3b9e4627-c73f-42db-a2c7-e15652028f0e,2
6341,fe2cac0c-9851-47de-9c5b-9c0ed6e99620,3
6342,d3909fc7-2ecb-45ea-975f-6897bcc99358,1
6347,d90973d6-b5a5-4c67-8863-325e9afe1787,3
6350,a5f4464c-0fc9-4314-87e5-9c22c1e85e38,2
6386,5d265ef8-9ba7-4f64-89ac-81916dd8ec57,3
6397,0fbeb58a-93eb-4e83-bd06-1e5770b3ffed,3
6400,41eb1c69-f04c-4419-a703-e3653912f841,3
6430,7d96ff5c-729a-4c49-b48b-267f572fbf76,3
6431,6cf5d946-1a7d-450d-836c-6642564090ea,2
6437,b85fe265-767f-4659-a9c1-91ff2c5ca95e,3
6440,fda518a6-ab8d-46c3-88b5-222224c4919e,1
6452,33263e08-f3d9-452c-870e-112cba2e7fc5,3
6453,b9816141-b863-4f05-8c4f-b2026c626f26,1
6456,8928d3e2-034d-443d-a547-2a7842c7ec4b,3
6459,382253d5-3a85-4aa5-907c-6d74fa0e7f0e,3
6466,cb51ace6-2945-47b8-9f0d-7417f56f5508,1
6467,cb51ace6-2945-47b8-9f0d-7417f56f5508,2
6469,2a0470d1-090c-4a7a-bde5-5cb799b8f80d,3
6470,ee4088ee-67be-4552-8478-d16b35251543,2
6476,02c3ea4d-871e-4d18-a1ca-67a60b5d05d5,3
6482,cb025add-6941-4d93-b003-04f5b9ed185f,3
6503,b777fb02-f34c-45e0-86d6-5171f361a9f0,1
6512,86efc034-3d0d-4e5e-a195-7cfa88fcb799,1
6519,771f6237-ac44-493a-916a-41007b5891a0,3
6523,a7d76d8b-3598-4b85-bbca-90c3d5a18b05,3
6525,84dce5be-2879-4aab-8c15-3b67227c5fdc,2
6542,0e82c574-75ee-4808-9586-95e2b5bdf0c4,3
6544,ccc8e095-ba4b-42e6-b1a6-f51b6e977bb6,1
6566,5756dd58-8392-4c8b-b1e8-a1bb6f3f05a7,3
6569,68ca83a7-52f8-4ad4-9a8a-ec7ed950a311,3
6572,02528cbd-94e6-4e15-b56e-d89f2e049508,2
6585,a54d2e24-4e31-4f85-85ec-be2f8aeeff0c,3
6587,47516179-7b65-4ecf-892e-d2e49f8dd6e4,3
6599,a674ef53-d97c-4204-a3d9-254bd787d8bb,2
6616,882b74d1-d915-4d29-8c18-07d8a4df9459,1
6623,f121319d-d22b-4265-8335-838ca6d172cd,2
6628,03707708-cd3f-4262-852b-a090e6f96363,3
6661,ad9737af-291f-477f-a148-d84267f9eff5,3
6663,ddb31f7f-a2ab-404d-85ce-4ad2d50278ec,2
6665,ec76e62e-0b7c-4a01-8b6a-c4fd783a6392,3
6670,b5ff0b67-166e-4b0b-bd77-e9fca0eb7704,3
6677,12b98073-1206-4581-846f-0b1230c5b6de,2
6689,f1900fdc-81dd-419e-b9f3-01c3c32c8010,3
6690,650ed0fb-f88c-45a9-bfcf-b5361a9635c5,1
6704,5fc8789f-b20e-4332-b0e8-acda3a01bad3,3
6713,60461179-3307-4b69-8527-0ca03bc1c72b,2
6717,e2188bf5-92c1-4d6e-8421-c837ed2e791e,3
6719,478708e9-bf92-4ca3-a438-b36d3972d0a5,1
6739,e217c4e3-8161-4a18-99a8-35280f868e46,3
6759,6f4b504c-edf6-4d10-9a90-585890116af6,2
6771,3f5ee0b4-46d8-44ed-b632-752d4bf21fbc,1
6778,02d5c188-d41b-4518-b32f-46a64f091a62,1
6796,0353fdbe-f740-4bb6-afaf-f4f7437ff3ec,1
6798,41ffac06-c4e5-4b41-b118-cd84c219913a,2
6803,abe30186-6452-4d37-ac3b-640abe4a9e47,1
6804,abe30186-6452-4d37-ac3b-640abe4a9e47,2
6806,dca684d2-8b8e-4eb1-ab9a-e840546e89e0,3
6820,f9f0ca4a-7d27-402d-9c77-39094315759a,3
6857,a3b41375-39dc-4a5f-a89f-b24948ca62b0,1
6863,98c99cb8-ffdc-413f-8394-1bb955cc8b6a,2
6870,a7a55b38-fefc-4d25-bfe2-e543842fed79,3
6878,f43de6b3-110c-45bc-923c-0bdf4f891520,2
6880,630951ec-3447-4e8c-8b67-fbce6d3b1cfd,3
6886,e3cc615f-465a-4e54-a95f-93bc7ace3196,3
6896,13ce6815-c32c-42f1-8427-69a90c1ade0e,3
6911,4fdc4fea-35ef-4b68-976c-fdef421c5028,1
6914,c5f0c2d4-6812-4ad1-835b-3e1981a200f7,1
6916,c5f0c2d4-6812-4ad1-835b-3e1981a200f7,3
6917,25f3acc1-aa92-4e88-80be-c4cf3cd4bd48,1
6919,d6969339-8425-4cc9-841e-3bcbe3aadd1f,3
6921,1f1355b1-8fa1-45ab-af15-b2531dcf8cdf,3
6930,64e9238a-adc7-42c6-a6c8-532f25cd93ae,2
6932,12f459f3-ab74-49c3-b738-cb0f6d0dfbe4,2
6933,12f459f3-ab74-49c3-b738-cb0f6d0dfbe4,3
6938,ccdb650f-308f-41f5-90d5-7fe009afe664,3
6943,da6b5e8f-87eb-4759-b293-80d08eb0ba91,3
6963,ad71746a-c981-40b4-b1d5-aaa8c5629219,3
6965,986f7861-fb35-4143-a257-eaf8a291b356,2
6971,362625da-afa5-42d1-a5b6-27f87bf6bb5b,3
6996,54ce46c6-8bdb-42c3-ae5c-f12e621400ae,1
7001,29431d40-17e6-4f08-8404-cb7ca8d5b5ac,3
7008,34f208c5-8525-48d4-9d88-83de7a349471,1
7009,34f208c5-8525-48d4-9d88-83de7a349471,2
7014,e69a9b88-c6e0-4f3c-990c-0519e573c66b,1
7015,e69a9b88-c6e0-4f3c-990c-0519e573c66b,2
7021,6fbebb1a-022d-4ef9-9a29-250824ec038f,1
7027,cce60b68-8e8c-4993-af98-b8e532bf6d97,3
7028,76ecdb09-7ecd-4426-b114-455ce6d53506,3
7030,cfcfcec3-bf27-44d5-99d0-c49fa6319530,3
7042,6e43dae4-054e-4c0c-a4b2-fe2f2205f7f1,3
7043,90fd3a1e-0fab-47d6-a284-b82a8003f420,1
7058,24c94d0d-9715-448e-889f-00e3ae90f4bf,3
7061,8ea582cb-6f87-4bfe-8cd7-eb270b2fb260,3
7066,a8f9a616-908d-4c36-b6e2-ae8d8a777b65,3
7067,41ccd772-c177-4bd5-ae82-6573100d434d,3
7072,405c1f98-fe4f-45ae-8e8d-515b9c547224,2
7076,5d475079-4a29-49f4-9eab-06a3374c3dba,3
7088,fe73a08d-1465-4c8b-a919-7971f3f9bc5a,1
7100,3834dc84-d14f-4d1a-8ed7-3586942ee666,3
7106,810ad898-fc46-4078-80ce-2794e8a6bada,3
8579,04f39689-7469-4e93-bd17-8c403babe17c,1
8594,8a6d1422-01bc-48eb-a548-89d355757655,3
8609,7ea80847-b3d4-444f-9141-b3c40e6dd697,1
8611,7ea80847-b3d4-444f-9141-b3c40e6dd697,3
8619,525bc490-7fab-42bf-8c8f-ff6a10842a88,1
8628,c677adc3-c1d0-4ebc-b265-9f73e58649c7,3
8644,aefdfccf-b6af-4fba-a44d-12beb9e5288f,3
8645,785a6445-d47d-43d9-9e83-e2f286117024,1
8650,5dee499b-f5b8-4dcc-95f1-cf9899de80b9,1
8656,26f5176e-0f98-420c-81c5-764cf1c5e8ea,3
8657,15f7d67f-c86d-42d1-8b01-fc69036124a7,3
8659,72f20ae5-8c51-4872-9369-51cb8a6990b6,2
8666,4c77f8b0-3c25-4be4-937b-ec529dba695f,3
8670,3309b061-2154-426c-a80d-fc166ebcfe27,3
8673,8d86a596-9816-4000-9cc1-87d7bac931e2,2
8686,59fa389b-7df0-45db-8108-423980d91909,3
8689,417c11af-a24a-40fc-8cfb-decec1993b28,3
8692,334accb3-3be2-424b-bb61-4f85a48b815e,3
8719,460ec79c-47f7-4e8e-b602-704e67ab97ce,1
8722,9ebec5bc-4930-4e48-ae45-5736e9603d4b,2
8727,3c7bdf07-9047-4a5d-933e-93515119486b,3
8729,a5c685b4-dee8-473c-b649-94cd7a81bbd3,2
8760,0e0689f1-6919-4d81-9719-2b45adfb41bd,2
8765,9fa5da94-249f-410c-a4ce-3aa0b05fec6f,3
8769,21139d5b-c7d9-4377-8639-bfa3b7ad76a1,3
8777,242fb323-4cc7-43da-a70d-8b7729db8976,2
8778,242fb323-4cc7-43da-a70d-8b7729db8976,3
8790,03af1dd3-903c-4be2-b8d3-157aa75a5722,3
8797,61b331c8-7dd6-4ddd-8731-9d9c828049a5,3
8805,9494882d-dc34-4c3d-8655-1e43a5e0184f,1
8817,6e9fbb81-4a5e-4501-9e04-4b65306bb6c7,1
8820,4617d49c-e39a-497d-beb9-dd7a333eb565,3
8828,8def40b3-b36e-4ffe-ba40-625f130d169b,1
8840,ce0893f8-abf8-4ca2-bf79-745dea7dcc5f,3
8842,6ad8b59e-f2d1-488f-b337-5c9f84aa6dbe,3
8847,62de0b38-a657-4e9c-b340-65f5c5ad4c24,2
8859,feef2c3b-301f-4507-923b-70225ebdd2d4,3
8868,e35be531-7632-4c94-9579-75f36e9e0078,3
8869,b091309e-d224-4840-a7c0-4dfa8158ca9c,1
8876,6f18949e-6f4e-4a84-8432-dab4daa38f61,2
8878,24c96648-b66a-40fc-a81e-1c664bb8c46f,2
8880,675c7dba-f4d4-49e7-bca4-b4bcab8b207c,3
8900,adf3563d-2fc6-4c4c-b835-5710f1efec93,3
8903,eeacfd9a-e3ca-411c-aaea-ab18ffd6467c,3
8907,324557da-d122-47d0-af79-cfa919a2cb74,3
8910,6e9c4887-82e3-412d-8b25-5c2c458c3440,3
8924,793eaac1-0eeb-4264-955e-da2417602d37,1
8930,f6c4d0bf-245d-448a-8e56-c5195a0c25a3,2
8931,f6c4d0bf-245d-448a-8e56-c5195a0c25a3,3
8938,90ec25a7-3557-42f0-ac63-17a9d4e007f9,3
8939,f6947d76-3603-4fac-8459-a1ac6bc39afd,1
8958,ba2c7323-abb2-46ff-9341-ede905eb3d58,3
8967,20260820-41c2-4b22-a78d-3057e26b6b6b,1
9005,f50462bb-855e-42cf-864c-c939791d159a,3
9007,1849ebe0-1e5e-4448-82b5-8e4830d1322a,3
7135,4c43f614-9a68-4d01-b906-643b87a5a3f7,1
7139,ea25f631-75f2-42fd-97bd-ec4e50a6b1f1,1
7141,ea25f631-75f2-42fd-97bd-ec4e50a6b1f1,3
7144,20724617-b319-47fa-a586-eabce6c74f1d,3
7145,57e71779-bd2b-4125-a8f1-00acb45fb1b6,2
7165,e2caf1fd-3937-4282-94e9-4de81c2c531d,3
7174,b1d52cb4-b8b4-4dd6-b541-07561aefcd50,2
7188,4c582ee3-4552-422e-8d3c-43af5d742aa4,3
7197,566eb542-4ea5-45d6-a1c5-d898a31cf8d8,3
7210,ada32670-7b17-4448-8b87-650ffffb4632,3
7213,160a10b8-11e8-44a4-8b32-655aebf3b863,3
7214,c3ed061e-4401-4127-95fd-9869e6f0b1c3,1
7215,c3ed061e-4401-4127-95fd-9869e6f0b1c3,2
7223,e2d2bcbc-f2f4-491d-baa9-e07cdcbd20ae,3
7282,581337e4-bccf-40b5-a95a-b625d8a0f388,1
7294,796bec52-f61f-411e-9c0a-e5b3d221c7b4,1
7296,0be2cc80-555d-4f02-ab43-8a8dbbc986d9,1
7301,7b7f135a-f1e6-4a4e-a3ee-d76a417d9716,3
7305,6bc12f9b-0465-4d1c-a8ff-15f3d5345b0b,3
7319,ab5ee011-d032-4d77-91ba-467169a33678,2
7329,5699cdfc-ce79-4921-bea7-76100c661f9c,2
7338,f6485a18-072b-43f3-82eb-2fb3531b65ee,3
7339,f9120579-bea4-4451-b4e4-52df3d67eac4,3
7357,f26c81a4-f0eb-4a85-be24-e9616111eba3,2
7371,21b7b8e6-d74a-4ebe-83cf-dc8f886db460,3
7377,acfb1bea-6abd-4690-94a9-56cedda66bd5,3
7382,75bef13d-9144-43d8-bdbc-06022feb3a0e,2
7389,3e037232-2972-497a-984e-0898e0eef50f,1
7393,f1f2356f-c08b-4280-ad68-ede376153def,3
7403,6404133d-d57f-4959-9a51-4e0140541467,2
7409,423c774b-3888-4cb7-8ac4-d095afce8c02,1
7423,03829dcb-9a8e-4184-957d-58f3fc88655e,3
7425,8239af89-4b9f-4af9-95fa-ff6e66327272,1
7429,3d3a238f-44fe-4952-ad57-bbc4ed11af0d,3
7437,356e40ef-224f-436b-ad4c-9a282b884748,3
7444,dd1790d9-84d7-4ac1-a944-c48c5f062ac4,1
7447,88d8ae10-81e2-46dc-86bc-bc4dd835f38e,2
7450,a80ecf28-86df-4b4f-901a-3e18d48b50fa,3
7484,ee2d900b-4315-4dd7-9406-f5e79d9bdfa0,2
7488,483fab7a-ceab-4645-9d0f-a7ef9b5878f6,3
7490,8f8109f5-250b-489c-868e-5b93deb21da8,3
7498,6e667d2b-1d2b-4742-a8ce-28f098260ca3,3
7521,1b5f6ffb-ebd9-469c-b662-133be65b0bdf,2
7526,dc72bb26-449d-4d0d-833d-39f8ec58b031,3
7530,c7d82de1-f899-4b8a-a0e0-575f75fae1dd,2
7531,c7d82de1-f899-4b8a-a0e0-575f75fae1dd,3
7571,5a4f1862-a74f-4eba-968e-73bc110be223,3
7574,4b29f33d-452f-4f5d-a603-68168809ae63,3
7578,cffb1b86-7608-449e-98b8-fba3a4ab95f3,3
7579,a97e2e28-f5de-487f-8ff1-a69901acfc24,2
7590,ddf6f5f1-f88e-4999-a435-b79435a78f78,3
7592,3719cc2a-3204-49d6-b1a5-a202a8a92202,3
7608,fee04b00-a967-4039-aec3-0c8eab8913e3,1
7610,fee04b00-a967-4039-aec3-0c8eab8913e3,3
7623,556bca8a-6c7a-43dc-a886-6fd98beb470a,2
7627,638d6de0-36d4-428a-b54d-37478b099d9c,3
7633,8d391af6-9f34-4cce-b61f-5ce9994ac9c1,3
7640,057681fb-f706-4e0d-8c20-98d7d35c8f99,3
7655,cc4258f9-65ce-42c6-8d5d-341615ed4362,3
7665,2c17c426-d20b-4f6d-a702-24dff10fa35c,1
7666,fdcee738-6a17-4fb7-b320-5fee1773534f,3
7676,52e6f85a-806f-465d-be25-ac61310f97d1,3
7694,3f5c9894-7cb0-49fe-a636-8c6729d7d9cd,1
7695,3f5c9894-7cb0-49fe-a636-8c6729d7d9cd,2
7700,056102b7-8c2a-429a-b36e-95bff77140d7,3
7724,b0648f6d-bf7a-4cb6-87ad-270272648f81,1
7730,4215cee8-60cc-41f1-901b-f98ed07e1525,3
7733,d0c10a02-b24d-41ea-a854-829161d3b8da,3
7745,0b1bfa25-c998-40d8-847a-db078c863152,2
7750,7424a722-077b-476e-a4f8-c7be633de279,2
7757,565e40d5-703f-4b49-bbd4-47548aef38c7,1
7759,939c8bdc-9c97-4f84-86ab-110a9ee5ae89,3
7773,46f97965-2a19-457b-b5c7-0998117a8a21,1
7777,a6046718-6477-4c23-8f78-f2da8fc60d90,2
7780,8c870b05-b34b-441f-970f-768b0e756ce7,3
7790,afa8a0ea-35d7-4dd4-9ea7-246a1c0dee29,3
7791,a7e95c26-c168-4624-941e-bbe0fe7c3d22,1
7795,aebcd993-4bc5-4da8-a7e8-d545b083adfd,3
7837,a1692611-8e6c-40a5-b5c0-8f04c659ad87,3
7839,a73a93c1-1335-4c0f-ab5d-a7ab3a6553c7,2
7870,31a54b8a-642e-4c5b-8fbe-87aa4ce7ccd6,3
7871,89812556-22d1-496d-8e58-aff2ada7729a,3
7872,d32db6e2-4219-435b-b6ce-42858bddd682,3
7873,9b611010-1d73-4cc5-8386-439095d83fd3,3
7878,83ea4503-9d08-4855-b2f8-78a96f0f1672,2
7892,9b3e27ef-b22d-4cb9-bb39-385148deeab4,1
7905,0234e74e-50d6-48a2-97cd-9b60bbcdcc4e,2
7908,cc19ec6a-f16c-4eb3-89c4-82cd4e59995f,2
7914,5bca7985-63e0-4829-8551-6a6a53a382f2,2
7931,d151057f-3c0b-4965-beef-55deceb04df1,3
7946,a718f122-b676-4cfb-be5e-118ebcdcca24,1
7948,a718f122-b676-4cfb-be5e-118ebcdcca24,3
7951,e1cc0d0e-d1d1-4d79-8589-301d29b683de,3
7954,fc3a5c1a-22c7-41fb-b16f-49cc8dbcd37c,1
7975,1b62b04d-f825-4d67-936e-d8a87c8769ee,3
7978,90fbbd20-e001-4fb5-a2ad-5b7fa204aa3a,3
7979,61aa6548-0b21-439b-ba23-2fb845541b3f,1
7983,d7f5ec81-f9ec-45de-adb4-3bb1569f6ee4,2
7997,7a874be3-ee53-4aff-b51d-eb0640b67d65,2
8000,3d215b50-f063-4d6b-874d-8f23c7c7d9e2,2
8001,3d215b50-f063-4d6b-874d-8f23c7c7d9e2,3
8002,4d8632b2-d488-4c0b-a220-6d805bdf08e0,3
8004,501ee021-d40d-43eb-9502-31dec6956b3c,2
8016,bfbe97b5-6e92-44ba-bad2-b1b56fc805fe,3
8045,66e6dac5-3c37-4862-9917-ea90b35a0471,1
8052,3e3769d7-c377-448d-bcaa-7022aed7f96b,1
8057,8f7452d5-44c2-497f-afc9-5f4d24d605de,3
8061,0ae31ac0-ddec-4c49-8afb-aee552a924d1,3
8064,22c046d2-68da-4578-b764-9bd393b50469,3
8070,4a3f4a76-cffe-47b1-90d0-990a7d6844cc,3
8076,fe03f655-db7c-45a1-adad-e88852eaa5fc,3
8077,ad487fef-62fe-4b7c-9c54-74c8fcf7ecaa,1
8084,ff98e3d3-b57e-4f49-861f-aefb306d81af,2
8099,8d2a50c5-a72b-46f3-b82f-00d021041c0d,3
8106,2ece834a-af98-4e74-9dc2-c2f267495808,3
8107,01e34b3b-d869-4d16-aed7-19af4418e14a,1
8109,62f69eaa-7740-418f-bc93-e6f529eaf35b,1
8112,425e91c0-a28e-4f51-a918-26b655e300b0,2
8119,781bd973-698c-4709-ac19-8f96d1856a90,3
8124,4b680dfe-56a0-4182-b14e-d633eb20ca4d,2
8125,a4a0e862-e653-4ce7-84c6-3d3c3e6f342d,1
8126,a4a0e862-e653-4ce7-84c6-3d3c3e6f342d,2
8132,bd1afac6-d0d6-4a2b-850d-736fedd33979,3
8148,ddc5998d-1e94-4e4c-b5ef-79b7380fad4c,2
8155,0b245b72-8bba-40a5-96ef-8f795880662f,3
8166,76e2c35a-92ab-4495-8455-e768ba246884,2
8168,21d371ee-3596-4b79-8dc4-4d95677e7835,3
8170,2dc7f33f-b4a8-4dc3-8725-5649a8d5e62a,2
8175,1aa25c1b-d291-4eb9-80a5-641c70fbaa94,3
8190,19612b56-537b-4d17-9ba6-3933c516e58f,3
8200,3daba776-b32a-46a1-8dc8-46c7a0dc0d8a,1
8201,3daba776-b32a-46a1-8dc8-46c7a0dc0d8a,3
8203,112c3ca6-f6ac-4934-8265-56b036217c9f,2
8205,d7b3c8d9-bb7b-4a04-8d32-54aaffe2a6d3,3
8213,c1aa123c-b343-4f31-8508-99308f9aa923,2
8222,d928c013-8aac-41ff-9337-b18a2bdf9b61,1
8223,d928c013-8aac-41ff-9337-b18a2bdf9b61,2
8225,a84a92b3-bf8a-4cd1-ae28-0b9a8cc0eb75,2
8231,d45e5722-6677-446b-bf48-82d7bafe3a22,2
8243,4d96dfac-9ef6-4472-bb46-fa0f13b9acd8,2
8248,e40e1c05-b5f6-48c2-a8f8-b5d39e1b117a,2
8254,8d9de08f-c79f-43e8-a663-6e527775bd73,3
8256,9c41f882-562c-4857-bd01-1cc32800dfcc,2
8258,21cb9a86-2891-4405-8eee-f50ed161a63e,3
8291,ef618511-a0e2-4326-9d12-a835e24241ee,3
8308,80dc6296-690b-454a-b8bf-3aa9a40ba635,1
8311,6a814acb-35df-4e69-a3b4-a5649560a6a9,1
8328,a7d7e3a8-f2d8-4fea-bd01-81a5e5a1644d,3
8350,72288a5d-1ed1-4985-8b1c-c7ae4ded6b2d,1
8354,d0836b15-8404-4741-9e91-01abe5fffeff,2
8376,850709b2-9689-4bd7-b57c-caddb8362b6d,3
8391,575d5d89-a4b8-4413-8632-826292d73a93,2
8429,3b5c0bc2-9e8e-4e24-9932-388621685e8a,3
8435,6e4a4396-ede3-4dc1-8a16-a4d25fa70327,3
8437,76906042-10c6-4b3b-8a3f-cbf377e24b21,2
8440,a6767b64-7191-4401-8c24-329d54a1a740,3
8451,b424e630-98c4-470e-a552-83f72d36525a,3
8469,bc360d51-3b12-4d47-ad41-f829fc021535,1
8471,dd7ec1be-3657-4447-ad14-bdef117ab4ed,1
8484,4b4cea9a-c1ec-4def-86dd-e4422167adcb,3
8488,d31a7af8-bb9a-407b-aeef-083dd7435163,3
8507,db1dd748-3766-4ae4-844c-b3f2187bb5db,1
8518,b8059c3a-aa93-479c-b8f3-8ee8b48f8b55,3
8522,c14de687-4a0b-46ce-b662-a79c8f0b2498,3
8523,c2503be8-bd26-40ce-b40d-0bbb6e5ea7d0,3
8527,03aee007-33a6-4e71-93c7-eb25e0841e47,1
8528,03aee007-33a6-4e71-93c7-eb25e0841e47,2
8534,f1cdc322-f6a7-4910-893f-9a0ce3158021,3
8541,4f09c5f5-dc95-47a0-8fca-db5cb1c9b639,1
8547,c63c0738-9a45-4b82-999d-2f73e7d1580a,1
8563,09989f26-03fa-4baa-83cf-3240e51325a7,2
8569,11e2d691-dca9-48fd-83c9-7b6ae8fc353c,3
8577,4dab8f9e-ea38-4675-88c5-2a7d8a3fa80d,3
8591,d9f263b8-6087-40c6-8b6a-19da1f6a1a23,3
8595,cad46ee6-e531-4c6e-b1b3-edf2fea3155d,3
8614,89bfeae1-d444-4b30-a9b3-3c39dc123da8,3
8615,18fb30a8-aabc-4d41-8a3f-8869cbdb1a38,2
8617,b6c9418a-5a4e-4a87-bdae-b2d65d0ba9ba,3
8618,2d39260c-d0fe-4552-b9ae-eea7a7c2d7c0,3
8625,0769fe0d-fab2-429c-8e3e-b5fd82c92483,3
8627,c677adc3-c1d0-4ebc-b265-9f73e58649c7,2
8630,8e7eb7fd-e744-4780-8bea-c93f26d80121,1
8646,785a6445-d47d-43d9-9e83-e2f286117024,3
8654,26f5176e-0f98-420c-81c5-764cf1c5e8ea,1
8661,c148a043-46dd-4ad1-80fa-87e906567aa3,3
8663,0c2cc759-7616-49cc-a4f8-92a9ff351084,3
8664,efdf7cca-3a03-4d4a-9cbf-6a68ed9d404e,2
8669,1206678d-2098-41d1-893d-29771c928cda,3
8671,c6a81b78-d644-441d-a66e-94c07d63441c,3
8704,814fd593-01fa-4e41-ad9b-5edb2e1b34d1,1
8711,34799c8f-352f-4a91-866d-38d4c4806def,3
8733,f2a75d52-66e1-4c8c-9627-ede701c93202,3
8736,50175e63-cb84-4004-8529-b992d95d9335,2
8742,dc1168dd-7feb-42ad-a812-ca75e731220e,3
8750,fe623bc0-c34f-4b23-9483-4c44b1c0f033,3
8761,0e0689f1-6919-4d81-9719-2b45adfb41bd,3
8789,3510cf45-9106-44e8-9ac2-a2dcf77c0a91,3
8804,b6dc94b4-c809-499f-9fd9-87b3aef78b7c,3
8806,9494882d-dc34-4c3d-8655-1e43a5e0184f,2
8814,dd3772be-8177-4d11-8433-e7c33d9c3cb2,1
8816,dd3772be-8177-4d11-8433-e7c33d9c3cb2,3
8844,48efd852-7022-4953-9c71-079b3869389c,3
8848,62de0b38-a657-4e9c-b340-65f5c5ad4c24,3
8909,4cfbe10e-8f66-4798-970a-9b25829d51cd,3
8928,a421fbe3-3680-4811-8b40-e3df8b9f1455,3
8940,f6947d76-3603-4fac-8459-a1ac6bc39afd,2
8953,385d0848-01f6-48b9-aec4-6558b4ae2008,3
8964,44c7d719-67ef-49d4-b443-1a472e2d19de,3
8990,f7419348-23f3-415a-8b3f-fa4883e93eea,3
8991,f0ff042a-739d-44c4-aa8b-21ff710d7c25,1
9003,dd470893-c374-4a66-941a-3faa44130f0f,3
9009,bd215c45-d6d4-437e-83f8-55b45e833ee2,2
9014,4294c530-762a-4989-9a8c-3dfa66fc3c34,3
