id,created_at,updated_at,barcode,common_name,man_name,manufacturer,bottle_sizes,active_ingredient_id,application_method_id,description,link,noah_id,is_disabled,vmd_data_id
5895daca-c330-4689-b497-2702d94013d3,2022-10-23 00:00:32.308678,2023-02-26 00:00:19.150590,,Bravoxin® suspension,No MAN,MSD Animal Health UK Limited,,Vaccine Antigens,,Bravoxin® suspension for injection for cattle and sheep,http://www.noahcompendium.co.uk/?id=-480034&aggregatexml=true&absoluteurls=true,N480034,true,
cf3ec94f-a3b5-41c0-85b8-1463f3ca168d,2020-04-19 00:00:10.305633,2023-02-26 00:00:19.237636,,Buscopan Compositum,Vm 08327/4292,Boehringer Ingelheim Animal Health UK Ltd,,Butylscopolamine,,Buscopan,http://www.noahcompendium.co.uk/?id=-447486&aggregatexml=true&absoluteurls=true,N447486,false,111.0
4910c05a-63a2-494e-a4b2-8ff5b4098654,2023-02-19 00:00:23.416256,2023-02-26 00:00:25.853996,,"Ketodolor 100 mg/ml Solution for Injection for Horses, Cattle, Pigs",No MAN,Dechra Veterinary Products,,Ketoprofen,,"Ketodolor® 100 mg/ml Solution for Injection for Horses, Cattle, Pigs",http://www.noahcompendium.co.uk/?id=-482624&aggregatexml=true&absoluteurls=true,N482624,false,
81942b4b-fe38-427e-bb51-41a5313003d3,2022-03-13 00:00:29.062219,2023-02-26 00:00:17.671434,,Baytril 100 mg/ml solution for injection,No MAN,Elanco UK AH Limited,,Enrofloxacin,,Baytril 100 mg/ml solution for injection,http://www.noahcompendium.co.uk/?id=-479578&aggregatexml=true&absoluteurls=true,N479578,false,
00e4b8df-fb72-415b-aac0-a113c9a1a313,2020-08-30 00:01:19.770452,2020-09-13 00:01:22.110136,,"Altidox 500 mg/g Powder for Use in Drinking Water for Pigs, Chickens and Turkeys",No MAN,Dechra Veterinary Products,,Doxycycline Hyclate,,"Altidox 500 mg/g Powder for Use in Drinking Water for Pigs, Chickens and Turkeys",http://www.noahcompendium.co.uk/?id=-469525&aggregatexml=true&absoluteurls=true,N469525,false,
dc3e85e2-835e-46a4-9494-8c80d3465962,2020-05-14 15:42:13.024704,2021-04-25 00:01:53.447881,,Baytril 2.5% Oral Solution,No MAN,Elanco UK AH Limited,,Enrofloxacin,,Baytril® 2.5% Oral Solution,http://www.noahcompendium.co.uk/?id=-446279&aggregatexml=true&absoluteurls=true,N446279,false,
83f723e3-82e4-4b7e-b3d8-2c1c1711fceb,2022-03-13 00:00:28.875917,2023-02-26 00:00:17.508281,,"Baycox Multi 50 mg/ml oral suspension for Cattle, Pigs and Sheep",No MAN,Elanco UK AH Limited,,Toltrazuril,,"Baycox Multi 50 mg/ml oral suspension for Cattle, Pigs and Sheep",http://www.noahcompendium.co.uk/?id=-479173&aggregatexml=true&absoluteurls=true,N479173,false,
62505843-147d-4874-88cd-166eec22960a,2022-10-30 00:00:47.047057,2023-02-26 00:00:33.617426,,Tribamec Duo Oral Suspension for Sheep,No MAN,Chanelle Pharma,,Triclabendazole,,Tribamec Duo 50 mg/ml & 1 mg/ml Oral Suspension for Sheep,http://www.noahcompendium.co.uk/?id=-481945&aggregatexml=true&absoluteurls=true,N481945,true,
44bfabb5-dafb-451d-9c10-d245242bfff3,2021-04-18 00:02:31.235499,2023-02-26 00:00:19.507596,,Ceporex®,No MAN,MSD Animal Health UK Limited,,Sodium Cefalexin,,"Ceporex® 180 mg/ml Suspension for injection for cattle, cats and dogs",http://www.noahcompendium.co.uk/?id=-479159&aggregatexml=true&absoluteurls=true,N479159,false,
bc0b508d-9ac8-4362-bc64-797075eb2429,2021-04-18 00:02:33.424939,2023-02-26 00:00:20.003690,,Chorulon®,No MAN,MSD Animal Health UK Limited,,Chorionic Gonadotrophin,,Chorulon® 1500 IU Powder and solvent for solution for injection,http://www.noahcompendium.co.uk/?id=-479229&aggregatexml=true&absoluteurls=true,N479229,true,
1d391f20-b907-4c7a-9771-61e7bf59b995,2020-06-29 09:26:10.508505,2020-07-21 09:41:32.534306,,Levamole 75 mg/ml Oral Solution,Levamole 75 mg/ml Oral Solution,Molevalley,,Levamisole Hydrochloride,,Levamole 75 mg/ml Oral Solution,http://www.breedr.co,BR000009,false,
986b1b5f-1d86-4ff6-83b3-42188d85ac5b,2022-04-24 00:00:42.306750,2023-02-26 00:00:31.357665,,Rompun 2% w/v Solution for Injection.,No MAN,Elanco UK AH Limited,,Xylazine Hydrochloride,,Rompun 2% w/v Solution for Injection.,http://www.noahcompendium.co.uk/?id=-479802&aggregatexml=true&absoluteurls=true,N479802,true,
b983236c-9f88-4096-84f0-83f45db1064d,2020-05-14 15:42:44.651158,2023-02-26 00:00:33.375084,,Tilmovet 250 mg/ml Concentrate for Oral Solution,V,Huvepharma NV,,Tilmicosin,,Tilmovet 250 mg/ml Concentrate for Oral Solution,http://www.noahcompendium.co.uk/?id=-453145&aggregatexml=true&absoluteurls=true,N453145,false,
888020de-997a-4310-bd02-44fa8e6d7745,2021-01-31 00:00:32.189177,2021-04-25 00:02:51.684487,,Pulmotil AC 250 mg/ml Concentrate for Oral Solution,No MAN,Elanco UK AH Limited,,Tilmicosin,,Pulmotil AC 250 mg/ml Concentrate for Oral Solution for use in drinking water or milk replacer,http://www.noahcompendium.co.uk/?id=-472825&aggregatexml=true&absoluteurls=true,N472825,false,
8eb443c6-637f-4c6d-93eb-e6eefa70ed51,2020-04-19 00:00:09.942120,2023-02-26 00:00:16.394909,,Alamycin LA 300,Vm 02000/4113,Norbrook Laboratories Ltd,,Oxytetracycline,,Alamycin LA 300 Solution for Injection 300 mg/ml,http://www.noahcompendium.co.uk/?id=-470307&aggregatexml=true&absoluteurls=true,N470307,false,39.0
0bb2e085-d8cd-4652-84f2-53ef8f04679f,2022-04-24 00:00:44.349478,2023-02-26 00:00:33.811657,,Tulaven 100 mg/ml,No MAN,Ceva Animal Health Ltd,,Tulathromycin,,"Tulaven® 100 mg/ml solution for injection for cattle, pigs and sheep",http://www.noahcompendium.co.uk/?id=-478915&aggregatexml=true&absoluteurls=true,N478915,false,
7ee1ed0e-13a0-440d-a6a6-9bc10f7b6b70,2020-05-14 15:42:30.479737,2021-04-25 00:02:29.008331,,Levacur® SC,Vm 01708/4488.,MSD Animal Health,,Levamisole Hydrochloride,Oral,Levacur® SC 3% Oral Solution,http://www.noahcompendium.co.uk/?id=-454927&aggregatexml=true&absoluteurls=true,N454927,false,265.0
8b4542ea-4973-492e-b287-9652cbf24ea9,2020-05-14 15:42:30.297556,2020-06-21 00:02:01.085869,,Lambivac,Vm 01708/4509,MSD Animal Health,,Vaccine Antigens,Subcutaneous,Lambivac,http://www.noahcompendium.co.uk/?id=-454890&aggregatexml=true&absoluteurls=true,N454890,false,79.0
c363b75a-8941-49ca-bd15-388a6109b825,2020-05-14 15:42:24.608608,2023-02-26 00:00:23.929397,,Eprizero,Vm 02000/4339,Norbrook Laboratories Ltd,,Eprinomectin,,Eprizero 5 mg/ml Pour-On Solution for Beef and Dairy Cattle,http://www.noahcompendium.co.uk/?id=-470699&aggregatexml=true&absoluteurls=true,N470699,false,546.0
569b15b4-c16c-402a-a8d7-4ad8ce53ea86,2020-05-14 15:42:18.885775,2023-02-26 00:00:21.724645,,CYDECTIN 10% LA Solution for Injection for Cattle,Vm 42058/4028,Zoetis UK Limited,,Moxidectin,,CYDECTIN® 10% LA Solution for Injection for Cattle,http://www.noahcompendium.co.uk/?id=-456817&aggregatexml=true&absoluteurls=true,N456817,false,353.0
f8784474-29b3-4c3f-a73a-ec93cc247e15,2020-05-14 15:42:40.735673,2023-02-26 00:00:31.090275,,Rispoval IBR-Marker Inactivated,Vm 42058/4127,Zoetis UK Limited,,Vaccine Antigens,,Rispoval® IBR-Marker Inactivated suspension for injection for cattle,http://www.noahcompendium.co.uk/?id=-458210&aggregatexml=true&absoluteurls=true,N458210,false,219.0
fd8d25f4-3a9b-498c-8dcc-60f9ce277de8,2020-05-14 15:42:42.557356,2023-02-26 00:00:32.812010,,Synulox Lactating Cow,No MAN,Zoetis UK Limited,,Amoxicillin Trihydrate,,Synulox® Lactating Cow,http://www.noahcompendium.co.uk/?id=-458458&aggregatexml=true&absoluteurls=true,N458458,false,148.0
e6164ead-4354-42bf-a02a-0143cfd1126e,2020-05-14 15:42:42.827145,2020-09-06 00:04:12.658156,,"Tetroxy Vet 200mg/ml solution for injection for cattle, sheep and pigs",Vm 12597/4065,Bimeda,,Oxytetracycline,,"Tetroxy Vet 200mg/ml solution for injection for cattle, sheep and pigs",http://www.noahcompendium.co.uk/?id=-447356&aggregatexml=true&absoluteurls=true,N447356,true,
af6c7dba-538d-469f-b7da-273ce242c664,2020-04-19 00:00:12.332211,2023-02-26 00:00:30.423612,,"Recocam 20mg/ml Meloxicam Solution for Injection for Use in Cattle, Pigs & Horses",Vm 50146/5000,Bimeda,,Meloxicam,,"Recocam 20mg/ml Meloxicam Solution for Injection for Use in Cattle, Pigs & Horses",http://www.noahcompendium.co.uk/?id=-447289&aggregatexml=true&absoluteurls=true,N447289,false,985.0
6849c3f4-a81a-41dd-9701-e046f4e28215,2020-05-14 15:42:08.474570,2023-02-26 00:00:16.128417,,Advocin 180,Vm 42058/4000,Zoetis UK Limited,,Danofloxacin Mesylate,Subcutaneous,Advocin® 180,http://www.noahcompendium.co.uk/?id=-456420&aggregatexml=true&absoluteurls=true,N456420,false,303.0
4b89cde3-dde4-48c6-932b-84e0d6fd24a8,2020-05-14 15:42:15.804060,2020-07-05 00:01:52.357564,,Butox Swish,Vm 01708/4495,MSD Animal Health,,Deltamethrin,,Butox™ Swish Pour-on suspension 0.75 % w/v,http://www.noahcompendium.co.uk/?id=-454379&aggregatexml=true&absoluteurls=true,N454379,false,1091.0
5c410880-43d8-4274-bb80-9b9040ce9a25,2020-05-14 15:42:15.186767,2023-02-26 00:00:18.309567,,Bovaclox DC Xtra,Vm 02000/4111,Norbrook Laboratories Ltd,,Ampicillin,,Bovaclox DC Xtra Intramammary Suspension,http://www.noahcompendium.co.uk/?id=-470405&aggregatexml=true&absoluteurls=true,N470405,false,43.0
cbd6c585-b13e-466c-a419-8729955a5d49,2020-05-14 15:42:17.999593,2023-02-26 00:00:20.414540,,CLiKZiN 12.5 mg/ml Pour-On,No MAN,Elanco UK AH Limited,,Dicyclanil,,CLiKZiN 12.5 mg/ml Pour-On Suspension for Sheep,http://www.noahcompendium.co.uk/?id=-473164&aggregatexml=true&absoluteurls=true,N473164,false,
d61a7cd3-6cb2-431f-8b14-80b73a2fd622,2020-05-14 15:42:15.240484,2023-02-26 00:00:18.351924,,Bovalto Respi 3,No MAN,Boehringer Ingelheim Animal Health UK Ltd,,Vaccine Antigens,,Bovalto Respi 3 suspension for injection for cattle,http://www.noahcompendium.co.uk/?id=-461645&aggregatexml=true&absoluteurls=true,N461645,false,
f972eb98-7b87-480c-bdd3-daf11bdc3352,2020-05-14 15:42:15.340063,2023-02-26 00:00:18.540806,,Bovela,No MAN,Boehringer Ingelheim Animal Health UK Ltd,,Vaccine Antigens,Intramuscular,Bovela lyophilisate and solvent for suspension for injection for cattle,http://www.noahcompendium.co.uk/?id=-447461&aggregatexml=true&absoluteurls=true,N447461,false,594.0
67e0473c-51f8-4099-84c5-f5f31c728f19,2020-05-14 15:42:15.213432,2022-09-25 00:00:45.103886,,Bovalto Pastobov,Vm 08327/4173,Boehringer Ingelheim Animal Health UK Ltd,,Vaccine Antigens,,Bovalto Pastobov,http://www.noahcompendium.co.uk/?id=-453876&aggregatexml=true&absoluteurls=true,N453876,false,192.0
89010b23-0847-4f85-afc6-a2dc086e8546,2020-05-14 15:42:28.008951,2020-09-13 00:01:54.593632,,Framomycin 150 mg/ml Solution for Injection,No MAN,Elanco UK AH Limited,,Framycetin Sulfate,,Framomycin 150 mg/ml Solution for Injection,http://www.noahcompendium.co.uk/?id=-472314&aggregatexml=true&absoluteurls=true,N472314,false,
10d4f75a-69a0-4ce5-913d-b7c57a84c7d5,2020-05-14 15:42:17.269134,2021-04-04 00:02:36.716696,,Ceporex™,Vm 01708/4590,MSD Animal Health,,Sodium Cefalexin,,"Ceporex™ 180 mg/ml Suspension for injection for cattle, cats and dogs",http://www.noahcompendium.co.uk/?id=-454404&aggregatexml=true&absoluteurls=true,N454404,false,177.0
3ad9b942-ae83-4176-8f64-3521eabc7836,2020-05-14 15:42:17.770419,2023-02-26 00:00:20.072929,,CIDR 1.38 g,Vm 42058/4012,Zoetis UK Limited,,Progesterone,,CIDR® 1.38 g Vaginal Delivery System for Cattle,http://www.noahcompendium.co.uk/?id=-456626&aggregatexml=true&absoluteurls=true,N456626,false,367.0
897f3471-bd47-4c29-abf2-dea399956432,2020-05-14 15:42:16.584534,2021-04-11 00:02:05.694291,,"Ceffect LC, 75mg, Intramammary Ointment for Lactating Cows",Vm34534/4006,Elanco UK AH Limited,,Cefquinome,,"Ceffect® LC, 75mg, Intramammary Ointment for Lactating Cows",http://www.noahcompendium.co.uk/?id=-446484&aggregatexml=true&absoluteurls=true,N446484,false,578.0
e5a5631d-ac25-478a-97c2-85a55c68bd86,2020-05-14 15:42:17.599553,2023-02-26 00:00:19.886919,,Chanaverm 7.5% Oral Solution,Vm 11990/4002.,Chanelle Pharma,,Levamisole Hydrochloride,Oral,Chanaverm 7.5% Oral Solution,http://www.noahcompendium.co.uk/?id=-449067&aggregatexml=true&absoluteurls=true,N449067,true,32.0
6a376505-3f26-412a-a9b9-957a5d7fd382,2020-05-14 15:42:17.882969,2023-02-26 00:00:20.274411,,Clamoxyl RTU,Vm 42058/4016,Zoetis UK Limited,,Amoxicillin Trihydrate,Intramuscular,Clamoxyl® RTU,http://www.noahcompendium.co.uk/?id=-456662&aggregatexml=true&absoluteurls=true,N456662,false,174.0
1630032e-e38d-4f09-95af-7dab4e68aaad,2020-05-14 15:42:36.534857,2020-09-13 00:02:16.571303,,PG 600,Vm 01708/4312.,MSD Animal Health,,,,PG 600™ Powder and solvent for solution for injection,http://www.noahcompendium.co.uk/?id=-455849&aggregatexml=true&absoluteurls=true,N455849,false,
01b643cb-8cf1-4f35-b2b4-d58608089ceb,2020-05-14 15:42:18.301531,2023-02-26 00:00:20.993229,,Combiclav Injection,Vm 02000/4238,Norbrook Laboratories Ltd,,Amoxicillin,,Combiclav Suspension for Injection,http://www.noahcompendium.co.uk/?id=-470643&aggregatexml=true&absoluteurls=true,N470643,false,321.0
92877074-f18b-4baf-bdf5-a34f90c9f43a,2020-05-14 15:42:18.331625,2023-02-26 00:00:21.062003,,Combinex Cattle Oral Suspension,No MAN,Elanco UK AH Limited,,Levamisole Hydrochloride,,Combinex Cattle Oral Suspension,http://www.noahcompendium.co.uk/?id=-473259&aggregatexml=true&absoluteurls=true,N473259,false,
b51551fa-0f86-4192-bda6-6fd96e43690f,2020-05-14 15:42:18.668426,2023-02-26 00:00:21.441698,,Cyclix 250 microgram/ml solution for injection,Vm 05653/4157,Virbac Limited,,Cloprostenol Sodium,Intramuscular,Cyclix 250 microgram/ml solution for injection,http://www.noahcompendium.co.uk/?id=-460172&aggregatexml=true&absoluteurls=true,N460172,false,355.0
7a611c46-3c50-4e39-956b-330791199acf,2020-05-14 15:42:18.636576,2022-10-30 00:00:37.202776,,Curacef Duo injection for cattle,No MAN,Virbac Limited,,Ceftiofur,,Curacef Duo injection for cattle,http://www.noahcompendium.co.uk/?id=-463337&aggregatexml=true&absoluteurls=true,N463337,true,
8b6ab38e-ed1c-4c3d-b97f-a60dbd178653,2020-05-14 15:42:41.525925,2020-08-30 00:02:10.862516,,Stabox 50% Oral Soluble Powder Pig,V,Virbac Limited,,Amoxicillin Trihydrate,,Stabox 50% Oral Soluble Powder Pig,http://www.noahcompendium.co.uk/?id=-460733&aggregatexml=true&absoluteurls=true,N460733,false,
118ffcee-8ffc-465d-b28c-4f22fcf43f75,2020-09-20 00:01:50.675442,2023-02-26 00:00:22.220445,,Depocillin®,No MAN,MSD Animal Health UK Limited,,Procaine Benzylpenicillin,,Depocillin® 300 mg/ml suspension for injection,http://www.noahcompendium.co.uk/?id=-477004&aggregatexml=true&absoluteurls=true,N477004,false,
059fa041-3799-4033-b6b5-6ef8556606aa,2020-05-14 15:42:22.106151,2023-02-26 00:00:23.011951,,Ecomectin 6 mg/g Premix for Medicated Feeding Stuff for Pigs,Vm 13277/4020,ECO Animal Health Ltd,,Ivermectin,,Ecomectin 6 mg/g Premix for Medicated Feeding Stuff for Pigs,http://www.noahcompendium.co.uk/?id=-450689&aggregatexml=true&absoluteurls=true,N450689,false,
e6956557-c57c-431d-8b5d-12f75cb04775,2020-05-14 15:42:23.788901,2023-02-26 00:00:23.598721,,Enrocare 5.0% Injection,"UK (GB) Vm 10347/4029, UK (Northern Ireland) Vm 10347/4029",Animalcare Limited,,Enrofloxacin,,Enrocare 5.0% Injection,http://www.noahcompendium.co.uk/?id=-473749&aggregatexml=true&absoluteurls=true,N473749,false,435.0
c79d2a98-7f37-4c27-9032-78ba35be1175,2020-05-14 15:42:26.184244,2023-02-26 00:00:24.686803,,Fly & Lice Spot On,Vm 42058/4096,Zoetis UK Limited,,Deltamethrin,,Fly & Lice Spot On®,http://www.noahcompendium.co.uk/?id=-457464&aggregatexml=true&absoluteurls=true,N457464,false,201.0
5d41eba9-9c3a-4d2a-bc33-2466e229d0c5,2020-04-19 00:00:11.021956,2023-02-26 00:00:24.729832,,Flypor 4% w/v Pour-on Solution,No MAN,Elanco UK AH Limited,,Permethrin,,Flypor 4% w/v Pour-on Solution,http://www.noahcompendium.co.uk/?id=-474905&aggregatexml=true&absoluteurls=true,N474905,false,
520b11bf-e9b3-4a1d-b00b-b9666d7e45e3,2020-05-14 15:42:34.374442,2023-02-26 00:00:25.011617,,"Gold Fleece Sheep Dip, 608 mg/ml Concentrate for Dip Emulsion",Vm 50146/4031,Bimeda,,Diazinon,,"Gold Fleece Sheep Dip, 608 mg/ml Concentrate for Dip Emulsion",http://www.noahcompendium.co.uk/?id=-447224&aggregatexml=true&absoluteurls=true,N447224,false,212.0
bdd96d62-1dc0-4a9b-9a91-987016c0413a,2020-09-20 00:02:20.353440,2023-02-26 00:00:28.701881,,Oxytocin-S,No MAN,MSD Animal Health UK Limited,,Oxytocin,,"Oxytocin-S, 10 iu/ml, solution for injection",http://www.noahcompendium.co.uk/?id=-478177&aggregatexml=true&absoluteurls=true,N478177,false,
75a71eef-325b-44a8-92a5-d2b40778ca30,2020-05-14 15:42:29.323845,2023-02-26 00:00:25.300349,,Hyogen,No MAN,Ceva Animal Health Ltd,,Vaccine Antigens,,Hyogen® emulsion for injection for pigs,http://www.noahcompendium.co.uk/?id=-474240&aggregatexml=true&absoluteurls=true,N474240,false,
ad0be98a-e32b-41d3-a550-36a551a50605,2020-06-07 00:01:36.909537,2023-02-26 00:00:25.387888,,Imizol®,No MAN,MSD Animal Health UK Limited,,Imidocarb Diproprionate,,Imizol® 85 mg/ml Solution for Injection,http://www.noahcompendium.co.uk/?id=-476516&aggregatexml=true&absoluteurls=true,N476516,true,
7fde0fec-3073-4af4-abe6-6600319d28cd,2020-05-14 15:42:29.561752,2023-02-26 00:00:25.546727,,Ingelvac CircoFLEX,UK(NI): EU/2/07/079/001-008,Boehringer Ingelheim Animal Health UK Ltd,,Vaccine Antigens,Intramuscular,Ingelvac CircoFLEX,http://www.noahcompendium.co.uk/?id=-447535&aggregatexml=true&absoluteurls=true,N447535,false,
6a9dab4d-2892-4c57-8b91-fbb59ece8a66,2020-05-14 15:42:29.596678,2023-02-26 00:00:25.580198,,Ingelvac MycoFLEX,Vm 08327/4296,Boehringer Ingelheim Animal Health UK Ltd,,Vaccine Antigens,,Ingelvac MycoFLEX,http://www.noahcompendium.co.uk/?id=-447560&aggregatexml=true&absoluteurls=true,N447560,false,
7bebc020-b8ba-4d87-b9a1-ab88020220e7,2020-05-14 15:42:30.218593,2023-02-26 00:00:25.973054,,Kexxtone 32.4g continuous-release intraruminal device for cattle,No MAN,Elanco UK AH Limited,,Monensin,,Kexxtone 32.4g continuous-release intraruminal device for cattle,http://www.noahcompendium.co.uk/?id=-469029&aggregatexml=true&absoluteurls=true,N469029,false,
c61fa781-f83f-470f-9903-2376f327a1be,2020-07-05 00:02:19.381911,2023-02-26 00:00:26.051571,,Lambivac®,No MAN,MSD Animal Health UK Limited,,Vaccine Antigens,,Lambivac®,http://www.noahcompendium.co.uk/?id=-476544&aggregatexml=true&absoluteurls=true,N476544,true,
17a4ff82-9321-4f1a-b24e-59461fc0e2e3,2020-05-14 15:42:31.549660,2023-02-26 00:00:26.644959,,Marbocyl 10% Solution for Injection,Vm 08007/4149,Vetoquinol UK Ltd,,Marbofloxacin,Intramuscular,Marbocyl™ 10% Solution for Injection,http://www.noahcompendium.co.uk/?id=-459565&aggregatexml=true&absoluteurls=true,N459565,false,159.0
f6d42bc9-c0f8-49ea-8bd7-d0b0e0dd06ef,2020-04-19 00:00:11.592667,2023-02-26 00:00:27.073454,,Metacam 40 mg/ml solution for injection for cattle and horses,"UK(NI): EU/2/97/004/050, 052 : 50 ml",Boehringer Ingelheim Animal Health UK Ltd,,Meloxicam,,Metacam,http://www.noahcompendium.co.uk/?id=-447700&aggregatexml=true&absoluteurls=true,N447700,false,
4c567290-88df-4121-94e3-afb83e3f1ba5,2020-05-14 15:42:32.558170,2023-02-26 00:00:27.238811,,Milbotyl Solution for Injection,V,Chanelle Pharma,,Tilmicosin,Subcutaneous,Milbotyl 300mg/ml Solution for Injection,http://www.noahcompendium.co.uk/?id=-449248&aggregatexml=true&absoluteurls=true,N449248,true,
df631b86-6e7b-42e7-b1d3-26218660bad6,2020-05-14 15:42:34.226753,2023-02-26 00:00:28.274065,,Orbenin Extra Dry Cow,Vm 42058/4089,Zoetis UK Limited,,Cloxacillin Benzathine,,Orbenin® Extra Dry Cow,http://www.noahcompendium.co.uk/?id=-457771&aggregatexml=true&absoluteurls=true,N457771,false,146.0
06821154-316f-4c4d-be64-b8083a15a6c2,2020-05-14 15:42:34.253894,2023-02-26 00:00:28.304500,,Orbenin L.A.,Vm 42058/4090,Zoetis UK Limited,,Cloxacillin Sodium,,Orbenin® L.A.,http://www.noahcompendium.co.uk/?id=-457783&aggregatexml=true&absoluteurls=true,N457783,false,169.0
680b54e0-8927-4941-b7fb-45fa3f52442f,2020-09-27 00:02:04.948629,2023-02-26 00:00:28.665426,,"Oxytobel 10 IU/ml solution for injection for Horses, Cattle, Pigs, Sheep, Goats, Dogs and Cats",No MAN,Bimeda,,Oxytocin,,"Oxytobel 10 IU/ml solution for injection for Horses, Cattle, Pigs, Sheep, Goats, Dogs and Cats",http://www.noahcompendium.co.uk/?id=-476211&aggregatexml=true&absoluteurls=true,N476211,false,
7f122289-0143-4dff-8030-0a1ccc4fcaa4,2020-09-20 00:02:22.637450,2023-02-26 00:00:29.301886,,PG 600™,No MAN,MSD Animal Health UK Limited,,Chorionic Gonadotrophin,,PG 600™ Powder and solvent for solution for injection,http://www.noahcompendium.co.uk/?id=-478244&aggregatexml=true&absoluteurls=true,N478244,false,
5a163e7d-63e0-433d-a64a-d673fb07d615,2020-05-14 15:42:39.679812,2022-10-30 00:00:44.845158,,Prosolvin Solution for injection,V,Virbac Limited,,Luprostiol,,Prosolvin Solution for injection,http://www.noahcompendium.co.uk/?id=-460649&aggregatexml=true&absoluteurls=true,N460649,false,
da56f69d-5952-495c-b433-386d3f404b6c,2020-05-14 15:42:40.531362,2023-02-26 00:00:30.777960,,Revozyn RTU 400 mg/ml Suspension for Injection for Cattle,No MAN,Dechra Veterinary Products,,Penethamate Hydriodide,,Revozyn® RTU 400 mg/ml Suspension for Injection for Cattle,http://www.noahcompendium.co.uk/?id=-472204&aggregatexml=true&absoluteurls=true,N472204,false,
6f246383-5192-4f9a-944e-9fcd4136b0b8,2020-09-13 00:02:24.237648,2023-02-26 00:00:19.027436,,Bovilis® Rotavec® Corona Emulsion,No MAN,MSD Animal Health UK Limited,,Vaccine Antigens,,Bovilis® Rotavec® Corona Emulsion for Injection for Cattle.,http://www.noahcompendium.co.uk/?id=-477727&aggregatexml=true&absoluteurls=true,N477727,false,
5a09611a-aab1-4f52-9bed-cd3290271522,2020-05-14 15:42:41.232768,2023-02-26 00:00:31.737440,,Solacyl 1000 mg/g Powder for Oral Solution for Cattle and Pigs,No MAN,Dechra Veterinary Products,,Sodium Salicylate,,Solacyl® 1000 mg/g Powder for Oral Solution for Cattle and Pigs,http://www.noahcompendium.co.uk/?id=-469349&aggregatexml=true&absoluteurls=true,N469349,false,
5823673f-e0f4-406d-be20-7b99ceaa5b7b,2020-05-14 15:42:41.421989,2023-02-26 00:00:32.037992,,Spirovac,Vm 42058/4134,Zoetis UK Limited,,Vaccine Antigens,,Spirovac®,http://www.noahcompendium.co.uk/?id=-458326&aggregatexml=true&absoluteurls=true,N458326,false,102.0
6771973d-e363-49a1-a1b3-303300dd6297,2020-05-14 15:42:42.321447,2021-04-25 00:03:00.769249,,Suiseng,V,HIPRA UK & IRELAND LTD,,Vaccine Antigens,,Suiseng,http://www.noahcompendium.co.uk/?id=-452842&aggregatexml=true&absoluteurls=true,N452842,false,
52059243-2b04-409a-8d20-fc1c2c5ea942,2020-05-14 15:42:42.356430,2023-02-26 00:00:32.496181,,Supaverm Oral Suspension,No MAN,Elanco UK AH Limited,,Closantel,,Supaverm Oral Suspension,http://www.noahcompendium.co.uk/?id=-474863&aggregatexml=true&absoluteurls=true,N474863,false,
4dfdfa78-4b64-4b32-8d9d-cc48d01ec493,2022-12-04 00:00:26.296273,2023-02-26 00:00:19.587700,,Cepralock® 2.6 g Intramammary,No MAN,MSD Animal Health UK Limited,,Bismuth Subnitrate,,Cepralock® 2.6 g Intramammary Suspension for Dry Cows,http://www.noahcompendium.co.uk/?id=-482297&aggregatexml=true&absoluteurls=true,N482297,true,
461195af-485c-45eb-972a-5a8d2155f94b,2020-05-14 15:42:29.356501,2023-02-26 00:00:25.332743,,Hypertonic 72 mg/ml Solution for Infusion,Vm 10434/4091,Dechra Veterinary Products,,Sodium Chloride,,Hypertonic 72 mg/ml Solution for Infusion,http://www.noahcompendium.co.uk/?id=-450417&aggregatexml=true&absoluteurls=true,N450417,false,687.0
91840adf-e755-4e7b-a6c7-669ab17aea7c,2022-03-13 00:00:28.934425,2023-02-26 00:00:17.564053,,Baytril 2.5% Oral Solution,No MAN,Elanco UK AH Limited,,Enrofloxacin,,Baytril 2.5% Oral Solution,http://www.noahcompendium.co.uk/?id=-479270&aggregatexml=true&absoluteurls=true,N479270,false,
f505c21f-b235-4fda-bdb2-43692dd0755e,2020-05-14 15:42:09.659741,2023-02-26 00:00:16.762491,,Amphen 200mg/g granules for use in drinking water for pigs,Vm 30282/4043,Huvepharma NV,,Florfenicol,,Amphen 200mg/g granules for use in drinking water for pigs,http://www.noahcompendium.co.uk/?id=-452870&aggregatexml=true&absoluteurls=true,N452870,false,
bc2a2082-5248-4d77-b772-ffefbaddf5c7,2020-05-14 15:42:09.692998,2023-02-26 00:00:16.796931,,Animec 0.5%,V,Chanelle Pharma,,Ivermectin,,Animec 0.5% w/v Pour-on Solution,http://www.noahcompendium.co.uk/?id=-448942&aggregatexml=true&absoluteurls=true,N448942,true,
d9727d0f-8e36-44c1-b261-71af3587cf49,2020-05-14 15:42:09.473434,2020-09-06 00:01:38.099593,,Amatib 800mg Oral Powder,No MAN,Krka UK Ltd,,Amoxicillin,,Amatib 800mg Oral Powder,http://www.noahcompendium.co.uk/?id=-468224&aggregatexml=true&absoluteurls=true,N468224,false,
78b03fb4-6724-4603-b6ba-18825e9de8ce,2021-01-17 00:00:17.431163,2023-02-26 00:00:19.749141,,Cevaprost,No MAN,Ceva Animal Health Ltd,,Cloprostenol Sodium,,Cevaprost® 250 µg/ml Solution for Injection,http://www.noahcompendium.co.uk/?id=-478901&aggregatexml=true&absoluteurls=true,N478901,false,
0fe32628-dd17-4cfb-b3ef-b55f2591cf57,2020-12-27 00:00:17.449087,2023-02-26 00:00:20.164342,,CircoMax® Myco,No MAN,Zoetis UK Limited,,Vaccine Antigens,Intramuscular,CircoMax® Myco Emulsion for injection for pigs,http://www.noahcompendium.co.uk/?id=-478863&aggregatexml=true&absoluteurls=true,N478863,false,
2559f96c-fd6c-4055-b110-4f454e170dd1,2020-04-19 00:00:09.991006,2023-02-26 00:00:16.592405,,Allevinix,No MAN,Ceva Animal Health Ltd,,Flunixin Meglumine,,"Allevinix® 50 mg/ml solution for injection for cattle, pigs and horses",http://www.noahcompendium.co.uk/?id=-475957&aggregatexml=true&absoluteurls=true,N475957,false,
19e49208-747e-4614-8674-75c368e076a0,2021-03-21 00:00:25.227007,2023-02-26 00:00:26.465690,,Lydaxx 100 mg/ml solution for injection,No MAN,Vetoquinol UK Ltd,,Tulathromycin,,"Lydaxx 100 mg/ml solution for injection for cattle, pigs and sheep",http://www.noahcompendium.co.uk/?id=-477321&aggregatexml=true&absoluteurls=true,N477321,false,
7685acd1-57aa-4cf3-b18c-7f62369d7e81,2022-04-24 00:00:42.690672,2023-02-26 00:00:31.839836,,Solantel Pour-On,No MAN,Norbrook Laboratories Ltd,,Closantel,,Solantel 200mg/ml Pour-On Solution for Cattle,http://www.noahcompendium.co.uk/?id=-479897&aggregatexml=true&absoluteurls=true,N479897,false,
5b02facb-98d3-462b-809e-984ea44ea65e,2020-05-14 15:42:41.551932,2023-02-26 00:00:32.185873,,STARTECT,No MAN,Zoetis UK Limited,,Abamectin,Oral,STARTECT® Dual Active Oral Solution for Sheep,http://www.noahcompendium.co.uk/?id=-458338&aggregatexml=true&absoluteurls=true,N458338,false,497.0
807a0118-6b67-4b5b-8cfe-9d32689aa455,2020-04-19 00:00:09.813653,2023-02-26 00:00:16.333276,,Alamycin Aerosol,Vm 02000/4053,Norbrook Laboratories Ltd,,Oxytetracycline Hydrochloride,,"Alamycin Aerosol 3.58% w/w Cutaneous Spray, Solution",http://www.noahcompendium.co.uk/?id=-470293&aggregatexml=true&absoluteurls=true,N470293,false,22.0
0c9deab3-935a-43d8-8c07-ce2363953e0a,2020-05-14 15:42:40.093071,2023-02-26 00:00:30.669797,,Resflor® 300/16.5 mg/ml,UK: Vm 01708/4581,MSD Animal Health UK Limited,,Florfenicol,,Resflor® 300/16.5 mg/ml Solution for Injection for Cattle,http://www.noahcompendium.co.uk/?id=-456110&aggregatexml=true&absoluteurls=true,N456110,false,364.0
e63b5484-5f2d-4c6b-9b55-75193dbedd23,2020-05-14 15:42:34.066425,2020-09-06 00:03:30.930271,,Nuflor Minidose,Vm 01708/4541,MSD Animal Health,,Florfenicol,Subcutaneous,Nuflor,http://www.noahcompendium.co.uk/?id=-455598&aggregatexml=true&absoluteurls=true,N455598,false,392.0
99265db6-3cfc-4910-b171-6095197a4562,2020-04-19 00:00:10.342412,2020-09-06 00:02:05.170152,,Calciject 20 CMD,Vm 02000/4189,Norbrook Laboratories Ltd,,,,Calciject 20 CMD Solution for Injection,http://www.noahcompendium.co.uk/?id=-470433&aggregatexml=true&absoluteurls=true,N470433,false,275.0
8b047cde-0499-4f81-8e02-166502b6b490,2020-05-14 15:42:18.444368,2023-02-26 00:00:21.173913,,Copinox Lamb 2 g Capsule,Vm 14016/4002,Animax Ltd,,Copper Oxide,Oral,"Copinox Lamb 2g capsule, hard",http://www.noahcompendium.co.uk/?id=-446118&aggregatexml=true&absoluteurls=true,N446118,true,256.0
4f306154-ebb1-4bbf-b409-853e584b4096,2020-05-14 15:42:18.990812,2023-02-26 00:00:21.855401,,CYDECTIN TriclaMox Pour-On Solution for Cattle,Vm 42058/4031,Zoetis UK Limited,,Moxidectin,,CYDECTIN® TriclaMox® Pour-On Solution for Cattle,http://www.noahcompendium.co.uk/?id=-456853&aggregatexml=true&absoluteurls=true,N456853,false,498.0
d761b24d-19ea-4102-8b35-4d20024a6a64,2020-05-14 15:42:18.918770,2023-02-26 00:00:21.765810,,CYDECTIN 20 mg/ml LA Solution for Injection for Sheep,Vm 42058/4029,Zoetis UK Limited,,Moxidectin,,CYDECTIN® 20 mg/ml LA Solution for Injection for Sheep,http://www.noahcompendium.co.uk/?id=-456829&aggregatexml=true&absoluteurls=true,N456829,false,395.0
4d5a474f-d981-458a-b735-4165f2f22ce9,2020-05-14 15:42:30.565810,2023-02-26 00:00:26.351170,,Linco-Spectin 100 Powder,Vm 42058/4080,Zoetis UK Limited,,Lincomycin,,Linco-Spectin® 100 Powder,http://www.noahcompendium.co.uk/?id=-457663&aggregatexml=true&absoluteurls=true,N457663,false,230.0
7e9df81a-35ce-4831-bc4a-6961dfe25292,2020-05-14 15:42:40.769442,2023-02-26 00:00:31.133013,,Rispoval IBR-Marker Live,Vm 42058/4126,Zoetis UK Limited,,Vaccine Antigens,,Rispoval® IBR-Marker Live lyophilisate and diluent for suspension for injection for cattle,http://www.noahcompendium.co.uk/?id=-458222&aggregatexml=true&absoluteurls=true,N458222,false,222.0
2cd72daf-09cc-4b9f-8cf3-e3127481fbeb,2020-05-14 15:42:42.595896,2023-02-26 00:00:32.863836,,Synulox RTU,Vm 42058/4148,Zoetis UK Limited,,Amoxicillin Trihydrate,,Synulox® RTU,http://www.noahcompendium.co.uk/?id=-458506&aggregatexml=true&absoluteurls=true,N458506,false,150.0
7ce62d9f-2090-4af3-bbaa-44348d231e21,2020-05-14 15:42:12.269850,2020-09-13 00:01:25.876168,,"Baycox 50 mg/ml Oral Suspension for Piglets, Calves and Lambs",Vm 00010/4170,Bayer plc,,Toltrazuril,Oral,"Baycox® 50 mg/ml Oral Suspension for Piglets, Calves and Lambs",http://www.noahcompendium.co.uk/?id=-446267&aggregatexml=true&absoluteurls=true,N446267,false,439.0
e8b4d545-94d4-4d1e-ac33-399de751d340,2020-05-14 15:42:13.711031,2023-02-26 00:00:17.806400,,Betamox Injection,Vm 02000/4071,Norbrook Laboratories Ltd,,Amoxicillin,,Betamox 150 mg/ml Suspension for Injection,http://www.noahcompendium.co.uk/?id=-470349&aggregatexml=true&absoluteurls=true,N470349,false,8.0
3ec71c30-8765-49ac-aa6e-4817c5c633f1,2020-05-14 15:42:13.672866,2022-10-23 00:00:31.369173,,"Belavit , solution for injection for horses, cattle, pigs, and dogs",No MAN,Bimeda,,Alpha-Tocopheryl Acetate,,"Belavit AD3E, solution for injection for horses, cattle, pigs, and dogs",http://www.noahcompendium.co.uk/?id=-476267&aggregatexml=true&absoluteurls=true,N476267,true,
560145cb-2c0f-4f0b-8d70-43f9c29bd76a,2020-05-14 15:42:18.103253,2023-02-26 00:00:20.814138,,Cobactan® 25 mg/ml,No MAN,MSD Animal Health UK Limited,,Cefquinome,,Cobactan® 25 mg/ml Suspension for Injection,http://www.noahcompendium.co.uk/?id=-463588&aggregatexml=true&absoluteurls=true,N463588,false,
b3cdfc9b-41e0-42b9-8ea2-707badd2862a,2020-05-14 15:42:23.158413,2020-07-05 00:02:08.029101,,Engemycin 10 % Farm Pack,Vm 01708/4374,MSD Animal Health,,Oxytetracycline Hydrochloride,,Engemycin,http://www.noahcompendium.co.uk/?id=-454620&aggregatexml=true&absoluteurls=true,N454620,false,205.0
cf58e450-6d1f-4c7a-bf92-b6cd893f6589,2020-08-03 18:28:04.470930,2022-10-16 00:00:31.743555,,Bovilis® Ringvac,No MAN,MSD Animal Health UK Limited,,Vaccine Antigens,,Bovilis® Ringvac,http://www.noahcompendium.co.uk/?id=-476795&aggregatexml=true&absoluteurls=true,N476795,false,
016fe3d7-24df-4658-be95-84d5d0bbc356,2020-05-14 15:42:17.690308,2023-02-26 00:00:19.971784,,Chlorsol 50,UK: Vm 08007/4052,Vetoquinol UK Ltd,,Chlortetracycline Hydrochloride,Oral,Chlorsol 50% Powder for oral solution,http://www.noahcompendium.co.uk/?id=-459241&aggregatexml=true&absoluteurls=true,N459241,false,
040d0ef8-a7ea-46a6-b89f-8be51745cefc,2020-05-14 15:42:15.967552,2023-02-26 00:00:19.413464,,Carprieve Injection for Cattle,Vm 02000/4295,Norbrook Laboratories Ltd,,Carprofen,,Carprieve 50 mg/ml Solution for Injection for Cattle,http://www.noahcompendium.co.uk/?id=-470503&aggregatexml=true&absoluteurls=true,N470503,false,441.0
42ff00d3-290a-47a2-9057-acc02274542f,2020-05-14 15:42:17.364696,2023-02-26 00:00:19.709797,,Cevac Chlamydia,No MAN,Ceva Animal Health Ltd,,Vaccine Antigens,,Cevac® Chlamydia,http://www.noahcompendium.co.uk/?id=-473024&aggregatexml=true&absoluteurls=true,N473024,false,
b4ceb7e7-ca6b-47db-b1f9-18a1e36f8477,2020-05-14 15:42:18.218466,2023-02-26 00:00:20.926294,,Coliprotec F4/F18 lyophilisate for oral suspension for pigs,No MAN,Elanco UK AH Limited,,Vaccine Antigens,,Coliprotec F4/F18 lyophilisate for oral suspension for pigs,http://www.noahcompendium.co.uk/?id=-464612&aggregatexml=true&absoluteurls=true,N464612,false,
b9da4c77-eae0-46fd-896d-ac446e12dbff,2020-05-14 15:42:19.447565,2023-02-26 00:00:22.303637,,Dexadreson®,No MAN,MSD Animal Health UK Limited,,Dexamethasone,,Dexadreson® 2 mg/ml solution for injection,http://www.noahcompendium.co.uk/?id=-467130&aggregatexml=true&absoluteurls=true,N467130,false,
ceaa18ab-de50-4076-a1e9-82af2d9dfd58,2020-05-14 15:42:21.417818,2023-02-26 00:00:22.815233,,Duphamox,Vm 42058/4043,Zoetis UK Limited,,Amoxicillin Trihydrate,,Duphamox® 150 mg/ml Suspension for Injection,http://www.noahcompendium.co.uk/?id=-457080&aggregatexml=true&absoluteurls=true,N457080,false,10.0
504a8c1b-69de-446b-8f07-5b6ccfd0d7bd,2020-05-14 15:42:19.130498,2023-02-26 00:00:22.028054,,Dectospot 10 mg/ml Spot-on Solution for Cattle and Sheep,Vm 50146/4023,Bimeda,,Deltamethrin,,Dectospot 10 mg/ml Spot-on Solution for Cattle and Sheep,http://www.noahcompendium.co.uk/?id=-446983&aggregatexml=true&absoluteurls=true,N446983,false,601.0
68b45587-8b28-4a55-82f7-1db927d98f80,2020-04-19 00:00:12.601703,2020-07-05 00:02:54.749651,,Vecoxan 2.5 mg/ml Oral Suspension,No MAN,Elanco UK AH Limited,,Diclazuril,,Vecoxan 2.5 mg/ml Oral Suspension,http://www.noahcompendium.co.uk/?id=-474849&aggregatexml=true&absoluteurls=true,N474849,false,
d3c6ccdf-9b8e-4d96-a085-6daa85a6abc1,2020-05-14 15:42:20.036286,2023-02-26 00:00:22.411204,,Diatrim 200 mg/ml + 40 mg/ml Solution for Injection,No MAN,Dechra Veterinary Products,,Sulfadiazine (Sulphadiazine),,Diatrim® 200 mg/ml + 40 mg/ml Solution for Injection,http://www.noahcompendium.co.uk/?id=-472107&aggregatexml=true&absoluteurls=true,N472107,false,
72544e6e-042e-4235-808a-c899fda8b01f,2020-05-14 15:42:21.354698,2023-02-26 00:00:22.745424,,Duphacort Q,No MAN,Zoetis UK Limited,,Dexamethasone,Intramuscular,Duphacort® Q,http://www.noahcompendium.co.uk/?id=-457006&aggregatexml=true&absoluteurls=true,N457006,false,
a58be92b-2b6e-40da-8cc1-54e8889b5198,2020-05-14 15:42:22.668901,2023-02-26 00:00:23.126675,,Ecozole 4% w/w Premix for Medicated Feeding Stuff,VM 11990/4012,ECO Animal Health Ltd,,Fenbendazole,,Ecozole 4% w/w Premix for Medicated Feeding Stuff,http://www.noahcompendium.co.uk/?id=-450701&aggregatexml=true&absoluteurls=true,N450701,true,
5acbc555-0e80-4a81-87c0-8ad698d91592,2020-05-14 15:42:22.697936,2023-02-26 00:00:23.155002,,Ectofly 12.5 mg/ml Pour-On Solution for Sheep,Vm 50146/4017,Bimeda,,Cypermethrin,,Ectofly 12.5 mg/ml Pour-On Solution for Sheep,http://www.noahcompendium.co.uk/?id=-447009&aggregatexml=true&absoluteurls=true,N447009,false,501.0
72faffa0-5a1b-4b65-8d82-96c509e65e67,2020-05-14 15:42:24.517398,2023-02-26 00:00:23.881451,,Eprinex Multi,No MAN,Boehringer Ingelheim Animal Health UK Ltd,,Eprinomectin,,"Eprinex Multi 5 mg/ml pour-on solution for Cattle, Sheep and Goats",http://www.noahcompendium.co.uk/publications/-465563/eprinex-multi-5-mg/ml-pour-on-solution-for-cattle--sheep-and-goats/aggregatexml,N465563,false,
1aca4068-1a1c-4671-b14c-02db9b66dc6c,2020-05-14 15:42:25.252220,2023-02-26 00:00:24.436041,,Finadyne® 50mg/ml Solution for Injection,No MAN,MSD Animal Health UK Limited,,Flunixin Meglumine,,Finadyne® 50mg/ml Solution for Injection,http://www.noahcompendium.co.uk/?id=-474768&aggregatexml=true&absoluteurls=true,N474768,true,
ecfbe7de-46e1-4827-8e7d-6497d12a2c44,2020-05-14 15:42:34.038623,2023-02-26 00:00:28.042198,,Nuflor® 40 mg/g Premix,UK: Vm 01708/4575,MSD Animal Health UK Limited,,Florfenicol,,Nuflor® 40 mg/g Premix for Medicated Feeding Stuff for Swine,http://www.noahcompendium.co.uk/?id=-455572&aggregatexml=true&absoluteurls=true,N455572,false,
6611aa1e-dc62-4c74-b841-a3e521ed1d96,2020-05-14 15:42:30.184167,2023-02-26 00:00:25.935785,,Ketosaid Oral Solution,No MAN,Norbrook Laboratories Ltd,,Propylene Glycol,,Ketosaid 99.96% w/w Oral Solution,http://www.noahcompendium.co.uk/?id=-472434&aggregatexml=true&absoluteurls=true,N472434,false,
967e0be8-bdb0-40c7-b6f1-af77d7bf4247,2020-05-14 15:42:30.243376,2023-02-26 00:00:26.000457,,Kriptazen for calves,No MAN,Virbac Limited,,Halofuginone Lactate,,Kriptazen 0.5 mg/ml oral solution for calves,http://www.noahcompendium.co.uk/?id=-476446&aggregatexml=true&absoluteurls=true,N476446,true,
b3e9f72c-09d2-4536-9e17-61dc9c4bb928,2020-05-14 15:42:33.359476,2023-02-26 00:00:27.450081,,"Nefotek 100mg/ml solution for injection for cattle, horses and pigs",No MAN,Bimeda,,Ketoprofen,,"Nefotek 100mg/ml solution for injection for cattle, horses and pigs",http://www.noahcompendium.co.uk/?id=-464660&aggregatexml=true&absoluteurls=true,N464660,true,
ea4d431a-79d3-422a-a6cd-3b60ae0d444f,2020-05-14 15:42:33.393568,2023-02-26 00:00:27.485505,,Neocolipor,UK(NI): EU/2/98/008/001-004,Boehringer Ingelheim Animal Health UK Ltd,,Vaccine Antigens,,Neocolipor Suspension for Injection,http://www.noahcompendium.co.uk/?id=-453809&aggregatexml=true&absoluteurls=true,N453809,false,
067cc653-a5b9-477c-ae9d-98f22ced4430,2020-05-14 15:42:45.069084,2023-02-26 00:00:33.740594,,Trivacton 6,Vm 08327/4106,Boehringer Ingelheim Animal Health UK Ltd,,Vaccine Antigens,,Trivacton 6,http://www.noahcompendium.co.uk/?id=-454052&aggregatexml=true&absoluteurls=true,N454052,false,240.0
3168d437-68fc-49c0-b263-4ccb2e930bd3,2020-04-19 00:00:12.574003,2023-02-26 00:00:34.241116,,Ubropen,No MAN,Boehringer Ingelheim Animal Health UK Ltd,,Benzylpenicillin procaine monohydrate,,Ubropen 600 mg Intramammary Suspension for Lactating Cows,http://www.noahcompendium.co.uk/?id=-475250&aggregatexml=true&absoluteurls=true,N475250,false,
85c88c2b-7961-4ce6-abc5-f63f8474113b,2020-05-14 15:42:54.276436,2023-02-26 00:00:35.253944,,Vitamin B1 10% w/v Solution for Injection,Vm 50146/4029,Bimeda,,Thiamine Hydrochloride,,Vitamin B1 10% w/v Solution for Injection,http://www.noahcompendium.co.uk/?id=-447410&aggregatexml=true&absoluteurls=true,N447410,false,6.0
251b98e1-6b62-4c0b-ae83-3ecc318172b3,2020-05-14 15:42:52.232029,2023-02-26 00:00:34.756974,,"Vetivex 1 (( mg/ml) Solution for Infusion for Cattle, Horses, Dogs and Cats",Vm 10434/4079,Dechra Veterinary Products,,Sodium Chloride,,"Vetivex® 1 (9 mg/ml) Solution for Infusion for Cattle, Horses, Dogs and Cats",http://www.noahcompendium.co.uk/?id=-450403&aggregatexml=true&absoluteurls=true,N450403,false,559.0
d929a9bf-6075-4c74-89dd-dc480fadcdb9,2020-05-14 15:42:56.661868,2023-02-26 00:00:35.534225,,Zanil® Fluke Drench,UK: Vm 01708/4595,MSD Animal Health UK Limited,,Oxyclozanide,,Zanil® Fluke Drench 34 mg/ml Oral Suspension,http://www.noahcompendium.co.uk/?id=-456284&aggregatexml=true&absoluteurls=true,N456284,false,29.0
88db4fc3-b8d5-4b47-a32f-df4f47452d1f,2020-04-02 15:58:19.748415,2020-05-27 11:43:11.848939,4894461749068,Imizol Solution for InjectionTEST,Vm 01708/4576,MSD Animal Health,,Ivermectin,Oral,Imizol,http://www.noahcompendium.co.uk/?id=-454838&aggregatexml=true&absoluteurls=true,N454838TEST,true,
b6e27f20-e888-4691-ba6b-11c31e0a9e55,2020-04-19 00:00:10.209450,2020-04-19 00:00:10.209479,,Bimotrim Co Injection,Vm 02676/4156,Bimeda,,,,Bimotrim Co Injection,http://www.noahcompendium.co.uk/?id=-446876&aggregatexml=true&absoluteurls=true,N446876,false,
41123862-0a23-4088-908f-87dbbdbd7bae,2020-05-14 15:42:09.158644,2023-02-26 00:00:16.302473,,Aivlosin 625 mg/g Granules for Use in Drinking Water for Pigs,No MAN,ECO Animal Health Ltd,,Tylvalosin Tartrate,,Aivlosin 625 mg/g Granules for Use in Drinking Water for Pigs,http://www.noahcompendium.co.uk/?id=-450665&aggregatexml=true&absoluteurls=true,N450665,false,
8707b271-357c-4dd4-b11c-5d078fadd96b,2020-05-14 15:42:09.734747,2023-02-26 00:00:16.861039,,Animec 10 mg/ml,Vm 11990/4023,Chanelle Pharma,,Ivermectin,Subcutaneous,Animec 10 mg/ml Solution for Injection for Cattle and Pigs,http://www.noahcompendium.co.uk/?id=-448962&aggregatexml=true&absoluteurls=true,N448962,true,277.0
8550fc0b-2ff8-4710-aa83-47a7015963fb,2020-06-29 09:05:37.529465,2020-07-21 09:41:08.521325,,Deltamole 7.5 mg/ml,Deltamole 7.5 mg/ml,Molevalley,,Deltamethrin,,Deltamole 7.5 mg/ml pour-on suspension for cattle,http://www.breedr.co,BR000007,false,
1fa9af91-ea88-47df-a2cd-e6e9355fc177,2020-05-14 15:42:09.126125,2023-02-26 00:00:16.264259,,Aivlosin 42.5 mg/g Premix for Medicated Feeding Stuff for Pigs,UK (GB): Vm 13277/5000,ECO Animal Health Ltd,,Tylvalosin Tartrate,,Aivlosin 42.5 mg/g Premix for Medicated Feeding Stuff for Pigs,http://www.noahcompendium.co.uk/?id=-450629&aggregatexml=true&absoluteurls=true,N450629,false,
8151c5e0-bc7d-4b2b-85cb-f9f9354da469,2022-04-24 00:00:35.861715,2023-02-26 00:00:25.076472,,Halofusol 0.5 mg/ml Oral Solution for Calves,No MAN,Bimeda,,Halofuginone Lactate,,Halofusol 0.5 mg/ml Oral Solution for Calves,http://www.noahcompendium.co.uk/?id=-479023&aggregatexml=true&absoluteurls=true,N479023,true,
2c4e9e3c-0049-4014-bb2f-121842a77b09,2022-04-24 00:00:33.611711,2023-02-26 00:00:23.034584,,Ecomectin 5 mg/ml Pour-on Solution for Cattle,No MAN,ECO Animal Health Ltd,,Ivermectin,Pour-on,Ecomectin 5 mg/ml Pour-on Solution for Cattle,http://www.noahcompendium.co.uk/?id=-480142&aggregatexml=true&absoluteurls=true,N480142,true,
ef5e79cf-cae8-4b42-9754-3054ecfd0c31,2021-01-10 00:00:17.272386,2023-02-26 00:00:19.623351,,Cepravin® Dry Cow,No MAN,MSD Animal Health UK Limited,,Cephalonium,,Cepravin® Dry Cow 250mg Intramammary suspension,http://www.noahcompendium.co.uk/?id=-478876&aggregatexml=true&absoluteurls=true,N478876,false,
c8f4f908-b0cb-4d85-a98d-4675e71403df,2020-06-29 09:36:15.977483,2020-07-21 09:40:41.719402,,Molemec Pour-On for Cattle 5 mg/ml,Molemec Pour-On for Cattle 5 mg/ml Pour-On Solution,Molevalley,,Ivermectin,,Molemec Pour-On for Cattle 5 mg/ml Pour-On Solution,http://www.breedr.co,BR000004,false,
8ebd81d2-1961-4e04-bd9a-a26f20ae2bdf,2022-04-24 00:00:38.410104,2023-02-26 00:00:27.510124,,Neopen®,No MAN,MSD Animal Health UK Limited,,Neomycin Sulfate,,Neopen® suspension for injection,http://www.noahcompendium.co.uk/?id=-479704&aggregatexml=true&absoluteurls=true,N479704,false,
ed4f9311-3951-43c7-a93c-e235301f4899,2020-05-14 15:42:23.118725,2020-08-09 00:01:53.692233,,Engemycin 10 % (DD),Vm 06376/4007.,MSD Animal Health,,Oxytetracycline Hydrochloride,,Engemycin,http://www.noahcompendium.co.uk/?id=-454607&aggregatexml=true&absoluteurls=true,N454607,false,115.0
9efa619d-bdc9-4978-b719-f49aa3ed5d59,2020-05-14 15:42:27.473848,2020-08-09 00:01:59.171555,,Forgastrin Oral Powder,Vm 10434/4040,Dechra Veterinary Products,,,,Forgastrin® Oral Powder,http://www.noahcompendium.co.uk/?id=-449745&aggregatexml=true&absoluteurls=true,N449745,false,48.0
712412f5-41fe-4c03-807b-4e5b3d9d27a6,2020-05-14 15:42:52.325194,2023-02-26 00:00:34.873401,,Vetivex 9 (Ringer's Solution for Infusion),Vm 10434/4054,Dechra Veterinary Products,,Calcium Chloride Dihydrate,,Vetivex® 9 (Ringer's Solution for Infusion),http://www.noahcompendium.co.uk/?id=-450361&aggregatexml=true&absoluteurls=true,N450361,false,211.0
df01281e-6895-4bf1-8985-23bf8751269f,2020-05-14 15:42:29.387965,2020-06-21 00:01:57.803302,,Imaverol 100 mg/ml Concentrate for Cutaneous Emulsion,No MAN,Elanco UK AH Limited,,Enilconazole,,Imaverol® 100 mg/ml Concentrate for Cutaneous Emulsion,http://www.noahcompendium.co.uk/?id=-462074&aggregatexml=true&absoluteurls=true,N462074,false,
11da1a76-a7ec-4534-aaf5-f45d5a627cd9,2020-05-14 15:42:42.466072,2023-02-26 00:00:32.634405,,Suvaxyn MH-One,No MAN,Zoetis UK Limited,,Vaccine Antigens,Intramuscular,Suvaxyn® MH-One Emulsion for injection for pigs,http://www.noahcompendium.co.uk/?id=-458374&aggregatexml=true&absoluteurls=true,N458374,false,
d157f3a2-3cf0-4d05-92b2-7a3caa90530f,2020-05-14 15:42:34.003444,2023-02-26 00:00:28.071392,,Nuflor® 300 mg/ml solution,UK: Vm 01708/4574,MSD Animal Health UK Limited,,Florfenicol,,Nuflor® 300 mg/ml solution for injection for cattle and sheep,http://www.noahcompendium.co.uk/?id=-455585&aggregatexml=true&absoluteurls=true,N455585,false,523.0
628a7080-da9b-41ce-be9e-26e5b848bc39,2020-05-14 15:42:16.006536,2020-08-30 00:01:30.285369,,Cefenil RTU,Vm 02000/4330,Norbrook Laboratories Ltd,,Ceftiofur,,"Cefenil RTU, 50 mg/ml, Suspension for Injection for Pigs and Cattle",http://www.noahcompendium.co.uk/?id=-470559&aggregatexml=true&absoluteurls=true,N470559,false,524.0
67d9913e-7faf-4faf-bd6b-bdc3f443b8ae,2020-05-14 15:42:16.646762,2020-08-30 00:01:30.881336,,Cefimam LC,Vm 02000/4387,Norbrook Laboratories Ltd,,Cefquinome,,"Cefimam LC, 75 mg Intramammary Ointment for Lactating Cows",http://www.noahcompendium.co.uk/?id=-470587&aggregatexml=true&absoluteurls=true,N470587,false,596.0
c07404bf-65e6-4083-adb9-9d3ac45de75a,2020-05-14 15:42:19.171647,2023-02-26 00:00:22.103969,,Deltanil 10mg/ml Pour-on solution for cattle and sheep,Vm 05653/4168,Virbac Limited,,Deltamethrin,,Deltanil 10mg/ml Pour-on solution for cattle and sheep,http://www.noahcompendium.co.uk/?id=-460196&aggregatexml=true&absoluteurls=true,N460196,false,537.0
c3d8734a-73e7-4ede-9e49-3af4e659ba94,2020-05-14 15:42:36.299307,2023-02-26 00:00:29.267490,,Permacyl,Vm 33229/4005,Vetoquinol UK Ltd,,Penethamate Hydriodide,Intramuscular,Permacyl 236.3 mg/ml powder and solvent for suspension for injection for cattle,http://www.noahcompendium.co.uk/?id=-459640&aggregatexml=true&absoluteurls=true,N459640,false,610.0
02c2b6c3-1a4b-47a5-a9ae-a52225be7f93,2020-05-14 15:42:31.422095,2023-02-26 00:00:26.424175,,Lutalyse,Vm 42058/4082,Zoetis UK Limited,,Dinoprost,Intramuscular,Lutalyse® 5 mg/ml Solution for Injection,http://www.noahcompendium.co.uk/?id=-457687&aggregatexml=true&absoluteurls=true,N457687,false,119.0
42d5f9c9-dfa9-46e9-830e-e72428353e09,2020-05-14 15:42:40.704770,2023-02-26 00:00:31.045946,,Rispoval 4,Vm 42058/4125,Zoetis UK Limited,,Vaccine Antigens,,Rispoval® 4,http://www.noahcompendium.co.uk/?id=-458198&aggregatexml=true&absoluteurls=true,N458198,false,242.0
a9e6aeb8-b39e-42af-a614-6ae4effd1975,2020-05-14 15:42:33.334417,2023-02-26 00:00:27.422951,,Naxcel Injection for Cattle,UK(NI): EU/2/05/053/003,Zoetis UK Limited,,Ceftiofur,Subcutaneous,Naxcel® 200 mg/ml Suspension for Injection for Cattle,http://www.noahcompendium.co.uk/?id=-457735&aggregatexml=true&absoluteurls=true,N457735,false,429.0
0957a1ad-f512-42d8-b93c-7be83a4c306b,2020-05-14 15:42:11.885715,2023-02-26 00:00:17.137204,,"Apravet 552 IU/mg powder for use in drinking water/milk for pigs, calves, chickens and rabbits",No MAN,Huvepharma NV,,Apramycin Sulfate,,"Apravet 552 IU/mg powder for use in drinking water/milk for pigs, calves, chickens and rabbits",http://www.noahcompendium.co.uk/?id=-472562&aggregatexml=true&absoluteurls=true,N472562,false,
686eab2e-0d4c-4395-8c9b-977a51aa54ab,2020-04-19 00:00:10.051004,2023-02-26 00:00:17.198552,,Aqupharm No. 1 Infusion,"UK (GB) Vm 10347/4038, UK (Northern Ireland) Vm 32742/4019",Animalcare Limited,,Sodium Chloride,,Aqupharm No. 1 Infusion,http://www.noahcompendium.co.uk/?id=-473860&aggregatexml=true&absoluteurls=true,N473860,false,988.0
20547da1-ca04-421e-ae7a-323bdcf64080,2020-04-19 00:00:10.268048,2023-02-26 00:00:19.199858,,Buscopan 20 mg/ml,Vm 08327/4291,Boehringer Ingelheim Animal Health UK Ltd,,Hyoscine Butylbromide,,Buscopan,http://www.noahcompendium.co.uk/?id=-447474&aggregatexml=true&absoluteurls=true,N447474,false,320.0
dfcbcc05-1158-4c67-8ae2-1aaf379a2d28,2020-05-14 15:42:15.629480,2020-09-06 00:02:03.600527,,Bovivac S,Vm 01708/4415,MSD Animal Health,,Vaccine Antigens,,Bovivac,http://www.noahcompendium.co.uk/?id=-454340&aggregatexml=true&absoluteurls=true,N454340,false,772.0
e3f34eb1-b1f9-4260-9b56-43f3581f1961,2020-05-14 15:42:18.188183,2020-09-06 00:02:16.836123,,Coliplus,Vm 33229/4000,Bimeda,,Colistin Sulphate,,Coliplus,http://www.noahcompendium.co.uk/?id=-446943&aggregatexml=true&absoluteurls=true,N446943,false,409.0
0c86892d-a383-42ae-9958-85090fac83af,2020-05-14 15:42:17.717100,2021-04-11 00:02:08.271496,,Chorulon,Vm 01708/4301.,MSD Animal Health,,Chorionic Gonadotrophin,Intramuscular,Chorulon,http://www.noahcompendium.co.uk/?id=-454442&aggregatexml=true&absoluteurls=true,N454442,false,1.0
7ff7f238-203e-4d2f-a8e6-5ce38f26a77c,2020-05-14 15:42:13.948701,2023-02-26 00:00:18.137681,,Bimoxyl LA 150 mg/ml Amoxicillin Suspension for Injection,Vm 50146/4010,Bimeda,,Amoxicillin Trihydrate,,Bimoxyl LA 150 mg/ml Amoxicillin Suspension for Injection,http://www.noahcompendium.co.uk/?id=-446888&aggregatexml=true&absoluteurls=true,N446888,false,105.0
6a1e7e5d-2d39-4667-8b1b-fa03b96bb3ca,2020-05-14 15:42:23.196443,2020-07-05 00:02:08.217763,,Engemycin LA,Vm 01708/4338.,MSD Animal Health,,Oxytetracycline Dihydrate,Intramuscular,Engemycin,http://www.noahcompendium.co.uk/?id=-454632&aggregatexml=true&absoluteurls=true,N454632,false,123.0
87198791-73b3-4a85-957b-4dab4bbff5ec,2020-09-13 00:01:30.654993,2023-02-26 00:00:18.783204,,Bovilis® Bovivac® S,No MAN,MSD Animal Health UK Limited,,Vaccine Antigens,,Bovilis® Bovivac® S,http://www.noahcompendium.co.uk/?id=-477713&aggregatexml=true&absoluteurls=true,N477713,false,
314aeb58-f98e-4e98-ba51-90fef648bfb7,2020-05-14 15:42:15.657699,2023-02-26 00:00:19.064325,,Bovocycline Pessary 2000 mg Intrauterine Tablet for Cattle,No MAN,Dechra Veterinary Products,,Tetracycline Hydrochloride,,Bovocycline Pessary 2000 mg Intrauterine Tablet for Cattle,http://www.noahcompendium.co.uk/?id=-475510&aggregatexml=true&absoluteurls=true,N475510,false,
7557a648-9bd4-467f-87a5-e2d4bf27a9a6,2020-05-14 15:42:17.650721,2022-10-23 00:00:33.053440,,"Chanox Multi 50 mg/ml Oral for Piglets, Calves and Lambs",No MAN,Chanelle Pharma,,Toltrazuril,Oral,"Chanox Multi 50 mg/ml Oral Suspension for Piglets, Calves and Lambs",http://www.noahcompendium.co.uk/?id=-469974&aggregatexml=true&absoluteurls=true,N469974,true,
31cfa8a2-13a8-4ef9-9c5f-79e20329e3fd,2020-05-14 15:42:18.363397,2023-02-26 00:00:21.093635,,Combinex Oral Suspension,No MAN,Elanco UK AH Limited,,Levamisole Hydrochloride,,Combinex Oral Suspension,http://www.noahcompendium.co.uk/?id=-474630&aggregatexml=true&absoluteurls=true,N474630,false,
fe2ecd8e-6f27-4d50-a269-435014078129,2020-05-14 15:42:17.163526,2022-10-09 00:00:40.642966,,Ceftiocyl,UK: Vm 08007/4122,Vetoquinol UK Ltd,,Ceftiofur,,Ceftiocyl 50mg/ml suspension for injection for cattle and pigs,http://www.noahcompendium.co.uk/?id=-459229&aggregatexml=true&absoluteurls=true,N459229,false,451.0
14657c1a-621a-4b55-98e1-62419d786530,2020-09-13 00:01:32.998154,2023-02-26 00:00:19.661324,,Cepritect DC,No MAN,Norbrook Laboratories Ltd,,Cephalonium,,Cepritect 250 mg Intramammary Suspension for Dry Cows,http://www.noahcompendium.co.uk/?id=-477951&aggregatexml=true&absoluteurls=true,N477951,false,
90c4a163-b495-456c-9f84-dc057ff6c8a6,2020-04-05 00:00:05.297535,2023-02-26 00:00:19.927060,,Chanazine 2% Injection,Vm 11990/4005.,Chanelle Pharma,,Xylazine,,Chanazine 2% Injection,http://www.noahcompendium.co.uk/?id=-449077&aggregatexml=true&absoluteurls=true,N449077,true,95.0
22210759-0e88-49e7-a048-c3c8a65890db,2020-05-14 15:42:34.530390,2020-09-13 00:02:13.866499,,Oxytocin-S,Vm 01708/4314.,MSD Animal Health,,Oxytocin,Intramuscular,Oxytocin-S,http://www.noahcompendium.co.uk/?id=-455661&aggregatexml=true&absoluteurls=true,N455661,false,26.0
6958843b-c316-4b8d-8120-d960367a707a,2020-04-19 00:00:11.984575,2020-09-13 00:02:13.630472,,Oxytobel 10 IU/ml for Injection,Vm41816/4000,Bimeda,,Oxytocin,,"Oxytobel 10 IU/ml Solution for Injection for Horses, Cattle, Pigs, Sheep, Goats, Dogs & Cats",http://www.noahcompendium.co.uk/?id=-447250&aggregatexml=true&absoluteurls=true,N447250,false,575.0
81a09a80-e2e4-4748-bd69-ff6785f43b73,2020-05-14 15:42:38.596672,2020-08-16 00:02:39.133738,,Porceptal,Vm 01708/4604,MSD Animal Health,,Buserelin,,Porceptal,http://www.noahcompendium.co.uk/?id=-455885&aggregatexml=true&absoluteurls=true,N455885,false,
07d8b435-2ba6-4ee7-b78c-3f8ea5a0d85e,2020-05-14 15:42:18.464633,2023-02-26 00:00:21.195023,,Cosecure Cattle Bolus,Vm 18584/400,Bimeda,,Cobalt,,Cosecure Cattle Bolus; Continuous Release Intraruminal Device,http://www.noahcompendium.co.uk/?id=-446957&aggregatexml=true&absoluteurls=true,N446957,true,
9d86f04d-b091-4f41-9176-cf24e0e33441,2020-05-14 15:42:19.210317,2021-04-25 00:02:07.740416,,Denagard 2% w/w Premix,No MAN,Elanco UK AH Limited,,Tiamulin Hydrogen Fumarate,,"Denagard 2% w/w Premix for medicated feed for pigs, chickens, turkeys and rabbits",http://www.noahcompendium.co.uk/?id=-473122&aggregatexml=true&absoluteurls=true,N473122,false,
19ad7135-4a6a-47ce-86d8-bf9cd17464f0,2020-08-03 18:28:07.092922,2023-02-26 00:00:22.062070,,Deltafort Pour-on,No MAN,Virbac Limited,,Deltamethrin,,Deltafort 10 mg/ml Pour-on Solution,http://www.noahcompendium.co.uk/?id=-476670&aggregatexml=true&absoluteurls=true,N476670,true,
9b594bf3-1afb-41c7-9edb-fb030c6f2423,2020-05-14 15:42:19.382792,2023-02-26 00:00:22.271712,,Dermisol Cream,Vm 42058/4035,Zoetis UK Limited,,Propylene Glycol,,Dermisol® Cream,http://www.noahcompendium.co.uk/?id=-456921&aggregatexml=true&absoluteurls=true,N456921,false,149.0
60e0669d-4b4a-42d3-bd20-8db2a52e2340,2020-04-19 00:00:10.712981,2023-02-26 00:00:21.537651,,Cyclosol LA 200 mg/ml Solution for Injection,No MAN,Dechra Veterinary Products,,Oxytetracycline,,Cyclosol® LA 200 mg/ml Solution for Injection,http://www.noahcompendium.co.uk/?id=-475607&aggregatexml=true&absoluteurls=true,N475607,false,
b34dedcd-afcb-4eb4-b982-dd963cb9355c,2020-04-19 00:00:10.917316,2021-04-25 00:02:09.467452,,Dimazon® 50 mg/ml solution for injection,No MAN,MSD Animal Health,,Frusemide (Furosemide),,Dimazon® 50 mg/ml solution for injection,http://www.noahcompendium.co.uk/?id=-472632&aggregatexml=true&absoluteurls=true,N472632,true,
847b4296-8197-41fb-95fe-f412fd090339,2020-05-14 15:42:44.918663,2020-09-13 00:02:31.562370,,Tribovax T,Vm 01708/4554,MSD Animal Health,,Vaccine Antigens,,Tribovax,http://www.noahcompendium.co.uk/?id=-456197&aggregatexml=true&absoluteurls=true,N456197,false,792.0
b88823cf-fd45-4e3a-b96d-bc03bfd7acd4,2020-05-14 15:42:24.479749,2023-02-26 00:00:23.790297,,"Eprecis® 20 mg/ml solution for injection for cattle, sheep and goats",No MAN,Ceva Animal Health Ltd,,Eprinomectin,,"Eprecis® 20 mg/ml solution for injection for cattle, sheep and goats",http://www.noahcompendium.co.uk/?id=-474116&aggregatexml=true&absoluteurls=true,N474116,false,
32c18c59-d50c-455c-ad37-5b747c9161eb,2020-05-14 15:42:26.033114,2021-04-25 00:02:19.762642,,Flubenol 1.5 % Medicated Premixture,No MAN,Elanco UK AH Limited,,Flubendazole,Oral,Flubenol 1.5 % Medicated Premixture,http://www.noahcompendium.co.uk/?id=-451443&aggregatexml=true&absoluteurls=true,N451443,false,
ea6351de-c861-4f4a-bd81-de1acc4f03d9,2020-05-14 15:42:25.963324,2022-10-30 00:00:39.958951,,Flimabo 100mg/g suspension for chickens and pigs,Vm 01656/4043,Virbac Limited,,Flubendazole,,Flimabo 100mg/g Flubendazole suspension for use in drinking water for chickens and pigs,http://www.noahcompendium.co.uk/?id=-460370&aggregatexml=true&absoluteurls=true,N460370,false,
ce6bb595-73b8-4ed9-a58b-a99031dcc7d9,2020-05-14 15:42:24.758655,2023-02-26 00:00:24.058462,,Estrumate,No MAN,MSD Animal Health UK Limited,,Cloprostenol Sodium,,Estrumate™ 250 µg/ml solution for injection,http://www.noahcompendium.co.uk/?id=-461852&aggregatexml=true&absoluteurls=true,N461852,false,
c860c404-4d86-4f08-a49e-a3b6ba02c65e,2020-05-14 15:42:24.896272,2022-09-04 00:00:41.178544,,Exflow,No MAN,Ceva Animal Health Ltd,,Bromhexine,,"Exflow® 10 mg/g powder for use in drinking water for cattle (calves), pigs, chickens, turkeys and ducks",http://www.noahcompendium.co.uk/?id=-474144&aggregatexml=true&absoluteurls=true,N474144,false,
278e84f6-70fa-405f-b60b-a606cc38f8fa,2020-05-14 15:42:28.789774,2023-02-26 00:00:25.109348,,Heptavac® P Plus,UK: Vm 01708/4468,MSD Animal Health UK Limited,,Vaccine Antigens,,Heptavac® P Plus,http://www.noahcompendium.co.uk/?id=-454825&aggregatexml=true&absoluteurls=true,N454825,false,162.0
81cca3ce-ae26-4a83-9b6d-e9f3202bc1aa,2020-05-14 15:42:26.826810,2023-02-26 00:00:24.885848,,Forcyl Swine,Vm 08007/4134,Vetoquinol UK Ltd,,Marbofloxacin,Intramuscular,Forcyl swine 160 mg/ml Solution for Injection for pigs,http://www.noahcompendium.co.uk/?id=-459478&aggregatexml=true&absoluteurls=true,N459478,false,
fe30ad37-12c0-4e6c-a433-d8d2481f8658,2020-05-14 15:42:28.661671,2023-02-26 00:00:24.956691,,Gleptosil,No MAN,Ceva Animal Health Ltd,,Gleptoferron,,Gleptosil® 200 mg/ml Solution for Injection,http://www.noahcompendium.co.uk/?id=-448360&aggregatexml=true&absoluteurls=true,N448360,false,
c5f67aa3-6526-4119-9f77-6f077ea915b1,2020-05-14 15:42:29.443651,2023-02-26 00:00:25.417929,,Improvac,UK(NI): EU/2/09/095/002-006,Zoetis UK Limited,,Gonadotrophin releasing factor (GnRF) analogue,Subcutaneous,Improvac® Solution for Injection,http://www.noahcompendium.co.uk/?id=-457499&aggregatexml=true&absoluteurls=true,N457499,false,
000bf381-9af6-4d62-b4bd-ffa4af838163,2020-05-14 15:42:30.105105,2022-10-30 00:00:41.064210,,Ketodolor 100mg/ml injection,No MAN,Virbac Limited,,Ketoprofen,,"Ketodolor 100mg/ml injection for horses, cattle and pigs",http://www.noahcompendium.co.uk/?id=-467993&aggregatexml=true&absoluteurls=true,N467993,true,
86c90ab8-5407-4404-a105-89b13c885ada,2020-05-14 15:42:32.078449,2023-02-26 00:00:26.681711,,Marbocyl 2% Solution for Injection,Vm 08007/4148,Vetoquinol UK Ltd,,Marbofloxacin,Intramuscular,Marbocyl™ 2% Solution for Injection,http://www.noahcompendium.co.uk/?id=-459552&aggregatexml=true&absoluteurls=true,N459552,false,195.0
577ce323-d546-4dcf-a0c2-e248f60b4773,2020-05-14 15:42:30.615290,2023-02-26 00:00:26.296482,,Lincocin Sterile Solution,Vm 42058/4079,Zoetis UK Limited,,Lincomycin,,Lincocin® Sterile Solution,http://www.noahcompendium.co.uk/?id=-457651&aggregatexml=true&absoluteurls=true,N457651,false,
d0bbc415-308c-4438-b34f-59473e7b6199,2020-05-14 15:42:31.338518,2021-04-25 00:02:29.886723,,Locatim,EU/2/99/011/001,Boehringer Ingelheim Animal Health UK Ltd,,Bovine Concentrated Lactoserum,,"Locatim, oral solution for neonatal calves less than 12 hours of age",http://www.noahcompendium.co.uk/?id=-453780&aggregatexml=true&absoluteurls=true,N453780,false,223.0
c21c87d3-ebeb-4b4f-a81c-c27782ccba23,2020-04-19 00:00:11.501347,2023-02-26 00:00:26.821231,,Medesedan 10mg/ml Injection for Horses and Cattle,V,Chanelle Pharma,,Detomidine Hydrochloride,Intramuscular,Medesedan 10mg/ml Injection for Horses and Cattle,http://www.noahcompendium.co.uk/?id=-449226&aggregatexml=true&absoluteurls=true,N449226,true,
2fde4e14-55f3-4910-bb03-fc01f6b09988,2020-05-14 15:42:32.247282,2023-02-26 00:00:26.855413,,Medesedan 10mg/ml Solution for Injection for Horses and Cattle (Virbac),V,Virbac Limited,,Detomidine Hydrochloride,Intramuscular,Medesedan 10mg/ml Solution for Injection for Horses and Cattle (Virbac),http://www.noahcompendium.co.uk/?id=-460517&aggregatexml=true&absoluteurls=true,N460517,false,
498a5859-8f17-4ee5-9297-7bd3e9e7da4b,2020-05-14 15:42:32.280706,2023-02-26 00:00:26.884990,,Megacal M Solution for Injection,Vm 12828/4000,Bimeda,,Calcium Gluconate,,Megacal M Solution for Injection,http://www.noahcompendium.co.uk/?id=-447158&aggregatexml=true&absoluteurls=true,N447158,true,217.0
36108629-5255-4381-bbb0-8f4ba0a6c09f,2020-04-19 00:00:11.659814,2023-02-26 00:00:27.331202,,Multimin Solution for Injection for Cattle,No MAN,Virbac Limited,,Copper,,Multimin Solution for Injection for Cattle,http://www.noahcompendium.co.uk/?id=-474280&aggregatexml=true&absoluteurls=true,N474280,false,
eb34a179-5f18-49f9-98dc-599fb3d3d3cf,2020-05-14 15:42:33.791128,2021-04-25 00:02:39.205592,,Norodine Bolus,Vm 02000/4079,Norbrook Laboratories Ltd,,Sulfadiazine (Sulphadiazine),,Norodine Bolus Tablet,http://www.noahcompendium.co.uk/?id=-471088&aggregatexml=true&absoluteurls=true,N471088,true,5.0
d6ea0d15-6bb3-421e-a765-9d5a7fa215d4,2020-05-14 15:42:34.165706,2023-02-26 00:00:28.212918,,Oramec Drench,Vm 08327/4191,Boehringer Ingelheim Animal Health UK Ltd,,Ivermectin,,Oramec Drench,http://www.noahcompendium.co.uk/?id=-453849&aggregatexml=true&absoluteurls=true,N453849,false,204.0
8fec8bdf-239b-4fdb-b3cd-15e429d881da,2020-05-14 15:42:34.651940,2023-02-26 00:00:28.820466,,Panacur® Bolus,UK: Vm 01708/4447,MSD Animal Health UK Limited,,Fenbendazole,,"Panacur® Bolus, 12 g Continuous Release Intraruminal Device",http://www.noahcompendium.co.uk/?id=-455712&aggregatexml=true&absoluteurls=true,N455712,false,151.0
4d3a0d1a-eee4-4627-9659-d6146b1352b3,2020-05-14 15:42:34.695760,2023-02-26 00:00:28.855379,,Panomec Injection,Vm 08327/4193,Boehringer Ingelheim Animal Health UK Ltd,,Ivermectin,,"Panomec Injection for Cattle, Sheep and Pigs",http://www.noahcompendium.co.uk/?id=-453858&aggregatexml=true&absoluteurls=true,N453858,false,216.0
edace2fa-bb82-4af3-b3a4-04f5606edc4f,2020-05-14 15:42:34.732402,2023-02-26 00:00:28.896196,,Paracide 62,Vm 14016/4007,Animax Ltd,,Diazinon,,Paracide 62 Diazinon 62% w/v Concentrate for dip emulsion,http://www.noahcompendium.co.uk/?id=-446140&aggregatexml=true&absoluteurls=true,N446140,true,65.0
53b6f74e-15e2-4ddf-bc0b-96ce59e19c35,2020-05-14 15:42:37.203937,2023-02-26 00:00:29.418435,,Pharmasin 200 mg/ml solution for injection for cattle and pigs,No MAN,Huvepharma NV,,Tylosin,,Pharmasin 200 mg/ml solution for injection for cattle and pigs,http://www.noahcompendium.co.uk/?id=-463067&aggregatexml=true&absoluteurls=true,N463067,false,
2c8b7454-a0c3-4502-b6ef-9974d7937b0c,2020-05-14 15:42:35.563226,2023-02-26 00:00:29.113493,,Parofor Crypto (calves),No MAN,Huvepharma NV,,Paromomycin sulphate,Oral,Parofor crypto 140 mg/ml oral solution for non-ruminant calves,http://www.noahcompendium.co.uk/?id=-469987&aggregatexml=true&absoluteurls=true,N469987,false,
5b3a2f2b-35fc-4587-8d1c-754b2694cad5,2020-05-14 15:42:38.883143,2023-02-26 00:00:29.750447,,Porcilis® Ery,UK: Vm 01708/4355,MSD Animal Health UK Limited,,Vaccine Antigens,,Porcilis® Ery,http://www.noahcompendium.co.uk/?id=-455939&aggregatexml=true&absoluteurls=true,N455939,false,
c4b01a6b-554c-4bbc-a31f-07529d992b62,2020-05-14 15:42:38.749666,2023-02-26 00:00:29.891568,,Porcilis® M Hyo ID ONCE,No MAN,MSD Animal Health UK Limited,,Vaccine Antigens,,Porcilis® M Hyo ID ONCE emulsion for injection for pigs,http://www.noahcompendium.co.uk/?id=-455979&aggregatexml=true&absoluteurls=true,N455979,false,
ba9ce4fd-1bd7-4721-86f2-0c7b0c779283,2020-09-27 00:02:10.424567,2023-02-26 00:00:30.026553,,Powdox,No MAN,Nimrod Veterinary Products Ltd,,Doxycycline Hyclate,,Powdox 100 mg/ml Oral Solution,http://www.noahcompendium.co.uk/?id=-478572&aggregatexml=true&absoluteurls=true,N478572,true,
fcb34ee4-706a-46a1-b756-96c3932808fd,2020-05-14 15:42:44.093112,2023-02-26 00:00:33.309067,,Tilmovet 100mg/g Granules for pigs,V,Huvepharma NV,,Tilmicosin,,Tilmovet 100mg/g Granules for pigs,http://www.noahcompendium.co.uk/?id=-453119&aggregatexml=true&absoluteurls=true,N453119,false,
30736af9-e4fc-4f08-bb0d-fc69bc250928,2020-04-19 00:00:12.538786,2022-08-28 00:00:37.855571,,Triclafas Drench,Vm 02000/4247,Norbrook Laboratories Ltd,,Triclabendazole,,Triclafas Drench 5% w/v Oral Suspension,http://www.noahcompendium.co.uk/?id=-471340&aggregatexml=true&absoluteurls=true,N471340,false,330.0
2c8e61c6-60a3-4e5b-b78d-55ae442af617,2020-04-19 00:00:12.678228,2023-02-26 00:00:35.341529,,Water for Injection,Vm 02000/4122,Norbrook Laboratories Ltd,,Water,,Water for Injection 100% v/v Solvent for Parenteral Use,http://www.noahcompendium.co.uk/?id=-471382&aggregatexml=true&absoluteurls=true,N471382,false,
961208a8-f013-4db8-9b24-91e93bf9847a,2020-05-14 15:42:52.878946,2023-02-26 00:00:34.953853,,Vetmulin 162 mg/ml Solution for Injection for pigs,V,Huvepharma NV,,Tiamulin Hydrogen Fumarate,,Vetmulin 162 mg/ml Solution for Injection for pigs,http://www.noahcompendium.co.uk/?id=-453184&aggregatexml=true&absoluteurls=true,N453184,false,
74cd3594-a89a-42f7-9e77-79bc7b1da12d,2020-05-14 15:42:54.250505,2023-02-26 00:00:35.223134,,"Virbamec Super 10mg/ml, 100mg/ml Solution for injection",No MAN,Virbac Limited,,Clorsulon,,Virbamec Super Solution for injection,http://www.noahcompendium.co.uk/?id=-460873&aggregatexml=true&absoluteurls=true,N460873,false,
0af6307e-c5f4-4b0f-a0c0-55b248e13179,2020-05-14 15:42:56.830903,2021-04-25 00:03:31.972678,,Zulvac SBV,EU/2/14/178/001,Zoetis UK Limited,,Vaccine Antigens,,Zulvac® SBV suspension for Injection for Cattle and Sheep,http://www.noahcompendium.co.uk/?id=-458871&aggregatexml=true&absoluteurls=true,N458871,false,600.0
0e59dc82-069f-4c01-949e-05579e85c4a7,2020-05-14 15:42:55.925922,2022-10-30 00:00:48.369822,,Xylacare 2% Injection,"UK (GB) Vm 10347/4020, UK (Northern Ireland) Vm 10347/4020",Animalcare Limited,,Xylazine,,Xylacare 2% Injection,http://www.noahcompendium.co.uk/?id=-473637&aggregatexml=true&absoluteurls=true,N473637,false,774.0
9f314ad2-d051-4b06-a819-c225f2f36831,2020-05-14 15:42:56.588169,2023-02-26 00:00:35.424200,,Xylapan,Vm 08007/4091,Vetoquinol UK Ltd,,Xylazine Hydrochloride,,Xylapan 20mg Solution for Injection,http://www.noahcompendium.co.uk/?id=-459868&aggregatexml=true&absoluteurls=true,N459868,false,244.0
21d40e02-573d-4405-8efc-31454459d1d6,2020-05-14 15:42:34.320048,2023-02-26 00:00:28.383198,,OrbeSeal,Vm 42058/4092,Zoetis UK Limited,,Bismuth Subnitrate,,OrbeSeal® Dry Cow Intramammary Suspension,http://www.noahcompendium.co.uk/?id=-457806&aggregatexml=true&absoluteurls=true,N457806,false,773.0
95f442d6-9e55-4920-adee-056917131095,2020-09-20 00:02:17.593515,2023-02-26 00:00:28.110929,,Nuflor® Minidose,No MAN,MSD Animal Health UK Limited,,Florfenicol,,Nuflor® Minidose 450 mg/ml solution for injection for cattle,http://www.noahcompendium.co.uk/?id=-477755&aggregatexml=true&absoluteurls=true,N477755,false,
7c6146db-7872-4407-9348-bd0844cd4968,2020-05-14 15:42:37.240119,2023-02-26 00:00:29.459516,,Pharmasin 250g/kg Premix,V,Huvepharma NV,,Tylosin Phosphate,,"Pharmasin 250g/kg Premix for medicated feeding stuffs for pigs, broilers and pullets",http://www.noahcompendium.co.uk/?id=-453055&aggregatexml=true&absoluteurls=true,N453055,false,
6e936532-2e9e-47f0-a40b-bf72fc0ff040,2020-05-14 15:42:37.266882,2023-02-26 00:00:29.486105,,Pigfen,No MAN,Huvepharma NV,,Fenbendazole,,Pigfen 200 mg/ml suspension for use in drinking water for pigs,http://www.noahcompendium.co.uk/?id=-469706&aggregatexml=true&absoluteurls=true,N469706,false,
e8cfe1de-3f2c-4d04-99e5-47ef86eb3602,2020-05-14 15:42:38.666445,2023-02-26 00:00:29.723188,,Porcilis® ColiClos,UK(NI): EU/2/12/141/001-009,MSD Animal Health UK Limited,,Vaccine Antigens,,Porcilis® ColiClos suspension for injection for pigs,http://www.noahcompendium.co.uk/?id=-455925&aggregatexml=true&absoluteurls=true,N455925,false,
5945c1ce-0286-4850-a5da-5c476db11cbe,2020-05-14 15:42:39.922250,2023-02-26 00:00:30.510515,,Regumate® Porcine,UK: Vm 01708/4443,MSD Animal Health UK Limited,,Altrenogest,,Regumate® Porcine 0.4 % w/v oral solution,http://www.noahcompendium.co.uk/?id=-456097&aggregatexml=true&absoluteurls=true,N456097,false,
8326e4fb-a812-470d-98b9-5d23f651d8e6,2020-04-19 00:00:12.237281,2023-02-26 00:00:30.163401,,Prid delta,No MAN,Ceva Animal Health Ltd,,Progesterone,,Prid® delta 1.55 g vaginal delivery system for cattle,http://www.noahcompendium.co.uk/?id=-474379&aggregatexml=true&absoluteurls=true,N474379,false,
d7e33c56-200f-4c5b-b779-8744cef7b5a5,2020-04-19 00:00:12.288216,2023-02-26 00:00:30.332973,,Rapidexon 2 mg/ml Solution for Injection,No MAN,Dechra Veterinary Products,,Dexamethasone,,Rapidexon® 2 mg/ml Solution for Injection,http://www.noahcompendium.co.uk/?id=-475649&aggregatexml=true&absoluteurls=true,N475649,false,
8b26db4d-fcad-4c8d-b85d-c95e96bb8f8f,2020-05-14 15:42:41.020888,2023-02-26 00:00:31.476822,,Salmoporc® for injection,No MAN,Ceva Animal Health Ltd,,Vaccine Antigens,,"Salmoporc®, lyophilisate and solvent for suspension for injection for pigs",http://www.noahcompendium.co.uk/?id=-476100&aggregatexml=true&absoluteurls=true,N476100,false,
6c95111e-ca7e-4b83-93b2-beac30400151,2020-09-27 00:02:16.732518,2023-02-26 00:00:31.936399,,Spasmipur 20 mg/ml solution for injection,No MAN,Chanelle Pharma,,Hyoscine Butylbromide,Intramuscular,Spasmipur 20 mg/ml solution for injection,http://www.noahcompendium.co.uk/?id=-478340&aggregatexml=true&absoluteurls=true,N478340,false,
6aff2100-82f3-4557-809f-c9e91c0ca9b0,2020-05-14 15:42:41.582690,2023-02-26 00:00:32.226811,,Startvac,UK(NI): EU/02/08/092/001-010,HIPRA UK & IRELAND LTD,,Vaccine Antigens,,Startvac,http://www.noahcompendium.co.uk/?id=-452828&aggregatexml=true&absoluteurls=true,N452828,false,
d8c87258-9226-415c-a147-dae80e5c4bdf,2020-05-14 15:42:42.675712,2023-02-26 00:00:32.977378,,Taurador,No MAN,Norbrook Laboratories Ltd,,Doramectin,,Taurador 5 mg/ml Pour-on Solution for Cattle,http://www.noahcompendium.co.uk/?id=-473301&aggregatexml=true&absoluteurls=true,N473301,false,
2c2058c9-fb99-4b32-91c5-35d322d07447,2020-05-14 15:42:44.980756,2023-02-26 00:00:33.710480,,Trimediazine 15% Premix,Vm 08007/4023.,Vetoquinol UK Ltd,,Sulfadiazine (Sulphadiazine),,Trimediazine™ 15% Premix for Medicated Feeding Stuff,http://www.noahcompendium.co.uk/?id=-459765&aggregatexml=true&absoluteurls=true,N459765,false,
48493bc8-64bf-4164-b057-acd2b79381d9,2020-05-14 15:42:47.576831,2021-01-24 00:00:35.310537,,Ubro Red,No MAN,Boehringer Ingelheim Animal Health UK Ltd,,Framycetin Sulfate,,Ubro Red,http://www.noahcompendium.co.uk/?id=-447839&aggregatexml=true&absoluteurls=true,N447839,false,
848de37d-915f-4086-ba32-0a48a595706e,2020-05-14 15:42:48.600267,2023-02-26 00:00:34.197363,,Ubrolexin,Vm 08327/4306,Boehringer Ingelheim Animal Health UK Ltd,,Cefalexin,,Ubrolexin,http://www.noahcompendium.co.uk/?id=-447827&aggregatexml=true&absoluteurls=true,N447827,false,410.0
4160a1dc-9e66-4c32-8e62-ecad493444cf,2020-05-14 15:42:49.710307,2023-02-26 00:00:34.365349,,Ultrapen LA,Vm 02000/4133,Norbrook Laboratories Ltd,,Procaine Benzylpenicillin,,Ultrapen LA 30% Suspension for Injection,http://www.noahcompendium.co.uk/?id=-471354&aggregatexml=true&absoluteurls=true,N471354,false,141.0
72d3f84a-33df-4307-820d-bc19e70b6480,2020-05-14 15:42:49.742019,2023-02-26 00:00:34.410101,,Uniferon 20% solution for injection,No MAN,Virbac Limited,,Iron Dextran,,Uniferon 20% solution for injection,http://www.noahcompendium.co.uk/?id=-463309&aggregatexml=true&absoluteurls=true,N463309,true,
06f0e161-176d-42f5-842b-b03fd48e1fc4,2020-05-14 15:42:49.920000,2023-02-26 00:00:34.596338,,Versiguard Rabies,No MAN,Zoetis UK Limited,,Vaccine Antigens,,Versiguard® Rabies,http://www.noahcompendium.co.uk/?id=-458785&aggregatexml=true&absoluteurls=true,N458785,false,
bf27dc03-4a39-4abb-b181-760bd625753b,2020-05-14 15:42:55.270289,2023-02-26 00:00:35.295285,,Vitbee Solution for Injection,No MAN,Dechra Veterinary Products,,Cyanocobalamin (Vit B12),,Vitbee® Solution for Injection,http://www.noahcompendium.co.uk/?id=-450474&aggregatexml=true&absoluteurls=true,N450474,false,
746a20f3-1eee-468a-8fe7-e5394d78f5e8,2020-05-14 15:42:54.172268,2022-10-30 00:00:48.161278,,Virbamec 1.0% w/v Solution for Injection for Cattle and Swine,V,Virbac Limited,,Ivermectin,,Virbamec 1.0% w/v Solution for Injection for Cattle and Swine,http://www.noahcompendium.co.uk/?id=-460848&aggregatexml=true&absoluteurls=true,N460848,false,
951f56ae-6f51-41d1-8270-6aceb2059452,2020-06-29 08:58:41.885034,2020-07-21 09:40:51.201269,,Benzimole Wormer 2.5% SC,Benzimole Wormer 2.5% SC,Molevalley,,Albendazole,,Benzimole 25 mg/ml SC Oral suspension,http://www.breedr.co,BR000005,false,305.0
67440aeb-9dc0-466f-aa3f-f0f7ea63be57,2020-05-14 15:42:52.264750,2023-02-26 00:00:34.797722,,Vetivex 18 (Sodium Chloride 0.18% w/v and Glucose 4% w/v Intravenous Solution for Infusion BP (Vet)),Vm 10434/4058,Dechra Veterinary Products,,Glucose Monohydrate,,Vetivex® 18 (Sodium Chloride 0.18% w/v and Glucose 4% w/v Intravenous Solution for Infusion BP (Vet)),http://www.noahcompendium.co.uk/?id=-450389&aggregatexml=true&absoluteurls=true,N450389,false,215.0
37a44c47-47b9-4912-bd48-f94e1da70c4f,2020-05-14 15:42:13.051134,2021-04-25 00:01:53.543934,,Baytril 25 mg/ml Solution for Injection,Vm 00879/4118,Elanco UK AH Limited,,Enrofloxacin,,Baytril® 25 mg/ml Solution for Injection,http://www.noahcompendium.co.uk/?id=-446339&aggregatexml=true&absoluteurls=true,N446339,false,
5a627e00-6f99-4a35-afa3-10aea5fe53fc,2022-03-13 00:00:29.153798,2023-02-26 00:00:17.770480,,Baytril Piglet Doser 0.5% Oral Solution,No MAN,Elanco UK AH Limited,,Enrofloxacin,,Baytril Piglet Doser 0.5% Oral Solution,http://www.noahcompendium.co.uk/?id=-479564&aggregatexml=true&absoluteurls=true,N479564,false,
d5899a3e-e00a-4327-b835-38baac833a8c,2020-05-14 15:42:33.938432,2023-02-26 00:00:27.978075,,NoroSeal,Vm 02000/4361,Norbrook Laboratories Ltd,,Bismuth Subnitrate,,Noroseal 2.6g Intramammary Suspension for Cattle,http://www.noahcompendium.co.uk/?id=-471172&aggregatexml=true&absoluteurls=true,N471172,false,564.0
db3dce9d-6015-4f96-bb1a-a7092109d4da,2020-05-14 15:42:14.541880,2020-08-09 00:01:36.527488,,Birp Oral Emulsion for Cattle,No MAN,Dechra Veterinary Products,,Simethicone,,Birp® Oral Emulsion for Cattle,http://www.noahcompendium.co.uk/?id=-469307&aggregatexml=true&absoluteurls=true,N469307,false,
05927e81-f79c-413d-a27a-a3ccb5e6907b,2020-11-22 00:00:24.376266,2023-02-26 00:00:25.447260,,"Increxxa 100 mg/ml solution for injection for cattle, pigs and sheep",No MAN,Elanco UK AH Limited,,Tulathromycin,,"Increxxa 100 mg/ml solution for injection for cattle, pigs and sheep",http://www.noahcompendium.co.uk/?id=-478712&aggregatexml=true&absoluteurls=true,N478712,false,
0db9a155-2533-407e-add2-0861e6844b4b,2020-05-14 15:42:40.615092,2022-10-23 00:00:42.570634,,Rifen 100mg/ml Injection,Vm 22080/4001,Chanelle Pharma,,Ketoprofen,,"Rifen 100mg/ml Injection for Horses, Cattle and Swine",http://www.noahcompendium.co.uk/?id=-449360&aggregatexml=true&absoluteurls=true,N449360,true,448.0
a11551c8-c064-4b69-ad40-193106304275,2022-04-24 00:00:37.050984,2023-02-26 00:00:26.191498,,Levacur®,No MAN,MSD Animal Health UK Limited,,Levamisole Hydrochloride,,Levacur® SC 3% Oral solution,http://www.noahcompendium.co.uk/?id=-480115&aggregatexml=true&absoluteurls=true,N480115,false,
7b8414db-eb83-40ea-8d83-055be1701f79,2020-04-19 00:00:11.344421,2023-02-26 00:00:26.230629,,Levafas Diamond,No MAN,Norbrook Laboratories Ltd,,Levamisole Hydrochloride,,Levafas Diamond Oral Suspension,http://www.noahcompendium.co.uk/?id=-470823&aggregatexml=true&absoluteurls=true,N470823,false,103.0
f1b5dfb7-34db-4465-b645-e07944f9c5ba,2022-04-24 00:00:40.429475,2023-02-26 00:00:29.604174,,PMSG Intervet® 5000IU,No MAN,MSD Animal Health UK Limited,,Serum Gonadotrophin,,"PMSG Intervet® 5000IU, Powder and Solvent for Solution for Injection.",http://www.noahcompendium.co.uk/?id=-479453&aggregatexml=true&absoluteurls=true,N479453,false,
951e9386-c455-4a77-bd9f-11d90f0bdd48,2022-07-31 00:00:43.325008,2023-02-26 00:00:32.457367,,Suiseng Diff/A,No MAN,HIPRA UK & IRELAND LTD,,Vaccine Antigens,,Suiseng Diff/A suspension for injection for pigs,http://www.noahcompendium.co.uk/?id=-480999&aggregatexml=true&absoluteurls=true,N480999,true,
20ef025f-0fb0-4b7b-b7ae-048497ba2dda,2020-05-14 15:42:44.120936,2023-02-26 00:00:33.345182,,Tilmovet 200 g/kg Premix for medicated feeding stuff for pigs and rabbits,V,Huvepharma NV,,Tilmicosin,,Tilmovet 200 g/kg Premix for medicated feeding stuff for pigs and rabbits,http://www.noahcompendium.co.uk/?id=-453132&aggregatexml=true&absoluteurls=true,N453132,false,
fc793756-8b50-422c-affb-3bba338cbcd4,2020-05-14 15:42:44.685637,2023-02-26 00:00:33.418106,,Tilmovet 300 mg/ml Solution for Injection for Cattle and Sheep,No MAN,Huvepharma NV,,Tilmicosin,,Tilmovet 300 mg/ml Solution for Injection for Cattle and Sheep,http://www.noahcompendium.co.uk/?id=-474808&aggregatexml=true&absoluteurls=true,N474808,false,
cc3b1e80-87e3-4a26-ad4a-b48dc49d51f0,2020-04-19 00:00:11.296905,2023-02-26 00:00:26.153290,,Levacide Low Volume,Vm 02000/4081,Norbrook Laboratories Ltd,,Levamisole Hydrochloride,,Levacide Low Volume 7.5% Oral Solution,http://www.noahcompendium.co.uk/?id=-470795&aggregatexml=true&absoluteurls=true,N470795,false,108.0
fad83119-8af6-4a2b-916d-562293729cc5,2020-05-14 15:42:23.236375,2020-09-06 00:02:40.617601,,Engemycin Spray 25 mg/ml,Vm 01708/4545,MSD Animal Health,,Oxytetracycline Hydrochloride,,Engemycin,http://www.noahcompendium.co.uk/?id=-454644&aggregatexml=true&absoluteurls=true,N454644,false,419.0
8f747621-02b7-4364-8cb0-3cf68d43b95d,2020-05-14 15:42:34.583826,2023-02-26 00:00:28.754873,,Panacur® 10 % Oral Suspension,UK: Vm 01708/4435,MSD Animal Health UK Limited,,Fenbendazole,,Panacur® 10 % Oral Suspension,http://www.noahcompendium.co.uk/?id=-455673&aggregatexml=true&absoluteurls=true,N455673,false,136.0
ed50068c-72ff-42a1-9e98-c91a50048311,2020-05-14 15:42:42.778702,2023-02-26 00:00:33.117437,,Tetanus Antitoxin Behring,UK: Vm 01708/4506,MSD Animal Health UK Limited,,Vaccine Antigens,,Tetanus Antitoxin Behring,http://www.noahcompendium.co.uk/?id=-456172&aggregatexml=true&absoluteurls=true,N456172,false,92.0
557a844e-b34b-4ccc-a535-745ff9ada97e,2020-05-14 15:42:41.331471,2023-02-26 00:00:31.911524,,Somulose Solution for Injection,Vm 10434/4010,Dechra Veterinary Products,,Cinchocaine Hydrochloride,,Somulose® Solution for Injection,http://www.noahcompendium.co.uk/?id=-450248&aggregatexml=true&absoluteurls=true,N450248,false,317.0
9eacdf55-8f85-4bd9-b938-4e51d4f3ccd9,2020-05-14 15:42:18.813153,2023-02-26 00:00:21.640033,,CYDECTIN 0.5% Pour-On for Cattle,Vm 42058/4025,Zoetis UK Limited,,Moxidectin,,CYDECTIN® 0.5% Pour-On for Cattle,http://www.noahcompendium.co.uk/?id=-456781&aggregatexml=true&absoluteurls=true,N456781,false,139.0
3d25552e-22df-43a0-9e71-0cfcda9848a1,2020-04-19 00:00:10.876784,2023-02-26 00:00:22.373939,,"Dexa-ject 2 mg/ml Solution for Injection for Cattle, Horses, Pigs, Dogs & Cats",Vm 28365/4003,Bimeda,,Dexamethasone,,"Dexa-ject 2 mg/ml Solution for Injection for Cattle, Horses, Pigs, Dogs & Cats",http://www.noahcompendium.co.uk/?id=-446995&aggregatexml=true&absoluteurls=true,N446995,false,526.0
c55fb9bc-07a2-4010-a47d-9a6b2f0e9349,2020-05-14 15:42:15.120358,2020-08-23 00:01:29.187342,,Blackleg Vaccine (MSD),Vm 01708/4507,MSD Animal Health,,Vaccine Antigens,Subcutaneous,Blackleg Vaccine,http://www.noahcompendium.co.uk/?id=-454236&aggregatexml=true&absoluteurls=true,N454236,false,784.0
ad1a6a11-ed85-4d01-ba13-158f17cc04e8,2020-05-14 15:42:40.831871,2023-02-26 00:00:31.228219,,Rispoval RS+PI3 Intranasal,Vm 42058/4130,Zoetis UK Limited,,Vaccine Antigens,,Rispoval® RS+P13 Intranasal,http://www.noahcompendium.co.uk/?id=-458257&aggregatexml=true&absoluteurls=true,N458257,false,340.0
82eb81dc-fdd9-49e6-bcc2-19ac3e35ecc3,2022-04-24 00:00:42.259751,2023-02-26 00:00:31.313341,,Rispoval 2,Vm 42058/4212,Zoetis UK Limited,,Vaccine Antigens,,Rispoval® 2 / BRSV + Pi3 Lyophilisate and solvent for suspension for injection for cattle,http://www.noahcompendium.co.uk/?id=-478970&aggregatexml=true&absoluteurls=true,N478970,false,831.0
ea4b3eee-ceac-4525-9582-73ca4497ed14,2020-05-14 15:42:09.555384,2023-02-26 00:00:16.729542,,Amoxinsol 50,No MAN,Vetoquinol UK Ltd,,Amoxicillin Trihydrate,,Amoxinsol™ 50% w/w powder for oral solution,http://www.noahcompendium.co.uk/?id=-459168&aggregatexml=true&absoluteurls=true,N459168,false,
b480910e-840f-4d0d-9940-e5d6d217c2f2,2020-05-14 15:42:22.733566,2021-04-25 00:02:13.154923,,Effydral Effervescent Tablet,Vm 42058/4056,Zoetis UK Limited,,Electrolytes,Oral,Effydral® Effervescent Tablet,http://www.noahcompendium.co.uk/?id=-457208&aggregatexml=true&absoluteurls=true,N457208,false,47.0
fc990f39-066a-4868-a232-4270f784b68f,2020-05-14 15:42:09.581744,2022-10-16 00:00:29.938737,,Amoxypen® Injection,No MAN,MSD Animal Health UK Limited,,Amoxicillin Trihydrate,,"Amoxypen® Injection 150 mg/ml, suspension for injection",http://www.noahcompendium.co.uk/?id=-465474&aggregatexml=true&absoluteurls=true,N465474,false,
c946d0f3-15ee-4f98-a3b0-e05c93b01f7a,2020-05-14 15:42:10.811926,2023-02-26 00:00:17.017752,,"Apralan Soluble Powder for use in drinking water/milk for pigs, calves, chickens and rabbits",No MAN,Elanco UK AH Limited,,Apramycin Sulfate,,"Apralan Soluble Powder for use in drinking water/milk for pigs, calves, chickens and rabbits",http://www.noahcompendium.co.uk/?id=-472218&aggregatexml=true&absoluteurls=true,N472218,false,
4b389df6-6b28-4021-a6bb-a8dfd9123cfe,2020-05-14 15:42:17.197725,2020-08-03 18:28:05.076427,,Cemay,Vm 42204/4000,Bimeda,,Ceftiofur,,Cemay 50 mg/ml,http://www.noahcompendium.co.uk/?id=-446929&aggregatexml=true&absoluteurls=true,N446929,false,583.0
e1a0cd6e-ecc9-4399-837e-4334bd1c2cdb,2020-05-14 15:42:12.231341,2023-02-26 00:00:17.428234,,Autoworm First Grazer,Vm 42058/4009,Zoetis UK Limited,,Oxfendazole,,Autoworm® First Grazer,http://www.noahcompendium.co.uk/?id=-456505&aggregatexml=true&absoluteurls=true,N456505,true,207.0
8bb0437f-e4f0-4165-89bf-3f3d7cf06878,2020-05-14 15:42:12.950058,2021-04-25 00:01:53.211035,,Baycox Iron suspension for injection for piglets,No MAN,Elanco UK AH Limited,,Gleptoferron,Intramuscular,Baycox® Iron 36 mg/ml + 182 mg/ml suspension for injection for piglets,http://www.noahcompendium.co.uk/?id=-474267&aggregatexml=true&absoluteurls=true,N474267,false,
9555d507-94b5-4d61-9318-7ed5c2b06a39,2020-05-14 15:42:15.909415,2022-08-28 00:00:27.527967,,Calciject LV,Vm 02000/4124,Norbrook Laboratories Ltd,,Calcium Gluconate,,Calciject LV Solution for Injection,http://www.noahcompendium.co.uk/?id=-470475&aggregatexml=true&absoluteurls=true,N470475,false,90.0
b48a493a-3afc-40c7-8131-fd762c78961f,2020-05-14 15:42:13.858854,2023-02-26 00:00:18.008998,,Bimectin 5 mg/ml Pour-On Solution for Cattle,Vm13277/4023,Bimeda,,Ivermectin,,Bimectin 5 mg/ml Pour-On Solution for Cattle,http://www.noahcompendium.co.uk/?id=-446837&aggregatexml=true&absoluteurls=true,N446837,true,397.0
47a0e678-4e31-4bd3-866d-a376730cc506,2020-05-14 15:42:13.920928,2023-02-26 00:00:18.098819,,Bimeprine 5 mg/ml pour-on solution for cattle,No MAN,Bimeda,,Eprinomectin,,Bimeprine 5 mg/ml pour-on solution for cattle,http://www.noahcompendium.co.uk/?id=-472660&aggregatexml=true&absoluteurls=true,N472660,false,
d9e5689d-5e44-496c-8803-2ee32a2eef2e,2020-05-14 15:42:15.091513,2023-02-26 00:00:18.267064,,Blackleg Vaccine (Zoetis),No MAN,Zoetis UK Limited,,Vaccine Antigens,,Blackleg Vaccine,http://www.noahcompendium.co.uk/?id=-456528&aggregatexml=true&absoluteurls=true,N456528,true,
92c5117e-034a-4cc8-9624-bf2e7640a929,2020-05-14 15:42:17.328799,2020-12-13 00:00:17.063744,,Cepravin™ Dry Cow,Vm 01708/4577,MSD Animal Health,,Cephalonium,,Cepravin™ Dry Cow 250 mg Intramammary suspension,http://www.noahcompendium.co.uk/?id=-454430&aggregatexml=true&absoluteurls=true,N454430,false,178.0
f83a6abc-1ab8-4c7c-a3e9-7f25ecd26e3f,2020-05-14 15:42:26.151444,2020-05-31 00:02:07.079885,,Flunixin Injection,Vm 02000/4170,Norbrook Laboratories Ltd,,Flunixin Meglumine,,"Flunixin 50 mg/ml Solution for Injection for Cattle, Horses and Pigs",http://www.noahcompendium.co.uk/?id=-470753&aggregatexml=true&absoluteurls=true,N470753,false,1002.0
cdc4421b-9f8e-4de0-b5eb-ce135ba9e4ea,2020-05-14 15:42:15.854536,2023-02-26 00:00:19.320756,,Calciject 40 CM,Vm 02000/4125,Norbrook Laboratories Ltd,,Calcium Gluconate,,Calciject 40 CM Solution for Injection,http://www.noahcompendium.co.uk/?id=-470447&aggregatexml=true&absoluteurls=true,N470447,false,15.0
4065745c-7deb-4fb5-8a97-7e698246a7d6,2020-04-05 00:00:06.128917,2020-05-31 00:02:10.833502,,Imizol Solution for Injection,Vm 01708/4576,MSD Animal Health,,Imidocarb Diproprionate,Subcutaneous,Imizol,http://www.noahcompendium.co.uk/?id=-454838&aggregatexml=true&absoluteurls=true,N454838,false,172.0
a6038199-a788-4b19-81cd-63930b2637eb,2020-05-14 15:42:16.549969,2021-04-25 00:01:58.594191,,Ceffect 25 mg/ml Suspension for Injection for Cattle and Pigs,Vm 34534/4002,Elanco UK AH Limited,,Cefquinome,,Ceffect® 25 mg/ml Suspension for Injection for Cattle and Pigs,http://www.noahcompendium.co.uk/?id=-446471&aggregatexml=true&absoluteurls=true,N446471,false,534.0
f59fcafd-7bcb-4ae5-b527-df454ee84db7,2020-05-14 15:42:17.854206,2023-02-26 00:00:20.238197,,Clamoxyl LA,Vm 42058/4013,Zoetis UK Limited,,Amoxicillin Trihydrate,,Clamoxyl® LA Suspension for Injection,http://www.noahcompendium.co.uk/?id=-456638&aggregatexml=true&absoluteurls=true,N456638,false,224.0
411fcf6c-683f-4fc6-a521-546371ba5bc0,2020-05-14 15:42:17.939745,2023-02-26 00:00:20.340652,,CLIK 5% Pour-on Suspension for Sheep,No MAN,Elanco UK AH Limited,,Dicyclanil,,CLIK 5% Pour-on Suspension for Sheep,http://www.noahcompendium.co.uk/?id=-473178&aggregatexml=true&absoluteurls=true,N473178,false,
4a6b4a75-e8ab-4d4c-a61c-e4190a627135,2020-05-14 15:42:33.967922,2020-08-30 00:01:58.649067,,Norotril Max,Vm 02000/4302,Norbrook Laboratories Ltd,,Enrofloxacin,,Norotril Max 100 mg/ml Solution for Injection for Cattle,http://www.noahcompendium.co.uk/?id=-471186&aggregatexml=true&absoluteurls=true,N471186,false,454.0
364245fe-cdd2-43e6-a9ec-1556e7ed760f,2020-04-19 00:00:10.660935,2023-02-26 00:00:21.486353,,"Cyclo Spray, Chlortetracycline HCL 2.45% w/w, Cutaneous Spray, Suspension for Pigs, Sheep and Cattle",No MAN,Dechra Veterinary Products,,Chlortetracycline Hydrochloride,,"Cyclo Spray®, Chlortetracycline HCL 2.45% w/w, Cutaneous Spray, Suspension for Pigs, Sheep and Cattle",http://www.noahcompendium.co.uk/?id=-475593&aggregatexml=true&absoluteurls=true,N475593,false,
62dabc2c-a592-4011-a924-fb8634d5db87,2020-04-19 00:00:10.764447,2023-02-26 00:00:21.944235,,Dectomax 5 mg/ml Pour-On Solution for Cattle,No MAN,Elanco UK AH Limited,,Doramectin,,Dectomax 5 mg/ml Pour-On Solution for Cattle,http://www.noahcompendium.co.uk/?id=-474685&aggregatexml=true&absoluteurls=true,N474685,false,
7f71bf01-55d3-43d3-88ac-6c147f60742c,2020-04-19 00:00:10.812913,2023-02-26 00:00:21.986608,,Dectomax 10 mg/ml Solution for Injection for Cattle and Sheep,No MAN,Elanco UK AH Limited,,Doramectin,,Dectomax 10 mg/ml Solution for Injection for Cattle and Sheep,http://www.noahcompendium.co.uk/?id=-474658&aggregatexml=true&absoluteurls=true,N474658,false,
ee786fb9-ddff-4685-b90b-5a93f58aeb6f,2020-05-14 15:42:19.240431,2023-02-26 00:00:22.144624,,Denagard 10% w/w Premix,No MAN,Elanco UK AH Limited,,Tiamulin Hydrogen Fumarate,,"Denagard 10% w/w Premix for medicated feeding stuff for pigs, chickens, turkeys and rabbits",http://www.noahcompendium.co.uk/?id=-473066&aggregatexml=true&absoluteurls=true,N473066,false,
9cf9f4a7-00e9-4c71-bc5f-f06ecc7c0bb4,2020-05-14 15:42:21.143658,2023-02-26 00:00:22.542116,,Domidine 10 mg/ml Solution for Injection for Horses and Cattle,Vm 16849/4008,Dechra Veterinary Products,,Detomidine Hydrochloride,,Domidine® 10 mg/ml Solution for Injection for Horses and Cattle,http://www.noahcompendium.co.uk/?id=-449615&aggregatexml=true&absoluteurls=true,N449615,false,365.0
069b2db6-67c1-449a-9ee0-c6492e0e75bb,2022-12-25 00:00:17.584409,2023-02-26 00:00:18.592358,,Bovela,No MAN,Boehringer Ingelheim Animal Health UK Ltd,,Vaccine Antigens,Intramuscular,Bovela lyophilisate and solvent for suspension for injection for cattle,http://www.noahcompendium.co.uk/?id=-482371&aggregatexml=true&absoluteurls=true,N482371,false,
9da16e54-a80a-4c54-b951-86a5677ec199,2020-05-14 15:42:09.764738,2023-02-26 00:00:16.911418,,Animec Super Injection for Cattle,V,Chanelle Pharma,,Clorsulon,Subcutaneous,Animec Super 10 mg/ml / 100 mg/ml Solution for Injection for Cattle,http://www.noahcompendium.co.uk/?id=-449002&aggregatexml=true&absoluteurls=true,N449002,true,
b0a387ee-5066-4b85-a30b-4d6075171c80,2022-03-13 00:00:29.012084,2023-02-26 00:00:17.627503,,Baytril 50 mg/ml solution for injection,No MAN,Elanco UK AH Limited,,Enrofloxacin,,Baytril 50 mg/ml solution for injection,http://www.noahcompendium.co.uk/?id=-480334&aggregatexml=true&absoluteurls=true,N480334,false,
5c8e0bce-6880-4600-88c2-37b51dc0370a,2020-05-14 15:42:09.442069,2023-02-26 00:00:16.639876,,Altresyn,No MAN,Ceva Animal Health Ltd,,Altrenogest,,Altresyn® 4 mg/ml oral solution for pigs,http://www.noahcompendium.co.uk/?id=-472881&aggregatexml=true&absoluteurls=true,N472881,false,
474d8084-ee32-476e-8dcc-f84b34446479,2022-03-13 00:00:28.973824,2023-02-26 00:00:17.596421,,Baytril 25 mg/ml solution for injection,No MAN,Elanco UK AH Limited,,Enrofloxacin,,Baytril 25 mg/ml solution for injection,http://www.noahcompendium.co.uk/?id=-479690&aggregatexml=true&absoluteurls=true,N479690,false,
26d22cc7-b7b5-4f75-ba71-b3cde81f2920,2023-02-05 00:00:21.788770,2023-02-26 00:00:18.492355,,Bovalto Respi Intranasal,No MAN,Boehringer Ingelheim Animal Health UK Ltd,,Vaccine Antigens,,"Bovalto Respi Intranasal, nasal spray, lyophilisate and solvent for suspension",http://www.noahcompendium.co.uk/?id=-482555&aggregatexml=true&absoluteurls=true,N482555,false,
4aa40110-1499-4c00-9e04-c947bcef4158,2023-01-29 00:00:33.804233,2023-02-26 00:00:31.544168,,Scabigard®,No MAN,Zoetis UK Limited,,Vaccine Antigens,,Scabigard®,http://www.noahcompendium.co.uk/?id=-482501&aggregatexml=true&absoluteurls=true,N482501,true,
a4931bc7-bce6-4e7c-b3fd-5389978fa8ea,2020-04-19 00:00:12.085665,2023-02-26 00:00:28.962288,,Paramectin Drench,Vm 02000/4263,Norbrook Laboratories Ltd,,Ivermectin,,Paramectin Drench 0.8 mg/ml (0.08% w/v) Oral Solution,http://www.noahcompendium.co.uk/?id=-471228&aggregatexml=true&absoluteurls=true,N471228,false,358.0
46aacf18-4ade-4e66-b572-4742b9fa58cc,2020-05-14 15:42:29.751296,2023-02-26 00:00:25.744293,,Ivomec Classic Pour-On,Vm 08327/4169,Boehringer Ingelheim Animal Health UK Ltd,,Ivermectin,,Ivomec Classic Pour-On for Cattle,http://www.noahcompendium.co.uk/?id=-453717&aggregatexml=true&absoluteurls=true,N453717,false,196.0
0aa322da-3abd-49d2-a588-e8e42c034478,2020-05-14 15:42:33.552419,2023-02-26 00:00:27.631932,,Norfenicol Injection,Vm 02000/4316,Norbrook Laboratories Ltd,,Florfenicol,,Norfenicol 300 mg/ml Solution for Injection for Cattle and Pigs,http://www.noahcompendium.co.uk/?id=-471018&aggregatexml=true&absoluteurls=true,N471018,false,514.0
67763022-551b-48d1-bec1-12aff2fd10b0,2020-05-14 15:42:44.875575,2023-02-26 00:00:33.642506,,Tribex 10% Oral Suspension for Cattle,Vm 11990/4034,Chanelle Pharma,,Triclabendazole,Oral,Tribex 10% Oral Suspension for Cattle,http://www.noahcompendium.co.uk/?id=-449382&aggregatexml=true&absoluteurls=true,N449382,true,307.0
c02296a7-2c0b-4cd9-b340-d2dd1e7eac45,2022-09-11 00:00:45.680855,2023-02-26 00:00:23.686570,,Enteroporc COLI AC lyophilisate and suspension for suspension for injection for ,No MAN,Ceva Animal Health Ltd,,Vaccine Antigens,,Enteroporc COLI AC lyophilisate and suspension for suspension for injection for ,http://www.noahcompendium.co.uk/?id=-481496&aggregatexml=true&absoluteurls=true,N481496,false,
318aa823-6644-44c8-a1e1-03b21de41585,2022-03-13 00:00:32.680849,2023-02-26 00:00:22.447570,,Dimazon® 50 mg/ml,No MAN,MSD Animal Health UK Limited,,Frusemide (Furosemide),,Dimazon® 50 mg/ml solution for injection,http://www.noahcompendium.co.uk/?id=-480197&aggregatexml=true&absoluteurls=true,N480197,false,
d129a8f3-1056-4333-8093-874eff219b07,2022-04-24 00:00:38.901728,2023-02-26 00:00:28.010475,,Novomate,No MAN,Huvepharma NV,,Penethamate Hydriodide,,Novomate 277.8 mg/ml powder and solvent for suspension for injection for cattle,http://www.noahcompendium.co.uk/?id=-480862&aggregatexml=true&absoluteurls=true,N480862,true,
c020eae1-b94a-40c6-acfb-44b26076cd03,2020-05-14 15:42:40.592899,2023-02-26 00:00:30.925616,,Rhiniseng,UK (NI): EU/2/10/109/001-009,HIPRA UK & IRELAND LTD,,Vaccine Antigens,,Rhiniseng,http://www.noahcompendium.co.uk/?id=-452773&aggregatexml=true&absoluteurls=true,N452773,false,
794ed5c3-954a-407f-8c5d-6993eac40287,2021-02-14 00:00:24.554840,2023-02-26 00:00:26.527798,,"Macrosyn 100 mg/ml Solution for Injection for Cattle, Pigs and Sheep",No MAN,Bimeda,,Tulathromycin,,"Macrosyn 100 mg/ml Solution for Injection for Cattle, Pigs and Sheep",http://www.noahcompendium.co.uk/?id=-478807&aggregatexml=true&absoluteurls=true,N478807,true,
713a134a-838d-4907-9bff-5e9f20fe338d,2022-04-24 00:00:40.728694,2023-02-26 00:00:29.846242,,Porcilis® Lawsonia ID,No MAN,MSD Animal Health UK Limited,,Vaccine Antigens,,Porcilis® Lawsonia ID lyophilisate and solvent for emulsion for injection for pigs,http://www.noahcompendium.co.uk/?id=-480279&aggregatexml=true&absoluteurls=true,N480279,true,
a3efcbc0-1e42-48cb-8258-ce5997633fd2,2020-05-14 15:42:44.725885,2023-02-26 00:00:33.470876,,"Tolracol 50mg Oral Suspension for Pigs, Cattle & Sheep",No MAN,Krka UK Ltd,,Toltrazuril,Oral,"Tolracol 50mg Oral Suspension for Pigs, Cattle & Sheep",http://www.noahcompendium.co.uk/?id=-468575&aggregatexml=true&absoluteurls=true,N468575,false,
e7004a5f-7eb9-4734-a5fd-c985db606ef5,2020-05-14 15:42:23.824780,2020-09-06 00:02:43.282705,,Enroxil Max 100mg Injection for Cattle & Pigs,No MAN,Krka UK Ltd,,Enrofloxacin,,Enroxil Max 100mg Injection for Cattle & Pigs,http://www.noahcompendium.co.uk/?id=-468341&aggregatexml=true&absoluteurls=true,N468341,false,
9fb6e85b-f236-4380-b0fe-a9d7d87783cb,2020-05-14 15:42:42.441083,2023-02-26 00:00:32.600836,,Suvaxyn M. hyo,No MAN,Zoetis UK Limited,,Vaccine Antigens,Intramuscular,Suvaxyn® M. hyo Suspension for injection for pigs,http://www.noahcompendium.co.uk/?id=-458398&aggregatexml=true&absoluteurls=true,N458398,false,
afb651e3-1ef6-4441-bba6-afd6fcd25e20,2021-01-10 00:00:33.670939,2024-03-28 15:56:38.866123,,Tulissin 100mg/ml injection,No MAN,Virbac Limited,,Tulathromycin,,"Tulissin 100 mg/ml solution for injection for cattle, pigs and sheep",http://www.noahcompendium.co.uk/?id=-476698&aggregatexml=true&absoluteurls=true,N476698,false,
0018676f-ac25-43bd-943c-8332c1c04950,2020-04-19 00:00:09.892757,2023-02-26 00:00:16.440587,,Alamycin LA Injection,Vm 02000/4117,Norbrook Laboratories Ltd,,Oxytetracycline,,"Alamycin LA 200 mg/ml Solution for Injection for Cattle, Sheep and Pigs",http://www.noahcompendium.co.uk/?id=-470321&aggregatexml=true&absoluteurls=true,N470321,false,73.0
44f9d865-3b77-47c8-8cea-8f544eaecb0c,2020-05-14 15:42:22.077407,2023-02-26 00:00:22.982724,,Ecomectin 1 mg/g Medicated Premixture for Pigs,The medicated premixture is produced from Ecomectin,ECO Animal Health Ltd,,Ivermectin,,Ecomectin 1 mg/g Medicated Premixture for Pigs,http://www.noahcompendium.co.uk/?id=-450677&aggregatexml=true&absoluteurls=true,N450677,false,
a6e9458f-7474-456e-a5da-051d44a75517,2020-05-14 15:42:22.993693,2023-02-26 00:00:23.255157,,Endofluke 100 mg/ml Oral Suspension,Vm 50146/4018,Bimeda,,Triclabendazole,,Endofluke 100 mg/ml Oral Suspension,http://www.noahcompendium.co.uk/?id=-447035&aggregatexml=true&absoluteurls=true,N447035,false,313.0
be98813f-073a-4940-8034-081faf2f7502,2020-05-14 15:42:23.036838,2023-02-26 00:00:23.300839,,Endospec SC 10% w/v Oral Suspension,Vm 50146/4025,Bimeda,,Albendazole,,Endospec SC 10% w/v Oral Suspension,http://www.noahcompendium.co.uk/?id=-447061&aggregatexml=true&absoluteurls=true,N447061,false,127.0
0c6ca1df-fb4a-4227-89c2-c3e882f0b05b,2020-05-14 15:42:24.637524,2023-02-26 00:00:23.956128,,Epromec Pour-on for Cattle,No MAN,Chanelle Pharma,,Eprinomectin,,Epromec 5mg/ml Pour-On Solution for Beef and Dairy Cattle,http://www.noahcompendium.co.uk/?id=-463728&aggregatexml=true&absoluteurls=true,N463728,true,
d7d4041b-e37f-4b07-bc58-ba56260b4ba0,2020-05-14 15:42:24.705067,2023-02-26 00:00:24.001854,,Eryseng,UK(NI): EU/2/14/166/001-007,HIPRA UK & IRELAND LTD,,Vaccine Antigens,,Eryseng,http://www.noahcompendium.co.uk/?id=-452639&aggregatexml=true&absoluteurls=true,N452639,false,
31a8ffb8-ec5b-4b8d-bcae-6b18693f7fe1,2020-09-20 00:01:57.981533,2023-02-26 00:00:24.090256,,Euthasol Vet. 400 mg/ml Solution for Injection,No MAN,Dechra Veterinary Products,,Pentobarbital Sodium,,Euthasol® Vet. 400 mg/ml Solution for Injection,http://www.noahcompendium.co.uk/?id=-477348&aggregatexml=true&absoluteurls=true,N477348,false,
168b66a3-4373-46dd-9030-0ddbfab7f3a9,2020-05-14 15:42:26.059344,2023-02-26 00:00:24.593972,,Flubenol 5 % w/w Oral Powder for Pigs,No MAN,Elanco UK AH Limited,,Flubendazole,,Flubenol 5 % w/w Oral Powder for Pigs,http://www.noahcompendium.co.uk/?id=-472996&aggregatexml=true&absoluteurls=true,N472996,false,
0bcb8ba4-64ae-4f3a-b6eb-59b78bf5a2d0,2020-08-30 00:01:47.857806,2023-02-26 00:00:24.825147,,Forceris,No MAN,Ceva Animal Health Ltd,,Gleptoferron,,Forceris® 30 mg/ml + 133 mg/ml suspension for injection for piglets,http://www.noahcompendium.co.uk/?id=-473962&aggregatexml=true&absoluteurls=true,N473962,false,
ceb6f4cf-221c-4139-9100-6f8fa479cb57,2020-05-14 15:42:28.054197,2023-02-26 00:00:24.921264,,Gabbrovet,No MAN,Ceva Animal Health Ltd,,Paromomycin sulphate,,"Gabbrovet® 140 mg/ml solution for use in drinking water, milk or milk replacer for pre-ruminant cattle and pigs",http://www.noahcompendium.co.uk/?id=-476405&aggregatexml=true&absoluteurls=true,N476405,false,
0585e454-562f-47a1-9b56-dcd971f13ef0,2020-05-14 15:42:28.904543,2023-02-26 00:00:25.219505,,Hiprabovis SOMNI/Lkt,No MAN,HIPRA UK & IRELAND LTD,,Vaccine Antigens,,Hiprabovis SOMNI/Lkt,http://www.noahcompendium.co.uk/?id=-452705&aggregatexml=true&absoluteurls=true,N452705,false,
138aa225-94df-411f-8bc5-1824c95ad3b2,2020-05-14 15:42:29.785215,2022-09-18 00:00:36.212531,,Ivomec Injection,Vm 08327/4179,Boehringer Ingelheim Animal Health UK Ltd,,Ivermectin,,Ivomec Injection for Pigs,http://www.noahcompendium.co.uk/?id=-453726&aggregatexml=true&absoluteurls=true,N453726,false,
1e7dd5cf-1c9f-476e-86f6-bf6b90d61efd,2020-10-04 00:01:58.089888,2023-02-26 00:00:25.360379,,Imaverol 100 mg/ml Concentrate for Cutaneous Emulsion,UK: 44684/4003,Audevard,,Enilconazole,,Imaverol 100 mg/ml Concentrate for Cutaneous Emulsion,http://www.noahcompendium.co.uk/?id=-478599&aggregatexml=true&absoluteurls=true,N478599,true,88.0
f3ea1a7a-b99b-4d5b-9e54-5307dfc2056e,2020-05-14 15:42:29.470290,2021-04-25 00:02:24.588724,,Imuresp RP,Vm 42058/4072,Zoetis UK Limited,,Vaccine Antigens,,Imuresp® RP,http://www.noahcompendium.co.uk/?id=-457511&aggregatexml=true&absoluteurls=true,N457511,false,156.0
43568d57-672a-436c-82ec-c4fc9478bcf6,2020-05-14 15:42:29.627192,2023-02-26 00:00:25.611030,,Ingelvac PRRSFLEX EU,Vm 08327/4297,Boehringer Ingelheim Animal Health UK Ltd,,Vaccine Antigens,Intramuscular,Ingelvac PRRSFLEX EU lyophilisate and solvent for suspension for injection for pigs,http://www.noahcompendium.co.uk/?id=-447572&aggregatexml=true&absoluteurls=true,N447572,false,
9606f40d-43d1-415d-a8b3-d43662e550ad,2020-05-14 15:42:30.263569,2023-02-26 00:00:26.023719,,Lactovac,No MAN,Zoetis UK Limited,,Vaccine Antigens,,Lactovac® suspension for injection,http://www.noahcompendium.co.uk/?id=-457603&aggregatexml=true&absoluteurls=true,N457603,false,
932add5f-5c90-4991-914b-b72429ed79d1,2020-05-14 15:42:30.590817,2023-02-26 00:00:26.271211,,Lincocin Soluble Powder,Vm 42058/4078,Zoetis UK Limited,,Lincomycin,,Lincocin® Soluble Powder,http://www.noahcompendium.co.uk/?id=-457639&aggregatexml=true&absoluteurls=true,N457639,false,51.0
db1b72db-09c3-4ce4-83be-272e9a258e71,2020-09-20 00:02:13.705620,2023-02-26 00:00:27.583048,,Nerfasin Solution for Injection,No MAN,Dechra Veterinary Products,,Xylazine Hydrochloride,,Nerfasin® Solution for Injection,http://www.noahcompendium.co.uk/?id=-477489&aggregatexml=true&absoluteurls=true,N477489,false,
ed715f6f-0b4f-4ce6-96fe-c3401c297c49,2020-05-14 15:42:33.250775,2022-05-01 00:04:14.463709,,Mypravac Suis,V,HIPRA UK & IRELAND LTD,,Vaccine Antigens,,Mypravac Suis,http://www.noahcompendium.co.uk/?id=-452761&aggregatexml=true&absoluteurls=true,N452761,false,
4be1288e-9a2b-414c-8a17-16620af241db,2020-05-14 15:42:33.308851,2023-02-26 00:00:27.396747,,Naxcel Injection for Pigs,UK(NI): EU/2/05/053/001-002,Zoetis UK Limited,,Ceftiofur,Intramuscular,Naxcel® 100 mg/ml Suspension for Injection for Pigs,http://www.noahcompendium.co.uk/?id=-457723&aggregatexml=true&absoluteurls=true,N457723,false,
54dd1c88-4e68-4629-8ce1-0b26e675feb8,2020-05-14 15:42:33.698737,2021-04-25 00:02:38.823345,,Noroclav LC,No MAN,Norbrook Laboratories Ltd,,Amoxicillin,,Noroclav LC,http://www.noahcompendium.co.uk/?id=-472135&aggregatexml=true&absoluteurls=true,N472135,false,
e86fd6c9-8792-40a7-8b53-15976e1832b6,2020-04-05 00:00:06.187657,2023-02-26 00:00:28.341603,,Orbenin Ophthalmic Ointment,Vm 42058/4091,Zoetis UK Limited,,Cloxacillin Benzathine,,Orbenin® Ophthalmic Ointment,http://www.noahcompendium.co.uk/?id=-457794&aggregatexml=true&absoluteurls=true,N457794,false,34.0
696e4f98-4b00-444b-b251-7638f60307d7,2020-05-14 15:42:34.407481,2023-02-26 00:00:28.578950,,Ovarelin,No MAN,Ceva Animal Health Ltd,,Gonadorelin,,"Ovarelin® 50 µg/ml, solution for injection for cattle",http://www.noahcompendium.co.uk/?id=-474421&aggregatexml=true&absoluteurls=true,N474421,false,
2b45e5a4-d0cc-41b9-9b23-b420cf4b460f,2020-05-14 15:42:34.900099,2023-02-26 00:00:29.042966,,Parofor,No MAN,Huvepharma NV,,Paromomycin sulphate,Oral,"Parofor 140 mg/ml solution for use in drinking water, milk or milk replacer for pre-ruminant cattle and pigs",http://www.noahcompendium.co.uk/?id=-469920&aggregatexml=true&absoluteurls=true,N469920,false,
56adce96-8d38-4bf3-aced-05c532168c52,2020-05-14 15:42:35.597169,2023-02-26 00:00:29.166819,,Pathocef,Vm 42058/4094,Zoetis UK Limited,,Cefoperazone (Sodium Salt),,Pathocef™ 250 mg Intramammary Suspension,http://www.noahcompendium.co.uk/?id=-457842&aggregatexml=true&absoluteurls=true,N457842,false,89.0
70adefce-734e-4e7c-847e-3ebf2c032935,2020-05-14 15:42:37.287618,2023-02-26 00:00:29.507276,,Pigfen 40mg/g granules for pigs,Vm 30282/4023,Huvepharma NV,,Fenbendazole,,Pigfen 40mg/g granules for pigs,http://www.noahcompendium.co.uk/?id=-453068&aggregatexml=true&absoluteurls=true,N453068,true,
1a8dece5-b200-4fc1-aeeb-068518edf2d4,2020-05-14 15:42:38.644363,2023-02-26 00:00:29.697853,,Porcilis® AR-T DF,UK(NI): EU/2/00/026/001-006,MSD Animal Health UK Limited,,Vaccine Antigens,,Porcilis® AR-T DF suspension for injection for pigs,http://www.noahcompendium.co.uk/?id=-455911&aggregatexml=true&absoluteurls=true,N455911,false,
601831ed-4c2a-45b6-b590-d49bc0f7a46d,2020-05-14 15:42:39.647917,2023-02-26 00:00:30.205952,,Progressis,UK: Vm 15052/4150,Ceva Animal Health Ltd,,Vaccine Antigens,,Progressis® emulsion for injection for pigs (sows and gilts),http://www.noahcompendium.co.uk/?id=-453894&aggregatexml=true&absoluteurls=true,N453894,false,
74459c43-03a6-4a9f-b008-9f15ab14dc44,2020-05-14 15:42:39.719220,2023-02-26 00:00:30.241646,,Pulmotil G100 Premix,No MAN,Elanco UK AH Limited,,Tilmicosin,,Pulmotil G100 Premix for Medicated Feedingstuff,http://www.noahcompendium.co.uk/?id=-472727&aggregatexml=true&absoluteurls=true,N472727,false,
025d2078-2195-4afd-9d8b-6bdc76abb517,2020-05-14 15:42:40.122811,2023-02-26 00:00:30.716641,,Respiporc® FLU3,No MAN,Ceva Animal Health Ltd,,Vaccine Antigens,,Respiporc® FLU3 suspension for injection for pigs,http://www.noahcompendium.co.uk/?id=-476058&aggregatexml=true&absoluteurls=true,N476058,false,
fd49b428-b63e-4821-8f63-76f46b21916d,2020-05-14 15:42:41.188654,2022-05-01 00:04:19.980392,,Selectan Oral,V,HIPRA UK & IRELAND LTD,,Florfenicol,,Selectan Oral,http://www.noahcompendium.co.uk/publications/-452800/selectan-oral/aggregatexml,N452800,false,
67e4d7fa-0891-45b9-88ab-53a3cc0f2275,2020-05-14 15:42:42.416631,2023-02-26 00:00:32.566743,,Suvaxyn Circo+MH RTU,No MAN,Zoetis UK Limited,,Vaccine Antigens,Intramuscular,Suvaxyn® Circo+MH RTU Emulsion for injection for pigs,http://www.noahcompendium.co.uk/?id=-463161&aggregatexml=true&absoluteurls=true,N463161,false,
78686f40-9a8c-4a0e-a790-6c9c45a9cf20,2020-04-19 00:00:12.495176,2023-02-26 00:00:32.916724,,"TAF Spray 28.5 mg/g Cutaneous Spray, Solution",No MAN,Dechra Veterinary Products,,Thiamphenicol,,"TAF Spray® 28.5 mg/g Cutaneous Spray, Solution",http://www.noahcompendium.co.uk/?id=-469363&aggregatexml=true&absoluteurls=true,N469363,false,
adec271c-f21e-4b07-933e-cb75431fc1bd,2020-05-14 15:42:45.105101,2022-04-24 00:00:44.265254,,Trodax,Vm 08327/4187,Boehringer Ingelheim Animal Health UK Ltd,,Nitroxynil,,Trodax 34% Solution for Injection,http://www.noahcompendium.co.uk/?id=-454061&aggregatexml=true&absoluteurls=true,N454061,false,124.0
aad4e6f5-afd1-443c-9577-48c5c9454129,2020-09-13 00:02:32.369065,2023-02-26 00:00:33.861158,,Tulieve,No MAN,Norbrook Laboratories Ltd,,Tulathromycin,,"Tulieve 100 mg/ml Solution for Injection for Cattle, Pigs and Sheep",http://www.noahcompendium.co.uk/?id=-477881&aggregatexml=true&absoluteurls=true,N477881,false,
e47dff6e-616f-4130-bca2-b684a8666a09,2020-09-27 00:02:22.604645,2023-02-26 00:00:33.951992,,Tuloxxin,No MAN,Krka UK Ltd,,Tulathromycin,,"Tuloxxin 100mg/ml solution for injection for cattle, pigs and sheep",http://www.noahcompendium.co.uk/?id=-477647&aggregatexml=true&absoluteurls=true,N477647,false,
d1dccb59-8d43-4888-888d-0f72a16024cb,2020-05-14 15:42:45.753504,2023-02-26 00:00:33.997050,,"Tylan 200, 200 mg/ml Solution for Injection",No MAN,Elanco UK AH Limited,,Tylosin,,"Tylan 200, 200 mg/ml Solution for Injection",http://www.noahcompendium.co.uk/?id=-468007&aggregatexml=true&absoluteurls=true,N468007,false,
19bda096-063d-41ee-b13b-277e92988e1f,2020-05-14 15:42:49.787446,2023-02-26 00:00:34.472404,,UNISTRAIN PRRS,UK(GB): Vm17533/4016,HIPRA UK & IRELAND LTD,,Vaccine Antigens,,UNISTRAIN PRRS lyophilisate and solvent for suspension for Injection for Pigs,http://www.noahcompendium.co.uk/?id=-452856&aggregatexml=true&absoluteurls=true,N452856,false,
0b1e8401-fc11-41b1-88df-e95ebadf9ec9,2020-05-14 15:42:54.217365,2022-10-30 00:00:48.203562,,Virbamec Pour-On,No MAN,Virbac Limited,,Ivermectin,,Virbamec Pour-On,http://www.noahcompendium.co.uk/?id=-460862&aggregatexml=true&absoluteurls=true,N460862,false,
0ebecd4d-7f8e-4dac-9a9b-02e5b817e76d,2020-05-14 15:42:45.786724,2023-02-26 00:00:34.043650,,Tylan G50 Premix,No MAN,Elanco UK AH Limited,,Tylosin Phosphate,,Tylan G50 Premix for medicated feedingstuff,http://www.noahcompendium.co.uk/?id=-472769&aggregatexml=true&absoluteurls=true,N472769,false,
5148f2b4-368a-4cd9-a406-828c277b6041,2020-05-14 15:42:56.802718,2023-02-26 00:00:35.699582,,ZOLVIX 25 mg/ml oral solution for sheep,No MAN,Elanco UK AH Limited,,Monepantel,,ZOLVIX 25 mg/ml oral solution for sheep,http://www.noahcompendium.co.uk/?id=-474727&aggregatexml=true&absoluteurls=true,N474727,false,
878a7009-6455-4634-adbf-5c81bc14ff42,2020-05-14 15:42:56.868261,2023-02-26 00:00:35.736726,,Zuprevo®,No MAN,MSD Animal Health UK Limited,,Tildipirosin,,Zuprevo® 180 mg/ml solution for injection for cattle,http://www.noahcompendium.co.uk/?id=-456310&aggregatexml=true&absoluteurls=true,N456310,false,
bbd76fff-287d-4ef5-8523-417a1a41fe6c,2020-05-14 15:42:56.702801,2023-02-26 00:00:35.586005,,Zeleris,No MAN,Ceva Animal Health Ltd,,Florfenicol,,Zeleris® 400 mg/ml + 5 mg/ml solution for injection for cattle,http://www.noahcompendium.co.uk/?id=-473108&aggregatexml=true&absoluteurls=true,N473108,false,
4897dbd1-cf85-4c5a-ac81-9162568b3976,2021-03-28 00:00:32.965551,2023-02-26 00:00:32.717253,,"Sympagesic 500 mg/ml + 4 mg/ml Solution for Injection for Horses, Cattle, Pigs and Dogs",No MAN,Dechra Veterinary Products,,Hyoscine Butylbromide,,"Sympagesic® 500 mg/ml + 4 mg/ml Solution for Injection for Horses, Cattle, Pigs and Dogs",http://www.noahcompendium.co.uk/?id=-479103&aggregatexml=true&absoluteurls=true,N479103,true,
aab4bd5b-abb4-4310-bfee-1f5ae2857a6f,2020-05-14 15:42:33.849123,2023-02-26 00:00:27.890601,,Noromectin Pour-On,Vm 02000/4172,Norbrook Laboratories Ltd,,Ivermectin,,Noromectin 0.5% w/v Pour-On Solution,http://www.noahcompendium.co.uk/?id=-471144&aggregatexml=true&absoluteurls=true,N471144,false,237.0
5adea736-b7a7-47ff-bb9d-a6702916f8ac,2020-05-14 15:42:40.933393,2020-09-06 00:03:59.602126,,Rotavec Corona,Vm 01708/4556,MSD Animal Health,,Vaccine Antigens,,Rotavec,http://www.noahcompendium.co.uk/?id=-456123&aggregatexml=true&absoluteurls=true,N456123,false,225.0
b093884a-710b-4f97-88e8-e1c484ea9200,2020-05-14 15:42:16.617011,2020-08-30 00:01:30.734717,,Cefiman DC,Vm 02000/4393,Norbrook Laboratories Ltd,,Cefquinome,,"Cefimam DC, 150 mg Intramammary Ointment for Dry Cows",http://www.noahcompendium.co.uk/?id=-470573&aggregatexml=true&absoluteurls=true,N470573,false,618.0
02f8f1aa-22af-4912-86ca-f50b0fc4bba8,2020-04-19 00:00:10.600837,2023-02-26 00:00:20.749699,,Closamectin Injection,Vm 02000/4254,Norbrook Laboratories Ltd,,Closantel,,Closamectin Solution for Injection for Cattle and Sheep,http://www.noahcompendium.co.uk/?id=-470601&aggregatexml=true&absoluteurls=true,N470601,false,343.0
e39b29c0-6a3e-42ec-9dca-23632cd9ecba,2020-05-14 15:42:29.709198,2023-02-26 00:00:25.697010,,Ivomec Classic Injection,Vm 08327/4188,Boehringer Ingelheim Animal Health UK Ltd,,Ivermectin,,Ivomec Classic Injection for Cattle and Sheep,http://www.noahcompendium.co.uk/?id=-453708&aggregatexml=true&absoluteurls=true,N453708,false,198.0
488b8cc0-db0e-4028-bf4c-5eed5089a4de,2020-05-14 15:42:49.676614,2023-02-26 00:00:34.320527,,Ubrostar Red,Vm 08327/4307,Boehringer Ingelheim Animal Health UK Ltd,,Benethamine Penicillin,,Ubrostar,http://www.noahcompendium.co.uk/?id=-447851&aggregatexml=true&absoluteurls=true,N447851,false,495.0
bd7a2e85-b0d6-44ea-b2e6-aab3d2d4357d,2020-05-14 15:42:18.492982,2023-02-26 00:00:21.228324,,Covexin 10,Vm 42058/4022,Zoetis UK Limited,,Vaccine Antigens,,Covexin® 10 suspension for injection for sheep and cattle,http://www.noahcompendium.co.uk/?id=-456746&aggregatexml=true&absoluteurls=true,N456746,false,296.0
08f2eb6d-a1cc-420a-b023-71b4906a9f30,2020-05-14 15:42:12.213477,2023-02-26 00:00:17.404141,,Autoworm Finisher,Vm 42058/4008,Zoetis UK Limited,,Oxfendazole,,Autoworm® Finisher,http://www.noahcompendium.co.uk/?id=-456493&aggregatexml=true&absoluteurls=true,N456493,true,209.0
ee64b194-2496-4faa-a092-58d22bd1635c,2020-04-19 00:00:12.370179,2020-08-09 00:02:22.051428,,"Sedaxylan 20 mg/ml Solution for Injection for Dogs, Cats, Horses and Cattle",No MAN,Dechra Veterinary Products,,Xylazine,,"Sedaxylan® 20 mg/ml Solution for Injection for Dogs, Cats, Horses and Cattle",http://www.noahcompendium.co.uk/?id=-475745&aggregatexml=true&absoluteurls=true,N475745,false,
2065c3f2-13b7-4475-a284-bb7e172be40f,2020-05-14 15:42:13.822224,2023-02-26 00:00:17.956398,,Bimectin 1% w/v Solution for Injection,Vm 50146/4002,Bimeda,,Ivermectin,,Bimectin 1% w/v Solution for Injection,http://www.noahcompendium.co.uk/?id=-446824&aggregatexml=true&absoluteurls=true,N446824,false,276.0
2f7fe3f1-a4a9-45c1-879d-a6d385ab37dc,2020-05-14 15:42:42.802192,2021-04-25 00:03:03.215126,,Tetra-Delta,Vm 42058/4152,Zoetis UK Limited,,Dihydrostreptomycin,,Tetra-Delta® Intramammary Suspension,http://www.noahcompendium.co.uk/?id=-458554&aggregatexml=true&absoluteurls=true,N458554,false,82.0
c4b24ff6-472c-40b2-9043-8fef4b5f095a,2020-05-14 15:42:42.858888,2020-10-04 00:02:27.784937,,"Tetroxy Vet 200mg/ml solution for injection for cattle, sheep and pigs",No MAN,Bimeda,,Oxytetracycline Dihydrate,,"Tetroxy Vet 200mg/ml solution for injection for cattle, sheep and pigs",http://www.noahcompendium.co.uk/?id=-464365&aggregatexml=true&absoluteurls=true,N464365,true,
86a9c0a2-3842-4140-a83e-52ee96d86523,2020-05-14 15:42:09.796544,2023-02-26 00:00:16.951016,,Apotil,Vm 36308/4000,Nimrod Veterinary Products Ltd,,Tilmicosin,Subcutaneous,Apotil 300 mg/ml Solution for Injection,http://www.noahcompendium.co.uk/?id=-456335&aggregatexml=true&absoluteurls=true,N456335,true,469.0
9539067c-5aa1-4bd5-a6eb-60116e19dad8,2020-05-14 15:42:15.457514,2020-09-13 00:01:29.139362,,Bovilis Huskvac,Vm 01708/4328.,MSD Animal Health,,Vaccine Antigens,,Bovilis,http://www.noahcompendium.co.uk/?id=-454288&aggregatexml=true&absoluteurls=true,N454288,true,64.0
e407d713-976b-4ad7-a332-6eda14e77bb5,2020-05-14 15:42:08.507831,2023-02-26 00:00:16.170616,,Advocin 2.5%,Vm 42058/4001,Zoetis UK Limited,,Danofloxacin Mesylate,,Advocin® 2.5% Solution for Injection,http://www.noahcompendium.co.uk/?id=-456408&aggregatexml=true&absoluteurls=true,N456408,false,113.0
83e5ae21-2725-4732-be60-5dcd4702834a,2020-05-14 15:42:11.335561,2023-02-26 00:00:17.059035,,Apralan G200 Premix for medicated feeding stuff,No MAN,Elanco UK AH Limited,,Apramycin Sulfate,,Apralan G200 Premix for medicated feeding stuff,http://www.noahcompendium.co.uk/?id=-473038&aggregatexml=true&absoluteurls=true,N473038,true,
e004b500-c2dd-4c26-b862-6f4030db5feb,2020-05-14 15:42:12.190032,2023-02-26 00:00:17.369012,,Aurofac Granular 250 mg/g Premix,Vm 42058/4006,Zoetis UK Limited,,Chlortetracycline Hydrochloride,,Aurofac® Granular 250 mg/g Premix,http://www.noahcompendium.co.uk/?id=-456481&aggregatexml=true&absoluteurls=true,N456481,false,
f1bef1e1-04f4-4db8-8742-d5f491583f8e,2020-05-14 15:42:17.235034,2023-02-26 00:00:19.462277,,Cephaguard DC,V,Virbac Limited,,Cefquinome,,Cephaguard DC 150 mg intramammary ointment,http://www.noahcompendium.co.uk/?id=-460133&aggregatexml=true&absoluteurls=true,N460133,false,
a6deaf4f-2e18-4680-ad3a-ec71a211aa15,2020-05-14 15:42:13.890616,2023-02-26 00:00:18.060909,,"Bimectin Plus,10/100 mg/ml Solution for Injection for Cattle",Vm 50146/4003,Bimeda,,Clorsulon,,"Bimectin Plus, 10/100 mg/ml Solution for Injection for Cattle",http://www.noahcompendium.co.uk/?id=-446863&aggregatexml=true&absoluteurls=true,N446863,false,385.0
f1907e79-d20c-4f18-bb4f-a133130e60ec,2020-05-14 15:42:15.064534,2023-02-26 00:00:18.234716,,Bisolvon,Vm 08327/4290,Boehringer Ingelheim Animal Health UK Ltd,,Bromhexine,Oral,Bisolvon,http://www.noahcompendium.co.uk/?id=-447448&aggregatexml=true&absoluteurls=true,N447448,false,104.0
98d02b88-4641-4901-86ba-cae0d4580b5c,2020-07-05 00:01:51.374279,2023-02-26 00:00:18.873119,,Bovilis® Huskvac,No MAN,MSD Animal Health UK Limited,,Vaccine Antigens,,Bovilis® Huskvac,http://www.noahcompendium.co.uk/?id=-476600&aggregatexml=true&absoluteurls=true,N476600,true,
da12a36b-6d50-4cde-a806-1b9f2185298c,2020-04-19 00:00:10.244992,2023-02-26 00:00:18.983486,,Bovilis® INtranasal RSP™,No MAN,MSD Animal Health UK Limited,,Vaccine Antigens,,"Bovilis® INtranasal RSP™ Live, nasal spray, lyophilisate and solvent for suspension for cattle",http://www.noahcompendium.co.uk/?id=-475208&aggregatexml=true&absoluteurls=true,N475208,true,
7daac09a-cb57-48eb-9e90-0e1a87a6342e,2020-05-14 15:42:17.571508,2023-02-26 00:00:19.850662,,Cevazuril,No MAN,Ceva Animal Health Ltd,,Toltrazuril,,"Cevazuril® 50 mg/ml, oral suspension for piglets and calves.",http://www.noahcompendium.co.uk/?id=-474032&aggregatexml=true&absoluteurls=true,N474032,false,
1126f8fe-5766-4766-a8b3-53cc6c8467f1,2020-05-14 15:42:17.970334,2023-02-26 00:00:20.376668,,CLiK Extra 65 mg/ml Pour-On Suspension for Sheep,No MAN,Elanco UK AH Limited,,Dicyclanil,,CLiK Extra 65 mg/ml Pour-On Suspension for Sheep,http://www.noahcompendium.co.uk/?id=-473192&aggregatexml=true&absoluteurls=true,N473192,false,
c444546d-b4f9-4b74-9022-25369b997b07,2020-05-14 15:42:37.789768,2020-09-13 00:02:17.795593,,Planate,Vm 01708/4579,MSD Animal Health,,Cloprostenol Sodium,Intramuscular,Planate,http://www.noahcompendium.co.uk/?id=-455861&aggregatexml=true&absoluteurls=true,N455861,false,
6846f1f3-3872-476d-893d-4e03f398d0a1,2020-05-14 15:42:18.243440,2023-02-26 00:00:20.957759,,Colvasone Injection,Vm 02000/4009,Norbrook Laboratories Ltd,,Dexamethasone,,Colvasone 0.2% w/v Solution for Injection,http://www.noahcompendium.co.uk/?id=-470629&aggregatexml=true&absoluteurls=true,N470629,false,80.0
9f76bad5-b976-4dd2-b61f-dac0c5614677,2020-05-14 15:42:18.569061,2023-02-26 00:00:21.316993,,Coxevac,No MAN,Ceva Animal Health Ltd,,Vaccine Antigens,,Coxevac® suspension for injection for cattle and goats,http://www.noahcompendium.co.uk/?id=-474060&aggregatexml=true&absoluteurls=true,N474060,false,
ca35bb8e-4dcf-4703-97cd-946465e4b57c,2020-05-14 15:42:18.852454,2023-02-26 00:00:21.686861,,CYDECTIN Solution for Injection for Sheep,Vm 42058/4027,Zoetis UK Limited,,Moxidectin,,CYDECTIN® 1% w/v Solution for Injection for Sheep,http://www.noahcompendium.co.uk/?id=-456793&aggregatexml=true&absoluteurls=true,N456793,false,775.0
b26a808e-51b9-41c3-a3eb-97744b239e03,2020-05-14 15:42:18.777623,2023-02-26 00:00:21.594446,,CYDECTIN Oral Solution for Sheep,Vm 42058/4024,Zoetis UK Limited,,Moxidectin,Oral,CYDECTIN® 0.1% w/v Oral Solution for Sheep,http://www.noahcompendium.co.uk/?id=-456769&aggregatexml=true&absoluteurls=true,N456769,false,130.0
c4db0c51-69e6-4a0b-b23b-a53c013a5bcf,2020-05-14 15:42:21.459505,2023-02-26 00:00:22.859192,,Duphatrim IS Injectable Solution,Vm 42058/4048,Zoetis UK Limited,,Sulfadiazine (Sulphadiazine),,Duphatrim® IS Injectable Solution,http://www.noahcompendium.co.uk/?id=-457137&aggregatexml=true&absoluteurls=true,N457137,false,
4b5181c6-685e-40d0-93cc-f8172f0f8d38,2020-10-04 00:01:46.740814,2023-02-26 00:00:22.716677,,Draxxin Plus,No MAN,Zoetis UK Limited,,Ketoprofen,Subcutaneous,Draxxin Plus 100 mg/ml + 120 mg/ml solution for injection for cattle,http://www.noahcompendium.co.uk/?id=-478627&aggregatexml=true&absoluteurls=true,N478627,false,
fef2b7e4-ea9c-44ea-a452-49c21789b0cd,2020-09-20 00:01:55.138930,2023-02-26 00:00:23.389851,,Engemycin® 10% DD,No MAN,MSD Animal Health UK Limited,,Oxytetracycline Hydrochloride,,Engemycin® 10% DD Solution for injection,http://www.noahcompendium.co.uk/?id=-477018&aggregatexml=true&absoluteurls=true,N477018,false,
f1226a59-241f-455d-93c1-fc208963a371,2020-08-16 00:02:17.789740,2023-02-26 00:00:23.475122,,Engemycin® LA 200 mg/ml,No MAN,MSD Animal Health UK Limited,,Oxytetracycline Dihydrate,,"Engemycin® LA 200 mg/ml, Solution for injection",http://www.noahcompendium.co.uk/?id=-476906&aggregatexml=true&absoluteurls=true,N476906,false,
6e43205b-7615-4211-9ed4-e393b04cb020,2020-09-20 00:01:55.665665,2023-02-26 00:00:23.517878,,"Engemycin® Spray, 25mg/ml",No MAN,MSD Animal Health UK Limited,,Oxytetracycline Hydrochloride,,"Engemycin® Spray, 25mg/ml, cutaneous spray, suspension for cattle, sheep and pigs",http://www.noahcompendium.co.uk/?id=-477741&aggregatexml=true&absoluteurls=true,N477741,false,
317a3145-a2e3-45a0-aa02-eec1123c41a3,2020-05-14 15:42:24.820086,2023-02-26 00:00:24.133608,,Excenel Sterile Powder,No MAN,Zoetis UK Limited,,Ceftiofur,,Excenel® 50 mg/ml Sterile Powder for Solution for Injection,http://www.noahcompendium.co.uk/?id=-457393&aggregatexml=true&absoluteurls=true,N457393,false,
3fab1ba3-8b78-4367-afaa-4ca30486fe9d,2020-05-14 15:42:26.120138,2023-02-26 00:00:24.650964,,Flukiver 5% w/v Oral Suspension,No MAN,Elanco UK AH Limited,,Closantel,,Flukiver 5% w/v Oral Suspension,http://www.noahcompendium.co.uk/?id=-474713&aggregatexml=true&absoluteurls=true,N474713,false,
7dfa2e96-9653-4f80-9307-ff890a36f160,2020-04-19 00:00:11.069998,2023-02-26 00:00:25.057260,,Halocur,No MAN,MSD Animal Health UK Limited,,Halofuginone Lactate,,HALOCUR® 0.5 mg/ml oral solution for calves,http://www.noahcompendium.co.uk/?id=-475236&aggregatexml=true&absoluteurls=true,N475236,true,
ea0270fb-49b1-48e6-9e36-d000dc0fe114,2020-05-14 15:42:28.129431,2022-05-01 00:04:10.051130,,Gestavet 600,V,HIPRA UK & IRELAND LTD,,Gonadotrophin releasing factor (GnRF) analogue,,Gestavet 600,http://www.noahcompendium.co.uk/?id=-452665&aggregatexml=true&absoluteurls=true,N452665,false,
495c7b65-2efd-4516-882b-ab0448d0052c,2020-05-14 15:42:29.299727,2023-02-26 00:00:25.271996,,HydroDoxx 500 mg/g Powder for use in drinking water,V,Huvepharma NV,,Doxycycline Hyclate,,HydroDoxx 500 mg/g Powder for use in drinking water,http://www.noahcompendium.co.uk/?id=-452963&aggregatexml=true&absoluteurls=true,N452963,true,
9d095a7d-3693-4cb9-bf62-8d35f27fe98b,2020-05-14 15:42:29.507793,2023-02-26 00:00:25.495799,,"Inflacam 20mg/ml Injection for cattle, pigs and horses",No MAN,Virbac Limited,,Meloxicam,,"Inflacam 20mg/ml solution for injection for cattle, pigs and horses",http://www.noahcompendium.co.uk/?id=-460465&aggregatexml=true&absoluteurls=true,N460465,false,
7931c170-316d-49b7-854a-7b2dd643fe24,2020-05-14 15:42:31.381659,2023-02-26 00:00:26.384746,,Loxicom LA Injection,No MAN,Norbrook Laboratories Ltd,,Meloxicam,,"Loxicom 20 mg/ml Solution for Injection for Cattle, Pigs and Horses",http://www.noahcompendium.co.uk/?id=-470907&aggregatexml=true&absoluteurls=true,N470907,false,
38fb6868-62a6-4e1d-907c-946e79aea4a8,2020-05-14 15:42:33.213826,2022-10-23 00:00:39.343944,,Multishield DC Intramammary Suspension for Cows,Vm 50146/4005,Bimeda,,Neomycin Sulfate,,Multishield DC Intramammary Suspension for Cows,http://www.noahcompendium.co.uk/?id=-447185&aggregatexml=true&absoluteurls=true,N447185,false,511.0
4d7582cc-c167-4298-9de0-79ab03007856,2020-05-14 15:42:33.640179,2023-02-26 00:00:27.717323,,Noroclav Injection,No MAN,Norbrook Laboratories Ltd,,Amoxicillin,,Noroclav Injection for Cattle and Dogs,http://www.noahcompendium.co.uk/?id=-471046&aggregatexml=true&absoluteurls=true,N471046,false,262.0
1a7aaac1-91b4-4399-b26b-7b6dd93b20dc,2020-05-14 15:42:34.467110,2023-02-26 00:00:28.642239,,Ovivac® P Plus,UK: Vm 01708/4388,MSD Animal Health UK Limited,,Vaccine Antigens,,Ovivac,http://www.noahcompendium.co.uk/?id=-455648&aggregatexml=true&absoluteurls=true,N455648,false,138.0
4eb1544c-cef6-48a0-927c-588ca3d66918,2020-04-19 00:00:11.901485,2023-02-26 00:00:28.166795,,Opticlox Eye Ointment,Vm 02000/4075,Norbrook Laboratories Ltd,,Cloxacillin Benzathine,,Opticlox Eye Ointment 16.7% w/w,http://www.noahcompendium.co.uk/?id=-471200&aggregatexml=true&absoluteurls=true,N471200,false,45.0
b9c079ed-6710-41df-8b36-7c3c3e2aac8a,2020-05-14 15:42:34.625747,2023-02-26 00:00:28.795896,,Panacur AquaSol,UK(NI): EU/2/11/135/002-003,MSD Animal Health UK Limited,,Fenbendazole,,Panacur® AquaSol 200 mg/ml oral suspension for use in drinking water for pigs and chickens,http://www.noahcompendium.co.uk/?id=-455698&aggregatexml=true&absoluteurls=true,N455698,false,
c0311758-9fd5-4d89-aa6d-ffcf9bf08f02,2020-05-14 15:42:36.626843,2023-02-26 00:00:29.394888,,Pharmasin 20mg/g Oral Granules for pigs,V,Huvepharma NV,,Tylosin Phosphate,,Pharmasin 20mg/g Oral Granules for pigs,http://www.noahcompendium.co.uk/?id=-453016&aggregatexml=true&absoluteurls=true,N453016,false,
36c77970-cb73-4016-bdfc-46b8ae8fbc48,2020-05-14 15:42:35.671207,2023-02-26 00:00:29.243635,,Perlium Amoxival,No MAN,Ceva Animal Health Ltd,,Amoxicillin,,Perlium® Amoxival 100 mg/g Premix for Medicated Feeding Stuff for Pigs,http://www.noahcompendium.co.uk/?id=-474407&aggregatexml=true&absoluteurls=true,N474407,false,
0c6e3603-e5e5-445f-b175-b23f2a95810a,2020-05-14 15:42:38.527505,2023-02-26 00:00:29.572753,,Planipart,Vm ,Boehringer Ingelheim Animal Health UK Ltd,,Clenbuterol,,Planipart,http://www.noahcompendium.co.uk/?id=-447738&aggregatexml=true&absoluteurls=true,N447738,false,
38160b4e-33a9-4bf9-97ad-b2d3fc58cdf6,2020-05-14 15:42:38.797931,2023-02-26 00:00:29.916109,,Porcilis® PCV ID,No MAN,MSD Animal Health UK Limited,,Vaccine Antigens,,Porcilis® PCV ID emulsion for injection for pigs,http://www.noahcompendium.co.uk/?id=-461789&aggregatexml=true&absoluteurls=true,N461789,false,
f8d8ce47-49c2-423c-9688-6637079aadcb,2020-05-14 15:42:39.480603,2023-02-26 00:00:30.049268,,Pracetam premix,No MAN,Ceva Animal Health Ltd,,Paracetamol,,Pracetam® 10% premix for medicated feeding stuff for pigs,http://www.noahcompendium.co.uk/?id=-448571&aggregatexml=true&absoluteurls=true,N448571,false,
a88e31df-70e7-4701-b135-87beac26cfdc,2020-05-14 15:42:38.960938,2023-02-26 00:00:30.000741,,Porcilis® PRRS lyophilisate,No MAN,MSD Animal Health UK Limited,,Vaccine Antigens,,Porcilis® PRRS lyophilisate and solvent for suspension for injection for pigs,http://www.noahcompendium.co.uk/?id=-475166&aggregatexml=true&absoluteurls=true,N475166,false,
24ec3483-3396-446a-a6b8-d298fd6210c0,2020-05-14 15:42:39.540147,2023-02-26 00:00:30.107665,,Prellim,Vm 31592/4001,Zoetis UK Limited,,Cloprostenol Sodium,Intramuscular,Prellim® 0.075 mg/ml solution for injection for cattle and pigs,http://www.noahcompendium.co.uk/?id=-458077&aggregatexml=true&absoluteurls=true,N458077,false,433.0
0b194743-335f-4bc4-98ea-4a8cc4746ed8,2020-05-14 15:42:39.826254,2023-02-26 00:00:30.376973,,Receptal®,UK: Vm 01708/4438,MSD Animal Health UK Limited,,Buserelin,,Receptal® 0.004 mg/ml Solution for injection,http://www.noahcompendium.co.uk/?id=-456071&aggregatexml=true&absoluteurls=true,N456071,false,143.0
ac2bd3ff-bc8c-4d6c-8a56-173a83ae158d,2020-05-14 15:42:40.797477,2023-02-26 00:00:31.172107,,Rispoval RS,Vm 42058/4129,Zoetis UK Limited,,Vaccine Antigens,Intramuscular,Rispoval® RS,http://www.noahcompendium.co.uk/?id=-458245&aggregatexml=true&absoluteurls=true,N458245,false,157.0
da305bba-d8cc-4ef9-a7d2-911a8729c87c,2020-05-14 15:42:44.038662,2023-02-26 00:00:33.239452,,Tiamvet,No MAN,Ceva Animal Health Ltd,,Tiamulin Hydrogen Fumarate,,Tiamvet® Solution 12.5% w/v oral solution for use in drinking water,http://www.noahcompendium.co.uk/?id=-474308&aggregatexml=true&absoluteurls=true,N474308,false,
95723047-05e3-433e-ac42-c138fdda844a,2020-05-14 15:42:45.840654,2023-02-26 00:00:34.109655,,Tylan Soluble Powder for oral solution,No MAN,Elanco UK AH Limited,,Tylosin Tartrate,,Tylan Soluble Powder for oral solution,http://www.noahcompendium.co.uk/?id=-472783&aggregatexml=true&absoluteurls=true,N472783,false,
5b3cd830-b330-4260-b008-5ad71bfce86b,2020-05-14 15:42:52.361903,2023-02-26 00:00:34.924923,,"Vetmulin 100g/kg premix for pigs, chickens, turkeys and rabbits",V,Huvepharma NV,,Tiamulin Hydrogen Fumarate,,"Vetmulin 100 g/kg premix for pigs, chickens, turkeys and rabbits",http://www.noahcompendium.co.uk/?id=-453158&aggregatexml=true&absoluteurls=true,N453158,false,
16d3cdaf-34df-4db7-8eee-20bf85cd4b4c,2020-05-14 15:42:53.389887,2023-02-26 00:00:34.990179,,"Vetmulin 450 mg/g granules for use in drinking water for pigs, chickens and turkeys",V,Huvepharma NV,,Tiamulin Hydrogen Fumarate,,"Vetmulin 450 mg/g granules for use in drinking water for pigs, chickens and turkeys",http://www.noahcompendium.co.uk/?id=-453197&aggregatexml=true&absoluteurls=true,N453197,false,
88863b9e-f528-4641-913d-fd367569fe4e,2020-05-14 15:42:54.018185,2023-02-26 00:00:35.020280,,Vetmulin 125mg/ml Oral Solution for use in drinking water for pigs and chickens,V,Huvepharma NV,,Tiamulin Hydrogen Fumarate,,Vetmulin 125mg/ml Oral Solution for use in drinking water for pigs and chickens,http://www.noahcompendium.co.uk/?id=-453171&aggregatexml=true&absoluteurls=true,N453171,false,
afce084a-4d93-484a-8bac-b030bc12f170,2020-05-14 15:42:54.045446,2023-02-26 00:00:35.051814,,Vetrimoxin 50 mg/g Premix,No MAN,Ceva Animal Health Ltd,,Amoxicillin Trihydrate,,Vetrimoxin® 50 mg/g Premix for medicated feeding stuff for pigs,http://www.noahcompendium.co.uk/?id=-469639&aggregatexml=true&absoluteurls=true,N469639,false,
405116b5-b7fd-4f41-b9af-162d07d83403,2020-05-14 15:42:21.383426,2023-02-26 00:00:22.776603,,Duphalyte,Vm 42058/4042,Zoetis UK Limited,,Dexpanthenol,,Duphalyte® Solution for Injection,http://www.noahcompendium.co.uk/?id=-457068&aggregatexml=true&absoluteurls=true,N457068,false,279.0
5b6d6b0e-3b30-48cc-bbef-613793434897,2020-04-05 00:00:05.229487,2023-02-26 00:00:16.029160,,Acegon,Vm 31592/4005,Zoetis UK Limited,,Gonadorelin,Intramuscular,Acegon® 50 micrograms/ml solution for injection for cattle,http://www.noahcompendium.co.uk/?id=-456396&aggregatexml=true&absoluteurls=true,N456396,false,477.0
c531b6b7-b6d2-4ef5-978e-1082ad11562c,2020-05-14 15:42:44.898083,2023-02-26 00:00:33.675038,,Tribex 5% Oral Suspension for Sheep,Vm 11990/4033,Chanelle Pharma,,Triclabendazole,Oral,Tribex 5% Oral Suspension for Sheep,http://www.noahcompendium.co.uk/?id=-449372&aggregatexml=true&absoluteurls=true,N449372,true,306.0
8efab6ca-a989-4f08-b295-779bdbc4d5b3,2020-05-14 15:42:31.516213,2023-02-26 00:00:26.608217,,Mamyzin,Vm 08327/4298,Boehringer Ingelheim Animal Health UK Ltd,,Penethamate Hydriodide,,Mamyzin,http://www.noahcompendium.co.uk/?id=-447584&aggregatexml=true&absoluteurls=true,N447584,false,249.0
80f44659-c18b-4d7f-acf7-2077693e18a8,2022-03-13 00:00:29.110112,2023-02-26 00:00:17.726033,,Baytril Max 100 mg/ml Solution for Injection for Cattle and Pigs,No MAN,Elanco UK AH Limited,,Enrofloxacin,,Baytril Max 100 mg/ml Solution for Injection for Cattle and Pigs,http://www.noahcompendium.co.uk/?id=-479953&aggregatexml=true&absoluteurls=true,N479953,false,
d66ff6bd-9ffb-4f20-9966-b3e46971eec6,2020-05-14 15:42:32.115590,2023-02-26 00:00:26.717853,,Marbonor Injection,Vm 02000/4331,Norbrook Laboratories Ltd,,Marbofloxacin,,Marbonor 100 mg/ml Solution for Injection for Cattle and Pig,http://www.noahcompendium.co.uk/?id=-470963&aggregatexml=true&absoluteurls=true,N470963,false,530.0
9e374bea-f67c-40ca-9f7f-b4b6b8b8b099,2022-03-13 00:00:28.794803,2023-02-26 00:00:17.465104,,Baycox Iron 36 mg/ml+ 182 mg/ml suspension for injection for piglets,No MAN,Elanco UK AH Limited,,Gleptoferron,,Baycox Iron 36 mg/ml+ 182 mg/ml suspension for injection for piglets,http://www.noahcompendium.co.uk/?id=-479215&aggregatexml=true&absoluteurls=true,N479215,false,
e554e17a-1fe6-409d-8887-73b4ffd14434,2020-05-14 15:42:09.715365,2023-02-26 00:00:16.831804,,Animec Oral for Sheep,V,Chanelle Pharma,,Ivermectin,Oral,Animec Oral for Sheep,http://www.noahcompendium.co.uk/?id=-448952&aggregatexml=true&absoluteurls=true,N448952,true,
4d32a212-dfdd-4455-9144-318a9a803783,2020-05-14 15:42:29.820655,2023-02-26 00:00:25.785976,,Ivomec Super Injection,Vm 08327/4167,Boehringer Ingelheim Animal Health UK Ltd,,Clorsulon,,Ivomec Super Injection for Cattle,http://www.noahcompendium.co.uk/?id=-453744&aggregatexml=true&absoluteurls=true,N453744,false,190.0
dfe40c94-af69-45e7-a714-822efbb4ed12,2020-04-19 00:00:12.124214,2023-02-26 00:00:28.988144,,Paramectin Multi Injection,Vm 02000/4261,Norbrook Laboratories Ltd,,Ivermectin,,"Paramectin Multi Injection 1% w/v Solution for Injection for Cattle, Sheep and Pigs",http://www.noahcompendium.co.uk/?id=-471242&aggregatexml=true&absoluteurls=true,N471242,false,356.0
446d0ae2-2589-49a5-b803-717a512af803,2020-05-14 15:42:22.773253,2023-02-26 00:00:23.189210,,Eficur,V,HIPRA UK & IRELAND LTD,,Ceftiofur,,Eficur,http://www.noahcompendium.co.uk/?id=-452625&aggregatexml=true&absoluteurls=true,N452625,false,
85f100d2-2e8b-4e01-af4d-464e87403ccc,2022-03-13 00:00:32.722667,2023-02-26 00:00:22.476342,,"DINALGEN 150 mg/ml solution for injection for cattle, pigs and horses",No MAN,Elanco UK AH Limited,,Ketoprofen,,"DINALGEN 150 mg/ml solution for injection for cattle, pigs and horses",http://www.noahcompendium.co.uk/?id=-480362&aggregatexml=true&absoluteurls=true,N480362,false,
d09a3fb6-5626-46da-af04-b30515fa4b13,2022-07-31 00:00:37.011757,2023-02-26 00:00:24.314575,,Fencovis,No MAN,Boehringer Ingelheim Animal Health UK Ltd,,Vaccine Antigens,,Fencovis suspension for injection,http://www.noahcompendium.co.uk/?id=-481187&aggregatexml=true&absoluteurls=true,N481187,false,
87d0125a-2578-4b56-bd74-1c86faee5610,2022-04-24 00:00:36.046690,2023-02-26 00:00:25.244946,,Huvamox,No MAN,Huvepharma NV,,Amoxicillin Trihydrate,,Huvamox,http://www.noahcompendium.co.uk/?id=-479411&aggregatexml=true&absoluteurls=true,N479411,false,
0d8deb58-e993-47f5-aaf8-a998c9f842bb,2020-05-14 15:42:29.855549,2022-10-09 00:00:46.246994,,Kefloril,Vm 08007/4123,Vetoquinol UK Ltd,,Florfenicol,,Kefloril 300mg/ml Solution for injection for cattle and pigs,http://www.noahcompendium.co.uk/?id=-459515&aggregatexml=true&absoluteurls=true,N459515,false,806.0
8e53e3ac-7d5d-4979-a5f8-1427458f851a,2020-05-14 15:42:09.504752,2023-02-26 00:00:16.671731,,Amfipen® LA,No MAN,MSD Animal Health UK Limited,,Ampicillin,,Amfipen® LA 100 mg/ml suspension for injection,http://www.noahcompendium.co.uk/?id=-454147&aggregatexml=true&absoluteurls=true,N454147,false,20.0
daa19727-9915-4442-9402-b919541f458f,2020-05-14 15:42:41.045285,2023-02-26 00:00:31.514198,,Salmoporc® oral suspension,No MAN,Ceva Animal Health Ltd,,Vaccine Antigens,,"Salmoporc®, lyophilisate for oral suspension for pigs",http://www.noahcompendium.co.uk/?id=-476114&aggregatexml=true&absoluteurls=true,N476114,false,
8bf761c5-e29c-4478-8b6c-782ed82ff3d2,2021-03-28 00:00:28.430948,2023-02-26 00:00:29.141498,,Parofor Crypto (sheep & goats),No MAN,Huvepharma NV,,Paromomycin sulphate,,Parofor crypto 140 000 IU/ml oral solution for sheep and goats,http://www.noahcompendium.co.uk/?id=-479131&aggregatexml=true&absoluteurls=true,N479131,false,
67fdfe53-6e83-4bc7-b0c1-8cf5c5528ae1,2020-05-14 15:42:41.072200,2023-02-26 00:00:31.572719,,Scabivax® Forte,UK: Vm 01708/4584,MSD Animal Health UK Limited,,Vaccine Antigens,,Scabivax® Forte,http://www.noahcompendium.co.uk/?id=-456135&aggregatexml=true&absoluteurls=true,N456135,false,319.0
311b2f89-8ea1-4248-bfe2-a243988df11c,2020-05-14 15:42:49.965075,2023-02-26 00:00:34.653079,,Veticop 20 mg/ml Suspension for Injection,Vm 12828/4001,Bimeda,,Copper,,Veticop 20 mg/ml Suspension for Injection,http://www.noahcompendium.co.uk/?id=-447384&aggregatexml=true&absoluteurls=true,N447384,true,158.0
60901295-f6a5-4ac4-a633-9f5d121a00c0,2022-04-24 00:00:43.203418,2023-02-26 00:00:32.431308,,Suiseng Coli / C,UK(GB): Vm17533/4020,HIPRA UK & IRELAND LTD,,Vaccine Antigens,,Suiseng Coli / C for Injection in Pigs,http://www.noahcompendium.co.uk/?id=-481094&aggregatexml=true&absoluteurls=true,N481094,false,
db9385be-d3cc-43f3-a63f-0d3804143229,2022-04-24 00:00:44.302900,2023-02-26 00:00:33.771613,,Tulaven® 25 mg/ml solution for injection for pigs,No MAN,Ceva Animal Health Ltd,,Tulathromycin,,Tulaven® 25 mg/ml solution for injection for pigs,http://www.noahcompendium.co.uk/?id=-479439&aggregatexml=true&absoluteurls=true,N479439,false,
f69ec604-c280-434a-92b2-48b7cf0919c1,2020-06-29 09:39:45.364819,2020-07-21 09:40:33.809206,,Molemec Injection for Cattle and Sheep 10 mg/ml Solution,Molemec Injection for Cattle and Sheep 10 mg/ml Solution for Injection,Molevalley,,Ivermectin,,Molemec Injection for Cattle and Sheep 10 mg/ml Solution for Injection,http://www.breedr.co,BR000003,false,
42e50018-0332-4806-830f-f819e76f24d5,2020-05-14 15:42:15.157505,2021-04-25 00:01:55.564009,,Bovaclox DC,Vm 02000/4046,Norbrook Laboratories Ltd,,Ampicillin,,Bovaclox DC Intramammary Suspension,http://www.noahcompendium.co.uk/?id=-470419&aggregatexml=true&absoluteurls=true,N470419,false,99.0
5b14dbb4-81ec-4c1c-8f63-eb975b998839,2020-05-14 15:42:42.288094,2023-02-26 00:00:32.393768,,Stresnil 40 mg/ml Solution for Injection for Pigs,No MAN,Elanco UK AH Limited,,Azaperone,,Stresnil 40 mg/ml Solution for Injection for Pigs,http://www.noahcompendium.co.uk/?id=-472797&aggregatexml=true&absoluteurls=true,N472797,false,
826404e3-10a3-433d-9630-d486023aaabe,2020-05-14 15:42:30.360163,2023-02-26 00:00:18.707779,,Bovilis Leptavoid® -H,UK: Vm 01708/4568,MSD Animal Health UK Limited,,Vaccine Antigens,,Bovilis Leptavoid® -H Suspension for injection for cattle,http://www.noahcompendium.co.uk/?id=-454914&aggregatexml=true&absoluteurls=true,N454914,false,917.0
b0840599-a3c6-453c-89ff-e6713e962f4c,2020-05-14 15:42:18.137026,2023-02-26 00:00:20.858561,,Cobactan® MC,UK: Vm 01708/4444,MSD Animal Health UK Limited,,Cefquinome,,Cobactan® MC Intramammary suspension 75 mg Milking cow,http://www.noahcompendium.co.uk/?id=-454493&aggregatexml=true&absoluteurls=true,N454493,false,161.0
f269eb3d-e4bb-499d-964b-70f7137db893,2020-05-14 15:42:18.039714,2023-02-26 00:00:20.466562,,Closamectin Pour On,Vm 02000/4280,Norbrook Laboratories Ltd,,Closantel,,Closamectin 5 mg/ml + 200 mg/ml Pour-on Solution for Cattle,http://www.noahcompendium.co.uk/?id=-470615&aggregatexml=true&absoluteurls=true,N470615,false,415.0
3556de1d-44a2-452c-9638-94c91da247e0,2020-04-19 00:00:12.438728,2023-02-26 00:00:32.101318,,Spotinor Spot-on,Vm 02000/4381,Norbrook Laboratories Ltd,,Deltamethrin,,Spotinor 10 mg/ml Spot-on Solution for Cattle and Sheep,http://www.noahcompendium.co.uk/?id=-471312&aggregatexml=true&absoluteurls=true,N471312,false,584.0
f4f33db5-86dc-42a8-b5a4-b5651a843dbd,2020-05-14 15:42:09.345173,2023-02-26 00:00:16.494610,,Albex 2.5% SC Oral Suspension,Vm 11990/4015.,Chanelle Pharma,,Albendazole,Oral,Albex™ 2.5% w/v SC Oral Suspension,http://www.noahcompendium.co.uk/?id=-448920&aggregatexml=true&absoluteurls=true,N448920,true,126.0
154ffe9d-f0ae-426a-9c2b-fbf6a40e224b,2020-05-14 15:42:39.751451,2020-09-06 00:03:52.605014,,"Quiflor 20mg Injection for Cattle, Pigs & Dogs",No MAN,Krka UK Ltd,,Marbofloxacin,,"Quiflor 20mg Injection for Cattle, Pigs & Dogs",http://www.noahcompendium.co.uk/?id=-468497&aggregatexml=true&absoluteurls=true,N468497,false,
2f912202-43c5-4acc-b985-105fcca1657d,2020-05-14 15:42:40.869288,2023-02-26 00:00:31.273069,,Rispoval Pasteurella,Vm 42058/4128,Zoetis UK Limited,,Vaccine Antigens,Intramuscular,Rispoval® Pasteurella,http://www.noahcompendium.co.uk/?id=-458234&aggregatexml=true&absoluteurls=true,N458234,false,229.0
f0fe243f-cb2e-44c6-af7b-3d67ed9fcf43,2020-04-19 00:00:12.036694,2020-09-06 00:03:37.382196,,Parafend 2.265%,Vm 02000/4119,Norbrook Laboratories Ltd,,Oxfendazole,,Parafend 2.265% w/v Oral Suspension,http://www.noahcompendium.co.uk/?id=-471214&aggregatexml=true&absoluteurls=true,N471214,false,25.0
95facc6c-b7b1-45ee-ae66-bcbc305f7c36,2020-05-14 15:42:15.555387,2020-07-05 00:01:51.073739,,Bovilis Ringvac,Vm 06376/4048,MSD Animal Health,,Vaccine Antigens,,Bovilis,http://www.noahcompendium.co.uk/?id=-454327&aggregatexml=true&absoluteurls=true,N454327,false,
aff05d96-ab69-47c0-874d-13aad660bd68,2020-04-19 00:00:10.099839,2021-04-25 00:01:52.988779,,"Baycox Multi 50 mg/ml oral suspension for Cattle, Pigs and Sheep",No MAN,Elanco UK AH Limited,,Toltrazuril,Oral,"Baycox® Multi 50 mg/ml oral suspension for Cattle, Pigs and Sheep",http://www.noahcompendium.co.uk/?id=-471675&aggregatexml=true&absoluteurls=true,N471675,false,
87514935-83ca-46e6-9661-89c4c93f5212,2020-05-14 15:42:13.650274,2021-04-25 00:01:53.950721,,Baytril Piglet Doser,No MAN,Elanco UK AH Limited,,Enrofloxacin,Oral,Baytril® Piglet Doser 0.5% Oral Solution,http://www.noahcompendium.co.uk/?id=-446435&aggregatexml=true&absoluteurls=true,N446435,false,
00cb480a-6723-4cf9-80f2-70d2b7d68c21,2020-05-14 15:42:15.368143,2023-02-26 00:00:18.628655,,Bovex 2.265% Oral Suspension,Vm 11990/4008.,Chanelle Pharma,,Oxfendazole,Oral,Bovex™ 2.265% Oral Suspension,http://www.noahcompendium.co.uk/?id=-449024&aggregatexml=true&absoluteurls=true,N449024,true,106.0
615e20ce-cc5f-4f5d-9cc6-18e801d87043,2020-05-14 15:42:15.427710,2023-02-26 00:00:18.837833,,Bovilis® BVD Suspension,No MAN,MSD Animal Health UK Limited,,Vaccine Antigens,,Bovilis® BVD Suspension for Injection for Cattle,http://www.noahcompendium.co.uk/?id=-466527&aggregatexml=true&absoluteurls=true,N466527,false,
501d4ee2-6062-4abb-bf3a-c69759e3fef6,2020-05-14 15:42:15.524430,2023-02-26 00:00:18.949888,,Bovilis IBR marker live,No MAN,MSD Animal Health UK Limited,,Vaccine Antigens,,Bovilis® IBR Marker Live lyophilisate and solvent for suspension for cattle,http://www.noahcompendium.co.uk/?id=-454313&aggregatexml=true&absoluteurls=true,N454313,false,294.0
c1cf5ffd-2de5-4550-9464-d029808395dd,2020-05-14 15:42:17.745520,2023-02-26 00:00:20.040465,,Chronogest CR,UK: Vm 01708/4621,MSD Animal Health UK Limited,,Flugestone Acetate,,Chronogest CR® 20 mg controlled release vaginal sponge for sheep.,http://www.noahcompendium.co.uk/?id=-454454&aggregatexml=true&absoluteurls=true,N454454,false,345.0
2f481fae-0993-4742-864b-dd176b376dd2,2020-08-16 00:02:04.655089,2023-02-26 00:00:19.279009,,Butox® Swish,No MAN,MSD Animal Health UK Limited,,Deltamethrin,,Butox® Swish Pour-on Suspension 0.75% w/v,http://www.noahcompendium.co.uk/?id=-476878&aggregatexml=true&absoluteurls=true,N476878,false,
b9b9c499-e9e7-4a48-898e-4fb0c8cf1014,2020-05-14 15:42:17.533288,2023-02-26 00:00:19.799885,,Cevaxel-RTU,No MAN,Ceva Animal Health Ltd,,Ceftiofur,,"Cevaxel®-RTU 50 mg/ml, suspension for injection for cattle and pigs",http://www.noahcompendium.co.uk/?id=-474018&aggregatexml=true&absoluteurls=true,N474018,false,
60a8a39f-143a-4fb0-a03b-9094a44dc6f6,2020-05-14 15:42:17.825627,2023-02-26 00:00:20.206081,,Circovac,UK (NI): EU/2/07/075/001-010,Ceva Animal Health Ltd,,Vaccine Antigens,,Circovac® emulsion and suspension for emulsion for injection for pigs,http://www.noahcompendium.co.uk/?id=-453385&aggregatexml=true&absoluteurls=true,N453385,false,
87cf9465-9daf-4137-b0ae-3bc2dc0fde74,2020-05-14 15:42:18.536418,2023-02-26 00:00:21.273213,,Covexin 8,Vm 42058/4023,Zoetis UK Limited,,Vaccine Antigens,,Covexin® 8,http://www.noahcompendium.co.uk/?id=-456734&aggregatexml=true&absoluteurls=true,N456734,false,245.0
4d3cd6a5-7d8b-4e8a-99c0-c9fe6275e777,2020-05-14 15:42:21.491733,2023-02-26 00:00:22.894577,,Dycoxan,No MAN,Chanelle Pharma,,Diclazuril,Oral,Dycoxan 2.5 mg/ml Oral Suspension for sheep and cattle,http://www.noahcompendium.co.uk/?id=-475484&aggregatexml=true&absoluteurls=true,N475484,true,
98ec78a1-031e-4f60-b97c-14a2957fbb85,2020-05-14 15:42:19.265842,2023-02-26 00:00:22.169753,,Denagard 12.5% w/v Concentrate for Oral Solution,No MAN,Elanco UK AH Limited,,Tiamulin Hydrogen Fumarate,,Denagard 12.5% w/v Concentrate for Oral Solution,http://www.noahcompendium.co.uk/?id=-473094&aggregatexml=true&absoluteurls=true,N473094,false,
07f383ff-8c7b-4843-adf5-07366c580a9b,2020-05-14 15:42:19.289763,2021-04-25 00:02:08.102470,,Denagard 80% w/w Premix,No MAN,Elanco UK AH Limited,,Tiamulin Hydrogen Fumarate,,"Denagard 80% w/w Premix for Medicated Feed for Pigs, Chickens and Turkeys",http://www.noahcompendium.co.uk/?id=-473150&aggregatexml=true&absoluteurls=true,N473150,false,
cde048c6-d20a-40fd-8a7d-5097289d3768,2020-05-14 15:42:19.481344,2023-02-26 00:00:22.342247,,Dexafort®,UK: Vm 01708/4324,MSD Animal Health UK Limited,,Dexamethasone,,Dexafort® suspension for injection,http://www.noahcompendium.co.uk/?id=-454569&aggregatexml=true&absoluteurls=true,N454569,false,76.0
d691231a-2b32-4f04-bc88-f6dc21d477c6,2020-05-14 15:42:21.214146,2023-02-26 00:00:22.606849,,Doxx-Sol 500mg/g powder,Vm 30282/4022,Huvepharma NV,,Doxycycline Hyclate,,Doxx-Sol 500mg/g powder,http://www.noahcompendium.co.uk/?id=-452935&aggregatexml=true&absoluteurls=true,N452935,false,603.0
0e1665aa-fd6a-41e3-859f-03d89c7315c2,2020-05-14 15:42:25.323202,2023-02-26 00:00:24.534496,,Flimabend 100mg Suspension for Pigs & Chickens,No MAN,Krka UK Ltd,,Flubendazole,,Flimabend 100mg Suspension for Pigs & Chickens,http://www.noahcompendium.co.uk/?id=-468315&aggregatexml=true&absoluteurls=true,N468315,false,
94e432d0-ec43-4b24-a02c-f2b1576eb32a,2020-05-14 15:42:23.079014,2023-02-26 00:00:23.353157,,Endospec SC 2.5% w/v Oral Suspension,Vm 50146/4030,Bimeda,,Albendazole,,Endospec SC 2.5% w/v Oral Suspension,http://www.noahcompendium.co.uk/?id=-447048&aggregatexml=true&absoluteurls=true,N447048,false,128.0
13e1ee5a-4a83-4c99-a0d6-047222f16470,2020-08-16 00:02:17.613617,2023-02-26 00:00:23.432511,,Engemycin® 10% Farm Pack,No MAN,MSD Animal Health UK Limited,,Oxytetracycline Hydrochloride,,Engemycin® 10% Farm Pack Solution for injection,http://www.noahcompendium.co.uk/?id=-476864&aggregatexml=true&absoluteurls=true,N476864,false,
58bfad17-a572-4ab1-b9ea-d25d810360ab,2020-05-14 15:42:24.969984,2023-02-26 00:00:24.213699,,Fasimec Duo 50 mg/ml + 1 mg/ml oral suspension for sheep.,No MAN,Elanco UK AH Limited,,Triclabendazole,,Fasimec Duo 50 mg/ml + 1 mg/ml oral suspension for sheep.,http://www.noahcompendium.co.uk/?id=-474102&aggregatexml=true&absoluteurls=true,N474102,false,
d2f78589-316a-469b-b3c5-9f75624b16d1,2020-05-14 15:42:25.079183,2023-02-26 00:00:24.272500,,"Fasinex 240, 24% w/v Oral Suspension for Cattle.",No MAN,Elanco UK AH Limited,,Triclabendazole,,"Fasinex 240, 24% w/v Oral Suspension for Cattle.",http://www.noahcompendium.co.uk/?id=-474699&aggregatexml=true&absoluteurls=true,N474699,false,
634de0b0-bf5c-4161-a021-2a8def217209,2020-05-14 15:42:23.275868,2023-02-26 00:00:23.568274,,Enovex Pour-On,Vm 02000/4191,Norbrook Laboratories Ltd,,Ivermectin,,Enovex 0.5% w/v Pour-On Solution for Cattle,http://www.noahcompendium.co.uk/?id=-470685&aggregatexml=true&absoluteurls=true,N470685,false,268.0
472868e6-f9d0-488c-9bb9-a32453888392,2020-05-14 15:42:24.404363,2023-02-26 00:00:23.715307,,Enzaprost 5 mg/ml,No MAN,Ceva Animal Health Ltd,,Dinoprost,,Enzaprost® 5 mg/ml Solution for injection for cattle and pig,http://www.noahcompendium.co.uk/?id=-472741&aggregatexml=true&absoluteurls=true,N472741,false,
3517dd36-e543-4b10-aaff-8772206d80c2,2020-05-14 15:42:24.794038,2023-02-26 00:00:24.108297,,Euthoxin 500 mg/ml solution for injection,No MAN,Chanelle Pharma,,Pentobarbital Sodium,,Euthoxin 500 mg/ml solution for injection,http://www.noahcompendium.co.uk/?id=-466606&aggregatexml=true&absoluteurls=true,N466606,true,
c31b385d-1a46-437c-b405-8817fac340d6,2020-05-14 15:42:26.084569,2023-02-26 00:00:24.618716,,Flubenol 5 % w/w Premix,No MAN,Elanco UK AH Limited,,Flubendazole,,Flubenol 5 % w/w Premix for Medicated Feeding Stuff,http://www.noahcompendium.co.uk/?id=-472909&aggregatexml=true&absoluteurls=true,N472909,false,
4611129a-62f7-4496-901f-2c8200964fd5,2020-05-14 15:42:26.730788,2023-02-26 00:00:24.759900,,Folltropin 700,Vm 08007/4145,Vetoquinol UK Ltd,,Follicle Stimulating Hormone (FSH),Intramuscular,Folltropin 700 IU Powder and Solvent for solution for injection,http://www.noahcompendium.co.uk/?id=-459440&aggregatexml=true&absoluteurls=true,N459440,false,336.0
98c339b7-8e9e-47e2-b087-bbf2ca909145,2020-05-14 15:42:28.817551,2023-02-26 00:00:25.134868,,Hexasol LA,Vm 02000/4152,Norbrook Laboratories Ltd,,Flunixin Meglumine,,Hexasol LA Solution for Injection for Cattle,http://www.noahcompendium.co.uk/?id=-470767&aggregatexml=true&absoluteurls=true,N470767,false,248.0
6fe51172-5d39-422b-8fbb-47fb3476878f,2020-05-14 15:42:29.659148,2023-02-26 00:00:25.643176,,Inmeva,No MAN,HIPRA UK & IRELAND LTD,,Vaccine Antigens,,Inmeva Suspension for Injection,http://www.noahcompendium.co.uk/?id=-474449&aggregatexml=true&absoluteurls=true,N474449,false,
90dfc584-7256-4592-8ca5-765674a6a3af,2020-05-14 15:42:32.192296,2023-02-26 00:00:26.792646,,Mastiplan® LC,UK: Vm 01708/4534,MSD Animal Health UK Limited,,Cephapirin,,"Mastiplan® LC, 300mg/20mg (Cefapirin/Prednisolone), intramammary suspension for lactating cows",http://www.noahcompendium.co.uk/?id=-454976&aggregatexml=true&absoluteurls=true,N454976,false,376.0
8d33da91-f87c-4508-a331-35ad2c8b1a3f,2020-05-14 15:42:32.664301,2023-02-26 00:00:27.301698,,Multiject Intramammary,No MAN,Norbrook Laboratories Ltd,,Neomycin Sulfate,,Multiject IMM Intramammary Suspension,http://www.noahcompendium.co.uk/?id=-470991&aggregatexml=true&absoluteurls=true,N470991,false,
440e3575-3e36-465d-818c-43d03e8700ff,2020-04-19 00:00:11.742613,2023-02-26 00:00:27.669386,,Norocillin Injection,Vm 02000/4099,Norbrook Laboratories Ltd,,Procaine Penicillin,,Norocillin 30% w/v Suspension for Injection,http://www.noahcompendium.co.uk/?id=-471032&aggregatexml=true&absoluteurls=true,N471032,false,187.0
33a6a492-eb6f-4da4-8c05-f9549f896a9a,2020-07-05 00:02:36.893833,2023-02-26 00:00:29.771377,,Porcilis?® Ery+Parvo,No MAN,MSD Animal Health UK Limited,,Vaccine Antigens,,Porcilis?® Ery+Parvo suspension for injection for pigs,http://www.noahcompendium.co.uk/?id=-476572&aggregatexml=true&absoluteurls=true,N476572,true,
d3f798e9-cb2c-42b9-85c2-e11fd3304478,2020-05-14 15:42:38.914771,2023-02-26 00:00:29.800674,,Porcilis?® Ery+Parvo+Lepto,No MAN,MSD Animal Health UK Limited,,Vaccine Antigens,,Porcilis?® Ery+Parvo+Lepto,http://www.noahcompendium.co.uk/?id=-464403&aggregatexml=true&absoluteurls=true,N464403,false,
077e682f-5380-474f-ab7c-3af728b84a65,2020-07-05 00:02:38.829995,2023-02-26 00:00:30.281961,,Pyroflam,No MAN,Norbrook Laboratories Ltd,,Flunixin Meglumine,,"Pyroflam 50 mg/ml Solution for Injection for Cattle, Horses and Pigs",http://www.noahcompendium.co.uk/?id=-472121&aggregatexml=true&absoluteurls=true,N472121,false,
35fe3434-9ffd-4105-aa36-b2ce732bdebe,2020-05-14 15:42:41.146627,2023-02-26 00:00:31.664378,,Selectan,V,HIPRA UK & IRELAND LTD,,Florfenicol,,Selectan,http://www.noahcompendium.co.uk/?id=-452786&aggregatexml=true&absoluteurls=true,N452786,false,
41d91e66-ba8d-432f-9e4b-19abaa315814,2020-08-16 00:02:46.449620,2023-02-26 00:00:32.304515,,STENOROL CRYPTO 0.5 mg/ml oral solution for calves,No MAN,Huvepharma NV,,Halofuginone Lactate,Oral,STENOROL CRYPTO 0.5 mg/ml oral solution for calves,http://www.noahcompendium.co.uk/?id=-476920&aggregatexml=true&absoluteurls=true,N476920,false,
e7f909c2-0770-4965-8fc5-ae055fc747ca,2020-05-14 15:42:41.359440,2023-02-26 00:00:31.990183,,Spasmium Comp. Injection,No MAN,Chanelle Pharma,,Hyoscine Butylbromide,,Spasmium Comp. 500 mg/ml + 4 mg/ml Solution for Injection,http://www.noahcompendium.co.uk/?id=-463780&aggregatexml=true&absoluteurls=true,N463780,true,
389e9a9b-cd8e-4df8-b241-afadd8d0816c,2020-05-14 15:42:44.068303,2023-02-26 00:00:33.274912,,Tilmovet 100 g/kg Premix for medicated feeding stuff for pigs and rabbits,V,Huvepharma NV,,Tilmicosin,,Tilmovet 100 g/kg Premix for medicated feeding stuff for pigs and rabbits,http://www.noahcompendium.co.uk/?id=-453106&aggregatexml=true&absoluteurls=true,N453106,false,
d8171ff5-8df0-42cc-8152-5acc5099648b,2020-05-14 15:42:44.012314,2023-02-26 00:00:33.207426,,"Tialin Solution for Use in Drinking Water for Pigs, Chickens and Turkeys",No MAN,Dechra Veterinary Products,,Tiamulin Hydrogen Fumarate,,"Tialin® Solution for Use in Drinking Water for Pigs, Chickens and Turkeys",http://www.noahcompendium.co.uk/?id=-471984&aggregatexml=true&absoluteurls=true,N471984,false,
405e1439-9799-4e77-9068-7319bcc5ad2f,2020-05-14 15:42:48.079823,2021-03-28 00:00:34.493668,,Ubro Yellow,No MAN,Boehringer Ingelheim Animal Health UK Ltd,,Dihydrostreptomycin Sulfate,,Ubro Yellow,http://www.noahcompendium.co.uk/?id=-447863&aggregatexml=true&absoluteurls=true,N447863,false,
b99775d6-96aa-4e51-9e68-ab0d0556eafa,2020-05-14 15:42:54.141116,2023-02-26 00:00:35.184801,,VIRBAGEST 4 mg/ml oral solution for pigs,V,Virbac Limited,,Altrenogest,,VIRBAGEST 4 mg/ml oral solution for pigs,http://www.noahcompendium.co.uk/?id=-460835&aggregatexml=true&absoluteurls=true,N460835,false,
9d194ca7-87d1-428d-987c-760388b82390,2020-09-27 00:01:28.272307,2021-04-25 00:01:49.688921,,Albex Advance 200 mg/ml oral suspension for cattle,No MAN,Chanelle Pharma,,Albendazole,Oral,Albex Advance 200 mg/ml oral suspension for cattle,http://www.noahcompendium.co.uk/?id=-472039&aggregatexml=true&absoluteurls=true,N472039,true,
4d514eb7-a767-476f-b67d-f434ef9b8028,2022-11-20 00:00:27.202825,2023-02-26 00:00:25.669925,,"Isovet Inhalation Vapour, Liquid",Vm 37071/4000,Chanelle Pharma,,Isoflurane,,"Iso-Vet 1000 mg/g Inhalation Vapour, liquid",http://www.noahcompendium.co.uk/?id=-449204&aggregatexml=true&absoluteurls=true,N449204,true,
8e86c63f-1fe8-4937-a3e8-dda3ce41815f,2020-06-29 09:19:02.636631,2020-07-21 09:40:59.085179,,Eprimole 2.5L,Eprimole 2.5L,Molevalley,,Ivermectin,,Eprimole 2.5L Molemec Pour-On for Cattle 5 mg/ml Pour-On Solution,http://www.breedr.co,BR000006,false,
2660e747-e7ac-4b81-ab91-2d330b68f676,2022-04-24 00:00:33.691875,2023-02-26 00:00:23.062037,,Ecomectin 10 mg/ml Solution for Injection,No MAN,ECO Animal Health Ltd,,Ivermectin,,Ecomectin 10 mg/ml Solution for Injection,http://www.noahcompendium.co.uk/?id=-480076&aggregatexml=true&absoluteurls=true,N480076,true,
352e4966-a5e2-4cc6-a05f-b223fb051253,2020-04-19 00:00:11.832084,2023-02-26 00:00:27.931347,,Noromectin Multi Injection,No MAN,Norbrook Laboratories Ltd,,Ivermectin,,Noromectin 1% w/v Multi Injection Solution for Injection,http://www.noahcompendium.co.uk/?id=-471130&aggregatexml=true&absoluteurls=true,N471130,false,258.0
0392031e-2baa-4032-b2ab-21e71936800c,2020-06-29 09:29:48.141667,2020-07-21 09:40:24.792108,,MoleEcto Pour-On for Sheep,MoleEcto Pour-On for Sheep,Molevalley,,Cypermethrin,,MoleEcto Pour-On for Sheep,http://www.breedr.co,BR000002,false,
6b13bbfc-d014-4944-984f-c62081e83590,2020-05-14 15:42:52.293445,2023-02-26 00:00:34.835694,,Vetivex 3 (Sodium Chloride 0.9% w/v and Glucose 5 % w/v Infusion BP),Vm 10434/4055,Dechra Veterinary Products,,Glucose Monohydrate,,Vetivex® 3 (Sodium Chloride 0.9% w/v and Glucose 5 % w/v Infusion BP),http://www.noahcompendium.co.uk/?id=-450333&aggregatexml=true&absoluteurls=true,N450333,false,214.0
80fc87e6-78ba-4026-a503-94a7c7c48241,2020-06-29 09:46:18.007327,2020-07-21 09:41:19.572627,,Molemec Drench for Sheep 0.8 mg/ml Oral Solution,Molemec Drench for Sheep 0.8 mg/ml Oral Solution,Molevalley,,Ivermectin,,Molemec Drench for Sheep 0.8 mg/ml Oral Solution,http://www.breedr.co,BR000008,false,
8f3c9057-5b50-41ca-a710-9be2388f3534,2020-05-14 15:42:09.619135,2022-10-16 00:00:29.978068,,Amoxypen® LA,No MAN,MSD Animal Health UK Limited,,Amoxicillin Trihydrate,,"Amoxypen® LA 150 mg/ml, suspension for injection",http://www.noahcompendium.co.uk/?id=-465632&aggregatexml=true&absoluteurls=true,N465632,false,
742fb18b-5406-4ba4-8e66-6a6dbc9406b0,2020-05-14 15:42:24.564518,2023-02-26 00:00:23.839363,,Eprinex,Vm 08327/4157,Boehringer Ingelheim Animal Health UK Ltd,,Eprinomectin,,Eprinex Pour-On for Beef and Dairy Cattle,http://www.noahcompendium.co.uk/?id=-453414&aggregatexml=true&absoluteurls=true,N453414,false,166.0
7a0ce4da-4be2-43f6-84af-6734a7f84421,2020-05-14 15:42:38.693223,2020-06-21 00:02:17.092674,,Porcilis Ery + Parvo,Vm 01708/4334,MSD Animal Health,,Vaccine Antigens,,Porcilis,http://www.noahcompendium.co.uk/?id=-455952&aggregatexml=true&absoluteurls=true,N455952,false,
214a389f-2410-43d6-a474-1e04fdf8ba88,2020-05-14 15:42:26.795888,2023-02-26 00:00:24.854531,,Forcyl for Cattle,Vm 08007/4130,Vetoquinol UK Ltd,,Marbofloxacin,,Forcyl 160 mg/ml Solution for Injection for Cattle,http://www.noahcompendium.co.uk/?id=-459452&aggregatexml=true&absoluteurls=true,N459452,false,473.0
7cefd9df-8a11-4eb7-a203-8b020663e3a2,2020-04-19 00:00:12.400808,2023-02-26 00:00:31.798630,,Solantel Drench,Vm 02000/4402,Norbrook Laboratories Ltd,,Closantel,,Solantel 50 mg/ml Oral Suspension for Sheep,http://www.noahcompendium.co.uk/?id=-471298&aggregatexml=true&absoluteurls=true,N471298,false,639.0
345571a4-e8f2-470e-950a-180201d2c6b5,2020-05-14 15:42:09.317035,2021-04-25 00:01:49.434906,,Albex 10% Oral Suspension,Vm 11990/4016.,Chanelle Pharma,,Albendazole,Oral,Albex™ 10% w/v Oral Suspension,http://www.noahcompendium.co.uk/?id=-448931&aggregatexml=true&absoluteurls=true,N448931,true,129.0
ef447018-7506-4efe-82a6-91cc70023abf,2020-04-19 00:00:11.173464,2023-02-26 00:00:25.816124,,Ketamidor 100mg/ml Injection,Vm 22080/4004,Chanelle Pharma,,Ketamine,,Ketamidor 100mg/ml Solution for Injection,http://www.noahcompendium.co.uk/?id=-449215&aggregatexml=true&absoluteurls=true,N449215,true,539.0
8dfa4979-fbcd-4da3-992f-787a96441bda,2020-05-14 15:42:35.524163,2023-02-26 00:00:29.072251,,Parofor 70mg/g powder,Vm 30282/4020,Huvepharma NV,,Paromomycin sulphate,,"Parofor 70mg/g powder for use in drinking water, milk or milk replacer for pre-ruminant cattle and pigs",http://www.noahcompendium.co.uk/?id=-453002&aggregatexml=true&absoluteurls=true,N453002,false,582.0
86123e55-f2e9-4db8-837c-229a35a1d1b4,2020-05-14 15:42:18.417161,2023-02-26 00:00:21.142273,,Copinox Ewe/Calf 4g Capsule,Vm 14016/4001,Animax Ltd,,Copper Oxide,Oral,"Copinox Ewe/Calf 4g capsule, hard",http://www.noahcompendium.co.uk/?id=-446107&aggregatexml=true&absoluteurls=true,N446107,true,255.0
8ddc0efa-4225-47a4-adc6-cd112906e372,2020-05-14 15:42:21.550665,2023-02-26 00:00:22.958094,,Dysect Sheep Pour-On,Vm 42058/4055,Zoetis UK Limited,,Cypermethrin alpha,,Dysect® Sheep Pour-On,http://www.noahcompendium.co.uk/?id=-457196&aggregatexml=true&absoluteurls=true,N457196,false,243.0
fd606398-4eb5-4948-a2df-22eb2bdbe08e,2020-05-14 15:42:40.645600,2023-02-26 00:00:30.960438,,Rimadyl Cattle,Vm 42058/4118,Zoetis UK Limited,,Carprofen,Subcutaneous,Rimadyl® Cattle 50 mg/ml Solution for Injection,http://www.noahcompendium.co.uk/?id=-458138&aggregatexml=true&absoluteurls=true,N458138,false,405.0
d613466c-2bcd-4804-927c-e5ec6e53fd22,2020-05-14 15:42:42.703007,2023-02-26 00:00:33.012533,,Terramycin Aerosol Spray,Vm 42058/4150,Zoetis UK Limited,,Oxytetracycline Hydrochloride,,Terramycin® Aerosol Spray,http://www.noahcompendium.co.uk/?id=-458530&aggregatexml=true&absoluteurls=true,N458530,false,49.0
abf9e578-38cd-4680-bf5b-c0ca5e13f1a0,2020-05-14 15:42:44.846889,2023-02-26 00:00:33.577001,,Tracherine,Vm 42058/4156,Zoetis UK Limited,,Vaccine Antigens,,Tracherine®,http://www.noahcompendium.co.uk/?id=-458601&aggregatexml=true&absoluteurls=true,N458601,false,142.0
dd8cebef-26f1-4d76-bd79-72d1a07a3db6,2020-08-16 00:01:56.557730,2021-04-25 00:01:50.396151,,Amoxycare 150mg/ml Injection,Vm 02000/4140,Animalcare Limited,,Amoxicillin Trihydrate,,Amoxycare 150mg/ml Injection,http://www.noahcompendium.co.uk/?id=-473651&aggregatexml=true&absoluteurls=true,N473651,true,176.0
125f7ccd-b479-40b5-8a12-30336ef5d090,2020-05-14 15:42:09.096005,2023-02-26 00:00:16.226082,,Aivlosin 42.5 mg/g Oral Powder for Pigs,UK(GB): Vm 13277/5001,ECO Animal Health Ltd,,Tylvalosin Tartrate,,Aivlosin 42.5 mg/g Oral Powder for Pigs,http://www.noahcompendium.co.uk/?id=-450617&aggregatexml=true&absoluteurls=true,N450617,true,
55704b4e-7a24-4ede-bda3-c730cb499e00,2020-04-19 00:00:10.156402,2023-02-26 00:00:17.861420,,Betamox LA Injection,Vm 02000/4070,Norbrook Laboratories Ltd,,Amoxicillin,,Betamox LA 150 mg/ml Suspension for Injection,http://www.noahcompendium.co.uk/?id=-470363&aggregatexml=true&absoluteurls=true,N470363,false,14.0
702d4356-3253-4300-a344-bd18e2e9d87b,2020-05-14 15:42:13.792797,2023-02-26 00:00:17.919655,,Bimamix Oral Suspension for Calves,Vm 50146/ 4022,Bimeda,,Neomycin,,Bimamix Oral Suspension for Calves,http://www.noahcompendium.co.uk/?id=-446811&aggregatexml=true&absoluteurls=true,N446811,false,
94c95dfd-66e5-4bf3-9a05-7b0f49051196,2020-05-14 15:42:13.617296,2021-04-25 00:01:53.810490,,Baytril Max 100 mg/ml Solution for Injection for Cattle and Pigs,Vm 00879/4123,Elanco UK AH Limited,,Enrofloxacin,,Baytril® Max 100 mg/ml Solution for Injection for Cattle and Pigs,http://www.noahcompendium.co.uk/?id=-446411&aggregatexml=true&absoluteurls=true,N446411,false,832.0
5e51ca03-bef5-41f2-847e-ac6231873399,2020-05-14 15:42:19.339174,2020-08-09 00:01:49.427418,,Depocillin,Vm 06376/4018.,MSD Animal Health,,Procaine Benzylpenicillin,,Depocillin,http://www.noahcompendium.co.uk/?id=-454544&aggregatexml=true&absoluteurls=true,N454544,false,
d2ca743c-4d9f-4c23-92f5-0e21e74a9d16,2020-05-14 15:42:15.273980,2023-02-26 00:00:18.394542,,Bovalto Respi 4,No MAN,Boehringer Ingelheim Animal Health UK Ltd,,Vaccine Antigens,,Bovalto Respi 4 suspension for injection for cattle,http://www.noahcompendium.co.uk/?id=-461659&aggregatexml=true&absoluteurls=true,N461659,false,
d4aea40b-95a4-4dfe-8f99-bad849211f83,2020-05-14 15:42:15.303501,2023-02-26 00:00:18.440586,,Bovalto Respi Intranasal,No MAN,Boehringer Ingelheim Animal Health UK Ltd,,Vaccine Antigens,,"Bovalto Respi Intranasal, nasal spray, lyophilisate and solvent for suspension",http://www.noahcompendium.co.uk/?id=-469666&aggregatexml=true&absoluteurls=true,N469666,false,
309b41c4-e211-4a23-8385-9ef104869e0d,2020-05-14 15:42:15.485321,2023-02-26 00:00:18.911020,,Bovilis IBR Marker Inac,UK: Vm 01708/4617,MSD Animal Health UK Limited,,Vaccine Antigens,,Bovilis® IBR Marker Inac suspension for injection for cattle,http://www.noahcompendium.co.uk/?id=-454299&aggregatexml=true&absoluteurls=true,N454299,false,361.0
e021fcc1-323a-409e-9c94-1cc6a546e624,2020-05-14 15:42:17.298831,2023-02-26 00:00:19.553872,,Cepralock® 2.6 g intramammary suspension,UK: Vm,MSD Animal Health UK Limited,,Bismuth Subnitrate,,Cepralock® 2.6 g Intramammary suspension for Cattle,http://www.noahcompendium.co.uk/?id=-454416&aggregatexml=true&absoluteurls=true,N454416,false,
087b3daa-7a6b-4470-991e-902ff36cf506,2020-05-14 15:42:15.883050,2023-02-26 00:00:19.359442,,Calciject 40,No MAN,Norbrook Laboratories Ltd,,Calcium Gluconate,,Calciject 40 Solution For Injection,http://www.noahcompendium.co.uk/?id=-472177&aggregatexml=true&absoluteurls=true,N472177,false,
c83db833-4b96-45bd-8c06-c6f31c519325,2020-05-14 15:42:33.760636,2023-02-26 00:00:27.815260,,Norodine 24,No MAN,Norbrook Laboratories Ltd,,Sulfadiazine (Sulphadiazine),,Norodine 24 Solution for Injection,http://www.noahcompendium.co.uk/?id=-471074&aggregatexml=true&absoluteurls=true,N471074,false,
481ad6b6-596a-4f79-8043-377ab2f12c7a,2020-05-14 15:42:18.164603,2023-02-26 00:00:20.895487,,Coglapix,No MAN,Ceva Animal Health Ltd,,Vaccine Antigens,,Coglapix® suspension for injection for pigs,http://www.noahcompendium.co.uk/?id=-474046&aggregatexml=true&absoluteurls=true,N474046,false,
8692e60e-1ff9-4faa-bb18-9fead49050b8,2020-05-14 15:42:44.763132,2020-08-30 00:02:14.803191,,Toltranil 50mg/ml oral suspension,No MAN,Virbac Limited,,Toltrazuril,,"Toltranil 50 mg/ml oral suspension for pigs, cattle and sheep",http://www.noahcompendium.co.uk/?id=-464417&aggregatexml=true&absoluteurls=true,N464417,true,
ea0d0d36-fa95-4d3e-836e-c03f54d48d09,2020-04-19 00:00:12.652262,2020-08-30 00:02:20.222516,,Vitesel Injection,Vm 02000/4115,Norbrook Laboratories Ltd,,Alpha-Tocopheryl Acetate,,Vitesel Emulsion for Injection,http://www.noahcompendium.co.uk/?id=-471368&aggregatexml=true&absoluteurls=true,N471368,false,60.0
f3adedf9-7d82-47c6-8755-c2c5a9559957,2020-05-14 15:42:21.186968,2023-02-26 00:00:22.578091,,Doxatib 500mg Powder,No MAN,Krka UK Ltd,,Doxycycline,Oral,Doxatib 500mg Powder for Pigs & Chickens,http://www.noahcompendium.co.uk/?id=-468276&aggregatexml=true&absoluteurls=true,N468276,false,
e375dcc8-3647-4056-b9ec-8787016273b6,2020-05-14 15:42:21.312785,2023-02-26 00:00:22.686866,,Draxxin 25 mg/ml Solution for Injection,No MAN,Zoetis UK Limited,,Tulathromycin,Intramuscular,Draxxin® 25 mg/ml Solution for Injection,http://www.noahcompendium.co.uk/?id=-456982&aggregatexml=true&absoluteurls=true,N456982,false,
60ec7328-0871-4342-86fb-7cb9a4bfbd72,2020-05-14 15:42:22.132964,2023-02-26 00:00:23.097271,,Ecoporc SHIGA,No MAN,Ceva Animal Health Ltd,,Vaccine Antigens,,Ecoporc® SHIGA suspension for injection for pigs,http://www.noahcompendium.co.uk/?id=-476086&aggregatexml=true&absoluteurls=true,N476086,false,
d74946a8-6e3a-4b08-b1cb-4261c09369fc,2020-05-14 15:42:25.991985,2023-02-26 00:00:24.563662,,Florkem,No MAN,Ceva Animal Health Ltd,,Florfenicol,,Florkem® 300 mg/ml solution for injection for cattle and pigs,http://www.noahcompendium.co.uk/?id=-474212&aggregatexml=true&absoluteurls=true,N474212,false,
074758a4-14bc-4ce8-941b-da6419bfcaec,2020-05-14 15:42:25.121764,2023-02-26 00:00:24.343878,,Fenflor 300mg Injection for Cattle,No MAN,Krka UK Ltd,,Florfenicol,,Fenflor 300mg Injection for Cattle,http://www.noahcompendium.co.uk/?id=-468354&aggregatexml=true&absoluteurls=true,N468354,false,
5da32d27-0f22-481d-9a01-1bc4f829b5a0,2020-05-14 15:42:24.379163,2023-02-26 00:00:23.661582,,Enterisol Ileitis,Vm 08327/4294,Boehringer Ingelheim Animal Health UK Ltd,,Vaccine Antigens,,Enterisol,http://www.noahcompendium.co.uk/?id=-447510&aggregatexml=true&absoluteurls=true,N447510,false,
a69c0585-22a7-43ec-a702-966f66b1b190,2020-04-05 00:00:06.084906,2023-02-26 00:00:24.030302,,Eryseng Parvo,UK(NI): EU/2/14/167/001-007,HIPRA UK & IRELAND LTD,,Vaccine Antigens,,Eryseng Parvo,http://www.noahcompendium.co.uk/?id=-452652&aggregatexml=true&absoluteurls=true,N452652,false,
48d54f04-7e1e-4949-8312-34770d7d1868,2020-05-14 15:42:24.858282,2023-02-26 00:00:24.170504,,Excenel Flow,Vm 42058/4065,Zoetis UK Limited,,Ceftiofur,,Excenel® Flow 50 mg/ml Suspension for Injection for Pigs & Cattle,http://www.noahcompendium.co.uk/?id=-457405&aggregatexml=true&absoluteurls=true,N457405,false,239.0
5d3c43c2-d990-44d4-957b-6db0160fdac9,2020-05-14 15:42:25.188684,2023-02-26 00:00:24.403587,,"Fenoflox 50mg/ml Injection for Cattle, Pigs, Dogs and Cats",V,Chanelle Pharma,,Enrofloxacin,Intramuscular,"Fenoflox 50mg/ml Injection for Cattle, Pigs, Dogs and Cats",http://www.noahcompendium.co.uk/?id=-449161&aggregatexml=true&absoluteurls=true,N449161,true,
4bd09c56-5f1c-46d0-8d24-3877f2597c93,2020-05-14 15:42:25.225836,2023-02-26 00:00:24.456702,,Finadyne® Transdermal,No MAN,MSD Animal Health UK Limited,,Flunixin Meglumine,,Finadyne® Transdermal 50 mg/ml pour-on solution for cattle,http://www.noahcompendium.co.uk/?id=-454763&aggregatexml=true&absoluteurls=true,N454763,false,
b638f76a-d33f-4a30-98f6-9dbe25e6c12e,2020-04-19 00:00:11.092284,2023-02-26 00:00:25.166913,,Hipnoton 10 mg/ml Solution for Injection for Horses & Cattle,Vm 32509/4007,Bimeda,,Detomidine Hydrochloride,,Hipnoton 10 mg/ml Solution for Injection for Horses & Cattle,http://www.noahcompendium.co.uk/?id=-447130&aggregatexml=true&absoluteurls=true,N447130,false,503.0
1442c32c-71db-4475-b0ba-0f834c85d284,2020-05-14 15:42:31.459780,2023-02-26 00:00:26.506681,,M+PAC®,UK: Vm 01708/4583,MSD Animal Health UK Limited,,Vaccine Antigens,,M+PAC®,http://www.noahcompendium.co.uk/?id=-454963&aggregatexml=true&absoluteurls=true,N454963,false,
96be299f-a4fc-4bac-b340-c8e60aa0b9fd,2020-05-14 15:42:28.103562,2022-05-01 00:04:10.019117,,Gestavet 40/80,V,HIPRA UK & IRELAND LTD,,Gonadotrophin releasing factor (GnRF) analogue,,Gestavet 40/80,http://www.noahcompendium.co.uk/publications/-452678/gestavet-40/80/aggregatexml,N452678,false,
1490250c-b9a6-4ce5-a268-be6aa1452128,2020-05-14 15:42:28.687945,2023-02-26 00:00:24.986021,,Gletvax 6,Vm 42058/4070,Zoetis UK Limited,,Vaccine Antigens,,Gletvax® 6,http://www.noahcompendium.co.uk/?id=-457475&aggregatexml=true&absoluteurls=true,N457475,false,
2a8e1974-468f-406d-a3af-ded2a7a13352,2020-05-14 15:42:28.877569,2023-02-26 00:00:25.196161,,Hiprabovis IBR Marker Live,UK(NI): EU/2/10/114/001-003,HIPRA UK & IRELAND LTD,,Vaccine Antigens,,Hiprabovis IBR Marker Live,http://www.noahcompendium.co.uk/?id=-452691&aggregatexml=true&absoluteurls=true,N452691,false,904.0
7dc7d3c0-4cad-4f7d-be4a-07659178e204,2020-05-14 15:42:32.154004,2023-02-26 00:00:26.754300,,Marbox,No MAN,Ceva Animal Health Ltd,,Marbofloxacin,,Marbox® 100 mg/ml solution for injection for cattle and pigs,http://www.noahcompendium.co.uk/?id=-474546&aggregatexml=true&absoluteurls=true,N474546,false,
d5be7c5d-b341-4a95-930b-839a90299833,2020-04-19 00:00:11.529099,2023-02-26 00:00:27.031947,,"Metacam 20 mg/ml solution for injection for cattle, pigs and horses",UK(NI): EU/2/97/004/007 : 50 ml,Boehringer Ingelheim Animal Health UK Ltd,,Meloxicam,,Metacam,http://www.noahcompendium.co.uk/?id=-447687&aggregatexml=true&absoluteurls=true,N447687,false,
e9609f7f-be11-41a8-a5a2-8316d4529b64,2020-09-20 00:02:10.757449,2023-02-26 00:00:26.914747,,"Meloxidolor 5 mg/ml Solution for Injection for Dogs, Cats, Cattle and Pigs",No MAN,Dechra Veterinary Products,,Meloxicam,,"Meloxidolor® 5 mg/ml Solution for Injection for Dogs, Cats, Cattle and Pigs",http://www.noahcompendium.co.uk/?id=-477475&aggregatexml=true&absoluteurls=true,N477475,false,
f1644844-a779-4209-8e80-06359cece23e,2020-05-14 15:42:32.457175,2023-02-26 00:00:27.109989,,Metaxol 20/100 mg/ml Solution for Use in Drinking Water for Pigs and Chickens,No MAN,Dechra Veterinary Products,,Sulfamethoxazole,,Metaxol® 20/100 mg/ml Solution for Use in Drinking Water for Pigs and Chickens,http://www.noahcompendium.co.uk/?id=-463616&aggregatexml=true&absoluteurls=true,N463616,false,
1bec6c2c-53c0-4396-838b-67bc17089c1b,2020-05-14 15:42:32.482882,2023-02-26 00:00:27.135815,,Metricure®,No MAN,MSD Animal Health UK Limited,,Cephapirin,,Metricure® 500 mg Intrauterine Suspension,http://www.noahcompendium.co.uk/?id=-467650&aggregatexml=true&absoluteurls=true,N467650,false,
4d3d9c99-644c-4c9d-89d2-4e982b476fc1,2020-05-14 15:42:32.512530,2023-02-26 00:00:27.202272,,Micotil 300 mg/ml Solution for Injection,No MAN,Elanco UK AH Limited,,Tilmicosin,,Micotil 300 mg/ml Solution for Injection,http://www.noahcompendium.co.uk/?id=-474616&aggregatexml=true&absoluteurls=true,N474616,false,
45d5e321-8e81-4049-ae55-d31a15554de6,2020-04-19 00:00:11.787990,2023-02-26 00:00:27.858799,,Noromectin Drench,Vm 02000/4184,Norbrook Laboratories Ltd,,Ivermectin,,Noromectin 0.08% w/v Drench Oral Solution,http://www.noahcompendium.co.uk/?id=-471102&aggregatexml=true&absoluteurls=true,N471102,false,259.0
7c04fa51-1fe3-4e27-8ea3-9a7579d5911b,2020-05-14 15:42:34.439678,2023-02-26 00:00:28.613194,,Ovipast® Plus,UK: Vm 01708/4401,MSD Animal Health UK Limited,,Vaccine Antigens,,Ovipast® Plus,http://www.noahcompendium.co.uk/?id=-455635&aggregatexml=true&absoluteurls=true,N455635,false,137.0
4ca6d67c-0e1c-4415-9073-ada5406be672,2020-05-14 15:42:34.349776,2021-04-25 00:02:43.328934,,Orojet Lamb Oral Solution,Vm 42058/4093,Zoetis UK Limited,,Neomycin Sulfate,Oral,Orojet® Lamb Oral Solution,http://www.noahcompendium.co.uk/?id=-457818&aggregatexml=true&absoluteurls=true,N457818,false,133.0
872ea65e-425e-40a6-a2fa-7f34d98f3229,2020-05-14 15:42:36.593890,2023-02-26 00:00:29.358667,,Pharmasin 100% W/W Water Soluble Granules,V,Huvepharma NV,,Tylosin Tartrate,,Pharmasin® 100% W/W Water Soluble Granules,http://www.noahcompendium.co.uk/?id=-453029&aggregatexml=true&absoluteurls=true,N453029,false,
68b870b2-1a93-4772-90a8-b1d575eb9236,2020-04-19 00:00:12.170219,2023-02-26 00:00:29.200854,,Pen & Strep Injection,Vm 02000/4100,Norbrook Laboratories Ltd,,Dihydrostreptomycin Sulfate,,Pen & Strep Suspension for Injection,http://www.noahcompendium.co.uk/?id=-471270&aggregatexml=true&absoluteurls=true,N471270,false,40.0
e26e8912-03bb-4b07-817c-619999b71ef5,2020-09-20 00:02:23.729511,2023-02-26 00:00:29.550588,,Planate®,No MAN,MSD Animal Health UK Limited,,Cloprostenol Sodium,,Planate® 0.0875 mg/ml solution for injection,http://www.noahcompendium.co.uk/?id=-478258&aggregatexml=true&absoluteurls=true,N478258,true,
053f4322-c98c-4071-a98b-8318dd3f0935,2020-05-14 15:42:38.826775,2023-02-26 00:00:29.944140,,Porcilis® PCV M Hyo,No MAN,MSD Animal Health UK Limited,,Vaccine Antigens,,Porcilis® PCV M Hyo emulsion for injection for pigs,http://www.noahcompendium.co.uk/?id=-456006&aggregatexml=true&absoluteurls=true,N456006,false,
52549c64-5721-4575-9877-5ed0064deda6,2020-05-14 15:42:39.504938,2023-02-26 00:00:30.074650,,Pracetam 400 mg/ml solution,No MAN,Ceva Animal Health Ltd,,Paracetamol,,Pracetam® 400 mg/ml solution for use in drinking water for pigs,http://www.noahcompendium.co.uk/?id=-474393&aggregatexml=true&absoluteurls=true,N474393,false,
347d762b-af30-4cb8-bba5-3ab58c2de696,2020-05-14 15:42:38.775732,2023-02-26 00:00:29.646724,,Porcilis PCV Emulsion for injection for pigs,UK(NI): EU/2/08/091/001–010,MSD Animal Health UK Limited,,Vaccine Antigens,,Porcilis® PCV Emulsion for injection for pigs,http://www.noahcompendium.co.uk/?id=-455992&aggregatexml=true&absoluteurls=true,N455992,false,
cb0ce2e6-5fc7-49e8-b492-9b5926aa9f9f,2020-05-14 15:42:38.723204,2023-02-26 00:00:29.824980,,Porcilis® Glässer,UK: Vm 01708/4634,MSD Animal Health UK Limited,,Vaccine Antigens,,Porcilis® Glässer Suspension for injection for pigs,http://www.noahcompendium.co.uk/?id=-455965&aggregatexml=true&absoluteurls=true,N455965,false,
0db3e5bc-9673-435f-b1b5-c2acb2669680,2020-05-14 15:42:39.953816,2023-02-26 00:00:30.546637,,Reprocine,Vm 08007/4151,Vetoquinol UK Ltd,,Carbetocin,,Reprocine 0.07 mg/ml solution for injection for cattle and pigs,http://www.noahcompendium.co.uk/?id=-459678&aggregatexml=true&absoluteurls=true,N459678,false,331.0
5d749b9f-2526-471f-b4ea-a68384e4f689,2020-05-14 15:42:39.572956,2023-02-26 00:00:30.142138,,Previron,No MAN,HIPRA UK & IRELAND LTD,,Gleptoferron,,Previron 200 mg/ml Solution for Injection for Pigs,http://www.noahcompendium.co.uk/?id=-465720&aggregatexml=true&absoluteurls=true,N465720,true,
80aabf3f-f3be-48ac-a471-8a9c7e4d007a,2020-05-14 15:42:40.064014,2023-02-26 00:00:30.633127,,ReproCyc ParvoFLEX,No MAN,Boehringer Ingelheim Animal Health UK Ltd,,Vaccine Antigens,,ReproCyc ParvoFLEX,http://www.noahcompendium.co.uk/?id=-474172&aggregatexml=true&absoluteurls=true,N474172,false,
402acc0c-48dc-4894-9161-06f7ef81bda8,2020-05-14 15:42:40.557874,2023-02-26 00:00:30.874685,,"Rheumocam 20mg/ml Injection for Cattle, Pigs and Horses",EU/2/07/078/011 20 ml,Chanelle Pharma,,Meloxicam,,"Rheumocam 20mg/ml Injection for Cattle, Pigs and Horses",http://www.noahcompendium.co.uk/?id=-449350&aggregatexml=true&absoluteurls=true,N449350,true,
30517aa6-6e3d-4718-905a-19befde2f914,2020-05-14 15:42:40.992952,2023-02-26 00:00:31.445807,,Rycoben SC 2.50 % w/v Oral Suspension for sheep,No MAN,Elanco UK AH Limited,,Cobalt Sulphate,,Rycoben SC 2.50 % w/v Oral Suspension for sheep,http://www.noahcompendium.co.uk/?id=-474130&aggregatexml=true&absoluteurls=true,N474130,false,
b98d8e0b-60f6-419c-82c0-ad3673eb8155,2020-05-14 15:42:42.246003,2023-02-26 00:00:32.333444,,Sterlised Water for Injections BP,Vm 10434/4030,Dechra Veterinary Products,,Water,,Sterilised Water for Injections BP,http://www.noahcompendium.co.uk/?id=-450276&aggregatexml=true&absoluteurls=true,N450276,false,
ae9ebd45-7b03-4bff-a536-8c2851ab6ed7,2020-05-14 15:42:42.497632,2023-02-26 00:00:32.676188,,Suvaxyn PRRS MLV,No MAN,Zoetis UK Limited,,Vaccine Antigens,Intramuscular,Suvaxyn® PRRS MLV lyophilisate and solvent for suspension for injection for pigs,http://www.noahcompendium.co.uk/?id=-468627&aggregatexml=true&absoluteurls=true,N468627,false,
6b1f0801-958b-44d5-9565-414a2390d1af,2020-05-14 15:42:42.529361,2023-02-26 00:00:32.770442,,Synulox Bolus,Vm 42058/4142,Zoetis UK Limited,,Amoxicillin Trihydrate,,Synulox® Bolus,http://www.noahcompendium.co.uk/?id=-458446&aggregatexml=true&absoluteurls=true,N458446,false,38.0
357351b4-1714-4960-8d2b-5dbbf12d4c32,2020-05-14 15:42:42.736822,2023-02-26 00:00:33.059735,,Terramycin/LA,Vm 42058/4151,Zoetis UK Limited,,Oxytetracycline Dihydrate,Intramuscular,Terramycin®/LA,http://www.noahcompendium.co.uk/?id=-458542&aggregatexml=true&absoluteurls=true,N458542,false,7.0
b7695572-9cfd-4944-a896-79e5debf0981,2020-05-14 15:42:45.017826,2021-04-25 00:03:05.652654,,Trimediazine BMP Premix,Vm 08007/4064.,Vetoquinol UK Ltd,,Sulfadiazine (Sulphadiazine),,Trimediazine™ BMP Premix for Medicated Feeding Stuff,http://www.noahcompendium.co.uk/?id=-459778&aggregatexml=true&absoluteurls=true,N459778,false,
c80908c5-58bf-48ee-8ad7-0198d4651e57,2020-05-14 15:42:46.548396,2023-02-26 00:00:34.156660,,UBAC Injection for Cattle,No MAN,HIPRA UK & IRELAND LTD,,Vaccine Antigens,,UBAC Emulsion for Injection for Cattle,http://www.noahcompendium.co.uk/?id=-471802&aggregatexml=true&absoluteurls=true,N471802,false,
0d0a08d8-35b1-4a89-bccc-6d34c28c63ea,2020-05-14 15:42:48.654928,2023-02-26 00:00:34.280175,,Ubroseal,No MAN,Boehringer Ingelheim Animal Health UK Ltd,,Bismuth Subnitrate,,Ubroseal Dry Cow 2.6 g intramammary suspension for cattle,http://www.noahcompendium.co.uk/?id=-469417&aggregatexml=true&absoluteurls=true,N469417,false,
0657b0c2-5c76-4cc6-99bf-34806abec1b0,2020-05-14 15:42:45.810971,2023-02-26 00:00:34.074333,,Tylan G250 Premix,No MAN,Elanco UK AH Limited,,Tylosin Phosphate,,Tylan G250 Premix for medicated feeding stuff,http://www.noahcompendium.co.uk/?id=-472853&aggregatexml=true&absoluteurls=true,N472853,false,
db61b3bc-c395-4a9e-8b0c-5df38ebec8ec,2020-05-14 15:42:55.876527,2023-02-26 00:00:35.378788,,Willcain Solution for Injection,Vm 36408/4014,Dechra Veterinary Products,,Epinephrine Bitartrate,,Willcain® Solution for Injection,http://www.noahcompendium.co.uk/?id=-450503&aggregatexml=true&absoluteurls=true,N450503,false,948.0
33d2f0f3-66f1-42b7-83e0-9dbae0f36f37,2020-05-14 15:42:54.069828,2023-02-26 00:00:35.090177,,Vetrimoxin® L.A.,No MAN,Ceva Animal Health Ltd,,Amoxicillin Trihydrate,,Vetrimoxin® L.A. 150 mg/ml suspension for injection for cattle and pigs,http://www.noahcompendium.co.uk/?id=-473329&aggregatexml=true&absoluteurls=true,N473329,false,
628e2a76-643b-44e4-8464-61d8bbc36382,2020-05-14 15:42:54.110771,2023-02-26 00:00:35.147987,,VIMCO,No MAN,HIPRA UK & IRELAND LTD,,Vaccine Antigens,,VIMCO emulsion for injection for ewes and female goats,http://www.noahcompendium.co.uk/?id=-468866&aggregatexml=true&absoluteurls=true,N468866,false,
f7c2727b-46e9-4a70-8c26-2ec6421c73bc,2020-05-14 15:42:56.759174,2023-02-26 00:00:35.655615,,Zerofen Worm Drench 2.5% Oral Suspension,Vm 11990/4000.,Chanelle Pharma,,Fenbendazole,,Zerofen Worm Drench 2.5% Oral Suspension,http://www.noahcompendium.co.uk/?id=-449411&aggregatexml=true&absoluteurls=true,N449411,true,4.0
e640af95-645b-4783-a9c5-de64eaf8f08a,2020-05-14 15:42:56.622881,2023-02-26 00:00:35.472060,,Zactran,UK(NI): EU/2/08/082/001-007,Boehringer Ingelheim Animal Health UK Ltd,,Gamithromycin,,"Zactran 150 mg/ml Solution for Injection for cattle, sheep and pigs",http://www.noahcompendium.co.uk/?id=-454098&aggregatexml=true&absoluteurls=true,N454098,false,381.0
abbaad46-e90a-426b-b821-e257657bf9c9,2020-05-14 15:42:19.024218,2023-02-26 00:00:21.898931,,Deccox 6% Premix,Vm 42058/4032,Zoetis UK Limited,,Decoquinate,,Deccox® 6% Premix for sheep and cattle,http://www.noahcompendium.co.uk/?id=-456874&aggregatexml=true&absoluteurls=true,N456874,false,318.0
278c3ea7-6fa5-441f-9880-dc5f5db9867a,2020-11-05 13:51:15.779818,2020-11-05 15:10:38.663515,,Medicine test UK,Medicine test UK man name,Medicine test UK manufacturer,,"Adrenaline, Procaine Hydrochloride",Intramuscular,,http://google.com/,Medicine test UK,false,
528fb9fa-5155-4664-bb8d-e57f9095898e,2020-05-14 15:42:15.699199,2023-02-26 00:00:19.109559,,Bravoxin® 10,No MAN,MSD Animal Health UK Limited,,Vaccine Antigens,,Bravoxin® 10 Suspension for Injection for Cattle and Sheep,http://www.noahcompendium.co.uk/?id=-454366&aggregatexml=true&absoluteurls=true,N454366,false,403.0
2fc46685-a08a-4451-95b4-66a063e93a3b,2020-05-14 15:42:33.452091,2023-02-26 00:00:27.548010,,Neoprinil Pour on for cattle,Vm 05653/4177,Virbac Limited,,Eprinomectin,,Neoprinil Pour on 5mg/ml solution for cattle,http://www.noahcompendium.co.uk/?id=-460581&aggregatexml=true&absoluteurls=true,N460581,false,576.0
7db4632f-2d4d-4134-a1c6-11f29ae3d696,2021-04-25 00:02:21.360714,2022-05-01 00:04:09.923048,,Foston®,No MAN,MSD Animal Health UK Limited,,Toldimphos,,"Foston® 20% w/v, Solution for injection",http://www.noahcompendium.co.uk/?id=-479285&aggregatexml=true&absoluteurls=true,N479285,true,
21ecd2ec-0ec1-4ad3-a292-e3123deed150,2020-07-05 00:02:51.196909,2023-02-26 00:00:33.539917,,Toxovax®,No MAN,MSD Animal Health UK Limited,,Vaccine Antigens,,Toxovax®,http://www.noahcompendium.co.uk/?id=-476558&aggregatexml=true&absoluteurls=true,N476558,false,
a4440588-61d4-4bde-9355-8730b1e5dc14,2021-03-28 00:00:30.619923,2023-02-26 00:00:30.831010,,"Rexxolide 100 mg/ml Solution for Injection for Cattle, Pigs and Sheep",No MAN,Dechra Veterinary Products,,Tulathromycin,,"Rexxolide® 100 mg/ml Solution for Injection for Cattle, Pigs and Sheep",http://www.noahcompendium.co.uk/?id=-479145&aggregatexml=true&absoluteurls=true,N479145,false,
084bd93e-c282-4b24-a046-23492e5f1536,2020-04-19 00:00:11.243259,2023-02-26 00:00:26.111078,,Levacide Injection,Vm 02000/4049,Norbrook Laboratories Ltd,,Levamisole Hydrochloride,,Levacide 7.5% Solution for Injection,http://www.noahcompendium.co.uk/?id=-471935&aggregatexml=true&absoluteurls=true,N471935,false,56.0
fe89be80-3136-4e7b-8af0-d62968dc34e9,2020-06-29 09:49:58.193447,2020-07-21 09:40:10.016777,,Molemec Super Solution for Injection for Cattle,Molemec Super Solution for Injection for Cattle,Molevalley,,Ivermectin,,Molemec Super Solution for Injection for Cattle,http://www.breedr.co,BR000001,false,
2a3854c9-d930-40a9-90a3-f91d5c12f53a,2020-12-06 00:02:24.859487,2023-02-26 00:00:34.506319,,Vecoxan®,No MAN,MSD Animal Health UK Limited,,Diclazuril,,Vecoxan® 2.5 mg/ml Oral Suspension,http://www.noahcompendium.co.uk/?id=-478821&aggregatexml=true&absoluteurls=true,N478821,true,
07e81508-3e54-409d-aaa3-4f72897a09e9,2020-04-19 00:00:11.459583,2023-02-26 00:00:26.570495,,Magniject Injection,Vm 02000/4129,Norbrook Laboratories Ltd,,Magnesium Sulfate Heptahydrate,,Magniject 25% w/v Solution for Injection,http://www.noahcompendium.co.uk/?id=-470935&aggregatexml=true&absoluteurls=true,N470935,false,78.0
71cdc690-25ea-4179-ac6b-0d19582c5d17,2020-05-14 15:42:12.978225,2021-04-25 00:01:53.291630,,Baytril 100 mg/ml Solution for Injection,Vm 00879/4116,Elanco UK AH Limited,,Enrofloxacin,,Baytril® 100 mg/ml Solution for Injection,http://www.noahcompendium.co.uk/?id=-446363&aggregatexml=true&absoluteurls=true,N446363,false,97.0
9847bfc8-748f-4e9a-870e-cfa32844ee54,2020-05-14 15:42:15.602437,2023-02-26 00:00:18.745807,,Bovilis Bovipast RSP,UK: Vm 01708/4458,MSD Animal Health UK Limited,,Vaccine Antigens,,Bovilis® Bovipast RSP,http://www.noahcompendium.co.uk/?id=-454248&aggregatexml=true&absoluteurls=true,N454248,false,228.0
aa6274bc-91af-491b-86d9-2a707070190b,2020-05-14 15:42:34.799530,2023-02-26 00:00:28.927203,,Paramectin Pour-On,Vm 02000/4197,Norbrook Laboratories Ltd,,Ivermectin,,Paramectin 0.5% w/v Pour-On Solution,http://www.noahcompendium.co.uk/?id=-471256&aggregatexml=true&absoluteurls=true,N471256,false,280.0
8126a7af-7683-43ac-87a9-f1bade11be90,2020-05-14 15:42:44.817134,2020-06-21 00:02:30.431451,,Toxovax,Vm 01708/4331,MSD Animal Health,,Vaccine Antigens,,Toxovax,http://www.noahcompendium.co.uk/?id=-456185&aggregatexml=true&absoluteurls=true,N456185,false,23.0
3c48b4ea-94ed-493f-a644-be3245f01fef,2020-05-14 15:42:46.508333,2022-10-09 00:00:55.256134,,Tylucyl 200mg/ml,Vm 08007/4144,Vetoquinol UK Ltd,,Tylosin,Intramuscular,Tylucyl 200mg/ml solution for injection,http://www.noahcompendium.co.uk/?id=-459829&aggregatexml=true&absoluteurls=true,N459829,false,627.0
6df72c51-bce3-4783-9c5d-6f6f17a64478,2020-05-14 15:42:18.954357,2023-02-26 00:00:21.808484,,CYDECTIN TriclaMox,Vm 42058/4030,Zoetis UK Limited,,Moxidectin,Oral,CYDECTIN® TriclaMox® Oral Solution for Sheep,http://www.noahcompendium.co.uk/?id=-456841&aggregatexml=true&absoluteurls=true,N456841,false,424.0
0adf963a-e26c-438a-ab03-c85ee642d5d0,2020-05-14 15:42:09.374215,2023-02-26 00:00:16.540839,,Albiotic,Vm 30282/4035,Huvepharma NV,,Lincomycin,,Albiotic® 330mg/100mg Intramammary Solution,http://www.noahcompendium.co.uk/?id=-452990&aggregatexml=true&absoluteurls=true,N452990,false,247.0
07eedf48-75cf-4dea-b662-f7fc0a981748,2020-05-14 15:42:50.003715,2023-02-26 00:00:34.713240,,"Vetivex 11 (Hartmann's) Solution for Infusion for Cattle, Horses, Dogs and Cats",Vm 10434/4080,Dechra Veterinary Products,,Calcium Chloride Dihydrate,,"Vetivex® (Hartmann's) 11 Solution for Infusion for Cattle, Horses, Dogs and Cats",http://www.noahcompendium.co.uk/?id=-450375&aggregatexml=true&absoluteurls=true,N450375,false,560.0
862c716e-1cc8-481e-8843-3a69f646cae9,2020-05-14 15:42:15.393070,2023-02-26 00:00:18.667261,,Bovigen Scour Emulsion for injection for Cattle,Vm 27819/4005,Virbac Limited,,Vaccine Antigens,,Bovigen Scour Emulsion for injection for Cattle,http://www.noahcompendium.co.uk/?id=-459950&aggregatexml=true&absoluteurls=true,N459950,true,605.0
210cac8d-512b-44d8-8d73-cb9633f12761,2020-05-14 15:42:21.521463,2023-02-26 00:00:22.925441,,Dysect Cattle Pour-On,Vm 42058/4054,Zoetis UK Limited,,Cypermethrin alpha,,Dysect® Cattle Pour-On,http://www.noahcompendium.co.uk/?id=-457185&aggregatexml=true&absoluteurls=true,N457185,false,186.0
b3bd1547-8c9f-4dea-a6c6-a24b97c975d4,2020-05-14 15:42:40.676446,2023-02-26 00:00:31.005523,,Rispoval 3,Vm 42058/4124,Zoetis UK Limited,,Vaccine Antigens,,Rispoval® 3 lyophilisate and suspension for suspension for injection for cattle,http://www.noahcompendium.co.uk/?id=-458186&aggregatexml=true&absoluteurls=true,N458186,false,337.0
494c3fe2-5cdf-4cd8-a4b7-00a8a3885e6a,2020-05-14 15:42:12.158888,2023-02-26 00:00:17.329205,,Aurofac Granular 100 mg/g Premix,Vm 42058/4007,Zoetis UK Limited,,Chlortetracycline Hydrochloride,,Aurofac® Granular 100 mg/g Premix,http://www.noahcompendium.co.uk/?id=-456469&aggregatexml=true&absoluteurls=true,N456469,false,
904de9bc-9622-45b6-b6f1-9f057af14b95,2020-05-14 15:42:08.428911,2023-02-26 00:00:16.076853,,Adrenacaine Injection,Vm 02000/4243 (UK),Norbrook Laboratories Ltd,,Adrenaline,,Adrenacaine Solution for Injection for Cattle,http://www.noahcompendium.co.uk/?id=-470279&aggregatexml=true&absoluteurls=true,N470279,false,322.0
2d0bf00c-8ee0-421a-987d-3f8cdcbb153e,2020-05-14 15:42:09.287063,2020-08-30 00:01:19.113673,,Albenil 2.5% w/v SC oral suspension,V,Virbac Limited,,Albendazole,,Albenil 2.5% w/v SC oral suspension,http://www.noahcompendium.co.uk/?id=-459908&aggregatexml=true&absoluteurls=true,N459908,true,
92d9fa03-1eb4-4c99-90df-77091d2073d7,2020-05-14 15:42:13.081763,2021-04-25 00:01:53.665319,,Baytril 50 mg/ml Solution for Injection,Vm 00879/4119,Elanco UK AH Limited,,Enrofloxacin,,Baytril® 50 mg/ml Solution for Injection,http://www.noahcompendium.co.uk/?id=-446351&aggregatexml=true&absoluteurls=true,N446351,false,21.0
c32c4e61-fc02-4877-84f1-a88d6ed8c023,2020-05-14 15:42:11.854880,2023-02-26 00:00:17.099863,,Apravet 100g/kg Medicated Feed Premix for Pigs,Vm 30282/4019,Huvepharma NV,,Apramycin Sulfate,,Apravet 100g/kg Medicated Feed Premix for Pigs,http://www.noahcompendium.co.uk/?id=-452884&aggregatexml=true&absoluteurls=true,N452884,false,
a44f7b0b-022d-4449-a90f-4ae4b0d3cb41,2020-05-14 15:42:11.923530,2023-02-26 00:00:17.262082,,Aqupharm No. 11 Infusion,"UK (GB) Vm 10347/4039, UK (Northern Ireland) Vm 32742/4020",Animalcare Limited,,Potassium Chloride,,Aqupharm No. 11 Infusion,http://www.noahcompendium.co.uk/?id=-473874&aggregatexml=true&absoluteurls=true,N473874,false,989.0
969fbc58-7d20-492d-bf00-228feafbb3dd,2020-05-14 15:42:13.987964,2023-02-26 00:00:18.197007,,Bioestrovet 0.250 mg/ml solution for injection,No MAN,Vetoquinol UK Ltd,,Cloprostenol Sodium,Intramuscular,Bioestrovet 0.250 mg/ml solution for injection,http://www.noahcompendium.co.uk/?id=-464470&aggregatexml=true&absoluteurls=true,N464470,false,
1ce97d88-cbb2-434a-b90b-acc77a2cdef4,2020-05-14 15:42:27.518106,2020-09-13 00:01:54.507522,,Foston,Vm 01708/4426.,MSD Animal Health,,Toldimphos,,Foston,http://www.noahcompendium.co.uk/?id=-454801&aggregatexml=true&absoluteurls=true,N454801,false,197.0
4554f672-8f98-446b-a28d-b65f03229107,2020-05-14 15:42:18.396442,2023-02-26 00:00:21.116851,,Copasure 24g Capsule,Vm 14016/4003,Animax Ltd,,Copper Oxide,Oral,"Copasure 24g capsule, hard",http://www.noahcompendium.co.uk/?id=-446085&aggregatexml=true&absoluteurls=true,N446085,true,293.0
6f01f33c-a5e1-4c70-8554-790f8e492293,2020-05-14 15:42:17.800012,2023-02-26 00:00:20.122627,,CIDR OVIS,No MAN,Zoetis UK Limited,,Progesterone,,CIDR® OVIS 0.35 g Vaginal Delivery System for Sheep,http://www.noahcompendium.co.uk/?id=-468614&aggregatexml=true&absoluteurls=true,N468614,false,
8790e1c2-0df0-47b9-bd21-31a7d1c7e8d4,2020-05-14 15:42:18.271409,2023-02-26 00:00:21.027420,,Combiclav LC,Vm 02000/4424,Norbrook Laboratories Ltd,,Amoxicillin,,Combiclav Intramammary Suspension for Lactating Cows,http://www.noahcompendium.co.uk/?id=-470657&aggregatexml=true&absoluteurls=true,N470657,false,709.0
474069cc-0d4a-4f3b-b7d2-55b1e2ec097c,2020-10-18 00:01:40.911687,2023-02-26 00:00:21.355619,,"Cronyxin Injection, 5% w/v Solution for Injection",No MAN,Bimeda,,Flunixin Meglumine,,"Cronyxin Injection, 5% w/v Solution for Injection",http://www.noahcompendium.co.uk/?id=-478681&aggregatexml=true&absoluteurls=true,N478681,true,
a2e690a1-fd83-4578-a0b6-a0947db4fbf0,2020-05-14 15:42:18.611071,2023-02-26 00:00:21.403707,,Crovect 1.25% w/v Pour-On Solution for Sheep,No MAN,Elanco UK AH Limited,,Cypermethrin,,Crovect 1.25% w/v Pour-On Solution for Sheep,http://www.noahcompendium.co.uk/?id=-474644&aggregatexml=true&absoluteurls=true,N474644,false,
4077e8d9-e2bf-4064-912d-5d17cbe55962,2020-05-14 15:42:19.314242,2023-02-26 00:00:22.195129,,Denagard 200 mg/ml Solution for Injection,No MAN,Elanco UK AH Limited,,Tiamulin Hydrogen Fumarate,,Denagard 200 mg/ml Solution for Injection,http://www.noahcompendium.co.uk/?id=-473136&aggregatexml=true&absoluteurls=true,N473136,false,
9cd2b911-9a95-4368-9b6b-2e6c6d9fd10a,2020-05-14 15:42:21.113156,2023-02-26 00:00:22.515010,,Dolethal 200mg/ml Solution for injection,UK: Vm 08007/4034,Vetoquinol UK Ltd,,Pentobarbital Sodium,Other,Dolethal 200mg/ml Solution for injection,http://www.noahcompendium.co.uk/?id=-459328&aggregatexml=true&absoluteurls=true,N459328,true,44.0
01ab2346-36e6-4f06-a3cf-711bf3406028,2020-05-14 15:42:20.580641,2021-04-25 00:02:09.611329,,"Dinalgen 150 mg/ml Solution for Injection for Cattle, Pigs and Horses",Vm 46037/4003,Elanco UK AH Limited,,Ketoprofen,Intramuscular,"Dinalgen® 150 mg/ml Solution for Injection for Cattle, Pigs and Horses",http://www.noahcompendium.co.uk/?id=-446497&aggregatexml=true&absoluteurls=true,N446497,false,440.0
e92570d3-d290-47c4-8fe7-9059fbbe705d,2020-05-14 15:42:21.270926,2023-02-26 00:00:22.645853,,Draxxin 100 mg/ml Solution for Injection,UK(NI): EU/2/03/041/001-005,Zoetis UK Limited,,Tulathromycin,,Draxxin® 100 mg/ml Solution for Injection,http://www.noahcompendium.co.uk/?id=-456994&aggregatexml=true&absoluteurls=true,N456994,false,329.0
bfabb516-5cf0-46a1-a627-cee6544137ad,2020-04-19 00:00:10.943335,2023-02-26 00:00:23.224919,,Elanco Scour Formula Extra Powder for oral solution,No MAN,Elanco UK AH Limited,,Electrolytes,,Elanco Scour Formula Extra Powder for oral solution,http://www.noahcompendium.co.uk/?id=-474891&aggregatexml=true&absoluteurls=true,N474891,false,
599ae49a-9bec-433b-8fbc-403ca387f67a,2020-05-14 15:42:25.288957,2023-02-26 00:00:24.495030,,Flectron Fly Tags,Vm 42058/4069,Zoetis UK Limited,,Cypermethrin,,Flectron® Fly Tags,http://www.noahcompendium.co.uk/?id=-457452&aggregatexml=true&absoluteurls=true,N457452,false,33.0
6aca44b2-afcd-430c-a488-0e61461f16fa,2020-05-14 15:42:24.443830,2023-02-26 00:00:23.759882,,Enzovax®,UK: Vm 01708/4523,MSD Animal Health UK Limited,,Vaccine Antigens,,Enzovax®,http://www.noahcompendium.co.uk/?id=-454656&aggregatexml=true&absoluteurls=true,N454656,false,132.0
ac475b6f-4076-4193-a910-235851306cb1,2020-05-14 15:42:25.023886,2023-02-26 00:00:24.241789,,Fasinex 5% w/v Oral Suspension,No MAN,Elanco UK AH Limited,,Triclabendazole,,Fasinex 5% w/v Oral Suspension,http://www.noahcompendium.co.uk/?id=-475029&aggregatexml=true&absoluteurls=true,N475029,false,
366a62e8-2aa9-4415-9f90-2b2c00522033,2020-05-14 15:42:25.160870,2023-02-26 00:00:24.371910,,Fenoflox 100mg/ml Injection for Cattle and Pigs,V,Chanelle Pharma,,Enrofloxacin,Intramuscular,Fenoflox 100mg/ml Injection for Cattle and Pigs,http://www.noahcompendium.co.uk/?id=-449171&aggregatexml=true&absoluteurls=true,N449171,true,
3f2d77b8-db83-4ec5-ab45-ae9362b20a38,2020-05-14 15:42:24.350013,2023-02-26 00:00:23.631038,,Entericolix,No MAN,Boehringer Ingelheim Animal Health UK Ltd,,Vaccine Antigens,Intramuscular,"Entericolix, emulsion for injection for pigs",http://www.noahcompendium.co.uk/?id=-461071&aggregatexml=true&absoluteurls=true,N461071,false,
6e326614-1038-410d-aefa-43cfa34a1e1a,2020-05-14 15:42:26.765292,2023-02-26 00:00:24.796816,,Footvax®,UK: Vm 01708/4553,MSD Animal Health UK Limited,,Vaccine Antigens,,Footvax,http://www.noahcompendium.co.uk/?id=-454788&aggregatexml=true&absoluteurls=true,N454788,false,181.0
ea580042-df0a-47ab-a74a-9dd1d9970577,2020-05-14 15:42:28.713288,2023-02-26 00:00:25.034287,,Gudair,Vm 30824/4002,Virbac Limited,,Vaccine Antigens,,Gudair emulsion for injection for sheep and goats,http://www.noahcompendium.co.uk/?id=-460395&aggregatexml=true&absoluteurls=true,N460395,true,527.0
26a696e8-9905-4eaa-b4d7-ee5b875ce02c,2020-05-14 15:42:28.738902,2022-10-16 00:00:36.248074,,Gutal 1000mg/g premix for medicated feeding stuff for pigs,Vm 30282/4021,Huvepharma NV,,Zinc Oxide,,Gutal 1000mg/g premix for medicated feeding stuff for pigs,http://www.noahcompendium.co.uk/?id=-452949&aggregatexml=true&absoluteurls=true,N452949,false,
77eddc46-605c-4193-b333-012349d9a65a,2020-04-19 00:00:11.207874,2023-02-26 00:00:26.083481,,Lectade Plus Powder for Oral Solution,No MAN,Elanco UK AH Limited,,Electrolytes,,Lectade Plus Powder for Oral Solution,http://www.noahcompendium.co.uk/?id=-474987&aggregatexml=true&absoluteurls=true,N474987,false,
293041e3-0bbe-458c-a0e8-ab2b08269a5d,2020-05-14 15:42:30.146667,2023-02-26 00:00:25.898101,,Ketofen 10%,No MAN,Ceva Animal Health Ltd,,Ketoprofen,,Ketofen® 10% solution for injection,http://www.noahcompendium.co.uk/?id=-453771&aggregatexml=true&absoluteurls=true,N453771,false,94.0
504f19f0-f075-4a9d-8d03-df62d29a41aa,2020-05-14 15:42:32.353894,2023-02-26 00:00:26.991227,,Metacam 15 mg/ml oral suspension for pigs,UK(NI): EU/2/97/004/041 100 ml,Boehringer Ingelheim Animal Health UK Ltd,,Meloxicam,Oral,Metacam 15 mg/ml oral suspension for pigs,http://www.noahcompendium.co.uk/?id=-447674&aggregatexml=true&absoluteurls=true,N447674,false,
7f6f9411-bfca-435f-a776-8943d985574c,2020-04-19 00:00:11.406342,2021-04-25 00:02:29.735768,,Liquid Life-Aid,No MAN,Norbrook Laboratories Ltd,,Glucose Monohydrate,,Liquid Life-Aid Oral Solution,http://www.noahcompendium.co.uk/?id=-472163&aggregatexml=true&absoluteurls=true,N472163,false,
f30bb7a5-d9d5-4d2f-97ce-63835e5a98d1,2020-05-14 15:42:30.643521,2023-02-26 00:00:26.325129,,Lincoject Injection,Vm 02000/4183,Norbrook Laboratories Ltd,,Lincomycin,,Lincoject 10% w/v Solution for Injection,http://www.noahcompendium.co.uk/?id=-470837&aggregatexml=true&absoluteurls=true,N470837,false,
b6c1f5e3-5c52-4575-961b-9aad47c4741e,2020-05-14 15:42:32.311420,2023-02-26 00:00:26.949835,,"Meloxidyl injection for cattle, pigs and horses",No MAN,Ceva Animal Health Ltd,,Meloxicam,,"Meloxidyl® 20 mg/ml solution for injection for cattle, pigs and horses",http://www.noahcompendium.co.uk/?id=-474490&aggregatexml=true&absoluteurls=true,N474490,false,
726e9201-e1cf-4d64-8ce9-6276be53df5b,2020-05-14 15:42:33.417060,2021-04-25 00:02:37.267362,,Neopen®,Vm 01708/4204.,MSD Animal Health,,Neomycin Sulfate,,Neopen® Suspension for injection,http://www.noahcompendium.co.uk/?id=-455053&aggregatexml=true&absoluteurls=true,N455053,false,52.0
35898615-508f-4cb5-a67e-dab7b0fac8ff,2020-10-04 00:02:05.868863,2023-02-26 00:00:27.176758,,MHYOSPHERE,No MAN,HIPRA UK & IRELAND LTD,,Vaccine Antigens,,MHYOSPHERE PCV ID emulsion for injection for pigs,http://www.noahcompendium.co.uk/?id=-478545&aggregatexml=true&absoluteurls=true,N478545,false,
590dcbd0-03dc-467f-bfea-b5c67fe7e1d4,2020-04-19 00:00:11.636774,2023-02-26 00:00:27.278156,,Moxodex 1 mg/ml Oral Solution for Sheep,No MAN,Chanelle Pharma,,Moxidectin,Oral,Moxodex 1 mg/ml Oral Solution for Sheep,http://www.noahcompendium.co.uk/?id=-472232&aggregatexml=true&absoluteurls=true,N472232,true,
92f573cd-8d2b-4ab4-a950-a81015604530,2020-04-19 00:00:11.697347,2023-02-26 00:00:27.367340,,NASYM,No MAN,HIPRA UK & IRELAND LTD,,Vaccine Antigens,,NASYM lyophilisate and solvent for suspension for injection or nasal spray for cattle,http://www.noahcompendium.co.uk/?id=-474672&aggregatexml=true&absoluteurls=true,N474672,false,
56f70c98-6b21-42fd-bfa6-367e1db58d57,2020-05-14 15:42:33.672477,2023-02-26 00:00:27.749731,,Noroclav LC,No MAN,Norbrook Laboratories Ltd,,Amoxicillin Trihydrate,,Noroclav Lactating Cow Intramammary,http://www.noahcompendium.co.uk/?id=-475855&aggregatexml=true&absoluteurls=true,N475855,false,
63c60c0e-e4b6-4596-9790-c6a62236eebe,2020-05-14 15:42:33.730216,2023-02-26 00:00:27.784522,,Noroclox DC,Vm 02000/4040,Norbrook Laboratories Ltd,,Cloxacillin Benzathine,,Noroclox DC 500 mg Intramammary Suspension,http://www.noahcompendium.co.uk/?id=-471060&aggregatexml=true&absoluteurls=true,N471060,false,41.0
1861b563-5140-4a5c-bdb6-c8cd57fbd86f,2020-05-14 15:42:34.194785,2023-02-26 00:00:28.240252,,Orbenin Dry Cow,Vm 42058/4088,Zoetis UK Limited,,Cloxacillin Benzathine,,Orbenin® Dry Cow,http://www.noahcompendium.co.uk/?id=-457759&aggregatexml=true&absoluteurls=true,N457759,false,234.0
22b9adff-90fc-42f0-8a94-f767ec08960f,2020-05-14 15:42:34.095820,2023-02-26 00:00:28.142109,,Octacillin 697 mg/g Powder for Use in Drinking Water for Pigs,Vm 16849/4030,Dechra Veterinary Products,,Amoxicillin Trihydrate,,Octacillin® 697 mg/g Powder for Use in Drinking Water for Pigs,http://www.noahcompendium.co.uk/?id=-475677&aggregatexml=true&absoluteurls=true,N475677,false,
fb3424d3-dce7-4cf9-909c-4631cac1796f,2020-05-14 15:42:36.565589,2023-02-26 00:00:29.330250,,Pharmasin 100g/kg Premix,V,Huvepharma NV,,Tylosin Phosphate,,"Pharmasin 100g/kg Premix for medicated feeding stuffs for pigs, broilers and pullets",http://www.noahcompendium.co.uk/?id=-453042&aggregatexml=true&absoluteurls=true,N453042,false,
7f7b7801-2e6c-41ee-b9dd-3ee1db77a4ad,2020-05-14 15:42:37.766300,2023-02-26 00:00:29.529870,,Pigfen 40mg/g premix for medicated feeding stuff for pigs,Vm 30282/4027,Huvepharma NV,,Fenbendazole,,Pigfen 40mg/g premix for medicated feeding stuff for pigs,http://www.noahcompendium.co.uk/?id=-464077&aggregatexml=true&absoluteurls=true,N464077,false,
d7202432-229d-43f9-9c30-ba43c608afc5,2020-05-14 15:42:38.557085,2021-04-25 00:02:48.026484,,PMSG-Intervet®,Vm 01708/4309.,MSD Animal Health,,Serum Gonadotrophin,,PMSG-Intervet® 5000 iu powder and solvent for solution for injection,http://www.noahcompendium.co.uk/?id=-455873&aggregatexml=true&absoluteurls=true,N455873,false,30.0
bc7a07d9-fe97-4deb-b9ca-178387d90e39,2020-05-14 15:42:38.620406,2023-02-26 00:00:29.671697,,Porcilis® APP,UK: Vm 01708/4606,MSD Animal Health UK Limited,,Vaccine Antigens,,Porcilis® APP Suspension for injection,http://www.noahcompendium.co.uk/?id=-455898&aggregatexml=true&absoluteurls=true,N455898,false,
3df1618e-ddf9-4467-8f63-dac09cdf5b91,2020-05-14 15:42:38.937651,2023-02-26 00:00:29.865382,,Porcilis® Lawsonia lyophilisate,No MAN,MSD Animal Health UK Limited,,Vaccine Antigens,,Porcilis® Lawsonia lyophilisate and solvent for emulsion for injection for pigs,http://www.noahcompendium.co.uk/?id=-475985&aggregatexml=true&absoluteurls=true,N475985,true,
729c196e-b66e-43ab-af2a-638b7acab4a8,2020-05-14 15:42:39.891671,2023-02-26 00:00:30.469176,,Regulin,No MAN,Ceva Animal Health Ltd,,Melatonin,,Regulin® 18 mg implant,http://www.noahcompendium.co.uk/?id=-474365&aggregatexml=true&absoluteurls=true,N474365,true,
b177b81e-e450-4edd-bf6e-5c98c75f2fd0,2020-05-14 15:42:38.855079,2023-02-26 00:00:29.971804,,Porcilis® Porcoli,UK(NI): EU/2/96/001/003-008,MSD Animal Health UK Limited,,Vaccine Antigens,,Porcilis® Porcoli Diluvac Forte,http://www.noahcompendium.co.uk/?id=-456020&aggregatexml=true&absoluteurls=true,N456020,false,
f4d2c808-2eca-4c28-9755-052cfc95afe6,2020-05-14 15:42:39.990738,2023-02-26 00:00:30.600797,,ReproCyc PRRS EU,Vm 08327/4301,Boehringer Ingelheim Animal Health UK Ltd,,Vaccine Antigens,Intramuscular,ReproCyc PRRS EU lyophilisate and solvent for suspension for injection for pigs,http://www.noahcompendium.co.uk/?id=-447775&aggregatexml=true&absoluteurls=true,N447775,false,
c43fa809-e5cf-4c9a-acf6-e7172b038042,2020-05-14 15:42:40.146563,2023-02-26 00:00:30.747368,,Respiporc® FLUpan H1N1,No MAN,Ceva Animal Health Ltd,,Vaccine Antigens,,Respiporc® FLUpan H1N1 suspension for injection for pigs,http://www.noahcompendium.co.uk/?id=-476072&aggregatexml=true&absoluteurls=true,N476072,false,
7e5b4ad9-f04f-4cb5-a884-544e128afb94,2020-05-14 15:42:40.959588,2023-02-26 00:00:31.400051,,Rumenil 34 mg/ml for Cattle,No MAN,Chanelle Pharma,,Oxyclozanide,Oral,Rumenil 34 mg/ml Oral Suspension for Cattle,http://www.noahcompendium.co.uk/?id=-463754&aggregatexml=true&absoluteurls=true,N463754,true,
e3df68e1-289e-45de-898e-ab9dd69aacc3,2020-05-14 15:42:40.900109,2021-04-25 00:02:57.347854,,Rompun 2% w/v Solution for Injection,No MAN,Elanco UK AH Limited,,Xylazine Hydrochloride,,Rompun® 2% w/v Solution for Injection,http://www.noahcompendium.co.uk/?id=-446696&aggregatexml=true&absoluteurls=true,N446696,false,
09e02379-ea47-49a5-a314-dd1b1e67cbd0,2020-09-27 00:02:15.688639,2023-02-26 00:00:31.614429,,Sedanol 40 mg/ml solution for injection for pigs,No MAN,Chanelle Pharma,,Azaperone,Intramuscular,Sedanol 40 mg/ml solution for injection for pigs,http://www.noahcompendium.co.uk/?id=-478327&aggregatexml=true&absoluteurls=true,N478327,false,
bb1da42f-d217-4d86-84be-3787df9f660b,2020-05-14 15:42:41.613155,2023-02-26 00:00:32.265425,,Stellamune Once,No MAN,Elanco UK AH Limited,,Vaccine Antigens,,Stellamune Once,http://www.noahcompendium.co.uk/?id=-472811&aggregatexml=true&absoluteurls=true,N472811,false,
28b07a33-249e-41fa-b81c-2d0d940bbb05,2020-05-14 15:42:41.303303,2023-02-26 00:00:31.871813,,Soludox 500 mg/g Powder for Use in Drinking Water for Pigs and Chickens,No MAN,Dechra Veterinary Products,,Doxycycline Hyclate,,Soludox® 500 mg/g Powder for Use in Drinking Water for Pigs and Chickens,http://www.noahcompendium.co.uk/?id=-475759&aggregatexml=true&absoluteurls=true,N475759,false,
d80ca297-7a7c-43a5-b68e-5213d78a76e7,2020-05-14 15:42:41.388978,2022-09-25 00:00:57.947874,,Spectam Scour Halt oral solution,No MAN,Ceva Animal Health Ltd,,Spectinomycin,,Spectam® Scour Halt oral solution 50 mg/ml,http://www.noahcompendium.co.uk/?id=-474337&aggregatexml=true&absoluteurls=true,N474337,false,
8fda00d3-6028-4bf2-9d4d-9017f3576e0a,2020-05-14 15:42:41.501509,2023-02-26 00:00:32.148355,,Stabox 5% Premix,Vm 05653/4044.,Virbac Limited,,Amoxicillin,,Stabox 5% Premix,http://www.noahcompendium.co.uk/?id=-460721&aggregatexml=true&absoluteurls=true,N460721,false,
ffb3d640-7b38-49b9-b9e1-7879f2a4ba6f,2020-05-14 15:42:42.388040,2023-02-26 00:00:32.529618,,Suvaxyn Circo,No MAN,Zoetis UK Limited,,Vaccine Antigens,Intramuscular,Suvaxyn® Circo Emulsion for injection for pigs,http://www.noahcompendium.co.uk/?id=-469828&aggregatexml=true&absoluteurls=true,N469828,false,
cb08b491-9e35-44e5-9fa6-b58ee8d47ac5,2020-10-18 00:02:27.609496,2023-02-26 00:00:33.145163,,"Tetroxy Vet 200 mg/ml solution for injection for cattle, sheep and pigs",No MAN,Bimeda,,Oxytetracycline Dihydrate,Intramuscular,"Tetroxy Vet 200 mg/ml solution for injection for cattle, sheep and pigs",http://www.noahcompendium.co.uk/?id=-478654&aggregatexml=true&absoluteurls=true,N478654,true,
2f58ee11-fb93-471b-94f7-0b60ec167e9e,2020-05-14 15:42:49.883628,2023-02-26 00:00:34.554773,,Vepured,No MAN,HIPRA UK & IRELAND LTD,,Vaccine Antigens,,Vepured,http://www.noahcompendium.co.uk/?id=-469511&aggregatexml=true&absoluteurls=true,N469511,false,
08450e2f-0be6-48e6-9822-6ed2f35e97ca,2020-05-14 15:42:56.731913,2023-02-26 00:00:35.623225,,Zerofen Worm Drench 10% Oral Suspension,Vm 11990/4001.,Chanelle Pharma,,Fenbendazole,,Zerofen Worm Drench 10% Oral Suspension,http://www.noahcompendium.co.uk/?id=-449422&aggregatexml=true&absoluteurls=true,N449422,true,3.0
