id,product_name,vm_number,active_substances,target_species,distribution_category,pharmaceutical_form,therapeutic_group,antibiotic_active_ingredient_unit,antibiotic_active_ingredient_mg_unit,antibiotic_class,antibiotic_route_of_administration,hp_cia
267,Countdown 1:4 2.72% w/v Concentrate for Teat Dip and Teat Spray Solution,03940/4063,Iodine,,AVM-GSL,Teat dip/spray solution,Antiseptic,,,,,
853,"Aftovaxpur DOE Emulsion for Injection for Cattle, Sheep and Pigs",04491/5002,Foot-and-mouth disease virus,,POM-V,Emulsion for injection,Inactivated Viral Vaccine,,,,,
1005,"Kelaprofen 100 mg/ml Solution for Injection for Cattle, Horses and Pigs",06126/5000,Ketoprofen,,POM-V,Solution for injection,Anti Inflammatory NSAID,,,,,
925,"Eprinex Multi 5 mg/ml Pour-on Solution for Cattle, Sheep and Goats",08327/4282,Eprinomectin,,POM-V,Pour-on solution,Endectocide,,,,,
1007,Coxevac Suspension for Injection for Cattle and Goats,15052/5000,Coxiella burnetii,,POM-V,Suspension for injection,Inactivated Bacterial Vaccine,,,,,
96,Masodine 1:3 2.15% w/v Concentrate for Teat Dip and Spray Solution,03940/4006,Available Iodine,,AVM-GSL,Teat dip/spray solution,Antiseptic,,,,,
86,Masodip 0.436% w/v Ready to Use Teat Dip and Teat Spray Solution,03940/4008,Chlorhexidine Gluconate,,AVM-GSL,Teat dip/spray solution,Antiseptic,,,,,
71,Masocare 0.535% w/v Ready to Use Teat Dip and Teat Spray Solution,03940/4010,Iodine,,AVM-GSL,Teat dip/spray solution,Antiseptic,,,,,
926,Aftopur DOE,08327/5001,Foot-and-mouth disease virus,,POM-V,Emulsion for injection,Inactivated Viral Vaccine,,,,,
84,Tylan Soluble Powder for Oral Solution,00879/4175,Tylosin Tartrate,,POM-V,Powder for oral solution,Antimicrobial,,1,Macrolides,Oral Solution,
876,NASYM Lyophilisate and Solvent for Suspension for Injection or Nasal Spray for Cattle,17533/5008,Bovine respiratory syncytial virus,,POM-V,Lyophilisate and solvent for suspension for injection,Live Viral Vaccine,,,,,
365,Domidine 10 mg/ml Solution for Injection for Horses and Cattle,16849/4008,Detomidine Hydrochloride,,POM-V,Solution for injection,Neurological Agent sedative,,,,,
1009,Synulox Lactating Cow Intramammary Suspension,42058/3006,"Amoxicillin, Clavulanic Acid, Prednisolone",,POM-V,Intramammary suspension,Antimicrobial intramammary; Anti Inflammatory,items,200,Penicillins,Intramammary,
1081,Ketamidor 100 mg/ml Solution for Injection , 57446/4002,Ketamine,,POM-V,Solution for injection,Neurological Agent general anaesthetic,,,,,
1026,Clik 5% Pour-on Suspension,00879/5011,Dicyclanil,,POM-VPS,Pour-on suspension,Ectoparasiticide,,,,,
911,Dicyclanil Elanco 5% Pour-on Suspension,00879/3000,Dicyclanil,,POM-VPS,Pour-on suspension,Ectoparasiticide,,,,,
1029,Bovilis Bovipast RSP,01708/3003,"Bovine parainfluenza virus 3, Bovine respiratory syncytial virus, Mannheimia haemolytica",,POM-V,Suspension for injection,Inactivated Viral and Bacterial Vaccine,,,,,
912,Flyclanil 5% Pour-on Suspension for Sheep,00879/3001,Dicyclanil,,POM-VPS,Pour-on suspension,Ectoparasiticide,,,,,
913,Dicyclafly 5% Pour-on Suspension for Sheep,00879/3002,Dicyclanil,,POM-VPS,Pour-on suspension,Ectoparasiticide,,,,,
1023,Clik 5% Pour-on Suspension,00879/3008,Dicyclanil,,POM-VPS,Pour-on suspension,Ectoparasiticide,,,,,
257,Clik 5% Pour-on Suspension,00879/4070,Dicyclanil,,POM-VPS,Pour-on suspension,Ectoparasiticide,,,,,
1024,CLiKZiN 12.5 mg/ml Pour-On Suspension for Sheep,00879/3009,Dicyclanil,,POM-VPS,Pour-on suspension,Ectoparasiticide,,,,,
1091,"Butox Swish, Pour-on Suspension 7.5 mg/ml",01708/4495,Deltamethrin,,POM-VPS,Pour-on suspension,Ectoparasiticide,,,,,
452,CLiKZiN 12.5 mg/ml Pour-On Suspension for Sheep,00879/4071,Dicyclanil,,POM-VPS,Pour-on suspension,Ectoparasiticide,,,,,
1002,"Flunixin 50 mg/ml Solution for Injection for Cattle, Horses and Pigs",02000/4170,Flunixin,,POM-V,Solution for injection,Anti Inflammatory NSAID,,,,,
710,Noroclav Intramammary Suspension for Lactating Cows,02000/4425,"Amoxicillin, Clavulanic Acid, Prednisolone",,POM-V,Intramammary suspension,Antimicrobial intramammary; Anti Inflammatory,items,200,Penicillins,Intramammary lactating cow,
846,"Molecoxan 2.5 mg/ml Oral Suspension ",01708/4647,Diclazuril,,POM-VPS,Oral suspension,Antiprotozoal anticoccidial,,,,,
920,Solantel 200mg/ml Pour-On Solution for Cattle,02000/4442,Closantel Sodium Dihydrate,,POM-VPS,Pour-on solution,Anthelmintic flukicide,,,,,
1008,Closamectin Solution for Injection for Cattle and Sheep,02000/5008,"Closantel, Ivermectin",,POM-VPS,Solution for injection,Endectocide,,,,,
588,"Sodium Chloride 0.9 g/100 ml B. Braun Vet Care Solution for Infusion for Cattle, Horse, Sheep, Goat, Pig, Dog and Cat",03551/4005,Sodium Chloride,,POM-V,Solution for infusion,Replacement Agent,,,,,
194,Countdown HE 0.535% w/v Ready to Use Teat Dip and Teat Spray Solution,03940/4013,Available Iodine,,AVM-GSL,Teat dip/spray solution,Antiseptic,,,,,
29,Zanil Fluke Drench 34 mg/ml Oral Suspension,01708/4595,Oxyclozanide,,POM-VPS,Oral suspension,Anthelmintic flukicide,,,,,
999,"Mastiplan LC, 300 mg/20 mg (Cefapirin/Prednisolone), Intramammary Suspension for Lactating Cows ",01708/5077,"Cefapirin, Prednisolone",,POM-V,Intramammary suspension,Antimicrobial intramammary; Anti Inflammatory,,,,,
103,Levafas Diamond Oral Suspension,02000/4080,"Levamisole Hydrochloride, Oxyclozanide",,POM-VPS,Oral suspension,Anthelmintic flukicide,,,,,
282,Visqodip 0.535% w/v Ready to Use Teat Dip Solution,03940/4066,Available Iodine,,AVM-GSL,Teat dip solution,Antiseptic,,,,,
825,Vecoxan 2.5 mg/ml Oral Suspension,01708/4648,Diclazuril,,POM-VPS,Oral suspension,Antiprotozoal anticoccidial,,,,,
847,Bravoxin Suspension for Injection for Cattle and Sheep ,01708/4649,"Clostridium chauvoei, Clostridium haemolyticum, Clostridium novyi, Clostridium perfringens, Clostridium septicum, Clostridium sordellii, Clostridium tetani",,POM-VPS,Suspension for injection,Inactivated Bacterial Vaccine,,,,,
852,"Loxicom 20 mg/ml Solution for Injection for Cattle, Pigs and Horses",02000/5005,Meloxicam,,POM-V,Solution for injection,Anti Inflammatory NSAID,,,,,
232,Masodip Extra 0.436% w/v Ready to Use Teat Dip and Teat Spray Solution,03940/4055,Chlorhexidine Gluconate,,AVM-GSL,Teat dip/spray solution,Antiseptic,,,,,
1025,CLiK Extra 65 mg/ml Pour-On Suspension for Sheep,00879/3010,Dicyclanil,,POM-VPS,Pour-on suspension,Ectoparasiticide,,,,,
918,Cepralock 2.6 g Intramammary Suspension for Dry Cows,01708/4640,Bismuth Subnitrate,,POM-V,Intramammary suspension,Miscellaneous mechanical teat seal ,,,,,
135,Alcide Uddergold Platinum Concentrates (Base and Activator) for Teat Dip Solution for Cattle (Dairy),04509/4014,"Chlorous Acid, Lactic Acid ",,AVM-GSL,Teat dip solution,Antiseptic,,,,,
388,Chloromed 150 mg/g Oral Powder for Calves,05150/4001,Chlortetracycline Hydrochloride,,POM-V,Oral powder,Antimicrobial,g,150,Tetracyclines,Oral Powder,
969,Rilexine DC 375 mg Intramammary Suspension for Dry Cows,05653/3000,Cefalexin,,POM-V,Intramammary suspension,Antimicrobial intramammary,,,,,
408,"Virbamec Super 10 mg/ml, 100 mg/ml Solution for Injection",05653/4155,"Clorsulon, Ivermectin",,POM-VPS,Solution for injection,Endectocide,,,,,
101,Prosolvin 7.5 mg/ml Solution for Injection,05653/4158,Luprostiol,,POM-V,Solution for injection,Prostaglandin,,,,,
339,Cephaguard DC 150 mg Intramammary Ointment,05653/4163,Cefquinome,,POM-V,Intramammary ointment,Antimicrobial intramammary,items,150,3rd 4th cephalosporins,Intramammary dry cow,
558,Deltafort 10 mg/ml Pour-on Solution,05653/4170,Deltamethrin,,POM-VPS,Pour-on solution,Ectoparasiticide,,,,,
736,"Bovilis INtranasal RSP Live, Nasal Spray, Lyophilisate and Solvent for Suspension for Cattle",01708/4612,"Bovine parainfluenza virus 3, Bovine respiratory syncytial virus",,POM-V,"Nasal spray, lyophilisate for suspension",Live Viral Vaccine,,,,,
1014,"Kelaprofen 100 mg/ml Solution for Injection for Cattle, Horses and Pigs",06126/3000,Ketoprofen,,POM-V,Solution for injection,Anti Inflammatory NSAID,,,,,
160,Combinex Cattle Oral Suspension,00879/4083,"Levamisole Hydrochloride, Triclabendazole",,POM-VPS,Oral suspension,Anthelmintic flukicide,,,,,
246,Pulmotil AC 250 mg/ml Concentrate for Oral Solution for Use in Drinking Water or Milk Replacer,00879/4168,Tilmicosin,,POM-V,Concentrate for oral solution,Antimicrobial,ml,250,Macrolides,Oral Solution,
439,"Baycox 50 mg/ml Oral Suspension for Piglets, Calves and Lambs",00010/4170,Toltrazuril,,POM-V,Oral suspension,Antiprotozoal anticoccidial,,,,,
1082,Closamectin Solution for Injection for Cattle and Sheep,02000/3000,"Closantel, Ivermectin",,POM-VPS,Solution for injection,Endectocide,,,,,
696,Ubroseal Blue Dry Cow 2.6 g Intramammary Suspension for Cattle,05150/4006,Bismuth Subnitrate,,POM-V,Intramammary suspension,Miscellaneous mechanical teat seal ,,,,,
1020,Flovuxin 300/16.5 mg/ml Solution for Injection for Cattle,01656/3033,"Florfenicol, Flunixin",,POM-V,Solution for injection,Antimicrobial; Anti Inflammatory,ml,300,Amphenicols,Injection,
1027,CLiKZiN 12.5 mg/ml Pour-On Suspension for Sheep,00879/5012,Dicyclanil,,POM-VPS,Pour-on suspension,Ectoparasiticide,,,,,
1006,"Xylexx 20 mg/ml Solution for Injection for Cattle, Horses, Dogs and Cats",36408/3007,Xylazine,,POM-V,Solution for injection,Neurological Agent sedative,,,,,
1010,Synulox Lactating Cow Intramammary Suspension,42058/5105,"Amoxicillin, Clavulanic Acid, Prednisolone",,POM-V,Intramammary suspension,Antimicrobial intramammary; Anti Inflammatory,,,,,
849,Bovilis BTV8 Suspension for Injection for Cattle and Sheep,01708/5013,Bluetongue virus,,POM-V,Suspension for injection,Inactivated Viral Vaccine,,,,,
1028,CLiK Extra 65 mg/ml Pour-On Suspension for Sheep,00879/5013,Dicyclanil,,POM-VPS,Pour-on suspension,Ectoparasiticide,,,,,
1021,Flovuxin 300/16.5 mg/ml Solution for Injection for Cattle,01656/5033,"Florfenicol, Flunixin",,POM-V,Solution for injection,Antimicrobial; Anti Inflammatory,,,,,
850,Halocur 0.5 mg/ml Oral Solution for Calves,01708/5037,Halofuginone,,POM-V,Oral solution,Antiprotozoal,,,,,
851,Zuprevo 180 mg/ml Solution for Injection for Cattle,01708/5060,Tildipirosin,,POM-V,Solution for injection,Antimicrobial,ml,180,Macrolides,Injection,
16,Clinidip 2.5 % w/v Superconcentrate Concentrate for Teat Dip or Teat Spray Solution,01808/4011,Iodine,,AVM-GSL,Teat dip/spray solution,Antiseptic,,,,,
292,Venture 321 Teat Dip and Teat Spray Solution 2.15% w/v,03940/4082,Available Iodine,,AVM-GSL,Teat dip/spray solution,Antiseptic,,,,,
299,Masocare Extra 0.535% w/v Ready to Use Teat Dip and Teat Spray Solution,03940/4085,Iodine,,AVM-GSL,Teat dip/spray solution,Antiseptic,,,,,
987,Fencovis Suspension for Injection,04491/3000,"Bovine coronavirus, Bovine rotavirus, Escherichia coli",,POM-V,Suspension for injection,Inactivated Viral and Bacterial Vaccine,,,,,
854,Bovela Lyophilisate and Solvent for Suspension for Injection for Cattle,04491/5004,Bovine viral diarrhoea virus,,POM-V,Lyophilisate and solvent for suspension for injection,Live Viral Vaccine,,,,,
855,BTVPUR Suspension for Injection for Sheep and Cattle,04491/5007,Bluetongue virus,,POM-V,Suspension for injection,Inactivated Viral Vaccine,,,,,
856,"Metacam 20 mg/ml Solution for Injection for Cattle, Pigs and Horses",04491/5021,Meloxicam,,POM-V,Solution for injection,Anti Inflammatory NSAID,,,,,
857,Metacam 40 mg/ml Solution for Injection for Cattle and Horses,04491/5023,Meloxicam,,POM-V,Solution for injection,Anti Inflammatory NSAID,,,,,
858,Metacam 5 mg/ml Solution for Injection for Cattle and Pigs,04491/5024,Meloxicam,,POM-V,Solution for injection,Anti Inflammatory NSAID,,,,,
840,"Zactran 150 mg/ml Solution for Injection for cattle, sheep and pigs",04491/5061,Gamithromycin,,POM-V,Solution for injection,Antimicrobial,ml,150,Macrolides,Injection,
716,Arentor DC 250mg  Intramammary Suspension for Dry Cows ,05150/4007,Cephalonium,,POM-V,Intramammary suspension,Antimicrobial intramammary,items,250,1st 2nd cephalosporins,Intramammary dry cow,
729,"Trymox LA 150 mg/ml Suspension for Injection for Cattle, Sheep, Pigs, Dogs, Cats",05150/4008,Amoxicillin,,POM-V,Suspension for injection,Antimicrobial,ml,150,Penicillins,Injection,
1012,"Tulissin 100 mg/ml Solution for Injection for Cattle, Pigs and Sheep",05653/5019,Tulathromycin,,POM-V,Solution for injection,Antimicrobial,ml,100,Macrolides,Injection,
1013,Cyclix 250 microgram/ml Solution for Injection for Cattle,05653/5038,Cloprostenol,,POM-V,Solution for injection,Prostaglandin,,,,,
50,Multiject IMM Intramammary Suspension,02000/4062,"Neomycin Sulphate, Prednisolone, Procaine Benzylpenicillin, Streptomycin Sulphate",,POM-V,Intramammary suspension,Antimicrobial intramammary; Anti Inflammatory,items,260,Multiple actives,Intramammary lactating cow,
275,Calciject 20 CMD Solution for Injection,02000/4189,"Boric Acid, Calcium, Glucose, Magnesium",,POM-VPS,Solution for injection,Mineral,,,,,
287,Venture IO-Care 0.535% w/v Ready to Use Teat Dip and Teat Spray Solution,03940/4067,Available Iodine,,AVM-GSL,Teat dip/spray solution,Antiseptic,,,,,
244,Xylapan 20 mg Solution for Injection,08007/4091,Xylazine,,POM-V,Solution for injection,Neurological Agent sedative,,,,,
1004,"Enrotron 50 mg/ml Solution for Injection for Cattle, Sheep, Goats, Pigs, Dogs and Cats",24745/4030,Enrofloxacin,,POM-V,Solution for injection,Antimicrobial,ml,50,Fluoroquinolones,Injection,
881,"Melovem 20 mg/ml Solution for Injection for Cattle, Pigs and Horses",28365/5000,Meloxicam,,POM-V,Solution for injection,Anti Inflammatory NSAID,,,,,
1015,"Metaxx 20 mg/ml Solution for Injection for Cattle, Pigs and Horses ",36408/3008,Meloxicam,,POM-V,Solution for injection,Anti Inflammatory NSAID,,,,,
451,"Ceftiocyl 50 mg/ml, Suspension for Injection for Cattle and Pigs",08007/4122,Ceftiofur,,POM-V,Suspension for injection,Antimicrobial,ml,50,3rd 4th cephalosporins,Injection,
1031,Resflor 300/16.5 mg/ml Solution for Injection for Cattle,01708/3014,"Florfenicol, Flunixin",,POM-V,Solution for injection,Antimicrobial; Anti Inflammatory,ml,300,Amphenicols,Injection,
1016,"Metaxx 5 mg/ml Solution for Injection for Cattle, Pigs, Dogs and Cats ",36408/3009,Meloxicam,,POM-V,Solution for injection,Anti Inflammatory NSAID,,,,,
1033,Bovilis Bovipast RSP,01708/5069,"Bovine parainfluenza virus 3, Bovine respiratory syncytial virus, Mannheimia haemolytica",,POM-V,Suspension for injection,Inactivated Viral and Bacterial Vaccine,,,,,
1034,Finadyne Transdermal 50 mg/ml Pour-on Solution for Cattle,01708/5080,Flunixin,,POM-V,Pour-on solution,Anti Inflammatory NSAID,,,,,
487,"Kelaprofen 100 mg/ml Solution for Injection for Cattle, Horses and Pigs",06126/4000,Ketoprofen,,POM-V,Solution for injection,Anti Inflammatory NSAID,,,,,
1017,"Cadorex 300 mg/ml Solution for Injection for Cattle, Sheep and Pigs",43173/3001,Florfenicol,,POM-V,Solution for injection,Antimicrobial,ml,300,Amphenicols,Injection,
1018,"Cadorex 300 mg/ml Solution for Injection for Cattle, Sheep and Pigs",43173/5001,Florfenicol,,POM-V,Solution for injection,Antimicrobial,,,,,
333,Ivertin 10 mg/ml Solution for Injection for Cattle and Pigs,06126/4008,Ivermectin,,POM-VPS,Solution for injection,Endectocide,,,,,
1032,Molecoxan 2.5 mg/ml Oral Suspension,01708/4647,Diclazuril,,POM-VPS,Oral suspension,Antiprotozoal anticoccidial,,,,,
120,"Tylan 200, 200 mg/ml Solution for Injection ",00006/4098,Tylosin,,POM-V,Solution for injection,Antimicrobial,ml,200,macro,Injectable,
118,Alamycin 100 mg/ml Solution for Injection ,02000/4037,Oxytetracycline Hydrochloride,,POM-V,Solution for injection,Antimicrobial,ml,100,Tetracyclines,Injection,
19,Lactaclox Intramammary Infusion,02000/4044,"Ampicillin, Cloxacillin",,POM-V,Intramammary suspension,Antimicrobial intramammary,items,275,Multiple actives,Intramammary lactating cow,
914,Dicyclanil Elanco 5% Pour-on Suspension,00879/5001,Dicyclanil,,POM-VPS,Pour-on suspension,Ectoparasiticide,,,,,
473,Forcyl 160 mg/ml Solution for Injection for Cattle,08007/4130,Marbofloxacin,,POM-V,Solution for injection,Antimicrobial,ml,160,Fluoroquinolones,Injection,
42,Golden Hoof Plus 99.6% w/w Powder for Cutaneous Solution,06077/4001,Zinc Sulphate Hexahydrate,,AVM-GSL,Powder for cutaneous solution,Antiseptic,,,,,
864,"Tulissin 100, Solution for Injection for Cattle, Pigs and Sheep",05653/5019,Tulathromycin,,POM-V,Solution for injection,Antimicrobial,ml,100,Macrolides,Injection,
1003,"Enrotron 100 mg/ml Solution for Injection for Cattle, Sheep, Goats, and Pigs",24745/4028,Enrofloxacin,,POM-V,Solution for injection,Antimicrobial,ml,100,Fluoroquinolones,Injection,
173,Combinex Oral Suspension,00879/4084,"Levamisole Hydrochloride, Triclabendazole",,POM-VPS,Oral suspension,Anthelmintic flukicide,,,,,
175,Estrumate 250 µg/ml Solution for Injection,01708/4598,Cloprostenol,,POM-V,Solution for injection,Prostaglandin,,,,,
1035,Resflor 300/16.5 mg/ml Solution for Injection for Cattle,01708/5081,"Florfenicol, Flunixin",,POM-V,Solution for injection,Antimicrobial; Anti Inflammatory,,,,,
99,Bovaclox DC Intramammary Suspension,02000/4046,"Ampicillin, Cloxacillin",,POM-V,Intramammary suspension,Antimicrobial intramammary,items,750,Multiple actives,Intramammary dry cow,
56,Levacide 7.5% Solution for Injection,02000/4049,Levamisole Hydrochloride,,POM-VPS,Solution for injection,Anthelmintic,,,,,
310,Action Super Teat Dip 1:3 Teat Dip and Teat Spray Solution 2.15% w/v,03940/4068,Available Iodine,,AVM-GSL,Teat dip/spray solution,Antiseptic,,,,,
576,Neoprinil Pour-on 5 mg/ml Pour-on Solution for Cattle,05653/4177,Eprinomectin,,POM-VPS,Pour-on solution,Endectocide,,,,,
266,Virbamec 1.0% w/v Solution for Injection for Cattle and Swine,05653/4204,Ivermectin,,POM-VPS,Solution for injection,Endectocide,,,,,
114,Golden Hoof 100% w/w Powder for Cutaneous Solution,06077/4000,Zinc Sulphate Hexahydrate,,AVM-GSL,Powder for cutaneous solution,Antiseptic,,,,,
865,"LYDAXX 100 mg/ml Solution for Injection for Cattle, Pigs and Sheep",06462/5003,Tulathromycin,,POM-V,Solution for injection,Antimicrobial,ml,100,Macrolides,Injection,
203,Marbocyl Bolus 50 mg Tablet,08007/4073,Marbofloxacin,,POM-V,Tablet,Antimicrobial,items,50,Fluoroquinolones,Bolus,
659,Bioestrovet 0.250 mg/ml Solution for Injection for Cattle,08007/4147,Cloprostenol,,POM-V,Solution for injection,Prostaglandin,,,,,
421,"Kenocidin Spray and Dip Chlorhexidine Digluconate 5mg/ml, Teat Dip / Teat Spray Solution for Cattle (Dairy)",22136/4003,Chlorhexidine Gluconate,,AVM-GSL,Teat dip/spray solution,Antiseptic,,,,,
193,Action Actodip Supreme 0.535% w/v Ready to Use Teat Dip and Teat Spray Solution,03940/4019,Available Iodine,,AVM-GSL,Teat dip/spray solution,Antiseptic,,,,,
554,Kelacyl 100 mg/ml Solution for Injection for Cattle and Pigs,06126/4006,Marbofloxacin,,POM-V,Solution for injection,Antimicrobial,ml,100,Fluoroquinolones,Injection,
862,Ivermectin Virbac 10 mg/ml Solution for Injection ,05653/4203,Ivermectin,,POM-VPS,Solution for injection,Endectocide,,,,,
500,Florfenikel 300 mg/ml Solution for Injection for Cattle and Pigs ,06126/4001,Florfenicol,,POM-V,Solution for injection,Antimicrobial,ml,300,Amphenicols,Injection,
557,"Cefokel 50 mg/ml, Suspension for Injection for Pigs and Cattle ",06126/4007,Ceftiofur,,POM-V,Suspension for injection,Antimicrobial,ml,50,3rd 4th cephalosporins,Injection,
312,1:3 Concentrate Teat Dip/Teat Spray Solution and Udder Wash 2.15% w/v,03940/4074,Available Iodine,,AVM-GSL,Teat dip/spray solution,Antiseptic,,,,,
1036,Cyclix 250 microgram/ml Solution for Injection for Cattle,05653/3009,Cloprostenol,,POM-V,Solution for injection,Prostaglandin,,,,,
216,"Panomec Injection for Cattle, Sheep and Pigs (Ivermectin)",08327/4193,Ivermectin,,POM-VPS,Solution for injection,Endectocide,,,,,
510,Molemec Drench for Sheep 0.8 mg/ml Oral Solution,08327/4249,Ivermectin,,POM-VPS,Oral solution,Endectocide,,,,,
512,Molemec Injection for Cattle and Sheep 10 mg/ml Solution for Injection,08327/4251,Ivermectin,,POM-VPS,Solution for injection,Endectocide,,,,,
567,Molemec Super Solution for Injection for Cattle,08327/4253,"Clorsulon, Ivermectin",,POM-VPS,Solution for injection,Endectocide,,,,,
104,Bisolvon 10 mg/g Oral Powder,08327/4290,Bromhexine Hydrochloride,,POM-V,Oral powder,Respiratory mucolytic,,,,,
1039,Ubrolexin Intramammary Suspension for Lactating Dairy Cows,08327/5009,"Cefalexin, Kanamycin",,POM-V,Intramammary suspension,Antimicrobial intramammary,,,,,
882,Melovem 30 mg/ml Solution for Injection for Cattle and Pigs,28365/5001,Meloxicam,,POM-V,Solution for injection,Anti Inflammatory NSAID,,,,,
166,Eprinex Pour-on for Beef and Dairy Cattle (Eprinomectin),08327/4157,Eprinomectin,,POM-VPS,Pour-on solution,Endectocide,,,,,
653,Pharmasin 200 mg/ml Solution for Injection for Cattle and Pigs,30282/4028,Tylosin,,POM-V,Solution for injection,Antimicrobial,ml,200,Macrolides,Injection,
939,"Trovex 1 mg/ml Suspension for Injection for Cattle, Horses, Pigs, Cats and Dogs.",34534/4008,Dexamethasone Isonicotinate,,POM-V,Suspension for injection,Anti Inflammatory corticosteroid,,,,,
190,Ivomec Super Injection for Cattle (Ivermectin and Clorsulon)	,08327/4167,"Clorsulon, Ivermectin",,POM-VPS,Solution for injection,Endectocide,,,,,
12,"Silkidip 0.5% w/v Teat Dip/Teat Spray, Solution - Ready to Use",01808/4009,Iodine,,AVM-GSL,Teat dip/spray solution,Antiseptic,,,,,
924,EpriMole 5 mg/ml Pour-on Solution for Cattle,08327/4281,Eprinomectin,,POM-VPS,Pour-on solution,Endectocide,,,,,
27,Planipart Solution for Injection 30 micrograms/ml,08327/4299,Clenbuterol Hydrochloride,,POM-V,Solution for injection,Neurological Agent uterine relaxant,,,,,
109,Calciject 40 Solution for Injection,02000/4069,"Boric Acid, Calcium",,POM-VPS,Solution for injection,Mineral,,,,,
14,Betamox LA 150 mg/ml Suspension for Injection,02000/4070,Amoxicillin,,POM-V,Suspension for injection,Antimicrobial,ml,150,Penicillins,Injection,
21,Baytril 50 mg/ml Solution for Injection,00879/4119,Enrofloxacin,,POM-V,Solution for injection,Antimicrobial,ml,50,Fluoroquinolones,Injection,
915,Flyclanil 5% Pour-on Suspension for Sheep,00879/5002,Dicyclanil,,POM-VPS,Pour-on suspension,Ectoparasiticide,,,,,
93,Ketosaid 99.96% w/w Oral Solution,02000/4072,Propylene Glycol,,AVM-GSL,Oral solution,Gastrointestinal metabolic,,,,,
1037,"Bovalto Respi Intranasal, Nasal Spray, Lyophilisate and Solvent for Suspension",08327/3005,"Bovine parainfluenza virus 3, Bovine respiratory syncytial virus",,POM-V,"Nasal spray, suspension",Live Viral Vaccine,,,,,
45,Opticlox Eye Ointment 16.7% w/w,02000/4075,Cloxacillin,,POM-V,Eye ointment,Antimicrobial,,,,,
463,"B. Braun Vet Care Hartmann's Lactated Ringers Solution for Infusion for Cattle, Horses, Sheep, Goats, Pigs, Dogs and Cats",03551/4004,"Calcium Chloride Dihydrate, Potassium Chloride, Sodium (S)-Lactate, Sodium Chloride",,POM-V,Solution for infusion,Replacement Agent,,,,,
20,Amfipen LA 100 mg/ml Suspension for Injection,01708/4233,Ampicillin,,POM-V,Suspension for injection,Antimicrobial,ml,100,Penicillins,Injection,
1038,"Bovalto Respi Intranasal, Nasal Spray, Lyophilisate and Solvent for Suspension",08327/5006,"Bovine parainfluenza virus 3, Bovine respiratory syncytial virus",,POM-V,"Nasal spray, suspension",Live Viral Vaccine,,,,,
916,Dicyclafly 5% Pour-on Suspension for Sheep,00879/5003,Dicyclanil,,POM-VPS,Pour-on suspension,Ectoparasiticide,,,,,
233,Bovilis BVD Suspension for Injection for Cattle,01708/4616,Bovine viral diarrhoea virus,,POM-V,Suspension for injection,Inactivated Viral Vaccine,,,,,
268,Enovex 0.5% w/v Pour-on Solution for Cattle,02000/4191,Ivermectin,,POM-VPS,Pour-on solution,Endectocide,,,,,
227,Masocare 1:4 2.72% w/v Concentrate for Teat Dip and Spray Solution,03940/4053,Iodine,,AVM-GSL,Teat dip/spray solution,Antiseptic,,,,,
581,"Curacef Duo, 50 mg/ml / 150 mg/ml, Suspension for Injection for Cattle",05653/4178,"Ceftiofur, Ketoprofen",,POM-V,Suspension for injection,Antimicrobial; Anti Inflammatory,ml,50,3rd 4th cephalosporins,Injection,
195,Marbocyl 2% Solution for Injection,08007/4148,Marbofloxacin,,POM-V,Solution for injection,Antimicrobial,ml,20,Fluoroquinolones,Injection,
159,Marbocyl 10% Solution for Injection,08007/4149,Marbofloxacin,,POM-V,Solution for injection,Antimicrobial,ml,100,Fluoroquinolones,Injection,
921,Permaway 600 mg Intramammary Suspension for Cattle,08007/4152,Cloxacillin,,POM-V,Intramammary suspension,Antimicrobial intramammary,items,600,Penicillins,Intramammary,
922,Aftopur DOE,08327/3001,Foot-and-mouth disease virus,,POM-V,Emulsion for injection,Inactivated Viral Vaccine,,,,,
923,Aftopur AlSap,08327/3002,Foot-and-mouth disease virus,,POM-V,Suspension for injection,Inactivated Viral Vaccine,,,,,
1075,Bovalto Respi 3 Suspension for Injection for Cattle,08327/3008,"Bovine parainfluenza virus 3, Bovine respiratory syncytial virus, Mannheimia haemolytica",,POM-V,Suspension for injection,Inactivated Viral and Bacterial Vaccine,,,,,
196,Ivomec Classic Pour-on for Cattle,08327/4169,Ivermectin,,POM-VPS,Pour-on solution,Endectocide,,,,,
204,Oramec Drench (Ivermectin),08327/4191,Ivermectin,,POM-VPS,Oral solution,Endectocide,,,,,
1019,"Synchromate 0.25mg/ml, Solution for Injection for Cattle and Horses",54375/5000,Cloprostenol,,POM-V,Solution for injection,Prostaglandin,,,,,
638,Bovalto Respi 4 Suspension for Injection ,08327/4274,"Bovine parainfluenza virus 3, Bovine respiratory syncytial virus, Bovine viral diarrhoea virus, Mannheimia haemolytica",,POM-V,Suspension for injection,Inactivated Viral and Bacterial Vaccine,,,,,
713,"Bovalto Respi Intranasal, Nasal Spray, Lyophilisate and Solvent for Suspension",08327/4289,"Bovine parainfluenza virus 3, Bovine respiratory syncytial virus",,POM-V,"Nasal spray, suspension",Live Viral Vaccine,,,,,
198,Ivomec Classic Injection for Cattle and Sheep (Ivermectin),08327/4188,Ivermectin,,POM-VPS,Solution for injection,Endectocide,,,,,
867,Inflacam 5 mg/ml Solution for Injection for Cattle and Pigs,08749/5014,Meloxicam,,POM-V,Solution for injection,Anti Inflammatory NSAID,,,,,
869,Rheumocam 5 mg/ml Solution for Injection for Cattle and Pigs,08749/5025,Meloxicam,,POM-V,Solution for injection,Anti Inflammatory NSAID,,,,,
1042,"Dalmazin, 75 Micrograms/ml, Solution for Injection for Cows and Sows",11557/5003,Cloprostenol,,POM-V,Solution for injection,Prostaglandin,,,,,
971,"Chanaxin 100 mg/ml Solution for Injection for Cattle, Pigs and Sheep",08749/5027,Tulathromycin,,POM-V,Solution for injection,Antimicrobial,ml,100,Macrolides,Injection,
435,"Enrocare 50 mg/ml Solution for Injection for Cattle, Pigs, Dogs and Cats",10347/4029,Enrofloxacin,,POM-V,Solution for injection,Antimicrobial,ml,50,Fluoroquinolones,Injection,
1043,Animec 10 mg/ml Solution for Injection for Cattle and Pigs,11990/3001,Ivermectin,,POM-VPS,Solution for injection,Endectocide,,,,,
1044,Animec 10 mg/ml Solution for Injection for Cattle and Pigs,11990/5001,Ivermectin,,POM-VPS,Solution for injection,Endectocide,,,,,
1030,Finadyne Transdermal 50 mg/ml Pour-on Solution for Cattle,01708/3013,Flunixin,,POM-V,Pour-on solution,Anti Inflammatory NSAID,,,,,
108,Levacide Low Volume 7.5% Oral Solution,02000/4081,Levamisole Hydrochloride,,POM-VPS,Oral solution,Anthelmintic,,,,,
641,Epricert 5 mg/ml Pour-on Solution for Beef & Dairy Cattle,08749/4060,Eprinomectin,,POM-VPS,Pour-on solution,Endectocide,,,,,
192,Bovalto Pastobov,08327/4173,Mannheimia haemolytica,,POM-V,Suspension for injection,Inactivated Bacterial Vaccine,,,,,
970,Fencovis Suspension for Injection,08327/5000,"Bovine coronavirus, Bovine rotavirus, Escherichia coli",,POM-V,Suspension for injection,Inactivated Viral and Bacterial Vaccine,,,,,
1077,Bovalto Respi 3 Suspension for Injection for Cattle,08327/5010,"Bovine parainfluenza virus 3, Bovine respiratory syncytial virus, Mannheimia haemolytica",,POM-V,Suspension for injection,Inactivated Viral and Bacterial Vaccine,,,,,
254,Aftopur DOE,08327/4162,Foot-and-mouth disease virus,,POM-V,Emulsion for injection,Inactivated Viral Vaccine,,,,,
253,Aftopur AlSap,08327/4163,Foot-and-mouth disease virus,,POM-V,Suspension for injection,Inactivated Viral Vaccine,,,,,
305,Benzimole 25 mg/ml SC Oral Suspension,08749/4040,"Albendazole, Cobalt, Selenium",,POM-VPS,Oral suspension,Anthelmintic,,,,,
637,Bovalto Respi 3 Suspension for Injection for Cattle,08327/4273,"Bovine parainfluenza virus 3, Bovine respiratory syncytial virus, Mannheimia haemolytica",,POM-V,Suspension for injection,Inactivated Viral and Bacterial Vaccine,,,,,
304,Levasure 7.5% w/v Oral Solution,08749/4041,Levamisole Hydrochloride,,POM-VPS,Oral solution,Anthelmintic,,,,,
628,Euthoxin 500 mg/ml Solution for Injection,08749/4055,Pentobarbital Sodium,,POM-V,Solution for injection,Neurological Agent euthanasia agent,,,,,
595,EpriMole 5 mg/ml Pour-on Solution for Beef and Dairy Cattle,08327/4281,Eprinomectin,,POM-VPS,Pour-on solution,Endectocide,,,,,
616,"Eprinex Multi 5 mg/ml Pour-on for Beef and Dairy Cattle, Sheep and Goats",08327/4282,Eprinomectin,,POM-V,Pour-on solution,Endectocide,,,,,
22,"Alamycin Aerosol 3.58% w/w Cutaneous Spray, Solution",02000/4053,Oxytetracycline Hydrochloride,,POM-V,"Cutaneous spray, solution",Antimicrobial,,,,,
529,Marbodug 100 mg/ml Solution for Injection for Cattle and Pigs,34534/4009,Marbofloxacin,,POM-V,Solution for injection,Antimicrobial,ml,100,Fluoroquinolones,Injection,
58,Norodine 24 Solution for Injection,02000/4061,"Sulfadiazine, Trimethoprim",,POM-V,Solution for injection,Antimicrobial,ml,240,Trim-sulph,Injection,
1089,Closamectin 5 mg/ml/125 mg/ml Solution for Injection for Sheep,02000/4262,"Closantel, Ivermectin",,POM-VPS,Solution for injection,Endectocide,,,,,
998,"Mastiplan LC, 300 mg/20 mg (Cefapirin/Prednisolone), Intramammary Suspension for Lactating Cows ",01708/3010,"Cefapirin, Prednisolone",,POM-V,Intramammary suspension,Antimicrobial intramammary; Anti Inflammatory,items,300,1st 2nd cephalosporins,Intramammary,
1040,Epricert 5 mg/ml Pour-on Solution for Beef and Dairy Cattle,08749/4060,Eprinomectin,,POM-VPS,Pour-on solution,Endectocide,,,,,
642,Unomec 5 mg/ml Pour-on Solution for Beef and Dairy Cattle,08749/4061,Eprinomectin,,POM-VPS,Pour-on solution,Endectocide,,,,,
663,"Chanox Multi 50 mg/ml Oral Suspension for Piglets, Calves and Lambs",08749/4071,Toltrazuril,,POM-V,Oral suspension,Antiprotozoal anticoccidial,,,,,
682,Dycoxan 2.5 mg/ml Oral Suspension for Sheep and Cattle,08749/4085,Diclazuril,,POM-VPS,Oral suspension,Antiprotozoal anticoccidial,,,,,
1041,"Dalmazin, 75 Micrograms/ml, Solution for Injection for Cows and Sows",11557/3001,Cloprostenol,,POM-V,Solution for injection,Prostaglandin,,,,,
528,Marbodug 20 mg/ml Solution for Injection for Cattle and Pigs,34534/4010,Marbofloxacin,,POM-V,Solution for injection,Antimicrobial,ml,20,Fluoroquinolones,Injection,
832,Baytril Max 100 mg/ml Solution for Injection for Cattle and Pigs,00879/4123,Enrofloxacin,,POM-V,Solution for injection,Antimicrobial,ml,100,Fluoroquinolones,Injection,
152,Bovilis Ringvac,01708/4619,Trichophyton verrucosum,,POM-V,Lyophilisate and solvent for suspension for injection,Live Fungal Vaccine,,,,,
13,Clinidip L Concentrate 2.0% w/v Concentrate for Teat Dip or Teat Spray Solution,01808/4010,Iodine,,AVM-GSL,Teat dip/spray solution,Antiseptic,,,,,
640,Epromec 5 mg/ml Pour-on Solution for Beef and Dairy Cattle,08749/4059,Eprinomectin,,POM-VPS,Pour-on solution,Endectocide,,,,,
623,"Fendicam 20 mg/ml Solution for Injection for Cattle, Pigs and Horses",08749/4090,Meloxicam,,POM-V,Solution for injection,Anti Inflammatory NSAID,,,,,
866,"Inflacam 20 mg/ml Solution for Injection for Cattle, Pigs and Horses",08749/5013,Meloxicam,,POM-V,Solution for injection,Anti Inflammatory NSAID,,,,,
868,"Rheumocam 20 mg/ml Solution for Injection for Cattle, Pigs and Horses",08749/5022,Meloxicam,,POM-V,Solution for injection,Anti Inflammatory NSAID,,,,,
495,"Ubrostar Red 100 mg / 280 mg / 100 mg, Intramammary Suspension for Cattle",08327/4307,"Benethamine Penicillin, Framycetin Sulphate, Penethamate hydriodide, non-micronised",,POM-V,Intramammary suspension,Antimicrobial,items,330.8,Multiple actives,Intramammary dry cow,
410,Ubrolexin Intramammary Suspension for Lactating Dairy Cows,08327/4306,"Cefalexin, Kanamycin",,POM-V,Intramammary suspension,Antimicrobial intramammary,items,326,Multiple actives,Intramammary lactating cow,
40,Pen & Strep Suspension for Injection,02000/4100,"Dihydrostreptomycin Sulphate, Procaine Benzylpenicillin",,POM-V,Suspension for injection,Antimicrobial,ml,364,Multiple actives,Injection,
90,Calciject LV Solution for Injection,02000/4124,"Boric Acid, Calcium, Magnesium",,POM-VPS,Solution for injection,Mineral,,,,,
336,Folltropin 700 IU Powder and Solvent for Solution for Injection,08007/4145,Follicle Stimulating Hormone (porcine),,POM-V,Powder and solvent for solution for injection,Hormone,,,,,
124,Trodax 34% w/v Solution for Injection ,08327/4187,Nitroxynil,,POM-VPS,Solution for injection,Anthelmintic flukicide,,,,,
406,"Cevazuril 50 mg/ml, Oral Suspension for Piglets and Calves",15052/4054,Toltrazuril,,POM-V,Oral suspension,Antiprotozoal anticoccidial,,,,,
606,"Eprecis 20 mg/ml Solution for Injection for Cattle, Sheep and Goats",15052/4070,Eprinomectin,,POM-V,Solution for injection,Endectocide,,,,,
39,Alamycin LA 300 Solution for Injection 300 mg/ml,02000/4113,Oxytetracycline,,POM-V,Solution for injection,Antimicrobial,ml,300,Tetracyclines,Injection,
929,"Eprecis 5 mg/ml Pour-on Solution for Cattle, Sheep and Goats ",15052/4072,Eprinomectin,,POM-V,Pour-on solution,Endectocide,,,,,
685,Seclaris DC 250 mg Intramammary Suspension for Dry Cows ,15052/4139,Cephalonium,,POM-V,Intramammary suspension,Antimicrobial intramammary,items,250,1st 2nd cephalosporins,Intramammary dry cow,
94,Ketofen 10% Solution for Injection,15052/4146,Ketoprofen,,POM-V,Solution for injection,Anti Inflammatory NSAID,,,,,
1047,Gabbrovet Multi 140 mg/ml Solution for Use in Drinking Water/Milk for Pre-ruminant Cattle and Pigs,15052/5034,Paromomycin Sulfate,,POM-V,Solution for use in drinking water/milk,Antimicrobial,,,,,
774,Xylacare 2% w/v Solution for Injection,10347/4020,Xylazine,,POM-V,Solution for injection,Neurological Agent sedative,,,,,
60,Vitesel Emulsion for Injection,02000/4115,"Alpha Tocopheryl Acetate, Selenium",,POM-V,Emulsion for injection,Vitamin; Mineral,,,,,
73,"Alamycin LA 200 mg/ml Solution for Injection for Cattle, Sheep and Pigs",02000/4117,Oxytetracycline,,POM-V,Solution for injection,Antimicrobial,ml,200,Tetracyclines,Injection,
15,Calciject 40 CM Solution for Injection,02000/4125,"Boric Acid, Calcium, Magnesium",,POM-VPS,Solution for injection,Mineral,,,,,
100,Noroclox DC Xtra 600 mg Intramammary Suspension,02000/4126,Cloxacillin,,POM-V,Intramammary suspension,Antimicrobial intramammary,items,600,Penicillins,Intramammary dry cow,
168,Norixin 5% Solution for Injection,02000/4137,Flunixin,,POM-V,Solution for injection,Anti Inflammatory NSAID,,,,,
59,Forketos Oral Solution for Cattle and Sheep,10434/4036,"Cobalt, Propylene Glycol",,AVM-GSL,Oral solution,Gastrointestinal metabolic,,,,,
55,"Vitbee 1000, 0.100% w/v Solution for Injection",10434/4039,Cyanocobalamin,,POM-VPS,Solution for injection,Vitamin,,,,,
48,Forgastrin Oral Powder,10434/4040,"Attapulgite, Bone Charcoal",,AVM-GSL,Oral powder,Gastrointestinal,,,,,
70,Birp Oral Emulsion for Cattle,10434/4041,Simethicone,,AVM-GSL,Oral emulsion,Gastrointestinal antibloat,,,,,
54,"Vitbee 250, 0.025% w/v Solution for Injection",10434/4043,Cyanocobalamin,,POM-VPS,Solution for injection,Vitamin,,,,,
107,Phosphorus Supplement 1.8% w/v Solution for Injection,10434/4044,Phosphorus,,POM-V,Solution for injection,Mineral,,,,,
24,Willcain Solution for Injection,10434/4046,"Epinephrine, Procaine Hydrochloride",,POM-VPS,Solution for injection,Neurological Agent local anaesthetic,,,,,
53,Glucose 40% w/v Solution for Injection,10434/4047,Glucose Anhydrous,,POM-VPS,Solution for injection,Replacement Agent,,,,,
1045,"Gabbrovet 140 mg/ml Solution for Use in Drinking Water, Milk or Milk Replacer for Pre-ruminant Cattle and Pigs",15052/3002,Paromomycin Sulfate,,POM-V,Solution for use in drinking water/milk,Antimicrobial,ml,140,Aminoglycosides,Oral Solution,
1046,"Allevinix 50 mg/ml Solution for Injection for Cattle, Pigs and Horses",15052/3010,Flunixin,,POM-V,Solution for injection,Anti Inflammatory NSAID,,,,,
614,"Exflow 10 mg/g Powder for Use in Drinking Water for Cattle (Calves), Pigs, Chickens, Turkeys and Ducks",15052/4073,Bromhexine Hydrochloride,,POM-V,Powder for use in drinking water ,Respiratory mucolytic,,,,,
1048,"Allevinix 50 mg/ml Solution for Injection for Cattle, Pigs and Horses",15052/5042,Flunixin,,POM-V,Solution for injection,Anti Inflammatory NSAID,,,,,
1049,Revozyn RTU 400 mg/ml Suspension for Injection for Cattle,16849/3000,"Penethamate Hydriodide, micronised",,POM-V,Suspension for injection,Antimicrobial,ml,240,Penicillins,Injection,
1050,"Solacyl 1000 mg/g, Powder for Oral Solution for Cattle and Pigs",16849/3004,Sodium Salicylate,,POM-V,Powder for oral solution,Neurological Agent analgesic,,,,,
887,HALAGON 0.5mg/ml Oral Solution for Calves,34534/5001,Halofuginone,,POM-V,Oral solution,Antiprotozoal,,,,,
672,"Plenix LC 75 mg, Intramammary Ointment for Lactating Cows",15052/4129,Cefquinome,,POM-V,Intramammary ointment,Antimicrobial intramammary,items,75,3rd 4th cephalosporins,Intramammary lactating cow,
646,Aqupharm 1 (9 mg/ml) Solution for Injection/Infusion,10347/4038,Sodium Chloride,,POM-V,Solution for infusion,Replacement Agent,,,,,
187,Norocillin 30% w/v Suspension for Injection,02000/4099,Procaine Benzylpenicillin,,POM-V,Suspension for injection,Antimicrobial,ml,171,Penicillins,Injection,
834,Micotil 300 mg/ml Solution for Injection,00879/4203,Tilmicosin,,POM-V,Solution for injection,Antimicrobial,ml,300,Macrolides,Injection,
647,Aqupharm 11 (Hartmann's) Solution for Infusion,10347/4039,"Calcium Chloride Dihydrate, Potassium Chloride, Sodium Chloride, Sodium Lactate",,POM-V,Solution for infusion,Replacement Agent,,,,,
1092,Quinoflox 100 mg/ml Solution for Injection for Cattle and Pigs,36167/3001,Enrofloxacin,,POM-V,Solution for injection,Antimicrobial,ml,100,Fluoroquinolones,Injection,
436,Enrocare 100 mg/ml Solution for Injection for Cattle and Pigs,10347/4030,Enrofloxacin,,POM-V,Solution for injection,Antimicrobial,ml,100,Fluoroquinolones,Injection,
525,Quinoflox 100 mg/ml Solution for Injection for Cattle and Pigs,36167/4003,Enrofloxacin,,POM-V,Solution for injection,Antimicrobial,,,,,
317,Somulose Solution for Injection,10434/4010,"Cinchocaine Hydrochloride, Secobarbital Sodium",,POM-V,Solution for injection,Neurological Agent euthanasia agent,,,,,
1095,"Huvexxin 100 mg/ml Solution for Injection for Cattle, Pigs and Sheep",30282/3002,Tulathromycin,,POM-V,Solution for injection,Antimicrobial,,,,,
43,Bovaclox DC Xtra Intramammary Suspension,02000/4111,"Ampicillin, Cloxacillin",,POM-V,Intramammary suspension,Antimicrobial intramammary,items,900,Multiple actives,Intramammary dry cow,
167,Levacide Pour-on Solution 20% w/v,02000/4138,Levamisole Hydrochloride,,POM-VPS,Pour-on solution,Anthelmintic,,,,,
248,Hexasol LA Solution for Injection for Cattle,02000/4152,"Flunixin, Oxytetracycline",,POM-V,Solution for injection,Antimicrobial; Anti Inflammatory,ml,300,Tetracyclines,Injection,
872,Coxevac suspension for injection for cattle and goats,15052/5000,Coxiella burnetii,,POM-V,Suspension for injection,Inactivated Bacterial Vaccine,,,,,
199,Downland Fluke and Worm Oral Suspension,02000/4169,"Levamisole Hydrochloride, Oxyclozanide",,POM-VPS,Oral suspension,Anthelmintic flukicide,,,,,
258,Noromectin 1% w/v Multi Injection Solution for Injection,02000/4174,Ivermectin,,POM-VPS,Solution for injection,Anthelmintic,,,,,
580,"Euthanimal 40%, 400 mg/ml Solution for Injection",36408/4002,Pentobarbital Sodium,,POM-V,Solution for injection,Neurological Agent euthanasia agent,,,,,
835,"Tylan 200, 200 mg/ml Solution for Injection ",00879/4204,Tylosin,,POM-V,Solution for injection,Antimicrobial,ml,200,Macrolides,Injection,
909,Tulaven 25 mg/ml solution for injection for pigs,15052/5019,Tulathromycin,,POM-V,Solution for injection,Antimicrobial,ml,25,Macrolides,Injection,
235,Dunlop's 4 BC Vitamin Solution for Injection,02000/4177,"Ascorbic Acid, Nicotinamide, Pyridoxine Hydrochloride, Riboflavine Sodium Phosphate, Thiamine Hydrochloride",,POM-VPS,Solution for injection,Vitamin,,,,,
917,Bovilis Leptavoid–H Suspension for Injection for Cattle,01708/4568,Leptospira hardjo,,POM-VPS,Suspension for injection,Inactivated Bacterial Vaccine,,,,,
262,Noroclav Injection for Cattle and Dogs,02000/4185,"Amoxicillin, Clavulanic Acid",,POM-V,Suspension for injection,Antimicrobial,ml,140,Penicillins,Injection,
1011,"Glucose 5 g/100 ml B. Braun Vet Care Solution for Infusion for Cattle, Horses, Sheep, Goats, Pigs, Dogs and Cats",03551/4002,Glucose Anhydrous,,POM-V,Solution for infusion,Replacement Agent,,,,,
237,Noromectin 0.5% w/v Pour-on Solution,02000/4172,Ivermectin,,POM-VPS,Pour-on solution,Anthelmintic,,,,,
140,Depocillin 300 mg/ml Suspension for Injection,01708/4622,Procaine Benzylpenicillin,,POM-V,Suspension for injection,Antimicrobial,ml,171,Penicillins,Injection,
259,Noromectin 0.08% w/v Drench Oral Solution,02000/4184,Ivermectin,,POM-VPS,Oral solution,Endectocide,,,,,
658,"Baycox Multi 50 mg/ml Oral Suspension for Cattle, Pigs and Sheep",00010/4210,Toltrazuril,,POM-V,Oral suspension,Antiprotozoal anticoccidial,,,,,
342,Countdown Extra 0.535% w/v Ready to Use Teat Dip and Teat Spray Solution,03940/4097,Available Iodine,,AVM-GSL,Teat dip/spray solution,Antiseptic,,,,,
489,Topimec Plus 10/100 mg/ml Solution for Injection for Cattle,11990/4055,"Clorsulon, Ivermectin",,POM-VPS,Solution for injection,Endectocide,,,,,
61,"Rumbul Rumen Bullet 40 g Continuous Release Intraruminal Device, Cattle",04261/4003,Magnesium,,POM-VPS,Continuous-release intraruminal device,Mineral,,,,,
371,Qualimec 10 mg/ml Solution for Injection,13277/4017,Ivermectin,,POM-VPS,Solution for injection,Endectocide,,,,,
387,Chloromed 150 mg/g Premix for Medicated Feeding Stuff for Calves,05150/4000,Chlortetracycline Hydrochloride,,POM-V,Premix for medicated feeding stuff,Antimicrobial,g,150,Tetracyclines,Premix,
721,Tyljet 200 mg/ml Solution for Injection for Cattle and Pigs ,15052/4157,Tylosin,,POM-V,Solution for injection,Antimicrobial,ml,200,Macrolides,Injection,
763,Cevaprost 250 µg/ml Solution for Injection,15052/4159,Cloprostenol,,POM-V,Solution for injection,Prostaglandin,,,,,
968,Zeleris 400 mg/ml + 5 mg/ml Solution for Injection for Cattle,15052/5026,"Florfenicol, Meloxicam",,POM-V,Solution for injection,Antimicrobial; Anti Inflammatory,ml,400,Amphenicols,Injection,
1051,Revozyn RTU 400 mg/ml Suspension for Injection for Cattle,16849/5000,"Penethamate Hydriodide, micronised",,POM-V,Suspension for injection,Antimicrobial,,,,,
1052,"Solacyl 1000 mg/g, Powder for Oral Solution for Cattle and Pigs",16849/5004,Sodium Salicylate,,POM-V,Powder for oral solution,Neurological Agent analgesic,,,,,
1053,"VETERELIN 0.004 mg/ml Solution for Injection for Cattle, Horses, Pigs, and Rabbits",20634/3001,Buserelin,,POM-V,Solution for injection,Hormone sex,,,,,
1054,"Veteglan 0.075 mg/ml Solution for Injection for Cows, Sows and Mares",20634/3002,d-Cloprostenol,,POM-V,Solution for injection,Prostaglandin,,,,,
684,"Dugnixon 50 mg/ml Solution for Injection for Cattle, Pigs and Horses",36167/4005,Flunixin,,POM-V,Solution for injection,Anti Inflammatory NSAID,,,,,
579,"Euthanimal 20%, 200 mg/ml Solution for Injection",36408/4001,Pentobarbital Sodium,,POM-V,Solution for injection,Neurological Agent euthanasia agent,,,,,
941,Addimag 160 mg/ml + 84 mg/ml Solution for Infusion for Cattle,36408/4003,"Calcium Gluconate Monohydrate, Magnesium Chloride Hexahydrate",,POM-V,Solution for infusion,Mineral deficiency,,,,,
991,Quinoflox 100 mg/ml Solution for Injection for Cattle and Pigs,36167/5001,Enrofloxacin,,POM-V,Solution for injection,Antimicrobial,,,,,
28,Hornex 42.7% w/w Cutaneous Paste,36237/4000,Sodium Hydroxide,,POM-VPS,Cutaneous paste,Miscellaneous skin preparation,,,,,
469,Apotil 300 mg/ml Solution for Injection,36308/4000,Tilmicosin,,POM-V,Solution for injection,Antimicrobial,ml,300,Macrolides,Injection,
472,"Ceftiosan, 50 mg/ml, Suspension for Injection for Pigs and Cattle",36408/4000,Ceftiofur,,POM-V,Suspension for injection,Antimicrobial,ml,50,3rd 4th cephalosporins,Injection,
1093,Cydectin 10% LA Solution for Injection for Cattle,42058/5116,Moxidectin,,POM-VPS,Solution for injection,Endectocide,,,,,
145,Elanco Scour Formula Extra Powder for Oral Solution ,00879/4178,"Disodium Hydrogen Citrate, Glucose Monohydrate, Glycine, Potassium Citrate Monohydrate, Potassium Dihydrogen Phosphate, Sodium Chloride, Sodium Citrate Dihydrate ",,AVM-GSL,Powder for oral solution,Replacement Agent,,,,,
1096,Rispoval IBR-Marker Live,42058/3015,Infectious bovine rhinotraceitis virus,,POM-V,Powder and solvent for solution for injection,Live Viral Vaccine,,,,,
280,Paramectin 0.5% w/v Pour-on Solution,02000/4197,Ivermectin,,POM-VPS,Pour-on solution,Endectocide,,,,,
950,Birp Oral Emulsion for Cattle,36408/4016,Simethicone,,AVM-GSL,Oral emulsion,Gastrointestinal antibloat,,,,,
677,Revozyn RTU 400 mg/ml Suspension for Injection for Cattle,16849/4057,"Penethamate Hydriodide, micronised",,POM-V,Suspension for injection,Antimicrobial,,,,,
1079,"Advocin 180, 180 mg/ml, Solution for Injection for Cattle",42058/3008,Danofloxacin,,POM-V,Solution for injection,Antimicrobial,ml,180,Fluoroquinolones,Injection,
1080,"Advocin 180, 180 mg/ml, Solution for Injection for Cattle",42058/5107,Danofloxacin,,POM-V,Solution for injection,Antimicrobial,,,,,
620,Imrestor,EU/2/15/193/001-003,Pegylated Bovine Granulocyte Colony Stimulating Factor,,POM-V,Solution for injection,Immunomodulator,,,,,
352,Bovidip 0.5% w/w Teat Dip or Teat Spray Solution,17140/4007,Available Iodine,,AVM-GSL,Teat dip/spray solution,Antiseptic,,,,,
1000,"Gabbrovet 140 mg/ml Solution for Use in Drinking Water, Milk or Milk Replacer for Pre-ruminant Cattle and Pigs",15052/5034,Paromomycin Sulfate,,POM-V,Solution for use in drinking water/milk,Antimicrobial,,,,,
1055,"VETERELIN 0.004 mg/ml Solution for Injection for Cattle, Horses, Pigs, and Rabbits",20634/5003,Buserelin,,POM-V,Solution for injection,Hormone sex,,,,,
115,Engemycin 10% DD Solution for Injection,01708/4623,Oxytetracycline,,POM-V,Solution for injection,Antimicrobial,ml,100,Tetracyclines,Injection,
270,Nafpenzal Dry Cow,01708/4624,"Dihydrostreptomycin, Nafcillin, Procaine Benzylpenicillin",,POM-V,Intramammary suspension,Antimicrobial intramammary,items,371,Multiple actives,Intramammary dry cow,
919,CepraShort 300 mg Intramammary Suspension for Dairy Cows at Drying-Off,01708/4644,Cefapirin,,POM-V,Intramammary suspension,Antimicrobial intramammary,items,300,1st 2nd cephalosporins,Intramammary,
845,Cocci-Drench 2.5 mg/ml Oral Suspension,01708/4646,Diclazuril,,POM-VPS,Oral suspension,Antiprotozoal anticoccidial,,,,,
281,Tectomec 0.8 mg/ml Oral Solution Drench for Sheep,02000/4198,Ivermectin,,POM-VPS,Oral solution,Endectocide,,,,,
613,Eprecis 5 mg/ml Pour-on Solution for Cattle,15052/4072,Eprinomectin,,POM-VPS,Pour-on solution,Endectocide,,,,,
300,Downlands Calcium Borogluconate 40% w/v CM Solution for Injection,02000/4214,"Boric Acid, Calcium, Magnesium",,POM-VPS,Solution for injection,Mineral,,,,,
309,Nisinject Suspension for Injection,02000/4227,"Amoxicillin, Clavulanic Acid",,POM-V,Suspension for injection,Antimicrobial,ml,140,Penicillins,Injection,
873,"Tulaven 100 mg/ml solution for injection for cattle, pigs and sheep",15052/5018,Tulathromycin,,TBA,Solution for injection,Antimicrobial,,,,,
62,"Rumbul Rumen Bullet 15 g Continuous Release Intraruminal Device, Sheep/Calves",04261/4004,Magnesium,,POM-VPS,Continuous-release intraruminal device,Mineral,,,,,
407,Ivermectin Pour-on Solution for Cattle 5 mg/ml Virbac,05653/4149,Ivermectin,,POM-VPS,Pour-on solution,Endectocide,,,,,
332,IVERMECTIN AND CLORSULON 10 mg/ml / 100 mg/ml Solution for Injection for Cattle Virbac,05653/4205,"Clorsulon, Ivermectin",,POM-VPS,Solution for injection,Endectocide,,,,,
1076,Bovalto Respi 4 Suspension for Injection ,08327/3009,"Bovine parainfluenza virus 3, Bovine respiratory syncytial virus, Bovine viral diarrhoea virus, Mannheimia haemolytica",,POM-V,Suspension for injection,Inactivated Viral and Bacterial Vaccine,,,,,
1078,Bovalto Respi 4 Suspension for Injection ,08327/5011,"Bovine parainfluenza virus 3, Bovine respiratory syncytial virus, Bovine viral diarrhoea virus, Mannheimia haemolytica",,POM-V,Suspension for injection,Inactivated Viral and Bacterial Vaccine,,,,,
153,Deosan Teatcare Plus 0.425% w/w Teat Dip and Teat Spray Emulsion,15985/4009,Chlorhexidine Gluconate,,AVM-GSL,Teat dip emulsion,Antiseptic,,,,,
1056,"Veteglan 0.075 mg/ml Solution for Injection for Cows, Sows and Mares",20634/5004,d-Cloprostenol,,POM-V,Solution for injection,Prostaglandin,,,,,
622,"CTC Spray 78.6 mg/g, Cutaneous Spray, Suspension for Pigs, Sheep and Cattle",16849/4053,Chlortetracycline Hydrochloride,,POM-V,"Cutaneous spray, suspension",Antimicrobial,,,,,
688,Diatrim 200 mg/ml + 40 mg/ml Solution for Injection,16849/4059,"Sulfadiazine, Trimethoprim",,POM-V,Solution for injection,Antimicrobial,ml,240,Trim-sulph,Injection,
260,Proactive 0.15% w/w Teat Dip/Spray Solution,17140/4000,Iodine,,AVM-GSL,Teat dip/spray solution,Antiseptic,,,,,
290,Blockade 0.25 % w/w Iodine Teat Dip Solution,17140/4003,Iodine,,AVM-GSL,Teat dip solution,Antiseptic,,,,,
17,"QuarterMate, 0.1% w/w Teat Dip or Teat Spray Solution",17140/4004,Iodine,,AVM-GSL,Teat dip/spray solution,Antiseptic,,,,,
1057,"Enrotron 100 mg/ml Solution for Injection for Cattle, Sheep, Goats and Pigs",24745/4028,Enrofloxacin,,POM-V,Solution for injection,Antimicrobial,ml,100,Fluoroquinolones,Injection,
943,Forgastrin Oral Powder,36408/4009,"Attapulgite, Bone Charcoal",,AVM-GSL,Oral powder,Gastrointestinal,,,,,
944,Phosphorus Supplement 1.8% w/v Solution for Injection,36408/4010,Phosphorus,,POM-V,Solution for injection,Mineral,,,,,
945,"Vitbee 250, 0.025% w/v Solution for Injection",36408/4011,Cyanocobalamin,,POM-VPS,Solution for injection,Vitamin,,,,,
946,"Vitbee 1000, 0.100% w/v Solution for Injection",36408/4012,Cyanocobalamin,,POM-VPS,Solution for injection,Vitamin,,,,,
949,Forketos Oral Solution for Cattle and Sheep,36408/4015,"Cobalt, Propylene Glycol",,AVM-GSL,Oral solution,Gastrointestinal metabolic,,,,,
450,Tuberculin PPD Kit,36410/4000,"Avian Tuberculin PPD, Bovine Tuberculin PPD",,POM-V,Solution for injection,Diagnostic Preparation,,,,,
482,Hymatil 300 mg/ml Solution for Injection for Cattle and Sheep,36547/4000,Tilmicosin,,POM-V,Solution for injection,Antimicrobial,ml,300,Macrolides,Injection,
26,"Oxytocin-S, 10 iu/ml, Solution for Injection",01708/4314,Oxytocin Synthetic,,POM-V,Solution for injection,Hormone,,,,,
77,Dexadreson 2 mg/ml Solution for Injection,01708/4323,Dexamethasone,,POM-V,Solution for injection,Anti Inflammatory corticosteroid,,,,,
76,Dexafort Suspension for Injection,01708/4324,"Dexamethasone Phenylpropionate, Dexamethasone Sodium Phosphate",,POM-V,Suspension for injection,Anti Inflammatory corticosteroid,,,,,
183,Iodine 2% w/v Concentrate for Teat Dip and Spray Solution,15985/4022,Iodine,,AVM-GSL,Teat dip/spray solution,Antiseptic,,,,,
154,Deosan Super Excel 0.52% w/v Teat Dip and Spray Solution,15985/4012,Iodine,,AVM-GSL,Teat dip/spray solution,Antiseptic,,,,,
1059,Distocur 34 mg/ml Oral Suspension for Cattle and Sheep,28365/5005,Oxyclozanide,,POM-VPS,Oral suspension,Anthelmintic flukicide,,,,,
1060,"Labiprofen 150 mg/ml Solution for Injection for Cattle, Pigs and Horses",32112/3002,Ketoprofen,,POM-V,Solution for injection,Anti Inflammatory NSAID,,,,,
940,Emdocam 5 mg/ml Solution for Injection for Cattle and Pigs,34534/5003,Meloxicam,,POM-V,Solution for injection,Anti Inflammatory NSAID,,,,,
23,Toxovax,01708/4331,Toxoplasma gondii,,POM-V,Concentrate for solution for injection,Live Parasitic Vaccine,,,,,
138,Ovivac P Plus,01708/4388,"Clostridium chauvoei, Clostridium perfringens, Clostridium septicum, Clostridium tetani, Mannheimia haemolytica, Pasteurella trehalosi",,POM-VPS,Solution for injection,Inactivated Bacterial Vaccine,,,,,
848,Bovilis Blue-8 Suspension for Injection for Cattle and Sheep,01708/5012,Bluetongue virus,,POM-V,Suspension for injection,Inactivated Viral Vaccine,,,,,
272,Virbamec Pour-on Solution for Cattle 5 mg/ml,05653/4206,Ivermectin,,POM-VPS,Pour-on solution,Endectocide,,,,,
516,"Ketink 100 mg/ml Solution for Injection for Cattle, Horses and Pigs",36547/4001,Ketoprofen,,POM-V,Solution for injection,Anti Inflammatory NSAID,,,,,
863,Kriptazen 0.5 mg/ml Oral Solution for Calves,05653/5012,Halofuginone,,POM-V,Oral solution,Antiprotozoal,ml,0.5,Non-ionophore coccidiostats,Oral Solution,
1022,Golden Hoof Plus 99.8% w/w Powder for Cutaneous Solution,06077/4001,Zinc Sulphate Hexahydrate,,AVM-GSL,Powder for cutaneous solution,Antiseptic,,,,,
123,Engemycin LA 200 mg/ml Solution for Injection,01708/4338,Oxytetracycline,,POM-V,Solution for injection,Antimicrobial,ml,200,Tetracyclines,Injection,
122,"Amoxypen Injection 150 mg/ml, Suspension for Injection",01708/4339,Amoxicillin,,POM-V,Suspension for injection,Antimicrobial,ml,150,Penicillins,Injection,
44,Dolethal 200 mg/ml Solution for Injection,08007/4034,Pentobarbital Sodium,,POM-V,Solution for injection,Neurological Agent euthanasia agent,,,,,
496,"VETERELIN 0.004 mg/ml Solution for Injection for Cattle, Horses, Pigs, and Rabbits",20634/4005,Buserelin,,POM-V,Solution for injection,Hormone sex,,,,,
668,Rumenil 34 mg/ml Oral Suspension for Cattle,08749/4077,Oxyclozanide,,POM-VPS,Oral suspension,Anthelmintic flukicide,,,,,
366,Bovidip 2% w/v Concentrate for Teat Dip or Spray Solution for Cows,17140/4008,Available Iodine,,AVM-GSL,Teat dip/spray solution,Antiseptic,,,,,
468,Detonervin 10 mg/ml Solution for Injection for Horses and Cattle,19994/4015,Detomidine Hydrochloride,,POM-V,Solution for injection,Neurological Agent sedative,,,,,
285,"EstroPlan Injection, (250 ug/ml)",18731/4000,Cloprostenol,,POM-V,Solution for injection,Prostaglandin,,,,,
494,"Euthasol Vet. 400 mg/ml, Solution for Injection ",19994/4016,Pentobarbital Sodium,,POM-V,Solution for injection,Neurological Agent euthanasia agent,,,,,
508,"Nerfasin 20 mg/ml, Solution for Injection for Cattle, Horses, Dogs and Cats",19994/4017,Xylazine,,POM-V,Solution for injection,Neurological Agent sedative,,,,,
827,"Meloxidolor 20 mg/ml solution for injection for cattle, pigs and horses",19994/5004,Meloxicam,,POM-V,Solution for injection,Anti Inflammatory NSAID,,,,,
826,"Meloxidolor 5 mg/ml solution for injection for dogs, cats, cattle and pigs",19994/5006,Meloxicam,,POM-V,Solution for injection,Anti Inflammatory NSAID,,,,,
880,Meloxidolor 40 mg/ml solution for injection for cattle and horses,19994/5005,Meloxicam,,POM-V,Solution for injection,Anti Inflammatory NSAID,,,,,
509,"Nerfasin 100 mg/ml, Solution for Injection for Cattle and Horses",19994/4018,Xylazine,,POM-V,Solution for injection,Neurological Agent sedative,,,,,
324,Pluset Powder and Solvent for Solution for Injection,20634/4000,"Follicle Stimulating Hormone (porcine), Luteinising Hormone (Porcine)",,POM-V,Powder and solvent for solution for injection,Hormone sex,,,,,
460,Readycef 50 mg/ml Suspension for Injection for Swine and Cattle,20634/4003,Ceftiofur,,POM-V,Suspension for injection,Antimicrobial,ml,50,3rd 4th cephalosporins,Injection,
562,Florinject 300 mg/ml Solution for Injection for Cattle and Pigs,20634/4007,Florfenicol,,POM-V,Solution for injection,Antimicrobial,ml,300,Amphenicols,Injection,
377,Medesedan 10 mg/ml Solution for Injection for Horses and Cattle,20916/4002,Detomidine Hydrochloride,,POM-V,Solution for injection,Neurological Agent sedative,,,,,
666,"Cortico Veyxin 10 mg/ml Suspension for Injection for Cattle, Horses, Dogs and Cats",27569/4007,Prednisolone Acetate,,POM-V,Suspension for injection,Anti Inflammatory corticosteroid,,,,,
553,Boflox 100 mg/ml Solution for Injection for Cattle and Pigs,36547/4002,Marbofloxacin,,POM-V,Solution for injection,Antimicrobial,ml,100,Fluoroquinolones,Injection,
121,Amoxypen LA 150 mg/ml Suspension for Injection,01708/4340,Amoxicillin,,POM-V,Suspension for injection,Antimicrobial,ml,150,Penicillins,Injection,
249,Mamyzin 269.5mg/ml Powder and Solvent for Suspension for Injection for Cattle,08327/4298,"Penethamate Hydriodide, micronised",,POM-V,Powder and solvent for suspension for injection,Antimicrobial,ml,200,Penicillins,Injection,
681,"Veteglan 0.075 mg/ml Solution for Injection for Cows, Sows and Mares",20634/4010,d-Cloprostenol,,POM-V,Solution for injection,Prostaglandin,,,,,
484,Enrodexil 100 mg/ml Solution for Injection for Cattle and Pigs,36547/4003,Enrofloxacin,,POM-V,Solution for injection,Antimicrobial,ml,100,Fluoroquinolones,Injection,
683,Coxicert 2.5 mg/ml Oral Suspension for Sheep and Cattle,08749/4084,Diclazuril,,POM-VPS,Oral suspension,Antiprotozoal anticoccidial,,,,,
1062,Cydectin TriclaMox 1 mg/ml + 50 mg/ml Oral Solution for Sheep,42058/3011,"Moxidectin, Triclabendazole",,POM-VPS,Oral solution,Endectocide,,,,,
1065,Startect Dual Active Oral Solution for Sheep,42058/5099,"Abamectin, Derquantel",,POM-VPS,Oral solution,Anthelmintic,,,,,
1094,"Dexafast 2 mg/ml Solution for Injection for Horses, Cattle, Pigs, Dogs and Cats",43173/3000,Dexamethasone,,POM-V,Solution for injection,Anti Inflammatory corticosteroid,,,,,
704,VIMCO Emulsion for Injection for Ewes and Female Goats,17533/4018,Staphylococcus aureus,,POM-V,Emulsion for injection,Inactivated Bacterial Vaccine,,,,,
737,"Inmeva, Suspension for Injection",17533/4019,"Chlamydophila abortus, Salmonella enterica",,POM-V,Suspension for injection,Inactivated Bacterial Vaccine,,,,,
1061,"Labiprofen 150 mg/ml Solution for Injection for Cattle, Pigs and Horses",32112/5000,Ketoprofen,,POM-V,Solution for injection,Anti Inflammatory NSAID,,,,,
520,PGF Veyx 0.0875 mg/ml Solution for Injection for Cattle and Pigs,27569/4001,Cloprostenol,,POM-V,Solution for injection,Prostaglandin,,,,,
589,Hypophysin LA 35 microgram/ml Solution for Injection for Cattle and Pigs,27569/4003,Carbetocin,,POM-V,Solution for injection,Hormone,,,,,
1066,Cydectin TriclaMox 5 mg/ml + 200 mg/ml Pour-on Solution for Cattle,42058/5112,"Moxidectin, Triclabendazole",,POM-VPS,Pour-on solution,Endectocide,,,,,
1068,"Dexafast 2 mg/ml Solution for Injection for Horses, Cattle, Pigs, Dogs and Cats",43173/5000,Dexamethasone,,POM-V,Solution for injection,Anti Inflammatory corticosteroid,,,,,
1070,"Loxicom 20 mg/ml Solution for Injection for Cattle, Pigs and Horses",EU/2/08/090/010-018,Meloxicam,,POM-V,Solution for injection,Anti Inflammatory NSAID,,,,,
1090,"Huvexxin 100 mg/ml Solution for Injection for Cattle, Pigs and Sheep",30282/5001,Tulathromycin,,POM-V,Solution for injection,Antimicrobial,,,,,
52,Neopen Suspension for Injection,01708/4204,"Neomycin, Procaine Benzylpenicillin",,POM-V,Suspension for injection,Antimicrobial,ml,214,Multiple actives,Injection,
137,Ovipast Plus,01708/4401,"Mannheimia haemolytica, Pasteurella trehalosi",,POM-VPS,Suspension for injection,Inactivated Bacterial Vaccine,,,,,
81,Dimazon 50 mg/ml Solution for Injection,01708/4406,Furosemide,,POM-V,Solution for injection,Cardio Vascular diuretic,,,,,
67,"2:1 Iodine Concentrate 1.50% w/v, Teat Dip or Spray Solution ",21357/4000,Available Iodine,,AVM-GSL,Teat dip/spray solution,Antiseptic,,,,,
210,"K Dip, 0.5% w/v, Teat Dip/Teat Spray Solution",21357/4014,Chlorhexidine Gluconate,,AVM-GSL,Teat dip/spray solution,Antiseptic,,,,,
83,"Ready to Use Chlorhexidine 0.5% w/v, Teat Dip or Spray Solution",21357/4017,Chlorhexidine Gluconate,,AVM-GSL,Teat dip/spray solution,Antiseptic,,,,,
448,"Rifen 100 mg/ml Solution for Injection for Horses, Cattle and Swine",22080/4001,Ketoprofen,,POM-V,Solution for injection,Anti Inflammatory NSAID,,,,,
539,Ketamidor 100 mg/ml Solution for Injection ,22080/4004,Ketamine,,POM-V,Solution for injection,Neurological Agent general anaesthetic,,,,,
615,Spasmium Comp. 500 mg/ml + 4 mg/ml Solution for Injection ,22080/4007,"Hyoscine Butylbromide, Metamizole sodium monohydrate",,POM-V,Solution for injection,Neurological Agent muscle relaxant,,,,,
730,Spasmipur 20 mg/ml Solution for Injection,22080/4014,Hyoscine Butylbromide,,POM-V,Solution for injection,Neurological Agent muscle relaxant,,,,,
390,"Animedazon Spray, 2.45 % w/w Cutaneous Spray Suspension for Cattle, Sheep and Pigs",24745/4002,Chlortetracycline Hydrochloride,,POM-V,"Cutaneous spray, solution",Antimicrobial,,,,,
423,"Genestran 75 micrograms/ml Solution for Injection for Cattle, Horses and Pigs",24745/4010,d-Cloprostenol,,POM-V,Solution for injection,Prostaglandin,,,,,
493,"Animeloxan 20 mg/ml Solution for Injection for Cattle, Pigs and Horses",24745/4015,Meloxicam,,POM-V,Solution for injection,Anti Inflammatory NSAID,,,,,
772,Bovilis Bovivac S,01708/4415,"Salmonella dublin, Salmonella typhimurium",,POM-V,Suspension for injection,Inactivated Bacterial Vaccine,,,,,
619,Procapen Injector 3g Intramammary Suspension for Cattle ,24745/4023,Procaine Benzylpenicillin,,POM-V,Intramammary suspension,Antimicrobial intramammary,items,1710,Penicillins,Intramammary lactating cow,
506,Enrotron 100 mg/ml Solution for Injection for Cattle and Pigs,24745/4028,Enrofloxacin,,POM-V,Solution for injection,Antimicrobial,ml,100,Fluoroquinolones,Injection,
240,Trivacton 6,08327/4106,"Bovine coronavirus, Bovine rotavirus, Escherichia coli",,POM-VPS,Suspension for injection,Inactivated Viral and Bacterial Vaccine,,,,,
320,Buscopan 20 mg/ml Solution for Injection for Horses and Calves,08327/4291,Hyoscine Butylbromide,,POM-V,Solution for injection,Neurological Agent muscle relaxant,,,,,
18,"4:1 Iodine Concentrate 2.5% w/v, Teat Dip or Spray Solution",21357/4018,Available Iodine,,AVM-GSL,Teat dip/spray solution,Antiseptic,,,,,
931,"Rifen 100 mg/ml Solution for Injection for Horses, Cattle and Pigs",22080/3000,Ketoprofen,,POM-V,Solution for injection,Anti Inflammatory NSAID,,,,,
708,Utertab 2000 mg Intrauterine Tablet for Cattle,24745/4025,Tetracycline Hydrochloride,,POM-V,Intrauterine tablet,Antimicrobial,items,1848.2,Tetracyclines,Intrauterine,
521,PGF Veyx Forte 0.250 mg/ml Solution for Injection for Cattle and Pigs,27569/4002,Cloprostenol,,POM-V,Solution for injection,Prostaglandin,,,,,
590,Hypophysin LA 70 microgram/ml Solution for Injection for Cattle and Pigs,27569/4004,Carbetocin,,POM-V,Solution for injection,Hormone,,,,,
608,"Gonavet Veyx 50 micrograms/ml Solution for Injection for Cattle, Pigs and Horses ",27569/4005,Gonadorelin[6-D-Phe],,POM-V,Solution for injection,Hormone sex,,,,,
934,DiarrVac RCE Emulsion for Injection for Cattle,27819/3000,"Bovine coronavirus, Bovine rotavirus, Escherichia coli",,POM-VPS,Emulsion for injection,Inactivated Viral and Bacterial Vaccine,,,,,
11,"Suredip 0.74% w/v Teat Dip/Teat Spray, Solution – Ready to Use",01808/4006,Chlorhexidine Gluconate,,AVM-GSL,Teat dip/spray solution,Antiseptic,,,,,
41,Noroclox DC 500 mg Intramammary Suspension,02000/4040,Cloxacillin,,POM-V,Intramammary suspension,Antimicrobial intramammary,items,500,Penicillins,Intramammary dry cow,
569,"Oestracton 52.4 Micrograms/ml Solution for Injection for Cattle, Horses, Pigs",08007/4150,Gonadorelin[6-D-Phe]acetate,,POM-V,Solution for injection,Hormone sex,,,,,
499,"Mycoflor, 300 mg/ml Solution for Injection for Cattle and Pigs",36967/4000,Florfenicol,,POM-V,Solution for injection,Antimicrobial,ml,300,Amphenicols,Injection,
556,Cefavex 50 mg/ml Suspension for Injection for Pigs and Cattle,36967/4002,Ceftiofur,,POM-V,Suspension for injection,Antimicrobial,ml,50,3rd 4th cephalosporins,Injection,
1063,Cydectin TriclaMox 5 mg/ml + 200 mg/ml Pour-on Solution for Cattle,42058/3012,"Moxidectin, Triclabendazole",,POM-VPS,Pour-on solution,Endectocide,,,,,
1069,Novem 5 mg/ml Solution for Injection for Cattle and Pigs,"EU/2/04/042/001-002,007-010",Meloxicam,,POM-V,Solution for injection,Anti Inflammatory NSAID,,,,,
1067,CIDR 1.38 g Vaginal Delivery System for Cattle,42058/5114,Progesterone,,POM-V,Vaginal delivery system,Hormone sex,,,,,
252,"Butox Swish, Pour-on Suspension 0.75% w/v",01708/4495,Deltamethrin,,POM-VPS,Pour-on suspension,Ectoparasiticide,,,,,
425,"Fenoflox 50 mg/ml Solution for Injection for Cattle, Pigs, Dogs and Cats",08749/4017,Enrofloxacin,,POM-V,Solution for injection,Antimicrobial,ml,50,Fluoroquinolones,Injection,
426,Fenoflox 100 mg/ml Solution for Injection for Cattle and Pigs,08749/4018,Enrofloxacin,,POM-V,Solution for injection,Antimicrobial,ml,100,Fluoroquinolones,Injection,
574,Flordofen 300 mg/ml Solution for Injection for Cattle and Pigs,28365/4007,Florfenicol,,POM-V,Solution for injection,Antimicrobial,ml,300,Amphenicols,Injection,
644,"Coldostin, 4800000 IU/g, Powder for Use in Drinking Water/Milk",28365/4010,Colistin Sulphate,,POM-V,Powder for use in drinking water/milk,Antimicrobial,g,240,Polymyxins,Oral Powder,
1072,Kexxtone 32.4g Continuous-Release Intraruminal Device for Cattle,EU/2/12/145/001-003,Monensin,,POM-V,Continuous-release intraruminal device,Gastrointestinal metabolic,,,,,
1073,"Meloxidolor 5 mg/ml solution for injection for dogs, cats, cattle and pigs","EU/2/13/148/001-003,008-009",Meloxicam,,POM-V,Solution for injection,Anti Inflammatory NSAID,,,,,
1074,"Meloxidolor 20 mg/ml solution for injection for cattle, pigs and horses","EU/2/13/148/004-005,010",Meloxicam,,POM-V,Solution for injection,Anti Inflammatory NSAID,,,,,
57,Supaverm Oral Suspension,00879/4181,"Closantel, Mebendazole",,POM-VPS,Oral suspension,Anthelmintic flukicide,,,,,
64,Bovilis Huskvac,01708/4328,Dictyocaulus viviparus,,POM-V,Oral suspension,Live Parasitic Vaccine,,,,,
136,Panacur 10% Oral Suspension,01708/4435,Fenbendazole,,POM-VPS,Oral suspension,Anthelmintic,,,,,
182,Cobactan 25 mg/ml Suspension for Injection,01708/4445,Cefquinome,,POM-V,Suspension for injection,Antimicrobial,ml,25,3rd 4th cephalosporins,Injection,
35,Finadyne 50 mg/ml Solution for Injection,01708/4582,Flunixin,,POM-V,Solution for injection,Anti Inflammatory NSAID,,,,,
177,"Ceporex 180 mg/ml Suspension for Injection for Cattle, Cats and Dogs",01708/4590,Cefalexin,,POM-V,Suspension for injection,Antimicrobial,ml,180,1st 2nd cephalosporins,Injection,
111,Buscopan Compositum Solution for Injection,08327/4292,"Hyoscine Butylbromide, Metamizole",,POM-V,Solution for injection,Neurological Agent muscle relaxant,,,,,
180,Leptavoid – H Suspension for Injection for Cattle,01708/4568,Leptospira hardjo,,POM-VPS,Suspension for injection,Inactivated Bacterial Vaccine,,,,,
927,Aftopur AlSap,08327/5002,Foot-and-mouth disease virus,,POM-V,Suspension for injection,Inactivated Viral Vaccine,,,,,
438,Milbotyl 300 mg/ml Solution for Injection,08749/4023,Tilmicosin,,POM-V,Solution for injection,Antimicrobial,ml,300,Macrolides,Injection,
79,Lambivac,01708/4509,"Clostridium perfringens, Clostridium tetani",,POM-VPS,Suspension for injection,Inactivated Bacterial Vaccine,,,,,
132,Enzovax ,01708/4523,Chlamydophila abortus,,POM-V,Lyophilisate for suspension for injection,Live Bacterial Vaccine,,,,,
181,Footvax,01708/4553,Dichelobacter nodosus,,POM-VPS,Emulsion for injection,Inactivated Bacterial Vaccine,,,,,
178,Cepravin Dry Cow 250 mg Intramammary Suspension,01708/4577,Cephalonium,,POM-V,Intramammary suspension,Antimicrobial intramammary,items,250,1st 2nd cephalosporins,Intramammary dry cow,
458,Animec 0.8mg/ml Oral Solution for Sheep,08749/4027,Ivermectin,,POM-VPS,Oral solution,Endectocide,,,,,
457,Chanimec 0.8 mg/ml Oral Solution for Sheep ,08749/4028,Ivermectin,,POM-VPS,Oral solution,Endectocide,,,,,
566,Vetrimoxin L.A. 150 mg/ml Suspension for Injection for Cattle and Pigs ,15052/4074,Amoxicillin,,POM-V,Suspension for injection,Antimicrobial,ml,150,Penicillins,Injection,
151,"Panacur Bolus 12 g, Continuous Release Intraruminal Device",01708/4447,Fenbendazole,,POM-VPS,Continuous-release intraruminal device,Anthelmintic,,,,,
162,Heptavac P Plus,01708/4468,"Clostridium chauvoei, Clostridium novyi, Clostridium perfringens, Clostridium septicum, Clostridium tetani, Mannheimia haemolytica, Pasteurella trehalosi",,POM-VPS,Suspension for injection,Inactivated Bacterial Vaccine,,,,,
664,Sensiblex 40 mg/ml Solution for Injection for Cattle ,27569/4006,Denaverine Hydrochloride,,POM-V,Solution for injection,Neurological Agent uterine relaxant,,,,,
526,"Dexa-ject 2 mg/ml Solution for Injection for Cattle, Horses, Pigs, Dogs and Cats",28365/4003,Dexamethasone,,POM-V,Solution for injection,Anti Inflammatory corticosteroid,,,,,
895,Zulvac BTV Suspension for Injection for Sheep and Cattle,42058/5091,Bluetongue virus,,POM-V,Suspension for injection,Inactivated Viral Vaccine,,,,,
1071,"Emdocam 20 mg/ml Solution for Injection for Cattle, Pigs and Horses",EU/2/11/128/001-003,Meloxicam,,POM-V,Solution for injection,Anti Inflammatory NSAID,,,,,
376,"Mastiplan LC, 300 mg/20 mg (Cefapirin/Prednisolone), Intramammary Suspension for Lactating Cows ",01708/4534,"Cefapirin, Prednisolone",,POM-V,Intramammary suspension,Antimicrobial intramammary; Anti Inflammatory,,,,,
143,"Receptal, 0.004 mg/ml Solution for Injection",01708/4438,Buserelin,,POM-V,Solution for injection,Hormone,,,,,
161,Cobactan MC Intramammary Suspension 75 mg Milking Cow,01708/4444,Cefquinome,,POM-V,Intramammary suspension,Antimicrobial intramammary,items,75,3rd 4th cephalosporins,Intramammary lactating cow,
265,Levacur SC 3% Oral Solution,01708/4488,"Cobalt, Levamisole Hydrochloride, Selenium",,POM-VPS,Oral solution,Anthelmintic,,,,,
839,Baytril 2.5% Oral Solution,00879/4117,Enrofloxacin,,POM-V,Oral solution,Antimicrobial,ml,25,Fluoroquinolones,Oral Solution,
603,"Doxx-Sol 500 mg/g Powder for Use in Drinking Water/Milk Replacer for Pre-ruminant Calves, Pigs and Chickens",30282/4022,Doxycycline Hyclate,,POM-V,Powder for use in drinking water/milk,Antimicrobial,g,433,Tetracyclines,Oral Powder,
345,"Chronogest CR, 20 mg Controlled Release Vaginal Sponge for Sheep",01708/4621,Flugestone Acetate,,POM-V,Vaginal sponge,Hormone sex,,,,,
719,Tilmovet 300 mg/ml Solution for Injection for Cattle and Sheep,30282/4041,Tilmicosin,,POM-V,Solution for injection,Antimicrobial,ml,300,Macrolides,Injection,
733,Parofor Crypto 140 000 IU/ml Oral Solution for Sheep and Goats,30282/4042,Paromomycin,,POM-V,Oral solution,Antimicrobial,ml,186.2,Aminoglycosides,Oral Solution,
747,Stenorol Crypto 0.5 mg/ml Oral Solution for Calves,30282/4044,Halofuginone,,POM-V,Oral solution,Antiprotozoal,,,,,
518,"CZV Bovine Tuberculin PPD, Solution for Injection",30824/4001,Mycobacterium bovis subsp. bovis,,POM-V,Solution for injection,Diagnostic Preparation,,,,,
838,Citramox L.A. 150 mg/ml Suspension for Injection for Cattle and Pigs,31223/4010,Amoxicillin,,POM-V,Suspension for injection,Antimicrobial,ml,150,Penicillins,Injection,
976,"Procactive 300 mg/ml Suspension for Injection for Cattle, Sheep and Pigs",31592/3000,Procaine Benzylpenicillin,,POM-V,Suspension for injection,Antimicrobial,ml,171,Penicillins,Injection,
433,Prellim 0.075 mg/ml Solution for Injection for Cattle and Pigs,31592/4001,d-Cloprostenol,,POM-V,Solution for injection,Prostaglandin,,,,,
739,Enzaprost Bovis 12.5 mg/ml Solution for Injection for Cattle ,15052/4152,Dinoprost,,POM-V,Solution for injection,Prostaglandin,,,,,
908,"Meloxidyl 20mg/ml Solution for Injection for Cattle, Pigs and Horses",15052/5013,Meloxicam,,POM-V,Solution for injection,Anti Inflammatory NSAID,,,,,
476,"Actionis 50 mg/ml, Suspension for Injection for Pigs and Cattle",31592/4004,Ceftiofur,,POM-V,Suspension for injection,Antimicrobial,,,,,
477,ACEGON 50 micrograms/ml Solution for Injection for Cattle,31592/4005,Gonadorelin,,POM-V,Solution for injection,Hormone sex,,,,,
545,Marbosyva 100 mg/ml Solution for Injection for Cattle and Pigs,31592/4006,Marbofloxacin,,POM-V,Solution for injection,Antimicrobial,ml,100,Fluoroquinolones,Injection,
937,"Troxxan 100 mg/ml Solution for Injection for Cattle, Pigs and Sheep",31592/4008,Tulathromycin,,POM-V,Solution for injection,Antimicrobial,ml,100,Macrolides,Injection,
885,Syvazul BTV Suspension for Injection for Sheep and Cattle,31592/5000,Bluetongue virus,,POM-V,Suspension for injection,Inactivated Viral Vaccine,,,,,
755,Moxidectin EU Pharmaceuticals 5 mg/ml Pour-on Solution for Cattle ,39787/4100,Moxidectin,,POM-VPS,Pour-on solution,Endectocide,,,,,
1064,CIDR 1.38 g Vaginal Delivery System for Cattle,42058/3014,Progesterone,,POM-V,Vaginal delivery system,Hormone sex,,,,,
186,Dysect Cattle Pour-On Solution 15 g/litre,42058/4054,Alpha-Cypermethrin,,POM-VPS,Pour-on solution,Ectoparasiticide,,,,,
399,Zermasect Sheep Pour-on Alphacypermethrin 12.5 g/l Pour-on Solution,42058/4168,Alpha-Cypermethrin,,POM-VPS,Pour-on solution,Ectoparasiticide,,,,,
930,"Tulaven 100 mg/ml Solution for Injection for Cattle, Pigs and Sheep",15052/5018,Tulathromycin,,POM-V,Solution for injection,Antimicrobial,ml,100,Macrolides,Injection,
605,Bovigen Scour Emulsion for Injection for Cattle,27819/4005,"Bovine coronavirus, Bovine rotavirus, Escherichia coli",,POM-VPS,Emulsion for injection,Inactivated Viral and Bacterial Vaccine,,,,,
935,DiarrVac RCE Emulsion for Injection for Cattle,27819/5000,"Bovine coronavirus, Bovine rotavirus, Escherichia coli",,POM-VPS,Emulsion for injection,Inactivated Viral and Bacterial Vaccine,,,,,
434,"Sodium Salicyl 800 mg/g, Powder for Oral Solution for Cattle (Calves) and Pigs",28365/4001,Sodium Salicylate,,POM-V,Powder for oral solution,Neurological Agent analgesic,,,,,
669,Distocur 34 mg/ml Oral Suspension for Cattle and Sheep,28365/4014,Oxyclozanide,,POM-VPS,Oral suspension,Anthelmintic flukicide,,,,,
1058,"Dexa-ject 2 mg/ml Solution for Injection for Cattle, Horses, Pigs, Dogs and Cats",28365/5003,Dexamethasone,,POM-V,Solution for injection,Anti Inflammatory corticosteroid,,,,,
698,"Gabbrovet 140 mg/ml Solution for Use in Drinking Water, Milk or Milk Replacer for Pre-ruminant Cattle and Pigs",15052/4142,Paromomycin Sulfate,,POM-V,Solution for use in drinking water/milk,Antimicrobial,,,,,
544,"Allevinix 50 mg/ml Solution for Injection for Cattle, Pigs and Horses",15052/4144,Flunixin,,POM-V,Solution for injection,Anti Inflammatory NSAID,,,,,
582,"Parofor 70 000 IU/g Powder for Use in Drinking Water, Milk or Milk Replacer for Pre-Ruminant Cattle and Pigs",30282/4020,Paromomycin,,POM-V,Powder for use in drinking water ,Antimicrobial,g,93.1,Aminoglycosides,Oral Powder,
833,"Tylovectin 200 Solution for Injection for Cattle, Goats and Pigs",30282/4045,Tylosin,,POM-V,Solution for injection,Antimicrobial,ml,200,Macrolides,Injection,
380,CZV Avian Tuberculin PPD,30824/4000,Mycobacterium avium subsp. avium,,POM-V,Solution for injection,Diagnostic Preparation,,,,,
667,Parofor Crypto 140 000 IU/ml Oral Solution for Pre-Ruminant Cattle,30282/4036,Paromomycin,,POM-V,Oral solution,Antimicrobial,ml,186.2,Aminoglycosides,Oral Solution,
75,Rycoben SC 2.50% w/v Oral Suspension for Sheep,00879/4010,Albendazole Oxide,,POM-VPS,Oral suspension,Anthelmintic,,,,,
97,Baytril 100 mg/ml Solution for Injection,00879/4116,Enrofloxacin,,POM-V,Solution for injection,Antimicrobial,ml,100,Fluoroquinolones,Injection,
527,Gudair Emulsion for Injection for Sheep and Goats,30824/4002,Mycobacterium paratuberculosis,,POM-V,Emulsion for injection,Inactivated Bacterial Vaccine,,,,,
884,Bluevac BTV Suspension for injection for cattle and sheep,30824/5001,Bluetongue virus,,POM-V,Suspension for injection,Inactivated Viral Vaccine,,,,,
837,Halofusol 0.5 mg/ml Oral Solution for Calves,31223/4009,Halofuginone,,POM-V,Oral solution,Antiprotozoal,,,,,
578,"Ceffect LC, 75 mg, Intramammary Ointment for Lactating Cows",34534/4006,Cefquinome,,POM-V,Intramammary ointment,Antimicrobial intramammary,items,75,3rd 4th cephalosporins,Intramammary lactating cow,
321,Combiclav Suspension for Injection,02000/4238,"Amoxicillin, Clavulanic Acid",,POM-V,Suspension for injection,Antimicrobial,ml,140,Penicillins,Injection,
208,Star Iodocare Concentrate Teat Dip and Teat Spray Solution 2.00% w/v,15985/4025,Available Iodine,,AVM-GSL,Teat dip/spray solution,Antiseptic,,,,,
384,MV Iodine (0.52% w/v) RTU Teat Dip and Teat Spray Solution,15985/4033,Iodine,,AVM-GSL,Teat dip/spray solution,Antiseptic,,,,,
470,Unisol 100 mg/ml Solution for Injection for Cattle and Pigs,32509/4005,Enrofloxacin,,POM-V,Solution for injection,Antimicrobial,ml,100,Fluoroquinolones,Injection,
844,"Labiprofen 150 mg/ml Solution for Injection for Cattle, Pigs and Horses",32112/4003,Ketoprofen,,POM-V,Solution for injection,Anti Inflammatory NSAID,,,,,
678,Fertigest 0.004 mg/ml Solution for Injection,32509/4023,Buserelin Acetate,,POM-V,Solution for injection,Hormone,,,,,
491,Linco-Sol 400 mg/g Powder for Use in Drinking Water for Pigs and Chickens,32823/4005,Lincomycin,,POM-V,Powder for use in drinking water ,Antimicrobial,g,400,Lincosamides,Oral Powder,
1085,Spasmipur 20 mg/ml Solution for Injection,57446/4012,Hyoscine Butylbromide,,POM-V,Solution for injection,Neurological Agent muscle relaxant,,,,,
116,Rompun 2% w/v Solution for Injection,00879/4159,Xylazine,,POM-V,Solution for injection,Neurological Agent sedative,,,,,
147,Lectade Plus Powder for Oral Solution,00879/4177,"Disodium Hydrogen Citrate, Glucose Monohydrate, Glycine, Potassium Citrate Monohydrate, Potassium Dihydrogen Phosphate, Sodium Chloride, Sodium Citrate Dihydrate ",,AVM-GSL,Powder for oral solution,Replacement Agent,,,,,
144,Dectomax 5 mg/ml Pour-on Solution for Cattle,00879/4201,Doramectin,,POM-VPS,Pour-on solution,Endectocide,,,,,
610,Permacyl 236.3 mg/ml Powder and Solvent for Suspension for Injection for Cattle,33229/4005,"Penethamate Hydriodide, micronised",,POM-V,Powder and solvent for suspension for injection,Antimicrobial,ml,141.8,Penicillins,Injection,
250,"Cyclosol LA, 200 mg/ml Solution for Injection",16849/4000,Oxytetracycline,,POM-V,Solution for injection,Antimicrobial,ml,200,Tetracyclines,Injection,
314,"Sedaxylan 20 mg/ml Solution for Injection for Dogs, Cats, Horses and Cattle",16849/4001,Xylazine,,POM-V,Solution for injection,Neurological Agent sedative,,,,,
977,Procactive 300 mg/ml Suspension for Injection for Cattle and Pigs,31592/5001,Procaine Benzylpenicillin,,POM-V,Suspension for injection,Antimicrobial,ml,171,Penicillins,Injection,
404,"Release 300 mg/ml, Solution for Injection",32829/4000,Pentobarbital Sodium,,POM-V,Solution for injection,Neurological Agent euthanasia agent,,,,,
409,"Coliplus 2,000,000 IU/ml Concentrate for Oral Solution for Use in Drinking Water for Cattle, Sheep, Pigs and Chickens",33229/4000,Colistin Sulphate,,POM-V,Concentrate for oral solution,Antimicrobial,ml,100,Polymyxins,Oral Solution,
611,Penethaone 236.3 mg/ml Powder and Solvent for Suspension for Injection for Cattle,33229/4004,"Penethamate Hydriodide, micronised",,POM-V,Powder and solvent for suspension for injection,Antimicrobial,ml,141.8,Penicillins,Injection,
264,Zermex 0.1% w/v Oral Solution for Sheep,42058/4169,Moxidectin,,POM-VPS,Oral solution,Endectocide,,,,,
269,Zermex 0.5% w/v Pour-on Solution for Cattle,42058/4170,Moxidectin,,POM-VPS,Pour-on solution,Endectocide,,,,,
1083,"Rifen 100 mg/ml Solution for Injection for Horses, Cattle and Pigs",57446/3000,Ketoprofen,,POM-V,Solution for injection,Anti Inflammatory NSAID,,,,,
515,Acticarp 50 mg/ml Solution for Injection for Cattle,32742/4005,Carprofen,,POM-V,Solution for injection,Anti Inflammatory NSAID,,,,,
437,Florgane 300 mg/ml Suspension for Injection for Cattle and Pigs,34534/4000,Florfenicol,,POM-V,Suspension for injection,Antimicrobial,ml,300,Amphenicols,Injection,
464,Tilmodil 300 mg/ml Solution for Injection for Cattle and Sheep,34534/4001,Tilmicosin,,POM-V,Solution for injection,Antimicrobial,ml,300,Macrolides,Injection,
534,Ceffect 25 mg/ml Suspension for Injection for Cattle and Pigs,34534/4002,Cefquinome,,POM-V,Suspension for injection,Antimicrobial,ml,25,3rd 4th cephalosporins,Injection,
1084,Spasmium Comp. 500 mg/ml + 4 mg/ml Solution for Injection ,57446/4005,"Hyoscine Butylbromide, Metamizole sodium monohydrate",,POM-V,Solution for injection,Neurological Agent muscle relaxant,,,,,
78,Magniject 25% w/v Solution for Injection,02000/4129,Magnesium Sulphate Heptahydrate,,POM-VPS,Solution for injection,Mineral,,,,,
141,Ultrapen LA 30% Suspension for Injection,02000/4133,Procaine Benzylpenicillin,,POM-V,Suspension for injection,Antimicrobial,ml,171,Penicillins,Injection,
322,Adrenacaine Solution for Injection for Cattle,02000/4243,"Epinephrine, Procaine Hydrochloride",,POM-VPS,Solution for injection,Neurological Agent local anaesthetic,,,,,
330,Triclafas Drench 5% w/v Oral Suspension,02000/4247,Triclabendazole,,POM-VPS,Oral suspension,Anthelmintic flukicide,,,,,
676,Albex Advance 200 mg/ml Oral Suspension for Cattle,11990/4060,Albendazole,,POM-VPS,Oral suspension,Anthelmintic,,,,,
155,Deosan Super Iodip Iodine 2% w/v Concentrate Teat Dip and Teat Spray Solution,15985/4007,Iodine,,AVM-GSL,Teat dip/spray solution,Antiseptic,,,,,
776,"Ready-to-Use Teat Dip/Teat Spray Solution, 0.538% w/v",21357/4012,Available Iodine,,AVM-GSL,Teat dip/spray solution,Antiseptic,,,,,
731,Procamidor Duo 40 mg/ml + 0.036 mg/ml Solution for Injection,22080/4015,"Epinephrine Acid Tartrate, Procaine Hydrochloride",,POM-V,Solution for injection,Neurological Agent local anaesthetic,,,,,
372,Hiprabovis Somni/Lkt Emulsion for Injection for Cattle,17533/4005,"Histophilus somni, Mannheimia haemolytica",,POM-V,Emulsion for injection,Inactivated Bacterial Vaccine,,,,,
375,Selectan 300 mg/ml Solution for Injection for Cattle and Swine,17533/4006,Florfenicol,,POM-V,Solution for injection,Antimicrobial,ml,300,Amphenicols,Injection,
875,Hiprabovis IBR Marker Live,17533/5006,Infectious bovine rhinotraceitis virus,,POM-V,Lyophilisate for suspension for injection,Live Viral Vaccine,,,,,
877,Startvac Emulsion for Injection for Cattle,17533/5010,"Escherichia coli, Staphylococcus aureus",,POM-V,Emulsion for injection,Inactivated Bacterial Vaccine,,,,,
878,UBAC Emulsion for Injection for Cattle,17533/5011,Biofilm Adhesion Component (BAC) of Streptococcus uberis,,POM-V,Emulsion for injection,Inactivated Bacterial Vaccine,,,,,
829,Carofertin 10 mg/ml Emulsion for Injection for Cattle and Pigs,19968/4009,B Carotene,,POM-V,Emulsion for injection,Vitamin,,,,,
879,"Tulinovet 100 mg/ml solution for injection for cattle, pigs and sheep",19968/5000,Tulathromycin,,POM-V,Solution for injection,Antimicrobial,ml,100,Macrolides,Injection,
68,"Ready To Use Iodine 0.5% w/v, Teat Dip or Spray Solution",21357/4001,Available Iodine,,AVM-GSL,Teat dip/spray solution,Antiseptic,,,,,
295,"Super Concentrated Teat Dip, 2.12% w/v, Teat Dip Solution",21357/4011,Iodine,,AVM-GSL,Teat dip solution,Antiseptic,,,,,
344,Kenostart 3 mg/g Teat Dip Solution for Cattle (Dairy),22136/4000,Available Iodine,,AVM-GSL,Teat dip solution,Antiseptic,,,,,
360,Kenostart Spray and Dip 3 mg/g Teat Dip or Spray Solution for Cattle (Dairy),22136/4001,Available Iodine,,AVM-GSL,Teat dip/spray solution,Antiseptic,,,,,
416,"Kenocidin Chlorhexidine Digluconate 5 mg/ml, Teat Dip Solution for Cattle (Dairy)",22136/4002,Chlorhexidine Gluconate,,AVM-GSL,Teat dip solution,Antiseptic,,,,,
351,"Busol - 0.004 mg/ml Solution for Injection for Cattle, Horses, Rabbits",24745/4000,Buserelin,,POM-V,Solution for injection,Hormone,,,,,
691,"Pulmovet 250 mg/ml Solution for Use in Drinking Water or Milk Replacer for Cattle, Pigs, Chickens and Turkeys",28365/4012,Tilmicosin,,POM-V,Solution for use in drinking water/milk,Antimicrobial,,,,,
936,"Doraxx 100 mg/ml Solution for Injection for Cattle, Pigs and Sheep",28365/4016,Tulathromycin,,POM-V,Solution for injection,Antimicrobial,ml,100,Macrolides,Injection,
369,"Solacyl 1000 mg/g, Powder for Oral Solution for Cattle and Pigs",16849/4010,Sodium Salicylate,,POM-V,Powder for oral solution,Neurological Agent analgesic,,,,,
749,"Emdofluxin 50 mg/ml, Solution for Injection for Cattle, Pigs and Horses",34534/4007,Flunixin,,POM-V,Solution for injection,Anti Inflammatory NSAID,,,,,
886,"Emdocam 20 mg/ml Solution for Injection for Cattle, Pigs and Horses",34534/5000,Meloxicam,,POM-V,Solution for injection,Anti Inflammatory NSAID,,,,,
932,Procanest 40 mg/ml + 0.036 mg/ml Solution for Injection for Sheep,22080/4023,"Epinephrine Acid Tartrate, Procaine Hydrochloride",,POM-V,Solution for injection,Neurological Agent local anaesthetic,,,,,
933,"Rifen 100 mg/ml Solution for Injection for Horses, Cattle and Pigs",22080/5000,Ketoprofen,,POM-V,Solution for injection,Anti Inflammatory NSAID,,,,,
633,Doxipulvis 500 mg/g Powder for Use in Drinking Water / Milk Replacer,36967/4004,Doxycycline,,POM-V,Powder for use in drinking water,Antimicrobial,g,500,Tetracyclines,Oral Powder,
636,"Hidrocol, 4000000 IU/ml Solution for Use in Drinking Water/Milk",36967/4005,Colistin Sulphate,,POM-V,Solution for use in drinking water,Antimicrobial,ml,200,Polymyxins,Oral Solution,
649,"Tudomax, 10 mg/g, Powder for Use in Drinking Water/Milk",36967/4006,Bromhexine,,POM-V,Oral powder,Respiratory mucolytic,,,,,
1086,Procamidor Duo 40 mg/ml + 0.036 mg/ml Solution for Injection,57446/4013,"Epinephrine Acid Tartrate, Procaine Hydrochloride",,POM-V,Solution for injection,Neurological Agent local anaesthetic,,,,,
1087,Procanest 40 mg/ml + 0.036 mg/ml Solution for Injection for Sheep,57446/4021,"Epinephrine Acid Tartrate, Procaine Hydrochloride",,POM-V,Solution for injection,Neurological Agent local anaesthetic,,,,,
1088,"Rifen 100 mg/ml Solution for Injection for Horses, Cattle and Pigs",57446/5000,Ketoprofen,,POM-V,Solution for injection,Anti Inflammatory NSAID,,,,,
315,"Cyclo Spray, Chlortetracycline HCI 2.45% w/w, Cutaneous Spray, Suspension for Pigs, Sheep and Cattle",16849/4002,Chlortetracycline Hydrochloride,,POM-V,"Cutaneous spray, suspension",Antimicrobial,,,,,
427,Eficur 50 mg/ml Suspension for Injection for Pigs and Cattle,17533/4010,Ceftiofur,,POM-V,Suspension for injection,Antimicrobial,ml,50,3rd 4th cephalosporins,Injection,
284,Cosecure Cattle Bolus Continuous Release Intraruminal Device,18584/4000,"Cobalt, Copper, Selenium",,POM-VPS,Continuous-release intraruminal device,Mineral,,,,,
686,"Doxyveto 500 mg/g Powder for Use in Drinking Water/Milk Replacer for Cattle, Pig, Chicken",19968/4005,Doxycycline Hyclate,,POM-V,Powder for use in drinking water/milk,Antimicrobial,g,433,Tetracyclines,Oral Powder,
9,"Apralan Soluble Powder for Use in Drinking Water/Milk Replacer for Pigs, Calves, Chickens and Rabbits",00006/4084,Apramycin,,POM-V,Powder for use in drinking water/milk,Antimicrobial,g,999.1,Aminoglycosides,Oral Powder,
163,Fasinex 5% w/v Oral Suspension,00879/4007,Triclabendazole,,POM-VPS,Oral suspension,Anthelmintic flukicide,,,,,
185,Flypor 4% w/v Pour-on Solution,00879/4008,Permethrin (Cis:Trans 80:20),,POM-VPS,Pour-on solution,Ectoparasiticide,,,,,
341,Rapidexon 2 mg/ml Solution for Injection,16849/4007,Dexamethasone,,POM-V,Solution for injection,Anti Inflammatory corticosteroid,,,,,
467,Bovocycline Pessary 2000 mg Intrauterine Tablet for Cattle ,16849/4021,Tetracycline Hydrochloride,,POM-V,Intrauterine tablet,Antimicrobial,items,1848.2,Tetracyclines,Intrauterine,
586,Norbrook Deltamethrin 10 mg/ml Spot-on Solution for Cattle and Sheep,02000/4383,Deltamethrin,,POM-VPS,Spot-on solution,Ectoparasiticide,,,,,
228,Bovilis Bovipast RSP,01708/4458,"Bovine parainfluenza virus 3, Bovine respiratory syncytial virus, Mannheimia haemolytica",,POM-V,Suspension for injection,Inactivated Viral and Bacterial Vaccine,,,,,
263,Tectomec 5 mg/ml Pour on Solution,02000/4394,Ivermectin,,POM-VPS,Pour-on solution,Endectocide,,,,,
338,"Pyroflam 50 mg/ml Solution for Injection for Cattle, Horses and Pigs",02000/4253,Flunixin,,POM-V,Solution for injection,Anti Inflammatory NSAID,,,,,
415,Closamectin 5 mg/ml + 200 mg/ml Pour-on Solution for Cattle,02000/4280,"Closantel, Ivermectin",,POM-VPS,Pour-on solution,Endectocide,,,,,
441,Carprieve 50 mg/ml Solution for Injection for Cattle,02000/4295,Carprofen,,POM-V,Solution for injection,Anti Inflammatory NSAID,,,,,
689,Cepritect 250 mg Intramammary Suspension for Dry Cows ,02000/4423,Cephalonium,,POM-V,Intramammary suspension,Antimicrobial intramammary,items,250,1st 2nd cephalosporins,Intramammary dry cow,
85,Masodine RTU 0.54% w/v Teat Dip and Spray Solution,03940/4009,Iodine,,AVM-GSL,Teat dip/spray solution,Antiseptic,,,,,
414,Oxycare 10% w/v Solution for Injection,02000/4284,Oxytetracycline Hydrochloride,,POM-V,Solution for injection,Antimicrobial,ml,100,Tetracyclines,Injection,
883,Melovem 5 mg/ml solution for injection for cattle and pigs,28365/5002,Meloxicam,,POM-V,Solution for injection,Anti Inflammatory NSAID,,,,,
383,"Tilmovet 250 mg/ml Concentrate for Oral Solution for Pigs, Chickens, Turkeys and Calves",30282/4001,Tilmicosin,,POM-V,Oral solution,Antimicrobial,ml,250,Macrolides,Oral Solution,
504,"Pharmasin 100% w/w Granules for Use in Drinking Water for Pigs, Chickens, Turkeys and Calves",30282/4017,Tylosin,,POM-V,Granules for use in drinking water,Antimicrobial,g,1000,Macrolides,Oral Solution,
665,"Parofor 140 mg/ml Solution for Use in Drinking Water, Milk or Milk Replacer for Pre-ruminant Cattle and Pigs",30282/4033,Paromomycin,,POM-V,Solution for use in drinking water/milk,Antimicrobial,ml,140,Aminoglycosides,Oral Solution,
247,Albiotic 330 mg / 100 mg Intramammary Solution,30282/4035,"Lincomycin, Neomycin",,POM-V,Intramammary solution,Antimicrobial intramammary,items,430,Multiple actives,Intramammary lactating cow,
503,Hipnoton 10 mg/ml Solution for Injection for Horses and Cattle,32509/4007,Detomidine Hydrochloride,,POM-V,Solution for injection,Neurological Agent sedative,,,,,
563,Nifencol 300 mg/ml Solution for Injection for Cattle and Pigs,32509/4011,Florfenicol,,POM-V,Solution for injection,Antimicrobial,ml,300,Amphenicols,Injection,
231,Bovivac S,01708/4415,"Salmonella dublin, Salmonella typhimurium",,POM-V,Suspension for injection,Inactivated Bacterial Vaccine,,,,,
565,Sureseal 2.6 g Intramammary Suspension for Cattle,02000/4362,Bismuth Subnitrate,,POM-V,Intramammary suspension,Miscellaneous mechanical teat seal ,,,,,
596,"Cefimam LC, 75 mg Intramammary Ointment for Lactating Cows",02000/4387,Cefquinome,,POM-V,Intramammary ointment,Antimicrobial intramammary,items,75,3rd 4th cephalosporins,Intramammary lactating cow,
343,Closamectin Solution for Injection for Cattle and Sheep,02000/4254,"Closantel, Ivermectin",,POM-VPS,Solution for injection,Endectocide,,,,,
657,"Apravet 552 IU/mg Powder for Use in Drinking Water/Milk for Pigs, Calves, Chickens and Rabbits",30282/4030,Apramycin,,POM-V,Powder for use in drinking water/milk,Antimicrobial,g,999.1,Aminoglycosides,Oral Powder,
656,"GalluDoxx 500 mg/g Powder for Use in Drinking Water/Milk Replacer for Calves, Chickens and Turkeys",30282/4031,Doxycycline Hyclate,,POM-V,Powder for use in drinking water/milk,Antimicrobial,g,433,Tetracyclines,Oral Powder,
517,"Nefotek 100 mg/ml Solution for Injection for Cattle, Horses and Pigs",32509/4008,Ketoprofen,,POM-V,Solution for injection,Anti Inflammatory NSAID,,,,,
643,Somnipron 10 mg/ml Solution for Injection for Horses and Cattle,32509/4022,Detomidine Hydrochloride,,POM-V,Solution for injection,Neurological Agent sedative,,,,,
830,Doramax 5 mg/ml Pour-on Solution for Cattle,40162/4038,Doramectin,,POM-VPS,Pour-on solution,Anthelmintic,,,,,
699,"Dexamecine 2 mg/ml Solution for Injection for Cattle, Horses, Pigs, Dogs and Cats",41715/4005,Dexamethasone,,POM-V,Solution for injection,Anti Inflammatory corticosteroid,,,,,
575,"Oxytobel 10 IU/ml Solution for Injection for Horses, Cattle, Pigs, Sheep, Goats, Dogs and Cats",41816/4000,Oxytocin,,POM-V,Solution for injection,Hormone,,,,,
629,"Calcibel 240/60/60 mg/ml Solution for Infusion for Horses, Cattle, Sheep, Goats and Pigs",41816/4002,"Boric Acid, Calcium Gluconate Monohydrate, Magnesium Chloride Hexahydrate",,POM-V,Solution for infusion,Mineral,,,,,
585,Flydown 10 mg/ml Spot-on Solution for Cattle and Sheep,02000/4382,Deltamethrin,,POM-VPS,Spot-on solution,Ectoparasiticide,,,,,
734,Ketabel 100 mg/ml Solution for Injection,41816/4003,Ketamine,,POM-V,Solution for injection,Neurological Agent general anaesthetic,,,,,
462,"Cefenil 50mg/ml Powder and Solvent for Solution for Injection for Cattle, Pigs and Horses",02000/4306,Ceftiofur,,POM-V,Powder and solvent for solution for injection,Antimicrobial,ml,50,3rd 4th cephalosporins,Injection,
205,Engemycin 10% Farm Pack Solution for Injection,01708/4374,Oxytetracycline,,POM-V,Solution for injection,Antimicrobial,ml,100,Tetracyclines,Injection,
225,Bovilis Rotavec Corona Emulsion for Injection for Cattle,01708/4556,"Bovine coronavirus, Bovine rotavirus, Escherichia coli",,POM-VPS,Emulsion for injection,Inactivated Viral and Bacterial Vaccine,,,,,
347,Ovidown SC Oral Suspension for Sheep,02000/4256,"Cobalt, Oxfendazole, Selenium",,POM-VPS,Oral suspension,Anthelmintic anticestodal,,,,,
564,Noroseal 2.6g Intramammary Suspension for Cattle,02000/4361,Bismuth Subnitrate,,POM-V,Intramammary suspension,Miscellaneous mechanical teat seal ,,,,,
942,Addimag 240 mg/ml + 126 mg/ml Solution for Infusion for Cattle,36408/4004,"Calcium Gluconate Monohydrate, Magnesium Chloride Hexahydrate",,POM-V,Solution for infusion,Mineral deficiency,,,,,
728,Moxidectin (EU Pharmaceuticals) 1 mg/ml Oral Solution for Sheep,39787/4095,Moxidectin,,POM-VPS,Oral solution,Anthelmintic,,,,,
727,Ovimox 1 mg/ml Oral Solution for Sheep,39787/4096,Moxidectin,,POM-VPS,Oral solution,Anthelmintic,,,,,
752,Bovimox 5 mg/ml Pour-on Solution for Cattle,39787/4097,Moxidectin,,POM-VPS,Pour-on solution,Endectocide,,,,,
989,Aqupharm 11 (Hartmann's) Solution for Infusion,32742/4020,"Calcium Chloride Dihydrate, Potassium Chloride, Sodium Chloride, Sodium Lactate",,POM-V,Solution for infusion,Replacement Agent,,,,,
990,Xylacare 2% w/v Solution for Injection,32742/4036,Xylazine,,POM-V,Solution for injection,Neurological Agent sedative,,,,,
541,"Meloxidolor 5 mg/ml solution for injection for dogs, cats, cattle and pigs","EU/2/13/148/001-003, 008-009",Meloxicam,,POM-V,Solution for injection,Anti Inflammatory NSAID,,,,,
542,"Meloxidolor 20 mg/ml solution for injection for cattle, pigs and horses","EU/2/13/148/004-005, 010",Meloxicam,,POM-V,Solution for injection,Anti Inflammatory NSAID,,,,,
490,Tilmicosol 250 mg/ml Solution for Use in Drinking Water/Milk,32823/4003,Tilmicosin,,POM-V,Solution for use in drinking water/milk,Antimicrobial,ml,250,Macrolides,Oral Solution,
753,Ridamec 5 mg/ml Pour-on Solution for Cattle,39787/4098,Moxidectin,,POM-VPS,Pour-on solution,Endectocide,,,,,
754,Unomox 5 mg/ml Pour-on Solution for Cattle,39787/4099,Moxidectin,,POM-VPS,Pour-on solution,Endectocide,,,,,
756,Moxodex 5 mg/ml Pour-on Solution for Cattle ,39787/4101,Moxidectin,,POM-VPS,Pour-on solution,Endectocide,,,,,
952,Tribamec Duo 50 mg/ml & 1 mg/ml Oral Suspension for Sheep,39787/4134,"Ivermectin, Triclabendazole",,POM-VPS,Oral suspension,Anthelmintic flukicide,,,,,
10,Duphamox 150 mg/ml Suspension for Injection,42058/4043,Amoxicillin,,POM-V,Suspension for injection,Antimicrobial,ml,150,Penicillins,Injection,
37,Duphatrim IS Injectable Solution Trimethoprim 40 mg and Sulfadiazine 200 mg Solution for Injection,42058/4048 ,"Sulfadiazine, Trimethoprim",,POM-V,Solution for injection,Antimicrobial,ml,240,Trim-sulph,Injection,
229,Rispoval Pasteurella,42058/4128,Mannheimia haemolytica,,POM-V,Emulsion for injection,Inactivated Bacterial Vaccine,,,,,
157,Rispoval RS,42058/4129,Bovine respiratory syncytial virus,,POM-V,Powder and solvent for solution for injection,Live Viral Vaccine,,,,,
631,Versiguard Rabies Suspension for Injection,42058/4194,Rabies virus,,POM-V,Suspension for injection,Inactivated Viral Vaccine,,,,,
74,Kloxerate Gold DC Intramammary Suspension ,42058/4201,"Ampicillin, Cloxacillin",,POM-V,Intramammary suspension,Antimicrobial intramammary,items,900,Multiple actives,Intramammary dry cow,
599,Ubropen 600 mg Intramammary Suspension for Lactating Cows,42810/4000,Procaine Benzylpenicillin,,POM-V,Intramammary suspension,Antimicrobial intramammary,items,342,Penicillins,Intramammary lactating cow,
607,"Colfive 5,000,000 IU/ml Concentrate for Oral Solution for Calves, Pigs, Lambs, Chickens and Turkeys",43173/4000,Colistin Sulphate,,POM-V,Concentrate for oral solution,Antimicrobial,ml,250,Polymyxins,Oral Solution,
655,Qivitan 25 mg/ml Suspension for Injection for Cattle and Pigs,43173/4003,Cefquinome,,POM-V,Suspension for injection,Antimicrobial,ml,25,3rd 4th cephalosporins,Injection,
693,Elivec 5 mg/ml Pour-on Solution for Cattle,43173/4006,Eprinomectin,,POM-VPS,Pour-on solution,Anthelmintic,,,,,
502,"Aftovaxpur DOE Emulsion for Injection for Cattle, Sheep and Pigs",EU/2/13/153/001-850,Foot-and-mouth disease virus,,POM-V,Emulsion for injection,Inactivated Viral Vaccine,,,,,
594,Bovela Lyophilisate and Solvent for Suspension for Injection for Cattle,EU/2/14/176/001-016,Bovine viral diarrhoea virus,,POM-V,Lyophilisate and solvent for suspension for injection,Live Viral Vaccine,,,,,
600,Zulvac SBV,EU/2/14/178/001,Schmallenberg virus,,POM-V,Suspension for injection,Inactivated Viral Vaccine,,,,,
66,Combivit Solution for Injection,02000/4118,"Ascorbic Acid, Nicotinamide, Pyridoxine Hydrochloride, Riboflavine Sodium Phosphate, Thiamine Hydrochloride",,POM-VPS,Solution for injection,Vitamin,,,,,
241,Metricure 500 mg Intrauterine Suspension,01708/4316,Cefapirin,,POM-V,Intrauterine suspension,Antimicrobial,items,500,1st 2nd cephalosporins,Intrauterine,
709,Combiclav Intramammary Suspension for Lactating Cows,02000/4424,"Amoxicillin, Clavulanic Acid, Prednisolone",,POM-V,Intramammary suspension,Antimicrobial intramammary; Anti Inflammatory,items,200,Penicillins,Intramammary lactating cow,
938,"Vetdrax 100 mg/ml Solution for Injection for Cattle, Pigs and Sheep",32509/4032,Tulathromycin,,POM-V,Solution for injection,Antimicrobial,ml,100,Macrolides,Injection,
988,Aqupharm 1 (9 mg/ml) Solution for Injection/Infusion,32742/4019,Sodium Chloride,,POM-V,Solution for infusion,Replacement Agent,,,,,
980,Ketexx 100 mg/ml Solution for Injection ,36408/3000,Ketamine,,POM-V,Solution for injection,Neurological Agent general anaesthetic,,,,,
113,Advocin 2.5% Solution for Injection,42058/4001,Danofloxacin,,POM-V,Solution for injection,Antimicrobial,ml,25,Fluoroquinolones,Injection,
209,Autoworm Finisher 6250 mg Pulsatile-Release Intraruminal Device,42058/4008,Oxfendazole,,POM-VPS,Pulsatile-release intraruminal device,Anthelmintic,,,,,
149,Dermisol Cream,42058/4035,"Benzoic Acid, Malic Acid Anhydrous , Propylene Glycol, Salicylic Acid",,POM-VPS,Cream,Antiseptic,,,,,
279,Duphalyte Solution for Injection,42058/4042,"Calcium Chloride Hexahydrate, Magnesium Sulphate Heptahydrate, Nicotinamide, Potassium Chloride, Pyridoxine Hydrochloride, Riboflavine ",,POM-V,Solution for injection,Vitamin; Mineral,,,,,
311,Crovect 1.25% w/v Pour-on Solution for Sheep,00879/4017,Cypermethrin Cis 80:Trans 20,,POM-VPS,Pour-on solution,Ectoparasiticide,,,,,
31,Dectomax 10 mg/ml Solution for Injection for Cattle and Sheep,00879/4199,Doramectin,,POM-VPS,Solution for injection,Endectocide,,,,,
30,"PMSG Intervet 5000IU, Powder and Solvent for Solution for Injection",01708/4309,Serum Gonadotrophin,,POM-V,Powder and solvent for solution for injection,Hormone sex,,,,,
294,"Bovilis IBR Marker Live, Lyophilisate and Solvent for Suspension for Cattle",01708/4618,Infectious bovine rhinotraceitis virus,,POM-V,"Nasal drops, suspension",Live Viral Vaccine,,,,,
319,Scabivax Forte,01708/4584,Orf virus,,POM-V,Solution for injection,Live Viral Vaccine,,,,,
297,Orbeseal Dry Cow 2.6 g Intramammary Suspension,42058/4092,Bismuth Subnitrate,,POM-V,Intramammary suspension,Miscellaneous Mechanical Teat Seal ,,,,,
298,"Metacam 20 mg/ml Solution for Injection for Cattle, Pigs and Horses","EU/2/97/004/007-008,014-015,027-028,031-",Meloxicam,,POM-V,Solution for injection,Anti Inflammatory NSAID,,,,,
327,"Premadex 1% w/v Solution for Injection for Cattle, Swine and Sheep",05653/4203,Ivermectin,,POM-VPS,Solution for injection,Endectocide,,,,,
379,"Fasinex 240, 24% w/v Oral Suspension for Cattle",00879/4006,Triclabendazole,,POM-VPS,Oral suspension,Anthelmintic flukicide,,,,,
334,Enroxil 100 mg/ml Solution for Injection for Cattle and Pigs,01656/4019,Enrofloxacin,,POM-V,Solution for injection,Antimicrobial,ml,100,Fluoroquinolones,Injection,
335,"Enroxil 50 mg/ml Solution for Injection for Calves, Pigs and Dogs",01656/4020,Enrofloxacin,,POM-V,Solution for injection,Antimicrobial,ml,50,Fluoroquinolones,Injection,
331,Reprocine 0.07 mg/ml Solution for Injection for Cattle and Pigs,08007/4151,Carbetocin,,POM-V,Solution for injection,Hormone,,,,,
769,"Tulazzin 100 mg/ml Solution for Injection for Cattle, Pigs and Sheep",52358/4000,Tulathromycin,,POM-V,Solution for injection,Antimicrobial,,,,,
1,Chorulon 1500 IU Powder and Solvent for Solution for Injection,01708/4301,Chorionic Gonadotrophin,,POM-V,Powder and solvent for solution for injection,Hormone sex,,,,,
2,Micotil 300 mg/ml Solution for Injection,00006/4093,Tilmicosin,,POM-V,Solution for injection,Antimicrobial,ml,300,macro,Injectable,
392,Nuflor Minidose 450 mg/ml Solution for Injection for Cattle,01708/4541,Florfenicol,,POM-V,Solution for injection,Antimicrobial,ml,450,Amphenicols,Injection,
403,Bravoxin 10 Suspension for Injection for Cattle and Sheep,01708/4585,"Clostridium chauvoei, Clostridium haemolyticum, Clostridium novyi, Clostridium perfringens, Clostridium septicum, Clostridium sordellii, Clostridium tetani",,POM-VPS,Suspension for injection,Inactivated Bacterial Vaccine,,,,,
393,"Luxspray 50V 0.5% w/v Teat Dip / Teat Spray, Solution - Ready to Use",01808/4017,Iodine,,AVM-GSL,Teat dip/spray solution,Antiseptic,,,,,
394,"Sensospray 70V 0.74% w/v Teat Dip / Teat Spray, Solution - Ready to Use",01808/4018,Chlorhexidine Gluconate,,AVM-GSL,Teat dip/spray solution,Antiseptic,,,,,
8,Betamox 150 mg/ml Suspension for Injection,02000/4071,Amoxicillin,,POM-V,Suspension for injection,Antimicrobial,ml,150,Penicillins,Injection,
5,Norodine Bolus Tablet,02000/4079,"Sulfadiazine, Trimethoprim",,POM-V,Tablet,Antimicrobial,items,1200,Trim-sulph,Bolus,
456,Premadex 0.8mg/ml Oral Solution for Sheep,08749/4029,Ivermectin,,POM-VPS,Oral solution,Endectocide,,,,,
386,Levamole 75 mg/ml Oral Solution,08749/4038,Levamisole Hydrochloride,,POM-VPS,Oral solution,Anthelmintic,,,,,
391,Norocarp 50 mg/ml Solution for Injection for Cattle and Horses,02000/4277,Carprofen,,POM-V,Solution for injection,Anti Inflammatory NSAID,,,,,
871,Tulaven 25 mg/ml solution for injection for pigs,15052/,Tulathromycin,,,,Antimicrobial,,,,,
874,Zeleris,15052/5026,"Florfenicol, Meloxicam",,POM-V,Solution for injection,Antimicrobial; Anti Inflammatory,ml,400,Amphenicols,Injection,
36,Flukiver 5% w/v Oral Suspension,00879/4180,Closantel,,POM-VPS,Oral suspension,Anthelmintic flukicide,,,,,
671,Repose 500 mg/ml Solution for Injection ,41821/4042,Pentobarbital Sodium,,POM-V,Solution for injection,Neurological Agent euthanasia agent,,,,,
303,"Advocin 180, 180 mg/ml, Solution for Injection for Cattle",42058/4000,Danofloxacin,,POM-V,Solution for injection,Antimicrobial,,,,,
174,Clamoxyl Ready-To-Use 150 mg/ml Suspension for Injection,42058/4016,Amoxicillin,,POM-V,Suspension for injection,Antimicrobial,ml,150,Penicillins,Injection,
367,CIDR 1.38 g Vaginal Delivery System for Cattle,42058/4012,Progesterone,,POM-V,Vaginal delivery system,Hormone sex,,,,,
211,Vetivex 9 (Ringers Solution for Infusion),10434/4054,"Calcium Chloride Dihydrate, Potassium Chloride, Sodium Chloride",,POM-V,Solution for infusion,Replacement Agent,,,,,
214,Vetivex 3 (Sodium Chloride 0.9% w/v and Glucose 5% w/v Infusion BP),10434/4055,"Glucose, Sodium Chloride",,POM-V,Solution for infusion,Replacement Agent,,,,,
213,Hypertonic 7.2% w/v Solution for Infusion,10434/4056,Sodium Chloride,,POM-V,Solution for infusion,Replacement Agent,,,,,
215,Vetivex 18 (Sodium Chloride 0.18% w/v and Glucose 4% w/v Intravenous Infusion B.P. (Vet)),10434/4058,"Glucose, Sodium Chloride",,POM-V,Solution for infusion,Replacement Agent,,,,,
870,"Rexxolide 100 mg/ml Solution for Injection for Cattle, Pigs and Sheep",10434/5003,Tulathromycin,,POM-V,Solution for injection,Antimicrobial,ml,100,Macrolides,Injection,
982,"Meloxidolor 20 mg/ml solution for injection for cattle, pigs and horses",41821/5004,Meloxicam,,POM-V,Solution for injection,Anti Inflammatory NSAID,,,,,
983,"Meloxidolor 5 mg/ml solution for injection for dogs, cats, cattle and pigs",41821/5005,Meloxicam,,POM-V,Solution for injection,Anti Inflammatory NSAID,,,,,
995,Startect Dual Active Oral Solution for Sheep,42058/3001,"Abamectin, Derquantel",,POM-VPS,Oral solution,Anthelmintic,,,,,
559,"Vetivex 1 (9 mg/ml) Solution for Infusion for Cattle, Horses, Dogs and Cats",10434/4079,Sodium Chloride,,POM-V,Solution for infusion,Replacement Agent,,,,,
455,Albenil 25 mg/ml SC Oral Suspension,11188/4013,Albendazole,,POM-VPS,Oral suspension,Anthelmintic,,,,,
740,"Belavit AD3E, Solution for Injection for Horses, Cattle, Pigs, and Dogs ",41816/4004,"Alpha Tocopherol, Cholecalciferol, Retinol",,POM-V,Solution for injection,Vitamin,,,,,
953,"Calcibel Forte, 380/60/50 mg/ml Solution for Infusion for Horses, Cattle, Sheep, Goats and Pigs",41816/4005,"Boric Acid, Calcium Gluconate Monohydrate, Magnesium Chloride Hexahydrate",,POM-V,Solution for injection,Mineral,,,,,
550,Carprodolor 50mg/ml Solution for Injection for Cattle,41821/4002,Carprofen,,POM-V,Solution for injection,Anti Inflammatory NSAID,,,,,
992,Draxxin Plus 100 mg/ml + 120 mg/ml Solution for Injection for Cattle,42058/3002,"Ketoprofen, Tulathromycin",,POM-V,Solution for injection,Antimicrobial; Anti Inflammatory,ml,100,Macrolides,Injection,
207,Autoworm First Grazer 8750 mg Pulsatile-Release Intraruminal Device,42058/4009,Oxfendazole,,POM-VPS,Pulsatile-release intraruminal device,Anthelmintic,,,,,
179,Blackleg Vaccine,42058/4010,Clostridium chauvoei,,POM-VPS,Suspension for injection,Inactivated Bacterial Vaccine,,,,,
224,Clamoxyl Long Acting 150 mg/ml Suspension for Injection,42058/4013,Amoxicillin,,POM-V,Suspension for injection,Antimicrobial,ml,150,Penicillins,Injection,
296,Covexin 10 Suspension for Injection for Sheep and Cattle,42058/4022,"Clostridium chauvoei, Clostridium haemolyticum, Clostridium novyi, Clostridium perfringens, Clostridium septicum, Clostridium sordellii, Clostridium tetani",,POM-VPS,Suspension for injection,Inactivated Bacterial Vaccine,,,,,
245,Covexin 8,42058/4023,"Clostridium chauvoei, Clostridium haemolyticum, Clostridium novyi, Clostridium perfringens, Clostridium septicum, Clostridium tetani",,POM-VPS,Suspension for injection,Inactivated Bacterial Vaccine,,,,,
130,Cydectin 0.1% w/v Oral Solution for Sheep,42058/4024,Moxidectin,,POM-VPS,Oral solution,Endectocide,,,,,
560,"Vetivex 11 (Hartmann's) Solution for Infusion for Cattle, Horses, Dogs and Cats ",10434/4080,"Calcium Chloride Dihydrate, Potassium Chloride, Sodium Chloride, Sodium Lactate",,POM-V,Solution for infusion,Replacement Agent,,,,,
687,Hypertonic 72 mg/ml Solution for Infusion,10434/4091,Sodium Chloride,,POM-V,Solution for infusion,Replacement Agent,,,,,
555,"Ketodolor 100 mg/ml Solution for Injection for Horses, Cattle, Pigs",41821/4004,Ketoprofen,,POM-V,Solution for injection,Anti Inflammatory NSAID,,,,,
592,Anaestamine 100 mg/ml Solution for Injection,41821/4011,Ketamine,,POM-V,Solution for injection,Neurological Agent general anaesthetic,,,,,
670,Histodine 10 mg/ml Solution for Injection for Cattle,41821/4041,Chlorpheniramine Maleate,,POM-V,Solution for injection,Miscellaneous,,,,,
92,Tetanus Antitoxin Behring,01708/4506,"Clostridium tetani, Equine plasma",,POM-V,Solution for injection,Antisera,,,,,
80,Colvasone 0.2% w/v Solution for Injection,02000/4009,Dexamethasone Sodium Phosphate,,POM-V,Solution for injection,Anti Inflammatory corticosteroid,,,,,
424,Cydectin TriclaMox 1 mg/ml + 50 mg/ml Oral Solution for Sheep,42058/4030,"Moxidectin, Triclabendazole",,POM-VPS,Oral solution,Endectocide,,,,,
318,Deccox 6% w/w Premix for Medicated Feeding Stuff for Sheep and Cattle,42058/4032,Decoquinate,,POM-V,Premix for medicated feeding stuff,Antiprotozoal anticoccidial,,,,,
243,"Dysect Sheep Pour-on, Alphacypermethrin 12.5 g/l Pour-on Solution",42058/4055,Alpha-Cypermethrin,,POM-VPS,Pour-on solution,Ectoparasiticide,,,,,
978,Bimacure 500mg Intrauterine Suspension for Cattle,34860/4001,Cefapirin,,POM-V,Intrauterine suspension,Antimicrobial,,,,,
239,"Excenel Flow, 50 mg/ml, Suspension for Injection for Pigs and Cattle",42058/4065,Ceftiofur,,POM-V,Suspension for injection,Antimicrobial,ml,50,3rd 4th cephalosporins,Injection,
238,Excenel 50 mg/ml Sterile Powder for Solution for Injection,42058/4066,Ceftiofur,,POM-V,Powder for solution for injection,Antimicrobial,ml,50,3rd 4th cephalosporins,Injection,
715,Procactive 300 mg/ml Suspension for Injection for Cattle and Pigs,31592/4007,Procaine Benzylpenicillin,,POM-V,Suspension for injection,Antimicrobial,,,,,
648,Carofertin 10 mg/ml Emulsion for Injection for Cattle and Pigs,32802/4001,B Carotene,,POM-V,Emulsion for injection,Vitamin,,,,,
98,Baytril 2.5% Oral Solution,00010/4078,Enrofloxacin,,POM-V,Oral solution,Antimicrobial,,,,,
33,Flectron Fly Ear Tags for Cattle 935 mg,42058/4069,Cypermethrin Cis 50:Trans 50,,POM-VPS,Ear tag,Ectoparasiticide,,,,,
119,Lutalyse 5 mg/ml Solution for Injection,42058/4082,Dinoprost,,POM-V,Solution for injection,Prostaglandin,,,,,
234,Orbenin Dry Cow 500 mg Intramammary Suspension,42058/4088,Cloxacillin,,POM-V,Intramammary suspension,Antimicrobial intramammary,items,500,Penicillins,Intramammary dry cow,
146,Orbenin Extra Dry Cow 600 mg Intramammary Suspension,42058/4089,Cloxacillin,,POM-V,Intramammary suspension,Antimicrobial intramammary,items,600,Penicillins,Intramammary dry cow,
169,Orbenin L.A. 200 mg Intramammary Suspension,42058/4090,Cloxacillin,,POM-V,Intramammary suspension,Antimicrobial intramammary,items,200,Penicillins,Intramammary lactating cow,
34,Orbenin Ophthalmic Ointment 16.67% w/w Eye Ointment,42058/4091,Cloxacillin,,POM-V,Eye ointment,Antimicrobial,,,,,
773,Orbeseal Dry Cow 2.6g Intramammary Suspension,42058/4092,Bismuth Subnitrate,,POM-V,Intramammary suspension,Miscellaneous Mechanical Teat Seal ,,,,,
89,Pathocef 250 mg Intramammary Suspension,42058/4094,Cefoperazone,,POM-V,Intramammary suspension,Antimicrobial intramammary,items,250,3rd 4th cephalosporins,Intramammary lactating cow,
156,Imuresp RP,42058/4072,"Bovine parainfluenza virus 3, Infectious bovine rhinotraceitis virus",,POM-V,Nasal powder,Live Viral Vaccine,,,,,
273,"Dalmazin, 75 Micrograms/ml, Solution for Injection for Cows and Sows",11557/4000,Cloprostenol,,POM-V,Solution for injection,Prostaglandin,,,,,
117,Protect Oral Suspension for New Born Calves,11543/4001,"Enterococcus Faecium SF101, Lactobacillus Acidophilus La101, Lactobacillus Acidophilus La107",,POM-VPS,Oral suspension,Probiotic,,,,,
972,Fatroseal 2.6 g Intramammary Suspension for Dry Cows ,11557/3000,Bismuth Subnitrate,,POM-V,Intramammary suspension,Miscellaneous mechanical teat seal ,,,,,
461,Syncrostim 500 IU Lyophilisate and Solvent for Solution for Injection for Cattle and Sheep,15052/4049,Serum Gonadotrophin,,POM-V,Powder and solvent for solution for injection,Hormone sex,,,,,
139,Cydectin 0.5% w/v Pour-on for Cattle,42058/4025,Moxidectin,,POM-VPS,Pour-on solution,Endectocide,,,,,
775,Cydectin 1% w/v Solution for Injection for Sheep,42058/4027,Moxidectin,,POM-VPS,Solution for injection,Endectocide,,,,,
353,Cydectin 10% LA Solution for Injection for Cattle,42058/4028,Moxidectin,,POM-VPS,Solution for injection,Endectocide,,,,,
395,Cydectin 20 mg/ml LA Solution for Injection for Sheep,42058/4029,Moxidectin,,POM-VPS,Solution for injection,Endectocide,,,,,
51,"Lincocin Soluble Powder, 400 mg/g Powder for Use in Drinking Water",42058/4078,Lincomycin,,POM-V,Powder for use in drinking water,Antimicrobial,g,400,Lincosamides,Oral Powder,
230,"Linco-Spectin 100, 222/444.7 mg/g Powder for Use in Drinking Water for Pigs and Chickens",42058/4080,"Lincomycin, Spectinomycin",,POM-V,Powder for use in drinking water,Antimicrobial,g,666.7,Multiple actives,Oral Powder,
498,Cydectin TriclaMox 5 mg/ml + 200 mg/ml Pour-on Solution for Cattle,42058/4031,"Moxidectin, Triclabendazole",,POM-VPS,Pour-on solution,Endectocide,,,,,
630,"Pronestesic 40 mg/ml / 0.036 mg/ml Solution for Injection for Horses, Cattle, Pigs and Sheep",11557/4002,"Epinephrine Acid Tartrate, Procaine Hydrochloride",,POM-V,Solution for injection,Neurological Agent local anaesthetic,,,,,
732,"Valemas 50 mg/ml Solution for Injection for Cattle, Sheep, Goats, Pigs, Dogs and Cats ",11557/4003,Enrofloxacin,,POM-V,Solution for injection,Antimicrobial,ml,50,Fluoroquinolones,Injection,
148,Synulox Lactating Cow Intramammary Suspension,42058/4143,"Amoxicillin, Clavulanic Acid, Prednisolone",,POM-V,Intramammary suspension,Antimicrobial intramammary; Anti Inflammatory,,,,,
242,Rispoval 4,42058/4125,"Bovine parainfluenza virus 3, Bovine respiratory syncytial virus, Bovine viral diarrhoea virus, Infectious bovine rhinotraceitis virus",,POM-V,Solution for injection,Live and Inactivated Viral Vaccine,,,,,
222,Rispoval IBR-Marker Live,42058/4126,Infectious bovine rhinotraceitis virus,,POM-V,Powder and solvent for solution for injection,Live Viral Vaccine,,,,,
735,"Dalmaprost 0.075 mg/ml Solution for Injection for Cattle, Pigs and Horses",11557/4006,d-Cloprostenol,,POM-V,Solution for injection,Prostaglandin,,,,,
219,Rispoval IBR-Marker Inactivated,42058/4127,Infectious bovine rhinotraceitis virus,,POM-V,Suspension for injection,Inactivated Viral Vaccine,,,,,
497,Startect Dual Active Oral Solution for Sheep ,42058/4135,"Abamectin, Derquantel",,POM-VPS,Oral solution,Anthelmintic,,,,,
445,Zermex 100 mg/ml LA Solution for Injection for Cattle,42058/4172,Moxidectin,,POM-VPS,Solution for injection,Endectocide,,,,,
444,Zermex 20 mg/ml LA Solution for Injection for Sheep,42058/4173,Moxidectin,,POM-VPS,Solution for injection,Endectocide,,,,,
625,Lutalyse 12.5 mg/ml Solution for Injection for Cattle,42058/4189,Dinoprost,,POM-V,Solution for injection,Prostaglandin,,,,,
340,Rispoval RS + Pi3 IntraNasal,42058/4130,"Bovine parainfluenza virus 3, Bovine respiratory syncytial virus",,POM-V,Solution for injection,Live Viral Vaccine,,,,,
102,Spirovac,42058/4134,Leptospira borgpetersenii,,POM-VPS,Solution for injection,Inactivated Bacterial Vaccine,,,,,
38,Synulox Bolus 500 mg Film-Coated Tablets,42058/4142,"Amoxicillin, Clavulanic Acid",,POM-V,Film-coated tablet,Antimicrobial,items,400,Penicillins,Bolus,
831,Rispoval 2 / BRSV + Pi3 Lyophilisate and Solvent for Suspension for Injection for Cattle,42058/4212,"Bovine parainfluenza virus 3, Bovine respiratory syncytial virus",,POM-V,Lyophilisate and solvent for suspension for injection,Live Viral Vaccine,,,,,
142,Tracherine,42058/4156,Infectious bovine rhinotraceitis virus,,POM-V,Nasal powder,Live Viral Vaccine,,,,,
609,CEFSHOT DC 250 mg Intramammary Suspension for Cattle,42058/4183,Cephalonium,,POM-V,Intramammary suspension,Antimicrobial intramammary,items,250,1st 2nd cephalosporins,Intramammary dry cow,
973,Fatroseal 2.6 g Intramammary Suspension for Dry Cows ,11557/5002,Bismuth Subnitrate,,POM-V,Intramammary suspension,Miscellaneous mechanical teat seal ,,,,,
134,Tramazole 2.5% w/v SC Oral Suspension,11810/4007,Albendazole,,POM-VPS,Oral suspension,Anthelmintic,,,,,
634,Tramazole 100 mg/ml SC Oral Suspension for Cattle and Sheep,11810/4011,Albendazole,,POM-VPS,Oral suspension,Anthelmintic,,,,,
974,Topimec Plus 10/100 mg/ml Solution for Injection for Cattle,11990/3000,"Clorsulon, Ivermectin",,POM-VPS,Solution for injection,Endectocide,,,,,
201,Fly & Lice Spot On Insecticide 1% w/v Cutaneous Solution,42058/4096,Deltamethrin,,POM-VPS,Cutaneous solution,Ectoparasiticide,,,,,
405,Rimadyl Cattle 50 mg/ml Solution for Injection,42058/4118,Carprofen,,POM-V,Solution for injection,Anti Inflammatory NSAID,,,,,
337,Rispoval 3 BRSV Pi3 BVD Lyophilisate and Suspension for Suspension for Injection for Cattle,42058/4124,"Bovine parainfluenza virus 3, Bovine respiratory syncytial virus, Bovine viral diarrhoea virus",,POM-V,Suspension for injection,Live and Inactivated Viral Vaccine,,,,,
150,Synulox Ready-to-Use Suspension for Injection,42058/4148,"Amoxicillin, Clavulanic Acid",,POM-V,Suspension for injection,Antimicrobial,ml,140,Penicillins,Injection,
49,Terramycin Aerosol Spray 3.92% w/w Cutaneous Spray,42058/4150,Oxytetracycline Hydrochloride,,POM-V,"Cutaneous spray, solution",Antimicrobial,,,,,
7,Terramycin/LA 200 mg/ml Solution for Injection,42058/4151,Oxytetracycline,,POM-V,Solution for injection,Antimicrobial,ml,200,Tetracyclines,Injection,
271,Zermex 1% w/v Solution for Injection for Sheep,42058/4171,Moxidectin,,POM-VPS,Solution for injection,Endectocide,,,,,
720,"Dexafast 2 mg/ml Solution for Injection for Horses, Cattle, Pigs, Dogs and Cats",43173/4009,Dexamethasone,,POM-V,Solution for injection,Anti Inflammatory corticosteroid,,,,,
172,Imizol 85 mg/ml Solution for Injection,01708/4576,Imidocarb,,POM-V,Solution for injection,Antiprotozoal,,,,,
889,"Draxxin 100 mg/ml Solution for Injection for Cattle, Pigs and Sheep",42058/5021,Tulathromycin,,POM-V,Solution for injection,Antimicrobial,ml,100,Macrolides,Injection,
4,Zerofen Worm Drench 2.5% w/v Oral Suspension for Sheep and Cattle,11990/4000,Fenbendazole,,POM-VPS,Oral suspension,Anthelmintic,,,,,
890,Naxcel 200 mg/ml Suspension for Injection for Cattle,42058/5041,Ceftiofur,,POM-V,Suspension for injection,Antimicrobial,ml,200,3rd 4th cephalosporins,Injection,
891,Pirsue 5 mg/ml Intramammary Solution for Cattle,42058/5045,Pirlimycin Hydrochloride,,POM-V,Intramammary solution,Antimicrobial intramammary,items,50,Lincosamides,Intramammary lactating cow,
621,Rispoval RS + PI3 IntraNasal,43877/4000,"Bovine parainfluenza virus 3, Bovine respiratory syncytial virus",,POM-V,Solution for injection,Live Viral Vaccine,,,,,
3,Zerofen Worm Drench 10% w/v Oral Suspension for Sheep and Cattle,11990/4001,Fenbendazole,,POM-VPS,Oral suspension,Anthelmintic,,,,,
892,Zulvac 1+8 Bovis Suspension for Injection for Cattle,42058/5088,Bluetongue virus,,POM-V,Suspension for injection,Inactivated Viral Vaccine,,,,,
893,Zulvac 1+8 Ovis Suspension for Injection for Sheep,42058/5089,Bluetongue virus,,POM-V,Suspension for injection,Inactivated Viral Vaccine,,,,,
894,Zulvac 8 Ovis,42058/5090,Bluetongue virus,,POM-V,Suspension for injection,Inactivated Viral Vaccine,,,,,
583,Cemay 50 mg/ml Suspension for Injection for Pigs and Cattle,42204/4000,Ceftiofur,,POM-V,Suspension for injection,Antimicrobial,ml,50,3rd 4th cephalosporins,Injection,
679,Neomay 500 000 IU/g Powder for Use in Drinking Water/Milk Replacer,42204/4001,Neomycin,,POM-V,Powder for use in drinking water/milk,Antimicrobial,g,655,Aminoglycosides,Oral Powder,
956,"Locatim, Oral Solution for Neonatal Calves Less Than 12 Hours of Age",42275/5000,Bovine concentrated lactoserum,,POM-VPS,Oral solution,Lactoserum,,,,,
650,"Cadorex 300 mg/ml Solution for Injection for Cattle, Sheep and Pigs",43173/4002,Florfenicol,,POM-V,Solution for injection,Antimicrobial,,,,,
593,Multimin Solution for Injection for Cattle,42511/4000,"Copper, Manganese, Selenium, Zinc",,POM-V,Solution for injection,Mineral,,,,,
695,Qivitan LC 75 mg Intramammary Ointment for Lactating Cows,43173/4007,Cefquinome,,POM-V,Intramammary ointment,Antimicrobial intramammary,items,75,3rd 4th cephalosporins,Intramammary lactating cow,
700,Vigophos 100 mg / ml + 0.05 mg / ml Solution for Injection for Cattle,43173/4008,"Butafosfan, Cyanocobalamin",,POM-V,Solution for injection,Gastrointestinal metabolic,,,,,
762,"Tullavis 100 mg/ml Solution for Injection for Cattle, Pigs and Sheep",43173/4017,Tulathromycin,,POM-V,Solution for injection,Antimicrobial,ml,100,Macrolides,Injection,
767,Cryptisel 0.5 mg/ml Oral Solution for Calves,43173/4021,Halofuginone,,POM-V,Oral solution,Antiprotozoal,,,,,
626,"Linco-Spectin 100, 222/444.7 mg/g Powder for Use in Drinking Water for Pigs and Chickens",43877/4001,"Lincomycin, Spectinomycin",,POM-V,Powder for use in drinking water ,Antimicrobial,g,666.7,Multiple actives,Oral Powder,
675,Vecoxan 2.5 mg/ml Oral Suspension,43877/4009,Diclazuril,,POM-VPS,Oral suspension,Antiprotozoal anticoccidial,,,,,
996,Startect Dual Active Oral Solution for Sheep ,42058/5099,"Abamectin, Derquantel",,POM-VPS,Oral solution,Anthelmintic,,,,,
32,Chanaverm 7.5% Oral Solution,11990/4002,Levamisole Hydrochloride,,POM-VPS,Oral solution,Anthelmintic,,,,,
95,Chanazine 2% Solution for Injection ,11990/4005,Xylazine,,POM-V,Solution for injection,Neurological Agent sedative,,,,,
106,Bovex 2.265% w/v Oral Suspension for Cattle and Sheep,11990/4008,Oxfendazole,,POM-VPS,Oral suspension,Anthelmintic,,,,,
126,Albex 2.5% w/v SC Oral Suspension,11990/4015,Albendazole,,POM-VPS,Oral suspension,Anthelmintic,,,,,
129,Albex 10% w/v Oral Suspension,11990/4016,Albendazole,,POM-VPS,Oral suspension,Anthelmintic,,,,,
828,Zulvac SBV,42058/5092,Schmallenberg virus,,POM-V,Suspension for injection,Inactivated Viral Vaccine,,,,,
993,Draxxin Plus 100 mg/ml + 120 mg/ml Solution for Injection for Cattle,42058/5100,"Ketoprofen, Tulathromycin",,POM-V,Solution for injection,Antimicrobial; Anti Inflammatory,,,,,
984,Scabigard,42058/4213,Orf virus,,POM-V,Solution for injection,Live Viral Vaccine,,,,,
888,"Contacera 20 mg/ml Solution for Injection for Cattle, Pigs and Horses",42058/5015,Meloxicam,,POM-V,Solution for injection,Anti Inflammatory NSAID,,,,,
306,Tribex 5% Oral Suspension for Sheep,11990/4033,Triclabendazole,,POM-VPS,Oral suspension,Anthelmintic flukicide,,,,,
402,Animec Super 10 mg/ml / 100 mg/ml Solution for Injection for Cattle,11990/4054,"Clorsulon, Ivermectin",,POM-VPS,Solution for injection,Endectocide,,,,,
697,"Oxytocin-S, 10 iu/ml, Solution for Injection",43877/4012,Oxytocin Synthetic,,POM-V,Solution for injection,Hormone,,,,,
748,Draxxin Plus 100 mg/ml + 120 mg/ml Solution for Injection for Cattle,42058/4211,"Ketoprofen, Tulathromycin",,POM-V,Solution for injection,Antimicrobial; Anti Inflammatory,,,,,
88,Imaverol 100 mg/ml Concentrate for Cutaneous Emulsion,44684/4003,Enilconazole,,POM-VPS,Cutaneous emulsion,Antimycotic,,,,,
440,"Dinalgen 150 mg/ml Solution for Injection for Cattle, Pigs and Horses",46037/4003,Ketoprofen,,POM-V,Solution for injection,Anti Inflammatory NSAID,,,,,
128,Endospec SC 2.5% w/v Oral Suspension,50146/4030,Albendazole,,POM-VPS,Oral suspension,Anthelmintic flukicide,,,,,
212,"Gold Fleece Sheep Dip, 608 mg/ml Concentrate for Dip Emulsion",50146/4031,Dimpylate,,POM-VPS,Concentrate for dip solution,Ectoparasiticide sheep dip,,,,,
289,Ovidrench S & C 10% w/v Oral Suspension for Cattle and Sheep,50146/4032,Albendazole,,POM-VPS,Oral suspension,Anthelmintic,,,,,
1001,Maximec 5 mg/ml Pour-On Solution for Cattle,50146/4044,Ivermectin,,POM-VPS,Pour-on solution,Endectocide,,,,,
431,Coxevac suspension for injection for cattle and goats,EU/2/10/110/001-002 ,Coxiella burnetii,,POM-V,Suspension for injection,Inactivated Bacterial Vaccine,,,,,
903,BTVPUR Suspension for Injection for Sheep and Cattle,EU/2/10/113/001-050,Bluetongue virus,,POM-V,Suspension for injection,Inactivated Viral Vaccine,,,,,
218,Vecoxan 2.5 mg/ml Oral Suspension,00006/4145,Diclazuril,,POM-VPS,Oral suspension,Antiprotozoal anticoccidial,,,,,
896,"Locatim, Oral Solution for Neonatal Calves less than 12 hours of age",42275/5000,Bovine concentrated lactoserum,,POM-VPS,Oral solution,Lactoserum,,,,,
277,Animec 10 mg/ml Solution for Injection for Cattle and Pigs,11990/4023,Ivermectin,,POM-VPS,Solution for injection,Endectocide,,,,,
701,Topimec 5 mg/ml Pour-on Solution,11990/4061,Ivermectin,,POM-VPS,Pour-on solution,Endectocide,,,,,
975,Topimec Plus 10/100 mg/ml Solution for Injection for Cattle,11990/5000,"Clorsulon, Ivermectin",,POM-VPS,Solution for injection,Endectocide,,,,,
742,Hemosilate 125 mg/ml Solution for Injection,46037/4005,Etamsylate,,POM-V,Solution for injection,Miscellaneous,,,,,
612,Novomate 277.8 mg/ml Powder and Solvent for Suspension for Injection for Cattle,52429/4000,"Penethamate Hydriodide, micronised",,POM-V,Powder and solvent for suspension for injection,Antimicrobial,ml,166.7,Penicillins,Injection,
904,Hiprabovis IBR Marker Live,EU/2/10/114/001-003,Infectious bovine rhinotraceitis virus,,POM-V,Lyophilisate for suspension for injection,Live Viral Vaccine,,,,,
475,Zulvac 1+8 Ovis Suspension for Injection for Sheep,EU/2/11/120/001-003,Bluetongue virus,,POM-V,Suspension for injection,Inactivated Viral Vaccine,,,,,
432,Bluevac BTV Suspension for injection for cattle and sheep,EU/2/11/122/001-009,Bluetongue virus,,POM-V,Suspension for injection,Inactivated Viral Vaccine,,,,,
519,Zuprevo 180 mg/ml Solution for Injection for Cattle,EU/2/11/124/005-008,Tildipirosin,,POM-V,Solution for injection,Antimicrobial,ml,180,Macrolides,Injection,
307,Tribex 10% Oral Suspension for Cattle,11990/4034,Triclabendazole,,POM-VPS,Oral suspension,Anthelmintic flukicide,,,,,
350,Animec 0.5% w/v Pour-on Solution,11990/4038,Ivermectin,,POM-VPS,Pour-on solution,Endectocide,,,,,
349,Premadex 0.5% w/v Pour-on Solution,11990/4039,Ivermectin,,POM-VPS,Pour-on solution,Endectocide,,,,,
368,Albacert 2.5% w/v SC Oral Suspension,11990/4050,Albendazole,,POM-VPS,Oral suspension,Anthelmintic,,,,,
373,Triclacert 5% Oral Suspension for Sheep,11990/4051,Triclabendazole,,POM-VPS,Oral suspension,Anthelmintic flukicide,,,,,
635,Rotavec Corona Emulsion for Injection for Cattle,43877/4002,"Bovine coronavirus, Bovine rotavirus, Escherichia coli",,POM-VPS,Emulsion for injection,Inactivated Viral and Bacterial Vaccine,,,,,
660,Vecoxan 2.5 mg/ml Oral Suspension,43877/4005,Diclazuril,,POM-VPS,Oral suspension,Antiprotozoal anticoccidial,,,,,
690,Dectomax 10 mg/ml Solution for Injection for Cattle and Sheep,43877/4011,Doramectin,,POM-VPS,Solution for injection,Endectocide,,,,,
712,"Ketosan, 100 mg/ml Solution for Injection for Cattle and Pigs ",48659/4000,Ketoprofen,,POM-V,Solution for injection,Anti Inflammatory NSAID,,,,,
6,Vitamin B1 10% w/v Solution for Injection,50146/4029,Thiamine Hydrochloride,,POM-V,Solution for injection,Vitamin,,,,,
902,Melovem 5 mg/ml solution for injection for cattle and pigs,EU/2/09/098/001,Meloxicam,,POM-V,Solution for injection,Anti Inflammatory NSAID,,,,,
374,Triclacert 10% Oral Suspension for Cattle,11990/4052,Triclabendazole,,POM-VPS,Oral suspension,Anthelmintic flukicide,,,,,
486,"Emdocam 20 mg/ml Solution for Injection for Cattle, Pigs and Horses",EU/2/11/128/001-003 ,Meloxicam,,POM-V,Solution for injection,Anti Inflammatory NSAID,,,,,
217,Megacal-M Solution for Injection,12828/4000,"Calcium, Magnesium",,POM-VPS,Solution for injection,Mineral,,,,,
158,Veticop 20 mg/ml Suspension for Injection,12828/4001,Copper,,POM-VPS,Suspension for injection,Mineral,,,,,
513,Zulvac 1+8 Bovis Suspension for Injection for Cattle,EU/2/12/139/001-003,Bluetongue virus,,POM-V,Suspension for injection,Inactivated Viral Vaccine,,,,,
531,"Contacera 20 mg/ml Solution for Injection for Cattle, Pigs and Horses",EU/2/12/144/001-004 ,Meloxicam,,POM-V,Solution for injection,Anti Inflammatory NSAID,,,,,
654,HALAGON 0.5mg/ml Oral Solution for Calves,EU/2/16/201/001-003,Halofuginone,,POM-V,Oral solution,Antiprotozoal,,,,,
652,Zulvac BTV suspension for injection for sheep and cattle,EU/2/17/207/001–009,Bluetongue virus,,POM-V,Suspension for injection,Inactivated Viral Vaccine,,,,,
661,Zeleris,EU/2/17/210/001–003,"Florfenicol, Meloxicam",,POM-V,Solution for injection,Antimicrobial; Anti Inflammatory,ml,400,Amphenicols,Injection,
706,Bovilis Blue-8 Suspension for Injection for Cattle and Sheep,EU/2/17/218/001-003,Bluetongue virus,,POM-V,Suspension for injection,Inactivated Viral Vaccine,,,,,
954,Fatroseal 2.6 g Intramammary Suspension for Dry Cows ,42120/3000,Bismuth Subnitrate,,POM-V,Intramammary suspension,Miscellaneous mechanical teat seal ,,,,,
955,Fatroseal 2.6 g Intramammary Suspension for Dry Cows ,42120/5000,Bismuth Subnitrate,,POM-V,Intramammary suspension,Miscellaneous mechanical teat seal ,,,,,
702,UBAC Emulsion for Injection for Cattle,EU/2/18/227/001-004,Biofilm Adhesion Component (BAC) of Streptococcus uberis,,POM-V,Emulsion for injection,Inactivated Bacterial Vaccine,,,,,
986,"Chanaxin 100 mg/ml Solution for Injection for Cattle, Pigs and Sheep",EU/2/22/283/001-004,Tulathromycin,,POM-V,Solution for injection,Antimicrobial,ml,100,Macrolides,Injection,
200,Metacam 5 mg/ml Solution for Injection for Cattle and Pigs,"EU/2/97/004/001,010,035-038",Meloxicam,,POM-V,Solution for injection,Anti Inflammatory NSAID,,,,,
906,"Metacam 20 mg/ml Solution for Injection for Cattle, Pigs and Horses","EU/2/97/004/007-008,014-15,027-28,031-32",Meloxicam,,POM-V,Solution for injection,Anti Inflammatory NSAID,,,,,
967,"Locatim, Oral Solution for Neonatal Calves less than 12 hours of age",EU/2/99/011/001-005,Bovine concentrated lactoserum,,POM-VPS,Oral solution,Lactoserum,,,,,
236,Halocur 0.5 mg/ml Oral Solution for Calves,EU/2/99/013/001-002,Halofuginone,,POM-V,Oral solution,Antiprotozoal,,,,,
791,Vetrazin 6% w/v Pour-on Solution,00879/4023,Cyromazine,,POM-VPS,Pour-on solution,Ectoparasiticide,,,,,
928,Premadex 10 mg/ml Solution for Injection,13277/4017,Ivermectin,,POM-VPS,Solution for injection,Endectocide,,,,,
72,Framomycin 150 mg/ml Solution for Injection,00879/4033,Framycetin Sulphate,,POM-V,Solution for injection,Antimicrobial,ml,150,Aminoglycosides,Injection,
841,"Baycox 50 mg/ml Oral Suspension for Piglets, Calves and Lambs",00879/4113,Toltrazuril,,POM-V,Oral suspension,Antiprotozoal anticoccidial,,,,,
370,Ecomectin 10 mg/ml Solution for Injection,13277/4018,Ivermectin,,POM-VPS,Solution for injection,Endectocide,,,,,
382,Ecomectin 5 mg/ml Pour-on Solution for Cattle,13277/4021,Ivermectin,,POM-VPS,Pour-on solution,Endectocide,,,,,
396,Qualimec 5 mg/ml Pour-on Solution for Cattle,13277/4022,Ivermectin,,POM-VPS,Pour-on solution,Endectocide,,,,,
397,Bimectin 5 mg/ml Pour-on Solution for Cattle,13277/4023,Ivermectin,,POM-VPS,Pour-on solution,Endectocide,,,,,
251,"Copinox Cattle 24 g Capsule, Hard",14016/4000,Copper Oxide,,AVM-GSL,"Capsule, hard",Mineral,,,,,
474,"Recocam 20mg/ml Meloxicam Solution for Injection for Use in Cattle, Pigs and Horses",EU/2/11/133/001-003,Meloxicam,,POM-V,Solution for injection,Anti Inflammatory NSAID,,,,,
703,Syvazul BTV Suspension for Injection for Sheep and Cattle,EU/2/18/231/001-012,Bluetongue virus,,POM-V,Suspension for injection,Inactivated Viral Vaccine,,,,,
725,Kriptazen 0.5 mg/ml Oral Solution for Calves,EU/2/18/234/001-006,Halofuginone,,POM-V,Oral solution,Antiprotozoal,,,,,
536,"Inflacam 20 mg/ml Solution for Injection for Cattle, Pigs and Horses",EU/2/11/134/005-008,Meloxicam,,POM-V,Solution for injection,Anti Inflammatory NSAID,,,,,
551,Inflacam 5 mg/ml Solution for Injection for Cattle and Pigs,EU/2/11/134/018-020,Meloxicam,,POM-V,Solution for injection,Anti Inflammatory NSAID,,,,,
532,Kexxtone 32.4g Continuous-Release Intraruminal Device for Cattle,EU/2/12/145/001-003 ,Monensin,,POM-V,Continuous-release intraruminal device,Gastrointestinal metabolic,,,,,
131,Erythrocin 16.5% w/w Soluble Powder for Oral Solution,15052/4000,Erythromycin,,POM-V,Powder for oral solution,Antimicrobial,g,165,Macrolides,Oral Solution,
164,Spectam Scour Halt Oral Solution 50 mg/ml,15052/4006,Spectinomycin,,POM-V,Oral solution,Antimicrobial,ml,50,Aminoglycosides,Oral Solution,
694,Santiola 50 mg/ml Solution for Injection for Cattle and Sheep,01656/4118,Closantel,,POM-V,Solution for injection,Anthelmintic,,,,,
171,Amoxycare LA Suspension for Injection 15% w/v,02000/4141,Amoxicillin,,POM-V,Suspension for injection,Antimicrobial,ml,150,Penicillins,Injection,
170,Trimacare 24% Solution for Injection,02000/4145,"Sulfadiazine, Trimethoprim",,POM-V,Solution for injection,Antimicrobial,ml,240,Trim-sulph,Injection,
316,Golden Udder Gel,00292/4007,"Salicylic Acid, Sulphur",,AVM-GSL,Gel,Antiseptic,,,,,
746,Prolusyn 50 micrograms/ml Solution for Injection for Cattle,51229/4001,Gonadorelin,,POM-V,Solution for injection,Hormone sex,,,,,
898,Fixplan 200 IU/ml Lyophilisate and Solvent for Solution for Injection,51229/4002,Serum Gonadotrophin,,POM-V,Lyophilisate and solvent for solution for injection,Hormone sex,,,,,
910,DIB 1.0 g Vaginal Delivery System for Cattle,51229/4003,Progesterone,,POM-V,Vaginal delivery system,Hormone sex,,,,,
308,Synuclav Suspension for Injection,02000/4226,"Amoxicillin, Clavulanic Acid",,POM-V,Suspension for injection,Antimicrobial,ml,140,Penicillins,Injection,
836,"Tulazzin 100 mg/ml Solution for Injection for Cattle, Pigs and Sheep",54375/4000,Tulathromycin,,POM-V,Solution for injection,Antimicrobial,ml,100,macro,Injectable,
794,Oxytetrin 20 LA 200 mg/ml Solution for Injection,01708/4563,Oxytetracycline,,POM-V,Solution for injection,Antimicrobial,ml,200,tetra,Injectable,
255,"Copinox Ewe/Calf 4 g Capsule, Hard",14016/4001,Copper Oxide,,AVM-GSL,"Capsule, hard",Mineral,,,,,
795,Tribrissen 48% Suspension for Injection,01708/4593,"Sulfadiazine, Trimethoprim",,POM-V,Suspension for injection,Antimicrobial,ml,480,Trim-sulph,Injectable,
780,Devomycin 250 mg/ml Solution for Injection,02000/4018,Streptomycin Sulphate,,POM-V,Solution for injection,Antimicrobial,ml,250,amino,Injectable,
783,Calciject 20 CM Solution for Injection,02000/4120,"Boric Acid, Calcium, Magnesium",,POM-VPS,Solution for injection,Mineral,,,,,
778,Parafend LV 9.06% w/v Oral Suspension,02000/4121,Oxfendazole,,POM-VPS,Oral suspension,Anthelmintic,,,,,
785,Parafend SC Oral Suspension for Sheep,02000/4130,"Cobalt, Oxfendazole",,POM-VPS,Oral suspension,Anthelmintic anticestodal,,,,,
796,Oxycare 3.6% w/w Cutaneous Spray Solution,02000/4164,Oxytetracycline Hydrochloride,,POM-V,"Cutaneous spray, solution",Antimicrobial,,,,,
824,Dunlop's 20% w/v PMD Solution for Injection,02000/4206,"Boric Acid, Calcium, Glucose, Magnesium",,POM-VPS,Solution for injection,Mineral,,,,,
256,"Copinox Lamb 2 g Capsule, Hard",14016/4002,Copper Oxide,,AVM-GSL,"Capsule, hard",Mineral,,,,,
293,"Copasure 24 g Capsule, Hard",14016/4003,Copper Oxide,,AVM-GSL,"Capsule, hard",Mineral,,,,,
488,"Tratol 50 mg/ml Oral Suspension for Pigs, Cattle and Sheep",01656/4028,Toltrazuril,,POM-V,Oral suspension,Antiprotozoal anticoccidial,,,,,
480,Quiflor 100 mg/ml Solution for Injection for Cattle and Pigs (Sows),01656/4059,Marbofloxacin,,POM-V,Solution for injection,Antimicrobial,ml,100,Fluoroquinolones,Injection,
479,"Quiflor 20 mg/ml Solution for Injection for Cattle, Pigs and Dogs",01656/4060,Marbofloxacin,,POM-V,Solution for injection,Antimicrobial,ml,20,Fluoroquinolones,Injection,
197,Foston 20% w/v Solution for Injection,01708/4426,Toldimphos Sodium,,POM-V,Solution for injection,Mineral,,,,,
46,Liquid Life-Aid Oral Solution,02000/4074,"Glucose Monohydrate, Glycine, Potassium Dihydrogen Phosphate, Sodium Chloride, Sodium Propionate",,AVM-GSL,Oral solution,Replacement Agent,,,,,
63,"Intravit 12 Solution for Injection, 0.05% w/v",02000/4116,Cyanocobalamin,,POM-VPS,Solution for injection,Vitamin,,,,,
25,Parafend 2.265% w/v Oral Suspension,02000/4119,Oxfendazole,,POM-VPS,Oral suspension,Anthelmintic,,,,,
176,Amoxycare Suspension for Injection 15% w/v,02000/4140,Amoxicillin,,POM-V,Suspension for injection,Antimicrobial,ml,150,Penicillins,Injection,
191,Trimacare Tablets Bolus,02000/4148,"Sulfadiazine, Trimethoprim",,POM-V,Tablet,Antimicrobial,items,1200,Trim-sulph,Bolus,
861,Novem 5 mg/ml Solution for Injection for Cattle and Pigs,04491/5038,Meloxicam,,POM-V,Solution for injection,Anti Inflammatory NSAID,,,,,
400,"Powerflox 50 mg/ml Solution for Injection for Cattle, Pigs, Dogs and Cats",05653/4146,Enrofloxacin,,POM-V,Solution for injection,Antimicrobial,ml,50,Fluoroquinolones,Injection,
65,"Paracide 62 %w/v, Concentrate for Dip Emulsion",14016/4007,Dimpylate,,POM-VPS,Concentrate for dip solution,Ectoparasiticide sheep dip,,,,,
994,Gabbrovet Multi 140 mg/ml Solution for Use in Drinking Water/Milk for Pre-ruminant Cattle and Pigs ,15052/3001,Paromomycin,,POM-V,Solution for use in drinking water/milk,Antimicrobial,,,,,
481,Quiflor S 100 mg/ml Solution for Injection for Cattle,01656/4061,Marbofloxacin,,POM-V,Solution for injection,Antimicrobial,ml,100,Fluoroquinolones,Injection,
359,Fasimec Duo 50 mg/ml + 1 mg/ml Oral Suspension for Sheep,00879/4072,"Ivermectin, Triclabendazole",,POM-VPS,Oral suspension,Anthelmintic flukicide,,,,,
363,Enroxil Max 100 mg/ml Solution for Injection for Cattle,01656/4006,Enrofloxacin,,POM-V,Solution for injection,Antimicrobial,ml,100,Fluoroquinolones,Injection,
354,Fenflor 300 mg/ml Solution for Injection for Cattle,01656/4026,Florfenicol,,POM-V,Solution for injection,Antimicrobial,ml,300,Amphenicols,Injection,
361,Bovilis IBR Marker Inac Suspension for Injection for Cattle,01708/4617,Infectious bovine rhinotraceitis virus,,POM-V,Suspension for injection,Inactivated Viral Vaccine,,,,,
364,Resflor 300/16.5 mg/ml Solution for Injection for Cattle,01708/4581,"Florfenicol, Flunixin",,POM-V,Solution for injection,Antimicrobial; Anti Inflammatory,,,,,
356,"Paramectin Multi Injection 1% w/v Solution for Injection for Cattle, Sheep and Pigs",02000/4261,Ivermectin,,POM-VPS,Solution for injection,Endectocide,,,,,
358,Paramectin Drench 0.08% w/v Oral Solution,02000/4263,Ivermectin,,POM-VPS,Oral solution,Endectocide,,,,,
184,Regulin 18 mg Implant,15052/4011,Melatonin,,POM-VPS,Implant,Hormone,,,,,
202,Spectam Injectable 10% w/v Solution for Injection,15052/4012,Spectinomycin,,POM-V,Solution for injection,Antimicrobial,ml,100,Aminoglycosides,Injection,
355,Cyclix 250 microgram/ml Solution for Injection for Cattle,05653/4157,Cloprostenol,,POM-V,Solution for injection,Prostaglandin,,,,,
803,Duphacycline 10% w/v Solution for Injection,02000/4285,Oxytetracycline Hydrochloride,,POM-V,Solution for injection,Antimicrobial,ml,100,tetra,Injectable,
807,Closiver 5 mg/ml + 200 mg/ml Pour-on Solution for Cattle,02000/4311,"Closantel, Ivermectin",,POM-VPS,Pour-on solution,Endectocide,,,,,
811,Marbonor SOLO 100 mg/ml Solution for Injection for Cattle,02000/4332,Marbofloxacin,,POM-V,Solution for injection,Antimicrobial,ml,100,fluoro,Injectable,
814,Eprivet 5 mg/ml Pour-on Solution for Beef and Dairy Cattle,02000/4343,Eprinomectin,,POM-VPS,Pour-on solution,Endectocide,,,,,
806,Kefloril 300 mg/ml Solution for Injection for Cattle and Pigs,08007/4123,Florfenicol,,POM-V,Solution for injection,Antimicrobial,ml,300,other,Injectable,
802,"Shotaflor 300 mg/ml Solution for Injection for Cattle, Florfenicol",05653/4145,Florfenicol,,POM-V,Solution for injection,Antimicrobial,ml,300,other,Injectable,
357,Closiver 5 mg/ml/125 mg/ml Solution for Injection for Cattle and Sheep,02000/4262,"Closantel, Ivermectin",,POM-VPS,Solution for injection,Endectocide,,,,,
897,"Recocam 20mg/ml Meloxicam Solution for Injection for Use in Cattle, Pigs and Horses",50146/5000,Meloxicam,,POM-V,Solution for injection,Anti Inflammatory NSAID,,,,,
261,Enzaprost 5 mg/ml Solution for Injection for Cattle and Pig,15052/4015,Dinoprost,,POM-V,Solution for injection,Prostaglandin,,,,,
348,"Ovarelin 50 µg/ml, Solution for Injection for Cattle",15052/4022,Gonadorelin,,POM-V,Solution for injection,Hormone sex,,,,,
226,Cevac Chlamydia,15052/4031,Chlamydophila abortus,,POM-V,Powder and solvent for solution for injection,Live Bacterial Vaccine,,,,,
401,Powerflox 100 mg/ml Solution for Injection for Cattle and Pigs,05653/4147,Enrofloxacin,,POM-V,Solution for injection,Antimicrobial,ml,100,Fluoroquinolones,Injection,
535,Enrotron 25 mg/ml Oral Solution for Cattle,24745/4021,Enrofloxacin,,POM-V,Oral solution,Antimicrobial,ml,25,Fluoroquinolones,Oral Solution,
165,Mydiavac,43684/4000,Chlamydophila abortus,,POM-V,Emulsion for injection,Inactivated Bacterial Vaccine,,,,,
790,Deosan Summer Teatcare Plus ( 0.425% w/w ) Teat Dip and Teat Spray Emulsion,15985/4011,Chlorhexidine Gluconate,,AVM-GSL,Teat dip/spray solution,Antiseptic,,,,,
419,"Engemycin Spray, 25 mg/ml, Cutaneous Spray, Suspension for Cattle, Sheep and Pigs",01708/4545,Oxytetracycline Hydrochloride,,POM-V,"Cutaneous spray, suspension",Antimicrobial,,,,,
443,Closiver 5 mg/ml + 125 mg/ml Solution for Injection for Sheep,02000/4298,"Closantel, Ivermectin",,POM-VPS,Solution for injection,Endectocide,,,,,
447,"B. Braun Vet Care Hypertonic NaCl Solution (7.5 g/100 ml) Solution for Infusion for Horses, Cattle, Sheep, Goats, Pigs, Dogs and Cats",03551/4003,Sodium Chloride,,POM-V,Solution for infusion,Replacement Agent,,,,,
413,Florkem 300 mg/ml Solution for Injection for Cattle and Pigs,15052/4046,Florfenicol,,POM-V,Solution for injection,Antimicrobial,ml,300,Amphenicols,Injection,
453,Prid Delta 1.55 g Vaginal Delivery System for Cattle,15052/4047,Progesterone,,POM-V,Vaginal delivery system,Hormone sex,,,,,
459,Marbox 100 mg/ml Solution for Injection for Cattle and Pigs,15052/4048,Marbofloxacin,,POM-V,Solution for injection,Antimicrobial,ml,100,Fluoroquinolones,Injection,
466,"Cevaxel-RTU 50 mg/ml, Suspension for Injection for Cattle and Pigs",15052/4051,Ceftiofur,,POM-V,Suspension for injection,Antimicrobial,ml,50,3rd 4th cephalosporins,Injection,
428,Melovem 5mg/ml solution for injection for cattle and pigs,EU/2/09/098/001,Meloxicam,,POM-V,Solution for injection,Anti Inflammatory NSAID,,,,,
442,Hiprabovis IBR Marker Live,EU/2/10/114/001-002 ,Infectious bovine rhinotraceitis virus,,POM-V,Lyophilisate for suspension for injection,Live Viral Vaccine,,,,,
471,Marbiflox 100 mg/ml Solution for Injection for Cattle and Pigs (Sows),01656/4023,Marbofloxacin,,POM-V,Solution for injection,Antimicrobial,ml,100,Fluoroquinolones,Injection,
478,Quiflor Multi 100 mg/ml Solution for Injection for Cattle and Pigs (Sows),01656/4055,Marbofloxacin,,POM-V,Solution for injection,Antimicrobial,ml,100,Fluoroquinolones,Injection,
602,"Taf Spray 28.5 mg/g Cutaneous Spray, Solution",16849/4051,Thiamphenicol,,POM-V,"Cutaneous spray, solution",Antimicrobial,,,,,
465,BTVPUR Suspension for Injection for Sheep and Cattle,EU/2/10/113/001-005 ,Bluetongue virus,,POM-V,Suspension for injection,Inactivated Viral Vaccine,,,,,
522,"Toltranil 50 mg/ml Oral Suspension for Pigs, Cattle and Sheep",01656/4035,Toltrazuril,,POM-V,Oral suspension,Antiprotozoal anticoccidial,,,,,
523,Nuflor 300 mg/ml Solution for Injection for Cattle and Sheep,01708/4574,Florfenicol,,POM-V,Solution for injection,Antimicrobial,ml,300,Amphenicols,Injection,
483,Norofas Pour-on Solution for Cattle,02000/4312,"Closantel, Ivermectin",,POM-VPS,Pour-on solution,Endectocide,,,,,
514,Norfenicol 300 mg/ml Solution for Injection for Cattle and Pigs,02000/4316,Florfenicol,,POM-V,Solution for injection,Antimicrobial,ml,300,Amphenicols,Injection,
530,Marbonor 100 mg/ml Solution for Injection for Cattle and Pig ,02000/4331,Marbofloxacin,,POM-V,Solution for injection,Antimicrobial,ml,100,Fluoroquinolones,Injection,
537,Deltanil 10 mg/ml Pour-on Solution for Cattle and Sheep,05653/4168,Deltamethrin,,POM-VPS,Pour-on solution,Ectoparasiticide,,,,,
507,Molemec Pour-on for Cattle 5 mg/ml Pour-on Solution,08327/4247,Ivermectin,,POM-VPS,Pour-on solution,Endectocide,,,,,
533,"Glucose 5 g/100 ml B. Braun Vet Care Solution for Infusion for Cattle, Horse, Sheep, Goat, Pig, Dog and Cat",03551/4002,Glucose Anhydrous,,POM-V,Solution for infusion,Replacement Agent,,,,,
568,MoleEcto 12.5 mg/ml Pour-on for Sheep,00879/4085,Cypermethrin Cis 80:Trans 20,,POM-VPS,Pour-on solution,Ectoparasiticide,,,,,
573,Enrox Max 100 mg/ml Solution for Injection for Cattle and Pigs,01656/4067,Enrofloxacin,,POM-V,Solution for injection,Antimicrobial,ml,100,Fluoroquinolones,Injection,
524,Cefenil RTU 50 mg/ml Suspension for Injection for Pigs and Cattle,02000/4330,Ceftiofur,,POM-V,Suspension for injection,Antimicrobial,ml,50,3rd 4th cephalosporins,Injection,
546,Eprizero 5 mg/ml Pour-on Solution for Beef and Dairy Cattle,02000/4339,Eprinomectin,,POM-VPS,Pour-on solution,Endectocide,,,,,
547,Robonex 5 mg/ml Pour-on Solution for Beef and Dairy Cattle,02000/4340,Eprinomectin,,POM-VPS,Pour-on solution,Endectocide,,,,,
538,Baytril Max 100 mg/ml Solution for Injection for Cattle and Pigs,00010/4179,Enrofloxacin,,POM-V,Solution for injection,Antimicrobial,,,,,
561,Taurador 5 mg/ml Pour-on Solution for Cattle,02000/4358,Doramectin,,POM-VPS,Pour-on solution,Endectocide,,,,,
378,Juramate 250 µg/ml Solution for Injection,25296/4001,Cloprostenol,,POM-V,Solution for injection,Prostaglandin,,,,,
505,"Enrotron 50 mg/ml Solution for Injection for Cattle, Pigs, Dogs and Cats",24745/4030,Enrofloxacin,,POM-V,Solution for injection,Antimicrobial,ml,50,Fluoroquinolones,Injection,
598,"Tolracol 50 mg/ml Oral Suspension for Pigs, Cattle and Sheep",01656/4068,Toltrazuril,,POM-V,Oral suspension,Antiprotozoal anticoccidial,,,,,
587,Finadyne Transdermal 50 mg/ml Pour-on Solution for Cattle,01708/4608,Flunixin,,POM-V,Pour-on solution,Anti Inflammatory NSAID,,,,,
584,Spotinor 10 mg/ml Spot-on Solution for Cattle and Sheep,02000/4381,Deltamethrin,,POM-VPS,Spot-on solution,Ectoparasiticide,,,,,
617,Deltamole 7.5 mg/ml Pour-on Suspension for Cattle,01708/4609,Deltamethrin,,POM-VPS,Pour-on suspension,Ectoparasiticide,,,,,
618,"Cefimam DC, 150 mg Intramammary Ointment for Dry Cows",02000/4393,Cefquinome,,POM-V,Intramammary ointment,Antimicrobial intramammary,items,150,3rd 4th cephalosporins,Intramammary dry cow,
639,Solantel 50mg/ml Oral Suspension for Sheep,02000/4402,Closantel,,POM-VPS,Oral suspension,Anthelmintic flukicide,,,,,
627,Tylucyl 200 mg/ml Solution for Injection for Cattle and Pigs,08007/4144,Tylosin,,POM-V,Solution for injection,Antimicrobial,ml,200,Macrolides,Injection,
979,Maximec 5 mg/ml Pour-On Solution for Cattle,34860/4010,Ivermectin,,POM-VPS,Pour-on solution,Endectocide,,,,,
951,"Alfadexx 2 mg/ml Solution for Injection for Horses, Cattle, Pigs, Dogs and Cats ",36408/5008,Dexamethasone,,POM-V,Solution for injection,Anti Inflammatory corticosteroid,,,,,
842,"Baycox Multi 50 mg/ml Oral Suspension for Cattle, Pigs and Sheep",00879/4114,Toltrazuril,,POM-V,Oral suspension,Antiprotozoal anticoccidial,,,,,
651,Tauramox 5 mg/ml Pour-On Solution for Cattle,02000/4406,Moxidectin,,POM-VPS,Pour-on solution,Endectocide,,,,,
680,Oxyfluke 34 mg/ml Oral Suspension for Cattle and Sheep,02000/4422,Oxyclozanide,,POM-VPS,Oral suspension,Anthelmintic flukicide,,,,,
947,Glucose 40% w/v Solution for Injection,36408/4013,Glucose Anhydrous,,POM-VPS,Solution for injection,Replacement Agent,,,,,
948,Willcain Solution for Injection,36408/4014,"Epinephrine, Procaine Hydrochloride",,POM-VPS,Solution for injection,Neurological Agent local anaesthetic,,,,,
981,"Glucadex 2 mg/ml Solution for Injection for Horses, Cattle, Pigs, Dogs and Cats",36408/5008,Dexamethasone,,POM-V,Solution for injection,Anti Inflammatory corticosteroid,,,,,
723,"Tuloxxin 100 mg/ml Solution for Injection for Cattle, Pigs and Sheep",01656/4150,Tulathromycin,,POM-V,Solution for injection,Antimicrobial,ml,100,Macrolides,Injection,
724,"Tulaxa 100 mg/ml Solution for Injection for Cattle, Pigs and Sheep",01656/4151,Tulathromycin,,POM-V,Solution for injection,Antimicrobial,ml,100,Macrolides,Injection,
577,Intra Hoof-Fit Gel 40 mg/g + 40 mg/g Gel for Dairy Cattle,41870/4000,"Copper, Zinc",,AVM-GSL,Gel,Mineral,,,,,
707,"Tylovectin 200 Solution for Injection for Cattle, Goats and Pigs",48469/4000,Tylosin,,POM-V,Solution for injection,Antimicrobial,,,,,
726,NASYM,EU/2/19/241/001-004,Bovine respiratory syncytial virus,,POM-V,Lyophilisate and solvent for suspension for injection,Live Viral Vaccine,,,,,
770,Flovuxin 300/16.5 mg/ml Solution for Injection for Cattle,01656/4190,"Florfenicol, Flunixin",,POM-V,Solution for injection,Antimicrobial; Anti Inflammatory,,,,,
743,"Tulieve 100 mg/ml Solution for Injection for Cattle, Pigs and Sheep ",02000/4441,Tulathromycin,,POM-V,Solution for injection,Antimicrobial,ml,100,Macrolides,Injection,
717,Moxidectin Oral (Chanelle) 1 mg/ml Oral Solution for Sheep ,08749/4088,Moxidectin,,POM-VPS,Oral solution,Endectocide,,,,,
718,Moxodex 1 mg/ml Oral Solution for Sheep,08749/4089,Moxidectin,,POM-VPS,Oral solution,Endectocide,,,,,
764,"Primopen 300 mg/ml Suspension for Injection for Cattle, Pigs and Horses ",11557/4005,Procaine Benzylpenicillin,,POM-V,Suspension for injection,Antimicrobial,ml,171,Penicillins,Injection,
750,"Oxtra DD 100 mg/ml Solution for Injection for Cattle, Sheep, Pigs, Horses, Dogs and Cats",11557/4007,Oxytetracycline,,POM-V,Solution for injection,Antimicrobial,ml,100,Tetracyclines,Injection,
760,Cocci-Drench 2.5 mg/ml Oral Suspension,00879/4095,Diclazuril,,POM-VPS,Oral suspension,Antiprotozoal anticoccidial,,,,,
768,"Molecoxan 2.5 mg/ml Oral Suspension 
",00879/4096,Diclazuril,,POM-VPS,Oral suspension,Antiprotozoal anticoccidial,,,,,
645,CLiK Extra 65 mg/ml Pour-On Suspension for Sheep,00879/4003,Dicyclanil,,POM-VPS,Pour-on suspension,Ectoparasiticide,,,,,
673,CIDR OVIS 0.35g Vaginal Delivery System for Sheep,42058/4206,Progesterone,,POM-V,Vaginal delivery system,Hormone sex,,,,,
779,Duphafral Extravite Solution for Injection,42058/4040,"Ascorbic Acid , Nicotinamide, Pyridoxine Hydrochloride, Riboflavine Sodium Phosphate, Thiamine Hydrochloride",,POM-VPS,Solution for injection,Vitamin,,,,,
804,"EmpraSan Optima, 2.0 % w/v, Concentrate for Teat Dip / Teat Spray Solution",21357/4023,Iodine,,AVM-GSL,Concentrate for teat dip/spray solution,Antiseptic,,,,,
817,"Cefquinor LC, 75 mg Intramammary Ointment for Lactating Cows",02000/4388,"Cefquinome, Cefquinome Sulphate",,POM-V,Intramammary ointment,Antimicrobial intramammary,items,75,beta,Intramammary lactating cow,
714,Neoiven 500 000 IU/g Powder for Use in Drinking Water/Milk Replacer,48749/4000,Neomycin,,POM-V,Powder for use in drinking water/milk,Antimicrobial,g,655,Aminoglycosides,Oral Powder,
276,Bimectin 1% w/v Solution for Injection,50146/4002,Ivermectin,,POM-VPS,Solution for injection,Endectocide,,,,,
385,"Bimectin Plus, 10/100 mg/ml Solution for Injection for Cattle",50146/4003,"Clorsulon, Ivermectin",,POM-VPS,Solution for injection,Endectocide,,,,,
511,Multishield DC Intramammary Suspension for Cows,50146/4005,"Neomycin Sulphate, Penethamate Hydriodide, micronised, Procaine Benzylpenicillin",,POM-V,Intramammary suspension,Antimicrobial,items,379.7,Multiple actives,Intramammary dry cow,
705,Bimeprine 5 mg/ml Pour-on Solution for Cattle,50146/4007,Eprinomectin,,POM-VPS,Pour-on solution,Endectocide,,,,,
624,"Tetroxy Vet 200 mg/ml Solution for Injection for Cattle, Sheep and Pigs",50146/4008,Oxytetracycline,,POM-V,Solution for injection,Antimicrobial,ml,200,Tetracyclines,Injection,
105,"Bimoxyl LA, 150 mg/ml Amoxicillin, Suspension for Injection",50146/4010,Amoxicillin,,POM-V,Suspension for injection,Antimicrobial,ml,150,Penicillins,Injection,
125,"Cronyxin Injection, 5% w/v Solution for Injection",50146/4011,Flunixin,,POM-V,Solution for injection,Anti Inflammatory NSAID,,,,,
597,Bilovet 200 mg/ml Solution for Injection for Cattle and Pigs,50146/4016,Tylosin,,POM-V,Solution for injection,Antimicrobial,ml,200,Macrolides,Injection,
501,Ectofly 12.5 mg/ml Pour-on Solution for Sheep,50146/4017,Cypermethrin Cis 80:Trans 20,,POM-VPS,Pour-on solution,Ectoparasiticide,,,,,
313,Endofluke 100 mg/ml Oral Suspension,50146/4018,Triclabendazole,,POM-VPS,Oral suspension,Anthelmintic flukicide,,,,,
591,Fly Off 12.5 mg/ml Pour-on Solution for Sheep,50146/4019,Cypermethrin Cis 80:Trans 20,,POM-VPS,Pour-on solution,Ectoparasiticide,,,,,
662,"Vetroxy LA 200 mg/ml Solution for Injection for Cattle, Sheep and Pigs",50146/4021,Oxytetracycline,,POM-V,Solution for injection,Antimicrobial,ml,200,Tetracyclines,Injection,
362,Bimamix Oral Suspension for Calves,50146/4022,"Neomycin, Sulfadiazine",,POM-V,Oral suspension,Antimicrobial,ml,175,Multiple actives,Oral Solution,
601,Dectospot 10 mg/ml Spot-on Solution for Cattle and Sheep,50146/4023,Deltamethrin,,POM-VPS,Spot-on solution,Ectoparasiticide,,,,,
127,Endospec SC 10% w/v Oral Suspension,50146/4025,Albendazole,,POM-VPS,Oral suspension,Anthelmintic flukicide,,,,,
87,Bimotrim Co Injection Solution for Injection,50146/4027,"Sulfadoxine, Trimethoprim",,POM-V,Solution for injection,Antimicrobial,ml,240,Trim-sulph,Injection,
91,Tetroxy L.A. 200 mg/ml Oxytetracycline Solution for Injection,50146/4028,Oxytetracycline,,POM-V,Solution for injection,Antimicrobial,ml,200,Tetracyclines,Injection,
801,Combiclav Lactating Cow Intramammary Suspension,02000/4240,"Amoxicillin, Clavulanic Acid, Prednisolone",,POM-V,Intramammary suspension,Antimicrobial intramammary,items,200,beta,Intramammary lactating cow,
288,Ovidrench S & C 2.5% w/v Oral Suspension for Cattle and Sheep,50146/4033,Albendazole,,POM-VPS,Oral suspension,Anthelmintic,,,,,
540,Vectocert 1.25 % w/v Pour-on Solution for Sheep,50146/4037,Cypermethrin Cis 80:Trans 20,,POM-VPS,Pour-on solution,Ectoparasiticide,,,,,
900,"Increxxa 100 mg/ml Solution for Injection for Cattle, Pigs and Sheep",52127/5030,Tulathromycin,,POM-V,Solution for injection,Antimicrobial,ml,100,Macrolides,Injection,
901,Kexxtone 32.4g Continuous-Release Intraruminal Device for Cattle,52127/5032,Monensin,,POM-V,Continuous-release intraruminal device,Gastrointestinal metabolic,,,,,
722,Supremadex 10 mg/ml+100 mg/ml Solution for Injection for Cattle,50146/4038,"Clorsulon, Ivermectin",,POM-VPS,Solution for injection,Endectocide,,,,,
957,Bimprocil 300 mg/ml Suspension for Injection for Cattle Sheep and Pigs,50146/4040,Procaine Benzylpenicillin,,POM-V,Suspension for injection,Antimicrobial,ml,175.8,Penicillins,Injection,
958,Procipen 300 mg/ml Suspension for Injection for Cattle Sheep and Pigs,50146/4041,Procaine Benzylpenicillin,,POM-V,Suspension for injection,Antimicrobial,ml,100.2,Penicillins,Injection,
765,"Macrosyn 100 mg/ml Solution for Injection for Cattle, Pigs and Sheep",50146/4042,Tulathromycin,,POM-V,Solution for injection,Antimicrobial,ml,100,Macrolides,Injection,
997,Bimacure 500mg Intrauterine Suspension for Cattle,50146/4045,Cefapirin,,POM-V,Intrauterine suspension,Antimicrobial,items,500,1st 2nd cephalosporins,Intrauterine,
815,Norador 5 mg/ml Pour-on Solution for Cattle ,02000/4359,Doramectin,,POM-VPS,Pour-on solution,Endectocide,,,,,
816,Doranor 5 mg/ml Pour-on Solution for Cattle ,02000/4360,Doramectin,,POM-VPS,Pour-on solution,Endectocide,,,,,
985,"Recocam 20 mg/ml Solution for Injection for Cattle, Pigs and Horses",50146/5000,Meloxicam,,POM-V,Solution for injection,Anti Inflammatory NSAID,,,,,
738,"Sympagesic 500 mg/ml + 4 mg/ml Solution for Injection for Horses, Cattle, Pigs and Dogs ",50406/4008,"Hyoscine Butylbromide, Metamizole sodium monohydrate",,POM-V,Solution for injection,Neurological Agent muscle relaxant,,,,,
751,"Calmino Vet, 380/60/50 mg/ml Solution for Infusion for Cattle, Sheep and Pigs",51467/4000,"Boric Acid, Calcium Gluconate Monohydrate, Magnesium Chloride Hexahydrate",,POM-V,Solution for infusion,Mineral,,,,,
959,"Butasal 100 mg/ml + 0.05 mg/ml Solution for Injection for Horses, Cattle, Dogs and Cats ",51467/4002,"Butafosfan, Cyanocobalamin",,POM-V,Solution for injection,Vitamin; Mineral,,,,,
758,Pneumovac Suspension for Injection for Cattle,51609/4000,"Bovine parainfluenza virus 3, Bovine respiratory syncytial virus, Mannheimia haemolytica",,POM-V,Suspension for injection,Inactivated Viral and Bacterial Vaccine,,,,,
759,Pneumovac Plus Suspension for Injection for Cattle,51609/4001,"Bovine parainfluenza virus 3, Bovine respiratory syncytial virus, Bovine viral diarrhoea virus, Mannheimia haemolytica",,POM-V,Suspension for injection,Inactivated Viral and Bacterial Vaccine,,,,,
960,Rhinovac IBR Marker live Lyophilisate and Solvent for Suspension for Injection or Nasal Spray for Cattle,51609/4002,Infectious bovine rhinotraceitis virus,,POM-V,Lyophilisate and solvent for suspension for injection,Live Viral Vaccine,,,,,
899,Zolvix 25 mg/ml Oral Solution for Sheep,52127/5029,Monepantel,,POM-VPS,Oral solution,Anthelmintic,,,,,
821,Closone 50mg/ml Oral Suspension for Sheep,02000/4403,Closantel,,POM-VPS,Oral suspension,Anthelmintic flukicide,,,,,
961,Novocillin LC 1000 mg Intramammary Suspension for Lactating Cow ,52644/3000,Oxacillin Sodium,,POM-V,Intramammary suspension,Antimicrobial intramammary,items,1000,Penicillins,Intramammary,
962,"Bromhex-Air Forte 25 mg/g Oral Powder for Cattle, Pigs, Chickens, Turkeys and Ducks",52644/4000,Bromhexine Hydrochloride,,POM-V,Oral powder,Respiratory mucolytic,,,,,
485,"Loxicom 20 mg/ml Solution for Injection for Cattle, Pigs and Horses",EU/2/08/090/010-018 ,Meloxicam,,POM-V,Solution for injection,Anti Inflammatory NSAID,,,,,
963,"Tulaject 100 mg/ml Solution for Injection for Cattle, Pigs and Sheep",54375/4000,Tulathromycin,,POM-V,Solution for injection,Antimicrobial,ml,100,Macrolides,Injection,
223,"Locatim, Oral Solution for Neonatal Calves less than 12 hours of age",EU/2/99/011/001,Bovine concentrated lactoserum,,POM-VPS,Oral solution,Lactoserum,,,,,
543,Meloxidolor 40 mg/ml solution for injection for cattle and horses,EU/2/13/148/006-007,Meloxicam,,POM-V,Solution for injection,Anti Inflammatory NSAID,,,,,
805,Flukiver Bovis 50 mg/ml Solution for Injection for Cattle,00006/4153,Closantel,,POM-VPS,Solution for injection,Anthelmintic,,,,,
786,Duphacycline LA 20% Solution for Injection,42058/4039,Oxytetracycline,,POM-V,Solution for injection,Antimicrobial,ml,200,tetra,Injectable,
843,Prolusyn 50 micrograms/ml Solution for Injection for Cattle,54400/4000,Gonadorelin,,POM-V,Solution for injection,Hormone sex,,,,,
964,Fixplan 200 IU/ml Lyophilisate and Solvent for Solution for Injection,54400/4001,Serum Gonadotrophin,,POM-V,Lyophilisate and solvent for solution for injection,Hormone sex,,,,,
965,DIB 1.0 g Vaginal Delivery System for Cattle,54400/4002,Progesterone,,POM-V,Vaginal delivery system,Hormone sex,,,,,
283,Pirsue 5 mg/ml Intramammary Solution for Cattle,EU/2/00/027/001-003,Pirlimycin Hydrochloride,,POM-V,Intramammary solution,Antimicrobial intramammary,items,50,Lincosamides,Intramammary,
329,"Draxxin 100 mg/ml Solution for Injection for Cattle, Pigs and Sheep",EU/2/03/041/001-005,Tulathromycin,,POM-V,Solution for injection,Antimicrobial,ml,100,Macrolides,Injection,
326,Novem 20 mg/ml Solution for Injection for Cattle and Pigs,"EU/2/04/042/003-006,011-014",Meloxicam,,POM-V,Solution for injection,Anti Inflammatory NSAID,,,,,
325,Novem 5 mg/ml Solution for Injection for Cattle and Pigs,"EU/2/04/042/001-002, 007-010",Meloxicam,,POM-V,Solution for injection,Anti Inflammatory NSAID,,,,,
692,Novem 40 mg/ml Solution for Injection for Cattle,EU/2/04/042/015-018,Meloxicam,,POM-V,Solution for injection,Anti Inflammatory NSAID,,,,,
429,Naxcel 200 mg/ml Suspension for Injection for Cattle,EU/2/05/053/003,Ceftiofur,,POM-V,Suspension for injection,Antimicrobial,ml,200,3rd 4th cephalosporins,Injection,
446,"Meloxidyl 20mg/ml Solution for Injection for Cattle, Pigs and Horses",EU/2/06/070/005-007,Meloxicam,,POM-V,Solution for injection,Anti Inflammatory NSAID,,,,,
492,"Rheumocam 20 mg/ml Solution for Injection for Cattle, Pigs and Horses",EU/2/07/078/011-014,Meloxicam,,POM-V,Solution for injection,Anti Inflammatory NSAID,,,,,
552,Rheumocam 5 mg/ml Solution for Injection for Cattle and Pigs,EU/2/07/078/018-020,Meloxicam,,POM-V,Solution for injection,Anti Inflammatory NSAID,,,,,
381,"Zactran 150 mg/ml Solution for Injection for cattle, sheep and pigs",EU/2/08/082/001-007,Gamithromycin,,POM-V,Solution for injection,Antimicrobial,ml,150,Macrolides,Injection,
389,Startvac Emulsion for Injection for Cattle,EU/2/08/092/001-010,"Escherichia coli, Staphylococcus aureus",,POM-V,Emulsion for injection,Inactivated Bacterial Vaccine,,,,,
570,"Melovem 20 mg/ml Solution for Injection for Cattle, Pigs and Horses",EU/2/09/098/002-004,Meloxicam,,POM-V,Solution for injection,Anti Inflammatory NSAID,,,,,
571,Melovem 30 mg/ml Solution for Injection for Cattle and Pigs,EU/2/09/098/005-007,Meloxicam,,POM-V,Solution for injection,Anti Inflammatory NSAID,,,,,
430,Zolvix 25 mg/ml Oral Solution for Sheep,EU/2/09/101/001-010,Monepantel,,POM-VPS,Oral solution,Anthelmintic,,,,,
417,Zulvac 8 Ovis,EU/2/09/104/001-002,Bluetongue virus,,POM-V,Suspension for injection,Inactivated Viral Vaccine,,,,,
411,Zulvac 8 Bovis suspension for injection for cattle,EU/2/09/105/001-002,Bluetongue virus,,POM-V,Suspension for injection,Inactivated Viral Vaccine,,,,,
418,Bovilis BTV8 Suspension for Injection for Cattle and Sheep,EU/2/10/106/001-014,Bluetongue virus,,POM-V,Suspension for injection,Inactivated Viral Vaccine,,,,,
966,Emdocam 5 mg/ml Solution for Injection for Cattle and Pigs,EU/2/11/128/004-006,Meloxicam,,POM-V,Solution for injection,Anti Inflammatory NSAID,,,,,
905,NASYM Lyophilisate and Solvent for Suspension for Injection or Nasal Spray for Cattle,EU/2/19/241/001-005,Bovine respiratory syncytial virus,,POM-V,Lyophilisate and solvent for suspension for injection,Live Viral Vaccine,,,,,
744,"Tulaven 100 mg/ml solution for injection for cattle, pigs and sheep",EU/2/20/251/001-005,Tulathromycin,,POM-V,Solution for injection,Antimicrobial,ml,100,Macrolides,Injection,
757,Tulaven 25 mg/ml solution for injection for pigs,EU/2/20/251/006-008,Tulathromycin,,POM-V,,Antimicrobial,ml,25,Macrolides,,
741,"Tulissin 100, Solution for Injection for Cattle, Pigs and Sheep",EU/2/20/252/001-007,Tulathromycin,,POM-V,Solution for injection,Antimicrobial,ml,100,Macrolides,Injection,
745,"LYDAXX 100 mg/ml Solution for Injection for Cattle, Pigs and Sheep",EU/2/20/253/001-004,Tulathromycin,,POM-V,Solution for injection,Antimicrobial,ml,100,Macrolides,Injection,
819,Orbolan Lactating 200 mg Intramammary Suspension for Cattle and Sheep,42058/4188,Cloxacillin,,POM-V,Intramammary suspension,Antimicrobial intramammary,items,200,beta,Intramammary lactating cow,
761,"Tulinovet 100 mg/ml solution for injection for cattle, pigs and sheep",EU/2/20/257/001-004,Tulathromycin,,POM-V,Solution for injection,Antimicrobial,ml,100,Macrolides,Injection,
766,"Increxxa 100 mg/ml Solution for Injection for Cattle, Pigs and Sheep",EU/2/20/258/001-005,Tulathromycin,,POM-V,Solution for injection,Antimicrobial,ml,100,Macrolides,Injection,
771,"Rexxolide 100 mg/ml Solution for Injection for Cattle, Pigs and Sheep",EU/2/20/263/001-003,Tulathromycin,,POM-V,Solution for injection,Antimicrobial,ml,100,Macrolides,Injection,
818,Ectron 10 mg/ml Spot-on Solution for Cattle and Sheep,50146/4024,Deltamethrin,,POM-VPS,Spot-on solution,Ectoparasiticide,,,,,
809,Zulvac 1 Bovis Suspension for Injection for Cattle,EU/2/11/130/001-003 ,Bluetongue virus,,POM-V,Suspension for injection,Inactivated Viral Vaccine,,,,,
808,Zulvac 1 Ovis Suspension for Injection for Sheep,EU/2/11/131/001-006 ,Bluetongue virus,,POM-V,Suspension for injection,Inactivated Viral Vaccine,,,,,
823,Bovalto Ibraxion Emulsion for Injection,EU/2/99/017/001-006,Infectious bovine rhinotraceitis virus,,POM-V,Emulsion for injection,Inactivated Viral Vaccine,,,,,
604,Metacam 40 mg/ml Solution for Injection for Cattle and Horses,EU/2/97/004/050-053,Meloxicam,,POM-V,Solution for injection,Anti Inflammatory NSAID,,,,,
188,Streptacare Suspension for Injection,02000/4155,"Dihydrostreptomycin Sulphate, Procaine Benzylpenicillin",,POM-V,Suspension for injection,Antimicrobial,ml,364,Multiple actives,Injection,
189,"Oxycare 200 mg/ml LA Solution for Injection for Cattle, Sheep and Pigs",02000/4156,Oxytetracycline,,POM-V,Solution for injection,Antimicrobial,ml,200,Tetracyclines,Injection,
278,Endoworm 2.265% w/v Oral Suspension,02000/4190,Oxfendazole,,POM-VPS,Oral suspension,Anthelmintic,,,,,
301,Dunlop's 40 CM Solution For Injection,02000/4216,"Boric Acid, Calcium, Magnesium",,POM-VPS,Solution for injection,Mineral,,,,,
788,"Cobactan LC, 75 mg, Intramammary Ointment for Lactating Cattle",01708/4451,Cefquinome,,POM-V,Intramammary ointment,Antimicrobial intramammary,items,75,3rd 4th cephalosporins,Intramammary lactating cow,
789,Cobactan 2.5% w/v Suspension for Injection for Cattle and Pigs,01708/4452,Cefquinome,,POM-V,Suspension for injection,Antimicrobial,ml,25,3rd 4th cephalosporins,Injection,
784,Blackleg Vaccine,01708/4507,Clostridium chauvoei,,POM-VPS,Suspension for injection,Inactivated Bacterial Vaccine,,,,,
792,Tribovax T,01708/4554,"Clostridium chauvoei, Clostridium haemolyticum, Clostridium novyi, Clostridium septicum, Clostridium tetani",,POM-VPS,Suspension for injection,Inactivated Bacterial Vaccine,,,,,
793,Louping-Ill Vaccine,01708/4555,Louping Ill virus,,POM-VPS,Emulsion for injection,Inactivated Viral Vaccine,,,,,
810,Kepravine Dry Cow 250 mg Intramammary Suspension,01708/4587,Cephalonium,,POM-V,Intramammary suspension,Antimicrobial intramammary,items,250,1st 2nd cephalosporins,Intramammary dry cow,
800,Anofline Lactating Cow Intramammary Suspension,02000/4199,"Amoxicillin, Clavulanic Acid, Prednisolone",,POM-V,Intramammary suspension,Antimicrobial intramammary,items,200,Penicillins,Intramammary lactating cow,
302,Anivit 4BC Solution For Injection,02000/4219,"Ascorbic Acid, Nicotinamide, Pyridoxine Hydrochloride, Riboflavine Sodium Phosphate, Thiamine Hydrochloride",,POM-VPS,Solution for injection,Vitamin,,,,,
328,Norocarp 5.0% w/v Large Animal Solution for Injection,02000/4246,Carprofen,,POM-V,Solution for injection,Anti Inflammatory NSAID,,,,,
907,Ampredclav Intramammary Suspension for Lactating Cows,02000/4240,"Amoxicillin, Clavulanic Acid, Prednisolone",,POM-V,Intramammary suspension,Antimicrobial intramammary; Anti Inflammatory,items,200,Penicillins,Intramammary lactating cow,
346,Duphacort Q 0.2% w/v Solution for Injection,02000/4255,Dexamethasone Sodium Phosphate,,POM-V,Solution for injection,Anti Inflammatory corticosteroid,,,,,
274,Megorex 0.436% w/v Ready to Use Teat Dip and Teat Spray Solution,03940/4065,Chlorhexidine Gluconate,,AVM-GSL,Teat dip/spray solution,Antiseptic,,,,,
291,Hexodip Extra 0.436% w/v Ready to Use Teat Dip and Teat Spray Solution,03940/4083,Chlorhexidine Gluconate,,AVM-GSL,Teat dip/spray solution,Antiseptic,,,,,
323,Leyodip 2.15% w/v Concentrate Teat Dip and Teat Spray Solution,03940/4094,Available Iodine,,AVM-GSL,Concentrate and diluent for solution for injection,Antiseptic,,,,,
420,3TX 1:3 2.15% w/v Concentrate for Teat Dip and Teat Spray Solution,03940/4098,Available Iodine,,AVM-GSL,Concentrate and diluent for solution for injection,Antiseptic,,,,,
449,Golden 0.535% w/v Ready to Use Teat Dip and Teat Spray Solution,03940/4099,Iodine,,AVM-GSL,Teat dip/spray solution,Antiseptic,,,,,
859,Novem 20 mg/ml Solution for Injection for Cattle and Pigs,04491/5036,Meloxicam,,POM-V,Solution for injection,Anti Inflammatory NSAID,,,,,
860,Novem 40 mg/ml Solution for Injection for Cattle,04491/5037,Meloxicam,,POM-V,Solution for injection,Anti Inflammatory NSAID,,,,,
777,Duphapen + Strep Procaine Penicillin 200 mg & Dihydrostreptomycin Sulphate 250 mg Suspension for Injection,42058/4045,"Dihydrostreptomycin Sulphate, Procaine Benzylpenicillin",,POM-V,Suspension for injection,Antimicrobial,ml,364,Multiple actives,Injection,
787,Duphapen 300 mg/ml Suspension for Injection,42058/4046,Procaine Benzylpenicillin,,POM-V,Suspension for injection,Antimicrobial,ml,171,Penicillins,Injection,
813,Pathozone 250 mg Intramammary Suspension for Cattle,42058/4095,Cefoperazone,,POM-V,Intramammary suspension,Antimicrobial intramammary,items,250,3rd 4th cephalosporins,Intramammary lactating cow,
412,Cefenil 50mg/ml Powder and Solvent for Solution for Injection for Cattle and Pigs,02000/4278,Ceftiofur,,POM-V,Powder and solvent for solution for injection,Antimicrobial,ml,50,3rd 4th cephalosporins,Injection,
422,Magnidown 25% w/v Solution for Injection,02000/4287,Magnesium Sulphate Heptahydrate,,POM-VPS,Solution for injection,Mineral deficiency,,,,,
454,Norotril Max 100 mg/ml Solution for Injection for Cattle,02000/4302,Enrofloxacin,,POM-V,Solution for injection,Antimicrobial,ml,100,Fluoroquinolones,Injection,
548,Noreprinec 5 mg/ml Pour-on Solution for Beef and Dairy Cattle,02000/4341,Eprinomectin,,POM-VPS,Pour-on solution,Endectocide,,,,,
798,Anivit B12 Solution for Injection 1000 µg/ml,10434/4064,Cyanocobalamin,,POM-VPS,Solution for injection,Vitamin,,,,,
799,Anivit B12 Solution for Injection 250 µg/ml,10434/4067,Cyanocobalamin,,POM-VPS,Solution for injection,Vitamin,,,,,
549,Norbonex 5 mg/ml Pour-on Solution for Beef and Dairy Cattle,02000/4342,Eprinomectin,,POM-VPS,Pour-on solution,Endectocide,,,,,
820,Flukenil 50mg/ml Oral Suspension for Sheep,02000/4401,Closantel,,POM-VPS,Oral suspension,Anthelmintic flukicide,,,,,
711,Paraclav Intramammary Suspension for Lactating Cows,02000/4426,"Amoxicillin, Clavulanic Acid, Prednisolone",,POM-V,Intramammary suspension,Antimicrobial intramammary; Anti Inflammatory,items,200,Penicillins,Intramammary lactating cow,
220,Megodine 1:3 Concentrate Teat Dip and Teat Spray Solution 2.15% w/v,03940/4049,Available Iodine,,AVM-GSL,Concentrate and diluent for solution for injection,Antiseptic,,,,,
221,Genus High Emollient 0.535% w/v Ready to Use Teat Dip and Teat Spray Solution,03940/4051,Available Iodine,,AVM-GSL,Teat dip/spray solution,Antiseptic,,,,,
674,"Ceftiocyl Fluid 50 mg/ml, Suspension for Injection for Pigs and Cattle",08007/4146,Ceftiofur,,POM-V,Suspension for injection,Antimicrobial,ml,50,3rd 4th cephalosporins,Injection,
286,Depidex Drench 0.08% w/v Oral Solution for Sheep,12501/4110,Ivermectin,,POM-VPS,Oral solution,Endectocide,,,,,
822,Niltrem 34 mg/ml Oral Suspension for Cattle ,08749/4076,Oxyclozanide,,POM-VPS,Oral suspension,Anthelmintic flukicide,,,,,
797,Levitape Oral Suspension for Sheep,08327/4248,"Levamisole Hydrochloride, Praziquantel",,POM-VPS,Oral suspension,Anthelmintic,,,,,
781,Ubro Red Dry Cow Intramammary Suspension,08327/4304,"Framycetin Sulphate, Penethamate hydriodide, non-micronised, Procaine Benzylpenicillin",,POM-V,Intramammary suspension,Antimicrobial intramammary,items,331,Multiple actives,Intramammary dry cow,
782,Ubro Yellow Milking Cow Intramammary Suspension,08327/4305,"Dihydrostreptomycin, Framycetin Sulphate, Penethamate hydriodide, non-micronised, Prednisolone",,POM-V,Intramammary suspension,Antimicrobial intramammary; Anti Inflammatory,items,325,Multiple actives,Intramammary lactating cow,
69,"Voren Suspension for Injection, 1 mg/ml",08327/4321,Dexamethasone Isonicotinate,,POM-V,Solution for injection,Anti Inflammatory corticosteroid,,,,,
572,Clavamox LC Intramammary Suspension for Lactating Cattle ,42058/4017,"Amoxicillin, Clavulanic Acid, Prednisolone",,POM-V,Intramammary suspension,Antimicrobial intramammary; Anti Inflammatory,items,200,Penicillins,Intramammary lactating cow,
47,Effydral Effervescent Tablet,42058/4056,"Citric Acid Anhydrous , Glycine, Lactose Monohydrate, Potassium Chloride, Sodium Bicarbonate, Sodium Chloride",,AVM-GSL,Effervescent tablet,Replacement Agent,,,,,
206,Lactovac Suspension for Injection,42058/4075,"Bovine coronavirus, Bovine rotavirus, Escherichia coli",,POM-VPS,Suspension for injection,Inactivated Viral and Bacterial Vaccine,,,,,
133,Orojet Lamb Oral Solution,42058/4093,"Neomycin Sulphate, Streptomycin Sulphate",,POM-V,Oral solution,Antimicrobial,ml,140,Multiple actives,Oral Solution,
82,Tetra-Delta Intramammary Suspension,42058/4152,"Dihydrostreptomycin, Neomycin, Novobiocin, Prednisolone, Procaine Benzylpenicillin",,POM-V,Intramammary suspension,Antimicrobial intramammary; Anti Inflammatory,items,362,Multiple actives,Intramammary lactating cow,
398,Zermasect Cattle Pour-On Solution 15 g/litre ,42058/4167,Alpha-Cypermethrin,,POM-VPS,Pour-on solution,Ectoparasiticide,,,,,
112,Terramycin Soluble Powder Concentrated 20% w/w Oral Powder,42058/4204,Oxytetracycline,,POM-V,Oral powder,Antimicrobial,g,200,Tetracyclines,Oral Powder,
110,Bovidec Suspension for Injection,43684/4001,Bovine viral diarrhoea virus,,POM-V,Suspension for injection,Inactivated Viral Vaccine,,,,,
632,Marbim 100 mg/ml Solution for Injection for Cattle and Pigs,50146/4004,Marbofloxacin,,POM-V,Solution for injection,Antimicrobial,ml,100,Fluoroquinolones,Injection,
812,Boviseal 2.6 g Intramammary Suspension for Cattle (Dairy Cows),41966/4001,Bismuth Subnitrate,,POM-V,Intramammary suspension,Miscellaneous mechanical teat seal ,,,,,
