id,date,weight,last_date,last_weight,dlwg,predicted_weight_at_date,animal_id
412480,2022-09-20,421.0,2022-08-02,387.0,0.693877551020408,435.43,a10fd2a0-c2de-43e9-b168-f9f1dd50e9a3
412506,2022-09-20,361.0,2022-08-02,332.0,0.591836734693878,377.11,3769fe44-8393-4fff-a46c-a8e88b86fa0a
412509,2022-09-20,368.0,2022-08-02,350.0,0.36734693877551,396.79,18082121-85e5-4058-97cd-572766f087d5
412511,2022-09-20,334.0,2022-08-02,320.0,0.285714285714286,367.01,3873163d-60a2-440b-91aa-e9903ea15236
412518,2022-09-20,362.0,2022-08-02,333.0,0.591836734693878,374.14,e23b1341-3436-4815-a65e-69f3eb8c1046
412531,2022-09-20,430.0,2022-08-02,403.0,0.551020408163265,451.62,abc94438-9ef6-47a6-9647-2a4c0111fe99
412555,2022-09-20,421.0,2022-08-02,388.0,0.673469387755102,431.57,599b5295-1660-48f7-8b1b-61494fe7fb8f
412559,2022-09-20,385.0,2022-08-02,357.0,0.571428571428571,400.93,271c4d38-15d9-48ac-9d7c-f50f342d820e
416650,2022-09-27,288.0,2022-08-29,275.0,0.448275862068966,,ce4d4f46-2b0a-4a6e-9ab5-679659c5557a
300625,2022-03-18,254.0,2022-02-24,259.0,-0.227272727272727,281.81,7c71a4e5-2aaa-4128-a459-d303465e217b
416703,2022-09-27,239.0,2022-08-29,225.0,0.482758620689655,,429ecd7c-7c76-4a7e-8ea2-a84b6db136b4
416739,2022-09-27,273.0,2022-08-29,255.0,0.620689655172414,,b299fe63-d3b1-4679-9697-3f264bd6a42f
416745,2022-09-27,265.0,2022-08-29,245.0,0.689655172413793,,8b9c0475-b9bc-4ba3-9502-ccd88983b7eb
416772,2022-09-27,218.0,2022-08-29,195.0,0.793103448275862,,c053432e-39c6-432c-b00a-701ea8574551
416773,2022-09-27,227.0,2022-08-29,195.0,1.10344827586207,,8359768c-46c9-42c5-83ab-58c32b1913ca
416775,2022-09-27,210.0,2022-08-29,185.0,0.862068965517241,,a080d453-0391-4fc0-a77a-0c6e2ccad31c
416788,2022-09-27,249.0,2022-08-29,220.0,1.0,,771c01c2-a602-4d4c-a343-f35d6c78ec19
416796,2022-09-27,177.0,2022-08-29,160.0,0.586206896551724,,8cb7b10f-7ecd-441a-bd83-48b7551a382f
416799,2022-09-27,204.0,2022-08-29,175.0,1.0,,04f40950-8f7b-4a22-a185-b632991f5d1a
285583,2022-02-24,238.0,2021-11-25,222.0,0.175824175824176,309.48,5776f066-a82c-4f55-99be-d1e3be638c19
285584,2022-02-24,244.0,2021-11-25,224.0,0.21978021978022,309.91,25de4b95-2102-48b0-94f2-e559a3315bb9
300626,2022-03-18,238.0,2022-02-24,238.0,0.0,258.09,7659379a-17a8-48ee-ae2a-51b8392be511
285590,2022-02-24,201.0,2021-11-25,184.0,0.186813186813187,263.08,1a86b86a-9752-4970-954f-64dde17567d4
300630,2022-03-18,245.0,2022-02-24,234.0,0.5,254.14,711324dc-fdd4-4676-ad01-cdf72761afeb
426544,2022-10-12,260.0,2022-09-23,223.0,1.94736842105263,260.0,4bfe6032-bbe1-485e-8b29-2aa4a92ee6f1
426580,2022-10-12,226.0,2022-09-23,195.0,1.63157894736842,226.0,9af8f6ea-f849-467f-852a-906c756939c5
426570,2022-10-12,229.0,2022-09-23,196.0,1.73684210526316,229.0,e90a213d-9214-47b8-97c5-b8f6516ee30d
426618,2022-10-12,241.0,2022-09-23,218.0,1.21052631578947,241.0,b8fef6d0-3114-4471-8203-fe0b324cf97b
426611,2022-10-12,268.0,2022-09-23,234.0,1.78947368421053,268.0,1493f341-3231-4c9c-950c-c623e9c53516
643360,2023-10-31,467.0,2023-08-15,438.0,0.376623376623377,506.71,cd754558-e60b-4a7a-9aa5-4b729fb8add9
652522,2023-11-10,514.0,2023-04-26,434.0,0.404040404040404,514.0,cd754558-e60b-4a7a-9aa5-4b729fb8add9
652557,2023-11-10,445.0,2023-04-26,378.0,0.338383838383838,445.0,86713e67-6161-41a8-95f8-f95c594dbb50
652559,2023-11-10,516.0,2023-04-26,383.0,0.671717171717172,516.0,2cc23a10-8a6c-4815-81e9-5c71c7a77914
652561,2023-11-10,538.0,2023-04-26,421.0,0.590909090909091,538.0,22a008b4-b9bd-45de-a1e6-3c3f9d0d67a1
652605,2023-11-10,459.0,2023-04-26,376.0,0.419191919191919,459.0,7b7a7362-09be-4ab1-8de1-f0241d79eb80
652611,2023-11-10,440.0,2023-04-26,393.0,0.237373737373737,440.0,c053432e-39c6-432c-b00a-701ea8574551
652618,2023-11-10,536.0,2023-04-26,446.0,0.454545454545455,536.0,6f4331c8-c8f0-4235-a5e9-f26b2b3cf2a5
652623,2023-11-10,518.0,2023-04-26,406.0,0.565656565656566,518.0,dd5a21f8-7431-4713-ae6b-7b8bf03d74e0
652627,2023-11-10,479.0,2023-04-26,385.0,0.474747474747475,479.0,6355ee6d-2b7f-41ef-a572-680669f2c8e8
652638,2023-11-10,429.0,2023-04-26,338.0,0.45959595959596,429.0,e96b5f3d-1e36-4ce6-b1c1-d4a0d88a8fed
652640,2023-11-10,460.0,2023-04-26,406.0,0.272727272727273,460.0,60abe2c3-a4a2-45a0-a1ac-6c050a23edc5
225223,2021-11-25,201.0,2021-10-07,179.0,0.448979591836735,227.21,41bc9ba9-2733-4772-817d-d6c5e9bf2da9
225229,2021-11-25,189.0,2021-10-07,183.0,0.122448979591837,235.6,c5ea6027-1812-4e5b-a236-900372433c03
225239,2021-11-25,222.0,2021-10-07,182.5,0.806122448979592,226.02,9a9b9363-b686-4e83-98f9-b10345d17857
225248,2021-11-25,181.0,2021-10-07,187.5,-0.13265306122449,230.79,b036f307-872d-442c-b59b-a9ff98733ced
225256,2021-11-25,170.5,2021-10-07,162.5,0.163265306122449,210.62,74c7e86f-14d9-4ca4-85c8-02fbbdc21fec
225257,2021-11-25,192.0,2021-10-07,176.5,0.316326530612245,224.53,c9a0375a-6664-4bee-84dd-3a4bc874c716
225269,2021-11-25,150.5,2021-10-07,155.5,-0.102040816326531,208.17,174e649d-949a-4485-b84b-cc8a82f49104
225292,2021-11-25,194.0,2021-10-07,180.0,0.285714285714286,223.37,d135f560-fce2-4697-8472-475fa113bfa5
426548,2022-10-12,243.0,2022-09-23,208.0,1.84210526315789,243.0,de3527e5-ed46-41e0-9fb8-0166a9e21fe6
426594,2022-10-12,250.0,2022-09-23,222.0,1.47368421052632,250.0,96b9f38e-c600-4cc4-ae8b-025b579bb6af
426578,2022-10-12,223.0,2022-09-23,198.0,1.31578947368421,223.0,2990acf6-d45e-490e-a3c3-cf58884af2ab
225725,2021-11-25,165.5,2021-10-07,195.5,-0.612244897959184,242.25,7c0be3de-f78b-427a-9101-1d53cf41e03f
270889,2022-02-03,224.0,2021-11-25,224.0,0.0,224.0,25de4b95-2102-48b0-94f2-e559a3315bb9
270871,2022-02-03,253.0,2021-11-25,247.0,0.0857142857142857,253.0,dfe4916e-fbf0-4218-9227-3c1b173154e7
225750,2021-11-25,212.0,2021-10-07,177.5,0.704081632653061,,7d499dfe-a781-423e-b384-770d65785fe4
225778,2021-11-25,192.0,2021-10-07,156.5,0.724489795918367,,94e6e067-695a-4884-b9f2-ccd1b6d78a72
225729,2021-11-25,213.0,2021-10-07,181.5,0.642857142857143,,8f32d77c-b2e8-4b8a-9bcc-9fc078370e3f
225762,2021-11-25,194.5,2021-10-07,185.0,0.193877551020408,,ee195c95-8a17-484b-905a-e51ba97db105
659462,2023-11-20,484.0,2023-08-02,411.0,0.663636363636364,513.47,491059e2-2ef6-4f1d-83ce-2d6511898780
659466,2023-11-20,512.0,2023-08-02,445.0,0.609090909090909,535.01,b046a593-a952-4b95-af2e-78c94e77e3d6
659468,2023-11-20,554.0,2023-08-02,456.0,0.890909090909091,556.67,0e506764-c4e0-45fc-a47a-71196819ccf8
659475,2023-11-20,518.0,2023-03-21,309.0,0.85655737704918,539.43,f5756d9b-968b-4514-ba6a-73fddae62f20
659476,2023-11-20,518.0,2023-08-02,459.0,0.536363636363636,557.91,5902ff4e-3a0a-4272-84cf-c15cf171b168
659478,2023-11-20,554.0,2023-08-02,471.0,0.754545454545455,559.55,cdd1a945-2f2e-4e8e-b802-7c7b50a326fe
659479,2023-11-20,496.0,2023-08-02,431.0,0.590909090909091,534.89,54312981-5301-421f-94cd-85781227e1a5
659486,2023-11-20,437.0,2023-08-02,384.0,0.481818181818182,481.43,9bfed2f7-1cea-446e-b86a-b5ced5720a1c
659489,2023-11-20,532.0,2023-08-02,447.0,0.772727272727273,547.62,66efe458-3762-40f8-a87b-9030804e95ae
659503,2023-11-20,414.0,2023-08-02,342.0,0.654545454545455,439.58,3b61ddb0-9951-4167-8bb0-f2db4c59310b
659505,2023-11-20,516.0,2023-08-02,446.0,0.636363636363636,537.02,54e2440f-5c63-4799-9c34-64ebd8412f6d
659506,2023-11-20,481.0,2023-08-02,397.0,0.763636363636364,493.96,348e366a-3904-46aa-926d-49f9069d23fa
659517,2023-11-20,380.0,2023-08-02,326.0,0.490909090909091,424.25,673445b1-ea79-4273-ae66-04118847238c
225716,2021-11-25,190.5,2021-10-07,180.0,0.214285714285714,,7f2ed266-5e35-4217-b200-c4c24f9a5b81
225780,2021-11-25,222.0,2021-10-07,191.5,0.622448979591837,,5776f066-a82c-4f55-99be-d1e3be638c19
446823,2022-11-09,253.0,2022-10-12,247.0,0.214285714285714,272.68,80a38c8e-29a8-4129-9cf8-4d45b712730c
446834,2022-11-09,255.0,2022-10-12,260.0,-0.178571428571429,288.07,4df4bf16-ae17-462f-8f08-d54c9155eea1
446840,2022-11-09,255.0,2022-10-12,254.0,0.0357142857142857,282.22,3a9fbcaf-2ad7-495c-9a65-8e2485c6d76f
446842,2022-11-09,262.0,2022-10-12,238.0,0.857142857142857,263.85,7b7a7362-09be-4ab1-8de1-f0241d79eb80
446843,2022-11-09,261.0,2022-10-12,230.0,1.10714285714286,258.61,d4275e18-239e-4fda-a44b-647e248a73e2
446847,2022-11-09,291.0,2022-10-12,285.0,0.214285714285714,313.37,3e8f638b-9280-49e7-82e8-bb295905f0dd
447196,2022-11-09,251.0,2022-10-12,229.0,0.785714285714286,257.98,66de2643-672c-42f4-aa55-0cb8af9bb980
447201,2022-11-09,252.0,2022-10-12,229.0,0.821428571428571,257.64,417225e4-d671-486f-853e-685e0fa8c4d1
447203,2022-11-09,274.0,2022-10-12,253.0,0.75,280.96,6d2b90b8-67d7-428d-b09b-58f9a61f56eb
447222,2022-11-09,240.0,2022-10-12,217.0,0.821428571428571,246.04,6e05d9d5-6117-4125-9f4f-e822e8849b14
447227,2022-11-09,263.0,2022-10-12,249.0,0.5,274.54,c053432e-39c6-432c-b00a-701ea8574551
447238,2022-11-09,245.0,2022-10-12,216.0,1.03571428571429,242.22,5b34f6b4-21f5-4ead-b8db-21a17ba34064
447241,2022-11-09,264.0,2022-10-12,251.0,0.464285714285714,276.37,ecb4d09b-7f83-4b96-9596-74e087374223
447371,2022-11-09,236.0,2022-10-12,221.0,0.535714285714286,247.09,affc71e8-ae23-49d1-b03c-15f85d55cb0a
447372,2022-11-09,231.0,2022-10-12,226.0,0.178571428571429,255.17,9af8f6ea-f849-467f-852a-906c756939c5
225739,2021-11-25,241.0,2021-10-07,206.0,0.714285714285714,,abc94438-9ef6-47a6-9647-2a4c0111fe99
302687,2022-03-21,265.0,2022-02-07,218.0,1.11904761904762,258.1,204f1a14-0a08-4e81-8d01-bbd8984e47dd
302691,2022-03-21,273.0,2022-02-07,242.0,0.738095238095238,277.86,6dd09559-842f-400f-b1de-3e824510afc5
412475,2022-09-20,385.0,2022-08-02,353.0,0.653061224489796,401.22,5b692764-0f74-40af-8f63-279d4d99a4f7
412483,2022-09-20,387.0,2022-08-02,346.0,0.836734693877551,389.33,468d9197-2e40-46dd-854d-47353c0a66af
412498,2022-09-20,357.0,2022-08-02,329.0,0.571428571428571,371.99,6b25474f-866e-4efa-bbe9-ae9f50c78b4a
412514,2022-09-20,374.0,2022-08-02,333.0,0.836734693877551,379.87,10fc5193-b249-4c70-9526-c316b8991d10
412515,2022-09-20,402.0,2022-08-02,355.0,0.959183673469388,399.19,10675540-984d-4638-a65f-c875e78dd191
412516,2022-09-20,388.0,2022-08-02,361.0,0.551020408163265,404.24,92791ba9-9ef0-428c-8491-94a3d68cd64c
412517,2022-09-20,359.0,2022-08-02,336.0,0.469387755102041,377.8,ea36d045-53e6-4411-a6ae-bd9a9ddc3678
412528,2022-09-20,373.0,2022-08-02,350.0,0.469387755102041,393.48,5cd4959d-1f34-4ad0-9ee9-6ff829f0d823
412529,2022-09-20,387.0,2022-08-02,355.0,0.653061224489796,394.13,576abf73-7ebd-4b36-82cd-13dcc5ae96a2
412537,2022-09-20,342.0,2022-08-02,321.0,0.428571428571429,361.08,450110bf-06d1-4305-a82c-0dcdff2f8125
412545,2022-09-20,397.0,2022-08-02,366.0,0.63265306122449,409.55,fc4288b4-5b7a-41b6-bede-bec057f584f7
412546,2022-09-20,401.0,2022-08-02,364.0,0.755102040816326,412.1,9a5d8d16-4004-4585-b500-3484bf8d8cd2
285567,2022-02-24,208.0,2021-11-25,194.5,0.148351648351648,290.59,30af59e6-1ced-4d0b-82af-c1b2c3b8562b
285568,2022-02-24,238.0,2021-11-25,218.0,0.21978021978022,313.81,7fa8f41a-e525-43cc-b219-e33af5f85ac4
300623,2022-03-18,247.0,2022-02-24,239.0,0.363636363636364,259.87,7cea2341-82f2-44a5-bbe5-db0fd8548fe7
285573,2022-02-24,223.0,2021-11-25,183.0,0.43956043956044,271.36,ece8071f-80b9-44b2-b343-1056e4a79dfd
416669,2022-09-27,192.0,2022-08-29,165.0,0.931034482758621,,65abafdc-a9b7-4f94-83ec-4bb255e44ec1
416722,2022-09-27,235.0,2022-08-29,205.0,1.03448275862069,,a404061e-eb28-4c3f-9e67-13926644ca07
416736,2022-09-27,188.0,2022-08-29,170.0,0.620689655172414,,0c0cc03b-31f2-43ba-b6f5-fdb2a834ca9c
416742,2022-09-27,196.0,2022-08-29,180.0,0.551724137931034,,e90a213d-9214-47b8-97c5-b8f6516ee30d
416751,2022-09-27,220.0,2022-08-29,200.0,0.689655172413793,,9752003e-df4a-483c-ac38-ca254b62cb3a
416766,2022-09-27,225.0,2022-08-29,210.0,0.517241379310345,,d5328262-ba23-45e6-8fb1-b7ef77d100a1
416767,2022-09-27,210.0,2022-08-29,190.0,0.689655172413793,,7f50ed19-0295-441d-be5c-b231333ed4df
416769,2022-09-27,218.0,2022-08-29,200.0,0.620689655172414,,b8fef6d0-3114-4471-8203-fe0b324cf97b
416777,2022-09-27,206.0,2022-08-29,195.0,0.379310344827586,,a3c8002c-90b9-4997-a3ec-44db850810d2
416779,2022-09-27,189.0,2022-08-29,160.0,1.0,,6e05d9d5-6117-4125-9f4f-e822e8849b14
416789,2022-09-27,174.0,2022-08-29,155.0,0.655172413793103,,e96b5f3d-1e36-4ce6-b1c1-d4a0d88a8fed
416798,2022-09-27,183.0,2022-08-29,170.0,0.448275862068966,,5b34f6b4-21f5-4ead-b8db-21a17ba34064
285585,2022-02-24,247.0,2021-11-25,230.0,0.186813186813187,316.35,9cdda4fd-c9b4-45b3-8ec7-ec1551598f99
300631,2022-03-18,242.0,2022-02-24,238.0,0.181818181818182,258.4,5776f066-a82c-4f55-99be-d1e3be638c19
426560,2022-10-12,255.0,2022-09-23,223.0,1.68421052631579,255.0,e3824554-5f89-43a0-96ca-e64b62e6143b
426551,2022-10-12,231.0,2022-09-23,196.0,1.84210526315789,231.0,21d3b7c7-03e3-4738-a154-50b6eb3355c0
426545,2022-10-12,249.0,2022-09-23,218.0,1.63157894736842,249.0,c053432e-39c6-432c-b00a-701ea8574551
426574,2022-10-12,232.0,2022-09-23,196.0,1.89473684210526,232.0,848faff4-2437-43e4-b4ff-cd23fc286d2b
426591,2022-10-12,272.0,2022-09-23,243.0,1.52631578947368,272.0,ee190171-ca2b-4a88-9a71-86024433464c
426606,2022-10-12,252.0,2022-09-23,230.0,1.15789473684211,252.0,c26a3485-77a8-4cc6-a174-9888a89537e1
426615,2022-10-12,271.0,2022-09-23,246.0,1.31578947368421,271.0,dd5a21f8-7431-4713-ae6b-7b8bf03d74e0
426621,2022-10-12,281.0,2022-09-23,239.0,2.21052631578947,281.0,429ecd7c-7c76-4a7e-8ea2-a84b6db136b4
426630,2022-10-12,251.0,2022-09-23,233.0,0.947368421052632,251.0,595efe9c-c095-4374-ad95-2777b5604f37
652525,2023-11-10,518.0,2023-04-26,404.0,0.575757575757576,518.0,65abafdc-a9b7-4f94-83ec-4bb255e44ec1
652528,2023-11-10,554.0,2023-04-26,439.0,0.580808080808081,554.0,ecb4d09b-7f83-4b96-9596-74e087374223
652535,2023-11-10,574.0,2023-04-26,445.0,0.651515151515151,574.0,a10906f3-e68c-4d8e-8c66-6fac44c07739
652539,2023-11-10,498.0,2023-04-26,416.0,0.414141414141414,498.0,1493f341-3231-4c9c-950c-c623e9c53516
652549,2023-11-10,560.0,2023-04-26,431.0,0.651515151515151,560.0,771c01c2-a602-4d4c-a343-f35d6c78ec19
652554,2023-11-10,478.0,2023-04-26,385.0,0.46969696969697,478.0,a4e4c0c0-632c-43f9-8421-8fe59205c796
652607,2023-11-10,538.0,2023-04-26,409.0,0.651515151515151,538.0,7ce69f8f-5ae4-40c1-80b2-d8399f1edb64
652615,2023-11-10,546.0,2023-04-26,422.0,0.626262626262626,546.0,52986aaa-9c04-4bfa-bfa1-4f19f07681cf
652546,2023-11-10,522.0,2023-04-26,420.0,0.515151515151515,522.0,6d2b90b8-67d7-428d-b09b-58f9a61f56eb
652630,2023-11-10,504.0,2023-04-26,404.0,0.505050505050505,504.0,ead07cf1-8194-478d-a480-be209599e95e
652634,2023-11-10,435.0,2023-04-26,357.0,0.393939393939394,435.0,49122c85-c7e7-4c14-b789-01facd490b2b
225225,2021-11-25,215.0,2021-10-07,190.5,0.5,242.8,c794a9a4-3712-45b8-9e13-539e9cc461f8
225226,2021-11-25,216.0,2021-10-07,199.5,0.336734693877551,251.34,3e3814ed-dd36-4f8f-a95b-c83696470c1e
225233,2021-11-25,175.0,2021-10-07,139.0,0.73469387755102,191.94,0bb32681-df31-45cf-a36d-ba2f828fe7ef
225238,2021-11-25,174.5,2021-10-07,151.0,0.479591836734694,204.06,3873163d-60a2-440b-91aa-e9903ea15236
225241,2021-11-25,207.0,2021-10-07,186.5,0.418367346938776,234.14,acc88bb0-1086-4949-8a1b-eb06ca314923
225242,2021-11-25,239.0,2021-10-07,202.0,0.755102040816326,253.52,a10fd2a0-c2de-43e9-b168-f9f1dd50e9a3
225245,2021-11-25,218.0,2021-10-07,183.5,0.704081632653061,230.44,074dd80e-919b-49ca-a068-4fe4cbc338a5
225250,2021-11-25,204.0,2021-10-07,181.0,0.469387755102041,232.75,ecb127fd-6380-42bb-8622-d9815649ef65
225266,2021-11-25,197.0,2021-10-07,171.5,0.520408163265306,219.76,e23b1341-3436-4815-a65e-69f3eb8c1046
225274,2021-11-25,201.0,2021-10-07,171.5,0.602040816326531,219.67,63a0f877-1980-433d-bb58-b3de18f91328
225284,2021-11-25,161.0,2021-10-07,136.0,0.510204081632653,188.11,9bf75b6b-81c9-491a-92eb-117622af2596
225293,2021-11-25,204.0,2021-10-07,167.0,0.755102040816326,215.4,26781a67-e991-479c-948a-3ac8ed7c0c70
225295,2021-11-25,217.0,2021-10-07,182.0,0.714285714285714,229.51,851fc06d-0ee6-4d88-858e-487cad378e00
426617,2022-10-12,292.0,2022-09-23,265.0,1.42105263157895,292.0,8b9c0475-b9bc-4ba3-9502-ccd88983b7eb
426581,2022-10-12,247.0,2022-09-23,217.0,1.57894736842105,247.0,db8e96cd-8a53-43b8-a241-6cebe548edc1
225761,2021-11-25,184.0,2021-10-07,147.0,0.755102040816326,,a1075b21-93bf-4250-83a2-27a2f1dfc7f7
302681,2022-03-21,276.0,2022-02-07,239.0,0.880952380952381,279.09,26781a67-e991-479c-948a-3ac8ed7c0c70
302682,2022-03-21,290.0,2022-02-07,263.0,0.642857142857143,306.65,307b6a1b-c728-4bcc-acf4-136f654b4c79
225755,2021-11-25,253.0,2021-10-07,223.0,0.612244897959184,,204c79ea-7f9a-443f-866f-6005b2594f18
300636,2022-03-18,252.0,2022-02-24,247.0,0.227272727272727,267.88,9cdda4fd-c9b4-45b3-8ec7-ec1551598f99
225782,2021-11-25,195.5,2021-10-07,165.0,0.622448979591837,,f28c4440-3b18-4b5e-aa84-6d1c706b75bb
659471,2023-11-20,538.0,2023-08-02,481.0,0.518181818181818,577.16,12c02466-05e7-4de5-a0e5-c271f0522dec
659473,2023-11-20,412.0,2023-08-02,341.0,0.645454545454546,438.57,085f217b-2836-48e3-9de3-bfa5d11ec220
659481,2023-11-20,500.0,2023-08-02,396.0,0.945454545454545,500.41,267387f8-faea-4f92-b0e4-8de10af42b56
659483,2023-11-20,534.0,2023-08-02,463.0,0.645454545454546,562.32,81d6091a-fb13-4559-a689-bb34b89045e7
659487,2023-11-20,530.0,2023-08-02,454.0,0.690909090909091,554.5,8d717b40-9f9d-463e-b7e3-e7c788fac928
659514,2023-11-20,504.0,2023-08-02,416.0,0.8,520.84,ab7d9a4a-a3f4-489c-95f6-11ed678549b0
659526,2023-11-20,556.0,2023-08-02,493.0,0.572727272727273,587.94,a05c4d98-4083-4591-b168-f13b68fb3716
446817,2022-11-09,256.0,2022-10-12,250.0,0.214285714285714,278.44,dbe16846-6952-4102-bf02-b1c8c8321952
446825,2022-11-09,306.0,2022-10-12,296.0,0.357142857142857,323.16,7ce69f8f-5ae4-40c1-80b2-d8399f1edb64
446836,2022-11-09,279.0,2022-10-12,270.0,0.321428571428571,297.7,52986aaa-9c04-4bfa-bfa1-4f19f07681cf
446851,2022-11-09,326.0,2022-10-12,310.0,0.571428571428571,337.43,6f4331c8-c8f0-4235-a5e9-f26b2b3cf2a5
446855,2022-11-09,306.0,2022-10-12,289.0,0.607142857142857,316.52,c415e974-0993-4a38-af16-caf9c7330113
446858,2022-11-09,306.0,2022-10-12,298.0,0.285714285714286,322.56,cd754558-e60b-4a7a-9aa5-4b729fb8add9
446864,2022-11-09,266.0,2022-10-12,252.0,0.5,280.22,c26a3485-77a8-4cc6-a174-9888a89537e1
447202,2022-11-09,254.0,2022-10-12,229.0,0.892857142857143,257.61,2cc23a10-8a6c-4815-81e9-5c71c7a77914
447209,2022-11-09,275.0,2022-10-12,255.0,0.714285714285714,280.25,e3824554-5f89-43a0-96ca-e64b62e6143b
447216,2022-11-09,213.0,2022-10-12,212.0,0.0357142857142857,238.71,49122c85-c7e7-4c14-b789-01facd490b2b
302685,2022-03-21,264.0,2022-02-07,214.0,1.19047619047619,252.54,ecb70459-bb72-409e-92be-5b173681bbf8
225776,2021-11-25,228.0,2021-10-07,188.5,0.806122448979592,,460a6994-f926-4308-bf0c-b5a6381512f8
225723,2021-11-25,220.0,2021-10-07,166.5,1.09183673469388,,769df82a-1233-4165-9f29-f4673d49c1e6
225764,2021-11-25,224.0,2021-10-07,186.0,0.775510204081633,,25de4b95-2102-48b0-94f2-e559a3315bb9
412473,2022-09-20,382.0,2022-08-02,356.0,0.530612244897959,399.5,f72c65b9-046d-4017-996c-06a1c692ad07
412474,2022-09-20,373.0,2022-08-02,337.0,0.73469387755102,384.72,4bf63f47-bd63-4c0c-a826-0028fa35bed7
412493,2022-09-20,385.0,2022-08-02,354.0,0.63265306122449,396.61,817c7a05-6fb8-47a5-8d32-7fde6d4b4cb1
412500,2022-09-20,369.0,2022-08-02,333.0,0.73469387755102,370.19,b036f307-872d-442c-b59b-a9ff98733ced
412502,2022-09-20,390.0,2022-08-02,357.0,0.673469387755102,400.56,d87278e0-1e2b-4a28-8d73-9af8b7303792
412507,2022-09-20,351.0,2022-08-02,315.0,0.73469387755102,356.72,a696591b-d1de-4f1e-bfdf-9d68a0d691cb
412512,2022-09-20,385.0,2022-08-02,383.0,0.0408163265306122,426.94,54e8cc83-b361-481e-a243-c7da1171c9f1
412519,2022-09-20,360.0,2022-08-02,327.0,0.673469387755102,372.9,62b6642f-bab9-4187-baa2-c34c32f0da99
412525,2022-09-20,374.0,2022-08-02,336.0,0.775510204081633,378.93,7a6f5768-be48-4a27-a956-c1582edef8bd
412527,2022-09-20,356.0,2022-08-02,320.0,0.73469387755102,365.27,10505166-001b-47f2-b1e8-cbd9f1405ff1
412532,2022-09-20,380.0,2022-08-02,345.0,0.714285714285714,387.64,7d499dfe-a781-423e-b384-770d65785fe4
412541,2022-09-20,418.0,2022-06-13,317.0,1.02020202020202,414.55,3e3814ed-dd36-4f8f-a95b-c83696470c1e
412544,2022-09-20,386.0,2022-08-02,348.0,0.775510204081633,395.71,8f32d77c-b2e8-4b8a-9bcc-9fc078370e3f
412552,2022-09-20,360.0,2022-08-02,318.0,0.857142857142857,358.82,f2176e41-fb91-49b8-8d38-e7e6dc426909
412554,2022-09-20,361.0,2022-08-02,327.0,0.693877551020408,367.87,5776f066-a82c-4f55-99be-d1e3be638c19
285580,2022-02-24,249.0,2021-11-25,186.0,0.692307692307692,273.82,c4ff9044-f451-47a2-9cf5-55e81ed5b1c0
416704,2022-09-27,252.0,2022-08-29,225.0,0.931034482758621,,a10906f3-e68c-4d8e-8c66-6fac44c07739
416710,2022-09-27,274.0,2022-08-29,240.0,1.17241379310345,,cd754558-e60b-4a7a-9aa5-4b729fb8add9
416737,2022-09-27,230.0,2022-08-29,205.0,0.862068965517241,,8c6748b0-8942-4ac3-8af2-95c9732c595c
416753,2022-09-27,233.0,2022-08-29,210.0,0.793103448275862,,52986aaa-9c04-4bfa-bfa1-4f19f07681cf
416755,2022-09-27,190.0,2022-08-29,165.0,0.862068965517241,,948ac2a7-1ca1-4ac8-8d25-7c93a0f6e5b6
416765,2022-09-27,204.0,2022-08-29,185.0,0.655172413793103,,65f487a5-84e6-477b-a155-72076465193a
416770,2022-09-27,182.0,2022-08-29,155.0,0.931034482758621,,e7881883-ad23-45b4-9d6f-d1ab18c297d9
416778,2022-09-27,213.0,2022-08-29,190.0,0.793103448275862,,6d2b90b8-67d7-428d-b09b-58f9a61f56eb
416781,2022-09-27,189.0,2022-08-29,170.0,0.655172413793103,,fd5a7845-2b68-403b-b2ac-31b26a2cf779
416783,2022-09-27,215.0,2022-08-29,180.0,1.20689655172414,,ecb4d09b-7f83-4b96-9596-74e087374223
416786,2022-09-27,216.0,2022-08-29,200.0,0.551724137931034,,d4275e18-239e-4fda-a44b-647e248a73e2
416792,2022-09-27,196.0,2022-08-29,175.0,0.724137931034483,,21d3b7c7-03e3-4738-a154-50b6eb3355c0
416794,2022-09-27,225.0,2022-08-29,200.0,0.862068965517241,,31eac5fd-2662-4c6b-8c19-c5278b07e200
285582,2022-02-24,234.0,2021-11-25,204.0,0.32967032967033,291.85,711324dc-fdd4-4676-ad01-cdf72761afeb
426593,2022-10-12,233.0,2022-09-23,216.0,0.894736842105263,233.0,8647de4f-acec-43b4-b80a-7d367b40d2d1
426596,2022-10-12,297.0,2022-09-23,269.0,1.47368421052632,297.0,5a9c9653-08d2-47df-b6b0-475855d5267a
426575,2022-10-12,243.0,2022-09-23,204.0,2.05263157894737,243.0,ead07cf1-8194-478d-a480-be209599e95e
426582,2022-10-12,229.0,2022-09-23,205.0,1.26315789473684,229.0,417225e4-d671-486f-853e-685e0fa8c4d1
426559,2022-10-12,221.0,2022-09-23,188.0,1.73684210526316,221.0,0c0cc03b-31f2-43ba-b6f5-fdb2a834ca9c
426550,2022-10-12,206.0,2022-09-23,175.0,1.63157894736842,206.0,366a60c1-30e1-4940-bf1d-c16f4fe91684
426569,2022-10-12,229.0,2022-09-23,208.0,1.10526315789474,229.0,66de2643-672c-42f4-aa55-0cb8af9bb980
426614,2022-10-12,257.0,2022-09-23,235.0,1.15789473684211,257.0,ef16d4b4-7d59-4678-b45c-05e8eb6e0f72
426632,2022-10-12,255.0,2022-09-23,225.0,1.57894736842105,255.0,c6606413-32f6-48c4-bd0c-e975206ecfa6
426604,2022-10-12,221.0,2022-09-23,197.0,1.26315789473684,221.0,affc71e8-ae23-49d1-b03c-15f85d55cb0a
426602,2022-10-12,244.0,2022-09-23,225.0,1.0,244.0,d5328262-ba23-45e6-8fb1-b7ef77d100a1
426623,2022-10-12,296.0,2022-09-23,273.0,1.21052631578947,296.0,85dba3b1-819b-4c61-b64c-9584d64f9236
426626,2022-10-12,280.0,2022-09-23,249.0,1.63157894736842,280.0,771c01c2-a602-4d4c-a343-f35d6c78ec19
426625,2022-10-12,316.0,2022-09-23,288.0,1.47368421052632,316.0,ce4d4f46-2b0a-4a6e-9ab5-679659c5557a
426607,2022-10-12,237.0,2022-09-23,220.0,0.894736842105263,237.0,9752003e-df4a-483c-ac38-ca254b62cb3a
643354,2023-10-31,473.0,2023-08-15,445.0,0.363636363636364,520.66,6ec13b00-476e-4ff1-8735-3ab79b4fb9a5
643358,2023-10-31,398.0,2023-08-15,367.0,0.402597402597403,434.94,e90a213d-9214-47b8-97c5-b8f6516ee30d
652521,2023-11-10,502.0,2023-02-24,372.0,0.501930501930502,502.0,04f40950-8f7b-4a22-a185-b632991f5d1a
652530,2023-11-10,463.0,2023-04-26,347.0,0.585858585858586,463.0,5b34f6b4-21f5-4ead-b8db-21a17ba34064
652538,2023-11-10,586.0,2023-04-26,431.0,0.782828282828283,586.0,31eac5fd-2662-4c6b-8c19-c5278b07e200
652540,2023-11-10,467.0,2023-04-26,381.0,0.434343434343434,467.0,21d3b7c7-03e3-4738-a154-50b6eb3355c0
652560,2023-11-10,482.0,2023-04-26,371.0,0.560606060606061,482.0,948ac2a7-1ca1-4ac8-8d25-7c93a0f6e5b6
652562,2023-11-10,618.0,2023-04-26,484.0,0.676767676767677,618.0,ce4d4f46-2b0a-4a6e-9ab5-679659c5557a
652534,2023-11-10,526.0,2023-04-26,411.0,0.580808080808081,526.0,4deda364-678c-48ea-829a-a5c262f8083a
652613,2023-11-10,510.0,2023-04-26,418.0,0.464646464646465,510.0,595efe9c-c095-4374-ad95-2777b5604f37
652626,2023-11-10,407.0,2023-04-26,329.0,0.393939393939394,407.0,366a60c1-30e1-4940-bf1d-c16f4fe91684
652631,2023-11-10,546.0,2023-04-26,454.0,0.464646464646465,546.0,8b9c0475-b9bc-4ba3-9502-ccd88983b7eb
652635,2023-11-10,466.0,2023-04-26,372.0,0.474747474747475,466.0,9af8f6ea-f849-467f-852a-906c756939c5
652520,2023-11-10,486.0,2023-04-26,411.0,0.378787878787879,486.0,ee190171-ca2b-4a88-9a71-86024433464c
426577,2022-10-12,217.0,2022-09-23,189.0,1.47368421052632,217.0,6e05d9d5-6117-4125-9f4f-e822e8849b14
225224,2021-11-25,210.0,2021-10-07,178.5,0.642857142857143,231.08,966d5a86-1e7d-484c-a63e-ee9ec060e269
225231,2021-11-25,195.5,2021-10-07,177.0,0.377551020408163,224.61,a696591b-d1de-4f1e-bfdf-9d68a0d691cb
225240,2021-11-25,226.0,2021-10-07,201.0,0.510204081632653,252.73,75b8502a-448c-4253-8ac7-12128953c367
225252,2021-11-25,225.0,2021-10-07,196.5,0.581632653061224,244.2,817c7a05-6fb8-47a5-8d32-7fde6d4b4cb1
225253,2021-11-25,180.5,2021-10-07,149.0,0.642857142857143,197.52,a7ca25f7-d17f-41ce-9f6a-f9df97c5b5d5
225255,2021-11-25,222.0,2021-10-07,196.5,0.520408163265306,243.7,09b9adf2-df24-4e7b-8794-e4d923221da4
225270,2021-11-25,202.0,2021-10-07,184.5,0.357142857142857,227.94,576abf73-7ebd-4b36-82cd-13dcc5ae96a2
225272,2021-11-25,153.5,2021-10-07,142.5,0.224489795918367,190.77,0b44fb0a-839a-4381-91b8-f12e6d529818
225281,2021-11-25,193.0,2021-10-07,161.0,0.653061224489796,209.33,271c4d38-15d9-48ac-9d7c-f50f342d820e
225282,2021-11-25,204.0,2021-10-07,184.5,0.397959183673469,231.39,b2376ee4-76ce-4671-bc98-393e4fc51a22
225283,2021-11-25,203.0,2021-10-07,184.5,0.377551020408163,232.3,36464cde-376e-4905-8e6e-2b9f5b50f6ac
225285,2021-11-25,177.0,2021-10-07,142.5,0.704081632653061,194.95,fe232bf8-1697-4993-9c1f-daab57c10edf
225290,2021-11-25,203.0,2021-10-07,175.5,0.561224489795918,223.65,fc505bba-136b-44a0-8a3a-3694fbf7a83d
225728,2021-11-25,184.0,2021-10-07,165.5,0.377551020408163,,1a86b86a-9752-4970-954f-64dde17567d4
225771,2021-11-25,209.0,2021-10-07,178.5,0.622448979591837,,aaef8b89-3f92-4e01-af76-a83fcecfe24d
659464,2023-11-20,483.0,2023-08-02,387.0,0.872727272727273,485.98,b676c359-5cc0-4f2f-b58f-377d679b4124
659469,2023-11-20,466.0,2023-08-02,395.0,0.645454545454546,502.79,a694373f-b174-4894-9cd6-698944cef4b3
659470,2023-11-20,510.0,2023-03-21,350.0,0.655737704918033,552.08,60e674d0-e1d3-420f-8dcb-d467ab8de307
659484,2023-11-20,516.0,2023-08-02,439.0,0.7,541.27,c6b54f25-d981-48ec-9688-e054cc3247a6
659493,2023-11-20,568.0,2023-08-02,494.0,0.672727272727273,590.58,9d0a4414-f0cd-417a-b806-3718101636e0
659499,2023-11-20,467.0,2023-08-02,417.0,0.454545454545455,511.6,17ab27bc-dd83-46b0-a56d-ba78b41ee803
659510,2023-11-20,596.0,2023-08-02,514.0,0.745454545454545,606.92,27a97a67-7d30-404c-b29d-e4c4eca9b907
659511,2023-11-20,522.0,2023-08-02,432.0,0.818181818181818,533.44,5b682352-bfa0-4c57-9453-fd82e84a1a24
302684,2022-03-21,278.0,2022-02-07,228.0,1.19047619047619,267.52,468d9197-2e40-46dd-854d-47353c0a66af
225752,2021-11-25,193.5,2021-10-07,164.5,0.591836734693878,,10505166-001b-47f2-b1e8-cbd9f1405ff1
446820,2022-11-09,292.0,2022-10-12,280.0,0.428571428571429,305.95,771c01c2-a602-4d4c-a343-f35d6c78ec19
446821,2022-11-09,283.0,2022-10-12,265.0,0.642857142857143,,6ec13b00-476e-4ff1-8735-3ab79b4fb9a5
446822,2022-11-09,317.0,2022-10-12,297.0,0.714285714285714,325.02,5a9c9653-08d2-47df-b6b0-475855d5267a
446830,2022-11-09,326.0,2022-10-12,300.0,0.928571428571429,327.41,f161da6c-1ac0-4ae0-a5ac-6a2e60cf25dd
446848,2022-11-09,282.0,2022-10-12,271.0,0.392857142857143,296.09,4c8610c6-8f50-4673-9e16-e74aaccd83ec
446849,2022-11-09,244.0,2022-10-12,233.0,0.392857142857143,261.82,8647de4f-acec-43b4-b80a-7d367b40d2d1
446854,2022-11-09,297.0,2022-10-12,281.0,0.571428571428571,305.94,429ecd7c-7c76-4a7e-8ea2-a84b6db136b4
412488,2022-09-20,402.0,2022-08-02,371.0,0.63265306122449,419.06,da54e5a2-fbfb-4b1d-8ec7-c4d5f6ed26ed
412489,2022-09-20,365.0,2022-08-02,342.0,0.469387755102041,390.37,82f1eae4-3385-4478-a5ea-70cd428474f3
412491,2022-09-20,429.0,2022-08-02,393.0,0.73469387755102,441.43,b6f9888b-3cdd-4836-9eaf-8547b5545a71
412494,2022-09-20,356.0,2022-08-02,324.0,0.653061224489796,369.51,9bf75b6b-81c9-491a-92eb-117622af2596
412496,2022-09-20,355.0,2022-08-02,328.0,0.551020408163265,369.24,20683aca-2a94-4fbf-aa99-4938547710ca
412497,2022-09-20,360.0,2022-08-02,344.0,0.326530612244898,388.26,204f1a14-0a08-4e81-8d01-bbd8984e47dd
412503,2022-09-20,370.0,2022-08-02,347.0,0.469387755102041,389.15,41bc9ba9-2733-4772-817d-d6c5e9bf2da9
412510,2022-09-20,370.0,2022-08-02,352.0,0.36734693877551,395.27,711324dc-fdd4-4676-ad01-cdf72761afeb
412513,2022-09-20,385.0,2022-08-02,345.0,0.816326530612245,389.25,f017d746-ba14-4e49-b447-a3386c36c339
412526,2022-09-20,397.0,2022-08-02,366.0,0.63265306122449,405.26,6dd09559-842f-400f-b1de-3e824510afc5
412542,2022-09-20,395.0,2022-08-02,365.0,0.612244897959184,413.27,7657550f-b2af-46c9-a2d2-e500b8137e6e
412558,2022-09-20,405.0,2022-08-02,359.0,0.938775510204082,402.52,bd6b975e-0547-43f2-9e62-c8459e257806
285575,2022-02-24,231.0,2021-11-25,220.0,0.120879120879121,313.96,769df82a-1233-4165-9f29-f4673d49c1e6
285578,2022-02-24,283.0,2021-11-25,238.0,0.494505494505495,324.48,71576c82-e36a-4689-88ed-a32ce75cdf7b
416707,2022-09-27,266.0,2022-08-29,250.0,0.551724137931034,,d105e5cb-b6f8-4b0d-88cd-281fc47e0217
416709,2022-09-27,214.0,2022-08-29,200.0,0.482758620689655,,86713e67-6161-41a8-95f8-f95c594dbb50
416711,2022-09-27,195.0,2022-08-29,180.0,0.517241379310345,,9af8f6ea-f849-467f-852a-906c756939c5
416735,2022-09-27,273.0,2022-08-29,245.0,0.96551724137931,,85dba3b1-819b-4c61-b64c-9584d64f9236
416749,2022-09-27,242.0,2022-08-29,220.0,0.758620689655172,,4c8610c6-8f50-4673-9e16-e74aaccd83ec
416764,2022-09-27,196.0,2022-08-29,175.0,0.724137931034483,,848faff4-2437-43e4-b4ff-cd23fc286d2b
416790,2022-09-27,192.0,2022-08-29,170.0,0.758620689655172,,2cc23a10-8a6c-4815-81e9-5c71c7a77914
285587,2022-02-24,268.0,2021-11-25,249.0,0.208791208791209,341.35,cc97acc9-d5e1-4c95-bca4-d9f54745241b
426589,2022-10-12,283.0,2022-09-23,254.0,1.52631578947368,283.0,2beefdc0-2da5-4ae5-9880-8b20ff078794
426587,2022-10-12,271.0,2022-09-23,232.0,2.05263157894737,271.0,f068c0bd-12be-4798-b721-3fecbfd6f223
426553,2022-10-12,240.0,2022-09-23,204.0,1.89473684210526,240.0,a4e4c0c0-632c-43f9-8421-8fe59205c796
426554,2022-10-12,237.0,2022-09-23,204.0,1.73684210526316,237.0,65f487a5-84e6-477b-a155-72076465193a
426552,2022-10-12,207.0,2022-09-23,177.0,1.57894736842105,207.0,8cb7b10f-7ecd-441a-bd83-48b7551a382f
426562,2022-10-12,239.0,2022-09-23,204.0,1.84210526315789,239.0,70924c60-c63e-4e77-a26a-78d3724cf761
426598,2022-10-12,265.0,2022-09-30,242.0,1.91666666666667,,6ec13b00-476e-4ff1-8735-3ab79b4fb9a5
426612,2022-10-12,254.0,2022-09-23,217.0,1.94736842105263,254.0,3a9fbcaf-2ad7-495c-9a65-8e2485c6d76f
426620,2022-10-12,258.0,2022-09-23,246.0,0.631578947368421,258.0,5827ff23-bbd1-48c7-a099-84122d168ac7
643356,2023-10-31,498.0,2023-08-15,469.0,0.376623376623377,542.38,3e8f638b-9280-49e7-82e8-bb295905f0dd
643357,2023-10-31,500.0,2023-08-15,466.0,0.441558441558442,540.14,5a9c9653-08d2-47df-b6b0-475855d5267a
643361,2023-10-31,330.0,2023-08-15,446.0,-1.50649350649351,514.06,e3824554-5f89-43a0-96ca-e64b62e6143b
652526,2023-11-10,528.0,2023-04-26,406.0,0.616161616161616,528.0,a3c8002c-90b9-4997-a3ec-44db850810d2
652543,2023-11-10,475.0,2023-04-26,415.0,0.303030303030303,475.0,de3527e5-ed46-41e0-9fb8-0166a9e21fe6
652544,2023-11-10,474.0,2023-04-26,357.0,0.590909090909091,474.0,a080d453-0391-4fc0-a77a-0c6e2ccad31c
652601,2023-11-10,556.0,2023-04-26,433.0,0.621212121212121,556.0,5a9c9653-08d2-47df-b6b0-475855d5267a
652547,2023-11-10,473.0,2023-04-26,390.0,0.419191919191919,473.0,417225e4-d671-486f-853e-685e0fa8c4d1
652551,2023-11-10,485.0,2023-04-26,384.0,0.51010101010101,485.0,3a9fbcaf-2ad7-495c-9a65-8e2485c6d76f
652556,2023-11-10,534.0,2023-04-26,412.0,0.616161616161616,534.0,2beefdc0-2da5-4ae5-9880-8b20ff078794
652602,2023-11-10,546.0,2023-04-26,481.0,0.328282828282828,546.0,b299fe63-d3b1-4679-9697-3f264bd6a42f
652624,2023-11-10,485.0,2023-04-26,383.0,0.515151515151515,485.0,c6606413-32f6-48c4-bd0c-e975206ecfa6
225236,2021-11-25,236.0,2021-10-07,191.5,0.908163265306122,243.63,b6f9888b-3cdd-4836-9eaf-8547b5545a71
225251,2021-11-25,195.5,2021-10-07,162.5,0.673469387755102,215.05,f7d8ae65-1bdd-4175-bdc7-a610e24b7b78
225258,2021-11-25,211.0,2021-10-07,182.0,0.591836734693878,234.59,9a5d8d16-4004-4585-b500-3484bf8d8cd2
225264,2021-11-25,202.0,2021-10-07,172.5,0.602040816326531,220.5,468d9197-2e40-46dd-854d-47353c0a66af
225271,2021-11-25,154.0,2021-10-07,134.0,0.408163265306122,186.62,794977d9-b83d-4f58-a813-59ae139776b9
225273,2021-11-25,166.5,2021-10-07,135.5,0.63265306122449,182.15,8cf7af38-5759-4525-aac2-96fdc0a6010d
225279,2021-11-25,169.0,2021-10-07,152.5,0.336734693877551,199.93,d15dbda9-1a3e-44fc-9061-2a7a7f1e792d
225286,2021-11-25,190.5,2021-10-07,162.0,0.581632653061224,210.37,dc6105c9-f04e-4a6a-8b18-5aed301814a3
225289,2021-11-25,194.5,2021-10-07,168.0,0.540816326530612,216.08,204f1a14-0a08-4e81-8d01-bbd8984e47dd
225722,2021-11-25,217.0,2021-10-07,184.5,0.663265306122449,236.47,e08b2d7c-4a2d-4fd4-b3e3-9456bc7b9824
225777,2021-11-25,223.0,2021-10-07,193.5,0.602040816326531,244.7,677f0633-2c4e-4df8-9436-d7ce9fee055f
426609,2022-10-12,238.0,2022-09-23,214.0,1.26315789473684,238.0,86713e67-6161-41a8-95f8-f95c594dbb50
426558,2022-10-12,242.0,2022-09-23,206.0,1.89473684210526,242.0,a3c8002c-90b9-4997-a3ec-44db850810d2
426584,2022-10-12,258.0,2022-09-23,225.0,1.73684210526316,258.0,0543830f-d978-435f-a6d2-3affb01aa83c
426601,2022-10-12,260.0,2022-09-23,229.0,1.63157894736842,260.0,4df4bf16-ae17-462f-8f08-d54c9155eea1
225746,2021-11-25,218.0,2021-10-07,189.0,0.591836734693878,,7fa8f41a-e525-43cc-b219-e33af5f85ac4
225748,2021-11-25,220.0,2021-10-07,201.0,0.387755102040816,,772e9de5-97ee-40e8-a68a-bea8a93d162b
225727,2021-11-25,230.0,2021-10-07,191.5,0.785714285714286,,5f093683-cd91-483a-9d7c-0a85462dcb21
225757,2021-11-25,186.0,2021-10-07,174.0,0.244897959183673,,c4ff9044-f451-47a2-9cf5-55e81ed5b1c0
225749,2021-11-25,234.0,2021-10-07,186.0,0.979591836734694,,41d0e4b4-4f8b-4b75-9fc5-0d795b99d606
659467,2023-11-20,526.0,2023-08-02,426.0,0.909090909090909,529.11,9802cabc-4f24-4452-9029-d5bc8f5ee7f7
659496,2023-11-20,528.0,2023-08-02,447.0,0.736363636363636,548.31,6d596a9e-5671-4d92-aa86-a249ea51bada
659502,2023-11-20,582.0,2023-03-21,383.0,0.815573770491803,577.7,77a8fede-fe53-4197-a802-58c5ebf0708d
659504,2023-11-20,422.0,2023-08-02,373.0,0.445454545454545,473.37,0500fabf-73a3-4fc4-8295-f5c85fe7e6f3
659522,2023-11-20,608.0,2023-08-02,518.0,0.818181818181818,611.16,c1487d4c-d260-4505-94c5-612aa52b3b88
659523,2023-11-20,524.0,2023-08-02,462.0,0.563636363636364,561.96,98665798-dd78-4998-895f-085627726723
659527,2023-11-20,486.0,2023-08-02,418.0,0.618181818181818,520.55,157ee08f-816e-4235-8b88-a50e9d231a14
446824,2022-11-09,278.0,2022-10-12,265.0,0.464285714285714,293.01,4deda364-678c-48ea-829a-a5c262f8083a
446828,2022-11-09,295.0,2022-10-12,292.0,0.107142857142857,319.18,8b9c0475-b9bc-4ba3-9502-ccd88983b7eb
446829,2022-11-09,275.0,2022-10-12,255.0,0.714285714285714,280.5,c6606413-32f6-48c4-bd0c-e975206ecfa6
446832,2022-11-09,280.0,2022-10-12,271.0,0.321428571428571,298.78,dd5a21f8-7431-4713-ae6b-7b8bf03d74e0
447193,2022-11-09,228.0,2022-10-12,207.0,0.75,233.52,8cb7b10f-7ecd-441a-bd83-48b7551a382f
447213,2022-11-09,279.0,2022-10-12,258.0,0.75,283.27,8359768c-46c9-42c5-83ab-58c32b1913ca
447224,2022-11-09,223.0,2022-10-12,206.0,0.607142857142857,233.03,366a60c1-30e1-4940-bf1d-c16f4fe91684
447225,2022-11-09,226.0,2022-10-12,203.0,0.821428571428571,229.91,e7881883-ad23-45b4-9d6f-d1ab18c297d9
225775,2021-11-25,213.0,2021-10-07,169.0,0.897959183673469,,f7100a7e-adb5-4969-b1d3-c0a7dfd6e2b0
225751,2021-11-25,247.0,2021-10-07,223.0,0.489795918367347,,dfe4916e-fbf0-4218-9227-3c1b173154e7
225717,2021-11-25,238.0,2021-10-07,201.0,0.755102040816326,,71576c82-e36a-4689-88ed-a32ce75cdf7b
225769,2021-11-25,158.0,2021-10-07,122.5,0.724489795918367,,ed295c2d-7cbe-4cd9-9aa2-8d0117558505
302694,2022-03-21,299.0,2022-02-07,261.0,0.904761904761905,305.08,3d1b6096-8528-40be-9136-c0fbee0a0409
302632,2022-03-21,304.0,2022-02-07,269.0,0.833333333333333,312.66,c794a9a4-3712-45b8-9e13-539e9cc461f8
302697,2022-03-21,245.0,2021-11-25,154.0,0.78448275862069,274.72,794977d9-b83d-4f58-a813-59ae139776b9
302635,2022-03-21,273.0,2022-02-07,219.0,1.28571428571429,258.16,09b9adf2-df24-4e7b-8794-e4d923221da4
302640,2022-03-21,187.0,2022-02-07,176.0,0.261904761904762,214.22,174e649d-949a-4485-b84b-cc8a82f49104
302642,2022-03-21,315.0,2022-02-07,262.0,1.26190476190476,305.72,a10fd2a0-c2de-43e9-b168-f9f1dd50e9a3
462907,2022-11-30,284.0,2022-11-09,262.0,1.04761904761905,281.24,7b7a7362-09be-4ab1-8de1-f0241d79eb80
462909,2022-11-30,367.0,2022-11-09,344.0,1.0952380952381,364.02,ce4d4f46-2b0a-4a6e-9ab5-679659c5557a
462913,2022-11-30,346.0,2022-11-09,315.0,1.47619047619048,335.32,a735fec1-1d34-456a-b46a-db3893f104db
462916,2022-11-30,309.0,2022-11-09,292.0,0.80952380952381,310.48,771c01c2-a602-4d4c-a343-f35d6c78ec19
412490,2022-09-20,404.0,2022-08-02,370.0,0.693877551020408,409.23,9a9b9363-b686-4e83-98f9-b10345d17857
412505,2022-09-20,378.0,2022-08-02,361.0,0.346938775510204,404.76,3dde5fe3-7132-49f8-8373-deae64b515a6
412520,2022-09-20,418.0,2022-08-02,392.0,0.530612244897959,440.69,47d0b5d2-80dc-49ef-b8e6-a69628b876d3
412547,2022-09-20,367.0,2022-08-02,336.0,0.63265306122449,382.66,f28c4440-3b18-4b5e-aa84-6d1c706b75bb
412550,2022-09-20,385.0,2022-08-02,334.0,1.04081632653061,380.62,dbcd1a04-4d70-4bdb-8b2a-185d6ecf5849
412556,2022-09-20,347.0,2022-08-02,310.0,0.755102040816326,350.6,94e6e067-695a-4884-b9f2-ccd1b6d78a72
285569,2022-02-24,289.0,2021-11-25,251.0,0.417582417582418,344.33,3ffa7e4d-232c-4d1d-b146-90ea8aa42803
302678,2022-03-21,308.0,2022-02-07,258.0,1.19047619047619,301.61,3e3814ed-dd36-4f8f-a95b-c83696470c1e
285577,2022-02-24,239.0,2021-11-25,212.0,0.296703296703297,299.96,7d499dfe-a781-423e-b384-770d65785fe4
416652,2022-09-27,277.0,2022-08-29,230.0,1.62068965517241,,6f4331c8-c8f0-4235-a5e9-f26b2b3cf2a5
416705,2022-09-27,230.0,2022-08-29,215.0,0.517241379310345,,4deda364-678c-48ea-829a-a5c262f8083a
416708,2022-09-27,233.0,2022-08-29,205.0,0.96551724137931,,595efe9c-c095-4374-ad95-2777b5604f37
416733,2022-09-27,230.0,2022-08-29,205.0,0.862068965517241,,dbe16846-6952-4102-bf02-b1c8c8321952
416738,2022-09-27,243.0,2022-08-29,220.0,0.793103448275862,,ee190171-ca2b-4a88-9a71-86024433464c
416741,2022-09-27,246.0,2022-08-29,205.0,1.41379310344828,,dd5a21f8-7431-4713-ae6b-7b8bf03d74e0
416750,2022-09-27,216.0,2022-08-29,200.0,0.551724137931034,,8647de4f-acec-43b4-b80a-7d367b40d2d1
416763,2022-09-27,170.0,2022-08-29,150.0,0.689655172413793,,49122c85-c7e7-4c14-b789-01facd490b2b
416771,2022-09-27,198.0,2022-08-29,175.0,0.793103448275862,,2990acf6-d45e-490e-a3c3-cf58884af2ab
416782,2022-09-27,217.0,2022-08-29,195.0,0.758620689655172,,db8e96cd-8a53-43b8-a241-6cebe548edc1
416787,2022-09-27,193.0,2022-08-29,170.0,0.793103448275862,,c8e42b20-ae5c-4776-8eed-8b0bf6db4837
285591,2022-02-24,238.0,2021-11-25,220.0,0.197802197802198,307.61,772e9de5-97ee-40e8-a68a-bea8a93d162b
426557,2022-10-12,221.0,2022-09-23,180.0,2.15789473684211,221.0,6355ee6d-2b7f-41ef-a572-680669f2c8e8
426547,2022-10-12,203.0,2022-09-23,182.0,1.10526315789474,203.0,e7881883-ad23-45b4-9d6f-d1ab18c297d9
426583,2022-10-12,248.0,2022-09-23,210.0,2.0,248.0,a080d453-0391-4fc0-a77a-0c6e2ccad31c
426579,2022-10-12,222.0,2022-09-23,189.0,1.73684210526316,222.0,fd5a7845-2b68-403b-b2ac-31b26a2cf779
426597,2022-10-12,287.0,2022-09-23,266.0,1.10526315789474,287.0,d105e5cb-b6f8-4b0d-88cd-281fc47e0217
426549,2022-10-12,253.0,2022-09-23,213.0,2.10526315789474,253.0,6d2b90b8-67d7-428d-b09b-58f9a61f56eb
426585,2022-10-12,296.0,2022-09-23,273.0,1.21052631578947,296.0,7ce69f8f-5ae4-40c1-80b2-d8399f1edb64
426556,2022-10-12,215.0,2022-09-23,179.0,1.89473684210526,215.0,e590bf7f-85cf-4979-85dc-4ec647c22bd4
426590,2022-10-12,271.0,2022-09-23,242.0,1.52631578947368,271.0,4c8610c6-8f50-4673-9e16-e74aaccd83ec
426599,2022-10-12,250.0,2022-09-23,230.0,1.05263157894737,250.0,8c6748b0-8942-4ac3-8af2-95c9732c595c
652524,2023-11-10,530.0,2023-04-26,419.0,0.560606060606061,530.0,d4275e18-239e-4fda-a44b-647e248a73e2
652531,2023-11-10,477.0,2023-04-26,364.0,0.570707070707071,477.0,e590bf7f-85cf-4979-85dc-4ec647c22bd4
652532,2023-11-10,477.0,2023-04-26,380.0,0.48989898989899,477.0,65f487a5-84e6-477b-a155-72076465193a
652533,2023-11-10,572.0,2023-04-26,463.0,0.55050505050505,572.0,f161da6c-1ac0-4ae0-a5ac-6a2e60cf25dd
652541,2023-11-10,528.0,2023-04-26,416.0,0.565656565656566,528.0,4df4bf16-ae17-462f-8f08-d54c9155eea1
652542,2023-11-10,461.0,2023-04-26,371.0,0.454545454545455,461.0,affc71e8-ae23-49d1-b03c-15f85d55cb0a
652552,2023-11-10,518.0,2023-04-26,408.0,0.555555555555556,518.0,e372da76-027c-47f6-a629-7bd21120a292
652600,2023-11-10,470.0,2023-04-26,416.0,0.272727272727273,470.0,429ecd7c-7c76-4a7e-8ea2-a84b6db136b4
652604,2023-11-10,528.0,2023-04-26,415.0,0.570707070707071,528.0,af928aaa-59f6-4056-ab3b-f9dcd1ac3aa4
652612,2023-11-10,472.0,2023-04-26,398.0,0.373737373737374,472.0,8359768c-46c9-42c5-83ab-58c32b1913ca
652614,2023-11-10,430.0,2023-04-26,362.0,0.343434343434343,430.0,2990acf6-d45e-490e-a3c3-cf58884af2ab
652616,2023-11-10,442.0,2023-04-26,362.0,0.404040404040404,442.0,8647de4f-acec-43b4-b80a-7d367b40d2d1
652619,2023-11-10,456.0,2023-04-26,396.0,0.303030303030303,456.0,dbe16846-6952-4102-bf02-b1c8c8321952
652620,2023-11-10,462.0,2023-04-26,385.0,0.388888888888889,462.0,db8e96cd-8a53-43b8-a241-6cebe548edc1
652625,2023-11-10,475.0,2023-04-26,378.0,0.48989898989899,475.0,9752003e-df4a-483c-ac38-ca254b62cb3a
652632,2023-11-10,574.0,2023-04-26,471.0,0.52020202020202,574.0,c415e974-0993-4a38-af16-caf9c7330113
652527,2023-11-10,449.0,2023-04-26,375.0,0.373737373737374,449.0,f068c0bd-12be-4798-b721-3fecbfd6f223
652529,2023-11-10,498.0,2023-04-26,404.0,0.474747474747475,498.0,0543830f-d978-435f-a6d2-3affb01aa83c
652548,2023-11-10,491.0,2023-04-26,368.0,0.621212121212121,491.0,8c6748b0-8942-4ac3-8af2-95c9732c595c
652603,2023-11-10,516.0,2023-04-26,417.0,0.5,516.0,4bfe6032-bbe1-485e-8b29-2aa4a92ee6f1
225246,2021-11-25,180.5,2021-10-07,154.0,0.540816326530612,202.3,20683aca-2a94-4fbf-aa99-4938547710ca
225247,2021-11-25,196.0,2021-10-07,175.5,0.418367346938776,223.78,f72c65b9-046d-4017-996c-06a1c692ad07
225254,2021-11-25,227.0,2021-10-07,207.0,0.408163265306122,257.51,3d1b6096-8528-40be-9136-c0fbee0a0409
225267,2021-11-25,185.5,2021-10-07,169.5,0.326530612244898,222.26,5b692764-0f74-40af-8f63-279d4d99a4f7
225268,2021-11-25,207.0,2021-10-07,196.0,0.224489795918367,243.49,797565bb-9968-444b-9af2-9eac79ca44c6
225275,2021-11-25,194.5,2021-10-07,172.5,0.448979591836735,219.98,8e899911-5d88-4ff5-bf15-7f86902cbdc3
225276,2021-11-25,197.0,2021-10-07,170.0,0.551020408163265,222.78,dbcd1a04-4d70-4bdb-8b2a-185d6ecf5849
225296,2021-11-25,211.0,2021-10-07,175.5,0.724489795918367,227.93,4b315846-1c64-455c-9121-6e27c1dc4d9e
426600,2022-10-12,307.0,2022-09-23,273.0,1.78947368421053,307.0,b299fe63-d3b1-4679-9697-3f264bd6a42f
426595,2022-10-12,247.0,2022-09-23,237.0,0.526315789473684,247.0,80a38c8e-29a8-4129-9cf8-4d45b712730c
270864,2022-02-03,229.0,2021-11-25,219.0,0.142857142857143,229.0,7cea2341-82f2-44a5-bbe5-db0fd8548fe7
225737,2021-11-25,218.0,2021-10-07,181.0,0.755102040816326,,4c28394a-6075-48a2-931f-ecb1cff20437
225767,2021-11-25,244.0,2021-10-07,214.0,0.612244897959184,,ce6db7ba-255e-43f3-ba67-5fcd4ceb5db6
225779,2021-11-25,230.0,2021-10-07,203.0,0.551020408163265,,e0f5d5df-2f38-4583-be9e-2a226a583f51
659465,2023-11-20,542.0,2023-08-02,467.0,0.681818181818182,564.66,3dbc8f17-1d17-4c76-9bb1-9526dbea57eb
659477,2023-11-20,476.0,2023-08-02,399.0,0.7,495.68,fdb1ce61-da53-4554-836e-b54360cc188f
659482,2023-11-20,452.0,2023-08-02,358.0,0.854545454545454,458.63,ddfcc222-bc46-4460-bd06-e35a539344cb
659490,2023-11-20,497.0,2023-08-02,394.0,0.936363636363636,498.73,cb6a6373-bd11-40a6-885b-bb4008c5f928
659491,2023-11-20,477.0,2023-08-02,419.0,0.527272727272727,512.98,839129a2-d71f-4d4b-a945-5990579a7ed9
659497,2023-11-20,528.0,2023-08-02,468.0,0.545454545454545,565.81,f4dfe99b-1e2d-40ba-ba45-126c7aab45a0
659509,2023-11-20,493.0,2023-08-02,403.0,0.818181818181818,497.98,fdb94142-da49-4be5-aca8-e9907e181a10
659516,2023-11-20,497.0,2023-08-02,421.0,0.690909090909091,524.89,cfdfb14a-3366-4c5b-8864-1d42fed2f880
659519,2023-11-20,578.0,2023-08-02,508.0,0.636363636363636,602.68,e94e99fc-298f-4651-9671-979d8af3d478
225715,2021-11-25,197.5,2021-10-07,167.5,0.612244897959184,,e21ebd7c-194f-4c30-8309-3b859da8e8ff
225743,2021-11-25,220.0,2021-10-07,184.0,0.73469387755102,,7657550f-b2af-46c9-a2d2-e500b8137e6e
225730,2021-11-25,208.0,2021-10-07,168.5,0.806122448979592,,10fc5193-b249-4c70-9526-c316b8991d10
446818,2022-11-09,263.0,2022-10-12,258.0,0.178571428571429,286.17,0543830f-d978-435f-a6d2-3affb01aa83c
446831,2022-11-09,325.0,2022-10-12,307.0,0.642857142857143,334.75,b299fe63-d3b1-4679-9697-3f264bd6a42f
446841,2022-11-09,279.0,2022-10-12,254.0,0.892857142857143,279.69,a404061e-eb28-4c3f-9e67-13926644ca07
446859,2022-11-09,283.0,2022-10-12,268.0,0.535714285714286,295.89,1493f341-3231-4c9c-950c-c623e9c53516
446860,2022-11-09,287.0,2022-10-12,263.0,0.857142857142857,288.47,e372da76-027c-47f6-a629-7bd21120a292
447199,2022-11-09,263.0,2022-10-12,239.0,0.857142857142857,264.53,04f40950-8f7b-4a22-a185-b632991f5d1a
447206,2022-11-09,255.0,2022-10-12,245.0,0.357142857142857,272.97,ead78669-f157-494e-9345-a6a9d45ce623
447207,2022-11-09,246.0,2022-10-12,221.0,0.892857142857143,247.21,6355ee6d-2b7f-41ef-a572-680669f2c8e8
447214,2022-11-09,264.0,2022-10-12,239.0,0.892857142857143,264.64,70924c60-c63e-4e77-a26a-78d3724cf761
225719,2021-11-25,219.0,2021-10-07,179.5,0.806122448979592,,7cea2341-82f2-44a5-bbe5-db0fd8548fe7
225731,2021-11-25,249.0,2021-10-07,217.0,0.653061224489796,256.0,cc97acc9-d5e1-4c95-bca4-d9f54745241b
225710,2021-11-25,178.5,2021-10-07,159.5,0.387755102040816,,cb9947fa-0f01-4d11-a616-60c4c9d8a78c
225772,2021-11-25,209.0,2021-10-07,170.0,0.795918367346939,,3f5016c5-dcc8-4703-9591-0a49ceeb8e42
302689,2022-03-21,271.0,2022-02-07,245.0,0.619047619047619,285.03,fc505bba-136b-44a0-8a3a-3694fbf7a83d
225732,2021-11-25,210.0,2021-10-07,178.5,0.642857142857143,,7659379a-17a8-48ee-ae2a-51b8392be511
412477,2022-09-20,429.0,2022-08-02,385.0,0.897959183673469,433.33,307b6a1b-c728-4bcc-acf4-136f654b4c79
412479,2022-09-20,391.0,2022-08-02,374.0,0.346938775510204,417.95,e145607d-f135-4900-a295-61773942a02c
412481,2022-09-20,391.0,2022-08-02,361.0,0.612244897959184,404.6,09b9adf2-df24-4e7b-8794-e4d923221da4
412482,2022-09-20,375.0,2022-08-02,341.0,0.693877551020408,388.61,9b006116-8236-457d-871d-e3f3c3130322
412484,2022-09-20,379.0,2022-08-02,347.0,0.653061224489796,390.28,7cc80a5c-c9cd-4f94-9c03-206e273ba25e
412492,2022-09-20,471.0,2022-08-02,422.0,1.0,470.46,3ffa7e4d-232c-4d1d-b146-90ea8aa42803
412499,2022-09-20,383.0,2022-08-02,351.0,0.653061224489796,393.99,797565bb-9968-444b-9af2-9eac79ca44c6
412501,2022-09-20,395.0,2022-08-02,374.0,0.428571428571429,422.89,1214fada-f7ac-49f6-9fee-05ef8a6656d6
412508,2022-09-20,392.0,2022-08-02,367.0,0.510204081632653,411.52,3cbdf922-6d25-4a37-96de-2c76d8e27744
412535,2022-09-20,388.0,2022-08-02,349.0,0.795918367346939,397.71,3f5016c5-dcc8-4703-9591-0a49ceeb8e42
412539,2022-09-20,357.0,2022-08-02,319.0,0.775510204081633,354.92,ee6baaff-0973-4bbd-950a-25e1b8fd9ffc
412549,2022-09-20,399.0,2022-08-02,367.0,0.653061224489796,415.92,769df82a-1233-4165-9f29-f4673d49c1e6
285566,2022-02-24,259.0,2021-11-25,214.0,0.494505494505495,310.01,7c71a4e5-2aaa-4128-a459-d303465e217b
285572,2022-02-24,204.0,2021-11-25,178.5,0.28021978021978,274.42,cb9947fa-0f01-4d11-a616-60c4c9d8a78c
416653,2022-09-27,273.0,2022-08-29,250.0,0.793103448275862,,7ce69f8f-5ae4-40c1-80b2-d8399f1edb64
416734,2022-09-27,234.0,2022-08-29,220.0,0.482758620689655,,1493f341-3231-4c9c-950c-c623e9c53516
416740,2022-09-27,276.0,2022-08-29,250.0,0.896551724137931,,f161da6c-1ac0-4ae0-a5ac-6a2e60cf25dd
416748,2022-09-27,217.0,2022-08-29,200.0,0.586206896551724,,3a9fbcaf-2ad7-495c-9a65-8e2485c6d76f
416752,2022-09-27,222.0,2022-08-29,200.0,0.758620689655172,,96b9f38e-c600-4cc4-ae8b-025b579bb6af
416759,2022-09-27,254.0,2022-08-29,220.0,1.17241379310345,,c415e974-0993-4a38-af16-caf9c7330113
416760,2022-09-27,237.0,2022-08-29,215.0,0.758620689655172,,80a38c8e-29a8-4129-9cf8-4d45b712730c
416761,2022-09-27,206.0,2022-08-29,195.0,0.379310344827586,,60abe2c3-a4a2-45a0-a1ac-6c050a23edc5
416784,2022-09-27,223.0,2022-08-29,190.0,1.13793103448276,,e3824554-5f89-43a0-96ca-e64b62e6143b
416785,2022-09-27,205.0,2022-08-29,180.0,0.862068965517241,,417225e4-d671-486f-853e-685e0fa8c4d1
416797,2022-09-27,204.0,2022-08-29,180.0,0.827586206896552,,ead07cf1-8194-478d-a480-be209599e95e
416800,2022-09-27,195.0,2022-08-29,170.0,0.862068965517241,,ead78669-f157-494e-9345-a6a9d45ce623
300627,2022-03-18,240.0,2022-02-24,245.0,-0.227272727272727,265.99,7c0be3de-f78b-427a-9101-1d53cf41e03f
300629,2022-03-18,228.0,2022-02-24,228.0,0.0,247.95,c15bb521-f9e0-441f-aa0a-477371816bd4
285589,2022-02-24,225.0,2021-11-25,213.0,0.131868131868132,300.11,6b25474f-866e-4efa-bbe9-ae9f50c78b4a
426571,2022-10-12,245.0,2022-09-23,195.0,2.63157894736842,245.0,ead78669-f157-494e-9345-a6a9d45ce623
426555,2022-10-12,258.0,2022-09-23,227.0,1.63157894736842,258.0,8359768c-46c9-42c5-83ab-58c32b1913ca
426573,2022-10-12,229.0,2022-09-23,192.0,1.94736842105263,229.0,2cc23a10-8a6c-4815-81e9-5c71c7a77914
426564,2022-10-12,242.0,2022-09-23,206.0,1.89473684210526,242.0,60abe2c3-a4a2-45a0-a1ac-6c050a23edc5
426629,2022-10-12,292.0,2022-09-23,263.0,1.52631578947368,292.0,a735fec1-1d34-456a-b46a-db3893f104db
426613,2022-10-12,254.0,2022-09-23,235.0,1.0,254.0,a404061e-eb28-4c3f-9e67-13926644ca07
426627,2022-10-12,300.0,2022-09-23,276.0,1.26315789473684,300.0,f161da6c-1ac0-4ae0-a5ac-6a2e60cf25dd
426608,2022-10-12,250.0,2022-09-23,230.0,1.05263157894737,250.0,dbe16846-6952-4102-bf02-b1c8c8321952
643355,2023-10-31,471.0,2023-08-15,452.0,0.246753246753247,527.58,4deda364-678c-48ea-829a-a5c262f8083a
652537,2023-11-10,528.0,2023-04-26,397.0,0.661616161616162,528.0,d5328262-ba23-45e6-8fb1-b7ef77d100a1
652550,2023-11-10,520.0,2023-04-26,411.0,0.55050505050505,520.0,5827ff23-bbd1-48c7-a099-84122d168ac7
652553,2023-11-10,544.0,2023-04-26,449.0,0.47979797979798,544.0,85dba3b1-819b-4c61-b64c-9584d64f9236
652555,2023-11-10,508.0,2023-04-26,426.0,0.414141414141414,508.0,70924c60-c63e-4e77-a26a-78d3724cf761
652558,2023-11-10,538.0,2023-04-26,421.0,0.590909090909091,538.0,4c8610c6-8f50-4673-9e16-e74aaccd83ec
652610,2023-11-10,558.0,2023-04-26,424.0,0.676767676767677,558.0,c26a3485-77a8-4cc6-a174-9888a89537e1
652629,2023-11-10,441.0,2023-04-26,365.0,0.383838383838384,441.0,e90a213d-9214-47b8-97c5-b8f6516ee30d
426586,2022-10-12,253.0,2022-09-23,226.0,1.42105263157895,253.0,4ffa997c-8b3e-40af-a6d4-e806b0acef59
426576,2022-10-12,212.0,2022-09-23,170.0,2.21052631578947,212.0,49122c85-c7e7-4c14-b789-01facd490b2b
426563,2022-10-12,239.0,2022-09-23,204.0,1.84210526315789,239.0,04f40950-8f7b-4a22-a185-b632991f5d1a
225227,2021-11-25,195.5,2021-10-07,165.0,0.622448979591837,212.94,5cd4959d-1f34-4ad0-9ee9-6ff829f0d823
225228,2021-11-25,228.0,2021-10-07,207.0,0.428571428571429,257.87,47d0b5d2-80dc-49ef-b8e6-a69628b876d3
225262,2021-11-25,181.0,2021-10-07,163.0,0.36734693877551,215.47,3769fe44-8393-4fff-a46c-a8e88b86fa0a
225263,2021-11-25,195.5,2021-10-07,175.5,0.408163265306122,222.7,9fbc75c7-95a5-4223-af2b-fe49dbdebecc
225280,2021-11-25,234.0,2021-10-07,189.0,0.918367346938776,240.43,94ef4975-18ad-47fc-ad00-47860bfe378d
225291,2021-11-25,209.0,2021-10-07,189.5,0.397959183673469,237.22,3f0f81b1-2459-4fa3-954b-08cbda4f0c9c
225740,2021-11-25,228.0,2021-10-07,193.5,0.704081632653061,,59a33b26-bd16-4e40-b289-7a163a96ff69
225781,2021-11-25,153.5,2021-10-07,140.0,0.275510204081633,186.24,100df59b-ccad-4d8e-903d-1734692290b9
270886,2022-02-03,206.0,2021-11-25,182.5,0.335714285714286,206.0,dc2df3cb-1e9f-4439-a29d-65eec0e61960
270861,2022-02-03,222.0,2021-11-25,220.0,0.0285714285714286,222.0,769df82a-1233-4165-9f29-f4673d49c1e6
225759,2021-11-25,247.0,2021-10-07,201.0,0.938775510204082,,da54e5a2-fbfb-4b1d-8ec7-c4d5f6ed26ed
225713,2021-11-25,193.5,2021-10-07,168.5,0.510204081632653,,426d14b9-0224-42f6-a8c1-06220e03d3cc
225714,2021-11-25,228.0,2021-10-07,201.0,0.551020408163265,,80d161ce-1387-4198-85dc-79933f2d6cdd
225745,2021-11-25,218.0,2021-10-07,191.5,0.540816326530612,,62b6642f-bab9-4187-baa2-c34c32f0da99
270843,2022-02-03,198.0,2021-11-25,195.0,0.0428571428571429,198.0,9b006116-8236-457d-871d-e3f3c3130322
300634,2022-03-18,238.0,2022-02-24,236.0,0.0909090909090909,256.31,ea36d045-53e6-4411-a6ae-bd9a9ddc3678
225724,2021-11-25,247.0,2021-10-07,197.5,1.01020408163265,,e145607d-f135-4900-a295-61773942a02c
302683,2022-03-21,278.0,2022-02-07,234.0,1.04761904761905,274.33,3cbdf922-6d25-4a37-96de-2c76d8e27744
659485,2023-11-20,465.0,2023-08-02,383.0,0.745454545454545,480.17,c9cfd07f-691c-44f9-a79d-4baf6c9bb7a8
659488,2023-11-20,462.0,2023-08-02,422.0,0.363636363636364,516.17,817b566c-d929-4166-97f3-b4131f9a439e
659492,2023-11-20,472.0,2023-08-02,398.0,0.672727272727273,494.13,74927492-8cbb-4407-bdb9-f0925032cf04
659500,2023-11-20,516.0,2023-08-02,422.0,0.854545454545454,516.4,c4823188-e9e7-4f73-8b6b-c198de6e9ef3
659501,2023-11-20,483.0,2023-08-02,406.0,0.7,511.15,514a09a0-717a-4891-97c9-d8fffd0163ce
659508,2023-11-20,495.0,2023-08-02,433.0,0.563636363636364,524.82,3d5cb070-206a-48f1-838f-3b63ebf079fc
659518,2023-11-20,464.0,2023-08-02,388.0,0.690909090909091,484.59,6ece9069-1934-4c92-8796-7040873a14ee
659521,2023-11-20,478.0,2023-08-02,405.0,0.663636363636364,511.34,cd4edef4-67ec-425d-8cf4-2d8c827043a0
225773,2021-11-25,194.5,2021-10-07,163.5,0.63265306122449,,30af59e6-1ced-4d0b-82af-c1b2c3b8562b
446826,2022-11-09,313.0,2022-10-12,296.0,0.607142857142857,320.57,85dba3b1-819b-4c61-b64c-9584d64f9236
446853,2022-11-09,260.0,2022-10-12,244.0,0.571428571428571,269.72,d5328262-ba23-45e6-8fb1-b7ef77d100a1
446866,2022-11-09,277.0,2022-10-12,251.0,0.928571428571429,279.43,595efe9c-c095-4374-ad95-2777b5604f37
225711,2021-11-25,251.0,2021-10-07,218.0,0.673469387755102,,3ffa7e4d-232c-4d1d-b146-90ea8aa42803
447197,2022-11-09,238.0,2022-10-12,219.0,0.678571428571429,245.29,c8e42b20-ae5c-4776-8eed-8b0bf6db4837
447219,2022-11-09,274.0,2022-10-12,247.0,0.964285714285714,272.49,db8e96cd-8a53-43b8-a241-6cebe548edc1
447248,2022-11-09,255.0,2022-10-12,232.0,0.821428571428571,260.75,848faff4-2437-43e4-b4ff-cd23fc286d2b
225756,2021-11-25,173.0,2021-10-07,142.5,0.622448979591837,,2793257a-bdaf-4345-b9cf-8a10d591ea96
225735,2021-11-25,248.0,2021-10-07,220.0,0.571428571428571,,54e8cc83-b361-481e-a243-c7da1171c9f1
225747,2021-11-25,207.0,2021-10-07,172.0,0.714285714285714,,7a6f5768-be48-4a27-a956-c1582edef8bd
302633,2022-03-21,257.0,2022-02-07,205.0,1.23809523809524,246.59,5b692764-0f74-40af-8f63-279d4d99a4f7
302636,2022-03-21,232.0,2022-02-07,189.0,1.02380952380952,225.61,f2176e41-fb91-49b8-8d38-e7e6dc426909
462677,2022-11-30,301.0,2022-11-09,280.0,1.0,301.0,dd5a21f8-7431-4713-ae6b-7b8bf03d74e0
462678,2022-11-30,266.0,2022-11-09,255.0,0.523809523809524,266.0,ead78669-f157-494e-9345-a6a9d45ce623
462686,2022-11-30,280.0,2022-11-09,263.0,0.80952380952381,280.0,0543830f-d978-435f-a6d2-3affb01aa83c
462688,2022-11-30,290.0,2022-11-09,255.0,1.66666666666667,290.0,4df4bf16-ae17-462f-8f08-d54c9155eea1
462911,2022-11-30,318.0,2022-11-09,297.0,1.0,315.74,429ecd7c-7c76-4a7e-8ea2-a84b6db136b4
412476,2022-09-20,369.0,2022-08-02,350.0,0.387755102040816,392.46,74c7e86f-14d9-4ca4-85c8-02fbbdc21fec
412478,2022-09-20,362.0,2022-08-02,328.0,0.693877551020408,371.06,aaef8b89-3f92-4e01-af76-a83fcecfe24d
412487,2022-09-20,393.0,2022-08-02,374.0,0.387755102040816,422.27,dfe4916e-fbf0-4218-9227-3c1b173154e7
412495,2022-09-20,404.0,2022-08-02,387.0,0.346938775510204,435.88,94ef4975-18ad-47fc-ad00-47860bfe378d
412504,2022-09-20,426.0,2022-08-02,391.0,0.714285714285714,439.34,c794a9a4-3712-45b8-9e13-539e9cc461f8
412521,2022-09-20,406.0,2022-08-02,400.0,0.122448979591837,448.35,204c79ea-7f9a-443f-866f-6005b2594f18
412522,2022-09-20,385.0,2022-08-02,356.0,0.591836734693878,404.03,f7100a7e-adb5-4969-b1d3-c0a7dfd6e2b0
412523,2022-09-20,367.0,2022-08-02,326.0,0.836734693877551,370.93,ee195c95-8a17-484b-905a-e51ba97db105
412524,2022-09-20,344.0,2022-08-02,307.0,0.755102040816326,347.29,a7ca25f7-d17f-41ce-9f6a-f9df97c5b5d5
412534,2022-09-20,350.0,2022-08-02,324.0,0.530612244897959,367.35,24961180-84c7-4b60-b86d-37c01b72f9b5
412538,2022-09-20,386.0,2022-08-02,345.0,0.836734693877551,392.32,5f093683-cd91-483a-9d7c-0a85462dcb21
412540,2022-09-20,345.0,2022-08-02,346.0,-0.0204081632653061,387.26,4c28394a-6075-48a2-931f-ecb1cff20437
412543,2022-09-20,424.0,2022-08-02,379.0,0.918367346938776,427.16,acf4d7a0-71c0-47df-816c-f329c66d204b
412551,2022-09-20,418.0,2022-08-02,396.0,0.448979591836735,439.79,73aac93a-bd7f-4e42-8843-5b6fa9356360
285571,2022-02-24,201.0,2021-11-25,173.0,0.307692307692308,267.22,2793257a-bdaf-4345-b9cf-8a10d591ea96
300624,2022-03-18,222.0,2022-02-24,215.0,0.318181818181818,235.28,aaef8b89-3f92-4e01-af76-a83fcecfe24d
285574,2022-02-24,219.0,2021-11-25,197.5,0.236263736263736,284.97,e21ebd7c-194f-4c30-8309-3b859da8e8ff
285576,2022-02-24,213.0,2021-11-25,190.5,0.247252747252747,286.88,4bf63f47-bd63-4c0c-a826-0028fa35bed7
285579,2022-02-24,225.0,2021-11-25,221.0,0.043956043956044,308.66,450110bf-06d1-4305-a82c-0dcdff2f8125
416655,2022-09-27,232.0,2022-08-29,215.0,0.586206896551724,,f068c0bd-12be-4798-b721-3fecbfd6f223
416693,2022-09-27,230.0,2022-08-29,225.0,0.172413793103448,,e372da76-027c-47f6-a629-7bd21120a292
416746,2022-09-27,175.0,2022-08-29,155.0,0.689655172413793,,366a60c1-30e1-4940-bf1d-c16f4fe91684
416747,2022-09-27,208.0,2022-08-29,180.0,0.96551724137931,,66de2643-672c-42f4-aa55-0cb8af9bb980
416754,2022-09-27,225.0,2022-08-29,210.0,0.517241379310345,,c6606413-32f6-48c4-bd0c-e975206ecfa6
416758,2022-09-27,204.0,2022-08-29,185.0,0.655172413793103,,a4e4c0c0-632c-43f9-8421-8fe59205c796
416768,2022-09-27,223.0,2022-08-29,195.0,0.96551724137931,,4bfe6032-bbe1-485e-8b29-2aa4a92ee6f1
416780,2022-09-27,254.0,2022-08-29,220.0,1.17241379310345,,2beefdc0-2da5-4ae5-9880-8b20ff078794
416801,2022-09-27,179.0,2022-08-29,165.0,0.482758620689655,,e590bf7f-85cf-4979-85dc-4ec647c22bd4
302680,2022-03-21,225.0,2022-02-07,186.0,0.928571428571429,219.59,d15dbda9-1a3e-44fc-9061-2a7a7f1e792d
285586,2022-02-24,245.0,2022-02-07,232.0,0.764705882352941,248.31,7c0be3de-f78b-427a-9101-1d53cf41e03f
285588,2022-02-24,249.0,2021-11-25,244.0,0.0549450549450549,338.04,ce6db7ba-255e-43f3-ba67-5fcd4ceb5db6
285592,2022-02-24,223.0,2021-11-25,192.0,0.340659340659341,280.37,94e6e067-695a-4884-b9f2-ccd1b6d78a72
426566,2022-10-12,251.0,2022-09-23,215.0,1.89473684210526,251.0,ecb4d09b-7f83-4b96-9596-74e087374223
426572,2022-10-12,216.0,2022-09-23,183.0,1.73684210526316,216.0,5b34f6b4-21f5-4ead-b8db-21a17ba34064
426588,2022-10-12,285.0,2022-09-23,261.0,1.26315789473684,285.0,3e8f638b-9280-49e7-82e8-bb295905f0dd
426633,2022-10-12,265.0,2022-09-23,230.0,1.84210526315789,265.0,4deda364-678c-48ea-829a-a5c262f8083a
426622,2022-10-12,270.0,2022-09-23,233.0,1.94736842105263,270.0,52986aaa-9c04-4bfa-bfa1-4f19f07681cf
643359,2023-10-31,326.0,2023-08-15,448.0,-1.58441558441558,523.01,6d2b90b8-67d7-428d-b09b-58f9a61f56eb
652523,2023-11-10,584.0,2023-04-26,453.0,0.661616161616162,584.0,3e8f638b-9280-49e7-82e8-bb295905f0dd
652545,2023-11-10,532.0,2023-04-26,414.0,0.595959595959596,532.0,d105e5cb-b6f8-4b0d-88cd-281fc47e0217
652598,2023-11-10,491.0,2023-04-26,394.0,0.48989898989899,491.0,80a38c8e-29a8-4129-9cf8-4d45b712730c
652606,2023-11-10,431.0,2023-04-26,366.0,0.328282828282828,431.0,fd5a7845-2b68-403b-b2ac-31b26a2cf779
652609,2023-11-10,471.0,2023-04-26,380.0,0.45959595959596,471.0,4ffa997c-8b3e-40af-a6d4-e806b0acef59
652622,2023-11-10,522.0,2023-04-26,384.0,0.696969696969697,522.0,848faff4-2437-43e4-b4ff-cd23fc286d2b
652628,2023-11-10,440.0,2023-04-26,385.0,0.277777777777778,440.0,6e05d9d5-6117-4125-9f4f-e822e8849b14
652633,2023-11-10,524.0,2023-04-26,434.0,0.454545454545455,524.0,b8fef6d0-3114-4471-8203-fe0b324cf97b
652639,2023-11-10,420.0,2023-04-26,341.0,0.398989898989899,420.0,0c0cc03b-31f2-43ba-b6f5-fdb2a834ca9c
652617,2023-11-10,423.0,2023-04-26,354.0,0.348484848484849,423.0,c8e42b20-ae5c-4776-8eed-8b0bf6db4837
225221,2021-11-25,172.5,2021-10-07,168.5,0.0816326530612245,212.1,ee6baaff-0973-4bbd-950a-25e1b8fd9ffc
225230,2021-11-25,220.0,2021-10-07,181.0,0.795918367346939,233.45,95e09ba6-f69a-4909-bce0-2b5920286336
225232,2021-11-25,182.0,2021-10-07,161.5,0.418367346938776,209.67,24961180-84c7-4b60-b86d-37c01b72f9b5
225234,2021-11-25,229.0,2021-10-07,196.0,0.673469387755102,248.23,acf4d7a0-71c0-47df-816c-f329c66d204b
225235,2021-11-25,205.0,2021-10-07,180.0,0.510204081632653,232.52,18082121-85e5-4058-97cd-572766f087d5
225237,2021-11-25,177.0,2021-10-07,150.5,0.540816326530612,203.0,6b16b4b8-9133-456c-a68c-358245e273e3
225243,2021-11-25,225.0,2021-10-07,190.5,0.704081632653061,233.51,6dd09559-842f-400f-b1de-3e824510afc5
225244,2021-11-25,167.0,2021-10-07,152.0,0.306122448979592,200.6,eb52a3f3-c890-4fd5-b34d-fb02216a103b
225249,2021-11-25,195.0,2021-10-07,162.5,0.663265306122449,211.03,10675540-984d-4638-a65f-c875e78dd191
225261,2021-11-25,205.0,2021-10-07,188.0,0.346938775510204,235.76,bd6b975e-0547-43f2-9e62-c8459e257806
225277,2021-11-25,170.5,2021-10-07,147.0,0.479591836734694,195.39,f2176e41-fb91-49b8-8d38-e7e6dc426909
225278,2021-11-25,205.0,2021-10-07,188.0,0.346938775510204,235.67,d87278e0-1e2b-4a28-8d73-9af8b7303792
225288,2021-11-25,209.0,2021-10-07,177.0,0.653061224489796,224.79,7236d2de-605d-48f3-8aab-b565d7ed1308
225721,2021-11-25,229.0,2021-10-07,189.0,0.816326530612245,240.83,a830501a-010d-4f33-be76-9e420b4b8cba
426619,2022-10-12,298.0,2022-09-23,274.0,1.26315789473684,298.0,cd754558-e60b-4a7a-9aa5-4b729fb8add9
426628,2022-10-12,230.0,2022-09-23,216.0,0.736842105263158,230.0,d4275e18-239e-4fda-a44b-647e248a73e2
300633,2022-03-18,203.0,2022-02-24,204.0,-0.0454545454545455,225.01,cb9947fa-0f01-4d11-a616-60c4c9d8a78c
225766,2021-11-25,204.0,2021-10-07,171.5,0.663265306122449,,711324dc-fdd4-4676-ad01-cdf72761afeb
225744,2021-11-25,239.0,2021-10-07,193.5,0.928571428571429,,92791ba9-9ef0-428c-8491-94a3d68cd64c
659463,2023-11-20,562.0,2023-08-02,493.0,0.627272727272727,590.02,d03c4cdf-f657-4673-af80-115ec8a5ec0c
659474,2023-11-20,479.0,2023-08-02,410.0,0.627272727272727,507.2,97269045-03c2-4112-830d-bd36b56c0028
659480,2023-11-20,461.0,2023-08-02,433.0,0.254545454545455,535.19,32be6f70-14db-461a-9352-928509cc94c4
659507,2023-11-20,558.0,2023-08-02,477.0,0.736363636363636,575.55,74084c98-30a8-4eca-824a-121bab8f4efd
659512,2023-11-20,460.0,2023-08-02,400.0,0.545454545454545,495.71,9e7e0ecf-f0af-4557-9f88-53ea88c7b0ee
659513,2023-11-20,458.0,2023-08-02,388.0,0.636363636363636,484.42,4e682816-8f5e-404b-954a-af25eeeb20c7
659515,2023-11-20,534.0,2023-08-02,456.0,0.709090909090909,556.24,1afce454-f7ae-40e2-9377-29f189fe0083
659520,2023-11-20,457.0,2023-08-02,391.0,0.6,498.78,a4236c6f-f859-4557-95d7-939805fc4c6d
659525,2023-11-20,493.0,2023-08-02,418.0,0.681818181818182,519.49,06ab4e04-1447-47a0-9a20-a6f7573939c5
225741,2021-11-25,249.0,2021-10-07,213.0,0.73469387755102,,73aac93a-bd7f-4e42-8843-5b6fa9356360
446819,2022-11-09,295.0,2022-10-12,272.0,0.821428571428571,297.13,ee190171-ca2b-4a88-9a71-86024433464c
446833,2022-11-09,277.0,2022-10-12,258.0,0.678571428571429,286.27,5827ff23-bbd1-48c7-a099-84122d168ac7
446837,2022-11-09,259.0,2022-10-12,237.0,0.785714285714286,265.69,9752003e-df4a-483c-ac38-ca254b62cb3a
446839,2022-11-09,293.0,2022-10-12,284.0,0.321428571428571,311.46,a10906f3-e68c-4d8e-8c66-6fac44c07739
446844,2022-11-09,266.0,2022-10-12,250.0,0.571428571428571,275.66,96b9f38e-c600-4cc4-ae8b-025b579bb6af
446845,2022-11-09,287.0,2022-10-12,273.0,0.5,297.87,af928aaa-59f6-4056-ab3b-f9dcd1ac3aa4
446850,2022-11-09,344.0,2022-10-12,316.0,1.0,343.61,ce4d4f46-2b0a-4a6e-9ab5-679659c5557a
446852,2022-11-09,297.0,2022-10-12,283.0,0.5,308.84,2beefdc0-2da5-4ae5-9880-8b20ff078794
447195,2022-11-09,238.0,2022-10-12,222.0,0.571428571428571,248.23,fd5a7845-2b68-403b-b2ac-31b26a2cf779
447208,2022-11-09,260.0,2022-10-12,242.0,0.642857142857143,267.85,60abe2c3-a4a2-45a0-a1ac-6c050a23edc5
447212,2022-11-09,288.0,2022-10-12,260.0,1.0,285.23,4bfe6032-bbe1-485e-8b29-2aa4a92ee6f1
447218,2022-11-09,240.0,2022-10-12,210.0,1.07142857142857,236.54,e96b5f3d-1e36-4ce6-b1c1-d4a0d88a8fed
447220,2022-11-09,236.0,2022-10-12,215.0,0.75,241.16,e590bf7f-85cf-4979-85dc-4ec647c22bd4
447221,2022-11-09,259.0,2022-10-12,242.0,0.607142857142857,270.31,a3c8002c-90b9-4997-a3ec-44db850810d2
447230,2022-11-09,260.0,2022-10-12,237.0,0.821428571428571,265.9,65abafdc-a9b7-4f94-83ec-4bb255e44ec1
302693,2022-03-21,296.0,2022-02-07,255.0,0.976190476190476,295.21,7236d2de-605d-48f3-8aab-b565d7ed1308
225774,2021-11-25,213.0,2021-10-07,171.0,0.857142857142857,,6b25474f-866e-4efa-bbe9-ae9f50c78b4a
302631,2022-03-21,256.0,2022-02-07,219.0,0.880952380952381,258.42,c9a0375a-6664-4bee-84dd-3a4bc874c716
462693,2022-11-30,311.0,2022-11-09,295.0,0.761904761904762,311.0,8b9c0475-b9bc-4ba3-9502-ccd88983b7eb
462917,2022-11-30,287.0,2022-11-09,274.0,0.619047619047619,292.91,db8e96cd-8a53-43b8-a241-6cebe548edc1
462919,2022-11-30,308.0,2022-11-09,282.0,1.23809523809524,300.97,4c8610c6-8f50-4673-9e16-e74aaccd83ec
462921,2022-11-30,246.0,2022-11-09,240.0,0.285714285714286,259.63,e96b5f3d-1e36-4ce6-b1c1-d4a0d88a8fed
462946,2022-11-30,336.0,2022-11-09,326.0,0.476190476190476,346.0,f161da6c-1ac0-4ae0-a5ac-6a2e60cf25dd
462951,2022-11-30,245.0,2022-11-09,223.0,1.04761904761905,243.29,366a60c1-30e1-4940-bf1d-c16f4fe91684
462955,2022-11-30,297.0,2022-11-09,278.0,0.904761904761905,299.12,4deda364-678c-48ea-829a-a5c262f8083a
462957,2022-11-30,318.0,2022-11-09,307.0,0.523809523809524,325.49,d105e5cb-b6f8-4b0d-88cd-281fc47e0217
462964,2022-11-30,298.0,2022-11-09,287.0,0.523809523809524,305.96,e372da76-027c-47f6-a629-7bd21120a292
462977,2022-11-30,294.0,2022-11-09,287.0,0.333333333333333,305.71,af928aaa-59f6-4056-ab3b-f9dcd1ac3aa4
302660,2022-03-21,255.0,2022-02-07,229.0,0.619047619047619,269.31,24961180-84c7-4b60-b86d-37c01b72f9b5
302661,2022-03-21,250.0,2022-02-07,212.0,0.904761904761905,255.71,3873163d-60a2-440b-91aa-e9903ea15236
475658,2022-12-21,314.0,2022-11-30,298.0,0.761904761904762,316.99,e372da76-027c-47f6-a629-7bd21120a292
475671,2022-12-21,358.0,2022-11-30,352.0,0.285714285714286,371.78,6f4331c8-c8f0-4235-a5e9-f26b2b3cf2a5
475675,2022-12-21,311.0,2022-11-30,284.0,1.28571428571429,303.03,7b7a7362-09be-4ab1-8de1-f0241d79eb80
475680,2022-12-21,287.0,2022-11-30,270.0,0.80952380952381,291.37,7f50ed19-0295-441d-be5c-b231333ed4df
475693,2022-12-21,309.0,2022-11-30,298.0,0.523809523809524,316.73,8359768c-46c9-42c5-83ab-58c32b1913ca
475702,2022-12-21,299.0,2022-11-30,278.0,1.0,296.95,04f40950-8f7b-4a22-a185-b632991f5d1a
475710,2022-12-21,305.0,2022-11-30,286.0,0.904761904761905,306.91,6d2b90b8-67d7-428d-b09b-58f9a61f56eb
475715,2022-12-21,268.0,2022-11-30,253.0,0.714285714285714,272.66,fd5a7845-2b68-403b-b2ac-31b26a2cf779
691869,2024-01-09,532.0,2023-11-10,528.0,0.0666666666666667,579.54,af928aaa-59f6-4056-ab3b-f9dcd1ac3aa4
691870,2024-01-09,445.0,2023-11-10,442.0,0.05,499.27,8647de4f-acec-43b4-b80a-7d367b40d2d1
691882,2024-01-09,491.0,2023-11-10,491.0,0.0,543.38,80a38c8e-29a8-4129-9cf8-4d45b712730c
691890,2024-01-09,524.0,2023-11-10,524.0,0.0,581.34,b8fef6d0-3114-4471-8203-fe0b324cf97b
691902,2024-01-09,442.0,2023-11-10,430.0,0.2,487.41,2990acf6-d45e-490e-a3c3-cf58884af2ab
691906,2024-01-09,442.0,2023-11-10,420.0,0.366666666666667,470.37,0c0cc03b-31f2-43ba-b6f5-fdb2a834ca9c
691910,2024-01-09,443.0,2023-11-10,440.0,0.05,492.17,c053432e-39c6-432c-b00a-701ea8574551
692422,2024-01-09,538.0,2023-11-10,538.0,0.0,587.95,22a008b4-b9bd-45de-a1e6-3c3f9d0d67a1
692425,2024-01-09,516.0,2023-11-10,534.0,-0.3,584.94,2beefdc0-2da5-4ae5-9880-8b20ff078794
692432,2024-01-09,514.0,2023-11-10,496.0,0.3,553.56,66de2643-672c-42f4-aa55-0cb8af9bb980
692440,2024-01-09,546.0,2023-11-10,544.0,0.0333333333333333,595.13,85dba3b1-819b-4c61-b64c-9584d64f9236
692449,2024-01-09,526.0,2023-11-10,522.0,0.0666666666666667,579.24,6d2b90b8-67d7-428d-b09b-58f9a61f56eb
693260,2024-01-10,758.0,2023-03-21,578.0,0.610169491525424,,5f0b38b9-9bcb-41da-927f-6fc69d799da6
693276,2024-01-10,484.0,2023-11-20,478.0,0.117647058823529,527.49,cd4edef4-67ec-425d-8cf4-2d8c827043a0
492040,2023-01-19,329.0,2022-12-21,296.0,1.13793103448276,325.31,dbe16846-6952-4102-bf02-b1c8c8321952
492049,2023-01-19,384.0,2022-12-21,344.0,1.37931034482759,369.12,cd754558-e60b-4a7a-9aa5-4b729fb8add9
492182,2023-01-19,356.0,2022-12-21,316.0,1.37931034482759,341.87,4c8610c6-8f50-4673-9e16-e74aaccd83ec
492199,2023-01-19,321.0,2022-12-21,289.0,1.10344827586207,315.81,86713e67-6161-41a8-95f8-f95c594dbb50
492514,2023-01-19,308.0,2022-12-21,265.0,1.48275862068966,291.82,e590bf7f-85cf-4979-85dc-4ec647c22bd4
492517,2023-01-19,320.0,2022-12-21,289.0,1.06896551724138,318.05,2cc23a10-8a6c-4815-81e9-5c71c7a77914
492520,2023-01-19,302.0,2022-12-21,268.0,1.17241379310345,295.02,fd5a7845-2b68-403b-b2ac-31b26a2cf779
492540,2023-01-19,320.0,2022-12-21,288.0,1.10344827586207,314.35,6355ee6d-2b7f-41ef-a572-680669f2c8e8
492545,2023-01-19,313.0,2022-12-21,291.0,0.758620689655172,319.97,21d3b7c7-03e3-4738-a154-50b6eb3355c0
492688,2023-01-19,257.0,2022-12-21,221.0,1.24137931034483,248.08,74927492-8cbb-4407-bdb9-f0925032cf04
492725,2023-01-11,518.0,2022-09-05,430.0,0.6875,518.0,4db75807-35e2-485f-a7b2-612e30fec7be
492732,2023-01-11,489.0,2022-09-05,413.0,0.59375,489.0,b6d71a01-13f8-49ce-8063-e370e9b886e6
492735,2023-01-11,526.0,2022-09-05,442.0,0.65625,526.0,1b52fe86-cc44-4e4c-bee1-43a8509691b9
492740,2023-01-11,442.0,2022-09-05,372.0,0.546875,442.0,447091a5-26c1-4bd2-9d54-fc7229758fbb
492741,2023-01-11,516.0,2022-09-05,443.0,0.5703125,516.0,63a7435d-e7d5-4083-a58d-583c04c2c3cd
492746,2023-01-11,556.0,2022-09-05,480.0,0.59375,556.0,887ae862-8d97-4692-ac41-2d8242921526
271294,2022-02-03,216.0,2021-11-25,222.0,-0.0857142857142857,289.58,5776f066-a82c-4f55-99be-d1e3be638c19
271295,2022-02-03,266.0,2021-11-25,249.0,0.242857142857143,315.35,73aac93a-bd7f-4e42-8843-5b6fa9356360
271297,2022-02-03,227.0,2021-11-25,230.0,-0.0428571428571429,296.7,9cdda4fd-c9b4-45b3-8ec7-ec1551598f99
271300,2022-02-03,212.0,2021-11-25,213.0,-0.0142857142857143,280.29,6b25474f-866e-4efa-bbe9-ae9f50c78b4a
271303,2022-02-03,205.0,2021-11-25,197.5,0.107142857142857,264.98,e21ebd7c-194f-4c30-8309-3b859da8e8ff
271304,2022-02-03,172.0,2021-11-25,158.0,0.2,229.3,ed295c2d-7cbe-4cd9-9aa2-8d0117558505
271315,2022-02-03,221.0,2021-11-25,220.0,0.0142857142857143,287.68,772e9de5-97ee-40e8-a68a-bea8a93d162b
271327,2022-02-03,202.0,2021-11-25,193.5,0.121428571428571,267.65,10505166-001b-47f2-b1e8-cbd9f1405ff1
271333,2022-02-03,202.0,2021-11-25,194.5,0.107142857142857,268.37,ee195c95-8a17-484b-905a-e51ba97db105
270870,2022-02-03,198.0,2021-11-25,190.5,0.107142857142857,198.0,4bf63f47-bd63-4c0c-a826-0028fa35bed7
270887,2022-02-03,238.0,2021-11-25,235.0,0.0428571428571429,,1214fada-f7ac-49f6-9fee-05ef8a6656d6
270880,2022-02-03,210.0,2021-11-25,218.0,-0.114285714285714,,62b6642f-bab9-4187-baa2-c34c32f0da99
272978,2022-02-07,253.0,2021-11-25,225.0,0.378378378378378,296.48,817c7a05-6fb8-47a5-8d32-7fde6d4b4cb1
272982,2022-02-07,237.0,2021-11-25,204.0,0.445945945945946,275.18,b2376ee4-76ce-4671-bc98-393e4fc51a22
272992,2022-02-07,217.0,2021-11-25,170.5,0.628378378378378,239.73,74c7e86f-14d9-4ca4-85c8-02fbbdc21fec
272999,2022-02-07,256.0,2021-11-25,232.0,0.324324324324324,309.23,c2b35033-a714-4db3-964c-6b546bf7e6b5
273005,2022-02-07,235.0,2021-11-25,203.0,0.432432432432432,274.07,fc4288b4-5b7a-41b6-bede-bec057f584f7
273006,2022-02-07,214.0,2021-11-25,171.0,0.581081081081081,242.0,ecb70459-bb72-409e-92be-5b173681bbf8
273012,2022-02-07,232.0,2021-11-25,165.5,0.898648648648649,232.0,7c0be3de-f78b-427a-9101-1d53cf41e03f
716289,2024-02-12,534.0,2024-01-09,514.0,0.588235294117647,543.05,4c8610c6-8f50-4673-9e16-e74aaccd83ec
716291,2024-02-12,562.0,2024-01-09,512.0,1.47058823529412,540.97,d105e5cb-b6f8-4b0d-88cd-281fc47e0217
721484,2024-02-16,556.0,2024-01-09,532.0,0.631578947368421,567.83,0543830f-d978-435f-a6d2-3affb01aa83c
721486,2024-02-16,630.0,2024-01-09,610.0,0.526315789473684,644.33,3e8f638b-9280-49e7-82e8-bb295905f0dd
721494,2024-02-16,610.0,2024-01-09,552.0,1.52631578947368,587.85,a10906f3-e68c-4d8e-8c66-6fac44c07739
721516,2024-02-16,538.0,2024-01-09,518.0,0.526315789473684,553.69,65abafdc-a9b7-4f94-83ec-4bb255e44ec1
721524,2024-02-16,596.0,2024-01-09,578.0,0.473684210526316,613.88,c415e974-0993-4a38-af16-caf9c7330113
721530,2024-02-16,560.0,2024-01-09,562.0,-0.0526315789473684,597.96,8b9c0475-b9bc-4ba3-9502-ccd88983b7eb
721533,2024-02-16,425.0,2024-01-09,524.0,-2.60526315789474,559.71,5827ff23-bbd1-48c7-a099-84122d168ac7
721538,2024-02-16,516.0,2024-01-09,506.0,0.263157894736842,538.71,6355ee6d-2b7f-41ef-a572-680669f2c8e8
721539,2024-02-16,544.0,2024-01-09,542.0,0.0526315789473684,577.87,dd5a21f8-7431-4713-ae6b-7b8bf03d74e0
721546,2024-02-16,510.0,2024-01-09,522.0,-0.315789473684211,557.94,848faff4-2437-43e4-b4ff-cd23fc286d2b
721548,2024-02-16,481.0,2024-01-09,472.0,0.236842105263158,507.66,9752003e-df4a-483c-ac38-ca254b62cb3a
504872,2023-02-09,328.0,2023-01-19,285.0,2.04761904761905,304.73,49122c85-c7e7-4c14-b789-01facd490b2b
504874,2023-02-09,361.0,2023-01-19,329.0,1.52380952380952,349.9,dbe16846-6952-4102-bf02-b1c8c8321952
504875,2023-02-09,342.0,2023-01-19,315.0,1.28571428571429,333.96,a080d453-0391-4fc0-a77a-0c6e2ccad31c
504878,2023-02-09,402.0,2023-01-19,359.0,2.04761904761905,378.95,3e8f638b-9280-49e7-82e8-bb295905f0dd
504884,2023-02-09,396.0,2023-01-19,368.0,1.33333333333333,388.06,a10906f3-e68c-4d8e-8c66-6fac44c07739
504901,2023-02-09,380.0,2023-01-19,355.0,1.19047619047619,373.05,2beefdc0-2da5-4ae5-9880-8b20ff078794
504910,2023-02-09,387.0,2023-01-19,357.0,1.42857142857143,375.28,ee190171-ca2b-4a88-9a71-86024433464c
446856,2022-11-09,258.0,2022-10-12,241.0,0.607142857142857,269.43,b8fef6d0-3114-4471-8203-fe0b324cf97b
446857,2022-11-09,273.0,2022-10-12,263.0,0.357142857142857,291.1,31eac5fd-2662-4c6b-8c19-c5278b07e200
446862,2022-11-09,301.0,2022-10-12,292.0,0.321428571428571,321.08,22a008b4-b9bd-45de-a1e6-3c3f9d0d67a1
446865,2022-11-09,276.0,2022-10-12,271.0,0.178571428571429,296.25,f068c0bd-12be-4798-b721-3fecbfd6f223
447194,2022-11-09,242.0,2022-10-12,222.0,0.714285714285714,251.12,948ac2a7-1ca1-4ac8-8d25-7c93a0f6e5b6
447198,2022-11-09,265.0,2022-10-12,240.0,0.892857142857143,265.91,a4e4c0c0-632c-43f9-8421-8fe59205c796
447205,2022-11-09,244.0,2022-10-12,221.0,0.821428571428571,247.65,0c0cc03b-31f2-43ba-b6f5-fdb2a834ca9c
447210,2022-11-09,246.0,2022-10-12,229.0,0.607142857142857,255.4,e90a213d-9214-47b8-97c5-b8f6516ee30d
447234,2022-11-09,257.0,2022-10-12,248.0,0.321428571428571,273.5,a080d453-0391-4fc0-a77a-0c6e2ccad31c
447239,2022-11-09,259.0,2022-10-12,237.0,0.785714285714286,262.95,65f487a5-84e6-477b-a155-72076465193a
225718,2021-11-25,195.0,2021-10-07,171.0,0.489795918367347,,9b006116-8236-457d-871d-e3f3c3130322
225734,2021-11-25,183.0,2021-10-07,163.0,0.408163265306122,196.0,ece8071f-80b9-44b2-b343-1056e4a79dfd
302696,2022-03-21,270.0,2022-02-07,230.0,0.952380952380952,269.81,36464cde-376e-4905-8e6e-2b9f5b50f6ac
302634,2022-03-21,252.0,2022-02-07,228.0,0.571428571428571,267.1,e23b1341-3436-4815-a65e-69f3eb8c1046
462685,2022-11-30,271.0,2022-11-09,257.0,0.666666666666667,271.0,a080d453-0391-4fc0-a77a-0c6e2ccad31c
462687,2022-11-30,307.0,2022-11-09,291.0,0.761904761904762,307.0,3e8f638b-9280-49e7-82e8-bb295905f0dd
462680,2022-11-30,270.0,2022-11-09,251.0,0.904761904761905,270.0,7f50ed19-0295-441d-be5c-b231333ed4df
462682,2022-11-30,241.0,2022-11-09,213.0,1.33333333333333,241.0,49122c85-c7e7-4c14-b789-01facd490b2b
462904,2022-11-30,276.0,2022-11-09,258.0,0.857142857142857,279.34,b8fef6d0-3114-4471-8203-fe0b324cf97b
462905,2022-11-30,305.0,2022-11-09,295.0,0.476190476190476,313.73,ee190171-ca2b-4a88-9a71-86024433464c
462681,2022-11-30,279.0,2022-11-09,276.0,0.142857142857143,279.0,f068c0bd-12be-4798-b721-3fecbfd6f223
462925,2022-11-30,311.0,2022-11-09,288.0,1.0952380952381,306.69,4bfe6032-bbe1-485e-8b29-2aa4a92ee6f1
462927,2022-11-30,274.0,2022-11-09,249.0,1.19047619047619,268.79,86713e67-6161-41a8-95f8-f95c594dbb50
462934,2022-11-30,302.0,2022-11-09,283.0,0.904761904761905,303.98,1493f341-3231-4c9c-950c-c623e9c53516
462943,2022-11-30,306.0,2022-11-09,283.0,1.0952380952381,303.97,6ec13b00-476e-4ff1-8735-3ab79b4fb9a5
462961,2022-11-30,265.0,2022-11-09,240.0,1.19047619047619,261.67,6e05d9d5-6117-4125-9f4f-e822e8849b14
462966,2022-11-30,283.0,2022-11-09,267.0,0.761904761904762,288.34,8c6748b0-8942-4ac3-8af2-95c9732c595c
462968,2022-11-30,294.0,2022-11-09,275.0,0.904761904761905,294.07,c6606413-32f6-48c4-bd0c-e975206ecfa6
475639,2022-12-21,375.0,2022-11-30,348.0,1.28571428571429,367.8,b299fe63-d3b1-4679-9697-3f264bd6a42f
475642,2022-12-21,296.0,2022-11-30,277.0,0.904761904761905,296.32,96b9f38e-c600-4cc4-ae8b-025b579bb6af
475685,2022-12-21,296.0,2022-11-30,278.0,0.857142857142857,299.39,dbe16846-6952-4102-bf02-b1c8c8321952
475689,2022-12-21,295.0,2022-11-30,279.0,0.761904761904762,298.43,f068c0bd-12be-4798-b721-3fecbfd6f223
475694,2022-12-21,272.0,2022-11-30,265.0,0.333333333333333,284.67,e90a213d-9214-47b8-97c5-b8f6516ee30d
475707,2022-12-21,311.0,2022-11-30,287.0,1.14285714285714,305.83,70924c60-c63e-4e77-a26a-78d3724cf761
475722,2022-12-21,298.0,2022-11-30,276.0,1.04761904761905,297.26,848faff4-2437-43e4-b4ff-cd23fc286d2b
475724,2022-12-21,221.0,2022-11-30,191.0,1.42857142857143,211.04,74927492-8cbb-4407-bdb9-f0925032cf04
691889,2024-01-09,500.0,2023-11-10,504.0,-0.0666666666666667,556.38,ead07cf1-8194-478d-a480-be209599e95e
692413,2024-01-09,524.0,2023-11-10,514.0,0.166666666666667,566.24,cd754558-e60b-4a7a-9aa5-4b729fb8add9
692418,2024-01-09,484.0,2023-11-10,486.0,-0.0333333333333333,538.11,ee190171-ca2b-4a88-9a71-86024433464c
692433,2024-01-09,536.0,2023-11-10,526.0,0.166666666666667,583.61,4deda364-678c-48ea-829a-a5c262f8083a
692437,2024-01-09,482.0,2023-11-10,478.0,0.0666666666666667,530.28,a4e4c0c0-632c-43f9-8421-8fe59205c796
692438,2024-01-09,466.0,2023-11-10,445.0,0.35,496.81,86713e67-6161-41a8-95f8-f95c594dbb50
692445,2024-01-09,470.0,2023-11-10,482.0,-0.2,539.56,948ac2a7-1ca1-4ac8-8d25-7c93a0f6e5b6
693245,2024-01-10,562.0,2023-11-20,530.0,0.627450980392157,576.53,8d717b40-9f9d-463e-b7e3-e7c788fac928
693246,2024-01-10,506.0,2023-11-20,461.0,0.882352941176471,509.47,32be6f70-14db-461a-9352-928509cc94c4
693248,2024-01-10,552.0,2023-11-20,532.0,0.392156862745098,578.11,66efe458-3762-40f8-a87b-9030804e95ae
693251,2024-01-10,504.0,2023-11-20,497.0,0.137254901960784,545.15,cfdfb14a-3366-4c5b-8864-1d42fed2f880
693256,2024-01-10,485.0,2023-11-20,465.0,0.392156862745098,509.62,c9cfd07f-691c-44f9-a79d-4baf6c9bb7a8
693266,2024-01-10,564.0,2023-11-20,562.0,0.0392156862745098,607.24,d03c4cdf-f657-4673-af80-115ec8a5ec0c
693267,2024-01-10,544.0,2023-11-20,516.0,0.549019607843137,563.33,c6b54f25-d981-48ec-9688-e054cc3247a6
693268,2024-01-10,600.0,2023-11-20,578.0,0.431372549019608,622.07,e94e99fc-298f-4651-9671-979d8af3d478
693284,2024-01-10,596.0,2023-11-20,604.0,-0.156862745098039,646.68,e687fdc4-f885-44f2-9fc0-825602ab3158
302664,2022-03-21,248.0,2022-02-07,203.0,1.07142857142857,244.41,9bf75b6b-81c9-491a-92eb-117622af2596
492038,2023-01-19,324.0,2022-12-21,291.0,1.13793103448276,317.51,80a38c8e-29a8-4129-9cf8-4d45b712730c
492043,2023-01-19,342.0,2022-12-21,308.0,1.17241379310345,336.79,52986aaa-9c04-4bfa-bfa1-4f19f07681cf
492045,2023-01-19,353.0,2022-12-21,321.0,1.10344827586207,349.5,dd5a21f8-7431-4713-ae6b-7b8bf03d74e0
492048,2023-01-19,337.0,2022-12-21,313.0,0.827586206896552,341.8,4deda364-678c-48ea-829a-a5c262f8083a
492175,2023-01-19,355.0,2022-12-21,322.0,1.13793103448276,347.38,2beefdc0-2da5-4ae5-9880-8b20ff078794
492185,2023-01-19,334.0,2022-12-21,311.0,0.793103448275862,336.79,7b7a7362-09be-4ab1-8de1-f0241d79eb80
492186,2023-01-19,356.0,2022-12-21,321.0,1.20689655172414,349.5,6ec13b00-476e-4ff1-8735-3ab79b4fb9a5
492197,2023-01-19,342.0,2022-12-21,315.0,0.931034482758621,343.79,5827ff23-bbd1-48c7-a099-84122d168ac7
492202,2023-01-19,344.0,2022-12-21,317.0,0.931034482758621,342.93,a404061e-eb28-4c3f-9e67-13926644ca07
492205,2023-01-19,372.0,2022-12-21,335.0,1.27586206896552,363.2,7ce69f8f-5ae4-40c1-80b2-d8399f1edb64
492207,2023-01-19,331.0,2022-12-21,300.0,1.06896551724138,326.29,c6606413-32f6-48c4-bd0c-e975206ecfa6
492515,2023-01-19,321.0,2022-12-21,287.0,1.17241379310345,316.49,66de2643-672c-42f4-aa55-0cb8af9bb980
492524,2023-01-19,294.0,2022-12-21,270.0,0.827586206896552,296.76,5b34f6b4-21f5-4ead-b8db-21a17ba34064
492533,2023-01-19,317.0,2022-12-21,284.0,1.13793103448276,313.28,6e05d9d5-6117-4125-9f4f-e822e8849b14
492734,2023-01-11,520.0,2022-09-05,436.0,0.65625,520.0,5da9847e-86bb-4739-886e-99a1a2b37a39
492738,2023-01-11,484.0,2022-09-05,393.0,0.7109375,484.0,b29855ea-fc76-473a-8eae-ef265ff062f0
271310,2022-02-03,235.0,2021-11-25,214.0,0.3,288.14,7c71a4e5-2aaa-4128-a459-d303465e217b
271316,2022-02-03,219.0,2021-11-25,210.0,0.128571428571429,277.66,7659379a-17a8-48ee-ae2a-51b8392be511
271323,2022-02-03,262.0,2021-11-25,243.0,0.271428571428571,309.25,599b5295-1660-48f7-8b1b-61494fe7fb8f
271329,2022-02-03,231.0,2021-11-25,228.0,0.0428571428571429,295.22,59a33b26-bd16-4e40-b289-7a163a96ff69
271334,2022-02-03,207.0,2021-11-25,208.0,-0.0142857142857143,282.28,10fc5193-b249-4c70-9526-c316b8991d10
270868,2022-02-03,256.0,2021-11-25,238.0,0.257142857142857,256.0,71576c82-e36a-4689-88ed-a32ce75cdf7b
272983,2022-02-07,263.0,2021-11-25,213.0,0.675675675675676,291.22,307b6a1b-c728-4bcc-acf4-136f654b4c79
272993,2022-02-07,219.0,2021-11-25,192.0,0.364864864864865,263.87,c9a0375a-6664-4bee-84dd-3a4bc874c716
273000,2022-02-07,242.0,2021-11-25,225.0,0.22972972972973,289.25,6dd09559-842f-400f-b1de-3e824510afc5
273001,2022-02-07,230.0,2021-11-25,205.0,0.337837837837838,282.94,18082121-85e5-4058-97cd-572766f087d5
273004,2022-02-07,189.0,2021-11-25,170.5,0.25,241.88,f2176e41-fb91-49b8-8d38-e7e6dc426909
273016,2022-02-07,203.0,2021-11-25,161.0,0.567567567567568,237.57,9bf75b6b-81c9-491a-92eb-117622af2596
273030,2022-02-07,195.0,2021-11-25,167.0,0.378378378378378,239.3,eb52a3f3-c890-4fd5-b34d-fb02216a103b
274537,2022-02-08,230.0,2022-02-03,219.0,2.2,223.81,f017d746-ba14-4e49-b447-a3386c36c339
274539,2022-02-08,226.0,2022-02-03,221.0,1.0,225.63,7d499dfe-a781-423e-b384-770d65785fe4
300570,2022-03-18,199.0,2022-02-24,203.0,-0.181818181818182,223.59,a1075b21-93bf-4250-83a2-27a2f1dfc7f7
302665,2022-03-21,259.0,2022-02-07,222.0,0.880952380952381,265.15,dbcd1a04-4d70-4bdb-8b2a-185d6ecf5849
721508,2024-02-16,548.0,2024-01-09,536.0,0.315789473684211,571.8,4deda364-678c-48ea-829a-a5c262f8083a
721519,2024-02-16,459.0,2024-01-09,443.0,0.421052631578947,474.92,5b34f6b4-21f5-4ead-b8db-21a17ba34064
721528,2024-02-16,542.0,2024-01-09,520.0,0.578947368421053,555.74,595efe9c-c095-4374-ad95-2777b5604f37
721529,2024-02-16,480.0,2024-01-09,479.0,0.0263157894736842,514.59,dbe16846-6952-4102-bf02-b1c8c8321952
721537,2024-02-16,572.0,2024-01-09,552.0,0.526315789473684,587.99,52986aaa-9c04-4bfa-bfa1-4f19f07681cf
721544,2024-02-16,554.0,2024-01-09,548.0,0.157894736842105,583.81,6f4331c8-c8f0-4235-a5e9-f26b2b3cf2a5
412472,2022-09-20,356.0,2022-08-02,318.0,0.775510204081633,359.86,7f2ed266-5e35-4217-b200-c4c24f9a5b81
412485,2022-09-20,342.0,2022-08-02,297.0,0.918367346938776,331.27,d135f560-fce2-4697-8472-475fa113bfa5
412486,2022-09-20,335.0,2022-08-02,312.0,0.469387755102041,356.27,30af59e6-1ced-4d0b-82af-c1b2c3b8562b
412530,2022-09-20,428.0,2022-08-02,396.0,0.653061224489796,444.39,75b8502a-448c-4253-8ac7-12128953c367
412533,2022-09-20,371.0,2022-08-02,353.0,0.36734693877551,396.95,9cdda4fd-c9b4-45b3-8ec7-ec1551598f99
412536,2022-09-20,366.0,2022-08-02,336.0,0.612244897959184,376.93,534fbf9d-f759-4dbf-be3d-7fae26224280
412548,2022-09-20,440.0,2022-08-02,391.0,1.0,439.72,4b315846-1c64-455c-9121-6e27c1dc4d9e
412553,2022-09-20,357.0,2022-08-02,313.0,0.897959183673469,352.43,c15bb521-f9e0-441f-aa0a-477371816bd4
412557,2022-09-20,360.0,2022-08-02,321.0,0.795918367346939,360.73,8cf7af38-5759-4525-aac2-96fdc0a6010d
412560,2022-09-20,400.0,2022-08-02,363.0,0.755102040816326,411.11,ce6db7ba-255e-43f3-ba67-5fcd4ceb5db6
412607,2022-09-20,352.0,2022-08-02,323.0,0.591836734693878,367.88,a1075b21-93bf-4250-83a2-27a2f1dfc7f7
300622,2022-03-18,234.0,2022-02-24,223.0,0.5,243.04,426d14b9-0224-42f6-a8c1-06220e03d3cc
285570,2022-02-24,209.0,2021-11-25,195.5,0.148351648351648,283.3,9cd00ee2-afcb-4465-b229-398e609e3a0d
302679,2022-03-21,239.0,2022-02-07,195.0,1.04761904761905,234.02,eb52a3f3-c890-4fd5-b34d-fb02216a103b
416651,2022-09-27,235.0,2022-08-29,210.0,0.862068965517241,,ef16d4b4-7d59-4678-b45c-05e8eb6e0f72
416654,2022-09-27,246.0,2022-08-29,225.0,0.724137931034483,,5827ff23-bbd1-48c7-a099-84122d168ac7
416671,2022-09-27,263.0,2022-08-29,235.0,0.96551724137931,,a735fec1-1d34-456a-b46a-db3893f104db
416702,2022-09-27,226.0,2022-08-29,200.0,0.896551724137931,,4ffa997c-8b3e-40af-a6d4-e806b0acef59
416706,2022-09-27,252.0,2022-08-29,230.0,0.758620689655172,,22a008b4-b9bd-45de-a1e6-3c3f9d0d67a1
416743,2022-09-27,225.0,2022-08-29,200.0,0.862068965517241,,0543830f-d978-435f-a6d2-3affb01aa83c
416744,2022-09-27,229.0,2022-08-29,210.0,0.655172413793103,,4df4bf16-ae17-462f-8f08-d54c9155eea1
416756,2022-09-27,230.0,2022-08-29,200.0,1.03448275862069,,c26a3485-77a8-4cc6-a174-9888a89537e1
416757,2022-09-27,269.0,2022-08-29,240.0,1.0,,5a9c9653-08d2-47df-b6b0-475855d5267a
416762,2022-09-27,208.0,2022-08-29,185.0,0.793103448275862,,de3527e5-ed46-41e0-9fb8-0166a9e21fe6
416774,2022-09-27,223.0,2022-08-29,205.0,0.620689655172414,,7b7a7362-09be-4ab1-8de1-f0241d79eb80
416776,2022-09-27,261.0,2022-08-29,220.0,1.41379310344828,,3e8f638b-9280-49e7-82e8-bb295905f0dd
416791,2022-09-27,180.0,2022-08-29,155.0,0.862068965517241,,6355ee6d-2b7f-41ef-a572-680669f2c8e8
416793,2022-09-27,204.0,2022-08-29,180.0,0.827586206896552,,70924c60-c63e-4e77-a26a-78d3724cf761
416795,2022-09-27,197.0,2022-08-29,200.0,-0.103448275862069,,affc71e8-ae23-49d1-b03c-15f85d55cb0a
285581,2022-02-24,219.0,2021-11-25,193.5,0.28021978021978,289.64,10505166-001b-47f2-b1e8-cbd9f1405ff1
300628,2022-03-18,228.0,2022-02-24,229.0,-0.0454545454545455,251.19,62b6642f-bab9-4187-baa2-c34c32f0da99
426561,2022-10-12,219.0,2022-09-23,193.0,1.36842105263158,219.0,c8e42b20-ae5c-4776-8eed-8b0bf6db4837
426546,2022-10-12,222.0,2022-09-23,190.0,1.68421052631579,222.0,948ac2a7-1ca1-4ac8-8d25-7c93a0f6e5b6
426567,2022-10-12,237.0,2022-09-23,192.0,2.36842105263158,237.0,65abafdc-a9b7-4f94-83ec-4bb255e44ec1
426631,2022-10-12,238.0,2022-09-23,223.0,0.789473684210526,238.0,7b7a7362-09be-4ab1-8de1-f0241d79eb80
426603,2022-10-12,263.0,2022-09-23,225.0,2.0,263.0,31eac5fd-2662-4c6b-8c19-c5278b07e200
426634,2022-10-12,273.0,2022-09-23,233.0,2.10526315789474,273.0,af928aaa-59f6-4056-ab3b-f9dcd1ac3aa4
426610,2022-10-12,263.0,2022-09-23,230.0,1.73684210526316,263.0,e372da76-027c-47f6-a629-7bd21120a292
426624,2022-10-12,284.0,2022-09-23,252.0,1.68421052631579,284.0,a10906f3-e68c-4d8e-8c66-6fac44c07739
652536,2023-11-10,496.0,2023-04-26,386.0,0.555555555555556,496.0,66de2643-672c-42f4-aa55-0cb8af9bb980
652599,2023-11-10,512.0,2023-04-26,419.0,0.46969696969697,512.0,e3824554-5f89-43a0-96ca-e64b62e6143b
652608,2023-11-10,512.0,2023-04-26,395.0,0.590909090909091,512.0,96b9f38e-c600-4cc4-ae8b-025b579bb6af
652637,2023-11-10,461.0,2023-04-26,370.0,0.45959595959596,461.0,e7881883-ad23-45b4-9d6f-d1ab18c297d9
652621,2023-11-10,514.0,2023-04-26,408.0,0.535353535353535,514.0,6ec13b00-476e-4ff1-8735-3ab79b4fb9a5
652636,2023-11-10,502.0,2023-04-26,375.0,0.641414141414141,502.0,ead78669-f157-494e-9345-a6a9d45ce623
225222,2021-11-25,213.0,2021-10-07,185.0,0.571428571428571,237.53,307b6a1b-c728-4bcc-acf4-136f654b4c79
225259,2021-11-25,192.0,2021-10-07,177.0,0.306122448979592,224.37,3cbdf922-6d25-4a37-96de-2c76d8e27744
225260,2021-11-25,206.0,2021-10-07,185.0,0.428571428571429,232.81,7cc80a5c-c9cd-4f94-9c03-206e273ba25e
225265,2021-11-25,171.0,2021-07-29,148.0,0.19327731092437,261.84,ecb70459-bb72-409e-92be-5b173681bbf8
225287,2021-11-25,232.0,2021-10-07,203.0,0.591836734693878,254.44,c2b35033-a714-4db3-964c-6b546bf7e6b5
225294,2021-11-25,203.0,2021-10-07,188.0,0.306122448979592,235.76,fc4288b4-5b7a-41b6-bede-bec057f584f7
225736,2021-11-25,231.0,2021-10-07,188.5,0.86734693877551,236.52,916570a8-fbaf-4e9b-a844-d09b852f14be
426616,2022-10-12,292.0,2022-09-23,252.0,2.10526315789474,292.0,22a008b4-b9bd-45de-a1e6-3c3f9d0d67a1
426565,2022-10-12,238.0,2022-09-23,210.0,1.47368421052632,238.0,7f50ed19-0295-441d-be5c-b231333ed4df
426568,2022-10-12,210.0,2022-09-23,174.0,1.89473684210526,210.0,e96b5f3d-1e36-4ce6-b1c1-d4a0d88a8fed
426592,2022-10-12,310.0,2022-09-23,277.0,1.73684210526316,310.0,6f4331c8-c8f0-4235-a5e9-f26b2b3cf2a5
426605,2022-10-12,289.0,2022-09-23,254.0,1.84210526315789,289.0,c415e974-0993-4a38-af16-caf9c7330113
300632,2022-03-18,277.0,2022-02-24,268.0,0.409090909090909,290.94,cc97acc9-d5e1-4c95-bca4-d9f54745241b
270873,2022-02-03,217.0,2021-11-25,200.0,0.242857142857143,217.0,c15bb521-f9e0-441f-aa0a-477371816bd4
225733,2021-11-25,190.5,2021-07-27,131.5,0.487603305785124,,4bf63f47-bd63-4c0c-a826-0028fa35bed7
300635,2022-03-18,260.0,2022-02-24,263.0,-0.136363636363636,285.92,460a6994-f926-4308-bf0c-b5a6381512f8
225758,2021-11-25,235.0,2021-10-07,199.0,0.73469387755102,,1214fada-f7ac-49f6-9fee-05ef8a6656d6
270841,2022-02-03,235.0,2021-11-25,231.0,0.0571428571428571,235.0,534fbf9d-f759-4dbf-be3d-7fae26224280
225763,2021-11-25,221.0,2021-10-07,171.5,1.01020408163265,,450110bf-06d1-4305-a82c-0dcdff2f8125
225726,2021-11-25,209.0,2021-10-07,169.0,0.816326530612245,,f017d746-ba14-4e49-b447-a3386c36c339
659472,2023-11-20,604.0,2023-08-02,496.0,0.981818181818182,592.02,e687fdc4-f885-44f2-9fc0-825602ab3158
659494,2023-11-20,486.0,2023-08-02,438.0,0.436363636363636,530.14,8091fa8e-1bbb-41fd-8b4f-ea355f640bc1
659495,2023-11-20,497.0,2023-08-02,429.0,0.618181818181818,521.33,7e8ee97b-b223-477a-84a9-baef1a5fdb03
659498,2023-11-20,548.0,2023-08-02,467.0,0.736363636363636,565.58,f6e6742d-ed4f-46bb-afda-c6db63cbd496
659524,2023-11-20,463.0,2023-08-02,396.0,0.609090909090909,492.69,756cb43f-663a-4181-ac7e-22d3b4fb3671
225754,2021-11-25,195.5,2021-10-07,179.0,0.336734693877551,,9cd00ee2-afcb-4465-b229-398e609e3a0d
225738,2021-11-25,230.0,2021-10-07,192.0,0.775510204081633,,3dde5fe3-7132-49f8-8373-deae64b515a6
446827,2022-11-09,249.0,2022-10-12,238.0,0.392857142857143,264.18,86713e67-6161-41a8-95f8-f95c594dbb50
446835,2022-11-09,315.0,2022-10-12,292.0,0.821428571428571,319.24,a735fec1-1d34-456a-b46a-db3893f104db
446838,2022-11-09,307.0,2022-10-12,287.0,0.714285714285714,311.72,d105e5cb-b6f8-4b0d-88cd-281fc47e0217
446846,2022-11-09,273.0,2022-10-12,253.0,0.714285714285714,278.75,4ffa997c-8b3e-40af-a6d4-e806b0acef59
446861,2022-11-09,271.0,2022-10-12,257.0,0.5,285.34,ef16d4b4-7d59-4678-b45c-05e8eb6e0f72
446863,2022-11-09,267.0,2022-10-12,250.0,0.607142857142857,278.42,8c6748b0-8942-4ac3-8af2-95c9732c595c
447191,2022-11-09,262.0,2022-10-12,243.0,0.678571428571429,271.44,de3527e5-ed46-41e0-9fb8-0166a9e21fe6
447211,2022-11-09,250.0,2022-10-12,231.0,0.678571428571429,259.53,21d3b7c7-03e3-4738-a154-50b6eb3355c0
447215,2022-11-09,263.0,2022-10-12,243.0,0.714285714285714,268.42,ead07cf1-8194-478d-a480-be209599e95e
447242,2022-11-09,242.0,2022-10-12,223.0,0.678571428571429,251.95,2990acf6-d45e-490e-a3c3-cf58884af2ab
447373,2022-11-09,251.0,2022-10-12,238.0,0.464285714285714,266.53,7f50ed19-0295-441d-be5c-b231333ed4df
225712,2021-11-25,200.0,2021-10-07,172.0,0.571428571428571,,c15bb521-f9e0-441f-aa0a-477371816bd4
302690,2022-03-21,246.0,2022-02-07,216.0,0.714285714285714,250.68,b036f307-872d-442c-b59b-a9ff98733ced
302692,2022-03-21,272.0,2022-02-07,228.0,1.04761904761905,268.37,8e899911-5d88-4ff5-bf15-7f86902cbdc3
225720,2021-11-25,243.0,2021-07-30,183.0,0.508474576271186,,599b5295-1660-48f7-8b1b-61494fe7fb8f
302700,2022-03-21,268.0,2022-02-07,226.0,1.0,265.44,271c4d38-15d9-48ac-9d7c-f50f342d820e
302643,2022-03-21,256.0,2022-02-07,220.0,0.857142857142857,255.75,d135f560-fce2-4697-8472-475fa113bfa5
302646,2022-03-21,286.0,2022-02-07,252.0,0.80952380952381,291.78,41bc9ba9-2733-4772-817d-d6c5e9bf2da9
462692,2022-11-30,320.0,2022-11-09,293.0,1.28571428571429,320.0,a10906f3-e68c-4d8e-8c66-6fac44c07739
462689,2022-11-30,284.0,2022-11-09,253.0,1.47619047619048,284.0,80a38c8e-29a8-4129-9cf8-4d45b712730c
462930,2022-11-30,270.0,2022-11-09,246.0,1.14285714285714,265.5,6355ee6d-2b7f-41ef-a572-680669f2c8e8
462936,2022-11-30,276.0,2022-11-09,259.0,0.80952380952381,280.43,9752003e-df4a-483c-ac38-ca254b62cb3a
462938,2022-11-30,291.0,2022-11-09,277.0,0.666666666666667,298.14,595efe9c-c095-4374-ad95-2777b5604f37
462944,2022-11-30,300.0,2022-11-09,277.0,1.0952380952381,298.18,5827ff23-bbd1-48c7-a099-84122d168ac7
462945,2022-11-30,321.0,2022-11-09,317.0,0.19047619047619,337.11,5a9c9653-08d2-47df-b6b0-475855d5267a
462948,2022-11-30,291.0,2022-11-09,271.0,0.952380952380952,292.34,ef16d4b4-7d59-4678-b45c-05e8eb6e0f72
462962,2022-11-30,298.0,2022-11-09,279.0,0.904761904761905,297.88,8359768c-46c9-42c5-83ab-58c32b1913ca
462972,2022-11-30,286.0,2022-11-09,274.0,0.571428571428571,294.91,6d2b90b8-67d7-428d-b09b-58f9a61f56eb
462979,2022-11-30,254.0,2022-11-09,231.0,1.0952380952381,253.17,9af8f6ea-f849-467f-852a-906c756939c5
302650,2022-03-21,308.0,2022-02-07,258.0,1.19047619047619,298.24,851fc06d-0ee6-4d88-858e-487cad378e00
302654,2022-03-21,244.0,2022-02-07,203.0,0.976190476190476,244.34,fe232bf8-1697-4993-9c1f-daab57c10edf
302659,2022-03-21,316.0,2022-02-07,270.0,1.0952380952381,313.72,b6f9888b-3cdd-4836-9eaf-8547b5545a71
475644,2022-12-21,285.0,2022-11-30,260.0,1.19047619047619,281.7,8647de4f-acec-43b4-b80a-7d367b40d2d1
475645,2022-12-21,343.0,2022-11-30,328.0,0.714285714285714,348.13,c415e974-0993-4a38-af16-caf9c7330113
475649,2022-12-21,297.0,2022-11-30,279.0,0.857142857142857,300.24,c26a3485-77a8-4cc6-a174-9888a89537e1
475651,2022-12-21,348.0,2022-11-30,336.0,0.571428571428571,356.06,f161da6c-1ac0-4ae0-a5ac-6a2e60cf25dd
475660,2022-12-21,317.0,2022-11-30,300.0,0.80952380952381,318.91,a404061e-eb28-4c3f-9e67-13926644ca07
475676,2022-12-21,308.0,2022-11-30,299.0,0.428571428571429,319.81,52986aaa-9c04-4bfa-bfa1-4f19f07681cf
475681,2022-12-21,329.0,2022-11-30,311.0,0.857142857142857,331.61,8b9c0475-b9bc-4ba3-9502-ccd88983b7eb
475695,2022-12-21,306.0,2022-11-30,280.0,1.23809523809524,301.39,65abafdc-a9b7-4f94-83ec-4bb255e44ec1
475697,2022-12-21,303.0,2022-11-30,282.0,1.0,301.09,c053432e-39c6-432c-b00a-701ea8574551
475711,2022-12-21,273.0,2022-11-30,260.0,0.619047619047619,281.56,2990acf6-d45e-490e-a3c3-cf58884af2ab
475717,2022-12-21,289.0,2022-11-30,279.0,0.476190476190476,300.02,2cc23a10-8a6c-4815-81e9-5c71c7a77914
475726,2022-12-21,260.0,2022-11-30,245.0,0.714285714285714,265.07,366a60c1-30e1-4940-bf1d-c16f4fe91684
691878,2024-01-09,542.0,2023-11-10,518.0,0.4,575.63,dd5a21f8-7431-4713-ae6b-7b8bf03d74e0
691884,2024-01-09,520.0,2023-11-10,510.0,0.166666666666667,567.51,595efe9c-c095-4374-ad95-2777b5604f37
691886,2024-01-09,473.0,2023-11-10,459.0,0.233333333333333,511.31,7b7a7362-09be-4ab1-8de1-f0241d79eb80
691891,2024-01-09,460.0,2023-11-10,431.0,0.483333333333333,483.25,fd5a7845-2b68-403b-b2ac-31b26a2cf779
691892,2024-01-09,548.0,2023-11-10,536.0,0.2,593.33,6f4331c8-c8f0-4235-a5e9-f26b2b3cf2a5
691903,2024-01-09,572.0,2023-11-10,556.0,0.266666666666667,611.55,5a9c9653-08d2-47df-b6b0-475855d5267a
691904,2024-01-09,480.0,2023-11-10,472.0,0.133333333333333,524.37,8359768c-46c9-42c5-83ab-58c32b1913ca
691912,2024-01-09,480.0,2023-11-10,471.0,0.15,522.95,4ffa997c-8b3e-40af-a6d4-e806b0acef59
692426,2024-01-09,453.0,2023-11-10,461.0,-0.133333333333333,513.66,affc71e8-ae23-49d1-b03c-15f85d55cb0a
692430,2024-01-09,504.0,2023-11-10,474.0,0.5,526.47,a080d453-0391-4fc0-a77a-0c6e2ccad31c
692435,2024-01-09,610.0,2023-11-10,584.0,0.433333333333333,637.39,3e8f638b-9280-49e7-82e8-bb295905f0dd
692439,2024-01-09,452.0,2023-11-10,467.0,-0.25,524.86,21d3b7c7-03e3-4738-a154-50b6eb3355c0
692441,2024-01-09,552.0,2023-11-10,574.0,-0.366666666666667,628.87,a10906f3-e68c-4d8e-8c66-6fac44c07739
692448,2024-01-09,532.0,2023-11-10,560.0,-0.466666666666667,609.2,771c01c2-a602-4d4c-a343-f35d6c78ec19
693247,2024-01-10,463.0,2023-11-20,464.0,-0.0196078431372549,508.19,6ece9069-1934-4c92-8796-7040873a14ee
693249,2024-01-10,588.0,2023-11-20,568.0,0.392156862745098,612.76,9d0a4414-f0cd-417a-b806-3718101636e0
693253,2024-01-10,554.0,2023-11-20,538.0,0.313725490196078,583.47,12c02466-05e7-4de5-a0e5-c271f0522dec
693254,2024-01-10,514.0,2023-11-20,483.0,0.607843137254902,531.6,514a09a0-717a-4891-97c9-d8fffd0163ce
693258,2024-01-10,512.0,2023-11-20,484.0,0.549019607843137,531.63,491059e2-2ef6-4f1d-83ce-2d6511898780
693280,2024-01-10,548.0,2023-11-20,524.0,0.470588235294118,571.02,98665798-dd78-4998-895f-085627726723
693281,2024-01-10,626.0,2023-11-20,608.0,0.352941176470588,650.27,c1487d4c-d260-4505-94c5-612aa52b3b88
492192,2023-01-19,332.0,2022-12-21,296.0,1.24137931034483,324.87,d4275e18-239e-4fda-a44b-647e248a73e2
492201,2023-01-19,378.0,2022-12-21,343.0,1.20689655172414,370.68,c415e974-0993-4a38-af16-caf9c7330113
492204,2023-01-19,390.0,2022-12-21,355.0,1.20689655172414,382.54,a735fec1-1d34-456a-b46a-db3893f104db
492508,2023-01-19,325.0,2022-12-21,298.0,0.931034482758621,324.1,db8e96cd-8a53-43b8-a241-6cebe548edc1
492523,2023-01-19,294.0,2022-12-21,265.0,1.0,292.06,e96b5f3d-1e36-4ce6-b1c1-d4a0d88a8fed
492528,2023-01-19,300.0,2022-12-21,275.0,0.862068965517241,304.97,9af8f6ea-f849-467f-852a-906c756939c5
492546,2023-01-19,329.0,2022-12-21,309.0,0.689655172413793,334.87,8359768c-46c9-42c5-83ab-58c32b1913ca
492731,2023-01-11,558.0,2022-09-05,480.0,0.609375,558.0,6648cc1b-183c-4027-85ab-6dc618fcbe51
493091,2023-01-11,488.0,2022-09-05,414.0,0.578125,488.0,18f97093-31a0-40be-930b-b9c9065e908f
271302,2022-02-03,204.0,2021-11-25,192.0,0.171428571428571,260.18,94e6e067-695a-4884-b9f2-ccd1b6d78a72
271309,2022-02-03,249.0,2021-11-25,239.0,0.142857142857143,305.91,92791ba9-9ef0-428c-8491-94a3d68cd64c
271317,2022-02-03,268.0,2021-11-25,248.0,0.285714285714286,313.91,54e8cc83-b361-481e-a243-c7da1171c9f1
271332,2022-02-03,231.0,2021-11-25,234.0,-0.0428571428571429,307.07,41d0e4b4-4f8b-4b75-9fc5-0d795b99d606
270847,2022-02-03,242.0,2021-11-25,218.0,0.342857142857143,242.0,4c28394a-6075-48a2-931f-ecb1cff20437
270888,2022-02-03,256.0,2021-11-25,249.0,0.1,256.0,cc97acc9-d5e1-4c95-bca4-d9f54745241b
270885,2022-02-03,200.0,2021-11-25,195.5,0.0642857142857143,200.0,f28c4440-3b18-4b5e-aa84-6d1c706b75bb
272967,2022-02-07,262.0,2021-11-25,239.0,0.310810810810811,315.74,a10fd2a0-c2de-43e9-b168-f9f1dd50e9a3
272968,2022-02-07,228.0,2021-11-25,202.0,0.351351351351351,273.14,468d9197-2e40-46dd-854d-47353c0a66af
272972,2022-02-07,255.0,2021-11-25,209.0,0.621621621621622,280.57,7236d2de-605d-48f3-8aab-b565d7ed1308
272977,2022-02-07,241.0,2021-11-25,211.0,0.405405405405405,289.2,4b315846-1c64-455c-9121-6e27c1dc4d9e
272985,2022-02-07,193.0,2021-11-25,153.5,0.533783783783784,222.3,0b44fb0a-839a-4381-91b8-f12e6d529818
272986,2022-02-07,256.0,2021-11-25,228.0,0.378378378378378,305.0,47d0b5d2-80dc-49ef-b8e6-a69628b876d3
272987,2022-02-07,239.0,2021-11-25,204.0,0.472972972972973,275.98,26781a67-e991-479c-948a-3ac8ed7c0c70
273009,2022-02-07,230.0,2021-11-25,203.0,0.364864864864865,274.79,36464cde-376e-4905-8e6e-2b9f5b50f6ac
273010,2022-02-07,239.0,2021-11-25,196.0,0.581081081081081,267.49,f72c65b9-046d-4017-996c-06a1c692ad07
273011,2022-02-07,237.0,2021-11-25,218.0,0.256756756756757,288.11,074dd80e-919b-49ca-a068-4fe4cbc338a5
273014,2022-02-07,244.0,2021-11-25,205.0,0.527027027027027,276.08,bd6b975e-0547-43f2-9e62-c8459e257806
273015,2022-02-07,219.0,2021-11-25,222.0,-0.0405405405405405,293.15,09b9adf2-df24-4e7b-8794-e4d923221da4
716285,2024-02-12,546.0,2024-01-09,516.0,0.882352941176471,545.27,2beefdc0-2da5-4ae5-9880-8b20ff078794
716293,2024-02-12,544.0,2024-01-09,528.0,0.470588235294118,557.32,ecb4d09b-7f83-4b96-9596-74e087374223
716294,2024-02-12,548.0,2024-01-09,524.0,0.705882352941177,553.01,cd754558-e60b-4a7a-9aa5-4b729fb8add9
721487,2024-02-16,558.0,2024-01-09,560.0,-0.0526315789473684,595.93,b299fe63-d3b1-4679-9697-3f264bd6a42f
721496,2024-02-16,488.0,2024-01-09,482.0,0.157894736842105,514.79,e590bf7f-85cf-4979-85dc-4ec647c22bd4
721497,2024-02-16,506.0,2024-01-09,452.0,1.42105263157895,487.55,21d3b7c7-03e3-4738-a154-50b6eb3355c0
721521,2024-02-16,411.0,2024-01-09,480.0,-1.81578947368421,512.48,8359768c-46c9-42c5-83ab-58c32b1913ca
721531,2024-02-16,495.0,2024-01-09,480.0,0.394736842105263,512.21,4ffa997c-8b3e-40af-a6d4-e806b0acef59
721536,2024-02-16,468.0,2024-01-09,479.0,-0.289473684210526,514.57,9af8f6ea-f849-467f-852a-906c756939c5
721551,2024-02-16,574.0,2024-01-09,546.0,0.736842105263158,578.5,85dba3b1-819b-4c61-b64c-9584d64f9236
721553,2024-02-16,439.0,2024-01-09,420.0,0.5,448.17,366a60c1-30e1-4940-bf1d-c16f4fe91684
504895,2023-02-09,411.0,2023-01-19,382.0,1.38095238095238,399.73,85dba3b1-819b-4c61-b64c-9584d64f9236
504903,2023-02-09,330.0,2023-01-19,300.0,1.42857142857143,321.46,8647de4f-acec-43b4-b80a-7d367b40d2d1
504907,2023-02-09,372.0,2023-01-19,332.0,1.9047619047619,352.52,d4275e18-239e-4fda-a44b-647e248a73e2
504912,2023-02-09,346.0,2023-01-19,338.0,0.380952380952381,356.75,4ffa997c-8b3e-40af-a6d4-e806b0acef59
504914,2023-02-09,346.0,2023-01-19,324.0,1.04761904761905,345.0,8c6748b0-8942-4ac3-8af2-95c9732c595c
505002,2023-02-09,328.0,2023-01-19,300.0,1.33333333333333,321.57,9af8f6ea-f849-467f-852a-906c756939c5
505005,2023-02-09,345.0,2023-01-19,316.0,1.38095238095238,336.88,417225e4-d671-486f-853e-685e0fa8c4d1
505007,2023-02-09,384.0,2023-01-19,352.0,1.52380952380952,370.19,4bfe6032-bbe1-485e-8b29-2aa4a92ee6f1
462940,2022-11-30,260.0,2022-11-09,244.0,0.761904761904762,265.78,8647de4f-acec-43b4-b80a-7d367b40d2d1
462942,2022-11-30,277.0,2022-11-09,266.0,0.523809523809524,285.29,96b9f38e-c600-4cc4-ae8b-025b579bb6af
462947,2022-11-30,328.0,2022-11-09,306.0,1.04761904761905,326.35,c415e974-0993-4a38-af16-caf9c7330113
462949,2022-11-30,284.0,2022-11-09,265.0,0.904761904761905,284.27,a4e4c0c0-632c-43f9-8421-8fe59205c796
462950,2022-11-30,283.0,2022-11-09,260.0,1.0952380952381,279.38,60abe2c3-a4a2-45a0-a1ac-6c050a23edc5
462953,2022-11-30,279.0,2022-11-09,254.0,1.19047619047619,275.3,2cc23a10-8a6c-4815-81e9-5c71c7a77914
462959,2022-11-30,287.0,2022-11-09,264.0,1.0952380952381,283.07,70924c60-c63e-4e77-a26a-78d3724cf761
462969,2022-11-30,279.0,2022-11-09,259.0,0.952380952380952,278.36,65f487a5-84e6-477b-a155-72076465193a
462973,2022-11-30,265.0,2022-11-09,246.0,0.904761904761905,265.81,e90a213d-9214-47b8-97c5-b8f6516ee30d
475637,2022-12-21,334.0,2022-11-30,321.0,0.619047619047619,341.29,5a9c9653-08d2-47df-b6b0-475855d5267a
475641,2022-12-21,298.0,2022-11-30,282.0,0.761904761904762,301.11,d5328262-ba23-45e6-8fb1-b7ef77d100a1
475643,2022-12-21,290.0,2022-11-30,276.0,0.666666666666667,297.32,9752003e-df4a-483c-ac38-ca254b62cb3a
475646,2022-12-21,355.0,2022-11-30,346.0,0.428571428571429,365.9,a735fec1-1d34-456a-b46a-db3893f104db
475648,2022-12-21,301.0,2022-11-30,288.0,0.619047619047619,307.2,4ffa997c-8b3e-40af-a6d4-e806b0acef59
475655,2022-12-21,315.0,2022-11-30,300.0,0.714285714285714,320.95,5827ff23-bbd1-48c7-a099-84122d168ac7
475657,2022-12-21,313.0,2022-11-30,297.0,0.761904761904762,317.97,4deda364-678c-48ea-829a-a5c262f8083a
475661,2022-12-21,300.0,2022-11-30,294.0,0.285714285714286,312.92,c6606413-32f6-48c4-bd0c-e975206ecfa6
475666,2022-12-21,296.0,2022-11-30,286.0,0.476190476190476,306.89,d4275e18-239e-4fda-a44b-647e248a73e2
475667,2022-12-21,254.0,2022-11-30,241.0,0.619047619047619,261.06,49122c85-c7e7-4c14-b789-01facd490b2b
475690,2022-12-21,297.0,2022-11-30,270.0,1.28571428571429,291.49,3a9fbcaf-2ad7-495c-9a65-8e2485c6d76f
475699,2022-12-21,263.0,2022-11-30,245.0,0.857142857142857,264.92,e7881883-ad23-45b4-9d6f-d1ab18c297d9
475703,2022-12-21,309.0,2022-11-30,294.0,0.714285714285714,312.59,ead07cf1-8194-478d-a480-be209599e95e
475716,2022-12-21,264.0,2022-11-30,245.0,0.904761904761905,264.72,8cb7b10f-7ecd-441a-bd83-48b7551a382f
475723,2022-12-21,287.0,2022-11-30,272.0,0.714285714285714,293.45,66de2643-672c-42f4-aa55-0cb8af9bb980
475725,2022-12-21,325.0,2022-11-30,294.0,1.47619047619048,312.83,af928aaa-59f6-4056-ab3b-f9dcd1ac3aa4
691868,2024-01-09,420.0,2023-11-10,407.0,0.216666666666667,456.14,366a60c1-30e1-4940-bf1d-c16f4fe91684
691887,2024-01-09,435.0,2023-11-10,423.0,0.2,475.24,c8e42b20-ae5c-4776-8eed-8b0bf6db4837
691898,2024-01-09,522.0,2023-11-10,512.0,0.166666666666667,564.28,e3824554-5f89-43a0-96ca-e64b62e6143b
691901,2024-01-09,522.0,2023-11-10,522.0,0.0,579.58,848faff4-2437-43e4-b4ff-cd23fc286d2b
691909,2024-01-09,560.0,2023-11-10,546.0,0.233333333333333,602.52,b299fe63-d3b1-4679-9697-3f264bd6a42f
692414,2024-01-09,512.0,2023-11-10,532.0,-0.333333333333333,583.92,d105e5cb-b6f8-4b0d-88cd-281fc47e0217
692419,2024-01-09,518.0,2023-11-10,518.0,0.0,575.5,65abafdc-a9b7-4f94-83ec-4bb255e44ec1
693250,2024-01-10,508.0,2023-11-20,486.0,0.431372549019608,533.94,157ee08f-816e-4235-8b88-a50e9d231a14
693252,2024-01-10,546.0,2023-11-20,522.0,0.470588235294118,568.23,5b682352-bfa0-4c57-9453-fd82e84a1a24
693283,2024-01-10,572.0,2023-11-20,554.0,0.352941176470588,599.44,0e506764-c4e0-45fc-a47a-71196819ccf8
492044,2023-01-19,373.0,2022-12-21,346.0,0.931034482758621,371.63,22a008b4-b9bd-45de-a1e6-3c3f9d0d67a1
492046,2023-01-19,371.0,2022-12-21,329.0,1.44827586206897,357.24,8b9c0475-b9bc-4ba3-9502-ccd88983b7eb
492052,2023-01-19,326.0,2022-12-21,297.0,1.0,326.17,3a9fbcaf-2ad7-495c-9a65-8e2485c6d76f
492180,2023-01-19,348.0,2022-12-21,314.0,1.17241379310345,340.08,e372da76-027c-47f6-a629-7bd21120a292
492200,2023-01-19,370.0,2022-12-21,334.0,1.24137931034483,361.95,5a9c9653-08d2-47df-b6b0-475855d5267a
492530,2023-01-19,289.0,2022-12-21,263.0,0.896551724137931,290.29,e7881883-ad23-45b4-9d6f-d1ab18c297d9
492532,2023-01-19,305.0,2022-12-21,273.0,1.10344827586207,302.71,2990acf6-d45e-490e-a3c3-cf58884af2ab
492536,2023-01-19,298.0,2022-12-21,264.0,1.17241379310345,290.98,8cb7b10f-7ecd-441a-bd83-48b7551a382f
492539,2023-01-19,319.0,2022-12-21,298.0,0.724137931034483,327.01,848faff4-2437-43e4-b4ff-cd23fc286d2b
492541,2023-01-19,293.0,2022-12-21,269.0,0.827586206896552,295.96,c8e42b20-ae5c-4776-8eed-8b0bf6db4837
492543,2023-01-19,328.0,2022-12-21,300.0,0.96551724137931,326.26,60abe2c3-a4a2-45a0-a1ac-6c050a23edc5
492544,2023-01-19,292.0,2022-12-21,260.0,1.10344827586207,287.67,0c0cc03b-31f2-43ba-b6f5-fdb2a834ca9c
492691,2023-01-19,358.0,2022-12-21,332.0,0.896551724137931,357.52,429ecd7c-7c76-4a7e-8ea2-a84b6db136b4
492726,2023-01-11,564.0,2022-09-05,469.0,0.7421875,564.0,76bd650b-ee38-480f-adbf-158e59b02bbc
492727,2023-01-11,536.0,2022-09-05,458.0,0.609375,536.0,d2a853cd-413f-4703-a2e0-b2fc553248df
492733,2023-01-11,544.0,2022-09-05,439.0,0.8203125,544.0,08f88e1f-7ee3-4c52-8876-47902e75bfc6
492748,2023-01-11,524.0,2022-09-05,439.0,0.6640625,524.0,203b30a2-6f9e-47a0-9da8-e7fa3c996eea
492749,2023-01-11,572.0,2022-09-05,494.0,0.609375,572.0,d8815721-4f0e-4ecd-8f48-5b7c0a0324ec
271306,2022-02-03,196.0,2021-11-25,194.5,0.0214285714285714,268.6,30af59e6-1ced-4d0b-82af-c1b2c3b8562b
270884,2022-02-03,246.0,2021-11-25,228.0,0.257142857142857,246.0,80d161ce-1387-4198-85dc-79933f2d6cdd
270872,2022-02-03,196.0,2021-11-25,183.0,0.185714285714286,196.0,ece8071f-80b9-44b2-b343-1056e4a79dfd
270875,2022-02-03,251.0,2021-11-25,247.0,0.0571428571428571,,da54e5a2-fbfb-4b1d-8ec7-c4d5f6ed26ed
272964,2022-02-07,229.0,2021-11-25,182.0,0.635135135135135,254.36,24961180-84c7-4b60-b86d-37c01b72f9b5
272981,2022-02-07,203.0,2021-11-25,175.0,0.378378378378378,253.67,0bb32681-df31-45cf-a36d-ba2f828fe7ef
272990,2022-02-07,252.0,2021-11-25,201.0,0.689189189189189,272.39,41bc9ba9-2733-4772-817d-d6c5e9bf2da9
272994,2022-02-07,226.0,2021-11-25,205.0,0.283783783783784,276.16,d87278e0-1e2b-4a28-8d73-9af8b7303792
273018,2022-02-07,210.0,2021-11-25,172.5,0.506756756756757,236.6,ee6baaff-0973-4bbd-950a-25e1b8fd9ffc
273023,2022-02-07,269.0,2021-11-25,215.0,0.72972972972973,293.21,c794a9a4-3712-45b8-9e13-539e9cc461f8
273029,2022-02-07,278.0,2021-11-25,226.0,0.702702702702703,303.93,75b8502a-448c-4253-8ac7-12128953c367
273031,2022-02-07,226.0,2021-11-25,193.0,0.445945945945946,264.66,271c4d38-15d9-48ac-9d7c-f50f342d820e
274536,2022-02-08,248.0,2022-02-03,236.0,2.4,240.74,3dde5fe3-7132-49f8-8373-deae64b515a6
274540,2022-02-08,254.0,2022-02-03,251.0,0.6,256.2,da54e5a2-fbfb-4b1d-8ec7-c4d5f6ed26ed
716287,2024-02-12,546.0,2024-01-09,532.0,0.411764705882353,561.25,af928aaa-59f6-4056-ab3b-f9dcd1ac3aa4
721485,2024-02-16,534.0,2024-01-09,526.0,0.210526315789474,562.27,ead78669-f157-494e-9345-a6a9d45ce623
721488,2024-02-16,560.0,2024-01-09,532.0,0.736842105263158,564.8,771c01c2-a602-4d4c-a343-f35d6c78ec19
721503,2024-02-16,500.0,2024-01-09,482.0,0.473684210526316,514.4,a4e4c0c0-632c-43f9-8421-8fe59205c796
721518,2024-02-16,572.0,2024-01-09,572.0,0.0,608.09,5a9c9653-08d2-47df-b6b0-475855d5267a
721535,2024-02-16,522.0,2024-01-09,506.0,0.421052631578947,541.73,6ec13b00-476e-4ff1-8735-3ab79b4fb9a5
721540,2024-02-16,516.0,2024-01-09,500.0,0.421052631578947,532.79,ead07cf1-8194-478d-a480-be209599e95e
721541,2024-02-16,481.0,2024-01-09,466.0,0.394736842105263,497.4,86713e67-6161-41a8-95f8-f95c594dbb50
721542,2024-02-16,441.0,2024-01-09,434.0,0.184210526315789,463.07,e90a213d-9214-47b8-97c5-b8f6516ee30d
721555,2024-02-16,435.0,2024-01-09,437.0,-0.0526315789473684,467.91,e96b5f3d-1e36-4ce6-b1c1-d4a0d88a8fed
504877,2023-02-09,362.0,2023-01-19,325.0,1.76190476190476,345.97,0543830f-d978-435f-a6d2-3affb01aa83c
504899,2023-02-09,396.0,2023-01-19,372.0,1.14285714285714,392.01,7ce69f8f-5ae4-40c1-80b2-d8399f1edb64
504902,2023-02-09,389.0,2023-01-19,356.0,1.57142857142857,376.27,6ec13b00-476e-4ff1-8735-3ab79b4fb9a5
504905,2023-02-09,377.0,2023-01-19,334.0,2.04761904761905,352.57,7b7a7362-09be-4ab1-8de1-f0241d79eb80
504906,2023-02-09,388.0,2023-01-19,356.0,1.52380952380952,374.25,4c8610c6-8f50-4673-9e16-e74aaccd83ec
505011,2023-02-09,379.0,2023-01-19,345.0,1.61904761904762,363.26,e3824554-5f89-43a0-96ca-e64b62e6143b
505012,2023-02-09,384.0,2023-01-19,354.0,1.42857142857143,372.15,af928aaa-59f6-4056-ab3b-f9dcd1ac3aa4
505018,2023-02-09,352.0,2023-01-19,325.0,1.28571428571429,343.71,db8e96cd-8a53-43b8-a241-6cebe548edc1
505020,2023-02-09,318.0,2023-01-19,293.0,1.19047619047619,312.4,c8e42b20-ae5c-4776-8eed-8b0bf6db4837
505036,2023-02-09,328.0,2023-01-19,298.0,1.42857142857143,319.48,948ac2a7-1ca1-4ac8-8d25-7c93a0f6e5b6
505612,2023-02-10,364.0,2023-01-19,318.0,2.09090909090909,339.95,7f50ed19-0295-441d-be5c-b231333ed4df
300572,2022-03-18,217.0,2022-02-24,215.0,0.0909090909090909,235.2,7f2ed266-5e35-4217-b200-c4c24f9a5b81
300579,2022-03-18,238.0,2022-02-24,238.0,0.0,260.9,82f1eae4-3385-4478-a5ea-70cd428474f3
300584,2022-03-18,241.0,2022-02-24,238.0,0.136363636363636,258.44,772e9de5-97ee-40e8-a68a-bea8a93d162b
300593,2022-03-18,229.0,2022-02-24,210.0,0.863636363636364,231.49,10fc5193-b249-4c70-9526-c316b8991d10
721554,2024-02-16,524.0,2024-01-09,526.0,-0.0526315789473684,558.81,70924c60-c63e-4e77-a26a-78d3724cf761
504869,2023-02-09,347.0,2023-01-19,324.0,1.0952380952381,342.87,80a38c8e-29a8-4129-9cf8-4d45b712730c
504871,2023-02-09,363.0,2023-01-19,337.0,1.23809523809524,357.74,4deda364-678c-48ea-829a-a5c262f8083a
504879,2023-02-09,411.0,2023-01-19,384.0,1.28571428571429,401.7,cd754558-e60b-4a7a-9aa5-4b729fb8add9
504882,2023-02-09,402.0,2023-01-19,371.0,1.47619047619048,390.92,8b9c0475-b9bc-4ba3-9502-ccd88983b7eb
504888,2023-02-09,407.0,2023-01-19,373.0,1.61904761904762,390.79,22a008b4-b9bd-45de-a1e6-3c3f9d0d67a1
504892,2023-02-09,371.0,2023-01-19,328.0,2.04761904761905,346.74,d5328262-ba23-45e6-8fb1-b7ef77d100a1
504894,2023-02-09,388.0,2023-01-19,348.0,1.9047619047619,366.54,e372da76-027c-47f6-a629-7bd21120a292
504897,2023-02-09,374.0,2023-01-19,342.0,1.52380952380952,362.67,5827ff23-bbd1-48c7-a099-84122d168ac7
504900,2023-02-09,451.0,2023-01-19,409.0,2.0,428.1,b299fe63-d3b1-4679-9697-3f264bd6a42f
504909,2023-02-09,380.0,2023-01-19,344.0,1.71428571428571,362.58,a404061e-eb28-4c3f-9e67-13926644ca07
505004,2023-02-09,362.0,2023-01-19,329.0,1.57142857142857,347.7,8359768c-46c9-42c5-83ab-58c32b1913ca
505014,2023-02-09,325.0,2023-01-19,312.0,0.619047619047619,331.28,e90a213d-9214-47b8-97c5-b8f6516ee30d
505030,2023-02-09,328.0,2023-01-19,305.0,1.0952380952381,326.22,2990acf6-d45e-490e-a3c3-cf58884af2ab
505031,2023-02-09,335.0,2023-01-19,320.0,0.714285714285714,340.76,2cc23a10-8a6c-4815-81e9-5c71c7a77914
505615,2023-02-10,590.0,2023-01-11,562.0,0.933333333333333,589.01,218bd92e-ebd1-4a38-b41f-16ad4f9033e7
300581,2022-03-18,243.0,2022-02-24,243.0,0.0,265.52,f7100a7e-adb5-4969-b1d3-c0a7dfd6e2b0
300582,2022-03-18,215.0,2022-02-24,219.0,-0.181818181818182,240.78,10505166-001b-47f2-b1e8-cbd9f1405ff1
300583,2022-03-18,296.0,2022-02-24,289.0,0.318181818181818,311.82,3ffa7e4d-232c-4d1d-b146-90ea8aa42803
300586,2022-03-18,229.0,2022-03-16,228.0,0.5,229.95,9b006116-8236-457d-871d-e3f3c3130322
300587,2022-03-18,188.0,2022-02-24,178.0,0.454545454545455,197.02,ed295c2d-7cbe-4cd9-9aa2-8d0117558505
512506,2023-02-23,542.0,2023-01-11,506.0,0.837209302325581,547.53,01b47142-7324-479e-8ce9-07b941d6c2fa
512512,2023-02-23,584.0,2023-01-11,572.0,0.27906976744186,610.27,d8815721-4f0e-4ecd-8f48-5b7c0a0324ec
512514,2023-02-23,495.0,2023-01-11,456.0,0.906976744186046,492.1,14a3a047-94a6-4279-859c-8ddd4a18e4f9
512516,2023-02-23,502.0,2023-01-11,471.0,0.720930232558139,507.28,91da0873-3472-45a1-b50d-ce73f41b76fc
512522,2023-02-23,600.0,2023-01-11,538.0,1.44186046511628,556.89,fedd8594-29e8-493a-a8db-9274a69d641e
512528,2023-02-23,357.0,2023-02-10,342.0,1.15384615384615,354.72,27a97a67-7d30-404c-b29d-e4c4eca9b907
512628,2023-02-23,368.0,2023-02-09,362.0,0.428571428571429,375.63,0543830f-d978-435f-a6d2-3affb01aa83c
512640,2023-02-23,388.0,2023-02-09,372.0,1.14285714285714,385.43,52986aaa-9c04-4bfa-bfa1-4f19f07681cf
512641,2023-02-23,414.0,2023-02-09,411.0,0.214285714285714,422.6,cd754558-e60b-4a7a-9aa5-4b729fb8add9
512644,2023-02-23,408.0,2023-02-09,407.0,0.0714285714285714,418.95,22a008b4-b9bd-45de-a1e6-3c3f9d0d67a1
513096,2023-02-24,391.0,2023-02-09,387.0,0.266666666666667,391.0,ee190171-ca2b-4a88-9a71-86024433464c
513091,2023-02-24,381.0,2023-02-09,377.0,0.266666666666667,381.0,7b7a7362-09be-4ab1-8de1-f0241d79eb80
513101,2023-02-24,416.0,2023-02-09,411.0,0.333333333333333,416.0,85dba3b1-819b-4c61-b64c-9584d64f9236
513105,2023-02-24,382.0,2023-02-09,360.0,1.46666666666667,382.0,c26a3485-77a8-4cc6-a174-9888a89537e1
513108,2023-02-24,390.0,2023-02-09,393.0,-0.2,390.0,d105e5cb-b6f8-4b0d-88cd-281fc47e0217
513100,2023-02-24,360.0,2023-02-09,346.0,0.933333333333333,360.0,4ffa997c-8b3e-40af-a6d4-e806b0acef59
513106,2023-02-24,410.0,2023-02-09,421.0,-0.733333333333333,410.0,6f4331c8-c8f0-4235-a5e9-f26b2b3cf2a5
513097,2023-02-24,376.0,2023-02-09,380.0,-0.266666666666667,376.0,a404061e-eb28-4c3f-9e67-13926644ca07
513636,2023-02-24,326.0,2023-02-09,325.0,0.0666666666666667,338.77,e90a213d-9214-47b8-97c5-b8f6516ee30d
513649,2023-02-24,319.0,2023-02-09,316.0,0.2,329.62,5b34f6b4-21f5-4ead-b8db-21a17ba34064
513658,2023-02-24,364.0,2023-02-09,358.0,0.4,372.49,a3c8002c-90b9-4997-a3ec-44db850810d2
513663,2023-02-24,329.0,2023-02-09,328.0,0.0666666666666667,343.18,9af8f6ea-f849-467f-852a-906c756939c5
513665,2023-02-24,342.0,2023-02-09,335.0,0.466666666666667,349.81,2cc23a10-8a6c-4815-81e9-5c71c7a77914
513672,2023-02-24,317.0,2023-02-09,314.0,0.2,327.72,e96b5f3d-1e36-4ce6-b1c1-d4a0d88a8fed
528435,2023-03-21,720.0,2023-02-01,692.0,0.583333333333333,,11263207-d29d-489f-a5a7-6b568b52a877
528437,2023-03-21,526.0,2023-02-01,485.0,0.854166666666667,525.44,d1d93cc0-ab7a-443d-ba74-9ebb08cc075d
528443,2023-03-21,350.0,2023-02-01,330.0,0.416666666666667,371.73,60e674d0-e1d3-420f-8dcb-d467ab8de307
528470,2023-03-21,732.0,2023-02-01,690.0,0.875,,c5363393-d5e9-4872-a524-8ccced4cb9f0
528485,2023-03-21,322.0,2023-02-01,278.0,0.916666666666667,326.01,0e506764-c4e0-45fc-a47a-71196819ccf8
528492,2023-03-21,360.0,2023-02-01,339.0,0.4375,387.43,3dbc8f17-1d17-4c76-9bb1-9526dbea57eb
528501,2023-03-21,343.0,2023-02-01,298.0,0.9375,344.83,6d596a9e-5671-4d92-aa86-a249ea51bada
528502,2023-03-21,578.0,2023-02-01,556.0,0.458333333333333,570.58,5f0b38b9-9bcb-41da-927f-6fc69d799da6
528521,2023-03-21,646.0,2023-02-01,634.0,0.25,662.83,325eb7e4-b176-4975-8c84-5d4579ee847f
528525,2023-03-21,307.0,2023-02-01,284.0,0.479166666666667,327.46,b676c359-5cc0-4f2f-b58f-377d679b4124
528533,2023-03-21,524.0,2023-02-01,518.0,0.125,529.57,67616e0e-e6d2-43a2-9526-8b0a24e8e6b2
528534,2023-03-21,652.0,2023-02-01,620.0,0.666666666666667,,2755185e-96a0-4910-896c-880d5d3393f6
528536,2023-03-21,278.0,2023-02-01,263.0,0.3125,307.09,fdb1ce61-da53-4554-836e-b54360cc188f
528537,2023-03-21,285.0,2023-02-01,273.0,0.25,319.71,06ab4e04-1447-47a0-9a20-a6f7573939c5
528538,2023-03-21,286.0,2023-02-01,252.0,0.708333333333333,296.28,3d789e18-25f3-4592-8c44-f9af9e5f68f4
528541,2023-03-21,464.0,2023-02-01,433.0,0.645833333333333,472.95,1f7500c8-97d2-44bd-929f-d86b87ef22a5
528544,2023-03-21,316.0,2023-02-01,294.0,0.458333333333333,341.06,ab7d9a4a-a3f4-489c-95f6-11ed678549b0
528548,2023-03-21,285.0,2023-02-01,312.0,-0.5625,357.87,9802cabc-4f24-4452-9029-d5bc8f5ee7f7
528554,2023-03-21,728.0,2023-02-01,718.0,0.208333333333333,,33a6e4d7-3dec-48b1-8024-5d1ddc66a318
528555,2023-03-21,251.0,2023-02-01,239.0,0.25,287.63,267387f8-faea-4f92-b0e4-8de10af42b56
528558,2023-03-21,272.0,2023-02-01,290.0,-0.375,332.16,fdb94142-da49-4be5-aca8-e9907e181a10
528567,2023-03-21,383.0,2023-02-01,348.0,0.729166666666667,395.25,77a8fede-fe53-4197-a802-58c5ebf0708d
528573,2023-03-21,291.0,2023-02-01,269.0,0.458333333333333,312.11,4e682816-8f5e-404b-954a-af25eeeb20c7
172856,2021-07-30,155.0,2021-06-25,120.0,1.0,,100df59b-ccad-4d8e-903d-1734692290b9
172865,2021-05-24,80.0,2021-05-04,61.0,0.95,,677f0633-2c4e-4df8-9436-d7ce9fee055f
172883,2021-07-30,154.0,2021-05-24,85.0,1.02985074626866,,ecb127fd-6380-42bb-8622-d9815649ef65
172867,2021-07-30,170.0,2021-07-13,150.0,1.17647058823529,,94ef4975-18ad-47fc-ad00-47860bfe378d
172875,2021-07-30,182.0,2021-06-25,145.0,1.05714285714286,,1979ed3c-5f0a-434b-915d-2eab9ada0d43
172845,2021-07-30,158.0,2021-07-27,154.0,1.33333333333333,,b036f307-872d-442c-b59b-a9ff98733ced
172847,2021-07-30,183.0,2021-07-27,179.0,1.33333333333333,,599b5295-1660-48f7-8b1b-61494fe7fb8f
341077,2022-05-11,300.0,2022-03-21,259.0,0.803921568627451,310.37,9a5d8d16-4004-4585-b500-3484bf8d8cd2
341086,2022-05-11,317.0,2022-03-21,310.0,0.137254901960784,362.25,94ef4975-18ad-47fc-ad00-47860bfe378d
341091,2022-05-11,284.0,2022-03-18,256.0,0.518518518518518,304.41,4c28394a-6075-48a2-931f-ecb1cff20437
341092,2022-05-11,304.0,2022-03-21,267.0,0.725490196078431,313.51,9fbc75c7-95a5-4223-af2b-fe49dbdebecc
341409,2022-05-12,284.0,2022-03-18,248.0,0.654545454545455,299.83,f017d746-ba14-4e49-b447-a3386c36c339
341410,2022-05-12,257.0,2022-03-18,238.0,0.345454545454545,288.26,7a6f5768-be48-4a27-a956-c1582edef8bd
341423,2022-05-12,287.0,2022-03-21,278.0,0.173076923076923,327.3,3cbdf922-6d25-4a37-96de-2c76d8e27744
341455,2022-05-12,272.0,2022-03-18,238.0,0.618181818181818,286.99,ea36d045-53e6-4411-a6ae-bd9a9ddc3678
341459,2022-05-12,302.0,2022-03-21,276.0,0.5,324.97,26781a67-e991-479c-948a-3ac8ed7c0c70
341463,2022-05-12,278.0,2022-03-21,244.0,0.653846153846154,295.86,fe232bf8-1697-4993-9c1f-daab57c10edf
341464,2022-05-12,299.0,2022-03-21,274.0,0.480769230769231,323.34,b2376ee4-76ce-4671-bc98-393e4fc51a22
341469,2022-05-12,272.0,2022-03-21,264.0,0.153846153846154,312.71,ecb70459-bb72-409e-92be-5b173681bbf8
341471,2022-05-12,315.0,2022-03-21,287.0,0.538461538461538,340.28,c5ea6027-1812-4e5b-a236-900372433c03
341473,2022-05-12,229.0,2022-03-18,203.0,0.472727272727273,252.98,cb9947fa-0f01-4d11-a616-60c4c9d8a78c
341477,2022-05-12,295.0,2022-03-21,273.0,0.423076923076923,321.33,09b9adf2-df24-4e7b-8794-e4d923221da4
341481,2022-05-12,272.0,2022-03-21,251.0,0.403846153846154,304.62,0bb32681-df31-45cf-a36d-ba2f828fe7ef
341482,2022-05-12,302.0,2022-03-21,271.0,0.596153846153846,319.83,fc505bba-136b-44a0-8a3a-3694fbf7a83d
225753,2021-11-25,208.0,2021-10-07,276.0,-1.38775510204082,,82f1eae4-3385-4478-a5ea-70cd428474f3
302638,2022-03-21,255.0,2022-02-07,219.0,0.857142857142857,257.98,dc6105c9-f04e-4a6a-8b18-5aed301814a3
302699,2022-03-21,291.0,2022-02-07,241.0,1.19047619047619,284.86,4b315846-1c64-455c-9121-6e27c1dc4d9e
302641,2022-03-21,269.0,2022-02-07,235.0,0.80952380952381,274.51,fc4288b4-5b7a-41b6-bede-bec057f584f7
462903,2022-11-30,331.0,2022-11-09,306.0,1.19047619047619,326.55,7ce69f8f-5ae4-40c1-80b2-d8399f1edb64
462906,2022-11-30,300.0,2022-11-09,279.0,1.0,298.1,a404061e-eb28-4c3f-9e67-13926644ca07
462918,2022-11-30,274.0,2022-11-09,252.0,1.04761904761905,273.37,417225e4-d671-486f-853e-685e0fa8c4d1
462939,2022-11-30,278.0,2022-11-09,263.0,0.714285714285714,282.01,04f40950-8f7b-4a22-a185-b632991f5d1a
462941,2022-11-30,333.0,2022-11-09,313.0,0.952380952380952,331.34,85dba3b1-819b-4c61-b64c-9584d64f9236
462958,2022-11-30,285.0,2022-11-09,262.0,1.0952380952381,283.31,de3527e5-ed46-41e0-9fb8-0166a9e21fe6
462965,2022-11-30,348.0,2022-11-09,325.0,1.0952380952381,345.04,b299fe63-d3b1-4679-9697-3f264bd6a42f
302656,2022-03-21,267.0,2021-11-25,195.5,0.616379310344828,304.36,9fbc75c7-95a5-4223-af2b-fe49dbdebecc
475647,2022-12-21,335.0,2022-11-30,331.0,0.19047619047619,351.26,7ce69f8f-5ae4-40c1-80b2-d8399f1edb64
475665,2022-12-21,320.0,2022-11-30,318.0,0.0952380952380952,336.52,d105e5cb-b6f8-4b0d-88cd-281fc47e0217
475673,2022-12-21,294.0,2022-11-30,276.0,0.857142857142857,297.22,b8fef6d0-3114-4471-8203-fe0b324cf97b
475682,2022-12-21,304.0,2022-11-30,290.0,0.666666666666667,311.06,4df4bf16-ae17-462f-8f08-d54c9155eea1
475701,2022-12-21,265.0,2022-11-30,246.0,0.904761904761905,265.77,e96b5f3d-1e36-4ce6-b1c1-d4a0d88a8fed
475706,2022-12-21,284.0,2022-11-30,265.0,0.904761904761905,286.39,6e05d9d5-6117-4125-9f4f-e822e8849b14
691866,2024-01-09,522.0,2023-11-10,512.0,0.166666666666667,564.42,96b9f38e-c600-4cc4-ae8b-025b579bb6af
691888,2024-01-09,506.0,2023-11-10,479.0,0.45,531.61,6355ee6d-2b7f-41ef-a572-680669f2c8e8
691894,2024-01-09,434.0,2023-11-10,441.0,-0.116666666666667,492.85,e90a213d-9214-47b8-97c5-b8f6516ee30d
691899,2024-01-09,552.0,2023-11-10,546.0,0.1,602.26,52986aaa-9c04-4bfa-bfa1-4f19f07681cf
691900,2024-01-09,468.0,2023-11-10,440.0,0.466666666666667,497.59,6e05d9d5-6117-4125-9f4f-e822e8849b14
692416,2024-01-09,488.0,2023-11-10,473.0,0.25,530.83,417225e4-d671-486f-853e-685e0fa8c4d1
692442,2024-01-09,514.0,2023-11-10,538.0,-0.4,589.32,4c8610c6-8f50-4673-9e16-e74aaccd83ec
693257,2024-01-10,550.0,2023-11-20,534.0,0.313725490196078,580.23,81d6091a-fb13-4559-a689-bb34b89045e7
693261,2024-01-10,564.0,2023-08-02,490.0,0.459627329192547,630.86,12356013-1e9f-452e-9cd8-944d0d18661b
693271,2024-01-10,538.0,2023-11-20,518.0,0.392156862745098,564.68,5902ff4e-3a0a-4272-84cf-c15cf171b168
693272,2024-01-10,568.0,2023-11-20,558.0,0.196078431372549,603.33,74084c98-30a8-4eca-824a-121bab8f4efd
693274,2024-01-10,556.0,2023-11-20,528.0,0.549019607843137,574.1,f4dfe99b-1e2d-40ba-ba45-126c7aab45a0
693278,2024-01-10,506.0,2023-11-20,504.0,0.0392156862745098,551.97,ab7d9a4a-a3f4-489c-95f6-11ed678549b0
693285,2024-01-10,474.0,2023-11-20,466.0,0.156862745098039,516.01,a694373f-b174-4894-9cd6-698944cef4b3
693286,2024-01-10,548.0,2023-11-20,526.0,0.431372549019608,572.49,9802cabc-4f24-4452-9029-d5bc8f5ee7f7
693287,2024-01-10,564.0,2023-11-20,556.0,0.156862745098039,600.57,a05c4d98-4083-4591-b168-f13b68fb3716
300569,2022-03-18,273.0,2022-02-24,273.0,0.0,295.8,dfe4916e-fbf0-4218-9227-3c1b173154e7
492051,2023-01-19,326.0,2022-12-21,295.0,1.06896551724138,321.68,f068c0bd-12be-4798-b721-3fecbfd6f223
492174,2023-01-19,341.0,2022-12-21,317.0,0.827586206896552,345.77,ef16d4b4-7d59-4678-b45c-05e8eb6e0f72
492177,2023-01-19,382.0,2022-12-21,351.0,1.06896551724138,375.88,85dba3b1-819b-4c61-b64c-9584d64f9236
492190,2023-01-19,356.0,2022-12-21,322.0,1.17241379310345,347.32,771c01c2-a602-4d4c-a343-f35d6c78ec19
492195,2023-01-19,384.0,2022-12-21,358.0,0.896551724137931,385.47,6f4331c8-c8f0-4235-a5e9-f26b2b3cf2a5
492206,2023-01-19,382.0,2022-12-21,348.0,1.17241379310345,375.67,f161da6c-1ac0-4ae0-a5ac-6a2e60cf25dd
492522,2023-01-19,331.0,2022-12-21,295.0,1.24137931034483,323.96,a3c8002c-90b9-4997-a3ec-44db850810d2
492526,2023-01-19,349.0,2022-12-21,306.0,1.48275862068966,331.85,ecb4d09b-7f83-4b96-9596-74e087374223
492527,2023-01-19,298.0,2022-12-21,269.0,1.0,298.97,948ac2a7-1ca1-4ac8-8d25-7c93a0f6e5b6
492535,2023-01-19,315.0,2022-12-21,296.0,0.655172413793103,322.38,a4e4c0c0-632c-43f9-8421-8fe59205c796
492538,2023-01-19,335.0,2022-12-21,299.0,1.24137931034483,324.87,04f40950-8f7b-4a22-a185-b632991f5d1a
492547,2023-01-19,337.0,2022-12-21,305.0,1.10344827586207,333.63,6d2b90b8-67d7-428d-b09b-58f9a61f56eb
492686,2023-01-19,319.0,2022-12-21,283.0,1.24137931034483,309.38,affc71e8-ae23-49d1-b03c-15f85d55cb0a
492687,2023-01-19,318.0,2022-12-21,287.0,1.06896551724138,316.31,7f50ed19-0295-441d-be5c-b231333ed4df
492739,2023-01-11,560.0,2022-09-05,469.0,0.7109375,560.0,d3cd4678-7a06-4fbf-a34f-840eaa69dc25
271301,2022-02-03,227.0,2021-11-25,230.0,-0.0428571428571429,303.36,5f093683-cd91-483a-9d7c-0a85462dcb21
271305,2022-02-03,198.0,2021-11-25,195.5,0.0357142857142857,263.24,9cd00ee2-afcb-4465-b229-398e609e3a0d
271307,2022-02-03,269.0,2021-11-25,251.0,0.257142857142857,323.13,3ffa7e4d-232c-4d1d-b146-90ea8aa42803
271312,2022-02-03,194.0,2021-11-25,178.5,0.221428571428571,252.46,cb9947fa-0f01-4d11-a616-60c4c9d8a78c
271325,2022-02-03,263.0,2021-11-25,253.0,0.142857142857143,324.99,204c79ea-7f9a-443f-866f-6005b2594f18
271330,2022-02-03,236.0,2021-11-25,230.0,0.0857142857142857,,3dde5fe3-7132-49f8-8373-deae64b515a6
270845,2022-02-03,243.0,2021-11-25,244.0,-0.0142857142857143,243.0,ce6db7ba-255e-43f3-ba67-5fcd4ceb5db6
272969,2022-02-07,253.0,2021-11-25,234.0,0.256756756756757,309.99,94ef4975-18ad-47fc-ad00-47860bfe378d
272971,2022-02-07,211.0,2021-11-25,195.0,0.216216216216216,267.05,10675540-984d-4638-a65f-c875e78dd191
272974,2022-02-07,233.0,2021-11-25,202.0,0.418918918918919,266.46,576abf73-7ebd-4b36-82cd-13dcc5ae96a2
272980,2022-02-07,217.0,2021-11-25,195.5,0.290540540540541,266.56,5cd4959d-1f34-4ad0-9ee9-6ff829f0d823
272984,2022-02-07,233.0,2021-11-25,209.0,0.324324324324324,280.08,3f0f81b1-2459-4fa3-954b-08cbda4f0c9c
272996,2022-02-07,186.0,2021-11-25,169.0,0.22972972972973,236.91,d15dbda9-1a3e-44fc-9061-2a7a7f1e792d
273017,2022-02-07,256.0,2021-11-25,222.0,0.459459459459459,286.61,9a9b9363-b686-4e83-98f9-b10345d17857
273022,2022-02-07,258.0,2021-11-25,216.0,0.567567567567568,294.22,3e3814ed-dd36-4f8f-a95b-c83696470c1e
273033,2022-02-07,214.0,2021-11-25,195.5,0.25,267.69,a696591b-d1de-4f1e-bfdf-9d68a0d691cb
721483,2024-02-16,481.0,2024-01-09,484.0,-0.0789473684210526,516.27,ee190171-ca2b-4a88-9a71-86024433464c
721492,2024-02-16,518.0,2024-01-09,488.0,0.789473684210526,523.96,417225e4-d671-486f-853e-685e0fa8c4d1
721493,2024-02-16,524.0,2024-01-09,514.0,0.263157894736842,549.8,66de2643-672c-42f4-aa55-0cb8af9bb980
721502,2024-02-16,526.0,2024-01-09,506.0,0.526315789473684,538.57,4bfe6032-bbe1-485e-8b29-2aa4a92ee6f1
721512,2024-02-16,544.0,2024-01-09,524.0,0.526315789473684,559.99,b8fef6d0-3114-4471-8203-fe0b324cf97b
721513,2024-02-16,514.0,2024-01-09,512.0,0.0526315789473684,544.33,e372da76-027c-47f6-a629-7bd21120a292
721517,2024-02-16,610.0,2024-01-09,576.0,0.894736842105263,611.43,31eac5fd-2662-4c6b-8c19-c5278b07e200
721526,2024-02-16,449.0,2024-01-09,460.0,-0.289473684210526,492.45,fd5a7845-2b68-403b-b2ac-31b26a2cf779
721527,2024-02-16,460.0,2024-01-09,458.0,0.0526315789473684,490.36,db8e96cd-8a53-43b8-a241-6cebe548edc1
721543,2024-02-16,524.0,2024-01-09,488.0,0.947368421052632,520.23,429ecd7c-7c76-4a7e-8ea2-a84b6db136b4
504876,2023-02-09,357.0,2023-01-19,326.0,1.47619047619048,346.89,3a9fbcaf-2ad7-495c-9a65-8e2485c6d76f
504885,2023-02-09,355.0,2023-01-19,323.0,1.52380952380952,343.93,9752003e-df4a-483c-ac38-ca254b62cb3a
504891,2023-02-09,390.0,2023-01-19,357.0,1.57142857142857,376.85,31eac5fd-2662-4c6b-8c19-c5278b07e200
504913,2023-02-09,371.0,2023-01-19,341.0,1.42857142857143,361.72,ef16d4b4-7d59-4678-b45c-05e8eb6e0f72
504917,2023-02-09,351.0,2023-01-19,331.0,0.952380952380952,349.76,c6606413-32f6-48c4-bd0c-e975206ecfa6
504919,2023-02-09,411.0,2023-01-19,390.0,1.0,409.58,a735fec1-1d34-456a-b46a-db3893f104db
505008,2023-02-09,365.0,2023-01-19,334.0,1.47619047619048,354.63,de3527e5-ed46-41e0-9fb8-0166a9e21fe6
505026,2023-02-09,363.0,2023-01-19,327.0,1.71428571428571,345.52,ead07cf1-8194-478d-a480-be209599e95e
302667,2022-03-21,291.0,2022-02-07,240.0,1.21428571428571,283.7,966d5a86-1e7d-484c-a63e-ee9ec060e269
300574,2022-03-18,239.0,2022-02-24,233.0,0.272727272727273,255.18,5f093683-cd91-483a-9d7c-0a85462dcb21
300589,2022-03-18,238.0,2022-02-24,231.0,0.318181818181818,253.74,dc2df3cb-1e9f-4439-a29d-65eec0e61960
300592,2022-03-18,276.0,2022-02-24,280.0,-0.181818181818182,302.8,204c79ea-7f9a-443f-866f-6005b2594f18
512503,2023-02-23,614.0,2023-01-11,568.0,1.06976744186047,605.97,63045f85-41d1-474e-bef0-adbc44b63099
512508,2023-02-23,566.0,2023-01-11,518.0,1.11627906976744,558.5,4db75807-35e2-485f-a7b2-612e30fec7be
512518,2023-02-23,622.0,2023-01-11,592.0,0.697674418604651,629.34,9a51e268-9319-4753-93c9-988ca6643094
512519,2023-02-23,562.0,2023-01-11,535.0,0.627906976744186,574.47,285cade1-158a-4875-8602-002fd7bfc4b6
462908,2022-11-30,286.0,2022-11-09,261.0,1.19047619047619,282.17,d4275e18-239e-4fda-a44b-647e248a73e2
462915,2022-11-30,259.0,2022-11-09,238.0,1.0,257.69,c8e42b20-ae5c-4776-8eed-8b0bf6db4837
462920,2022-11-30,314.0,2022-11-09,297.0,0.80952380952381,315.41,2beefdc0-2da5-4ae5-9880-8b20ff078794
462922,2022-11-30,286.0,2022-11-09,264.0,1.04761904761905,283.13,ecb4d09b-7f83-4b96-9596-74e087374223
462924,2022-11-30,245.0,2022-11-09,226.0,0.904761904761905,246.06,e7881883-ad23-45b4-9d6f-d1ab18c297d9
462926,2022-11-30,279.0,2022-11-09,259.0,0.952380952380952,280.25,a3c8002c-90b9-4997-a3ec-44db850810d2
462937,2022-11-30,259.0,2022-11-09,242.0,0.80952380952381,263.8,948ac2a7-1ca1-4ac8-8d25-7c93a0f6e5b6
462952,2022-11-30,280.0,2022-11-09,260.0,0.952380952380952,281.56,65abafdc-a9b7-4f94-83ec-4bb255e44ec1
302649,2022-03-21,273.0,2022-02-07,239.0,0.80952380952381,278.79,f72c65b9-046d-4017-996c-06a1c692ad07
462970,2022-11-30,260.0,2022-11-09,242.0,0.857142857142857,263.69,2990acf6-d45e-490e-a3c3-cf58884af2ab
462971,2022-11-30,282.0,2022-11-09,263.0,0.904761904761905,282.23,c053432e-39c6-432c-b00a-701ea8574551
302652,2022-03-21,263.0,2022-02-07,226.0,0.880952380952381,265.49,d87278e0-1e2b-4a28-8d73-9af8b7303792
302653,2022-03-21,310.0,2022-02-07,278.0,0.761904761904762,321.71,75b8502a-448c-4253-8ac7-12128953c367
302655,2022-03-21,272.0,2022-02-07,211.0,1.45238095238095,250.16,10675540-984d-4638-a65f-c875e78dd191
302657,2022-03-21,261.0,2022-02-07,217.0,1.04761904761905,254.76,74c7e86f-14d9-4ca4-85c8-02fbbdc21fec
475638,2022-12-21,316.0,2022-11-30,308.0,0.380952380952381,326.66,4c8610c6-8f50-4673-9e16-e74aaccd83ec
475652,2022-12-21,322.0,2022-11-30,309.0,0.619047619047619,327.38,771c01c2-a602-4d4c-a343-f35d6c78ec19
475653,2022-12-21,324.0,2022-11-30,305.0,0.904761904761905,323.78,ee190171-ca2b-4a88-9a71-86024433464c
475654,2022-12-21,322.0,2022-11-30,314.0,0.380952380952381,332.3,2beefdc0-2da5-4ae5-9880-8b20ff078794
475659,2022-12-21,387.0,2022-11-30,367.0,0.952380952380952,386.56,ce4d4f46-2b0a-4a6e-9ab5-679659c5557a
475668,2022-12-21,289.0,2022-11-30,274.0,0.714285714285714,293.5,86713e67-6161-41a8-95f8-f95c594dbb50
475670,2022-12-21,298.0,2022-11-30,280.0,0.857142857142857,301.31,0543830f-d978-435f-a6d2-3affb01aa83c
475672,2022-12-21,303.0,2022-11-30,296.0,0.333333333333333,316.56,31eac5fd-2662-4c6b-8c19-c5278b07e200
475677,2022-12-21,284.0,2022-11-30,266.0,0.857142857142857,287.19,ead78669-f157-494e-9345-a6a9d45ce623
475678,2022-12-21,291.0,2022-11-30,284.0,0.333333333333333,303.11,80a38c8e-29a8-4129-9cf8-4d45b712730c
475688,2022-12-21,334.0,2022-11-30,320.0,0.666666666666667,340.47,a10906f3-e68c-4d8e-8c66-6fac44c07739
475691,2022-12-21,301.0,2022-11-30,285.0,0.761904761904762,306.07,de3527e5-ed46-41e0-9fb8-0166a9e21fe6
475721,2022-12-21,270.0,2022-11-30,251.0,0.904761904761905,270.56,5b34f6b4-21f5-4ead-b8db-21a17ba34064
691875,2024-01-09,514.0,2023-11-10,485.0,0.483333333333333,537.28,c6606413-32f6-48c4-bd0c-e975206ecfa6
691913,2024-01-09,562.0,2023-11-10,546.0,0.266666666666667,602.44,8b9c0475-b9bc-4ba3-9502-ccd88983b7eb
692420,2024-01-09,499.0,2023-11-10,498.0,0.0166666666666667,555.48,1493f341-3231-4c9c-950c-c623e9c53516
692424,2024-01-09,443.0,2023-11-10,463.0,-0.333333333333333,515.69,5b34f6b4-21f5-4ead-b8db-21a17ba34064
692443,2024-01-09,502.0,2023-11-10,530.0,-0.466666666666667,586.67,d4275e18-239e-4fda-a44b-647e248a73e2
692446,2024-01-09,470.0,2023-11-10,491.0,-0.35,548.44,8c6748b0-8942-4ac3-8af2-95c9732c595c
693255,2024-01-10,558.0,2023-11-20,534.0,0.470588235294118,580.3,1afce454-f7ae-40e2-9377-29f189fe0083
693259,2024-01-10,526.0,2023-11-20,496.0,0.588235294117647,544.74,54312981-5301-421f-94cd-85781227e1a5
693262,2024-01-10,624.0,2023-11-20,596.0,0.549019607843137,638.58,27a97a67-7d30-404c-b29d-e4c4eca9b907
693264,2024-01-10,479.0,2023-11-20,472.0,0.137254901960784,516.04,74927492-8cbb-4407-bdb9-f0925032cf04
693265,2024-01-10,552.0,2023-03-21,468.0,0.284745762711864,701.6,6e69a279-d52d-432d-a9cf-1531b4425c2f
693273,2024-01-10,544.0,2023-11-20,528.0,0.313725490196078,574.65,6d596a9e-5671-4d92-aa86-a249ea51bada
693279,2024-01-10,512.0,2023-11-20,516.0,-0.0784313725490196,558.32,54e2440f-5c63-4799-9c34-64ebd8412f6d
302662,2022-03-21,251.0,2022-02-07,209.0,1.0,246.95,20683aca-2a94-4fbf-aa99-4938547710ca
492039,2023-01-19,315.0,2022-12-21,288.0,0.931034482758621,314.44,a080d453-0391-4fc0-a77a-0c6e2ccad31c
492041,2023-01-19,285.0,2022-12-21,254.0,1.06896551724138,281.64,49122c85-c7e7-4c14-b789-01facd490b2b
492053,2023-01-19,368.0,2022-12-21,334.0,1.17241379310345,362.17,a10906f3-e68c-4d8e-8c66-6fac44c07739
492181,2023-01-19,328.0,2022-12-21,298.0,1.03448275862069,324.24,d5328262-ba23-45e6-8fb1-b7ef77d100a1
492184,2023-01-19,351.0,2022-12-21,305.0,1.58620689655172,334.01,1493f341-3231-4c9c-950c-c623e9c53516
492188,2023-01-19,324.0,2022-12-21,290.0,1.17241379310345,319.47,8c6748b0-8942-4ac3-8af2-95c9732c595c
492189,2023-01-19,359.0,2022-12-21,320.0,1.3448275862069,345.86,d105e5cb-b6f8-4b0d-88cd-281fc47e0217
492194,2023-01-19,300.0,2022-12-21,285.0,0.517241379310345,314.52,8647de4f-acec-43b4-b80a-7d367b40d2d1
492196,2023-01-19,338.0,2022-12-21,301.0,1.27586206896552,327.46,4ffa997c-8b3e-40af-a6d4-e806b0acef59
492518,2023-01-19,354.0,2022-12-21,325.0,1.0,350.39,af928aaa-59f6-4056-ab3b-f9dcd1ac3aa4
492519,2023-01-19,325.0,2022-12-21,291.0,1.17241379310345,317.48,65f487a5-84e6-477b-a155-72076465193a
492537,2023-01-19,312.0,2022-12-21,272.0,1.37931034482759,299.28,e90a213d-9214-47b8-97c5-b8f6516ee30d
492542,2023-01-19,326.0,2022-12-21,303.0,0.793103448275862,329.05,c053432e-39c6-432c-b00a-701ea8574551
492728,2023-01-11,466.0,2022-09-05,389.0,0.6015625,466.0,888c2139-771a-470e-a2ba-97ab06263b60
492729,2023-01-11,568.0,2022-09-05,464.0,0.8125,568.0,63045f85-41d1-474e-bef0-adbc44b63099
492736,2023-01-11,562.0,2022-09-05,462.0,0.78125,562.0,218bd92e-ebd1-4a38-b41f-16ad4f9033e7
492743,2023-01-11,506.0,2022-09-05,423.0,0.6484375,506.0,01b47142-7324-479e-8ce9-07b941d6c2fa
492745,2023-01-11,514.0,2022-09-05,434.0,0.625,514.0,a32d7dbf-2ec8-433c-a5a4-0a980bba9c7a
271299,2022-02-03,180.0,2021-11-25,221.0,-0.585714285714286,288.72,450110bf-06d1-4305-a82c-0dcdff2f8125
271314,2022-02-03,207.0,2021-11-25,209.0,-0.0285714285714286,276.5,aaef8b89-3f92-4e01-af76-a83fcecfe24d
271319,2022-02-03,223.0,2021-11-25,209.0,0.2,282.73,3f5016c5-dcc8-4703-9591-0a49ceeb8e42
271321,2022-02-03,230.0,2021-11-25,165.5,0.921428571428571,233.44,7c0be3de-f78b-427a-9101-1d53cf41e03f
270846,2022-02-03,239.0,2021-11-25,228.0,0.157142857142857,239.0,460a6994-f926-4308-bf0c-b5a6381512f8
270878,2022-02-03,186.0,2021-11-25,184.0,0.0285714285714286,186.0,a1075b21-93bf-4250-83a2-27a2f1dfc7f7
270876,2022-02-03,247.0,2021-11-25,247.0,0.0,247.0,e145607d-f135-4900-a295-61773942a02c
270882,2022-02-03,229.0,2021-11-25,218.0,0.157142857142857,229.0,7fa8f41a-e525-43cc-b219-e33af5f85ac4
272965,2022-02-07,219.0,2021-11-25,190.5,0.385135135135135,262.19,dc6105c9-f04e-4a6a-8b18-5aed301814a3
272966,2022-02-07,240.0,2021-11-25,210.0,0.405405405405405,288.42,966d5a86-1e7d-484c-a63e-ee9ec060e269
272991,2022-02-07,205.0,2021-11-25,181.0,0.324324324324324,258.39,3769fe44-8393-4fff-a46c-a8e88b86fa0a
272995,2022-02-07,245.0,2021-11-25,220.0,0.337837837837838,297.97,95e09ba6-f69a-4909-bce0-2b5920286336
272998,2022-02-07,261.0,2021-11-25,227.0,0.459459459459459,303.53,3d1b6096-8528-40be-9136-c0fbee0a0409
273032,2022-02-07,228.0,2021-11-25,197.0,0.418918918918919,268.5,e23b1341-3436-4815-a65e-69f3eb8c1046
274538,2022-02-08,261.0,2022-02-03,253.0,1.6,258.24,abc94438-9ef6-47a6-9647-2a4c0111fe99
274541,2022-02-08,250.0,2022-02-03,238.0,2.4,243.28,1214fada-f7ac-49f6-9fee-05ef8a6656d6
721498,2024-02-16,526.0,2024-01-09,499.0,0.710526315789474,534.68,1493f341-3231-4c9c-950c-c623e9c53516
721501,2024-02-16,498.0,2024-01-09,474.0,0.631578947368421,506.45,e7881883-ad23-45b4-9d6f-d1ab18c297d9
721509,2024-02-16,462.0,2024-01-09,453.0,0.236842105263158,485.56,affc71e8-ae23-49d1-b03c-15f85d55cb0a
721511,2024-02-16,550.0,2024-01-09,502.0,1.26315789473684,538.02,d4275e18-239e-4fda-a44b-647e248a73e2
721520,2024-02-16,476.0,2024-01-09,468.0,0.210526315789474,503.86,6e05d9d5-6117-4125-9f4f-e822e8849b14
721522,2024-02-16,455.0,2024-01-09,446.0,0.236842105263158,476.75,49122c85-c7e7-4c14-b789-01facd490b2b
721552,2024-02-16,496.0,2024-01-09,482.0,0.368421052631579,514.4,60abe2c3-a4a2-45a0-a1ac-6c050a23edc5
504870,2023-02-09,338.0,2023-01-19,326.0,0.571428571428571,345.04,f068c0bd-12be-4798-b721-3fecbfd6f223
504886,2023-02-09,384.0,2023-01-19,353.0,1.47619047619048,373.34,dd5a21f8-7431-4713-ae6b-7b8bf03d74e0
504896,2023-02-09,393.0,2023-01-19,359.0,1.61904761904762,377.26,d105e5cb-b6f8-4b0d-88cd-281fc47e0217
504904,2023-02-09,466.0,2023-01-19,422.0,2.0952380952381,440.9,ce4d4f46-2b0a-4a6e-9ab5-679659c5557a
504916,2023-02-09,398.0,2023-01-19,370.0,1.33333333333333,389.85,5a9c9653-08d2-47df-b6b0-475855d5267a
505003,2023-02-09,375.0,2023-01-19,337.0,1.80952380952381,357.43,6d2b90b8-67d7-428d-b09b-58f9a61f56eb
505022,2023-02-09,358.0,2023-01-19,331.0,1.28571428571429,351.58,a3c8002c-90b9-4997-a3ec-44db850810d2
505032,2023-02-09,318.0,2023-01-19,298.0,0.952380952380952,317.19,8cb7b10f-7ecd-441a-bd83-48b7551a382f
505617,2023-02-10,342.0,2023-01-19,316.0,1.18181818181818,337.84,27a97a67-7d30-404c-b29d-e4c4eca9b907
302630,2022-03-21,269.0,2022-02-07,233.0,0.857142857142857,268.76,576abf73-7ebd-4b36-82cd-13dcc5ae96a2
302695,2022-03-21,302.0,2022-02-07,256.0,1.0952380952381,299.89,47d0b5d2-80dc-49ef-b8e6-a69628b876d3
302637,2022-03-21,252.0,2022-02-07,217.0,0.833333333333333,255.83,5cd4959d-1f34-4ad0-9ee9-6ff829f0d823
302698,2022-03-21,293.0,2022-02-07,253.0,0.952380952380952,292.74,817c7a05-6fb8-47a5-8d32-7fde6d4b4cb1
302644,2022-03-21,269.0,2022-02-07,230.0,0.928571428571429,272.59,18082121-85e5-4058-97cd-572766f087d5
462679,2022-11-30,299.0,2022-11-09,279.0,0.952380952380952,299.0,52986aaa-9c04-4bfa-bfa1-4f19f07681cf
462910,2022-11-30,269.0,2022-11-09,250.0,0.904761904761905,271.38,21d3b7c7-03e3-4738-a154-50b6eb3355c0
462923,2022-11-30,276.0,2022-11-09,255.0,1.0,276.45,848faff4-2437-43e4-b4ff-cd23fc286d2b
462929,2022-11-30,257.0,2022-11-09,236.0,1.0,255.55,e590bf7f-85cf-4979-85dc-4ec647c22bd4
462932,2022-11-30,272.0,2022-11-09,251.0,1.0,272.65,66de2643-672c-42f4-aa55-0cb8af9bb980
462935,2022-11-30,245.0,2022-11-09,228.0,0.80952380952381,247.82,8cb7b10f-7ecd-441a-bd83-48b7551a382f
462967,2022-11-30,296.0,2022-11-09,273.0,1.0952380952381,293.8,31eac5fd-2662-4c6b-8c19-c5278b07e200
462980,2022-11-30,255.0,2022-11-09,236.0,0.904761904761905,255.63,affc71e8-ae23-49d1-b03c-15f85d55cb0a
302651,2022-03-21,284.0,2022-02-07,237.0,1.11904761904762,277.39,074dd80e-919b-49ca-a068-4fe4cbc338a5
302658,2022-03-21,248.0,2022-02-07,210.0,0.904761904761905,244.31,ee6baaff-0973-4bbd-950a-25e1b8fd9ffc
475640,2022-12-21,351.0,2022-11-30,333.0,0.857142857142857,351.17,85dba3b1-819b-4c61-b64c-9584d64f9236
475650,2022-12-21,321.0,2022-11-30,306.0,0.714285714285714,326.73,6ec13b00-476e-4ff1-8735-3ab79b4fb9a5
475663,2022-12-21,313.0,2022-11-30,291.0,1.04761904761905,312.11,595efe9c-c095-4374-ad95-2777b5604f37
475664,2022-12-21,332.0,2022-11-30,318.0,0.666666666666667,336.54,429ecd7c-7c76-4a7e-8ea2-a84b6db136b4
475679,2022-12-21,344.0,2022-11-30,332.0,0.571428571428571,350.2,cd754558-e60b-4a7a-9aa5-4b729fb8add9
475683,2022-12-21,288.0,2022-11-30,271.0,0.80952380952381,290.28,a080d453-0391-4fc0-a77a-0c6e2ccad31c
475684,2022-12-21,321.0,2022-11-30,301.0,0.952380952380952,321.84,dd5a21f8-7431-4713-ae6b-7b8bf03d74e0
475687,2022-12-21,291.0,2022-11-30,269.0,1.04761904761905,290.23,21d3b7c7-03e3-4738-a154-50b6eb3355c0
475692,2022-12-21,291.0,2022-11-30,279.0,0.571428571428571,298.19,65f487a5-84e6-477b-a155-72076465193a
475696,2022-12-21,296.0,2022-11-30,284.0,0.571428571428571,303.12,a4e4c0c0-632c-43f9-8421-8fe59205c796
475698,2022-12-21,290.0,2022-11-30,274.0,0.761904761904762,295.16,417225e4-d671-486f-853e-685e0fa8c4d1
475709,2022-12-21,295.0,2022-11-30,279.0,0.761904761904762,300.08,a3c8002c-90b9-4997-a3ec-44db850810d2
475712,2022-12-21,326.0,2022-11-30,311.0,0.714285714285714,329.45,4bfe6032-bbe1-485e-8b29-2aa4a92ee6f1
475719,2022-12-21,288.0,2022-11-30,270.0,0.857142857142857,289.24,6355ee6d-2b7f-41ef-a572-680669f2c8e8
475720,2022-12-21,269.0,2022-11-30,259.0,0.476190476190476,280.69,948ac2a7-1ca1-4ac8-8d25-7c93a0f6e5b6
475727,2022-12-21,283.0,2022-11-30,255.0,1.33333333333333,274.48,affc71e8-ae23-49d1-b03c-15f85d55cb0a
691877,2024-01-09,479.0,2023-11-10,456.0,0.383333333333333,513.2,dbe16846-6952-4102-bf02-b1c8c8321952
691879,2024-01-09,506.0,2023-11-10,516.0,-0.166666666666667,568.29,4bfe6032-bbe1-485e-8b29-2aa4a92ee6f1
691880,2024-01-09,526.0,2023-11-10,502.0,0.4,560.01,ead78669-f157-494e-9345-a6a9d45ce623
691883,2024-01-09,458.0,2023-11-10,462.0,-0.0666666666666667,514.44,db8e96cd-8a53-43b8-a241-6cebe548edc1
691893,2024-01-09,474.0,2023-11-10,461.0,0.216666666666667,513.3,e7881883-ad23-45b4-9d6f-d1ab18c297d9
691896,2024-01-09,488.0,2023-11-10,470.0,0.3,521.92,429ecd7c-7c76-4a7e-8ea2-a84b6db136b4
691905,2024-01-09,479.0,2023-11-10,466.0,0.216666666666667,523.24,9af8f6ea-f849-467f-852a-906c756939c5
692409,2024-01-09,532.0,2023-11-10,528.0,0.0666666666666667,579.57,d5328262-ba23-45e6-8fb1-b7ef77d100a1
692412,2024-01-09,484.0,2023-11-10,477.0,0.116666666666667,529.33,65f487a5-84e6-477b-a155-72076465193a
692421,2024-01-09,518.0,2023-11-10,502.0,0.266666666666667,554.5,04f40950-8f7b-4a22-a185-b632991f5d1a
692427,2024-01-09,508.0,2023-11-10,516.0,-0.133333333333333,573.47,2cc23a10-8a6c-4815-81e9-5c71c7a77914
692428,2024-01-09,526.0,2023-11-10,508.0,0.3,560.35,70924c60-c63e-4e77-a26a-78d3724cf761
692429,2024-01-09,441.0,2023-11-10,449.0,-0.133333333333333,500.76,f068c0bd-12be-4798-b721-3fecbfd6f223
692431,2024-01-09,524.0,2023-11-10,520.0,0.0666666666666667,577.51,5827ff23-bbd1-48c7-a099-84122d168ac7
692434,2024-01-09,476.0,2023-11-10,485.0,-0.15,542.51,3a9fbcaf-2ad7-495c-9a65-8e2485c6d76f
692436,2024-01-09,576.0,2023-11-10,586.0,-0.166666666666667,638.86,31eac5fd-2662-4c6b-8c19-c5278b07e200
692444,2024-01-09,606.0,2023-11-10,618.0,-0.2,670.26,ce4d4f46-2b0a-4a6e-9ab5-679659c5557a
692447,2024-01-09,562.0,2023-11-10,572.0,-0.166666666666667,626.85,f161da6c-1ac0-4ae0-a5ac-6a2e60cf25dd
693277,2024-01-10,482.0,2023-11-20,497.0,-0.294117647058824,544.11,cb6a6373-bd11-40a6-885b-bb4008c5f928
302663,2022-03-21,295.0,2022-02-07,264.0,0.738095238095238,303.91,797565bb-9968-444b-9af2-9eac79ca44c6
492042,2023-01-19,345.0,2022-12-21,304.0,1.41379310344828,332.99,4df4bf16-ae17-462f-8f08-d54c9155eea1
492047,2023-01-19,359.0,2022-12-21,326.0,1.13793103448276,354.0,3e8f638b-9280-49e7-82e8-bb295905f0dd
492178,2023-01-19,335.0,2022-12-21,297.0,1.31034482758621,326.11,c26a3485-77a8-4cc6-a174-9888a89537e1
492183,2023-01-19,332.0,2022-12-21,296.0,1.24137931034483,322.43,96b9f38e-c600-4cc4-ae8b-025b579bb6af
492187,2023-01-19,357.0,2022-12-21,324.0,1.13793103448276,349.7,ee190171-ca2b-4a88-9a71-86024433464c
492193,2023-01-19,409.0,2022-12-21,375.0,1.17241379310345,401.85,b299fe63-d3b1-4679-9697-3f264bd6a42f
492198,2023-01-19,336.0,2022-12-21,294.0,1.44827586206897,323.08,b8fef6d0-3114-4471-8203-fe0b324cf97b
492512,2023-01-19,316.0,2022-12-21,290.0,0.896551724137931,319.05,417225e4-d671-486f-853e-685e0fa8c4d1
492513,2023-01-19,345.0,2022-12-21,317.0,0.96551724137931,342.51,e3824554-5f89-43a0-96ca-e64b62e6143b
492516,2023-01-19,334.0,2022-12-21,301.0,1.13793103448276,329.93,de3527e5-ed46-41e0-9fb8-0166a9e21fe6
492525,2023-01-19,339.0,2022-12-21,306.0,1.13793103448276,335.07,65abafdc-a9b7-4f94-83ec-4bb255e44ec1
492531,2023-01-19,352.0,2022-12-21,326.0,0.896551724137931,351.36,4bfe6032-bbe1-485e-8b29-2aa4a92ee6f1
492534,2023-01-19,283.0,2022-12-21,260.0,0.793103448275862,287.6,366a60c1-30e1-4940-bf1d-c16f4fe91684
492742,2023-01-20,414.0,2023-01-11,488.0,-8.22222222222222,496.54,18f97093-31a0-40be-930b-b9c9065e908f
492744,2023-01-11,508.0,2022-09-05,391.0,0.9140625,508.0,2e563ecc-c663-443a-a3bb-759f257a3a84
271296,2022-02-03,229.0,2021-11-25,213.0,0.228571428571429,287.06,f7100a7e-adb5-4969-b1d3-c0a7dfd6e2b0
271308,2022-02-03,208.0,2021-11-25,204.0,0.0571428571428571,271.77,711324dc-fdd4-4676-ad01-cdf72761afeb
271311,2022-02-03,199.0,2021-11-25,190.5,0.121428571428571,258.79,7f2ed266-5e35-4217-b200-c4c24f9a5b81
271320,2022-02-03,194.0,2021-11-25,173.0,0.3,245.39,2793257a-bdaf-4345-b9cf-8a10d591ea96
271322,2022-02-03,227.0,2021-11-25,220.0,0.1,294.01,7657550f-b2af-46c9-a2d2-e500b8137e6e
271324,2022-02-03,214.0,2021-11-25,208.0,0.0857142857142857,282.16,82f1eae4-3385-4478-a5ea-70cd428474f3
271331,2022-02-03,192.0,2021-11-25,184.0,0.114285714285714,245.03,1a86b86a-9752-4970-954f-64dde17567d4
272970,2022-02-07,270.0,2021-11-25,236.0,0.459459459459459,313.06,b6f9888b-3cdd-4836-9eaf-8547b5545a71
272973,2022-02-07,228.0,2021-11-25,194.5,0.452702702702703,266.37,8e899911-5d88-4ff5-bf15-7f86902cbdc3
272976,2022-02-07,176.0,2021-11-25,150.5,0.344594594594595,225.19,174e649d-949a-4485-b84b-cc8a82f49104
272979,2022-02-07,220.0,2021-11-25,194.0,0.351351351351351,258.67,d135f560-fce2-4697-8472-475fa113bfa5
273002,2022-02-07,222.0,2021-11-25,197.0,0.337837837837838,275.34,dbcd1a04-4d70-4bdb-8b2a-185d6ecf5849
273008,2022-02-07,248.0,2021-11-25,206.0,0.567567567567568,277.79,7cc80a5c-c9cd-4f94-9c03-206e273ba25e
273019,2022-02-07,258.0,2021-11-25,229.0,0.391891891891892,306.95,acf4d7a0-71c0-47df-816c-f329c66d204b
273020,2022-02-07,203.0,2021-11-25,177.0,0.351351351351351,254.99,fe232bf8-1697-4993-9c1f-daab57c10edf
273021,2022-02-07,216.0,2021-11-25,181.0,0.472972972972973,245.29,b036f307-872d-442c-b59b-a9ff98733ced
273024,2022-02-07,252.0,2021-11-25,211.0,0.554054054054054,289.07,9a5d8d16-4004-4585-b500-3484bf8d8cd2
273025,2022-02-07,234.0,2021-11-25,189.0,0.608108108108108,267.01,c5ea6027-1812-4e5b-a236-900372433c03
273027,2022-02-07,245.0,2021-11-25,203.0,0.567567567567568,274.9,fc505bba-136b-44a0-8a3a-3694fbf7a83d
274533,2022-02-08,233.0,2022-02-03,222.0,2.2,226.65,ea36d045-53e6-4411-a6ae-bd9a9ddc3678
274534,2022-02-08,230.0,2022-02-03,210.0,4.0,215.02,62b6642f-bab9-4187-baa2-c34c32f0da99
716288,2024-02-12,532.0,2024-01-09,518.0,0.411764705882353,547.42,04f40950-8f7b-4a22-a185-b632991f5d1a
302666,2022-03-21,285.0,2022-02-07,233.0,1.23809523809524,272.49,3f0f81b1-2459-4fa3-954b-08cbda4f0c9c
721489,2024-02-16,578.0,2024-01-09,566.0,0.315789473684211,602.06,c26a3485-77a8-4cc6-a174-9888a89537e1
721499,2024-02-16,572.0,2024-01-09,516.0,1.47368421052632,551.79,4df4bf16-ae17-462f-8f08-d54c9155eea1
721505,2024-02-16,496.0,2024-01-09,473.0,0.605263157894737,505.47,7b7a7362-09be-4ab1-8de1-f0241d79eb80
341486,2022-05-12,295.0,2022-03-18,268.0,0.490909090909091,319.04,92791ba9-9ef0-428c-8491-94a3d68cd64c
341509,2022-05-12,319.0,2022-03-18,275.0,0.8,331.57,abc94438-9ef6-47a6-9647-2a4c0111fe99
341510,2022-05-12,277.0,2022-03-21,263.0,0.269230769230769,311.26,d87278e0-1e2b-4a28-8d73-9af8b7303792
341531,2022-05-12,319.0,2022-03-21,306.0,0.25,359.25,acf4d7a0-71c0-47df-816c-f329c66d204b
341563,2022-05-12,285.0,2022-03-18,255.0,0.545454545454545,311.37,80d161ce-1387-4198-85dc-79933f2d6cdd
544945,2023-04-26,404.0,2023-02-23,368.0,0.580645161290323,427.91,0543830f-d978-435f-a6d2-3affb01aa83c
544948,2023-04-26,368.0,2023-02-24,361.0,0.114754098360656,420.48,8c6748b0-8942-4ac3-8af2-95c9732c595c
544950,2023-04-26,408.0,2023-02-24,371.0,0.60655737704918,429.31,7f50ed19-0295-441d-be5c-b231333ed4df
544959,2023-04-26,431.0,2023-02-24,399.0,0.524590163934426,449.51,771c01c2-a602-4d4c-a343-f35d6c78ec19
544966,2023-04-26,424.0,2023-02-24,382.0,0.688524590163934,439.84,c26a3485-77a8-4cc6-a174-9888a89537e1
544980,2023-04-26,415.0,2023-02-24,364.0,0.836065573770492,422.87,de3527e5-ed46-41e0-9fb8-0166a9e21fe6
545001,2023-04-26,362.0,2023-02-24,335.0,0.442622950819672,395.53,2990acf6-d45e-490e-a3c3-cf58884af2ab
545043,2023-04-26,354.0,2023-02-24,323.0,0.508196721311475,378.36,c8e42b20-ae5c-4776-8eed-8b0bf6db4837
545059,2023-04-26,406.0,2023-02-24,364.0,0.688524590163934,422.54,a3c8002c-90b9-4997-a3ec-44db850810d2
554813,2023-05-11,614.0,2023-02-23,538.0,0.987012987012987,608.9,5da9847e-86bb-4739-886e-99a1a2b37a39
554819,2023-05-11,676.0,2023-02-23,580.0,1.24675324675325,648.24,08f88e1f-7ee3-4c52-8876-47902e75bfc6
360184,2022-06-13,282.0,2022-05-12,259.0,0.71875,286.73,a7ca25f7-d17f-41ce-9f6a-f9df97c5b5d5
360191,2022-06-13,343.0,2022-05-12,319.0,0.75,351.51,abc94438-9ef6-47a6-9647-2a4c0111fe99
360208,2022-06-13,265.0,2022-05-12,259.0,0.1875,286.84,ece8071f-80b9-44b2-b343-1056e4a79dfd
360220,2022-06-13,301.0,2022-05-12,267.0,1.0625,297.37,e0f5d5df-2f38-4583-be9e-2a226a583f51
360222,2022-06-13,284.0,2022-05-12,267.0,0.53125,297.43,f28c4440-3b18-4b5e-aa84-6d1c706b75bb
360243,2022-06-13,267.0,2022-03-18,223.0,0.505747126436782,300.5,94e6e067-695a-4884-b9f2-ccd1b6d78a72
360246,2022-06-13,309.0,2022-05-12,277.0,1.0,305.33,d87278e0-1e2b-4a28-8d73-9af8b7303792
360253,2022-06-13,315.0,2022-05-12,299.0,0.5,327.76,817c7a05-6fb8-47a5-8d32-7fde6d4b4cb1
360269,2022-06-13,295.0,2022-05-12,285.0,0.3125,313.67,271c4d38-15d9-48ac-9d7c-f50f342d820e
360271,2022-06-13,271.0,2022-05-12,244.0,0.84375,271.71,3769fe44-8393-4fff-a46c-a8e88b86fa0a
360286,2022-06-13,252.0,2022-05-12,264.0,-0.375,294.9,794977d9-b83d-4f58-a813-59ae139776b9
360292,2022-06-13,316.0,2022-05-12,300.0,0.5,329.22,59a33b26-bd16-4e40-b289-7a163a96ff69
360301,2022-06-13,292.0,2022-05-12,319.0,-0.84375,348.47,41bc9ba9-2733-4772-817d-d6c5e9bf2da9
360309,2022-06-13,284.0,2022-05-12,272.0,0.375,303.88,0bb32681-df31-45cf-a36d-ba2f828fe7ef
360310,2022-06-13,314.0,2022-05-12,315.0,-0.03125,347.35,c5ea6027-1812-4e5b-a236-900372433c03
360313,2022-06-13,333.0,2022-05-12,316.0,0.53125,348.58,cc97acc9-d5e1-4c95-bca4-d9f54745241b
172850,2021-07-30,167.0,2021-07-27,162.0,1.66666666666667,,fc4288b4-5b7a-41b6-bede-bec057f584f7
172870,2021-07-30,155.0,2021-07-13,135.0,1.17647058823529,,b2376ee4-76ce-4671-bc98-393e4fc51a22
172864,2021-07-30,173.0,2021-07-13,153.0,1.17647058823529,,3d1b6096-8528-40be-9136-c0fbee0a0409
172854,2021-07-30,172.0,2021-07-27,167.0,1.66666666666667,,3f0f81b1-2459-4fa3-954b-08cbda4f0c9c
172896,2021-07-27,130.0,2021-07-12,112.0,1.2,,2793257a-bdaf-4345-b9cf-8a10d591ea96
172908,2021-07-27,197.5,2021-07-12,179.0,1.23333333333333,,54e8cc83-b361-481e-a243-c7da1171c9f1
172912,2021-07-27,160.0,2021-07-12,143.5,1.1,,7657550f-b2af-46c9-a2d2-e500b8137e6e
172915,2021-07-27,144.0,2021-07-12,123.5,1.36666666666667,,94e6e067-695a-4884-b9f2-ccd1b6d78a72
172916,2021-07-27,163.5,2021-07-12,144.0,1.3,,3e3814ed-dd36-4f8f-a95b-c83696470c1e
172920,2021-07-27,138.5,2021-07-12,119.5,1.26666666666667,,cb9947fa-0f01-4d11-a616-60c4c9d8a78c
172923,2021-07-27,166.5,2021-07-12,158.0,0.566666666666667,,534fbf9d-f759-4dbf-be3d-7fae26224280
172936,2021-07-27,147.5,2021-07-12,125.5,1.46666666666667,,3f5016c5-dcc8-4703-9591-0a49ceeb8e42
172939,2021-07-27,160.0,2021-07-12,138.5,1.43333333333333,,7659379a-17a8-48ee-ae2a-51b8392be511
172941,2021-07-27,153.0,2021-07-12,143.0,0.666666666666667,,c15bb521-f9e0-441f-aa0a-477371816bd4
172945,2021-07-27,165.5,2021-07-12,144.5,1.4,,9a5d8d16-4004-4585-b500-3484bf8d8cd2
172954,2021-07-27,129.5,2021-07-12,116.0,0.9,,a7ca25f7-d17f-41ce-9f6a-f9df97c5b5d5
172957,2021-07-27,170.0,2021-07-12,152.5,1.16666666666667,,7fa8f41a-e525-43cc-b219-e33af5f85ac4
172968,2021-07-27,166.5,2021-07-12,149.5,1.13333333333333,,4c28394a-6075-48a2-931f-ecb1cff20437
172974,2021-07-27,154.0,2021-07-12,138.0,1.06666666666667,,5f093683-cd91-483a-9d7c-0a85462dcb21
387859,2022-08-02,320.0,2022-06-13,267.0,1.06,311.99,10505166-001b-47f2-b1e8-cbd9f1405ff1
387867,2022-08-02,374.0,2022-06-13,323.0,1.02,368.39,e145607d-f135-4900-a295-61773942a02c
387873,2022-08-02,348.0,2022-06-13,287.0,1.22,329.03,772e9de5-97ee-40e8-a68a-bea8a93d162b
387874,2022-08-02,391.0,2022-06-13,338.0,1.06,387.97,c794a9a4-3712-45b8-9e13-539e9cc461f8
387875,2022-08-02,352.0,2022-06-13,297.0,1.1,339.82,711324dc-fdd4-4676-ad01-cdf72761afeb
387891,2022-08-02,401.0,2022-06-13,341.0,1.2,391.61,ecb127fd-6380-42bb-8622-d9815649ef65
387894,2022-08-02,357.0,2022-06-13,309.0,0.96,353.81,d87278e0-1e2b-4a28-8d73-9af8b7303792
387901,2022-08-02,422.0,2022-06-13,370.0,1.04,420.1,3ffa7e4d-232c-4d1d-b146-90ea8aa42803
387927,2022-08-02,332.0,2022-06-13,271.0,1.22,314.81,3769fe44-8393-4fff-a46c-a8e88b86fa0a
387946,2022-08-02,364.0,2022-06-13,303.0,1.22,350.52,9a5d8d16-4004-4585-b500-3484bf8d8cd2
387953,2022-08-02,336.0,2022-06-13,271.0,1.3,311.19,ea36d045-53e6-4411-a6ae-bd9a9ddc3678
387957,2022-08-02,321.0,2022-06-13,269.0,1.04,309.14,c4ff9044-f451-47a2-9cf5-55e81ed5b1c0
387967,2022-08-02,353.0,2022-06-13,302.0,1.02,346.1,9fbc75c7-95a5-4223-af2b-fe49dbdebecc
387969,2022-08-02,367.0,2022-06-13,308.0,1.18,354.04,3cbdf922-6d25-4a37-96de-2c76d8e27744
387977,2022-08-02,348.0,2022-06-13,307.0,0.82,353.1,8e899911-5d88-4ff5-bf15-7f86902cbdc3
387982,2022-08-02,350.0,2022-06-13,301.0,0.98,347.05,074dd80e-919b-49ca-a068-4fe4cbc338a5
593895,2023-07-27,339.0,2023-03-21,241.0,0.765625,359.21,085f217b-2836-48e3-9de3-bfa5d11ec220
593898,2023-07-27,386.0,2023-03-21,287.0,0.7734375,402.39,9e7e0ecf-f0af-4557-9f88-53ea88c7b0ee
593903,2023-07-27,400.0,2023-03-21,307.0,0.7265625,421.9,b676c359-5cc0-4f2f-b58f-377d679b4124
593911,2023-07-27,410.0,2023-03-21,298.0,0.875,423.63,514a09a0-717a-4891-97c9-d8fffd0163ce
595686,2023-08-02,391.0,2023-03-21,277.0,0.850746268656716,412.32,a4236c6f-f859-4557-95d7-939805fc4c6d
595697,2023-08-02,494.0,2023-03-21,393.0,0.753731343283582,513.1,9d0a4414-f0cd-417a-b806-3718101636e0
595698,2023-08-02,422.0,2023-03-21,311.0,0.828358208955224,429.55,817b566c-d929-4166-97f3-b4131f9a439e
595703,2023-08-02,416.0,2023-03-21,316.0,0.746268656716418,445.91,ab7d9a4a-a3f4-489c-95f6-11ed678549b0
595710,2023-08-02,411.0,2023-03-21,310.0,0.753731343283582,437.19,491059e2-2ef6-4f1d-83ce-2d6511898780
595732,2023-08-02,468.0,2023-03-21,348.0,0.895522388059702,472.14,f4dfe99b-1e2d-40ba-ba45-126c7aab45a0
595739,2023-08-02,433.0,2023-03-21,299.0,1.0,417.82,3d5cb070-206a-48f1-838f-3b63ebf079fc
595744,2023-08-02,406.0,2023-07-27,410.0,-0.666666666666667,415.81,514a09a0-717a-4891-97c9-d8fffd0163ce
398604,2022-08-24,339.0,2022-08-02,322.0,0.772727272727273,342.33,cb9947fa-0f01-4d11-a616-60c4c9d8a78c
398607,2022-08-24,331.0,2022-08-02,313.0,0.818181818181818,331.45,ece8071f-80b9-44b2-b343-1056e4a79dfd
398612,2022-08-24,276.0,2022-08-02,256.0,0.909090909090909,272.39,174e649d-949a-4485-b84b-cc8a82f49104
398615,2022-08-24,412.0,2022-08-02,399.0,0.590909090909091,421.05,3d1b6096-8528-40be-9136-c0fbee0a0409
398624,2022-08-24,356.0,2022-08-02,341.0,0.681818181818182,362.85,0bb32681-df31-45cf-a36d-ba2f828fe7ef
398631,2022-08-24,378.0,2022-08-02,347.0,1.40909090909091,366.94,7c0be3de-f78b-427a-9101-1d53cf41e03f
398632,2022-08-24,352.0,2022-08-02,332.0,0.909090909090909,352.7,fe232bf8-1697-4993-9c1f-daab57c10edf
398638,2022-08-24,397.0,2022-08-02,376.0,0.954545454545455,396.11,b2376ee4-76ce-4671-bc98-393e4fc51a22
398641,2022-08-24,423.0,2022-08-02,401.0,1.0,422.96,cc97acc9-d5e1-4c95-bca4-d9f54745241b
398643,2022-08-24,382.0,2022-08-02,355.0,1.22727272727273,376.62,41d0e4b4-4f8b-4b75-9fc5-0d795b99d606
398651,2022-08-24,332.0,2022-08-02,305.0,1.22727272727273,321.54,d15dbda9-1a3e-44fc-9061-2a7a7f1e792d
398652,2022-08-24,352.0,2022-08-02,313.0,1.77272727272727,330.92,dc6105c9-f04e-4a6a-8b18-5aed301814a3
187386,2021-10-07,160.0,2021-07-12,123.0,0.425287356321839,215.3,dc2df3cb-1e9f-4439-a29d-65eec0e61960
187347,2021-10-07,189.0,2021-07-30,170.0,0.27536231884058,242.48,94ef4975-18ad-47fc-ad00-47860bfe378d
187348,2021-10-07,168.5,2021-07-30,156.0,0.181159420289855,222.13,426d14b9-0224-42f6-a8c1-06220e03d3cc
187089,2021-10-07,214.0,2021-07-27,183.5,0.423611111111111,257.4,ce6db7ba-255e-43f3-ba67-5fcd4ceb5db6
187352,2021-10-07,154.0,2021-07-29,145.5,0.121428571428571,213.41,20683aca-2a94-4fbf-aa99-4938547710ca
187112,2021-10-07,184.0,2021-07-27,160.0,0.333333333333333,235.4,7657550f-b2af-46c9-a2d2-e500b8137e6e
187132,2021-10-07,181.5,2021-07-27,152.0,0.409722222222222,227.86,8f32d77c-b2e8-4b8a-9bcc-9fc078370e3f
187113,2021-10-07,201.0,2021-07-27,178.5,0.3125,246.29,71576c82-e36a-4689-88ed-a32ce75cdf7b
187094,2021-10-07,172.5,2021-07-29,144.0,0.407142857142857,210.69,8e899911-5d88-4ff5-bf15-7f86902cbdc3
187415,2021-10-07,156.5,2021-07-27,144.0,0.173611111111111,213.22,94e6e067-695a-4884-b9f2-ccd1b6d78a72
187135,2021-10-07,167.5,2021-07-30,146.0,0.311594202898551,212.64,e21ebd7c-194f-4c30-8309-3b859da8e8ff
187396,2021-10-07,161.5,2021-07-29,137.5,0.342857142857143,204.74,24961180-84c7-4b60-b86d-37c01b72f9b5
187378,2021-10-07,193.5,2021-07-30,164.0,0.427536231884058,229.9,59a33b26-bd16-4e40-b289-7a163a96ff69
187340,2021-10-07,142.5,2021-07-29,129.0,0.192857142857143,197.89,0b44fb0a-839a-4381-91b8-f12e6d529818
187341,2021-10-07,172.0,2021-07-27,153.0,0.263888888888889,222.3,c15bb521-f9e0-441f-aa0a-477371816bd4
187441,2021-10-07,142.5,2021-07-27,130.0,0.173611111111111,207.98,2793257a-bdaf-4345-b9cf-8a10d591ea96
187343,2021-10-07,155.5,2021-07-27,143.5,0.166666666666667,219.91,174e649d-949a-4485-b84b-cc8a82f49104
187103,2021-10-07,152.0,2021-07-30,160.0,-0.115942028985507,226.07,eb52a3f3-c890-4fd5-b34d-fb02216a103b
602261,2023-08-15,443.0,2023-04-26,404.0,0.351351351351351,510.26,0543830f-d978-435f-a6d2-3affb01aa83c
602280,2023-08-15,418.0,2023-04-26,386.0,0.288288288288288,494.1,66de2643-672c-42f4-aa55-0cb8af9bb980
602298,2023-08-15,399.0,2023-04-26,362.0,0.333333333333333,472.67,8647de4f-acec-43b4-b80a-7d367b40d2d1
602300,2023-08-15,441.0,2023-04-26,395.0,0.414414414414414,491.89,96b9f38e-c600-4cc4-ae8b-025b579bb6af
602301,2023-08-15,457.0,2023-04-26,375.0,0.738738738738739,482.34,ead78669-f157-494e-9345-a6a9d45ce623
602316,2023-08-15,442.0,2023-04-26,414.0,0.252252252252252,509.34,d105e5cb-b6f8-4b0d-88cd-281fc47e0217
602328,2023-08-15,465.0,2023-04-26,431.0,0.306306306306306,532.21,31eac5fd-2662-4c6b-8c19-c5278b07e200
602335,2023-08-15,361.0,2023-04-26,329.0,0.288288288288288,431.05,366a60c1-30e1-4940-bf1d-c16f4fe91684
602336,2023-08-15,411.0,2023-04-26,380.0,0.279279279279279,478.18,65f487a5-84e6-477b-a155-72076465193a
302669,2022-03-21,293.0,2022-02-07,256.0,0.880952380952381,291.88,9a9b9363-b686-4e83-98f9-b10345d17857
300602,2022-03-18,304.0,2022-03-16,306.0,-1.0,307.88,73aac93a-bd7f-4e42-8843-5b6fa9356360
300606,2022-03-18,220.0,2022-02-24,256.0,-1.63636363636364,276.8,3dde5fe3-7132-49f8-8373-deae64b515a6
300607,2022-03-18,227.0,2022-02-24,223.0,0.181818181818182,244.85,f28c4440-3b18-4b5e-aa84-6d1c706b75bb
271318,2022-02-03,219.0,2021-11-25,209.0,0.142857142857143,,f017d746-ba14-4e49-b447-a3386c36c339
270879,2022-02-03,225.0,2021-11-25,230.0,-0.0714285714285714,,e0f5d5df-2f38-4583-be9e-2a226a583f51
300611,2022-03-18,286.0,2022-02-24,283.0,0.136363636363636,303.83,71576c82-e36a-4689-88ed-a32ce75cdf7b
285523,2022-02-24,221.0,2021-11-25,195.0,0.285714285714286,291.23,9b006116-8236-457d-871d-e3f3c3130322
285524,2022-02-24,239.0,2021-11-25,219.0,0.21978021978022,306.1,7cea2341-82f2-44a5-bbe5-db0fd8548fe7
285525,2022-02-24,223.0,2021-11-25,195.5,0.302197802197802,291.56,f28c4440-3b18-4b5e-aa84-6d1c706b75bb
285527,2022-02-24,203.0,2021-11-25,184.0,0.208791208791209,279.75,a1075b21-93bf-4250-83a2-27a2f1dfc7f7
285540,2022-02-24,245.0,2021-11-25,209.0,0.395604395604396,296.43,f017d746-ba14-4e49-b447-a3386c36c339
285545,2022-02-24,239.0,2021-11-25,234.0,0.0549450549450549,328.53,41d0e4b4-4f8b-4b75-9fc5-0d795b99d606
285546,2022-02-24,233.0,2021-11-25,230.0,0.032967032967033,324.9,5f093683-cd91-483a-9d7c-0a85462dcb21
285557,2022-02-24,256.0,2021-11-25,230.0,0.285714285714286,317.01,3dde5fe3-7132-49f8-8373-deae64b515a6
505001,2023-02-09,373.0,2023-01-19,339.0,1.61904761904762,359.73,65abafdc-a9b7-4f94-83ec-4bb255e44ec1
505009,2023-02-09,352.0,2023-01-19,313.0,1.85714285714286,333.91,21d3b7c7-03e3-4738-a154-50b6eb3355c0
505010,2023-02-09,337.0,2023-01-19,308.0,1.38095238095238,326.87,e590bf7f-85cf-4979-85dc-4ec647c22bd4
505027,2023-02-09,322.0,2023-01-19,289.0,1.57142857142857,308.59,e7881883-ad23-45b4-9d6f-d1ab18c297d9
505034,2023-02-09,304.0,2023-01-19,283.0,1.0,302.89,366a60c1-30e1-4940-bf1d-c16f4fe91684
505035,2023-02-09,362.0,2023-01-19,350.0,0.571428571428571,368.08,70924c60-c63e-4e77-a26a-78d3724cf761
300575,2022-03-18,233.0,2022-02-24,237.0,-0.181818181818182,259.4,8f32d77c-b2e8-4b8a-9bcc-9fc078370e3f
300576,2022-03-18,229.0,2022-02-24,225.0,0.181818181818182,244.74,450110bf-06d1-4305-a82c-0dcdff2f8125
300577,2022-03-18,255.0,2022-02-24,258.0,-0.136363636363636,280.86,80d161ce-1387-4198-85dc-79933f2d6cdd
512505,2023-02-23,484.0,2023-01-11,458.0,0.604651162790698,494.22,da5bc2f5-cb34-44f9-a63a-9eac68bcd422
512513,2023-02-23,538.0,2023-01-11,516.0,0.511627906976744,556.37,63a7435d-e7d5-4083-a58d-583c04c2c3cd
513092,2023-02-24,361.0,2023-02-09,361.0,0.0,361.0,96b9f38e-c600-4cc4-ae8b-025b579bb6af
513107,2023-02-24,377.0,2023-02-09,372.0,0.333333333333333,377.0,d4275e18-239e-4fda-a44b-647e248a73e2
513102,2023-02-24,424.0,2023-02-09,411.0,0.866666666666667,424.0,f161da6c-1ac0-4ae0-a5ac-6a2e60cf25dd
513104,2023-02-24,349.0,2023-02-09,342.0,0.466666666666667,349.0,86713e67-6161-41a8-95f8-f95c594dbb50
513094,2023-02-24,397.0,2023-02-09,396.0,0.0666666666666667,397.0,7ce69f8f-5ae4-40c1-80b2-d8399f1edb64
513080,2023-02-24,381.0,2023-02-09,376.0,0.333333333333333,381.0,1493f341-3231-4c9c-950c-c623e9c53516
513641,2023-02-24,384.0,2023-02-09,384.0,0.0,396.69,af928aaa-59f6-4056-ab3b-f9dcd1ac3aa4
513668,2023-02-24,304.0,2023-02-09,304.0,0.0,318.08,366a60c1-30e1-4940-bf1d-c16f4fe91684
172839,2021-07-30,158.0,2021-07-27,154.0,1.33333333333333,,d135f560-fce2-4697-8472-475fa113bfa5
528428,2023-03-21,672.0,2023-02-01,638.0,0.708333333333333,665.18,b70f6e5c-a0a7-4b0b-9bed-ee37f5853c38
528440,2023-03-21,298.0,2023-02-01,260.0,0.791666666666667,308.41,514a09a0-717a-4891-97c9-d8fffd0163ce
528446,2023-03-21,582.0,2023-02-01,520.0,1.29166666666667,534.06,71d0f202-9b7f-4b6f-87f9-c8067b01bc69
528455,2023-03-21,316.0,2023-02-01,297.0,0.395833333333333,338.68,b046a593-a952-4b95-af2e-78c94e77e3d6
528464,2023-03-21,660.0,2023-02-01,644.0,0.333333333333333,676.56,4f15ba63-564a-49b5-bd06-187bca782273
528466,2023-03-21,556.0,2023-02-01,534.0,0.458333333333333,546.99,e7b103eb-7c35-4016-938c-70b1d021c2ef
528471,2023-03-21,664.0,2023-02-01,640.0,0.5,,8f780568-89e4-445b-a650-d63a53796cb1
528497,2023-03-21,311.0,2023-02-01,269.0,0.875,317.65,54312981-5301-421f-94cd-85781227e1a5
528511,2023-03-21,652.0,2023-02-01,652.0,0.0,,d981a07c-de8f-4546-a8ed-45d77b18e82e
528512,2023-03-21,554.0,2023-02-01,540.0,0.291666666666667,555.86,cf715f17-5105-48e1-a01a-a6bf60377258
528531,2023-03-21,722.0,2023-02-01,716.0,0.125,,480862f2-feb0-49b0-9497-5537f0dc2e43
528542,2023-03-21,650.0,2023-02-01,648.0,0.0416666666666667,,7e73f411-999f-4161-9083-de53c4650331
528546,2023-03-21,644.0,2023-02-01,618.0,0.541666666666667,,e134f42f-b4b1-4c33-9919-e87ffe054202
528549,2023-03-21,564.0,2023-02-01,534.0,0.625,574.4,2385368c-be13-407f-a0b2-cab178145872
528553,2023-03-21,389.0,2023-02-01,354.0,0.729166666666667,399.41,d03c4cdf-f657-4673-af80-115ec8a5ec0c
528557,2023-03-21,292.0,2023-02-01,264.0,0.583333333333333,312.85,a694373f-b174-4894-9cd6-698944cef4b3
528561,2023-03-21,512.0,2023-02-01,476.0,0.75,516.68,ff4ffcc3-f1b8-45d2-9135-b816b2d4f033
528569,2023-03-21,498.0,2023-02-01,475.0,0.479166666666667,515.59,f64ceb5c-5de6-42c0-b9d6-6b213626176d
528574,2023-03-21,309.0,2023-02-01,280.0,0.604166666666667,327.2,f5756d9b-968b-4514-ba6a-73fddae62f20
528575,2023-03-21,498.0,2023-02-01,476.0,0.458333333333333,517.87,0cfa3824-713e-4f25-8114-33fd3e4c26db
172866,2021-07-30,142.0,2021-05-24,74.0,1.01492537313433,,26781a67-e991-479c-948a-3ac8ed7c0c70
341079,2022-05-11,323.0,2022-03-21,297.0,0.509803921568627,349.82,ecb127fd-6380-42bb-8622-d9815649ef65
341080,2022-05-11,288.0,2022-03-21,269.0,0.372549019607843,311.77,576abf73-7ebd-4b36-82cd-13dcc5ae96a2
341095,2022-05-11,287.0,2022-03-21,269.0,0.352941176470588,316.31,fc4288b4-5b7a-41b6-bede-bec057f584f7
341098,2022-05-11,287.0,2022-03-21,270.0,0.333333333333333,317.82,36464cde-376e-4905-8e6e-2b9f5b50f6ac
341408,2022-05-12,310.0,2022-03-18,273.0,0.672727272727273,329.33,dfe4916e-fbf0-4218-9227-3c1b173154e7
341414,2022-05-12,240.0,2022-03-18,205.0,0.636363636363636,253.35,2793257a-bdaf-4345-b9cf-8a10d591ea96
341433,2022-05-12,335.0,2022-03-21,309.0,0.5,362.53,c2b35033-a714-4db3-964c-6b546bf7e6b5
341447,2022-05-12,286.0,2022-03-18,252.0,0.618181818181818,303.23,9cdda4fd-c9b4-45b3-8ec7-ec1551598f99
341466,2022-05-12,302.0,2022-03-21,273.0,0.557692307692308,321.25,bd6b975e-0547-43f2-9e62-c8459e257806
341467,2022-05-12,311.0,2022-03-18,276.0,0.636363636363636,332.29,204c79ea-7f9a-443f-866f-6005b2594f18
341483,2022-05-12,242.0,2022-03-18,229.0,0.236363636363636,276.74,450110bf-06d1-4305-a82c-0dcdff2f8125
341484,2022-05-12,279.0,2022-03-18,251.0,0.509090909090909,300.52,534fbf9d-f759-4dbf-be3d-7fae26224280
341488,2022-05-12,259.0,2022-03-21,239.0,0.384615384615385,288.04,eb52a3f3-c890-4fd5-b34d-fb02216a103b
341505,2022-05-12,259.0,2022-03-21,251.0,0.153846153846154,299.78,a7ca25f7-d17f-41ce-9f6a-f9df97c5b5d5
341508,2022-05-12,256.0,2022-03-18,215.0,0.745454545454545,267.0,10505166-001b-47f2-b1e8-cbd9f1405ff1
341512,2022-05-12,235.0,2022-03-18,199.0,0.654545454545455,247.37,a1075b21-93bf-4250-83a2-27a2f1dfc7f7
341526,2022-05-12,252.0,2022-03-21,232.0,0.384615384615385,278.3,f2176e41-fb91-49b8-8d38-e7e6dc426909
544953,2023-04-26,385.0,2023-02-24,353.0,0.524590163934426,406.52,db8e96cd-8a53-43b8-a241-6cebe548edc1
544962,2023-04-26,362.0,2023-02-24,344.0,0.295081967213115,404.34,8647de4f-acec-43b4-b80a-7d367b40d2d1
544968,2023-04-26,371.0,2023-02-24,339.0,0.524590163934426,393.04,affc71e8-ae23-49d1-b03c-15f85d55cb0a
544981,2023-04-26,434.0,2023-02-23,414.0,0.32258064516129,465.32,cd754558-e60b-4a7a-9aa5-4b729fb8add9
544993,2023-04-26,390.0,2023-02-24,354.0,0.590163934426229,413.06,417225e4-d671-486f-853e-685e0fa8c4d1
545004,2023-04-26,371.0,2023-02-24,339.0,0.524590163934426,399.58,948ac2a7-1ca1-4ac8-8d25-7c93a0f6e5b6
545008,2023-04-26,378.0,2023-02-24,349.0,0.475409836065574,403.68,86713e67-6161-41a8-95f8-f95c594dbb50
545026,2023-04-26,338.0,2023-02-24,317.0,0.344262295081967,372.7,e96b5f3d-1e36-4ce6-b1c1-d4a0d88a8fed
545063,2023-04-26,421.0,2023-02-23,408.0,0.209677419354839,458.07,22a008b4-b9bd-45de-a1e6-3c3f9d0d67a1
554804,2023-05-11,598.0,2023-02-23,529.0,0.896103896103896,599.99,a32d7dbf-2ec8-433c-a5a4-0a980bba9c7a
360188,2022-06-13,292.0,2022-05-12,271.0,0.65625,299.25,7cea2341-82f2-44a5-bbe5-db0fd8548fe7
360192,2022-06-13,287.0,2022-05-11,268.0,0.575757575757576,296.29,5776f066-a82c-4f55-99be-d1e3be638c19
360203,2022-06-13,370.0,2022-05-11,347.0,0.696969696969697,380.46,3ffa7e4d-232c-4d1d-b146-90ea8aa42803
360207,2022-06-13,330.0,2022-05-12,315.0,0.46875,347.48,95e09ba6-f69a-4909-bce0-2b5920286336
360211,2022-06-13,275.0,2022-05-12,245.0,0.9375,274.14,9b006116-8236-457d-871d-e3f3c3130322
360212,2022-06-13,266.0,2022-05-11,243.0,0.696969696969697,272.63,9bf75b6b-81c9-491a-92eb-117622af2596
360248,2022-06-13,274.0,2022-05-12,259.0,0.46875,287.68,eb52a3f3-c890-4fd5-b34d-fb02216a103b
360249,2022-06-13,337.0,2022-05-12,335.0,0.0625,367.5,c2b35033-a714-4db3-964c-6b546bf7e6b5
360256,2022-06-13,292.0,2022-05-11,267.0,0.757575757575758,292.38,b036f307-872d-442c-b59b-a9ff98733ced
360260,2022-06-13,274.0,2022-05-12,266.0,0.25,293.41,20683aca-2a94-4fbf-aa99-4938547710ca
360266,2022-06-13,292.0,2022-05-12,278.0,0.4375,309.16,fe232bf8-1697-4993-9c1f-daab57c10edf
360272,2022-06-13,314.0,2022-05-12,302.0,0.375,331.27,bd6b975e-0547-43f2-9e62-c8459e257806
360273,2022-06-13,270.0,2022-05-12,242.0,0.875,267.14,450110bf-06d1-4305-a82c-0dcdff2f8125
360288,2022-06-13,259.0,2022-05-12,236.0,0.71875,259.46,d15dbda9-1a3e-44fc-9061-2a7a7f1e792d
360294,2022-06-13,287.0,2022-05-12,276.0,0.34375,305.3,25de4b95-2102-48b0-94f2-e559a3315bb9
360300,2022-06-13,277.0,2022-05-12,273.0,0.125,300.26,7659379a-17a8-48ee-ae2a-51b8392be511
360306,2022-06-13,301.0,2022-05-12,275.0,0.8125,305.12,18082121-85e5-4058-97cd-572766f087d5
360311,2022-06-13,343.0,2022-05-12,331.0,0.375,363.42,75b8502a-448c-4253-8ac7-12128953c367
360317,2022-06-13,275.0,2022-05-12,286.0,-0.34375,314.96,9cdda4fd-c9b4-45b3-8ec7-ec1551598f99
172848,2021-07-30,162.0,2021-07-27,158.0,1.33333333333333,,9a9b9363-b686-4e83-98f9-b10345d17857
172862,2021-07-30,156.0,2021-07-13,136.0,1.17647058823529,,a696591b-d1de-4f1e-bfdf-9d68a0d691cb
172863,2021-07-30,160.0,2021-07-13,140.0,1.17647058823529,,7236d2de-605d-48f3-8aab-b565d7ed1308
172889,2021-07-30,156.0,2021-05-24,92.0,0.955223880597015,,a830501a-010d-4f33-be76-9e420b4b8cba
172914,2021-07-27,162.5,2021-07-12,143.0,1.3,,e23b1341-3436-4815-a65e-69f3eb8c1046
721510,2024-02-16,488.0,2024-01-09,470.0,0.473684210526316,505.24,8c6748b0-8942-4ac3-8af2-95c9732c595c
721515,2024-02-16,451.0,2024-01-09,445.0,0.157894736842105,478.67,8647de4f-acec-43b4-b80a-7d367b40d2d1
721525,2024-02-16,538.0,2024-01-09,526.0,0.315789473684211,562.09,6d2b90b8-67d7-428d-b09b-58f9a61f56eb
721534,2024-02-16,644.0,2024-01-09,606.0,1.0,641.13,ce4d4f46-2b0a-4a6e-9ab5-679659c5557a
721547,2024-02-16,450.0,2024-01-09,442.0,0.210526315789474,476.1,2990acf6-d45e-490e-a3c3-cf58884af2ab
721550,2024-02-16,467.0,2024-01-09,442.0,0.657894736842105,471.64,0c0cc03b-31f2-43ba-b6f5-fdb2a834ca9c
504873,2023-02-09,355.0,2023-01-19,312.0,2.04761904761905,332.82,ead78669-f157-494e-9345-a6a9d45ce623
504887,2023-02-09,361.0,2023-01-19,332.0,1.38095238095238,350.75,96b9f38e-c600-4cc4-ae8b-025b579bb6af
504890,2023-02-09,383.0,2023-01-19,356.0,1.28571428571429,373.98,771c01c2-a602-4d4c-a343-f35d6c78ec19
504911,2023-02-09,360.0,2023-01-19,335.0,1.19047619047619,355.65,c26a3485-77a8-4cc6-a174-9888a89537e1
504918,2023-02-09,420.0,2023-01-19,378.0,2.0,397.67,c415e974-0993-4a38-af16-caf9c7330113
505006,2023-02-09,324.0,2023-01-19,302.0,1.04761904761905,321.22,fd5a7845-2b68-403b-b2ac-31b26a2cf779
505016,2023-02-09,353.0,2023-01-19,326.0,1.28571428571429,344.76,c053432e-39c6-432c-b00a-701ea8574551
505028,2023-02-09,341.0,2023-01-19,320.0,1.0,338.78,6355ee6d-2b7f-41ef-a572-680669f2c8e8
505613,2023-02-10,338.0,2023-01-19,319.0,0.863636363636364,338.59,affc71e8-ae23-49d1-b03c-15f85d55cb0a
300573,2022-03-18,277.0,2022-02-24,284.0,-0.318181818181818,304.69,599b5295-1660-48f7-8b1b-61494fe7fb8f
300590,2022-03-18,251.0,2022-02-24,239.0,0.545454545454545,261.45,41d0e4b4-4f8b-4b75-9fc5-0d795b99d606
512504,2023-02-23,544.0,2023-01-11,526.0,0.418604651162791,566.41,1b52fe86-cc44-4e4c-bee1-43a8509691b9
512515,2023-02-23,545.0,2023-01-11,508.0,0.86046511627907,548.55,2e563ecc-c663-443a-a3bb-759f257a3a84
512517,2023-02-23,496.0,2023-01-11,466.0,0.697674418604651,502.27,888c2139-771a-470e-a2ba-97ab06263b60
512521,2023-02-23,538.0,2023-01-11,520.0,0.418604651162791,560.39,5da9847e-86bb-4739-886e-99a1a2b37a39
512525,2023-02-23,584.0,2023-01-11,556.0,0.651162790697674,590.98,887ae862-8d97-4692-ac41-2d8242921526
512630,2023-02-23,348.0,2023-02-09,338.0,0.714285714285714,350.72,f068c0bd-12be-4798-b721-3fecbfd6f223
512633,2023-02-23,417.0,2023-02-09,402.0,1.07142857142857,414.86,3e8f638b-9280-49e7-82e8-bb295905f0dd
512637,2023-02-23,351.0,2023-02-09,355.0,-0.285714285714286,368.44,ead78669-f157-494e-9345-a6a9d45ce623
513087,2023-02-24,361.0,2023-02-09,346.0,1.0,361.0,8c6748b0-8942-4ac3-8af2-95c9732c595c
513090,2023-02-24,383.0,2023-02-09,372.0,0.733333333333333,383.0,595efe9c-c095-4374-ad95-2777b5604f37
513655,2023-02-24,353.0,2023-02-09,352.0,0.0666666666666667,365.14,db8e96cd-8a53-43b8-a241-6cebe548edc1
513659,2023-02-24,323.0,2023-02-09,318.0,0.333333333333333,331.67,c8e42b20-ae5c-4776-8eed-8b0bf6db4837
513660,2023-02-24,355.0,2023-02-09,352.0,0.2,365.26,60abe2c3-a4a2-45a0-a1ac-6c050a23edc5
172855,2021-07-30,155.0,2021-07-27,149.0,2.0,,468d9197-2e40-46dd-854d-47353c0a66af
528427,2023-03-21,640.0,2023-02-01,598.0,0.875,,e1754e28-0e68-4d56-870e-727df663e608
528439,2023-03-21,688.0,2023-02-01,628.0,1.25,,a2131a21-46fb-4f5e-97eb-8572656b13b5
528453,2023-03-21,684.0,2023-02-01,704.0,-0.416666666666667,,b050aa92-a5b9-4475-a70c-108740d18db3
528454,2023-03-21,544.0,2023-02-01,493.0,1.0625,533.55,dd0505d0-0385-425e-9e57-9a586916f1df
528474,2023-03-21,742.0,2023-02-01,732.0,0.208333333333333,,f3577960-7921-4e1d-9ff1-35d915217dce
528477,2023-03-21,348.0,2023-02-01,322.0,0.541666666666667,367.91,f4dfe99b-1e2d-40ba-ba45-126c7aab45a0
528482,2023-03-21,730.0,2023-02-01,724.0,0.125,,63c51867-4d23-4d84-acd8-a877a6011c36
528483,2023-03-21,620.0,2023-02-01,576.0,0.916666666666667,,a790842e-a8bd-40fe-bc72-e2fa02507c7b
528484,2023-03-21,283.0,2023-02-01,257.0,0.541666666666667,304.99,157ee08f-816e-4235-8b88-a50e9d231a14
528503,2023-03-21,302.0,2023-02-01,259.0,0.895833333333333,307.95,cd4edef4-67ec-425d-8cf4-2d8c827043a0
528510,2023-03-21,352.0,2023-02-01,321.0,0.645833333333333,362.13,cdd1a945-2f2e-4e8e-b802-7c7b50a326fe
528513,2023-03-21,383.0,2023-02-01,346.0,0.770833333333333,394.66,a05c4d98-4083-4591-b168-f13b68fb3716
528514,2023-03-21,276.0,2023-02-01,257.0,0.395833333333333,301.76,0500fabf-73a3-4fc4-8295-f5c85fe7e6f3
528522,2023-03-21,666.0,2023-02-01,628.0,0.791666666666667,,a821368e-b667-4708-868f-e5d1d372d8e3
528524,2023-03-21,504.0,2023-02-01,466.0,0.791666666666667,506.49,cfe0f2c9-857b-400b-89b1-975b4a17a45d
528527,2023-03-21,284.0,2023-02-01,255.0,0.604166666666667,303.85,cfdfb14a-3366-4c5b-8864-1d42fed2f880
528532,2023-03-21,364.0,2023-02-01,336.0,0.583333333333333,381.19,74084c98-30a8-4eca-824a-121bab8f4efd
528556,2023-03-21,712.0,2023-02-01,702.0,0.208333333333333,,49201496-8697-4960-9e63-6268ecbb4f91
528571,2023-03-21,232.0,2023-02-01,211.0,0.4375,256.4,673445b1-ea79-4273-ae66-04118847238c
528576,2023-03-21,298.0,2023-02-01,278.0,0.416666666666667,321.3,17ab27bc-dd83-46b0-a56d-ba78b41ee803
172879,2021-07-30,155.0,2021-07-13,133.0,1.29411764705882,,7c0be3de-f78b-427a-9101-1d53cf41e03f
172885,2021-07-30,151.0,2021-07-13,131.0,1.17647058823529,,9fbc75c7-95a5-4223-af2b-fe49dbdebecc
172882,2021-07-30,142.0,2021-05-24,84.0,0.865671641791045,,6b25474f-866e-4efa-bbe9-ae9f50c78b4a
172846,2021-07-30,156.0,2021-07-27,152.0,1.33333333333333,,426d14b9-0224-42f6-a8c1-06220e03d3cc
340838,2022-05-11,308.0,2022-03-21,285.0,0.450980392156863,332.38,3f0f81b1-2459-4fa3-954b-08cbda4f0c9c
341081,2022-05-11,287.0,2022-03-18,220.0,1.24074074074074,265.42,3dde5fe3-7132-49f8-8373-deae64b515a6
341084,2022-05-11,265.0,2022-03-21,255.0,0.196078431372549,303.24,24961180-84c7-4b60-b86d-37c01b72f9b5
341090,2022-05-11,253.0,2022-03-18,217.0,0.666666666666667,264.82,7f2ed266-5e35-4217-b200-c4c24f9a5b81
341099,2022-05-11,311.0,2022-03-21,308.0,0.0588235294117647,355.9,851fc06d-0ee6-4d88-858e-487cad378e00
341403,2022-05-12,270.0,2022-03-18,241.0,0.527272727272727,290.43,772e9de5-97ee-40e8-a68a-bea8a93d162b
341406,2022-05-12,302.0,2022-03-18,260.0,0.763636363636364,316.6,460a6994-f926-4308-bf0c-b5a6381512f8
341425,2022-05-12,332.0,2022-03-18,286.0,0.836363636363636,337.41,71576c82-e36a-4689-88ed-a32ce75cdf7b
341426,2022-05-12,275.0,2022-03-18,233.0,0.763636363636364,286.69,8f32d77c-b2e8-4b8a-9bcc-9fc078370e3f
341430,2022-05-12,264.0,2022-03-18,234.0,0.545454545454545,283.35,426d14b9-0224-42f6-a8c1-06220e03d3cc
341434,2022-05-12,277.0,2022-03-18,245.0,0.581818181818182,294.6,711324dc-fdd4-4676-ad01-cdf72761afeb
341439,2022-05-12,294.0,2022-03-21,273.0,0.403846153846154,316.7,6dd09559-842f-400f-b1de-3e824510afc5
341443,2022-05-12,275.0,2022-03-21,269.0,0.115384615384615,321.91,18082121-85e5-4058-97cd-572766f087d5
341450,2022-05-12,332.0,2022-03-21,315.0,0.326923076923077,368.54,a10fd2a0-c2de-43e9-b168-f9f1dd50e9a3
341453,2022-05-12,276.0,2022-03-18,243.0,0.6,294.75,25de4b95-2102-48b0-94f2-e559a3315bb9
341456,2022-05-12,287.0,2022-03-21,272.0,0.288461538461538,320.99,10675540-984d-4638-a65f-c875e78dd191
341468,2022-05-12,291.0,2022-03-18,245.0,0.836363636363636,301.86,1214fada-f7ac-49f6-9fee-05ef8a6656d6
341475,2022-05-12,246.0,2022-03-18,219.0,0.490909090909091,270.32,ee195c95-8a17-484b-905a-e51ba97db105
341476,2022-05-12,306.0,2022-03-18,287.0,0.345454545454545,338.55,e145607d-f135-4900-a295-61773942a02c
544944,2023-04-26,404.0,2023-02-24,374.0,0.491803278688525,432.84,65abafdc-a9b7-4f94-83ec-4bb255e44ec1
544955,2023-04-26,365.0,2023-02-24,326.0,0.639344262295082,382.03,e90a213d-9214-47b8-97c5-b8f6516ee30d
544957,2023-04-26,406.0,2023-02-24,355.0,0.836065573770492,408.84,60abe2c3-a4a2-45a0-a1ac-6c050a23edc5
544964,2023-04-26,422.0,2023-02-23,388.0,0.548387096774194,446.39,52986aaa-9c04-4bfa-bfa1-4f19f07681cf
544970,2023-04-26,412.0,2023-02-24,387.0,0.409836065573771,438.39,2beefdc0-2da5-4ae5-9880-8b20ff078794
544973,2023-04-26,406.0,2023-02-23,390.0,0.258064516129032,448.49,dd5a21f8-7431-4713-ae6b-7b8bf03d74e0
544978,2023-04-26,386.0,2023-02-24,357.0,0.475409836065574,416.58,66de2643-672c-42f4-aa55-0cb8af9bb980
544990,2023-04-26,385.0,2023-02-24,346.0,0.639344262295082,405.64,6e05d9d5-6117-4125-9f4f-e822e8849b14
544998,2023-04-26,404.0,2023-02-24,365.0,0.639344262295082,417.34,ead07cf1-8194-478d-a480-be209599e95e
554800,2023-05-11,708.0,2023-03-21,652.0,1.09803921568627,,e16ffb1b-58ea-448d-bdd5-b6031b803ad2
554812,2023-05-11,684.0,2023-02-23,586.0,1.27272727272727,654.18,d3cd4678-7a06-4fbf-a34f-840eaa69dc25
360189,2022-06-13,321.0,2022-05-12,326.0,-0.15625,358.4,307b6a1b-c728-4bcc-acf4-136f654b4c79
360195,2022-06-13,339.0,2022-05-11,326.0,0.393939393939394,359.78,3d1b6096-8528-40be-9136-c0fbee0a0409
360200,2022-06-13,331.0,2022-05-12,311.0,0.625,343.32,204c79ea-7f9a-443f-866f-6005b2594f18
360227,2022-06-13,291.0,2022-05-11,287.0,0.121212121212121,316.88,36464cde-376e-4905-8e6e-2b9f5b50f6ac
360237,2022-06-13,300.0,2022-05-12,275.0,0.78125,305.79,5f093683-cd91-483a-9d7c-0a85462dcb21
360238,2022-06-13,318.0,2022-05-12,300.0,0.5625,331.61,da54e5a2-fbfb-4b1d-8ec7-c4d5f6ed26ed
360244,2022-06-13,270.0,2022-05-12,266.0,0.125,291.05,d135f560-fce2-4697-8472-475fa113bfa5
505015,2023-02-09,361.0,2023-01-19,319.0,2.0,339.96,848faff4-2437-43e4-b4ff-cd23fc286d2b
505017,2023-02-09,353.0,2023-01-19,325.0,1.33333333333333,343.83,65f487a5-84e6-477b-a155-72076465193a
505021,2023-02-09,341.0,2023-01-19,315.0,1.23809523809524,334.09,a4e4c0c0-632c-43f9-8421-8fe59205c796
505023,2023-02-09,314.0,2023-01-19,294.0,0.952380952380952,313.36,e96b5f3d-1e36-4ce6-b1c1-d4a0d88a8fed
505025,2023-02-09,345.0,2023-01-19,317.0,1.33333333333333,337.88,6e05d9d5-6117-4125-9f4f-e822e8849b14
505033,2023-02-09,316.0,2023-01-19,294.0,1.04761904761905,313.25,5b34f6b4-21f5-4ead-b8db-21a17ba34064
505614,2023-02-10,385.0,2023-01-19,358.0,1.22727272727273,377.18,429ecd7c-7c76-4a7e-8ea2-a84b6db136b4
505616,2023-02-10,271.0,2023-01-19,257.0,0.636363636363636,277.13,74927492-8cbb-4407-bdb9-f0925032cf04
512499,2023-02-23,538.0,2023-01-11,502.0,0.837209302325581,517.4,1e4c1a5b-fdf3-4a86-a5e6-fb3ed7a43b25
512502,2023-02-23,596.0,2023-01-11,564.0,0.744186046511628,601.62,76bd650b-ee38-480f-adbf-158e59b02bbc
512520,2023-02-23,586.0,2023-01-11,560.0,0.604651162790698,598.33,d3cd4678-7a06-4fbf-a34f-840eaa69dc25
512524,2023-02-23,564.0,2023-01-11,520.0,1.02325581395349,560.51,54075dd7-1e64-4dc5-adbf-ca9b1721c08d
512527,2023-02-23,518.0,2023-01-11,488.0,0.697674418604651,528.59,18f97093-31a0-40be-930b-b9c9065e908f
512635,2023-02-23,380.0,2023-02-09,377.0,0.214285714285714,390.39,4df4bf16-ae17-462f-8f08-d54c9155eea1
512639,2023-02-23,359.0,2023-02-09,357.0,0.142857142857143,370.67,3a9fbcaf-2ad7-495c-9a65-8e2485c6d76f
513635,2023-02-24,357.0,2023-02-09,354.0,0.2,368.7,66de2643-672c-42f4-aa55-0cb8af9bb980
513646,2023-02-24,362.0,2023-02-09,353.0,0.6,366.18,c053432e-39c6-432c-b00a-701ea8574551
513648,2023-02-24,372.0,2023-02-09,367.0,0.333333333333333,379.8,04f40950-8f7b-4a22-a185-b632991f5d1a
513664,2023-02-24,387.0,2023-02-09,362.0,1.66666666666667,374.93,70924c60-c63e-4e77-a26a-78d3724cf761
513666,2023-02-24,339.0,2023-02-09,328.0,0.733333333333333,343.08,948ac2a7-1ca1-4ac8-8d25-7c93a0f6e5b6
513669,2023-02-24,319.0,2023-02-09,321.0,-0.133333333333333,334.85,0c0cc03b-31f2-43ba-b6f5-fdb2a834ca9c
528431,2023-03-21,762.0,2023-02-01,710.0,1.08333333333333,745.87,b527a952-472b-4d32-8f0a-7a1b51230bdb
528456,2023-03-21,544.0,2023-02-01,510.0,0.708333333333333,550.2,eecdebfc-1721-4d03-8a68-a0c5f7e16a6f
528463,2023-03-21,468.0,2023-02-01,444.0,0.5,484.41,6e69a279-d52d-432d-a9cf-1531b4425c2f
528469,2023-03-21,307.0,2023-02-01,283.0,0.5,325.93,756cb43f-663a-4181-ac7e-22d3b4fb3671
528479,2023-03-21,347.0,2023-02-01,307.0,0.833333333333333,348.69,54e2440f-5c63-4799-9c34-64ebd8412f6d
528489,2023-03-21,305.0,2023-02-01,265.0,0.833333333333333,313.79,2f565052-6bf6-4611-987c-0130e1895b28
528508,2023-03-21,287.0,2023-02-01,278.0,0.1875,320.94,9e7e0ecf-f0af-4557-9f88-53ea88c7b0ee
528509,2023-03-21,352.0,2023-02-01,304.0,1.0,350.52,8d717b40-9f9d-463e-b7e3-e7c788fac928
528518,2023-03-21,343.0,2023-02-01,304.0,0.8125,350.44,81d6091a-fb13-4559-a689-bb34b89045e7
528520,2023-03-21,708.0,2023-02-01,678.0,0.625,,fffd1f96-ac35-48d5-8fba-2abf682c23a2
528535,2023-03-21,656.0,2023-02-01,618.0,0.791666666666667,,77068f6c-24b7-4f43-811a-8c868027d248
528543,2023-03-21,788.0,2023-02-01,766.0,0.458333333333333,,7f423ba4-3f38-40c6-af18-4a6fc2258ec2
528545,2023-03-21,560.0,2023-02-01,538.0,0.458333333333333,578.44,8d33ddcf-e011-4c86-87fb-b6e45db15bc6
528565,2023-03-21,447.0,2023-02-01,414.0,0.6875,454.37,a2cf5259-32ec-45fa-83e4-e2225fed4074
528568,2023-03-21,522.0,2023-02-01,504.0,0.375,544.45,b30ecc30-110f-4d65-893e-343ef12b8fe0
528572,2023-03-21,570.0,2023-02-01,560.0,0.208333333333333,578.56,cd67bab6-f739-4268-a885-d2e6e0685498
172873,2021-07-30,167.0,2021-07-13,147.0,1.17647058823529,,851fc06d-0ee6-4d88-858e-487cad378e00
172843,2021-07-30,164.0,2021-07-27,159.0,1.66666666666667,,59a33b26-bd16-4e40-b289-7a163a96ff69
172884,2021-07-30,151.0,2021-05-24,76.0,1.11940298507463,,7a6f5768-be48-4a27-a956-c1582edef8bd
172859,2021-07-30,163.0,2021-07-13,143.0,1.17647058823529,,25de4b95-2102-48b0-94f2-e559a3315bb9
341075,2022-05-11,305.0,2022-03-18,277.0,0.518518518518518,327.08,599b5295-1660-48f7-8b1b-61494fe7fb8f
341078,2022-05-11,288.0,2022-03-21,272.0,0.313725490196078,320.41,8e899911-5d88-4ff5-bf15-7f86902cbdc3
341088,2022-05-11,297.0,2022-03-21,278.0,0.372549019607843,325.41,468d9197-2e40-46dd-854d-47353c0a66af
341101,2022-05-11,271.0,2022-03-21,243.0,0.549019607843137,290.78,a696591b-d1de-4f1e-bfdf-9d68a0d691cb
341402,2022-05-12,256.0,2022-03-18,217.0,0.709090909090909,270.11,4bf63f47-bd63-4c0c-a826-0028fa35bed7
341411,2022-05-12,294.0,2022-03-18,282.0,0.218181818181818,333.46,54e8cc83-b361-481e-a243-c7da1171c9f1
341412,2022-05-12,276.0,2022-03-21,257.0,0.365384615384615,310.12,5b692764-0f74-40af-8f63-279d4d99a4f7
341440,2022-05-12,296.0,2022-03-21,273.0,0.442307692307692,321.59,f72c65b9-046d-4017-996c-06a1c692ad07
341446,2022-05-12,267.0,2022-03-18,227.0,0.727272727272727,280.19,f28c4440-3b18-4b5e-aa84-6d1c706b75bb
341474,2022-05-12,324.0,2022-03-21,316.0,0.153846153846154,369.51,b6f9888b-3cdd-4836-9eaf-8547b5545a71
341487,2022-05-12,292.0,2022-03-18,251.0,0.745454545454545,306.66,41d0e4b4-4f8b-4b75-9fc5-0d795b99d606
341527,2022-05-12,212.0,2022-03-18,188.0,0.436363636363636,234.64,ed295c2d-7cbe-4cd9-9aa2-8d0117558505
544947,2023-04-26,445.0,2023-02-23,415.0,0.483870967741935,472.02,a10906f3-e68c-4d8e-8c66-6fac44c07739
544954,2023-04-26,463.0,2023-02-24,424.0,0.639344262295082,479.43,f161da6c-1ac0-4ae0-a5ac-6a2e60cf25dd
544961,2023-04-26,417.0,2023-02-24,388.0,0.475409836065574,439.55,4bfe6032-bbe1-485e-8b29-2aa4a92ee6f1
544972,2023-04-26,366.0,2023-02-24,335.0,0.508196721311475,389.67,fd5a7845-2b68-403b-b2ac-31b26a2cf779
544977,2023-04-26,431.0,2023-02-24,397.0,0.557377049180328,453.02,31eac5fd-2662-4c6b-8c19-c5278b07e200
544979,2023-04-26,426.0,2023-02-24,387.0,0.639344262295082,438.17,70924c60-c63e-4e77-a26a-78d3724cf761
544982,2023-04-26,419.0,2023-02-24,377.0,0.688524590163934,434.59,d4275e18-239e-4fda-a44b-647e248a73e2
544983,2023-04-26,411.0,2023-02-24,391.0,0.327868852459016,442.93,ee190171-ca2b-4a88-9a71-86024433464c
544991,2023-04-26,380.0,2023-02-24,356.0,0.39344262295082,409.67,65f487a5-84e6-477b-a155-72076465193a
544992,2023-04-26,375.0,2023-02-23,348.0,0.435483870967742,403.71,f068c0bd-12be-4798-b721-3fecbfd6f223
544997,2023-04-26,454.0,2023-02-23,404.0,0.806451612903226,461.54,8b9c0475-b9bc-4ba3-9502-ccd88983b7eb
545000,2023-04-26,376.0,2023-02-24,381.0,-0.0819672131147541,432.92,7b7a7362-09be-4ab1-8de1-f0241d79eb80
545006,2023-04-26,385.0,2023-02-24,346.0,0.639344262295082,399.85,6355ee6d-2b7f-41ef-a572-680669f2c8e8
545014,2023-04-26,383.0,2023-02-24,356.0,0.442622950819672,409.86,c6606413-32f6-48c4-bd0c-e975206ecfa6
545015,2023-04-26,439.0,2023-02-24,387.0,0.852459016393443,438.35,ecb4d09b-7f83-4b96-9596-74e087374223
545020,2023-04-26,375.0,2023-02-23,351.0,0.387096774193548,410.75,ead78669-f157-494e-9345-a6a9d45ce623
545028,2023-04-26,420.0,2023-02-24,376.0,0.721311475409836,433.73,6d2b90b8-67d7-428d-b09b-58f9a61f56eb
545042,2023-04-26,378.0,2023-02-24,358.0,0.327868852459016,417.41,9752003e-df4a-483c-ac38-ca254b62cb3a
545048,2023-04-26,449.0,2023-02-24,416.0,0.540983606557377,466.37,85dba3b1-819b-4c61-b64c-9584d64f9236
554799,2023-05-11,674.0,2023-03-21,654.0,0.392156862745098,,d61092eb-216c-4c4f-b9c8-85a0fef2b465
554803,2023-05-11,630.0,2023-02-23,504.0,1.63636363636364,574.79,b29855ea-fc76-473a-8eae-ef265ff062f0
554808,2023-05-11,676.0,2023-02-23,590.0,1.11688311688312,657.96,6648cc1b-183c-4027-85ab-6dc618fcbe51
554809,2023-05-11,578.0,2023-02-23,500.0,1.01298701298701,570.22,b6d71a01-13f8-49ce-8063-e370e9b886e6
554811,2023-05-11,540.0,2023-02-23,495.0,0.584415584415584,558.37,14a3a047-94a6-4279-859c-8ddd4a18e4f9
360190,2022-06-13,267.0,2022-05-12,256.0,0.34375,285.87,10505166-001b-47f2-b1e8-cbd9f1405ff1
360193,2022-06-13,287.0,2022-05-12,270.0,0.53125,297.57,772e9de5-97ee-40e8-a68a-bea8a93d162b
360216,2022-06-13,304.0,2022-05-12,284.0,0.625,315.44,7c71a4e5-2aaa-4128-a459-d303465e217b
360232,2022-06-13,281.0,2022-05-12,264.0,0.53125,291.59,426d14b9-0224-42f6-a8c1-06220e03d3cc
360236,2022-06-13,280.0,2022-05-12,256.0,0.75,286.32,4bf63f47-bd63-4c0c-a826-0028fa35bed7
360240,2022-06-13,279.0,2022-05-12,282.0,-0.09375,310.92,c9a0375a-6664-4bee-84dd-3a4bc874c716
360281,2022-06-13,284.0,2022-05-12,274.0,0.3125,301.55,e23b1341-3436-4815-a65e-69f3eb8c1046
360287,2022-06-13,317.0,2022-05-12,324.0,-0.21875,356.38,3e3814ed-dd36-4f8f-a95b-c83696470c1e
360293,2022-06-13,275.0,2022-05-12,273.0,0.0625,303.94,62b6642f-bab9-4187-baa2-c34c32f0da99
360298,2022-06-13,307.0,2022-05-12,285.0,0.6875,316.34,7657550f-b2af-46c9-a2d2-e500b8137e6e
360307,2022-06-13,319.0,2022-05-12,318.0,0.03125,347.79,7236d2de-605d-48f3-8aab-b565d7ed1308
360320,2022-06-13,296.0,2022-05-11,288.0,0.242424242424242,314.81,576abf73-7ebd-4b36-82cd-13dcc5ae96a2
172861,2021-07-30,169.0,2021-07-13,149.0,1.17647058823529,,c9a0375a-6664-4bee-84dd-3a4bc874c716
172869,2021-07-30,147.0,2021-05-24,71.0,1.13432835820896,,aaef8b89-3f92-4e01-af76-a83fcecfe24d
172877,2021-07-30,160.0,2021-07-13,176.0,-0.941176470588235,,eb52a3f3-c890-4fd5-b34d-fb02216a103b
360258,2022-06-13,328.0,2022-05-12,304.0,0.75,336.2,ce6db7ba-255e-43f3-ba67-5fcd4ceb5db6
360261,2022-06-13,307.0,2022-05-11,287.0,0.606060606060606,316.79,fc4288b4-5b7a-41b6-bede-bec057f584f7
360268,2022-06-13,308.0,2022-05-12,287.0,0.65625,316.85,3cbdf922-6d25-4a37-96de-2c76d8e27744
360270,2022-06-13,316.0,2022-05-11,286.0,0.909090909090909,315.75,7cc80a5c-c9cd-4f94-9c03-206e273ba25e
360275,2022-06-13,341.0,2022-05-11,317.0,0.727272727272727,350.75,94ef4975-18ad-47fc-ad00-47860bfe378d
360276,2022-06-13,268.0,2022-05-12,261.0,0.21875,288.67,e21ebd7c-194f-4c30-8309-3b859da8e8ff
360315,2022-06-13,288.0,2022-05-12,287.0,0.03125,316.56,10675540-984d-4638-a65f-c875e78dd191
360322,2022-06-13,244.0,2022-05-12,229.0,0.46875,256.37,cb9947fa-0f01-4d11-a616-60c4c9d8a78c
172888,2021-07-30,173.0,2021-05-24,88.0,1.26865671641791,,47d0b5d2-80dc-49ef-b8e6-a69628b876d3
172907,2021-07-27,169.5,2021-07-12,145.0,1.63333333333333,,e0f5d5df-2f38-4583-be9e-2a226a583f51
172910,2021-07-27,153.0,2021-07-12,142.0,0.733333333333333,,ee195c95-8a17-484b-905a-e51ba97db105
172930,2021-07-27,152.5,2021-07-12,133.0,1.3,,30af59e6-1ced-4d0b-82af-c1b2c3b8562b
172932,2021-07-27,185.5,2021-07-12,154.5,2.06666666666667,,92791ba9-9ef0-428c-8491-94a3d68cd64c
172944,2021-07-27,143.5,2021-07-12,126.5,1.13333333333333,,174e649d-949a-4485-b84b-cc8a82f49104
172962,2021-07-27,144.5,2021-07-12,131.5,0.866666666666667,,3769fe44-8393-4fff-a46c-a8e88b86fa0a
172893,2021-07-27,178.5,2021-07-12,156.5,1.46666666666667,178.5,71576c82-e36a-4689-88ed-a32ce75cdf7b
172972,2021-07-27,179.5,2021-07-12,160.0,1.3,,916570a8-fbaf-4e9b-a844-d09b852f14be
172973,2021-07-27,136.5,2021-07-12,121.5,1.0,,9b006116-8236-457d-871d-e3f3c3130322
387856,2022-08-02,341.0,2022-06-13,275.0,1.32,321.09,9b006116-8236-457d-871d-e3f3c3130322
387881,2022-08-02,388.0,2022-06-13,334.0,1.08,379.09,599b5295-1660-48f7-8b1b-61494fe7fb8f
387882,2022-08-02,353.0,2022-06-13,275.0,1.56,316.3,9cdda4fd-c9b4-45b3-8ec7-ec1551598f99
387883,2022-08-02,379.0,2022-06-13,319.0,1.2,364.84,7236d2de-605d-48f3-8aab-b565d7ed1308
387892,2022-08-02,344.0,2022-06-13,293.0,1.02,337.71,204f1a14-0a08-4e81-8d01-bbd8984e47dd
387893,2022-08-02,292.0,2022-06-13,245.0,0.94,282.17,0b44fb0a-839a-4381-91b8-f12e6d529818
387929,2022-08-02,256.0,2022-06-13,204.0,1.04,244.65,174e649d-949a-4485-b84b-cc8a82f49104
387945,2022-08-02,305.0,2022-06-13,259.0,0.92,295.37,d15dbda9-1a3e-44fc-9061-2a7a7f1e792d
387949,2022-08-02,228.0,2022-06-13,181.0,0.94,224.01,100df59b-ccad-4d8e-903d-1734692290b9
387964,2022-08-02,376.0,2022-06-13,311.0,1.3,357.11,b2376ee4-76ce-4671-bc98-393e4fc51a22
387966,2022-08-02,315.0,2022-06-13,252.0,1.26,295.84,794977d9-b83d-4f58-a813-59ae139776b9
387970,2022-08-02,391.0,2022-06-13,332.0,1.18,382.32,4b315846-1c64-455c-9121-6e27c1dc4d9e
387978,2022-08-02,349.0,2022-06-13,293.0,1.12,336.91,26781a67-e991-479c-948a-3ac8ed7c0c70
387980,2022-08-02,313.0,2022-06-13,269.0,0.88,308.92,c15bb521-f9e0-441f-aa0a-477371816bd4
387981,2022-08-02,322.0,2022-06-13,244.0,1.56,285.41,cb9947fa-0f01-4d11-a616-60c4c9d8a78c
387991,2022-08-02,350.0,2022-06-13,301.0,0.98,348.04,18082121-85e5-4058-97cd-572766f087d5
593900,2023-07-27,391.0,2023-03-21,278.0,0.8828125,395.42,fdb1ce61-da53-4554-836e-b54360cc188f
593909,2023-07-27,454.0,2023-03-21,343.0,0.8671875,463.69,6d596a9e-5671-4d92-aa86-a249ea51bada
595685,2023-08-02,373.0,2023-07-27,362.0,1.83333333333333,367.58,0500fabf-73a3-4fc4-8295-f5c85fe7e6f3
595699,2023-08-02,383.0,2023-03-21,270.0,0.843283582089552,392.43,c9cfd07f-691c-44f9-a79d-4baf6c9bb7a8
595712,2023-08-02,456.0,2023-03-21,341.0,0.858208955223881,467.39,1afce454-f7ae-40e2-9377-29f189fe0083
595721,2023-08-02,403.0,2023-03-21,272.0,0.977611940298508,394.21,fdb94142-da49-4be5-aca8-e9907e181a10
595722,2023-08-02,388.0,2023-02-23,256.0,0.825,401.24,6ece9069-1934-4c92-8796-7040873a14ee
595728,2023-08-02,432.0,2023-07-27,419.0,2.16666666666667,424.71,5b682352-bfa0-4c57-9453-fd82e84a1a24
595731,2023-08-02,454.0,2023-07-27,461.0,-1.16666666666667,466.52,8d717b40-9f9d-463e-b7e3-e7c788fac928
595745,2023-08-02,388.0,2023-07-27,379.0,1.5,384.39,4e682816-8f5e-404b-954a-af25eeeb20c7
398613,2022-08-24,381.0,2022-08-02,360.0,0.954545454545455,381.81,80d161ce-1387-4198-85dc-79933f2d6cdd
398627,2022-08-24,392.0,2022-08-02,353.0,1.77272727272727,374.57,7c71a4e5-2aaa-4128-a459-d303465e217b
398645,2022-08-24,368.0,2022-08-02,347.0,0.954545454545455,366.6,fc505bba-136b-44a0-8a3a-3694fbf7a83d
187126,2021-10-07,188.0,2021-07-30,168.0,0.289855072463768,233.36,d87278e0-1e2b-4a28-8d73-9af8b7303792
187127,2021-10-07,218.0,2021-07-27,199.0,0.263888888888889,272.04,3ffa7e4d-232c-4d1d-b146-90ea8aa42803
187350,2021-10-07,176.5,2021-07-30,169.0,0.108695652173913,233.97,c9a0375a-6664-4bee-84dd-3a4bc874c716
187370,2021-10-07,163.0,2021-07-27,144.5,0.256944444444444,221.41,3769fe44-8393-4fff-a46c-a8e88b86fa0a
187390,2021-10-07,177.0,2021-07-30,160.0,0.246376811594203,225.31,7236d2de-605d-48f3-8aab-b565d7ed1308
187090,2021-10-07,147.0,2021-07-27,132.5,0.201388888888889,209.95,a1075b21-93bf-4250-83a2-27a2f1dfc7f7
187110,2021-10-07,162.5,2021-07-27,137.0,0.354166666666667,212.52,f7d8ae65-1bdd-4175-bdc7-a610e24b7b78
187412,2021-10-07,196.5,2021-07-27,182.0,0.201388888888889,249.66,817c7a05-6fb8-47a5-8d32-7fde6d4b4cb1
187072,2021-10-07,178.5,2021-07-30,147.0,0.456521739130435,212.99,aaef8b89-3f92-4e01-af76-a83fcecfe24d
187095,2021-10-07,193.5,2021-05-24,80.0,0.834558823529412,224.9,677f0633-2c4e-4df8-9436-d7ce9fee055f
187115,2021-10-07,172.0,2021-07-30,151.0,0.304347826086957,217.17,7a6f5768-be48-4a27-a956-c1582edef8bd
187357,2021-10-07,162.0,2021-07-27,142.0,0.277777777777778,211.9,dc6105c9-f04e-4a6a-8b18-5aed301814a3
187117,2021-10-07,167.0,2021-07-30,142.0,0.36231884057971,208.73,26781a67-e991-479c-948a-3ac8ed7c0c70
187379,2021-10-07,164.5,2021-07-27,153.0,0.159722222222222,228.57,10505166-001b-47f2-b1e8-cbd9f1405ff1
187120,2021-10-07,188.5,2021-07-27,179.5,0.125,247.22,916570a8-fbaf-4e9b-a844-d09b852f14be
187381,2021-10-07,168.5,2021-07-27,136.5,0.444444444444444,213.17,10fc5193-b249-4c70-9526-c316b8991d10
187364,2021-10-07,165.0,2021-07-30,149.0,0.231884057971014,215.76,5cd4959d-1f34-4ad0-9ee9-6ff829f0d823
602256,2023-08-15,465.0,2023-04-26,446.0,0.171171171171171,547.92,6f4331c8-c8f0-4235-a5e9-f26b2b3cf2a5
602263,2023-08-15,451.0,2023-04-26,439.0,0.108108108108108,529.92,ecb4d09b-7f83-4b96-9596-74e087374223
602266,2023-08-15,438.0,2023-04-26,434.0,0.036036036036036,527.08,cd754558-e60b-4a7a-9aa5-4b729fb8add9
602281,2023-08-15,431.0,2023-02-24,372.0,0.343023255813953,515.78,04f40950-8f7b-4a22-a185-b632991f5d1a
602290,2023-08-15,423.0,2023-04-26,398.0,0.225225225225225,493.95,8359768c-46c9-42c5-83ab-58c32b1913ca
602295,2023-08-15,466.0,2023-04-26,433.0,0.297297297297297,535.46,5a9c9653-08d2-47df-b6b0-475855d5267a
602305,2023-08-15,446.0,2023-04-26,397.0,0.441441441441441,493.19,d5328262-ba23-45e6-8fb1-b7ef77d100a1
602309,2023-08-15,430.0,2023-04-26,412.0,0.162162162162162,506.03,2beefdc0-2da5-4ae5-9880-8b20ff078794
602315,2023-08-15,389.0,2023-04-26,371.0,0.162162162162162,468.93,affc71e8-ae23-49d1-b03c-15f85d55cb0a
602329,2023-08-15,500.0,2023-04-26,463.0,0.333333333333333,562.6,f161da6c-1ac0-4ae0-a5ac-6a2e60cf25dd
602332,2023-08-15,444.0,2023-04-26,416.0,0.252252252252252,511.25,429ecd7c-7c76-4a7e-8ea2-a84b6db136b4
300594,2022-03-18,282.0,2022-02-24,286.0,-0.181818181818182,306.87,54e8cc83-b361-481e-a243-c7da1171c9f1
300603,2022-03-18,248.0,2022-02-24,245.0,0.136363636363636,266.0,f017d746-ba14-4e49-b447-a3386c36c339
300610,2022-03-18,238.0,2022-02-24,230.0,0.363636363636364,250.53,7a6f5768-be48-4a27-a956-c1582edef8bd
225742,2021-11-25,230.0,2021-10-07,196.0,0.693877551020408,,9cdda4fd-c9b4-45b3-8ec7-ec1551598f99
300612,2022-03-18,202.0,2022-02-24,201.0,0.0454545454545455,217.93,1a86b86a-9752-4970-954f-64dde17567d4
300615,2022-03-18,221.0,2022-02-24,249.0,-1.27272727272727,269.84,c4ff9044-f451-47a2-9cf5-55e81ed5b1c0
300616,2022-03-18,251.0,2022-02-24,248.0,0.136363636363636,268.47,534fbf9d-f759-4dbf-be3d-7fae26224280
285536,2022-02-24,284.0,2021-11-25,243.0,0.450549450549451,328.77,599b5295-1660-48f7-8b1b-61494fe7fb8f
285537,2022-02-24,223.0,2021-11-25,193.5,0.324175824175824,280.76,426d14b9-0224-42f6-a8c1-06220e03d3cc
285538,2022-02-24,215.0,2021-11-25,209.0,0.0659340659340659,296.37,aaef8b89-3f92-4e01-af76-a83fcecfe24d
285539,2022-02-24,178.0,2021-11-25,158.0,0.21978021978022,251.03,ed295c2d-7cbe-4cd9-9aa2-8d0117558505
300619,2022-03-18,219.0,2022-02-24,219.0,0.0,239.05,e21ebd7c-194f-4c30-8309-3b859da8e8ff
285552,2022-02-24,263.0,2021-11-25,228.0,0.384615384615385,322.37,460a6994-f926-4308-bf0c-b5a6381512f8
285554,2022-02-24,215.0,2021-11-25,190.5,0.269230769230769,279.03,7f2ed266-5e35-4217-b200-c4c24f9a5b81
172851,2021-07-30,140.0,2021-07-27,136.0,1.33333333333333,,ee6baaff-0973-4bbd-950a-25e1b8fd9ffc
172871,2021-07-30,165.0,2021-05-24,90.0,1.11940298507463,,460a6994-f926-4308-bf0c-b5a6381512f8
172894,2021-07-29,135.0,2021-07-27,138.0,-1.5,,7f2ed266-5e35-4217-b200-c4c24f9a5b81
172895,2021-07-27,125.5,2021-07-12,115.0,0.7,,0bb32681-df31-45cf-a36d-ba2f828fe7ef
172898,2021-07-27,176.5,2021-07-12,154.5,1.46666666666667,,ea36d045-53e6-4411-a6ae-bd9a9ddc3678
172902,2021-07-27,177.5,2021-07-12,158.0,1.3,,c2b35033-a714-4db3-964c-6b546bf7e6b5
172903,2021-07-27,170.5,2021-07-12,149.0,1.43333333333333,,450110bf-06d1-4305-a82c-0dcdff2f8125
172905,2021-07-27,165.5,2021-07-12,144.0,1.43333333333333,,36464cde-376e-4905-8e6e-2b9f5b50f6ac
172911,2021-07-27,132.5,2021-07-12,114.5,1.2,,a1075b21-93bf-4250-83a2-27a2f1dfc7f7
172924,2021-07-27,173.0,2021-07-12,148.5,1.63333333333333,,9cdda4fd-c9b4-45b3-8ec7-ec1551598f99
172928,2021-07-27,131.5,2021-07-12,118.5,0.866666666666667,,4bf63f47-bd63-4c0c-a826-0028fa35bed7
172953,2021-07-27,141.5,2021-07-12,108.25,2.21666666666667,,5b692764-0f74-40af-8f63-279d4d99a4f7
172966,2021-07-27,159.5,2021-07-12,137.0,1.5,,307b6a1b-c728-4bcc-acf4-136f654b4c79
172970,2021-07-27,172.5,2021-07-12,153.5,1.26666666666667,,18082121-85e5-4058-97cd-572766f087d5
387854,2022-08-02,379.0,2022-06-13,337.0,0.84,386.83,acf4d7a0-71c0-47df-816c-f329c66d204b
387857,2022-08-02,387.0,2022-06-13,345.0,0.84,395.11,a10fd2a0-c2de-43e9-b168-f9f1dd50e9a3
387864,2022-08-02,366.0,2022-06-13,307.0,1.18,351.35,fc4288b4-5b7a-41b6-bede-bec057f584f7
387865,2022-08-02,374.0,2022-06-13,301.0,1.46,351.37,1214fada-f7ac-49f6-9fee-05ef8a6656d6
387877,2022-08-02,355.0,2022-06-13,288.0,1.34,331.56,10675540-984d-4638-a65f-c875e78dd191
387880,2022-08-02,353.0,2022-06-13,304.0,0.98,352.52,7c71a4e5-2aaa-4128-a459-d303465e217b
387897,2022-08-02,374.0,2022-06-13,336.0,0.76,385.97,dfe4916e-fbf0-4218-9227-3c1b173154e7
387906,2022-08-02,353.0,2022-06-13,290.0,1.26,337.31,5b692764-0f74-40af-8f63-279d4d99a4f7
387909,2022-08-02,332.0,2022-05-11,308.0,0.289156626506024,383.39,3f0f81b1-2459-4fa3-954b-08cbda4f0c9c
387914,2022-08-02,364.0,2022-06-13,316.0,0.96,360.91,59a33b26-bd16-4e40-b289-7a163a96ff69
387922,2022-08-02,347.0,2022-06-13,292.0,1.1,333.67,41bc9ba9-2733-4772-817d-d6c5e9bf2da9
387925,2022-08-02,347.0,2022-06-13,295.0,1.04,339.65,7c0be3de-f78b-427a-9101-1d53cf41e03f
387938,2022-08-02,361.0,2022-06-13,309.0,1.04,352.1,92791ba9-9ef0-428c-8491-94a3d68cd64c
387958,2022-08-02,345.0,2022-06-13,296.0,0.98,340.93,f017d746-ba14-4e49-b447-a3386c36c339
387963,2022-08-02,367.0,2022-06-13,305.0,1.24,355.51,769df82a-1233-4165-9f29-f4673d49c1e6
387971,2022-08-02,396.0,2022-06-13,343.0,1.06,393.01,75b8502a-448c-4253-8ac7-12128953c367
387976,2022-08-02,328.0,2022-06-13,274.0,1.08,314.84,20683aca-2a94-4fbf-aa99-4938547710ca
593893,2023-07-27,427.0,2023-03-21,333.0,0.734375,443.78,c4823188-e9e7-4f73-8b6b-c198de6e9ef3
593902,2023-07-27,475.0,2023-03-21,347.0,1.0,465.62,12c02466-05e7-4de5-a0e5-c271f0522dec
593904,2023-07-27,396.0,2023-03-21,308.0,0.6875,422.29,348e366a-3904-46aa-926d-49f9069d23fa
595683,2023-08-02,467.0,2023-07-27,455.0,2.0,460.54,f6e6742d-ed4f-46bb-afda-c6db63cbd496
595695,2023-08-02,447.0,2023-07-27,454.0,-1.16666666666667,459.57,6d596a9e-5671-4d92-aa86-a249ea51bada
595700,2023-08-02,384.0,2023-03-21,282.0,0.761194029850746,403.27,9bfed2f7-1cea-446e-b86a-b5ced5720a1c
595701,2023-08-02,418.0,2023-03-21,285.0,0.992537313432836,415.31,06ab4e04-1447-47a0-9a20-a6f7573939c5
595706,2023-08-02,398.0,2023-07-27,399.0,-0.166666666666667,404.31,74927492-8cbb-4407-bdb9-f0925032cf04
595707,2023-08-02,431.0,2023-07-27,435.0,-0.666666666666667,440.74,54312981-5301-421f-94cd-85781227e1a5
595711,2023-08-02,493.0,2023-03-21,383.0,0.82089552238806,503.19,a05c4d98-4083-4591-b168-f13b68fb3716
595713,2023-08-02,410.0,2023-07-27,416.0,-1.0,421.34,97269045-03c2-4112-830d-bd36b56c0028
595714,2023-08-02,358.0,2023-03-21,240.0,0.880597014925373,367.23,ddfcc222-bc46-4460-bd06-e35a539344cb
595720,2023-08-02,459.0,2023-03-21,334.0,0.932835820895522,460.13,5902ff4e-3a0a-4272-84cf-c15cf171b168
595723,2023-08-02,342.0,2023-03-21,255.0,0.649253731343284,378.79,3b61ddb0-9951-4167-8bb0-f2db4c59310b
595734,2023-08-02,405.0,2023-03-21,302.0,0.76865671641791,434.11,cd4edef4-67ec-425d-8cf4-2d8c827043a0
595736,2023-08-02,447.0,2023-07-27,446.0,0.166666666666667,451.58,66efe458-3762-40f8-a87b-9030804e95ae
595737,2023-08-02,462.0,2023-03-21,371.0,0.67910447761194,493.82,98665798-dd78-4998-895f-085627726723
595740,2023-08-02,387.0,2023-07-27,400.0,-2.16666666666667,405.4,b676c359-5cc0-4f2f-b58f-377d679b4124
398603,2022-08-24,368.0,2022-08-02,348.0,0.909090909090909,368.06,8e899911-5d88-4ff5-bf15-7f86902cbdc3
398606,2022-08-24,345.0,2022-08-02,321.0,1.09090909090909,339.16,c4ff9044-f451-47a2-9cf5-55e81ed5b1c0
398626,2022-08-24,366.0,2022-08-02,348.0,0.818181818181818,367.34,772e9de5-97ee-40e8-a68a-bea8a93d162b
398639,2022-08-24,303.0,2022-08-02,272.0,1.40909090909091,289.19,ed295c2d-7cbe-4cd9-9aa2-8d0117558505
398640,2022-08-24,407.0,2022-08-02,392.0,0.681818181818182,413.93,460a6994-f926-4308-bf0c-b5a6381512f8
187125,2021-10-07,186.0,2021-07-30,155.0,0.449275362318841,227.71,41d0e4b4-4f8b-4b75-9fc5-0d795b99d606
187107,2021-10-07,196.5,2021-07-30,170.0,0.384057971014493,235.17,09b9adf2-df24-4e7b-8794-e4d923221da4
187410,2021-10-07,183.5,2021-07-30,159.0,0.355072463768116,225.15,074dd80e-919b-49ca-a068-4fe4cbc338a5
187351,2021-10-07,188.0,2021-07-30,167.0,0.304347826086957,232.56,fc4288b4-5b7a-41b6-bede-bec057f584f7
187391,2021-10-07,171.5,2021-07-27,154.5,0.236111111111111,223.78,711324dc-fdd4-4676-ad01-cdf72761afeb
187071,2021-10-07,196.0,2021-07-27,173.0,0.319444444444444,240.5,9cdda4fd-c9b4-45b3-8ec7-ec1551598f99
187392,2021-10-07,169.0,2021-07-30,145.0,0.347826086956522,211.18,f017d746-ba14-4e49-b447-a3386c36c339
187373,2021-10-07,172.5,2021-07-30,155.0,0.253623188405797,221.29,468d9197-2e40-46dd-854d-47353c0a66af
187093,2021-10-07,175.5,2021-07-27,162.0,0.1875,230.23,fc505bba-136b-44a0-8a3a-3694fbf7a83d
187355,2021-10-07,171.5,2021-07-30,164.0,0.108695652173913,229.15,63a0f877-1980-433d-bb58-b3de18f91328
187356,2021-10-07,207.0,2021-07-30,173.0,0.492753623188406,245.96,3d1b6096-8528-40be-9136-c0fbee0a0409
187377,2021-10-07,199.0,2021-07-30,172.0,0.391304347826087,245.82,1214fada-f7ac-49f6-9fee-05ef8a6656d6
187417,2021-10-07,181.0,2021-07-30,154.0,0.391304347826087,225.66,ecb127fd-6380-42bb-8622-d9815649ef65
187102,2021-10-07,201.0,2021-07-27,182.5,0.256944444444444,256.3,75b8502a-448c-4253-8ac7-12128953c367
187122,2021-10-07,174.0,2021-07-27,162.0,0.166666666666667,230.54,c4ff9044-f451-47a2-9cf5-55e81ed5b1c0
187083,2021-10-07,181.0,2021-07-27,166.5,0.201388888888889,235.59,4c28394a-6075-48a2-931f-ecb1cff20437
187344,2021-10-07,205.0,2021-07-27,176.5,0.395833333333333,244.04,ea36d045-53e6-4411-a6ae-bd9a9ddc3678
187104,2021-10-07,171.0,2021-07-27,136.5,0.479166666666667,213.21,9b006116-8236-457d-871d-e3f3c3130322
187345,2021-10-07,201.0,2021-07-27,161.5,0.548611111111111,230.12,772e9de5-97ee-40e8-a68a-bea8a93d162b
602262,2023-08-15,445.0,2023-04-26,408.0,0.333333333333333,513.81,6ec13b00-476e-4ff1-8735-3ab79b4fb9a5
602278,2023-08-15,408.0,2023-04-26,385.0,0.207207207207207,482.01,db8e96cd-8a53-43b8-a241-6cebe548edc1
602282,2023-08-15,463.0,2023-04-26,406.0,0.513513513513513,512.04,dd5a21f8-7431-4713-ae6b-7b8bf03d74e0
602287,2023-08-15,516.0,2023-04-26,484.0,0.288288288288288,581.77,ce4d4f46-2b0a-4a6e-9ab5-679659c5557a
602291,2023-08-15,413.0,2023-04-26,380.0,0.297297297297297,479.25,4ffa997c-8b3e-40af-a6d4-e806b0acef59
602294,2023-08-15,469.0,2023-04-26,453.0,0.144144144144144,552.46,3e8f638b-9280-49e7-82e8-bb295905f0dd
602296,2023-08-15,502.0,2023-04-26,471.0,0.279279279279279,569.17,c415e974-0993-4a38-af16-caf9c7330113
602311,2023-08-15,453.0,2023-04-26,422.0,0.279279279279279,525.83,52986aaa-9c04-4bfa-bfa1-4f19f07681cf
602313,2023-08-15,379.0,2023-04-26,341.0,0.342342342342342,443.03,0c0cc03b-31f2-43ba-b6f5-fdb2a834ca9c
302671,2022-03-21,243.0,2022-02-07,214.0,0.69047619047619,253.91,a696591b-d1de-4f1e-bfdf-9d68a0d691cb
300598,2022-03-18,268.0,2022-03-16,262.0,3.0,263.84,92791ba9-9ef0-428c-8491-94a3d68cd64c
300600,2022-03-18,205.0,2022-02-24,201.0,0.181818181818182,221.06,2793257a-bdaf-4345-b9cf-8a10d591ea96
302673,2022-03-21,273.0,2022-02-07,244.0,0.69047619047619,283.55,bd6b975e-0547-43f2-9e62-c8459e257806
302674,2022-03-21,232.0,2022-02-07,205.0,0.642857142857143,245.52,3769fe44-8393-4fff-a46c-a8e88b86fa0a
285533,2022-02-24,231.0,2021-11-25,182.5,0.532967032967033,278.91,dc2df3cb-1e9f-4439-a29d-65eec0e61960
285542,2022-02-24,250.0,2021-11-25,228.0,0.241758241758242,315.03,59a33b26-bd16-4e40-b289-7a163a96ff69
285551,2022-02-24,236.0,2021-11-25,203.0,0.362637362637363,290.91,ea36d045-53e6-4411-a6ae-bd9a9ddc3678
285555,2022-02-24,248.0,2021-11-25,218.0,0.32967032967033,305.45,4c28394a-6075-48a2-931f-ecb1cff20437
285559,2022-02-24,243.0,2021-11-25,213.0,0.32967032967033,309.0,f7100a7e-adb5-4969-b1d3-c0a7dfd6e2b0
225760,2021-11-25,203.0,2021-10-07,205.0,-0.0408163265306122,,ea36d045-53e6-4411-a6ae-bd9a9ddc3678
302686,2022-03-21,287.0,2022-02-07,234.0,1.26190476190476,277.34,c5ea6027-1812-4e5b-a236-900372433c03
302688,2022-03-21,251.0,2022-02-07,209.0,1.0,247.99,a7ca25f7-d17f-41ce-9f6a-f9df97c5b5d5
225770,2021-11-25,231.0,2021-10-07,184.0,0.959183673469388,,534fbf9d-f759-4dbf-be3d-7fae26224280
225765,2021-11-25,182.5,2021-10-07,160.0,0.459183673469388,,dc2df3cb-1e9f-4439-a29d-65eec0e61960
302639,2022-03-21,290.0,2022-02-07,248.0,1.0,287.96,7cc80a5c-c9cd-4f94-9c03-206e273ba25e
302645,2022-03-21,251.0,2022-02-07,203.0,1.14285714285714,245.82,0bb32681-df31-45cf-a36d-ba2f828fe7ef
302647,2022-03-21,310.0,2022-02-07,253.0,1.35714285714286,297.07,94ef4975-18ad-47fc-ad00-47860bfe378d
302648,2022-03-21,231.0,2021-11-25,166.5,0.556034482758621,275.06,8cf7af38-5759-4525-aac2-96fdc0a6010d
462683,2022-11-30,278.0,2022-11-09,256.0,1.04761904761905,278.0,dbe16846-6952-4102-bf02-b1c8c8321952
462690,2022-11-30,325.0,2022-11-09,301.0,1.14285714285714,325.0,22a008b4-b9bd-45de-a1e6-3c3f9d0d67a1
462912,2022-11-30,288.0,2022-11-09,273.0,0.714285714285714,292.26,4ffa997c-8b3e-40af-a6d4-e806b0acef59
462691,2022-11-30,270.0,2022-11-09,255.0,0.714285714285714,270.0,3a9fbcaf-2ad7-495c-9a65-8e2485c6d76f
462914,2022-11-30,282.0,2022-11-09,260.0,1.04761904761905,279.33,d5328262-ba23-45e6-8fb1-b7ef77d100a1
462684,2022-11-30,332.0,2022-11-09,306.0,1.23809523809524,332.0,cd754558-e60b-4a7a-9aa5-4b729fb8add9
462928,2022-11-30,251.0,2022-11-09,245.0,0.285714285714286,264.41,5b34f6b4-21f5-4ead-b8db-21a17ba34064
462931,2022-11-30,294.0,2022-11-09,263.0,1.47619047619048,282.01,ead07cf1-8194-478d-a480-be209599e95e
462933,2022-11-30,253.0,2022-11-09,244.0,0.428571428571429,263.87,0c0cc03b-31f2-43ba-b6f5-fdb2a834ca9c
462954,2022-11-30,279.0,2022-11-09,266.0,0.619047619047619,287.26,c26a3485-77a8-4cc6-a174-9888a89537e1
462956,2022-11-30,352.0,2022-11-09,326.0,1.23809523809524,346.08,6f4331c8-c8f0-4235-a5e9-f26b2b3cf2a5
462960,2022-11-30,293.0,2022-11-09,275.0,0.857142857142857,293.89,e3824554-5f89-43a0-96ca-e64b62e6143b
462974,2022-11-30,253.0,2022-11-09,238.0,0.714285714285714,257.72,fd5a7845-2b68-403b-b2ac-31b26a2cf779
462978,2022-11-30,191.0,2022-11-09,166.0,1.19047619047619,186.32,74927492-8cbb-4407-bdb9-f0925032cf04
475656,2022-12-21,317.0,2022-11-30,291.0,1.23809523809524,312.17,ef16d4b4-7d59-4678-b45c-05e8eb6e0f72
475662,2022-12-21,305.0,2022-11-30,302.0,0.142857142857143,322.83,1493f341-3231-4c9c-950c-c623e9c53516
475669,2022-12-21,290.0,2022-11-30,283.0,0.333333333333333,304.26,8c6748b0-8942-4ac3-8af2-95c9732c595c
475674,2022-12-21,326.0,2022-11-30,307.0,0.904761904761905,327.46,3e8f638b-9280-49e7-82e8-bb295905f0dd
475686,2022-12-21,346.0,2022-11-30,325.0,1.0,344.28,22a008b4-b9bd-45de-a1e6-3c3f9d0d67a1
475700,2022-12-21,317.0,2022-11-30,293.0,1.14285714285714,311.76,e3824554-5f89-43a0-96ca-e64b62e6143b
475704,2022-12-21,260.0,2022-11-30,253.0,0.333333333333333,272.95,0c0cc03b-31f2-43ba-b6f5-fdb2a834ca9c
475705,2022-12-21,265.0,2022-11-30,257.0,0.380952380952381,276.36,e590bf7f-85cf-4979-85dc-4ec647c22bd4
475708,2022-12-21,298.0,2022-11-30,287.0,0.523809523809524,305.9,db8e96cd-8a53-43b8-a241-6cebe548edc1
475713,2022-12-21,300.0,2022-11-30,283.0,0.80952380952381,302.14,60abe2c3-a4a2-45a0-a1ac-6c050a23edc5
475714,2022-12-21,269.0,2022-11-30,259.0,0.476190476190476,278.5,c8e42b20-ae5c-4776-8eed-8b0bf6db4837
475718,2022-12-21,306.0,2022-11-30,286.0,0.952380952380952,304.92,ecb4d09b-7f83-4b96-9596-74e087374223
475728,2022-12-21,275.0,2022-11-30,254.0,1.0,275.94,9af8f6ea-f849-467f-852a-906c756939c5
691873,2024-01-09,548.0,2023-11-10,538.0,0.166666666666667,595.24,7ce69f8f-5ae4-40c1-80b2-d8399f1edb64
691876,2024-01-09,506.0,2023-11-10,514.0,-0.133333333333333,571.61,6ec13b00-476e-4ff1-8735-3ab79b4fb9a5
691881,2024-01-09,566.0,2023-11-10,558.0,0.133333333333333,613.47,c26a3485-77a8-4cc6-a174-9888a89537e1
691885,2024-01-09,578.0,2023-11-10,574.0,0.0666666666666667,628.43,c415e974-0993-4a38-af16-caf9c7330113
691895,2024-01-09,472.0,2023-11-10,475.0,-0.05,532.49,9752003e-df4a-483c-ac38-ca254b62cb3a
691897,2024-01-09,482.0,2023-11-10,460.0,0.366666666666667,512.16,60abe2c3-a4a2-45a0-a1ac-6c050a23edc5
691907,2024-01-09,437.0,2023-11-10,429.0,0.133333333333333,481.3,e96b5f3d-1e36-4ce6-b1c1-d4a0d88a8fed
691908,2024-01-09,446.0,2023-11-10,435.0,0.183333333333333,487.05,49122c85-c7e7-4c14-b789-01facd490b2b
692408,2024-01-09,532.0,2023-11-10,498.0,0.566666666666667,555.51,0543830f-d978-435f-a6d2-3affb01aa83c
692410,2024-01-09,532.0,2023-11-10,528.0,0.0666666666666667,584.9,a3c8002c-90b9-4997-a3ec-44db850810d2
692411,2024-01-09,482.0,2023-11-10,477.0,0.0833333333333333,529.89,e590bf7f-85cf-4979-85dc-4ec647c22bd4
692415,2024-01-09,528.0,2023-11-10,554.0,-0.433333333333333,603.65,ecb4d09b-7f83-4b96-9596-74e087374223
692417,2024-01-09,516.0,2023-11-10,528.0,-0.2,585.53,4df4bf16-ae17-462f-8f08-d54c9155eea1
692423,2024-01-09,512.0,2023-11-10,518.0,-0.1,570.22,e372da76-027c-47f6-a629-7bd21120a292
693244,2024-01-10,572.0,2023-11-20,542.0,0.588235294117647,587.22,3dbc8f17-1d17-4c76-9bb1-9526dbea57eb
693263,2024-01-10,456.0,2023-11-20,457.0,-0.0196078431372549,507.09,a4236c6f-f859-4557-95d7-939805fc4c6d
693269,2024-01-10,562.0,2023-11-20,548.0,0.274509803921569,593.35,f6e6742d-ed4f-46bb-afda-c6db63cbd496
693270,2024-01-10,466.0,2023-11-20,462.0,0.0784313725490196,505.78,817b566c-d929-4166-97f3-b4131f9a439e
693275,2024-01-10,514.0,2023-11-20,493.0,0.411764705882353,540.06,06ab4e04-1447-47a0-9a20-a6f7573939c5
693282,2024-01-10,512.0,2023-11-20,500.0,0.235294117647059,546.9,267387f8-faea-4f92-b0e4-8de10af42b56
693288,2024-01-10,534.0,2023-11-20,518.0,0.313725490196078,564.62,f5756d9b-968b-4514-ba6a-73fddae62f20
492037,2023-01-19,312.0,2022-12-21,284.0,0.96551724137931,313.04,ead78669-f157-494e-9345-a6a9d45ce623
492050,2023-01-19,325.0,2022-12-21,298.0,0.931034482758621,327.21,0543830f-d978-435f-a6d2-3affb01aa83c
492176,2023-01-19,357.0,2022-12-21,303.0,1.86206896551724,331.51,31eac5fd-2662-4c6b-8c19-c5278b07e200
492179,2023-01-19,323.0,2022-12-21,290.0,1.13793103448276,319.35,9752003e-df4a-483c-ac38-ca254b62cb3a
492191,2023-01-19,338.0,2022-12-21,313.0,0.862068965517241,341.8,595efe9c-c095-4374-ad95-2777b5604f37
492203,2023-01-19,422.0,2022-12-21,387.0,1.20689655172414,413.61,ce4d4f46-2b0a-4a6e-9ab5-679659c5557a
492521,2023-01-19,350.0,2022-12-21,311.0,1.3448275862069,336.61,70924c60-c63e-4e77-a26a-78d3724cf761
492529,2023-01-19,327.0,2022-12-21,309.0,0.620689655172414,334.56,ead07cf1-8194-478d-a480-be209599e95e
492730,2023-01-11,520.0,2022-09-05,445.0,0.5859375,520.0,54075dd7-1e64-4dc5-adbf-ca9b1721c08d
492737,2023-01-11,578.0,2022-09-05,485.0,0.7265625,578.0,cf789cda-d884-47fd-909c-89ad44ed15c8
492747,2023-01-11,592.0,2022-09-05,482.0,0.859375,592.0,9a51e268-9319-4753-93c9-988ca6643094
271328,2022-02-03,209.0,2021-11-25,186.0,0.328571428571429,253.75,c4ff9044-f451-47a2-9cf5-55e81ed5b1c0
270883,2022-02-03,212.0,2021-11-25,193.5,0.264285714285714,212.0,426d14b9-0224-42f6-a8c1-06220e03d3cc
270890,2022-02-03,211.0,2021-11-25,207.0,0.0571428571428571,211.0,7a6f5768-be48-4a27-a956-c1582edef8bd
272975,2022-02-07,205.0,2021-11-25,185.5,0.263513513513513,263.73,5b692764-0f74-40af-8f63-279d4d99a4f7
272988,2022-02-07,234.0,2021-11-25,192.0,0.567567567567568,264.21,3cbdf922-6d25-4a37-96de-2c76d8e27744
272989,2022-02-07,243.0,2021-11-25,204.0,0.527027027027027,282.16,ecb127fd-6380-42bb-8622-d9815649ef65
272997,2022-02-07,264.0,2021-11-25,207.0,0.77027027027027,278.58,797565bb-9968-444b-9af2-9eac79ca44c6
273003,2022-02-07,218.0,2021-11-25,194.5,0.317567567567568,266.71,204f1a14-0a08-4e81-8d01-bbd8984e47dd
273007,2022-02-07,209.0,2021-11-25,180.5,0.385135135135135,252.01,20683aca-2a94-4fbf-aa99-4938547710ca
273013,2022-02-07,258.0,2021-11-25,217.0,0.554054054054054,287.91,851fc06d-0ee6-4d88-858e-487cad378e00
273026,2022-02-07,209.0,2021-11-25,180.5,0.385135135135135,252.44,a7ca25f7-d17f-41ce-9f6a-f9df97c5b5d5
273028,2022-02-07,212.0,2021-11-25,174.5,0.506756756756757,253.24,3873163d-60a2-440b-91aa-e9903ea15236
274532,2022-02-08,231.0,2022-02-03,216.0,3.0,221.04,8f32d77c-b2e8-4b8a-9bcc-9fc078370e3f
274535,2022-02-08,244.0,2022-02-03,225.0,3.8,230.14,e0f5d5df-2f38-4583-be9e-2a226a583f51
716286,2024-02-12,500.0,2024-01-09,484.0,0.470588235294118,513.06,65f487a5-84e6-477b-a155-72076465193a
716290,2024-02-12,558.0,2024-01-09,538.0,0.588235294117647,567.6,22a008b4-b9bd-45de-a1e6-3c3f9d0d67a1
716292,2024-02-12,554.0,2024-01-09,532.0,0.647058823529412,561.24,d5328262-ba23-45e6-8fb1-b7ef77d100a1
300571,2022-03-18,233.0,2022-02-24,228.0,0.227272727272727,250.93,3f5016c5-dcc8-4703-9591-0a49ceeb8e42
721490,2024-02-16,467.0,2024-01-09,441.0,0.684210526315789,470.23,f068c0bd-12be-4798-b721-3fecbfd6f223
721491,2024-02-16,542.0,2024-01-09,548.0,-0.157894736842105,583.79,7ce69f8f-5ae4-40c1-80b2-d8399f1edb64
721495,2024-02-16,512.0,2024-01-09,504.0,0.210526315789474,536.63,a080d453-0391-4fc0-a77a-0c6e2ccad31c
721500,2024-02-16,506.0,2024-01-09,514.0,-0.210526315789474,546.5,c6606413-32f6-48c4-bd0c-e975206ecfa6
721504,2024-02-16,514.0,2024-01-09,491.0,0.605263157894737,523.45,80a38c8e-29a8-4129-9cf8-4d45b712730c
721506,2024-02-16,490.0,2024-01-09,470.0,0.526315789473684,505.64,948ac2a7-1ca1-4ac8-8d25-7c93a0f6e5b6
172919,2021-07-27,160.5,2021-07-12,140.0,1.36666666666667,,acc88bb0-1086-4949-8a1b-eb06ca314923
172933,2021-07-27,181.0,2021-07-12,160.5,1.36666666666667,,dfe4916e-fbf0-4218-9227-3c1b173154e7
172943,2021-07-27,134.0,2021-07-12,135.0,-0.0666666666666667,,b4ac2737-81b5-4900-9bd0-0d7b41381495
172947,2021-07-27,148.0,2021-07-12,129.0,1.26666666666667,,c5ea6027-1812-4e5b-a236-900372433c03
172965,2021-07-27,153.0,2021-07-12,139.5,0.9,,10505166-001b-47f2-b1e8-cbd9f1405ff1
172976,2021-07-27,167.5,2021-07-12,154.5,0.866666666666667,,3dde5fe3-7132-49f8-8373-deae64b515a6
387853,2022-08-02,307.0,2022-06-13,282.0,0.5,324.93,a7ca25f7-d17f-41ce-9f6a-f9df97c5b5d5
387858,2022-08-02,328.0,2022-06-13,284.0,0.88,327.76,aaef8b89-3f92-4e01-af76-a83fcecfe24d
387860,2022-08-02,354.0,2022-06-13,292.0,1.24,335.53,7cea2341-82f2-44a5-bbe5-db0fd8548fe7
387868,2022-08-02,338.0,2022-06-13,289.0,0.98,336.03,7fa8f41a-e525-43cc-b219-e33af5f85ac4
387870,2022-08-02,347.0,2022-06-13,316.0,0.62,361.31,7cc80a5c-c9cd-4f94-9c03-206e273ba25e
387871,2022-08-02,328.0,2022-06-13,279.0,0.98,321.08,c9a0375a-6664-4bee-84dd-3a4bc874c716
387876,2022-08-02,288.0,2022-06-13,247.0,0.82,279.69,1a86b86a-9752-4970-954f-64dde17567d4
387886,2022-08-02,366.0,2022-06-13,306.0,1.2,345.91,6dd09559-842f-400f-b1de-3e824510afc5
387908,2022-08-02,363.0,2022-06-13,328.0,0.7,377.82,ce6db7ba-255e-43f3-ba67-5fcd4ceb5db6
387918,2022-08-02,313.0,2022-06-13,274.0,0.78,317.6,eb52a3f3-c890-4fd5-b34d-fb02216a103b
387926,2022-08-02,383.0,2022-06-13,336.0,0.94,381.5,54e8cc83-b361-481e-a243-c7da1171c9f1
387931,2022-08-02,361.0,2022-06-13,310.0,1.02,353.92,3dde5fe3-7132-49f8-8373-deae64b515a6
387935,2022-08-02,345.0,2022-06-13,300.0,0.9,348.01,5f093683-cd91-483a-9d7c-0a85462dcb21
387952,2022-08-02,310.0,2022-06-13,267.0,0.86,308.35,94e6e067-695a-4884-b9f2-ccd1b6d78a72
387960,2022-08-02,297.0,2022-06-13,270.0,0.54,306.64,d135f560-fce2-4697-8472-475fa113bfa5
387983,2022-08-02,315.0,2022-06-13,274.0,0.82,316.71,a696591b-d1de-4f1e-bfdf-9d68a0d691cb
387986,2022-08-02,347.0,2022-06-13,298.0,0.98,341.9,fc505bba-136b-44a0-8a3a-3694fbf7a83d
387988,2022-08-02,323.0,2022-05-12,272.0,0.621951219512195,343.67,ecb70459-bb72-409e-92be-5b173681bbf8
593906,2023-07-27,379.0,2023-03-21,291.0,0.6875,405.14,4e682816-8f5e-404b-954a-af25eeeb20c7
593908,2023-07-27,404.0,2023-03-21,251.0,1.1953125,380.47,267387f8-faea-4f92-b0e4-8de10af42b56
595684,2023-08-02,463.0,2023-03-21,343.0,0.895522388059702,468.96,81d6091a-fb13-4559-a689-bb34b89045e7
595688,2023-08-02,467.0,2023-07-27,450.0,2.83333333333333,455.52,3dbc8f17-1d17-4c76-9bb1-9526dbea57eb
595691,2023-08-02,471.0,2023-03-21,352.0,0.888059701492537,464.88,cdd1a945-2f2e-4e8e-b802-7c7b50a326fe
595692,2023-08-02,400.0,2023-07-27,386.0,2.33333333333333,391.38,9e7e0ecf-f0af-4557-9f88-53ea88c7b0ee
595696,2023-08-02,456.0,2023-03-21,322.0,1.0,451.47,0e506764-c4e0-45fc-a47a-71196819ccf8
595709,2023-08-02,508.0,2023-03-21,386.0,0.91044776119403,506.64,e94e99fc-298f-4651-9671-979d8af3d478
595726,2023-08-02,417.0,2023-03-21,298.0,0.888059701492537,418.15,17ab27bc-dd83-46b0-a56d-ba78b41ee803
595727,2023-08-02,496.0,2023-03-21,361.0,1.00746268656716,485.01,e687fdc4-f885-44f2-9fc0-825602ab3158
595729,2023-08-02,396.0,2023-07-27,404.0,-1.33333333333333,409.74,267387f8-faea-4f92-b0e4-8de10af42b56
398623,2022-08-24,360.0,2022-08-02,354.0,0.272727272727273,373.88,7cea2341-82f2-44a5-bbe5-db0fd8548fe7
398629,2022-08-24,391.0,2022-08-02,367.0,1.09090909090909,388.82,966d5a86-1e7d-484c-a63e-ee9ec060e269
398648,2022-08-24,333.0,2022-08-02,312.0,0.954545454545455,331.31,2793257a-bdaf-4345-b9cf-8a10d591ea96
187085,2021-10-07,149.0,2021-07-27,129.5,0.270833333333333,199.81,a7ca25f7-d17f-41ce-9f6a-f9df97c5b5d5
187086,2021-10-07,179.5,2021-07-27,168.5,0.152777777777778,236.11,7cea2341-82f2-44a5-bbe5-db0fd8548fe7
187106,2021-10-07,195.5,2021-07-30,155.0,0.58695652173913,220.55,7c0be3de-f78b-427a-9101-1d53cf41e03f
187388,2021-10-07,170.0,2021-07-27,147.5,0.3125,222.55,3f5016c5-dcc8-4703-9591-0a49ceeb8e42
187389,2021-10-07,177.0,2021-07-30,156.0,0.304347826086957,221.35,a696591b-d1de-4f1e-bfdf-9d68a0d691cb
187371,2021-10-07,197.5,2021-07-27,173.0,0.340277777777778,240.89,e145607d-f135-4900-a295-61773942a02c
187131,2021-10-07,186.5,2021-07-27,160.5,0.361111111111111,228.93,acc88bb0-1086-4949-8a1b-eb06ca314923
187372,2021-10-07,196.0,2021-07-27,172.0,0.333333333333333,246.94,acf4d7a0-71c0-47df-816c-f329c66d204b
187374,2021-10-07,201.0,2021-07-30,182.0,0.27536231884058,253.87,1979ed3c-5f0a-434b-915d-2eab9ada0d43
187375,2021-10-07,186.0,2021-07-30,163.0,0.333333333333333,228.13,25de4b95-2102-48b0-94f2-e559a3315bb9
187096,2021-10-07,180.0,2021-07-30,158.0,0.318840579710145,217.51,d135f560-fce2-4697-8472-475fa113bfa5
187437,2021-10-07,122.5,2021-07-27,121.5,0.0138888888888889,199.71,ed295c2d-7cbe-4cd9-9aa2-8d0117558505
187077,2021-10-07,139.0,2021-07-27,125.5,0.1875,202.37,0bb32681-df31-45cf-a36d-ba2f828fe7ef
187398,2021-10-07,223.0,2021-07-27,181.0,0.583333333333333,254.91,dfe4916e-fbf0-4218-9227-3c1b173154e7
187121,2021-10-07,220.0,2021-07-27,197.5,0.3125,264.02,54e8cc83-b361-481e-a243-c7da1171c9f1
187423,2021-10-07,193.5,2021-07-27,185.5,0.111111111111111,252.94,92791ba9-9ef0-428c-8491-94a3d68cd64c
187084,2021-10-07,179.0,2021-07-27,151.5,0.381944444444444,220.96,9cd00ee2-afcb-4465-b229-398e609e3a0d
187124,2021-10-07,178.5,2021-07-27,160.0,0.256944444444444,229.13,7659379a-17a8-48ee-ae2a-51b8392be511
602254,2023-08-15,480.0,2023-04-26,424.0,0.504504504504504,527.54,c26a3485-77a8-4cc6-a174-9888a89537e1
602255,2023-08-15,446.0,2023-04-26,419.0,0.243243243243243,512.18,e3824554-5f89-43a0-96ca-e64b62e6143b
602264,2023-08-15,403.0,2023-04-26,368.0,0.315315315315315,478.4,8c6748b0-8942-4ac3-8af2-95c9732c595c
602272,2023-08-15,453.0,2023-04-26,409.0,0.396396396396396,515.17,7ce69f8f-5ae4-40c1-80b2-d8399f1edb64
602275,2023-08-15,477.0,2023-04-26,431.0,0.414414414414414,522.69,771c01c2-a602-4d4c-a343-f35d6c78ec19
602284,2023-08-15,404.0,2023-04-26,364.0,0.36036036036036,462.32,e590bf7f-85cf-4979-85dc-4ec647c22bd4
602299,2023-08-15,447.0,2023-04-26,384.0,0.567567567567568,491.79,848faff4-2437-43e4-b4ff-cd23fc286d2b
602306,2023-08-15,448.0,2023-04-26,411.0,0.333333333333333,516.88,5827ff23-bbd1-48c7-a099-84122d168ac7
602330,2023-08-15,444.0,2023-04-26,418.0,0.234234234234234,522.88,595efe9c-c095-4374-ad95-2777b5604f37
602334,2023-08-15,448.0,2023-04-26,420.0,0.252252252252252,523.12,6d2b90b8-67d7-428d-b09b-58f9a61f56eb
602337,2023-08-15,411.0,2023-04-26,384.0,0.243243243243243,492.26,3a9fbcaf-2ad7-495c-9a65-8e2485c6d76f
602339,2023-08-15,388.0,2023-04-26,393.0,-0.045045045045045,489.51,c053432e-39c6-432c-b00a-701ea8574551
271298,2022-02-03,222.0,2021-11-25,203.0,0.271428571428571,,ea36d045-53e6-4411-a6ae-bd9a9ddc3678
270874,2022-02-03,253.0,2021-11-25,241.0,0.171428571428571,253.0,abc94438-9ef6-47a6-9647-2a4c0111fe99
285530,2022-02-24,238.0,2021-11-25,208.0,0.32967032967033,303.94,82f1eae4-3385-4478-a5ea-70cd428474f3
285531,2022-02-24,248.0,2021-11-25,231.0,0.186813186813187,318.19,534fbf9d-f759-4dbf-be3d-7fae26224280
300618,2022-03-18,249.0,2022-02-24,239.0,0.454545454545455,259.4,7d499dfe-a781-423e-b384-770d65785fe4
302675,2022-03-21,259.0,2022-02-07,252.0,0.166666666666667,295.52,9a5d8d16-4004-4585-b500-3484bf8d8cd2
299366,2022-03-16,306.0,2022-02-24,292.0,0.7,310.9,73aac93a-bd7f-4e42-8843-5b6fa9356360
285558,2022-02-24,248.0,2021-11-25,230.0,0.197802197802198,324.79,e0f5d5df-2f38-4583-be9e-2a226a583f51
512500,2023-02-23,572.0,2023-01-11,536.0,0.837209302325581,574.97,d2a853cd-413f-4703-a2e0-b2fc553248df
512510,2023-02-23,504.0,2023-01-11,484.0,0.465116279069767,524.32,b29855ea-fc76-473a-8eae-ef265ff062f0
512511,2023-02-23,608.0,2023-01-11,578.0,0.697674418604651,615.62,cf789cda-d884-47fd-909c-89ad44ed15c8
512526,2023-02-23,466.0,2023-01-11,442.0,0.558139534883721,478.32,447091a5-26c1-4bd2-9d54-fc7229758fbb
512627,2023-02-23,399.0,2023-02-10,385.0,1.07692307692308,396.16,429ecd7c-7c76-4a7e-8ea2-a84b6db136b4
512631,2023-02-23,368.0,2023-02-09,361.0,0.5,374.66,dbe16846-6952-4102-bf02-b1c8c8321952
513081,2023-02-24,399.0,2023-02-09,383.0,1.06666666666667,399.0,771c01c2-a602-4d4c-a343-f35d6c78ec19
513084,2023-02-24,371.0,2023-02-09,371.0,0.0,371.0,d5328262-ba23-45e6-8fb1-b7ef77d100a1
513095,2023-02-24,417.0,2023-02-09,420.0,-0.2,417.0,c415e974-0993-4a38-af16-caf9c7330113
513098,2023-02-24,408.0,2023-02-09,398.0,0.666666666666667,408.0,5a9c9653-08d2-47df-b6b0-475855d5267a
513078,2023-02-24,371.0,2023-02-10,364.0,0.5,371.0,7f50ed19-0295-441d-be5c-b231333ed4df
513642,2023-02-24,364.0,2023-02-09,365.0,-0.0666666666666667,379.46,de3527e5-ed46-41e0-9fb8-0166a9e21fe6
513647,2023-02-24,388.0,2023-02-09,384.0,0.266666666666667,396.69,4bfe6032-bbe1-485e-8b29-2aa4a92ee6f1
513650,2023-02-24,336.0,2023-02-09,341.0,-0.333333333333333,354.43,a4e4c0c0-632c-43f9-8421-8fe59205c796
513653,2023-02-24,339.0,2023-02-09,337.0,0.133333333333333,350.23,e590bf7f-85cf-4979-85dc-4ec647c22bd4
513654,2023-02-24,337.0,2023-02-09,322.0,1.0,335.68,e7881883-ad23-45b4-9d6f-d1ab18c297d9
513662,2023-02-24,320.0,2023-02-09,318.0,0.133333333333333,331.6,8cb7b10f-7ecd-441a-bd83-48b7551a382f
513667,2023-02-24,369.0,2023-02-09,361.0,0.533333333333333,375.51,848faff4-2437-43e4-b4ff-cd23fc286d2b
513671,2023-02-24,376.0,2023-02-09,375.0,0.0666666666666667,389.2,6d2b90b8-67d7-428d-b09b-58f9a61f56eb
528436,2023-03-21,718.0,2023-02-01,680.0,0.791666666666667,,4d644097-211d-4078-9e08-8d6ff60dc5fd
528450,2023-03-21,397.0,2023-02-01,369.0,0.583333333333333,418.82,c1487d4c-d260-4505-94c5-612aa52b3b88
528467,2023-03-21,393.0,2023-02-01,352.0,0.854166666666667,398.05,9d0a4414-f0cd-417a-b806-3718101636e0
528480,2023-03-21,298.0,2023-02-01,297.0,0.0208333333333333,339.16,839129a2-d71f-4d4b-a945-5990579a7ed9
528495,2023-03-21,490.0,2023-02-01,441.0,1.02083333333333,481.65,70c47b6e-be9e-4621-8043-39f473c80abf
528505,2023-03-21,255.0,2023-02-01,247.0,0.166666666666667,291.21,3b61ddb0-9951-4167-8bb0-f2db4c59310b
528529,2023-03-21,698.0,2023-02-01,692.0,0.125,,0c2cbea2-9b54-48b6-a255-46a526300542
528547,2023-03-21,321.0,2023-02-01,287.0,0.708333333333333,334.08,32be6f70-14db-461a-9352-928509cc94c4
528562,2023-03-21,676.0,2023-02-01,656.0,0.416666666666667,,f86db5a5-8383-4e08-b700-96a68ef1e36c
528566,2023-03-21,371.0,2023-02-01,345.0,0.541666666666667,390.82,98665798-dd78-4998-895f-085627726723
528570,2023-03-21,568.0,2023-02-01,548.0,0.416666666666667,565.95,feec92fa-5e92-44a3-9d39-3724f87f1fa3
172857,2021-07-30,147.0,2021-05-27,74.0,1.140625,,6ce5069e-cad8-4001-89d2-26907dc4e819
172844,2021-07-30,168.0,2021-07-27,164.0,1.33333333333333,,d87278e0-1e2b-4a28-8d73-9af8b7303792
341074,2022-05-11,347.0,2022-03-18,296.0,0.944444444444444,351.39,3ffa7e4d-232c-4d1d-b146-90ea8aa42803
341089,2022-05-11,243.0,2022-03-21,248.0,-0.0980392156862745,299.37,9bf75b6b-81c9-491a-92eb-117622af2596
341093,2022-05-11,300.0,2022-03-21,295.0,0.0980392156862745,342.78,797565bb-9968-444b-9af2-9eac79ca44c6
341094,2022-05-11,291.0,2022-03-21,284.0,0.137254901960784,332.45,074dd80e-919b-49ca-a068-4fe4cbc338a5
341096,2022-05-11,258.0,2022-03-21,255.0,0.0588235294117647,302.39,dc6105c9-f04e-4a6a-8b18-5aed301814a3
341407,2022-05-12,315.0,2022-02-07,245.0,0.74468085106383,342.22,95e09ba6-f69a-4909-bce0-2b5920286336
341419,2022-05-12,285.0,2022-03-21,268.0,0.326923076923077,316.7,271c4d38-15d9-48ac-9d7c-f50f342d820e
341427,2022-05-12,274.0,2022-03-21,252.0,0.423076923076923,299.19,e23b1341-3436-4815-a65e-69f3eb8c1046
341445,2022-05-12,232.0,2022-03-18,202.0,0.545454545454545,241.62,1a86b86a-9752-4970-954f-64dde17567d4
341449,2022-05-12,264.0,2022-03-21,245.0,0.365384615384615,298.01,794977d9-b83d-4f58-a813-59ae139776b9
341451,2022-05-12,284.0,2022-03-18,254.0,0.545454545454545,309.99,7c71a4e5-2aaa-4128-a459-d303465e217b
341457,2022-05-12,272.0,2022-03-21,248.0,0.461538461538462,290.74,ee6baaff-0973-4bbd-950a-25e1b8fd9ffc
341460,2022-05-12,297.0,2022-03-21,293.0,0.0769230769230769,336.75,9a9b9363-b686-4e83-98f9-b10345d17857
341461,2022-05-12,280.0,2022-03-21,261.0,0.365384615384615,308.72,74c7e86f-14d9-4ca4-85c8-02fbbdc21fec
341472,2022-05-12,271.0,2022-03-21,302.0,-0.596153846153846,355.72,47d0b5d2-80dc-49ef-b8e6-a69628b876d3
341478,2022-05-12,300.0,2022-03-18,262.0,0.690909090909091,317.46,da54e5a2-fbfb-4b1d-8ec7-c4d5f6ed26ed
341480,2022-05-12,275.0,2022-03-18,239.0,0.654545454545455,293.29,5f093683-cd91-483a-9d7c-0a85462dcb21
341485,2022-05-12,326.0,2022-03-21,290.0,0.692307692307692,343.32,307b6a1b-c728-4bcc-acf4-136f654b4c79
341513,2022-05-12,259.0,2022-03-18,222.0,0.672727272727273,271.48,aaef8b89-3f92-4e01-af76-a83fcecfe24d
544952,2023-04-26,409.0,2023-02-24,397.0,0.19672131147541,454.41,7ce69f8f-5ae4-40c1-80b2-d8399f1edb64
544956,2023-04-26,372.0,2023-02-24,329.0,0.704918032786885,390.59,9af8f6ea-f849-467f-852a-906c756939c5
544969,2023-04-26,408.0,2023-02-24,393.0,0.245901639344262,450.4,6ec13b00-476e-4ff1-8735-3ab79b4fb9a5
544986,2023-04-26,364.0,2023-02-24,339.0,0.409836065573771,392.81,e590bf7f-85cf-4979-85dc-4ec647c22bd4
545012,2023-04-26,384.0,2023-02-23,359.0,0.403225806451613,419.34,3a9fbcaf-2ad7-495c-9a65-8e2485c6d76f
545013,2023-04-26,416.0,2023-02-23,380.0,0.580645161290323,439.06,4df4bf16-ae17-462f-8f08-d54c9155eea1
545023,2023-04-26,347.0,2023-02-24,319.0,0.459016393442623,374.27,5b34f6b4-21f5-4ead-b8db-21a17ba34064
554814,2023-05-11,656.0,2023-02-23,542.0,1.48051948051948,615.1,01b47142-7324-479e-8ce9-07b941d6c2fa
554816,2023-05-11,676.0,2023-02-23,596.0,1.03896103896104,662.44,76bd650b-ee38-480f-adbf-158e59b02bbc
360185,2022-06-13,312.0,2022-05-12,277.0,1.09375,307.76,f7100a7e-adb5-4969-b1d3-c0a7dfd6e2b0
360198,2022-06-13,290.0,2022-05-12,276.0,0.4375,308.36,3f5016c5-dcc8-4703-9591-0a49ceeb8e42
360209,2022-06-13,281.0,2022-05-12,270.0,0.34375,104.34,3873163d-60a2-440b-91aa-e9903ea15236
360218,2022-06-13,287.0,2022-05-12,280.0,0.21875,307.67,74c7e86f-14d9-4ca4-85c8-02fbbdc21fec
360234,2022-06-13,341.0,2022-05-12,324.0,0.53125,353.39,73aac93a-bd7f-4e42-8843-5b6fa9356360
360241,2022-06-13,323.0,2022-05-12,302.0,0.65625,334.52,460a6994-f926-4308-bf0c-b5a6381512f8
360251,2022-06-13,295.0,2022-05-12,275.0,0.625,304.01,7c0be3de-f78b-427a-9101-1d53cf41e03f
360252,2022-06-13,302.0,2022-05-11,304.0,-0.0606060606060606,333.69,9fbc75c7-95a5-4223-af2b-fe49dbdebecc
360254,2022-06-13,303.0,2022-05-12,296.0,0.21875,325.0,f72c65b9-046d-4017-996c-06a1c692ad07
360255,2022-06-13,293.0,2022-05-11,288.0,0.151515151515152,318.69,204f1a14-0a08-4e81-8d01-bbd8984e47dd
360262,2022-06-13,332.0,2022-03-21,291.0,0.488095238095238,377.4,4b315846-1c64-455c-9121-6e27c1dc4d9e
360264,2022-06-13,288.0,2022-05-12,268.0,0.625,295.68,5cd4959d-1f34-4ad0-9ee9-6ff829f0d823
360267,2022-06-13,274.0,2022-05-12,260.0,0.4375,290.3,10fc5193-b249-4c70-9526-c316b8991d10
360279,2022-06-13,319.0,2022-05-12,297.0,0.6875,323.41,9a9b9363-b686-4e83-98f9-b10345d17857
360282,2022-06-13,341.0,2022-05-11,323.0,0.545454545454545,356.81,ecb127fd-6380-42bb-8622-d9815649ef65
360296,2022-06-13,263.0,2022-05-12,235.0,0.875,262.43,a1075b21-93bf-4250-83a2-27a2f1dfc7f7
172853,2021-07-30,165.0,2021-07-27,161.0,1.33333333333333,,576abf73-7ebd-4b36-82cd-13dcc5ae96a2
172897,2021-07-27,122.0,2021-07-12,109.0,0.866666666666667,,9bf75b6b-81c9-491a-92eb-117622af2596
172901,2021-07-27,199.0,2021-07-12,168.5,2.03333333333333,,3ffa7e4d-232c-4d1d-b146-90ea8aa42803
172931,2021-07-27,148.0,2021-07-12,134.0,0.933333333333333,,966d5a86-1e7d-484c-a63e-ee9ec060e269
172935,2021-07-27,182.5,2021-07-12,159.5,1.53333333333333,,75b8502a-448c-4253-8ac7-12128953c367
172937,2021-07-27,127.5,2021-07-12,116.0,0.766666666666667,,6b16b4b8-9133-456c-a68c-358245e273e3
172949,2021-07-27,156.0,2021-07-12,136.0,1.33333333333333,,95e09ba6-f69a-4909-bce0-2b5920286336
172952,2021-07-27,151.5,2021-07-12,138.0,0.9,,9cd00ee2-afcb-4465-b229-398e609e3a0d
172967,2021-07-27,162.0,2021-07-12,145.0,1.13333333333333,,fc505bba-136b-44a0-8a3a-3694fbf7a83d
387855,2022-08-02,351.0,2022-06-13,302.0,0.98,345.16,797565bb-9968-444b-9af2-9eac79ca44c6
387861,2022-08-02,356.0,2022-06-13,312.0,0.88,361.0,f7100a7e-adb5-4969-b1d3-c0a7dfd6e2b0
387872,2022-08-02,396.0,2022-06-13,341.0,1.1,386.31,73aac93a-bd7f-4e42-8843-5b6fa9356360
387879,2022-08-02,356.0,2022-06-13,303.0,1.06,346.27,f72c65b9-046d-4017-996c-06a1c692ad07
387884,2022-08-02,313.0,2022-06-13,265.0,0.96,306.32,ece8071f-80b9-44b2-b343-1056e4a79dfd
387890,2022-08-02,337.0,2022-06-13,280.0,1.14,327.15,4bf63f47-bd63-4c0c-a826-0028fa35bed7
387899,2022-08-02,361.0,2022-06-13,298.0,1.26,341.76,09b9adf2-df24-4e7b-8794-e4d923221da4
387910,2022-08-02,349.0,2022-06-13,290.0,1.18,339.35,3f5016c5-dcc8-4703-9591-0a49ceeb8e42
387911,2022-08-02,350.0,2022-06-13,288.0,1.24,330.53,5cd4959d-1f34-4ad0-9ee9-6ff829f0d823
387915,2022-08-02,327.0,2022-06-13,275.0,1.04,320.82,62b6642f-bab9-4187-baa2-c34c32f0da99
387919,2022-08-02,318.0,2022-06-13,267.0,1.02,307.7,f2176e41-fb91-49b8-8d38-e7e6dc426909
387920,2022-08-02,333.0,2022-06-13,284.0,0.98,325.27,e23b1341-3436-4815-a65e-69f3eb8c1046
387933,2022-08-02,294.0,2022-06-13,251.0,0.86,288.03,9cd00ee2-afcb-4465-b229-398e609e3a0d
387943,2022-08-02,403.0,2022-06-13,343.0,1.2,393.21,abc94438-9ef6-47a6-9647-2a4c0111fe99
387944,2022-08-02,326.0,2022-06-13,268.0,1.16,311.94,ee195c95-8a17-484b-905a-e51ba97db105
387948,2022-08-02,350.0,2022-06-13,287.0,1.26,328.14,74c7e86f-14d9-4ca4-85c8-02fbbdc21fec
387955,2022-08-02,385.0,2022-06-13,321.0,1.28,370.7,307b6a1b-c728-4bcc-acf4-136f654b4c79
387972,2022-08-02,389.0,2022-06-13,314.0,1.5,363.03,c5ea6027-1812-4e5b-a236-900372433c03
387992,2022-08-02,332.0,2022-06-13,292.0,0.8,339.43,fe232bf8-1697-4993-9c1f-daab57c10edf
593889,2023-07-27,455.0,2023-03-21,350.0,0.8203125,469.22,f6e6742d-ed4f-46bb-afda-c6db63cbd496
593894,2023-07-27,399.0,2023-02-10,271.0,0.766467065868264,419.63,74927492-8cbb-4407-bdb9-f0925032cf04
593899,2023-07-27,362.0,2023-03-21,276.0,0.671875,394.75,0500fabf-73a3-4fc4-8295-f5c85fe7e6f3
595704,2023-08-02,490.0,2023-03-21,368.0,0.91044776119403,491.55,12356013-1e9f-452e-9cd8-944d0d18661b
595743,2023-08-02,481.0,2023-07-27,475.0,1.0,480.36,12c02466-05e7-4de5-a0e5-c271f0522dec
398619,2022-08-24,310.0,2022-08-02,288.0,1.0,302.66,1a86b86a-9752-4970-954f-64dde17567d4
398621,2022-08-24,332.0,2022-08-02,313.0,0.863636363636364,330.42,7659379a-17a8-48ee-ae2a-51b8392be511
398633,2022-08-24,350.0,2022-08-02,328.0,1.0,346.82,c9a0375a-6664-4bee-84dd-3a4bc874c716
398644,2022-08-24,342.0,2022-08-02,323.0,0.863636363636364,341.37,ecb70459-bb72-409e-92be-5b173681bbf8
187408,2021-10-07,169.5,2021-07-27,141.5,0.388888888888889,218.01,5b692764-0f74-40af-8f63-279d4d99a4f7
187108,2021-10-07,203.0,2021-07-27,169.5,0.465277777777778,244.01,e0f5d5df-2f38-4583-be9e-2a226a583f51
187129,2021-10-07,180.0,2021-07-27,172.5,0.104166666666667,247.4,18082121-85e5-4058-97cd-572766f087d5
187130,2021-10-07,184.5,2021-07-30,147.0,0.543478260869565,219.6,e08b2d7c-4a2d-4fd4-b3e3-9456bc7b9824
187092,2021-10-07,142.5,2021-07-27,134.5,0.111111111111111,211.58,fe232bf8-1697-4993-9c1f-daab57c10edf
187394,2021-10-07,185.0,2021-07-27,162.0,0.319444444444444,230.45,7cc80a5c-c9cd-4f94-9c03-206e273ba25e
187134,2021-10-07,184.5,2021-07-30,155.0,0.427536231884058,220.8,b2376ee4-76ce-4671-bc98-393e4fc51a22
187376,2021-10-07,137.5,2021-07-30,147.0,-0.13768115942029,220.53,6ce5069e-cad8-4001-89d2-26907dc4e819
187397,2021-10-07,136.0,2021-07-27,122.0,0.194444444444444,199.97,9bf75b6b-81c9-491a-92eb-117622af2596
187358,2021-10-07,201.0,2021-07-30,176.0,0.36231884057971,246.9,80d161ce-1387-4198-85dc-79933f2d6cdd
187418,2021-10-07,202.0,2021-07-27,166.0,0.5,240.81,a10fd2a0-c2de-43e9-b168-f9f1dd50e9a3
187359,2021-10-07,188.0,2021-07-30,172.0,0.231884057971014,237.2,bd6b975e-0547-43f2-9e62-c8459e257806
187360,2021-10-07,180.0,2021-07-29,135.0,0.642857142857143,202.85,7f2ed266-5e35-4217-b200-c4c24f9a5b81
187361,2021-10-07,206.0,2021-07-30,172.0,0.492753623188406,243.19,abc94438-9ef6-47a6-9647-2a4c0111fe99
187081,2021-10-07,165.5,2021-07-30,142.0,0.340579710144928,202.83,1a86b86a-9752-4970-954f-64dde17567d4
187101,2021-10-07,187.5,2021-07-30,158.0,0.427536231884058,217.93,b036f307-872d-442c-b59b-a9ff98733ced
187402,2021-10-07,166.5,2021-07-29,139.5,0.385714285714286,212.86,769df82a-1233-4165-9f29-f4673d49c1e6
187363,2021-10-07,203.0,2021-07-27,177.5,0.354166666666667,251.41,c2b35033-a714-4db3-964c-6b546bf7e6b5
187383,2021-10-07,150.5,2021-07-27,127.5,0.319444444444444,205.37,6b16b4b8-9133-456c-a68c-358245e273e3
187384,2021-10-07,188.5,2021-07-30,165.0,0.340579710144928,236.44,460a6994-f926-4308-bf0c-b5a6381512f8
187444,2021-10-07,177.5,2021-07-27,149.5,0.388888888888889,219.11,7d499dfe-a781-423e-b384-770d65785fe4
187365,2021-10-07,184.5,2021-07-30,165.0,0.282608695652174,224.43,576abf73-7ebd-4b36-82cd-13dcc5ae96a2
602258,2023-08-15,367.0,2023-04-26,365.0,0.018018018018018,465.67,e90a213d-9214-47b8-97c5-b8f6516ee30d
602265,2023-08-15,394.0,2023-04-26,366.0,0.252252252252252,465.16,fd5a7845-2b68-403b-b2ac-31b26a2cf779
602279,2023-08-15,444.0,2023-04-26,404.0,0.36036036036036,498.13,ead07cf1-8194-478d-a480-be209599e95e
602283,2023-08-15,408.0,2023-04-26,415.0,-0.0630630630630631,519.36,de3527e5-ed46-41e0-9fb8-0166a9e21fe6
602289,2023-08-15,459.0,2023-04-26,416.0,0.387387387387387,520.78,4df4bf16-ae17-462f-8f08-d54c9155eea1
602292,2023-08-15,434.0,2023-04-26,406.0,0.252252252252252,510.77,a3c8002c-90b9-4997-a3ec-44db850810d2
602293,2023-08-15,437.0,2023-04-26,383.0,0.486486486486487,481.17,c6606413-32f6-48c4-bd0c-e975206ecfa6
602303,2023-08-15,398.0,2023-04-26,370.0,0.252252252252252,469.11,e7881883-ad23-45b4-9d6f-d1ab18c297d9
602310,2023-08-15,453.0,2023-04-26,417.0,0.324324324324324,510.87,4bfe6032-bbe1-485e-8b29-2aa4a92ee6f1
602319,2023-08-15,402.0,2023-04-26,357.0,0.405405405405405,457.31,a080d453-0391-4fc0-a77a-0c6e2ccad31c
602327,2023-08-15,435.0,2023-04-26,419.0,0.144144144144144,522.1,d4275e18-239e-4fda-a44b-647e248a73e2
300601,2022-03-18,252.0,2022-03-16,257.0,-2.5,258.86,59a33b26-bd16-4e40-b289-7a163a96ff69
300604,2022-03-18,241.0,2022-02-24,225.0,0.727272727272727,245.65,6b25474f-866e-4efa-bbe9-ae9f50c78b4a
300605,2022-03-18,207.0,2022-02-24,208.0,-0.0454545454545455,229.2,30af59e6-1ced-4d0b-82af-c1b2c3b8562b
225768,2021-11-25,214.0,2021-10-07,187.5,0.540816326530612,,7c71a4e5-2aaa-4128-a459-d303465e217b
302672,2022-03-21,297.0,2022-02-07,243.0,1.28571428571429,287.07,ecb127fd-6380-42bb-8622-d9815649ef65
285526,2022-02-24,273.0,2021-11-25,247.0,0.285714285714286,340.53,dfe4916e-fbf0-4218-9227-3c1b173154e7
299365,2022-03-16,262.0,2022-02-24,242.0,1.0,260.26,92791ba9-9ef0-428c-8491-94a3d68cd64c
285541,2022-02-24,237.0,2021-11-25,213.0,0.263736263736264,309.04,8f32d77c-b2e8-4b8a-9bcc-9fc078370e3f
285547,2022-02-24,265.0,2021-11-25,247.0,0.197802197802198,341.14,da54e5a2-fbfb-4b1d-8ec7-c4d5f6ed26ed
285553,2022-02-24,277.0,2021-11-25,247.0,0.32967032967033,332.25,e145607d-f135-4900-a295-61773942a02c
285562,2022-02-24,229.0,2021-11-25,218.0,0.120879120879121,313.71,62b6642f-bab9-4187-baa2-c34c32f0da99
285563,2022-02-24,258.0,2021-11-25,228.0,0.32967032967033,322.7,80d161ce-1387-4198-85dc-79933f2d6cdd
512632,2023-02-23,348.0,2023-02-09,347.0,0.0714285714285714,359.44,80a38c8e-29a8-4129-9cf8-4d45b712730c
512636,2023-02-23,343.0,2023-02-09,342.0,0.0714285714285714,354.44,a080d453-0391-4fc0-a77a-0c6e2ccad31c
513082,2023-02-24,397.0,2023-02-09,390.0,0.466666666666667,397.0,31eac5fd-2662-4c6b-8c19-c5278b07e200
513099,2023-02-24,387.0,2023-02-09,380.0,0.466666666666667,387.0,2beefdc0-2da5-4ae5-9880-8b20ff078794
513103,2023-02-24,356.0,2023-02-09,351.0,0.333333333333333,356.0,c6606413-32f6-48c4-bd0c-e975206ecfa6
513638,2023-02-24,335.0,2023-02-09,324.0,0.733333333333333,337.59,fd5a7845-2b68-403b-b2ac-31b26a2cf779
513645,2023-02-24,356.0,2023-02-09,353.0,0.2,366.21,65f487a5-84e6-477b-a155-72076465193a
513651,2023-02-24,360.0,2023-02-09,362.0,-0.133333333333333,375.04,8359768c-46c9-42c5-83ab-58c32b1913ca
513652,2023-02-24,346.0,2023-02-09,345.0,0.0666666666666667,359.69,6e05d9d5-6117-4125-9f4f-e822e8849b14
513670,2023-02-24,339.0,2023-02-10,338.0,0.0714285714285714,350.4,affc71e8-ae23-49d1-b03c-15f85d55cb0a
172840,2021-07-30,155.0,2021-05-27,84.0,1.109375,,41d0e4b4-4f8b-4b75-9fc5-0d795b99d606
528433,2023-03-21,702.0,2023-02-01,656.0,0.958333333333333,,609bb931-fb2f-4236-9be4-dde6f6061aa5
528441,2023-03-21,766.0,2023-02-01,716.0,1.04166666666667,,996a3ccd-02bb-4217-867d-2e01f8beb862
528445,2023-03-21,688.0,2023-02-01,654.0,0.708333333333333,,6e4902df-479d-4ff3-9275-17372a9bc576
528447,2023-03-21,810.0,2023-02-01,794.0,0.333333333333333,,3d1b3af7-c6d8-4c75-8c67-24d5915c7e52
528449,2023-03-21,283.0,2023-02-01,259.0,0.5,302.36,954fa3c1-0176-4379-9da9-fcbfa72336e6
528457,2023-03-21,544.0,2023-02-01,488.0,1.16666666666667,530.27,44f4590e-5c01-43f9-8ca9-c1612bc47d5b
528460,2023-03-21,560.0,2023-02-01,512.0,1.0,552.7,f3ca58cb-dfc6-4de1-940a-43154284ff55
528461,2023-03-21,270.0,2023-02-01,242.0,0.583333333333333,286.56,c9cfd07f-691c-44f9-a79d-4baf6c9bb7a8
528468,2023-03-21,315.0,2023-02-01,265.0,1.04166666666667,309.77,97269045-03c2-4112-830d-bd36b56c0028
528472,2023-03-21,682.0,2023-02-01,644.0,0.791666666666667,,3d16d7df-2b91-4f74-9f77-9a334aea52ae
528476,2023-03-21,328.0,2023-02-01,286.0,0.875,333.13,66efe458-3762-40f8-a87b-9030804e95ae
528481,2023-03-21,235.0,2023-02-01,211.0,0.5,256.65,5d64573c-b720-4dca-a8b0-19744d9b4246
528486,2023-03-21,292.0,2023-02-01,265.0,0.5625,308.91,8091fa8e-1bbb-41fd-8b4f-ea355f640bc1
528487,2023-03-21,310.0,2023-02-01,279.0,0.645833333333333,325.52,491059e2-2ef6-4f1d-83ce-2d6511898780
528491,2023-03-21,642.0,2023-02-01,610.0,0.666666666666667,635.3,291cfc74-2a98-4bc8-be88-92126d20968e
528493,2023-03-21,516.0,2023-02-01,494.0,0.458333333333333,507.9,490951fb-0ec8-4df9-9d38-c284dcfa416b
528494,2023-03-21,578.0,2023-02-01,544.0,0.708333333333333,562.49,2b8f33e6-c262-4e13-89a5-ad6f60c10e4b
528500,2023-03-21,386.0,2023-02-01,366.0,0.416666666666667,414.44,e94e99fc-298f-4651-9671-979d8af3d478
528504,2023-03-21,652.0,2023-02-01,646.0,0.125,,e16ffb1b-58ea-448d-bdd5-b6031b803ad2
528515,2023-03-21,606.0,2023-02-01,548.0,1.20833333333333,565.59,fa0b5f4f-42aa-486e-9edc-296fe52ae400
528519,2023-03-21,522.0,2023-02-01,499.0,0.479166666666667,539.49,b0a43288-4f4e-4143-b8ca-29a7a2068c3b
528526,2023-03-21,350.0,2023-02-01,329.0,0.4375,374.28,f6e6742d-ed4f-46bb-afda-c6db63cbd496
528528,2023-03-21,304.0,2023-02-01,273.0,0.645833333333333,320.82,36d412bc-c361-4812-8106-b7675cdd15d3
528577,2023-03-21,368.0,2023-02-01,335.0,0.6875,380.23,12356013-1e9f-452e-9cd8-944d0d18661b
172842,2021-07-30,149.0,2021-07-27,144.0,1.66666666666667,,5cd4959d-1f34-4ad0-9ee9-6ff829f0d823
341083,2022-05-11,286.0,2022-03-21,290.0,-0.0784313725490196,337.9,7cc80a5c-c9cd-4f94-9c03-206e273ba25e
341097,2022-05-11,268.0,2022-03-18,242.0,0.481481481481481,290.55,5776f066-a82c-4f55-99be-d1e3be638c19
341413,2022-05-12,270.0,2022-03-21,250.0,0.384615384615385,303.67,3873163d-60a2-440b-91aa-e9903ea15236
341421,2022-05-12,245.0,2022-03-18,229.0,0.290909090909091,282.92,9b006116-8236-457d-871d-e3f3c3130322
341422,2022-05-12,299.0,2022-03-21,293.0,0.115384615384615,341.55,817c7a05-6fb8-47a5-8d32-7fde6d4b4cb1
341435,2022-05-12,277.0,2022-03-18,243.0,0.618181818181818,297.46,f7100a7e-adb5-4969-b1d3-c0a7dfd6e2b0
341441,2022-05-12,261.0,2022-03-18,219.0,0.763636363636364,267.08,e21ebd7c-194f-4c30-8309-3b859da8e8ff
341442,2022-05-12,285.0,2022-03-18,252.0,0.6,307.59,7657550f-b2af-46c9-a2d2-e500b8137e6e
341452,2022-05-12,304.0,2022-03-18,255.0,0.890909090909091,310.36,ce6db7ba-255e-43f3-ba67-5fcd4ceb5db6
341454,2022-05-12,298.0,2022-03-21,291.0,0.134615384615385,344.51,966d5a86-1e7d-484c-a63e-ee9ec060e269
341462,2022-05-12,273.0,2022-03-18,238.0,0.636363636363636,286.2,7659379a-17a8-48ee-ae2a-51b8392be511
341518,2022-05-12,331.0,2022-03-21,310.0,0.403846153846154,363.42,75b8502a-448c-4253-8ac7-12128953c367
341523,2022-05-12,324.0,2022-03-21,308.0,0.307692307692308,361.39,3e3814ed-dd36-4f8f-a95b-c83696470c1e
341525,2022-05-12,280.0,2022-03-18,249.0,0.563636363636364,299.17,7d499dfe-a781-423e-b384-770d65785fe4
544946,2023-04-26,396.0,2023-02-23,368.0,0.451612903225806,427.99,dbe16846-6952-4102-bf02-b1c8c8321952
544951,2023-04-26,411.0,2023-02-23,380.0,0.5,439.25,4deda364-678c-48ea-829a-a5c262f8083a
544965,2023-04-26,419.0,2023-02-24,389.0,0.491803278688525,440.23,e3824554-5f89-43a0-96ca-e64b62e6143b
544971,2023-04-26,453.0,2023-02-23,417.0,0.580645161290323,473.01,3e8f638b-9280-49e7-82e8-bb295905f0dd
544975,2023-04-26,481.0,2023-02-24,451.0,0.491803278688525,504.75,b299fe63-d3b1-4679-9697-3f264bd6a42f
544984,2023-04-26,370.0,2023-02-24,337.0,0.540983606557377,391.77,e7881883-ad23-45b4-9d6f-d1ab18c297d9
544987,2023-04-26,411.0,2023-02-24,379.0,0.524590163934426,437.52,5827ff23-bbd1-48c7-a099-84122d168ac7
545005,2023-04-26,397.0,2023-02-24,371.0,0.426229508196721,423.68,d5328262-ba23-45e6-8fb1-b7ef77d100a1
545007,2023-04-26,433.0,2023-02-24,408.0,0.409836065573771,464.15,5a9c9653-08d2-47df-b6b0-475855d5267a
545021,2023-04-26,484.0,2023-02-24,461.0,0.377049180327869,514.37,ce4d4f46-2b0a-4a6e-9ab5-679659c5557a
545024,2023-04-26,384.0,2023-02-24,369.0,0.245901639344262,427.52,848faff4-2437-43e4-b4ff-cd23fc286d2b
545039,2023-04-26,414.0,2023-02-24,390.0,0.39344262295082,442.07,d105e5cb-b6f8-4b0d-88cd-281fc47e0217
554802,2023-05-11,670.0,2023-02-23,572.0,1.27272727272727,640.5,d2a853cd-413f-4703-a2e0-b2fc553248df
554805,2023-05-11,644.0,2023-02-23,564.0,1.03896103896104,634.74,54075dd7-1e64-4dc5-adbf-ca9b1721c08d
554810,2023-05-11,724.0,2023-02-23,622.0,1.32467532467532,688.11,9a51e268-9319-4753-93c9-988ca6643094
360204,2022-06-13,286.0,2022-05-11,258.0,0.848484848484849,285.9,dc6105c9-f04e-4a6a-8b18-5aed301814a3
360219,2022-06-13,292.0,2022-05-12,279.0,0.40625,306.55,534fbf9d-f759-4dbf-be3d-7fae26224280
360221,2022-06-13,336.0,2022-05-12,294.0,1.3125,322.82,54e8cc83-b361-481e-a243-c7da1171c9f1
360230,2022-06-13,291.0,2022-05-12,283.0,0.25,314.6,dbcd1a04-4d70-4bdb-8b2a-185d6ecf5849
360250,2022-06-13,269.0,2022-05-11,256.0,0.393939393939394,283.59,c4ff9044-f451-47a2-9cf5-55e81ed5b1c0
360257,2022-06-13,310.0,2022-05-11,287.0,0.696969696969697,316.3,3dde5fe3-7132-49f8-8373-deae64b515a6
360259,2022-06-13,309.0,2022-05-12,292.0,0.53125,323.91,41d0e4b4-4f8b-4b75-9fc5-0d795b99d606
360263,2022-06-13,251.0,2022-05-12,240.0,0.34375,267.32,2793257a-bdaf-4345-b9cf-8a10d591ea96
360274,2022-06-13,271.0,2022-05-12,272.0,-0.03125,299.64,ea36d045-53e6-4411-a6ae-bd9a9ddc3678
360277,2022-06-13,269.0,2022-05-12,252.0,0.53125,278.25,c15bb521-f9e0-441f-aa0a-477371816bd4
360285,2022-06-13,227.0,2022-05-12,212.0,0.46875,237.44,ed295c2d-7cbe-4cd9-9aa2-8d0117558505
360290,2022-06-13,280.0,2022-05-12,257.0,0.71875,284.38,7a6f5768-be48-4a27-a956-c1582edef8bd
360295,2022-06-13,275.0,2022-05-11,253.0,0.666666666666667,281.54,7f2ed266-5e35-4217-b200-c4c24f9a5b81
360299,2022-06-13,264.0,2022-05-12,242.0,0.6875,270.55,30af59e6-1ced-4d0b-82af-c1b2c3b8562b
360302,2022-06-13,337.0,2022-05-12,319.0,0.5625,351.28,acf4d7a0-71c0-47df-816c-f329c66d204b
360305,2022-06-13,289.0,2022-05-12,248.0,1.28125,276.98,7fa8f41a-e525-43cc-b219-e33af5f85ac4
360312,2022-06-13,310.0,2022-05-12,332.0,-0.6875,361.51,71576c82-e36a-4689-88ed-a32ce75cdf7b
360316,2022-06-13,311.0,2022-05-12,299.0,0.375,328.92,b2376ee4-76ce-4671-bc98-393e4fc51a22
172876,2021-07-30,172.0,2021-07-13,152.0,1.17647058823529,,1214fada-f7ac-49f6-9fee-05ef8a6656d6
172886,2021-07-30,145.0,2021-05-24,80.0,0.970149253731343,,f017d746-ba14-4e49-b447-a3386c36c339
172887,2021-07-30,176.0,2021-05-24,85.0,1.35820895522388,,80d161ce-1387-4198-85dc-79933f2d6cdd
172899,2021-07-27,134.5,2021-07-12,116.5,1.2,,fe232bf8-1697-4993-9c1f-daab57c10edf
172921,2021-07-27,136.5,2021-07-12,123.0,0.9,,10fc5193-b249-4c70-9526-c316b8991d10
172942,2021-07-27,173.5,2021-07-12,145.0,1.9,,b6f9888b-3cdd-4836-9eaf-8547b5545a71
172956,2021-07-27,184.0,2021-07-12,163.0,1.4,,da54e5a2-fbfb-4b1d-8ec7-c4d5f6ed26ed
172959,2021-07-27,164.0,2021-07-12,141.5,1.5,,7c71a4e5-2aaa-4128-a459-d303465e217b
172960,2021-07-27,149.5,2021-07-12,131.0,1.23333333333333,,7d499dfe-a781-423e-b384-770d65785fe4
172963,2021-07-27,172.0,2021-07-12,154.0,1.2,,acf4d7a0-71c0-47df-816c-f329c66d204b
172964,2021-07-27,182.5,2021-07-12,167.5,1.0,,73aac93a-bd7f-4e42-8843-5b6fa9356360
172971,2021-07-27,181.5,2021-07-12,163.0,1.23333333333333,,204c79ea-7f9a-443f-866f-6005b2594f18
387878,2022-08-02,336.0,2022-06-13,280.0,1.12,322.36,7a6f5768-be48-4a27-a956-c1582edef8bd
387887,2022-08-02,320.0,2022-06-13,281.0,0.78,329.32,3873163d-60a2-440b-91aa-e9903ea15236
387889,2022-08-02,367.0,2022-06-13,321.0,0.92,371.08,966d5a86-1e7d-484c-a63e-ee9ec060e269
387913,2022-08-02,324.0,2022-06-13,266.0,1.16,310.65,9bf75b6b-81c9-491a-92eb-117622af2596
387916,2022-08-02,313.0,2022-06-13,277.0,0.72,317.14,7659379a-17a8-48ee-ae2a-51b8392be511
387928,2022-08-02,392.0,2022-06-13,332.0,1.2,382.28,47d0b5d2-80dc-49ef-b8e6-a69628b876d3
387934,2022-08-02,342.0,2022-06-13,283.0,1.18,330.82,82f1eae4-3385-4478-a5ea-70cd428474f3
387937,2022-08-02,354.0,2022-06-13,315.0,0.78,358.82,817c7a05-6fb8-47a5-8d32-7fde6d4b4cb1
387939,2022-08-02,341.0,2022-06-13,284.0,1.14,332.37,0bb32681-df31-45cf-a36d-ba2f828fe7ef
387942,2022-08-02,336.0,2022-06-13,284.0,1.04,330.59,f28c4440-3b18-4b5e-aa84-6d1c706b75bb
387947,2022-08-02,357.0,2022-06-13,295.0,1.24,338.05,271c4d38-15d9-48ac-9d7c-f50f342d820e
387951,2022-08-02,324.0,2022-06-13,268.0,1.12,310.79,24961180-84c7-4b60-b86d-37c01b72f9b5
387956,2022-08-02,362.0,2022-06-13,305.0,1.14,350.49,851fc06d-0ee6-4d88-858e-487cad378e00
387961,2022-08-02,392.0,2022-06-13,323.0,1.38,373.22,460a6994-f926-4308-bf0c-b5a6381512f8
387974,2022-08-02,401.0,2022-06-13,337.0,1.28,387.09,c2b35033-a714-4db3-964c-6b546bf7e6b5
387985,2022-08-02,312.0,2022-06-13,251.0,1.22,291.72,2793257a-bdaf-4345-b9cf-8a10d591ea96
593891,2023-07-27,473.0,2023-03-21,364.0,0.8515625,482.66,74084c98-30a8-4eca-824a-121bab8f4efd
593897,2023-07-27,450.0,2023-03-21,360.0,0.703125,476.86,3dbc8f17-1d17-4c76-9bb1-9526dbea57eb
593901,2023-07-27,446.0,2023-03-21,328.0,0.921875,449.83,66efe458-3762-40f8-a87b-9030804e95ae
595682,2023-08-02,429.0,2023-02-01,286.0,0.785714285714286,443.41,7e8ee97b-b223-477a-84a9-baef1a5fdb03
595687,2023-08-02,445.0,2023-03-21,316.0,0.962686567164179,431.97,b046a593-a952-4b95-af2e-78c94e77e3d6
595689,2023-08-02,438.0,2023-03-21,292.0,1.08955223880597,412.82,8091fa8e-1bbb-41fd-8b4f-ea355f640bc1
595693,2023-08-02,518.0,2023-03-21,397.0,0.902985074626866,516.89,c1487d4c-d260-4505-94c5-612aa52b3b88
595702,2023-08-02,397.0,2023-07-27,396.0,0.166666666666667,401.39,348e366a-3904-46aa-926d-49f9069d23fa
595716,2023-08-02,439.0,2023-03-21,367.0,0.537313432835821,490.04,c6b54f25-d981-48ec-9688-e054cc3247a6
595730,2023-08-02,326.0,2023-03-21,232.0,0.701492537313433,356.55,673445b1-ea79-4273-ae66-04118847238c
595741,2023-08-02,433.0,2023-03-21,321.0,0.835820895522388,449.33,32be6f70-14db-461a-9352-928509cc94c4
398616,2022-08-24,338.0,2022-08-02,315.0,1.04545454545455,335.4,794977d9-b83d-4f58-a813-59ae139776b9
398620,2022-08-24,425.0,2022-08-02,401.0,1.09090909090909,422.86,c2b35033-a714-4db3-964c-6b546bf7e6b5
398630,2022-08-24,235.0,2022-08-02,228.0,0.318181818181818,246.68,100df59b-ccad-4d8e-903d-1734692290b9
398636,2022-08-24,409.0,2022-08-02,366.0,1.95454545454545,385.73,71576c82-e36a-4689-88ed-a32ce75cdf7b
398637,2022-08-24,343.0,2022-08-02,332.0,0.5,350.67,3f0f81b1-2459-4fa3-954b-08cbda4f0c9c
398642,2022-08-24,341.0,2022-08-02,313.0,1.27272727272727,332.02,eb52a3f3-c890-4fd5-b34d-fb02216a103b
398653,2022-08-24,395.0,2022-08-02,364.0,1.40909090909091,383.61,59a33b26-bd16-4e40-b289-7a163a96ff69
187105,2021-10-07,191.5,2021-07-29,157.5,0.485714285714286,224.66,5776f066-a82c-4f55-99be-d1e3be638c19
187346,2021-10-07,223.0,2021-07-27,181.5,0.576388888888889,255.51,204c79ea-7f9a-443f-866f-6005b2594f18
187387,2021-10-07,177.0,2021-07-30,153.0,0.347826086956522,218.47,3cbdf922-6d25-4a37-96de-2c76d8e27744
187407,2021-10-07,184.0,2021-07-27,166.5,0.243055555555556,235.23,534fbf9d-f759-4dbf-be3d-7fae26224280
187128,2021-10-07,134.0,2021-07-29,131.5,0.0357142857142857,206.26,794977d9-b83d-4f58-a813-59ae139776b9
187111,2021-10-07,190.5,2021-07-29,171.0,0.278571428571429,243.75,c794a9a4-3712-45b8-9e13-539e9cc461f8
187413,2021-10-07,276.0,2021-07-29,158.5,1.67857142857143,231.17,82f1eae4-3385-4478-a5ea-70cd428474f3
187133,2021-10-07,183.0,2021-07-27,148.0,0.486111111111111,224.43,c5ea6027-1812-4e5b-a236-900372433c03
187414,2021-10-07,171.5,2021-07-27,170.5,0.0138888888888889,238.58,450110bf-06d1-4305-a82c-0dcdff2f8125
187436,2021-10-07,182.0,2021-07-27,165.5,0.229166666666667,240.79,9a5d8d16-4004-4585-b500-3484bf8d8cd2
187116,2021-10-07,179.0,2021-07-27,168.5,0.145833333333333,237.04,41bc9ba9-2733-4772-817d-d6c5e9bf2da9
187136,2021-10-07,175.5,2021-07-30,151.0,0.355072463768116,216.2,9fbc75c7-95a5-4223-af2b-fe49dbdebecc
187097,2021-10-07,199.5,2021-07-27,163.5,0.5,238.77,3e3814ed-dd36-4f8f-a95b-c83696470c1e
187401,2021-10-07,135.5,2021-07-27,127.0,0.118055555555556,198.51,8cf7af38-5759-4525-aac2-96fdc0a6010d
187342,2021-10-07,182.0,2021-07-30,167.0,0.217391304347826,231.87,851fc06d-0ee6-4d88-858e-487cad378e00
187082,2021-10-07,163.0,2021-07-30,169.0,-0.0869565217391304,233.83,ece8071f-80b9-44b2-b343-1056e4a79dfd
187123,2021-10-07,191.5,2021-07-27,152.5,0.541666666666667,228.15,62b6642f-bab9-4187-baa2-c34c32f0da99
602260,2023-08-15,401.0,2023-04-26,390.0,0.0990990990990991,496.38,417225e4-d671-486f-853e-685e0fa8c4d1
602270,2023-08-15,421.0,2023-04-26,376.0,0.405405405405405,474.36,7b7a7362-09be-4ab1-8de1-f0241d79eb80
602271,2023-08-15,435.0,2023-04-26,396.0,0.351351351351351,503.3,dbe16846-6952-4102-bf02-b1c8c8321952
602288,2023-08-15,460.0,2023-04-26,415.0,0.405405405405405,509.09,af928aaa-59f6-4056-ab3b-f9dcd1ac3aa4
602314,2023-08-15,400.0,2023-04-26,378.0,0.198198198198198,477.41,86713e67-6161-41a8-95f8-f95c594dbb50
602318,2023-08-15,407.0,2023-04-26,385.0,0.198198198198198,492.08,6e05d9d5-6117-4125-9f4f-e822e8849b14
602320,2023-08-15,426.0,2023-04-26,404.0,0.198198198198198,510.66,65abafdc-a9b7-4f94-83ec-4bb255e44ec1
602321,2023-08-15,376.0,2023-04-26,357.0,0.171171171171171,457.84,49122c85-c7e7-4c14-b789-01facd490b2b
602338,2023-08-15,411.0,2023-04-26,371.0,0.36036036036036,480.52,948ac2a7-1ca1-4ac8-8d25-7c93a0f6e5b6
285519,2022-02-24,217.0,2021-11-25,194.5,0.247252747252747,290.29,ee195c95-8a17-484b-905a-e51ba97db105
285522,2022-02-24,286.0,2021-11-25,248.0,0.417582417582418,333.33,54e8cc83-b361-481e-a243-c7da1171c9f1
299363,2022-03-16,228.0,2022-02-24,221.0,0.35,240.94,9b006116-8236-457d-871d-e3f3c3130322
285535,2022-02-24,238.0,2021-11-25,210.0,0.307692307692308,297.71,7659379a-17a8-48ee-ae2a-51b8392be511
300620,2022-03-18,241.0,2022-02-24,231.0,0.454545454545455,254.02,769df82a-1233-4165-9f29-f4673d49c1e6
285548,2022-02-24,292.0,2021-11-25,249.0,0.472527472527473,334.9,73aac93a-bd7f-4e42-8843-5b6fa9356360
721507,2024-02-16,510.0,2024-01-09,476.0,0.894736842105263,511.66,3a9fbcaf-2ad7-495c-9a65-8e2485c6d76f
721514,2024-02-16,540.0,2024-01-09,532.0,0.210526315789474,568.09,a3c8002c-90b9-4997-a3ec-44db850810d2
721523,2024-02-16,528.0,2024-01-09,522.0,0.157894736842105,554.73,e3824554-5f89-43a0-96ca-e64b62e6143b
721532,2024-02-16,622.0,2024-01-09,562.0,1.57894736842105,597.95,f161da6c-1ac0-4ae0-a5ac-6a2e60cf25dd
721545,2024-02-16,441.0,2024-01-09,435.0,0.157894736842105,465.69,c8e42b20-ae5c-4776-8eed-8b0bf6db4837
721549,2024-02-16,443.0,2024-01-09,443.0,0.0,473.79,c053432e-39c6-432c-b00a-701ea8574551
504880,2023-02-09,372.0,2023-01-19,342.0,1.42857142857143,362.51,52986aaa-9c04-4bfa-bfa1-4f19f07681cf
504881,2023-02-09,377.0,2023-01-19,345.0,1.52380952380952,365.49,4df4bf16-ae17-462f-8f08-d54c9155eea1
504883,2023-02-09,421.0,2023-01-19,384.0,1.76190476190476,403.73,6f4331c8-c8f0-4235-a5e9-f26b2b3cf2a5
504889,2023-02-09,376.0,2023-01-19,351.0,1.19047619047619,371.4,1493f341-3231-4c9c-950c-c623e9c53516
504893,2023-02-09,373.0,2023-01-19,336.0,1.76190476190476,356.54,b8fef6d0-3114-4471-8203-fe0b324cf97b
504898,2023-02-09,411.0,2023-01-19,382.0,1.38095238095238,401.69,f161da6c-1ac0-4ae0-a5ac-6a2e60cf25dd
504908,2023-02-09,372.0,2023-01-19,338.0,1.61904761904762,358.72,595efe9c-c095-4374-ad95-2777b5604f37
504915,2023-02-09,342.0,2023-01-19,321.0,1.0,340.11,86713e67-6161-41a8-95f8-f95c594dbb50
505000,2023-02-09,367.0,2023-01-19,335.0,1.52380952380952,353.34,04f40950-8f7b-4a22-a185-b632991f5d1a
505013,2023-02-09,352.0,2023-01-19,328.0,1.14285714285714,346.8,60abe2c3-a4a2-45a0-a1ac-6c050a23edc5
505019,2023-02-09,354.0,2023-01-19,321.0,1.57142857142857,342.02,66de2643-672c-42f4-aa55-0cb8af9bb980
505024,2023-02-09,367.0,2023-01-19,349.0,0.857142857142857,367.17,ecb4d09b-7f83-4b96-9596-74e087374223
505029,2023-02-09,321.0,2023-01-19,292.0,1.38095238095238,311.74,0c0cc03b-31f2-43ba-b6f5-fdb2a834ca9c
300588,2022-03-18,245.0,2022-02-24,255.0,-0.454545454545455,278.04,1214fada-f7ac-49f6-9fee-05ef8a6656d6
302668,2022-03-21,274.0,2022-02-07,237.0,0.880952380952381,277.39,b2376ee4-76ce-4671-bc98-393e4fc51a22
512501,2023-02-23,500.0,2023-01-11,489.0,0.255813953488372,529.04,b6d71a01-13f8-49ce-8063-e370e9b886e6
512634,2023-02-23,390.0,2023-02-09,384.0,0.428571428571429,397.3,dd5a21f8-7431-4713-ae6b-7b8bf03d74e0
512642,2023-02-23,380.0,2023-02-09,363.0,1.21428571428571,376.64,4deda364-678c-48ea-829a-a5c262f8083a
513079,2023-02-24,393.0,2023-02-09,389.0,0.266666666666667,393.0,6ec13b00-476e-4ff1-8735-3ab79b4fb9a5
513086,2023-02-24,379.0,2023-02-09,374.0,0.333333333333333,379.0,5827ff23-bbd1-48c7-a099-84122d168ac7
513085,2023-02-24,461.0,2023-02-09,466.0,-0.333333333333333,461.0,ce4d4f46-2b0a-4a6e-9ab5-679659c5557a
513089,2023-02-24,388.0,2023-02-09,388.0,0.0,388.0,4c8610c6-8f50-4673-9e16-e74aaccd83ec
513110,2023-02-24,382.0,2023-02-09,388.0,-0.4,382.0,e372da76-027c-47f6-a629-7bd21120a292
513112,2023-02-24,417.0,2023-02-09,411.0,0.4,417.0,a735fec1-1d34-456a-b46a-db3893f104db
513111,2023-02-24,358.0,2023-02-09,355.0,0.2,358.0,9752003e-df4a-483c-ac38-ca254b62cb3a
513109,2023-02-24,383.0,2023-02-09,373.0,0.666666666666667,383.0,b8fef6d0-3114-4471-8203-fe0b324cf97b
513639,2023-02-24,335.0,2023-02-09,328.0,0.466666666666667,343.01,2990acf6-d45e-490e-a3c3-cf58884af2ab
513640,2023-02-24,346.0,2023-02-09,352.0,-0.4,366.53,21d3b7c7-03e3-4738-a154-50b6eb3355c0
513644,2023-02-24,354.0,2023-02-09,345.0,0.6,359.67,417225e4-d671-486f-853e-685e0fa8c4d1
513656,2023-02-24,389.0,2023-02-09,379.0,0.666666666666667,391.71,e3824554-5f89-43a0-96ca-e64b62e6143b
528429,2023-03-21,794.0,2023-02-01,726.0,1.41666666666667,,8e39213c-a890-42e1-a6d2-4c9eddb39cff
528430,2023-03-21,672.0,2023-02-01,642.0,0.625,670.18,407eaedc-fe92-44a1-87e5-8e0b7d06c73a
528432,2023-03-21,640.0,2023-02-01,612.0,0.583333333333333,,6c98aa3b-9ec8-41b1-9225-a394db5bb730
528442,2023-03-21,632.0,2023-02-01,592.0,0.833333333333333,,f62749ef-4dea-44c4-a42d-75fbfc807de9
528444,2023-03-21,282.0,2023-02-01,259.0,0.479166666666667,302.87,9bfed2f7-1cea-446e-b86a-b5ced5720a1c
528458,2023-03-21,277.0,2023-02-01,246.0,0.645833333333333,295.55,a4236c6f-f859-4557-95d7-939805fc4c6d
528462,2023-03-21,698.0,2023-02-01,662.0,0.75,,1ea18cd5-9904-4ad1-86db-26b0c4aa9a96
528478,2023-03-21,333.0,2023-02-01,329.0,0.0833333333333333,369.96,c4823188-e9e7-4f73-8b6b-c198de6e9ef3
528490,2023-03-21,524.0,2023-02-01,500.0,0.5,540.48,6a62d269-44c5-4e3b-8801-a72bf4d86872
528498,2023-03-21,654.0,2023-02-01,666.0,-0.25,,d61092eb-216c-4c4f-b9c8-85a0fef2b465
528499,2023-03-21,526.0,2023-02-01,524.0,0.0416666666666667,536.67,1b240021-f1cc-447c-874c-a243e4669aa9
528507,2023-03-21,334.0,2023-02-01,305.0,0.604166666666667,351.02,5902ff4e-3a0a-4272-84cf-c15cf171b168
528516,2023-03-21,347.0,2023-02-01,309.0,0.791666666666667,354.72,12c02466-05e7-4de5-a0e5-c271f0522dec
528517,2023-03-21,618.0,2023-02-01,578.0,0.833333333333333,602.95,aeff3779-3e3a-4ba0-abfc-64b83070cfe9
528523,2023-03-21,506.0,2023-02-01,510.0,-0.0833333333333333,521.74,a01e39b7-d3a3-4294-adcd-97d4bc050383
528539,2023-03-21,341.0,2023-02-01,305.0,0.75,351.45,1afce454-f7ae-40e2-9377-29f189fe0083
528550,2023-03-21,361.0,2023-02-01,335.0,0.541666666666667,380.36,e687fdc4-f885-44f2-9fc0-825602ab3158
528551,2023-03-21,666.0,2023-02-01,656.0,0.208333333333333,,084fae05-8529-425c-a66c-7e76958b9ebf
528559,2023-03-21,682.0,2023-02-01,660.0,0.458333333333333,,1c0ac02e-1e62-4e52-a9d9-bbc379971ee1
528560,2023-03-21,574.0,2023-02-01,558.0,0.333333333333333,574.26,95bda01a-68a3-4e83-bf41-7061aa9380de
528563,2023-03-21,299.0,2023-02-01,264.0,0.729166666666667,307.56,3d5cb070-206a-48f1-838f-3b63ebf079fc
528578,2023-03-21,467.0,2023-02-01,454.0,0.270833333333333,494.25,bb96e002-c392-47f2-b85d-6d1d818b2b6b
172841,2021-07-30,172.0,2021-07-27,168.0,1.33333333333333,,bd6b975e-0547-43f2-9e62-c8459e257806
172874,2021-07-30,147.0,2021-05-24,80.0,1.0,,e08b2d7c-4a2d-4fd4-b3e3-9456bc7b9824
172858,2021-07-30,172.0,2021-05-24,84.0,1.3134328358209,,abc94438-9ef6-47a6-9647-2a4c0111fe99
172880,2021-07-30,169.0,2021-07-13,149.0,1.17647058823529,,ece8071f-80b9-44b2-b343-1056e4a79dfd
341076,2022-05-11,256.0,2022-03-18,221.0,0.648148148148148,267.33,c4ff9044-f451-47a2-9cf5-55e81ed5b1c0
341087,2022-05-11,269.0,2022-03-18,238.0,0.574074074074074,292.9,82f1eae4-3385-4478-a5ea-70cd428474f3
341100,2022-05-11,267.0,2022-03-21,246.0,0.411764705882353,287.52,b036f307-872d-442c-b59b-a9ff98733ced
341102,2022-05-11,326.0,2022-03-21,299.0,0.529411764705882,351.8,3d1b6096-8528-40be-9136-c0fbee0a0409
341400,2022-05-12,271.0,2022-03-18,247.0,0.436363636363636,298.18,7cea2341-82f2-44a5-bbe5-db0fd8548fe7
341401,2022-05-12,244.0,2022-03-21,226.0,0.346153846153846,271.46,0b44fb0a-839a-4381-91b8-f12e6d529818
341416,2022-05-12,267.0,2022-03-18,258.0,0.163636363636364,314.27,e0f5d5df-2f38-4583-be9e-2a226a583f51
341417,2022-05-12,316.0,2022-03-18,277.0,0.709090909090909,333.72,cc97acc9-d5e1-4c95-bca4-d9f54745241b
341418,2022-05-12,244.0,2022-03-21,232.0,0.230769230769231,281.33,3769fe44-8393-4fff-a46c-a8e88b86fa0a
341420,2022-05-12,324.0,2022-03-18,304.0,0.363636363636364,355.35,73aac93a-bd7f-4e42-8843-5b6fa9356360
341428,2022-05-12,300.0,2022-03-18,252.0,0.872727272727273,302.59,59a33b26-bd16-4e40-b289-7a163a96ff69
341429,2022-05-12,203.0,2022-03-21,187.0,0.307692307692308,231.05,174e649d-949a-4485-b84b-cc8a82f49104
341432,2022-05-12,236.0,2022-03-18,206.0,0.545454545454545,250.43,9cd00ee2-afcb-4465-b229-398e609e3a0d
341436,2022-05-12,260.0,2022-03-18,229.0,0.563636363636364,283.02,10fc5193-b249-4c70-9526-c316b8991d10
341448,2022-05-12,250.0,2022-03-21,231.0,0.365384615384615,275.71,8cf7af38-5759-4525-aac2-96fdc0a6010d
341458,2022-05-12,275.0,2022-03-18,240.0,0.636363636363636,291.27,7c0be3de-f78b-427a-9101-1d53cf41e03f
341465,2022-05-12,279.0,2022-03-18,241.0,0.690909090909091,292.44,6b25474f-866e-4efa-bbe9-ae9f50c78b4a
341470,2022-05-12,266.0,2022-03-21,256.0,0.192307692307692,299.72,d135f560-fce2-4697-8472-475fa113bfa5
341506,2022-05-12,272.0,2022-03-18,241.0,0.563636363636364,297.92,769df82a-1233-4165-9f29-f4673d49c1e6
341520,2022-05-12,318.0,2022-03-21,296.0,0.423076923076923,345.13,7236d2de-605d-48f3-8aab-b565d7ed1308
341533,2022-05-12,236.0,2022-03-21,225.0,0.211538461538462,267.72,d15dbda9-1a3e-44fc-9061-2a7a7f1e792d
544958,2023-04-26,394.0,2023-02-23,348.0,0.741935483870968,403.09,80a38c8e-29a8-4129-9cf8-4d45b712730c
544960,2023-04-26,471.0,2023-02-24,417.0,0.885245901639344,472.57,c415e974-0993-4a38-af16-caf9c7330113
544963,2023-04-26,415.0,2023-02-24,384.0,0.508196721311475,435.81,af928aaa-59f6-4056-ab3b-f9dcd1ac3aa4
544974,2023-04-26,416.0,2023-02-24,381.0,0.573770491803279,439.21,1493f341-3231-4c9c-950c-c623e9c53516
544976,2023-04-26,416.0,2023-02-23,399.0,0.274193548387097,451.37,429ecd7c-7c76-4a7e-8ea2-a84b6db136b4
544995,2023-04-26,383.0,2023-02-24,342.0,0.672131147540984,401.75,2cc23a10-8a6c-4815-81e9-5c71c7a77914
544996,2023-04-26,398.0,2023-02-24,360.0,0.622950819672131,413.3,8359768c-46c9-42c5-83ab-58c32b1913ca
545002,2023-04-26,446.0,2023-02-24,410.0,0.590163934426229,466.55,6f4331c8-c8f0-4235-a5e9-f26b2b3cf2a5
545009,2023-04-26,357.0,2023-02-23,343.0,0.225806451612903,398.07,a080d453-0391-4fc0-a77a-0c6e2ccad31c
545010,2023-04-26,381.0,2023-02-24,346.0,0.573770491803279,405.46,21d3b7c7-03e3-4738-a154-50b6eb3355c0
545062,2023-04-26,341.0,2023-02-24,319.0,0.360655737704918,375.51,0c0cc03b-31f2-43ba-b6f5-fdb2a834ca9c
554801,2023-05-11,592.0,2023-02-23,518.0,0.961038961038961,589.36,18f97093-31a0-40be-930b-b9c9065e908f
360187,2022-06-13,275.0,2022-05-12,275.0,0.0,305.85,8f32d77c-b2e8-4b8a-9bcc-9fc078370e3f
360194,2022-06-13,301.0,2022-05-11,291.0,0.303030303030303,321.84,074dd80e-919b-49ca-a068-4fe4cbc338a5
360197,2022-06-13,338.0,2022-05-11,316.0,0.666666666666667,349.38,c794a9a4-3712-45b8-9e13-539e9cc461f8
360201,2022-06-13,301.0,2022-05-11,284.0,0.515151515151515,312.35,4c28394a-6075-48a2-931f-ecb1cff20437
360202,2022-06-13,306.0,2022-05-12,294.0,0.375,320.44,6dd09559-842f-400f-b1de-3e824510afc5
360205,2022-06-13,296.0,2022-05-12,284.0,0.375,313.67,f017d746-ba14-4e49-b447-a3386c36c339
360206,2022-06-13,345.0,2022-05-12,332.0,0.40625,364.48,a10fd2a0-c2de-43e9-b168-f9f1dd50e9a3
360224,2022-06-13,283.0,2022-05-11,269.0,0.424242424242424,301.44,82f1eae4-3385-4478-a5ea-70cd428474f3
360226,2022-06-13,268.0,2022-05-11,265.0,0.0909090909090909,294.93,24961180-84c7-4b60-b86d-37c01b72f9b5
360229,2022-06-13,297.0,2022-05-12,277.0,0.625,304.86,711324dc-fdd4-4676-ad01-cdf72761afeb
360231,2022-06-13,251.0,2022-05-12,236.0,0.46875,260.64,9cd00ee2-afcb-4465-b229-398e609e3a0d
360233,2022-06-13,298.0,2022-05-12,302.0,-0.125,331.63,fc505bba-136b-44a0-8a3a-3694fbf7a83d
360239,2022-06-13,268.0,2022-05-12,246.0,0.6875,274.27,ee195c95-8a17-484b-905a-e51ba97db105
360265,2022-06-13,301.0,2022-05-12,291.0,0.3125,323.68,1214fada-f7ac-49f6-9fee-05ef8a6656d6
360278,2022-06-13,264.0,2022-05-12,250.0,0.4375,275.62,8cf7af38-5759-4525-aac2-96fdc0a6010d
360283,2022-06-13,321.0,2022-05-12,298.0,0.71875,330.42,966d5a86-1e7d-484c-a63e-ee9ec060e269
360297,2022-06-13,305.0,2022-05-12,272.0,1.03125,304.48,769df82a-1233-4165-9f29-f4673d49c1e6
360308,2022-06-13,293.0,2022-05-12,302.0,-0.28125,331.7,26781a67-e991-479c-948a-3ac8ed7c0c70
360319,2022-06-13,303.0,2022-05-11,300.0,0.0909090909090909,333.0,9a5d8d16-4004-4585-b500-3484bf8d8cd2
360321,2022-06-13,181.0,2022-02-24,163.0,0.165137614678899,245.12,100df59b-ccad-4d8e-903d-1734692290b9
172849,2021-07-30,142.0,2021-07-27,138.0,1.33333333333333,,1a86b86a-9752-4970-954f-64dde17567d4
172878,2021-07-30,174.0,2021-07-13,154.0,1.17647058823529,,cc97acc9-d5e1-4c95-bca4-d9f54745241b
172852,2021-07-30,146.0,2021-07-27,141.0,1.66666666666667,,e21ebd7c-194f-4c30-8309-3b859da8e8ff
172872,2021-07-30,164.0,2021-07-13,144.0,1.17647058823529,,63a0f877-1980-433d-bb58-b3de18f91328
172837,2021-07-30,170.0,2021-07-27,165.0,1.66666666666667,,09b9adf2-df24-4e7b-8794-e4d923221da4
172900,2021-07-27,166.0,2021-07-12,154.5,0.766666666666667,,a10fd2a0-c2de-43e9-b168-f9f1dd50e9a3
172904,2021-07-27,165.0,2021-07-12,147.5,1.16666666666667,,f72c65b9-046d-4017-996c-06a1c692ad07
172906,2021-07-27,152.5,2021-07-12,131.0,1.43333333333333,,62b6642f-bab9-4187-baa2-c34c32f0da99
172918,2021-07-27,182.0,2021-07-12,161.5,1.36666666666667,,817c7a05-6fb8-47a5-8d32-7fde6d4b4cb1
172925,2021-07-27,154.5,2021-07-12,138.0,1.1,,711324dc-fdd4-4676-ad01-cdf72761afeb
172929,2021-07-27,142.0,2021-07-12,124.0,1.2,,dc6105c9-f04e-4a6a-8b18-5aed301814a3
172934,2021-07-27,127.0,2021-07-12,113.5,0.9,,8cf7af38-5759-4525-aac2-96fdc0a6010d
172940,2021-07-27,121.5,2021-07-12,107.0,0.966666666666667,,ed295c2d-7cbe-4cd9-9aa2-8d0117558505
172950,2021-07-27,138.5,2021-07-12,125.0,0.9,,4b315846-1c64-455c-9121-6e27c1dc4d9e
172951,2021-07-27,140.5,2021-07-12,125.5,1.0,,f2176e41-fb91-49b8-8d38-e7e6dc426909
172969,2021-07-27,183.5,2021-07-12,158.0,1.7,,ce6db7ba-255e-43f3-ba67-5fcd4ceb5db6
172975,2021-07-27,168.5,2021-07-12,146.5,1.46666666666667,,41bc9ba9-2733-4772-817d-d6c5e9bf2da9
387885,2022-08-02,346.0,2022-06-13,301.0,0.9,342.82,4c28394a-6075-48a2-931f-ecb1cff20437
387888,2022-08-02,350.0,2022-06-13,280.0,1.4,327.41,dc2df3cb-1e9f-4439-a29d-65eec0e61960
387895,2022-08-02,345.0,2022-06-13,300.0,0.9,343.22,7d499dfe-a781-423e-b384-770d65785fe4
387898,2022-08-02,371.0,2022-06-13,318.0,1.06,366.56,da54e5a2-fbfb-4b1d-8ec7-c4d5f6ed26ed
387900,2022-08-02,399.0,2022-06-13,339.0,1.2,389.54,3d1b6096-8528-40be-9136-c0fbee0a0409
387903,2022-08-02,319.0,2022-06-13,276.0,0.86,312.57,ee6baaff-0973-4bbd-950a-25e1b8fd9ffc
387904,2022-08-02,321.0,2022-06-13,270.0,1.02,309.84,450110bf-06d1-4305-a82c-0dcdff2f8125
387912,2022-08-02,336.0,2022-06-13,287.0,0.98,331.16,25de4b95-2102-48b0-94f2-e559a3315bb9
387917,2022-08-02,333.0,2022-06-13,292.0,0.82,330.08,b036f307-872d-442c-b59b-a9ff98733ced
387921,2022-08-02,321.0,2022-06-13,264.0,1.14,302.45,8cf7af38-5759-4525-aac2-96fdc0a6010d
387923,2022-08-02,336.0,2022-06-13,292.0,0.88,333.58,534fbf9d-f759-4dbf-be3d-7fae26224280
387954,2022-08-02,330.0,2022-06-13,268.0,1.24,309.08,e21ebd7c-194f-4c30-8309-3b859da8e8ff
387959,2022-08-02,272.0,2022-06-13,227.0,0.9,265.33,ed295c2d-7cbe-4cd9-9aa2-8d0117558505
387962,2022-08-02,365.0,2022-06-13,307.0,1.16,355.56,7657550f-b2af-46c9-a2d2-e500b8137e6e
387965,2022-08-02,387.0,2022-06-13,341.0,0.92,391.55,94ef4975-18ad-47fc-ad00-47860bfe378d
387979,2022-08-02,328.0,2022-06-13,291.0,0.74,333.81,36464cde-376e-4905-8e6e-2b9f5b50f6ac
387987,2022-08-02,401.0,2022-06-13,333.0,1.36,383.29,cc97acc9-d5e1-4c95-bca4-d9f54745241b
387989,2022-08-02,312.0,2022-06-13,264.0,0.96,308.37,30af59e6-1ced-4d0b-82af-c1b2c3b8562b
387990,2022-08-02,359.0,2022-06-13,314.0,0.9,358.96,bd6b975e-0547-43f2-9e62-c8459e257806
593896,2023-07-27,435.0,2023-03-21,311.0,0.96875,436.73,54312981-5301-421f-94cd-85781227e1a5
593905,2023-07-27,416.0,2023-03-21,315.0,0.7890625,429.78,97269045-03c2-4112-830d-bd36b56c0028
593910,2023-07-27,461.0,2023-03-21,352.0,0.8515625,471.5,8d717b40-9f9d-463e-b7e3-e7c788fac928
595690,2023-08-02,493.0,2023-03-21,389.0,0.776119402985075,510.04,d03c4cdf-f657-4673-af80-115ec8a5ec0c
595694,2023-08-02,399.0,2023-07-27,391.0,1.33333333333333,396.4,fdb1ce61-da53-4554-836e-b54360cc188f
595715,2023-08-02,514.0,2023-02-23,357.0,0.98125,501.94,27a97a67-7d30-404c-b29d-e4c4eca9b907
595724,2023-08-02,477.0,2023-07-27,473.0,0.666666666666667,478.48,74084c98-30a8-4eca-824a-121bab8f4efd
595725,2023-08-02,418.0,2023-03-21,283.0,1.00746268656716,414.86,157ee08f-816e-4235-8b88-a50e9d231a14
595735,2023-08-02,419.0,2023-03-21,298.0,0.902985074626866,417.67,839129a2-d71f-4d4b-a945-5990579a7ed9
595742,2023-08-02,421.0,2023-03-21,284.0,1.02238805970149,417.74,cfdfb14a-3366-4c5b-8864-1d42fed2f880
398605,2022-08-24,388.0,2022-08-02,350.0,1.72727272727273,371.87,dc2df3cb-1e9f-4439-a29d-65eec0e61960
398610,2022-08-24,376.0,2022-08-02,349.0,1.22727272727273,368.88,26781a67-e991-479c-948a-3ac8ed7c0c70
398614,2022-08-24,393.0,2022-08-02,393.0,0.0,414.88,95e09ba6-f69a-4909-bce0-2b5920286336
398617,2022-08-24,374.0,2022-08-02,350.0,1.09090909090909,370.06,074dd80e-919b-49ca-a068-4fe4cbc338a5
398618,2022-08-24,374.0,2022-08-02,353.0,0.954545454545455,372.27,9fbc75c7-95a5-4223-af2b-fe49dbdebecc
398622,2022-08-24,429.0,2022-08-02,389.0,1.81818181818182,410.78,c5ea6027-1812-4e5b-a236-900372433c03
398635,2022-08-24,377.0,2022-08-02,357.0,0.909090909090909,378.74,e0f5d5df-2f38-4583-be9e-2a226a583f51
398649,2022-08-24,355.0,2022-08-02,336.0,0.863636363636364,355.71,25de4b95-2102-48b0-94f2-e559a3315bb9
398650,2022-08-24,431.0,2022-08-02,401.0,1.36363636363636,423.08,ecb127fd-6380-42bb-8622-d9815649ef65
187087,2021-10-07,189.0,2021-07-27,170.0,0.263888888888889,244.47,7fa8f41a-e525-43cc-b219-e33af5f85ac4
187088,2021-10-07,178.5,2021-07-27,148.0,0.423611111111111,223.94,966d5a86-1e7d-484c-a63e-ee9ec060e269
187369,2021-10-07,190.5,2021-07-30,157.0,0.485507246376812,216.84,6dd09559-842f-400f-b1de-3e824510afc5
187091,2021-10-07,217.0,2021-07-30,174.0,0.623188405797101,244.92,cc97acc9-d5e1-4c95-bca4-d9f54745241b
187074,2021-10-07,168.0,2021-07-30,147.0,0.304347826086957,212.99,204f1a14-0a08-4e81-8d01-bbd8984e47dd
187416,2021-10-07,169.0,2021-07-27,184.5,-0.215277777777778,258.11,f7100a7e-adb5-4969-b1d3-c0a7dfd6e2b0
187078,2021-10-07,181.0,2021-07-27,156.0,0.347222222222222,231.34,95e09ba6-f69a-4909-bce0-2b5920286336
187079,2021-10-07,201.0,2021-07-27,184.0,0.236111111111111,258.18,da54e5a2-fbfb-4b1d-8ec7-c4d5f6ed26ed
187119,2021-10-07,171.5,2021-07-27,162.5,0.125,231.27,e23b1341-3436-4815-a65e-69f3eb8c1046
187362,2021-10-07,163.5,2021-07-27,152.5,0.152777777777778,228.19,30af59e6-1ced-4d0b-82af-c1b2c3b8562b
187404,2021-10-07,162.5,2021-07-27,150.5,0.166666666666667,220.38,74c7e86f-14d9-4ca4-85c8-02fbbdc21fec
602257,2023-08-15,444.0,2023-04-26,454.0,-0.0900900900900901,554.55,8b9c0475-b9bc-4ba3-9502-ccd88983b7eb
602267,2023-08-15,444.0,2023-04-26,416.0,0.252252252252252,520.98,1493f341-3231-4c9c-950c-c623e9c53516
602268,2023-08-15,405.0,2023-04-26,372.0,0.297297297297297,482.08,9af8f6ea-f849-467f-852a-906c756939c5
300578,2022-03-18,287.0,2022-02-24,277.0,0.454545454545455,297.87,e145607d-f135-4900-a295-61773942a02c
300580,2022-03-18,243.0,2022-02-24,244.0,-0.0454545454545455,265.02,25de4b95-2102-48b0-94f2-e559a3315bb9
300585,2022-03-18,231.0,2022-02-24,223.0,0.363636363636364,243.45,ece8071f-80b9-44b2-b343-1056e4a79dfd
300591,2022-03-18,275.0,2022-02-24,269.0,0.272727272727273,291.88,abc94438-9ef6-47a6-9647-2a4c0111fe99
512507,2023-02-23,529.0,2023-01-11,514.0,0.348837209302326,554.46,a32d7dbf-2ec8-433c-a5a4-0a980bba9c7a
512509,2023-02-23,562.0,2023-01-11,524.0,0.883720930232558,564.37,203b30a2-6f9e-47a0-9da8-e7fa3c996eea
512523,2023-02-23,590.0,2023-01-11,558.0,0.744186046511628,596.48,6648cc1b-183c-4027-85ab-6dc618fcbe51
512529,2023-02-23,580.0,2023-01-11,544.0,0.837209302325581,582.82,08f88e1f-7ee3-4c52-8876-47902e75bfc6
512629,2023-02-23,315.0,2023-02-09,328.0,-0.928571428571429,340.72,49122c85-c7e7-4c14-b789-01facd490b2b
512638,2023-02-23,404.0,2023-02-09,402.0,0.142857142857143,415.02,8b9c0475-b9bc-4ba3-9502-ccd88983b7eb
512643,2023-02-23,415.0,2023-02-09,396.0,1.35714285714286,409.16,a10906f3-e68c-4d8e-8c66-6fac44c07739
513083,2023-02-24,451.0,2023-02-09,451.0,0.0,451.0,b299fe63-d3b1-4679-9697-3f264bd6a42f
513088,2023-02-24,344.0,2023-02-09,330.0,0.933333333333333,344.0,8647de4f-acec-43b4-b80a-7d367b40d2d1
513093,2023-02-24,381.0,2023-02-09,371.0,0.666666666666667,381.0,ef16d4b4-7d59-4678-b45c-05e8eb6e0f72
513637,2023-02-24,387.0,2023-02-09,367.0,1.33333333333333,379.9,ecb4d09b-7f83-4b96-9596-74e087374223
513643,2023-02-24,374.0,2023-02-09,373.0,0.0666666666666667,387.48,65abafdc-a9b7-4f94-83ec-4bb255e44ec1
513657,2023-02-24,365.0,2023-02-09,363.0,0.133333333333333,375.86,ead07cf1-8194-478d-a480-be209599e95e
513661,2023-02-24,346.0,2023-02-09,341.0,0.333333333333333,354.29,6355ee6d-2b7f-41ef-a572-680669f2c8e8
528434,2023-03-21,740.0,2023-02-01,692.0,1.0,,2f4704f7-0ab5-4e83-8ef4-321cbc511edd
528438,2023-03-21,626.0,2023-02-01,594.0,0.666666666666667,615.68,a3577a2e-e93d-42b6-b9eb-da20de3bf45a
528448,2023-03-21,768.0,2023-02-01,750.0,0.375,,d7a80cab-a8ed-4e70-8d6a-8531ecd2d9d7
528451,2023-03-21,530.0,2023-02-01,487.0,0.895833333333333,527.26,adffde2c-6d40-443f-9e37-97a99f214c57
528452,2023-03-21,636.0,2023-02-01,606.0,0.625,,e55cdd80-0e6c-4cbe-8faf-d693065d9df1
528459,2023-03-21,367.0,2023-02-01,326.0,0.854166666666667,371.46,c6b54f25-d981-48ec-9688-e054cc3247a6
528465,2023-03-21,240.0,2023-02-01,234.0,0.125,279.26,ddfcc222-bc46-4460-bd06-e35a539344cb
528473,2023-03-21,586.0,2023-02-01,550.0,0.75,590.01,77396068-d56b-4fe3-98e3-5367eeba76fc
528475,2023-03-21,682.0,2023-02-01,674.0,0.166666666666667,,ba103b3a-d10a-4dab-a222-f56277a9efa0
528488,2023-03-21,311.0,2023-02-01,300.0,0.229166666666667,342.25,817b566c-d929-4166-97f3-b4131f9a439e
528496,2023-03-21,662.0,2023-02-01,622.0,0.833333333333333,,0b4e5344-ae6a-4942-bf67-293a0b305e6f
528506,2023-03-21,241.0,2023-02-01,209.0,0.666666666666667,254.53,085f217b-2836-48e3-9de3-bfa5d11ec220
528530,2023-03-21,604.0,2023-02-01,572.0,0.666666666666667,,301a1f85-f5c2-4263-b30b-f9434e1eb459
528540,2023-03-21,552.0,2023-02-01,522.0,0.625,562.43,5fb45706-4255-438a-a5d8-29654eb650b1
528552,2023-03-21,594.0,2023-02-01,598.0,-0.0833333333333333,,1f6db47c-a9cc-438e-9890-c708e62d8f34
528564,2023-03-21,614.0,2023-02-01,604.0,0.208333333333333,628.57,892169c8-5a97-4163-9496-da638ed93486
172881,2021-07-30,147.0,2021-05-24,72.0,1.11940298507463,,204f1a14-0a08-4e81-8d01-bbd8984e47dd
341082,2022-05-11,288.0,2022-03-21,265.0,0.450980392156863,313.14,204f1a14-0a08-4e81-8d01-bbd8984e47dd
341085,2022-05-11,316.0,2022-03-21,304.0,0.235294117647059,356.35,c794a9a4-3712-45b8-9e13-539e9cc461f8
341404,2022-05-12,242.0,2022-03-18,207.0,0.636363636363636,257.53,30af59e6-1ced-4d0b-82af-c1b2c3b8562b
341405,2022-05-12,268.0,2022-03-21,252.0,0.307692307692308,299.97,5cd4959d-1f34-4ad0-9ee9-6ff829f0d823
341415,2022-05-12,248.0,2022-03-18,236.0,0.218181818181818,290.14,7fa8f41a-e525-43cc-b219-e33af5f85ac4
341424,2022-05-12,259.0,2022-03-18,231.0,0.509090909090909,281.04,ece8071f-80b9-44b2-b343-1056e4a79dfd
341431,2022-05-12,273.0,2022-03-18,228.0,0.818181818181818,281.51,62b6642f-bab9-4187-baa2-c34c32f0da99
341437,2022-05-12,283.0,2022-03-21,259.0,0.461538461538462,312.25,dbcd1a04-4d70-4bdb-8b2a-185d6ecf5849
341438,2022-05-12,266.0,2022-03-21,251.0,0.288461538461538,298.73,20683aca-2a94-4fbf-aa99-4938547710ca
341444,2022-05-12,276.0,2022-03-18,233.0,0.781818181818182,289.19,3f5016c5-dcc8-4703-9591-0a49ceeb8e42
341479,2022-05-12,319.0,2022-03-21,286.0,0.634615384615385,334.57,41bc9ba9-2733-4772-817d-d6c5e9bf2da9
341516,2022-05-12,282.0,2022-03-21,256.0,0.5,304.72,c9a0375a-6664-4bee-84dd-3a4bc874c716
341524,2022-05-12,252.0,2022-03-18,228.0,0.436363636363636,275.82,c15bb521-f9e0-441f-aa0a-477371816bd4
341529,2022-05-12,270.0,2022-03-18,238.0,0.581818181818182,293.84,dc2df3cb-1e9f-4439-a29d-65eec0e61960
544949,2023-04-26,408.0,2023-02-24,382.0,0.426229508196721,434.65,e372da76-027c-47f6-a629-7bd21120a292
544967,2023-04-26,385.0,2023-02-24,336.0,0.80327868852459,391.06,a4e4c0c0-632c-43f9-8421-8fe59205c796
544985,2023-04-26,395.0,2023-02-24,361.0,0.557377049180328,414.58,96b9f38e-c600-4cc4-ae8b-025b579bb6af
544988,2023-04-26,434.0,2023-02-24,383.0,0.836065573770492,440.51,b8fef6d0-3114-4471-8203-fe0b324cf97b
544989,2023-04-26,393.0,2023-02-24,362.0,0.508196721311475,415.17,c053432e-39c6-432c-b00a-701ea8574551
544994,2023-04-26,357.0,2023-02-23,315.0,0.67741935483871,372.19,49122c85-c7e7-4c14-b789-01facd490b2b
544999,2023-04-26,418.0,2023-02-24,383.0,0.573770491803279,441.15,595efe9c-c095-4374-ad95-2777b5604f37
545003,2023-04-26,380.0,2023-02-24,360.0,0.327868852459016,414.02,4ffa997c-8b3e-40af-a6d4-e806b0acef59
545011,2023-04-26,329.0,2023-02-24,304.0,0.409836065573771,361.32,366a60c1-30e1-4940-bf1d-c16f4fe91684
545049,2023-04-26,421.0,2023-02-24,388.0,0.540983606557377,439.97,4c8610c6-8f50-4673-9e16-e74aaccd83ec
554806,2023-05-11,676.0,2023-02-23,614.0,0.805194805194805,679.95,63045f85-41d1-474e-bef0-adbc44b63099
554807,2023-05-11,664.0,2023-02-23,562.0,1.32467532467532,632.8,203b30a2-6f9e-47a0-9da8-e7fa3c996eea
554815,2023-05-11,660.0,2023-02-23,562.0,1.27272727272727,632.09,285cade1-158a-4875-8602-002fd7bfc4b6
554817,2023-05-11,642.0,2023-02-23,545.0,1.25974025974026,616.35,2e563ecc-c663-443a-a3bb-759f257a3a84
554818,2023-05-11,710.0,2023-02-23,608.0,1.32467532467532,674.61,cf789cda-d884-47fd-909c-89ad44ed15c8
360186,2022-06-13,298.0,2022-05-12,295.0,0.09375,324.29,09b9adf2-df24-4e7b-8794-e4d923221da4
360196,2022-06-13,309.0,2022-05-12,295.0,0.4375,323.44,92791ba9-9ef0-428c-8491-94a3d68cd64c
360199,2022-06-13,280.0,2022-05-12,270.0,0.3125,301.41,dc2df3cb-1e9f-4439-a29d-65eec0e61960
360210,2022-06-13,300.0,2022-05-12,280.0,0.625,308.12,7d499dfe-a781-423e-b384-770d65785fe4
360213,2022-06-13,336.0,2022-05-12,310.0,0.8125,342.35,dfe4916e-fbf0-4218-9227-3c1b173154e7
360214,2022-06-13,334.0,2022-05-11,305.0,0.878787878787879,335.14,599b5295-1660-48f7-8b1b-61494fe7fb8f
360215,2022-06-13,323.0,2022-05-12,306.0,0.53125,335.51,e145607d-f135-4900-a295-61773942a02c
360217,2022-06-13,290.0,2022-05-12,276.0,0.4375,307.08,5b692764-0f74-40af-8f63-279d4d99a4f7
360223,2022-06-13,284.0,2022-05-12,259.0,0.78125,287.12,aaef8b89-3f92-4e01-af76-a83fcecfe24d
360225,2022-06-13,204.0,2022-05-12,203.0,0.03125,228.22,174e649d-949a-4485-b84b-cc8a82f49104
360228,2022-06-13,247.0,2022-05-12,232.0,0.46875,253.93,1a86b86a-9752-4970-954f-64dde17567d4
360235,2022-06-13,307.0,2022-05-11,288.0,0.575757575757576,318.84,8e899911-5d88-4ff5-bf15-7f86902cbdc3
360242,2022-06-13,276.0,2022-05-12,279.0,-0.09375,308.33,6b25474f-866e-4efa-bbe9-ae9f50c78b4a
360245,2022-06-13,302.0,2022-05-11,300.0,0.0606060606060606,330.24,797565bb-9968-444b-9af2-9eac79ca44c6
360247,2022-06-13,315.0,2022-05-11,297.0,0.545454545454545,327.21,468d9197-2e40-46dd-854d-47353c0a66af
360280,2022-06-13,305.0,2022-05-11,311.0,-0.181818181818182,341.71,851fc06d-0ee6-4d88-858e-487cad378e00
360284,2022-06-13,276.0,2022-05-12,272.0,0.125,297.0,ee6baaff-0973-4bbd-950a-25e1b8fd9ffc
360289,2022-06-13,274.0,2022-05-11,271.0,0.0909090909090909,300.88,a696591b-d1de-4f1e-bfdf-9d68a0d691cb
360291,2022-06-13,267.0,2022-05-12,252.0,0.46875,278.88,f2176e41-fb91-49b8-8d38-e7e6dc426909
360303,2022-06-13,313.0,2022-05-12,285.0,0.875,316.84,80d161ce-1387-4198-85dc-79933f2d6cdd
360304,2022-06-13,245.0,2022-05-12,244.0,0.03125,270.08,0b44fb0a-839a-4381-91b8-f12e6d529818
360314,2022-06-13,332.0,2022-05-12,271.0,1.90625,302.31,47d0b5d2-80dc-49ef-b8e6-a69628b876d3
360318,2022-06-13,339.0,2022-05-12,324.0,0.46875,356.43,b6f9888b-3cdd-4836-9eaf-8547b5545a71
172860,2021-07-30,153.0,2021-07-13,133.0,1.17647058823529,,3cbdf922-6d25-4a37-96de-2c76d8e27744
172868,2021-07-30,159.0,2021-07-13,139.0,1.17647058823529,,074dd80e-919b-49ca-a068-4fe4cbc338a5
172838,2021-07-30,157.0,2021-07-27,153.0,1.33333333333333,,6dd09559-842f-400f-b1de-3e824510afc5
172909,2021-07-27,161.5,2021-07-12,147.5,0.933333333333333,,772e9de5-97ee-40e8-a68a-bea8a93d162b
172913,2021-07-29,171.0,2021-07-04,141.5,1.18,171.0,c794a9a4-3712-45b8-9e13-539e9cc461f8
172917,2021-07-27,150.5,2021-07-12,133.0,1.16666666666667,,74c7e86f-14d9-4ca4-85c8-02fbbdc21fec
172922,2021-07-27,162.0,2021-07-12,138.0,1.6,,7cc80a5c-c9cd-4f94-9c03-206e273ba25e
172926,2021-07-27,162.0,2021-07-12,143.5,1.23333333333333,,c4ff9044-f451-47a2-9cf5-55e81ed5b1c0
172927,2021-07-27,137.0,2021-07-12,121.5,1.03333333333333,,f7d8ae65-1bdd-4175-bdc7-a610e24b7b78
172938,2021-07-27,137.5,2021-07-12,124.0,0.9,,271c4d38-15d9-48ac-9d7c-f50f342d820e
172946,2021-07-27,167.0,2021-07-12,148.0,1.26666666666667,,797565bb-9968-444b-9af2-9eac79ca44c6
172948,2021-07-27,168.5,2021-07-12,155.0,0.9,,7cea2341-82f2-44a5-bbe5-db0fd8548fe7
172955,2021-07-27,184.5,2021-07-12,159.5,1.66666666666667,,f7100a7e-adb5-4969-b1d3-c0a7dfd6e2b0
172958,2021-07-27,152.0,2021-07-12,136.0,1.06666666666667,,8f32d77c-b2e8-4b8a-9bcc-9fc078370e3f
172961,2021-07-27,173.0,2021-07-12,155.0,1.2,,e145607d-f135-4900-a295-61773942a02c
387862,2022-08-02,313.0,2022-06-13,286.0,0.54,328.28,dc6105c9-f04e-4a6a-8b18-5aed301814a3
387863,2022-08-02,334.0,2022-06-13,291.0,0.86,338.5,dbcd1a04-4d70-4bdb-8b2a-185d6ecf5849
387866,2022-08-02,333.0,2022-06-13,274.0,1.18,320.07,10fc5193-b249-4c70-9526-c316b8991d10
387869,2022-08-02,318.0,2022-06-13,275.0,0.86,317.64,7f2ed266-5e35-4217-b200-c4c24f9a5b81
387896,2022-08-02,400.0,2022-06-13,331.0,1.38,380.89,204c79ea-7f9a-443f-866f-6005b2594f18
387902,2022-08-02,329.0,2022-06-13,276.0,1.06,318.74,6b25474f-866e-4efa-bbe9-ae9f50c78b4a
387905,2022-08-02,355.0,2022-06-13,296.0,1.18,334.5,576abf73-7ebd-4b36-82cd-13dcc5ae96a2
387907,2022-08-02,393.0,2022-06-13,330.0,1.26,380.13,95e09ba6-f69a-4909-bce0-2b5920286336
387924,2022-08-02,393.0,2022-06-13,339.0,1.08,389.04,b6f9888b-3cdd-4836-9eaf-8547b5545a71
387930,2022-08-02,329.0,2022-06-13,281.0,0.96,323.06,426d14b9-0224-42f6-a8c1-06220e03d3cc
387932,2022-08-02,370.0,2022-06-13,319.0,1.02,359.67,9a9b9363-b686-4e83-98f9-b10345d17857
387936,2022-08-02,346.0,2022-06-13,315.0,0.62,360.12,468d9197-2e40-46dd-854d-47353c0a66af
387940,2022-08-02,357.0,2022-06-13,301.0,1.12,349.29,e0f5d5df-2f38-4583-be9e-2a226a583f51
387941,2022-08-02,366.0,2022-06-13,310.0,1.12,353.56,71576c82-e36a-4689-88ed-a32ce75cdf7b
387950,2022-08-02,348.0,2022-06-13,275.0,1.46,320.46,8f32d77c-b2e8-4b8a-9bcc-9fc078370e3f
387968,2022-08-02,323.0,2022-06-13,263.0,1.2,306.53,a1075b21-93bf-4250-83a2-27a2f1dfc7f7
387973,2022-08-02,360.0,2022-06-13,313.0,0.94,362.84,80d161ce-1387-4198-85dc-79933f2d6cdd
387975,2022-08-02,327.0,2022-06-13,287.0,0.8,328.94,5776f066-a82c-4f55-99be-d1e3be638c19
387984,2022-08-02,355.0,2022-06-13,309.0,0.92,357.95,41d0e4b4-4f8b-4b75-9fc5-0d795b99d606
595705,2023-08-02,446.0,2023-03-21,347.0,0.738805970149254,460.15,54e2440f-5c63-4799-9c34-64ebd8412f6d
595708,2023-08-02,394.0,2023-02-23,229.0,1.03125,391.0,cb6a6373-bd11-40a6-885b-bb4008c5f928
595717,2023-08-02,395.0,2023-03-21,292.0,0.76865671641791,425.86,a694373f-b174-4894-9cd6-698944cef4b3
595718,2023-08-02,422.0,2023-07-27,427.0,-0.833333333333333,432.19,c4823188-e9e7-4f73-8b6b-c198de6e9ef3
595719,2023-08-02,426.0,2023-03-21,285.0,1.05223880597015,418.34,9802cabc-4f24-4452-9029-d5bc8f5ee7f7
595733,2023-08-02,341.0,2023-07-27,339.0,0.333333333333333,344.42,085f217b-2836-48e3-9de3-bfa5d11ec220
595738,2023-08-02,396.0,2023-03-21,307.0,0.664179104477612,425.62,756cb43f-663a-4181-ac7e-22d3b4fb3671
398608,2022-08-24,345.0,2022-08-02,330.0,0.681818181818182,349.0,e21ebd7c-194f-4c30-8309-3b859da8e8ff
398609,2022-08-24,318.0,2022-08-02,294.0,1.09090909090909,310.62,9cd00ee2-afcb-4465-b229-398e609e3a0d
398611,2022-08-24,337.0,2022-08-02,328.0,0.409090909090909,346.59,36464cde-376e-4905-8e6e-2b9f5b50f6ac
398625,2022-08-24,305.0,2022-08-02,292.0,0.590909090909091,308.94,0b44fb0a-839a-4381-91b8-f12e6d529818
398628,2022-08-24,350.0,2022-08-02,329.0,0.954545454545455,347.77,426d14b9-0224-42f6-a8c1-06220e03d3cc
398634,2022-08-24,400.0,2022-08-02,379.0,0.954545454545455,398.98,7236d2de-605d-48f3-8aab-b565d7ed1308
398646,2022-08-24,367.0,2022-08-02,338.0,1.31818181818182,358.94,7fa8f41a-e525-43cc-b219-e33af5f85ac4
398647,2022-08-24,388.0,2022-08-02,362.0,1.18181818181818,381.95,851fc06d-0ee6-4d88-858e-487cad378e00
187366,2021-10-07,171.0,2021-07-30,142.0,0.420289855072464,208.44,6b25474f-866e-4efa-bbe9-ae9f50c78b4a
187367,2021-10-07,185.0,2021-07-27,159.5,0.354166666666667,235.02,307b6a1b-c728-4bcc-acf4-136f654b4c79
187368,2021-10-07,175.5,2021-07-27,165.0,0.145833333333333,233.58,f72c65b9-046d-4017-996c-06a1c692ad07
187349,2021-10-07,151.0,2021-07-29,126.5,0.35,201.16,3873163d-60a2-440b-91aa-e9903ea15236
187409,2021-10-07,175.5,2021-07-27,138.5,0.513888888888889,214.71,4b315846-1c64-455c-9121-6e27c1dc4d9e
187109,2021-10-07,165.0,2021-07-29,130.0,0.5,205.39,f28c4440-3b18-4b5e-aa84-6d1c706b75bb
187353,2021-10-07,144.0,2021-07-27,134.0,0.138888888888889,204.15,b4ac2737-81b5-4900-9bd0-0d7b41381495
187393,2021-10-07,184.5,2021-07-27,165.5,0.263888888888889,233.64,36464cde-376e-4905-8e6e-2b9f5b50f6ac
187073,2021-10-07,147.0,2021-07-27,140.5,0.0902777777777778,210.29,f2176e41-fb91-49b8-8d38-e7e6dc426909
187354,2021-10-07,207.0,2021-07-30,173.0,0.492753623188406,243.93,47d0b5d2-80dc-49ef-b8e6-a69628b876d3
187114,2021-10-07,168.5,2021-07-30,140.0,0.41304347826087,201.14,ee6baaff-0973-4bbd-950a-25e1b8fd9ffc
187395,2021-10-07,187.5,2021-07-27,164.0,0.326388888888889,238.96,7c71a4e5-2aaa-4128-a459-d303465e217b
187075,2021-10-07,192.0,2021-07-27,167.5,0.340277777777778,235.94,3dde5fe3-7132-49f8-8373-deae64b515a6
187076,2021-10-07,191.5,2021-07-27,154.0,0.520833333333333,229.76,5f093683-cd91-483a-9d7c-0a85462dcb21
187137,2021-10-07,140.0,2021-07-30,155.0,-0.217391304347826,222.12,100df59b-ccad-4d8e-903d-1734692290b9
187438,2021-10-07,189.5,2021-07-30,172.0,0.253623188405797,237.24,3f0f81b1-2459-4fa3-954b-08cbda4f0c9c
187098,2021-10-07,182.5,2021-07-30,162.0,0.297101449275362,221.6,9a9b9363-b686-4e83-98f9-b10345d17857
187118,2021-10-07,159.5,2021-07-27,138.5,0.291666666666667,215.19,cb9947fa-0f01-4d11-a616-60c4c9d8a78c
187399,2021-10-07,213.0,2021-07-27,182.5,0.423611111111111,250.35,73aac93a-bd7f-4e42-8843-5b6fa9356360
187099,2021-10-07,191.5,2021-07-27,173.5,0.25,247.84,b6f9888b-3cdd-4836-9eaf-8547b5545a71
187380,2021-10-07,162.5,2021-07-29,135.5,0.385714285714286,203.53,10675540-984d-4638-a65f-c875e78dd191
187080,2021-10-07,196.0,2021-07-27,167.0,0.402777777777778,235.43,797565bb-9968-444b-9af2-9eac79ca44c6
187100,2021-10-07,161.0,2021-07-27,137.5,0.326388888888889,207.83,271c4d38-15d9-48ac-9d7c-f50f342d820e
187382,2021-10-07,185.0,2021-07-27,153.0,0.444444444444444,229.05,ee195c95-8a17-484b-905a-e51ba97db105
187403,2021-10-07,152.5,2021-07-29,149.5,0.0428571428571429,217.97,d15dbda9-1a3e-44fc-9061-2a7a7f1e792d
187385,2021-10-07,189.0,2021-07-30,156.0,0.478260869565217,228.08,a830501a-010d-4f33-be76-9e420b4b8cba
602259,2023-08-15,452.0,2023-04-26,411.0,0.369369369369369,516.67,4deda364-678c-48ea-829a-a5c262f8083a
602269,2023-08-15,400.0,2023-04-26,381.0,0.171171171171171,488.19,21d3b7c7-03e3-4738-a154-50b6eb3355c0
602273,2023-08-15,474.0,2023-04-26,481.0,-0.0630630630630631,578.64,b299fe63-d3b1-4679-9697-3f264bd6a42f
602276,2023-08-15,458.0,2023-04-26,449.0,0.0810810810810811,540.32,85dba3b1-819b-4c61-b64c-9584d64f9236
602277,2023-08-15,440.0,2023-04-26,421.0,0.171171171171171,515.15,4c8610c6-8f50-4673-9e16-e74aaccd83ec
602286,2023-08-15,379.0,2023-04-26,347.0,0.288288288288288,447.57,5b34f6b4-21f5-4ead-b8db-21a17ba34064
602297,2023-08-15,372.0,2023-04-26,354.0,0.162162162162162,454.38,c8e42b20-ae5c-4776-8eed-8b0bf6db4837
602307,2023-08-15,384.0,2023-04-26,375.0,0.0810810810810811,474.94,f068c0bd-12be-4798-b721-3fecbfd6f223
602312,2023-08-15,429.0,2023-04-26,408.0,0.189189189189189,504.15,e372da76-027c-47f6-a629-7bd21120a292
602323,2023-08-15,414.0,2023-04-26,385.0,0.261261261261261,481.81,6355ee6d-2b7f-41ef-a572-680669f2c8e8
602325,2023-08-15,406.0,2023-04-26,383.0,0.207207207207207,490.03,2cc23a10-8a6c-4815-81e9-5c71c7a77914
602326,2023-08-15,408.0,2023-04-26,406.0,0.018018018018018,501.44,60abe2c3-a4a2-45a0-a1ac-6c050a23edc5
602333,2023-08-15,454.0,2023-04-26,445.0,0.0810810810810811,546.9,a10906f3-e68c-4d8e-8c66-6fac44c07739
300596,2022-03-18,223.0,2022-02-24,223.0,0.0,243.37,94e6e067-695a-4884-b9f2-ccd1b6d78a72
300597,2022-03-18,236.0,2022-02-24,238.0,-0.0909090909090909,260.48,7fa8f41a-e525-43cc-b219-e33af5f85ac4
300608,2022-03-18,258.0,2022-02-24,248.0,0.454545454545455,270.8,e0f5d5df-2f38-4583-be9e-2a226a583f51
271313,2022-02-03,216.0,2021-11-25,213.0,0.0428571428571429,,8f32d77c-b2e8-4b8a-9bcc-9fc078370e3f
300609,2022-03-18,262.0,2022-02-24,265.0,-0.136363636363636,287.7,da54e5a2-fbfb-4b1d-8ec7-c4d5f6ed26ed
300614,2022-03-18,252.0,2022-03-16,261.0,-4.5,263.05,7657550f-b2af-46c9-a2d2-e500b8137e6e
285521,2022-02-24,245.0,2021-11-25,220.0,0.274725274725275,315.79,7657550f-b2af-46c9-a2d2-e500b8137e6e
285528,2022-02-24,269.0,2021-11-25,241.0,0.307692307692308,334.49,abc94438-9ef6-47a6-9647-2a4c0111fe99
299362,2022-03-16,257.0,2022-02-24,250.0,0.35,268.76,59a33b26-bd16-4e40-b289-7a163a96ff69
602274,2023-08-15,431.0,2023-04-26,411.0,0.18018018018018,506.55,ee190171-ca2b-4a88-9a71-86024433464c
602285,2023-08-15,458.0,2023-04-26,421.0,0.333333333333333,512.68,22a008b4-b9bd-45de-a1e6-3c3f9d0d67a1
602302,2023-08-15,469.0,2023-04-26,434.0,0.315315315315315,535.94,b8fef6d0-3114-4471-8203-fe0b324cf97b
602304,2023-08-15,391.0,2023-04-26,385.0,0.0540540540540541,482.82,a4e4c0c0-632c-43f9-8421-8fe59205c796
602308,2023-08-15,389.0,2023-04-26,362.0,0.243243243243243,472.01,2990acf6-d45e-490e-a3c3-cf58884af2ab
602317,2023-08-15,419.0,2023-04-26,394.0,0.225225225225225,490.73,80a38c8e-29a8-4129-9cf8-4d45b712730c
602322,2023-08-15,378.0,2023-04-26,338.0,0.36036036036036,440.12,e96b5f3d-1e36-4ce6-b1c1-d4a0d88a8fed
602324,2023-08-15,430.0,2023-04-26,426.0,0.036036036036036,518.05,70924c60-c63e-4e77-a26a-78d3724cf761
602331,2023-08-15,399.0,2023-04-26,378.0,0.189189189189189,486.8,9752003e-df4a-483c-ac38-ca254b62cb3a
300595,2022-03-18,206.0,2022-02-24,209.0,-0.136363636363636,228.03,9cd00ee2-afcb-4465-b229-398e609e3a0d
302670,2022-03-21,309.0,2022-02-07,256.0,1.26190476190476,299.71,c2b35033-a714-4db3-964c-6b546bf7e6b5
300599,2022-03-18,255.0,2022-02-24,249.0,0.272727272727273,271.6,ce6db7ba-255e-43f3-ba67-5fcd4ceb5db6
271326,2022-02-03,221.0,2021-11-25,212.0,0.128571428571429,,7d499dfe-a781-423e-b384-770d65785fe4
300613,2022-03-18,219.0,2022-02-24,217.0,0.0909090909090909,238.27,ee195c95-8a17-484b-905a-e51ba97db105
285532,2022-02-24,230.0,2021-11-25,207.0,0.252747252747253,295.11,7a6f5768-be48-4a27-a956-c1582edef8bd
285534,2022-02-24,228.0,2021-11-25,209.0,0.208791208791209,304.38,3f5016c5-dcc8-4703-9591-0a49ceeb8e42
302676,2022-03-21,226.0,2022-02-07,193.0,0.785714285714286,229.88,0b44fb0a-839a-4381-91b8-f12e6d529818
302677,2022-03-21,306.0,2022-02-07,258.0,1.14285714285714,301.5,acf4d7a0-71c0-47df-816c-f329c66d204b
285556,2022-02-24,210.0,2021-11-25,208.0,0.021978021978022,304.18,10fc5193-b249-4c70-9526-c316b8991d10
285564,2022-02-24,163.0,2021-11-25,153.5,0.104395604395604,233.79,100df59b-ccad-4d8e-903d-1734692290b9
285529,2022-02-24,280.0,2021-11-25,253.0,0.296703296703297,346.14,204c79ea-7f9a-443f-866f-6005b2594f18
300617,2022-03-18,217.0,2022-02-24,213.0,0.181818181818182,234.81,4bf63f47-bd63-4c0c-a826-0028fa35bed7
299364,2022-03-16,261.0,2022-02-24,245.0,0.8,265.58,7657550f-b2af-46c9-a2d2-e500b8137e6e
300621,2022-03-18,256.0,2022-02-24,248.0,0.363636363636364,268.16,4c28394a-6075-48a2-931f-ecb1cff20437
285550,2022-02-24,228.0,2021-11-25,200.0,0.307692307692308,287.88,c15bb521-f9e0-441f-aa0a-477371816bd4
285560,2022-02-24,255.0,2021-11-25,235.0,0.21978021978022,327.78,1214fada-f7ac-49f6-9fee-05ef8a6656d6
285565,2022-02-24,242.0,2021-11-25,239.0,0.032967032967033,325.61,92791ba9-9ef0-428c-8491-94a3d68cd64c
