Unique Ref,Tranche,Level 1,Level 2,Level 3,Level 4,Complex Type,Attribute,Description,Mandatory ?,Data Type,Accepted Values,Validation,Drop-Down/Metaval
1,CLIENT,Configuration,n/a,n/a,n/a,configuration,dataImportOperatorName,This is the logon name for the data import operator configured in Strata,Mandatory,string,Reference Data: operator.loginName,Must be Strata Operator ID. ‘-11’,
2,CLIENT,Configuration,n/a,n/a,n/a,configuration,requestUUID,The is a unique identifier for the XML message,Optional,string (8),,,
3,CLIENT,Configuration,n/a,n/a,n/a,configuration,noUpdateMode,Setting to true will mean the XML message will not get persisted to the database. Used for testing purposes,Optional,boolean,,,
4,CLIENT,Configuration,n/a,n/a,n/a,configuration,overrideStrataReferences,Setting to true will mean the classicOffsetRef (see client) will be set as the Strata PartyID and the classiPolicyReference will be used as the Strata Policy Reference,Optional,integer,,,
5,CLIENT,Configuration,n/a,n/a,n/a,configuration,useDvlaLookup,Specifies whether the DVLA service will be called when importing vehicle details to refresh the data for that vehicle,Optional,boolean,,,
6,CLIENT,Configuration,n/a,n/a,n/a,configuration,verifyDeleteMode,Setting to true will cause the data import routines to attempt to delete the xml after the import. The delete will not actually be executed but it will log if the delete would be possible ,Optional,boolean,,,
7,CLIENT,Configuration,n/a,n/a,n/a,configuration,ediMode,Enables a EDI message to be created for flagged policies,Optional,boolean,,,
8,CLIENT,Client,n/a,n/a,n/a,client,affinityCode,The Affinity group that the Client belongs to ,Optional,string (255),Reference Data: affinity.code,,
9,CLIENT,Client,n/a,n/a,n/a,client,branch,The branch that this client is linked to,Mandatory,string (15),Reference Data: branch.code,,
10,CLIENT,Client,n/a,n/a,n/a,client,category,A user defined classification for a particular client. MSG - No use has been identified for this,Optional,string,Reference Data: userDefinedData.code,,
11,CLIENT,Client,n/a,n/a,n/a,client,classicOffsetRef,The originating system’s Client ID combined with any integer value to increment it by. If configuration.overrideStrataReferences = true this will be set as the client Id in Strata,Optional,string (20),,,
12,CLIENT,Client,n/a,n/a,n/a,client,clientExec,The Operator responsible for this client,Optional,string (150),Reference Data: operator.loginName,,
13,CLIENT,Client,n/a,n/a,n/a,client,earliestInceptionDate,The start date of the first policy ever held by the client. MSG - This is the date the policy first held with Co-op,Optional,dateTime,,,
14,CLIENT,Client,n/a,n/a,n/a,client,fcaClientClassification,Whether the customer is classed as retail or commercial,Optional,string (10),Reference Data: userDefinedData.code,,
15,CLIENT,Client,n/a,n/a,n/a,client,nameLine,The clients Title first initial and Surname,Mandatory,string (152),,,
16,CLIENT,Client,n/a,n/a,n/a,client,ownReference,A reference from the originating system that can be used to locate the client on Strata via the Previous Reference field. Used by the data import process to identify a unique client and will trigger a deletion of the original when the same ownreference is imported again. MSG - this is being populated with Co-op Policy Number,Mandatory,string (20),,,
17,CLIENT,Client,n/a,n/a,n/a,client,partySubType,The client's Title first initial and Surname,Mandatory,string (100),Client,,
18,CLIENT,Client,n/a,n/a,n/a,client,source,The originating channel for the customer,Optional,string (100),Business Source Code (Instep 183) (3014),,Yes
19,CLIENT,Client,diary,n/a,n/a,diary,actionedBy,Operator who cancelled the diary,Optional,string (152),Reference Data: operator.loginName,,
20,CLIENT,Client,diary,n/a,n/a,diary,actionedDate,Date on which this Diary Entry was cancelled. MSG - this is the date the reminder/chase task was completed,Optional,dateTime,,,
21,CLIENT,Client,diary,n/a,n/a,diary,assignedTo,Reference to the Operator to whom this Diary Entry is assigned,Optional,string (152),Reference Data: operator.loginName,,
22,CLIENT,Client,diary,n/a,n/a,diary,commencingAt,Specifies the date that this diary entry starts,Optional,dateTime,,,
23,CLIENT,Client,diary,n/a,n/a,diary,createdDate,,Mandatory,dateTime,,,
24,CLIENT,Client,diary,n/a,n/a,diary,diaryComment,Holds any comments relevant to this diary entry,Optional,string (4000),,,
25,CLIENT,Client,diary,n/a,n/a,diary,doneByOperator,Reference to the Operator who created this Diary Entry,Mandatory,string (152),Reference Data: operator.loginName,,
26,CLIENT,Client,diary,n/a,n/a,diary,dueDate,The date this diary entry is due to be actioned,Optional,dateTime,,,
27,CLIENT,Client,diary,n/a,n/a,diary,outputType,Specifies the method in which the associated document(s) will be output.,Optional,string (10),Ouput Type (1487),,Yes
28,CLIENT,Client,diary,commentDiary,n/a,commentDiary,subject,Specifies the subject of the email to be sent,Optional,string (200),,,
30,CLIENT,Client,diary,documentSupportingDiary,n/a,documentSupportingDiary,description,This is needed in order to create a document record in Strata,Mandatory,string (150),,,
31,CLIENT,Client,diary,documentSupportingDiary,n/a,documentSupportingDiary,documentName,Document template name.  This is needed in order to create a document record in Strata,Mandatory,string (100),,,
32,CLIENT,Client,diary,documentSupportingDiary,n/a,documentSupportingDiary,documentType,This is needed in order to create a document record in Strata,Mandatory,string (22),Document Template Type (1453),,Yes
33,CLIENT,Client,diary,documentSupportingDiary,n/a,documentSupportingDiary,fileName,This is needed in order to retrieve a migrated document in Strata,Mandatory,string (190),,,
34,CLIENT,Client,diary,documentSupportingDiary,n/a,documentSupportingDiary,fsServerName,The name of the FileStore server that the document will be held on.,Optional,string (21),,,
35,CLIENT,Client,diary,documentSupportingDiary,n/a,documentSupportingDiary,guid,The document name – must be unique. This is needed in order to retrieve a migrated document in Strata,Mandatory,string (100),,,
36,CLIENT,Client,diary,documentSupportingDiary,n/a,documentSupportingDiary,location,Folder name the document is saved in. This is needed in order to create a document record in Strata,Mandatory,string (100),,,
37,CLIENT,Client,diary,documentSupportingDiary,certificateScheduleBaseDiary,certificateScheduleBaseDiary,printedDate,,Optional,dateTime,,,
38,CLIENT,Client,diary,documentSupportingDiary,correspondenceDiary,correspondenceDiary,associatedClaimID,,Optional,long,,,
39,CLIENT,Client,diary,documentSupportingDiary,correspondenceDiary,correspondenceDiary,comment1,,Optional,string (100),,,
40,CLIENT,Client,diary,documentSupportingDiary,correspondenceDiary,correspondenceDiary,comment2,,Optional,string (100),,,
41,CLIENT,Client,diary,documentSupportingDiary,correspondenceDiary,correspondenceDiary,comment3,,Optional,string (100),,,
42,CLIENT,Client,diary,documentSupportingDiary,correspondenceDiary,correspondenceDiary,comment4,,Optional,string (100),,,
43,CLIENT,Client,diary,documentSupportingDiary,correspondenceDiary,correspondenceDiary,comment5,,Optional,string (100),,,
44,CLIENT,Client,diary,documentSupportingDiary,correspondenceDiary,correspondenceDiary,comment6,,Optional,string (100),,,
45,CLIENT,Client,diary,documentSupportingDiary,correspondenceDiary,correspondenceDiary,renewalInviteInd,Indicates whether the correspondence diary is a renewal invite,Conditional,boolean,,,
46,CLIENT,Client,diary,documentSupportingDiary,correspondenceDiary,correspondenceDiary,timesOnReport,Indicates how many times this Diary Entry has been reported upon,Conditional,int,,,
47,CLIENT,Client,diary,documentSupportingDiary,correspondenceDiary,correspondenceDiary,typeCode,The correspondence diary type code as configured in Strata,Mandatory,string (255),Reference Data: correspondenceDiaryType.code,,
59,CLIENT,Client,diary,otherClassicDiary,n/a,otherClassicDiary,diaryType,,Optional,string (22),DiaryEntryTypes (95),,Y
60,CLIENT,Client,emailAddress,n/a,n/a,emailAddress,email,The email address,Optional,string (100),,,
61,CLIENT,Client,emailAddress,n/a,n/a,emailAddress,usage,Whether email address is used as main work or other,Mandatory,string (255),Email Type (6467),,Yes
62,CLIENT,Client,telephoneDetail,n/a,n/a,TelephoneDetail,areaCode,,Optional,string (10),,,
63,CLIENT,Client,telephoneDetail,n/a,n/a,TelephoneDetail,extension,,Optional,string (10),,,
64,CLIENT,Client,telephoneDetail,n/a,n/a,TelephoneDetail,internationalCode,,Optional,string (10),,,
65,CLIENT,Client,telephoneDetail,n/a,n/a,TelephoneDetail,phoneNumber,,Mandatory,string (10),,,
66,CLIENT,Client,telephoneDetail,n/a,n/a,TelephoneDetail,usagePhone,The type of phone number,Optional,string (255),TelNumberU (23),,Yes
67,CLIENT,Client,postalAddress,n/a,n/a,postalAddress,addressLine1,First line of address excluding the building name or number - description from Co-op not CDL,Mandatory,string (32),,,
68,CLIENT,Client,postalAddress,n/a,n/a,postalAddress,addressLine2,,Optional,string (32),,,
69,CLIENT,Client,postalAddress,n/a,n/a,postalAddress,addressLine3,,Optional,string (32),,,
70,CLIENT,Client,postalAddress,n/a,n/a,postalAddress,addressLine4,,Optional,string (32),,,
71,CLIENT,Client,postalAddress,n/a,n/a,postalAddress,buildingName,The house name or number,Mandatory,string (30),,,
72,CLIENT,Client,postalAddress,n/a,n/a,postalAddress,country,,Mandatory,string (255),GB,,
73,CLIENT,Client,postalAddress,n/a,n/a,postalAddress,postcode,,Mandatory,string (8),,,
74,CLIENT,Client,postalAddress,n/a,n/a,postalAddress,propertyType,,Mandatory,string (255),PostAddressCat (24),,Yes
75,CLIENT,Client,postalAddress,n/a,n/a,postalAddress,usageAddress,,Mandatory,string (255),PostAddressU (22),,Yes
648,CLIENT,Client,userField,n/a,n/a,userField,id,Optional sequence number for XML model,Optional,string (255),,,
649,CLIENT,Client,userField,n/a,n/a,userField,longResponse,The full response to the User field question,Optional,string (100),Pick List Name: PICKYN,,Y
650,CLIENT,Client,userField,n/a,n/a,userField,shortResponse,The abbreviated response to the User Field question,Optional,string (8),Pick List Name: PICKYN,,Y
651,CLIENT,Client,userField,n/a,n/a,userField,userFieldCode,A code by which the system identifies the User Field ,Mandatory,string (8),Reference Data: userField.code,,
652,CLIENT,Client,userField,n/a,n/a,userField,id,Optional sequence number for XML model,Optional,string (255),,,
653,CLIENT,Client,userField,n/a,n/a,userField,longResponse,The full response to the User field question,Optional,string (100),Pick List Name: PICKACCSREQ (UF-B),,Yes
654,CLIENT,Client,userField,n/a,n/a,userField,shortResponse,The abbreviated response to the User Field question,Optional,string (8),Pick List Name: PICKACCSREQ (UF-B),,Yes
655,CLIENT,Client,userField,n/a,n/a,userField,userFieldCode,A code by which the system identifies the User Field ,Mandatory,string (8),Reference Data: userField.code,,
668,CLIENT,Client,userField,n/a,n/a,userField,id,Optional sequence number for XML model,Optional,string (255),,,
669,CLIENT,Client,userField,n/a,n/a,userField,longResponse,The full response to the User field question,Optional,string (100),Pick List Name: VABLE (UF-D),,Yes
670,CLIENT,Client,userField,n/a,n/a,userField,shortResponse,The abbreviated response to the User Field question,Optional,string (8),Pick List Name: VABLE (UF-D),,Yes
671,CLIENT,Client,userField,n/a,n/a,userField,userFieldCode,A code by which the system identifies the User Field ,Mandatory,string (8),Reference Data: userField.code,,
83,CLIENT,Client,person,n/a,n/a,person,clientKeyNote,Any key information displayed prominently on the client record,Optional,string (600),,,
84,CLIENT,Client,person,n/a,n/a,person,dateOfBirth,,Mandatory,dateTime,,,
85,CLIENT,Client,person,n/a,n/a,person,declinedInsurance,Flag to indicate if the person has ever had insurance refused,Mandatory,string (20),Yes. No,,Y
86,CLIENT,Client,person,n/a,n/a,person,firstName,,Mandatory,string (30),,,
87,CLIENT,Client,person,n/a,n/a,person,fTEmployeeStatus,,Mandatory,string (100),EmployStatus (20),,Yes
88,CLIENT,Client,person,n/a,n/a,person,fTEmployer,,Mandatory,string (100),Employer (Instep 11) (2011),,Yes
89,CLIENT,Client,person,n/a,n/a,person,fTOccupation,,Mandatory,string (100),Occupation (Instep 55) (2055),,Yes
90,CLIENT,Client,person,n/a,n/a,person,gender,,Mandatory,string (20),Gender (10),,Yes
91,CLIENT,Client,person,n/a,n/a,person,lastName,,Mandatory,string (100),,,
92,CLIENT,Client,person,n/a,n/a,person,licenseType,,Optional,string (50),DriverDetail LicenceDetails ClassCode(Instep 20) (2020) - but abbreviated from full Metavals list,,Yes
93,CLIENT,Client,person,n/a,n/a,person,maritalStatus,,Mandatory,string (20),MaritalStatus (12),,Yes
94,CLIENT,Client,person,n/a,n/a,person,noOfTests,Number of Driving Tests taken for provisional licence holders,Mandatory,int,,,
95,CLIENT,Client,person,n/a,n/a,person,nonRTAConvictionInd,,Mandatory,string (20),Yes. No. NotKnown,,Y
96,CLIENT,Client,person,n/a,n/a,person,numberInHousehold,The number of other vehicles in the household,Mandatory,int,,,
97,CLIENT,Client,person,n/a,n/a,person,otherVehicles,MSG - Whether the person has access to other vehicles,Mandatory,int,,,
98,CLIENT,Client,person,n/a,n/a,person,pTEmployeeStatus,,Mandatory,string (100),EmployStatus (20),,Yes
99,CLIENT,Client,person,n/a,n/a,person,pTEmployer,,Mandatory,string (100),Employer (Instep 11) (2011),,Yes
100,CLIENT,Client,person,n/a,n/a,person,pTOccupation,,Mandatory,string (100),Occupation (Instep 55) (2055),,Yes
101,CLIENT,Client,person,n/a,n/a,person,salutation,,Mandatory,string (121),,,
102,CLIENT,Client,person,n/a,n/a,person,smoker,,Mandatory,string (20),Yes. No. NotKnown,,Y
103,CLIENT,Client,person,n/a,n/a,person,suffix,,Optional,string (10),,,
104,CLIENT,Client,person,n/a,n/a,person,testPassDate,Date the person passed their driving test. ,Optional,dateTime,,testPassDate cannot be earlier than drivers 17th birthday,
105,CLIENT,Client,person,n/a,n/a,person,title,,Mandatory,string (50),Title (11),,Yes
106,CLIENT,Client,person,n/a,n/a,person,ukResidentFrom,Date of permanent residence in the UK. ,Optional,dateTime,,ukResidentFrom cannot be earlier than dateOfBirth. ukResidentFrom cannot be in the future,
107,CLIENT,Client,person,loyaltyCard,n/a,loyaltyCard,loyaltyCardNumber,,Optional,string (50),,,
108,CLIENT,Client,person,loyaltyCard,n/a,loyaltyCard,loyaltyCardLookupResult,,Optional,string (50),Loyalty Card Lookup Result (6492),,Y
109,POLICY,Policy,n/a,n/a,n/a,policy,adminExec,Operator in charge of managing policy lifecycle,Mandatory,string (152),Reference Data: operator.loginName,,
110,POLICY,Policy,n/a,n/a,n/a,policy,affinityCode,A unique code to identify any affinity (introducer) linked to the policy. MSG - This will be the the specific direct product for migrated data.,Optional,string (100),Reference Data: affinity.code.,,
111,POLICY,Policy,n/a,n/a,n/a,policy,algPremium,The raw unmanipulated premium returned from the quotes engine before tax. Value in pence. MSG - Net premium without IPT,Mandatory,long,,,
112,POLICY,Policy,n/a,n/a,n/a,policy,annualisedPremiumExcludingCommission,The calculated annualised premium excluding commission (Industry Standard XYZ). Value in pence. CDL: The annualised premium is recalculated in Strata following every MTA. It will start off the same as the new business or renewal premium excluding IPT and then recalculated at MTA. Excludes optional extras and fees.,Mandatory,long,,,
113,POLICY,Policy,n/a,n/a,n/a,policy,annualisedPremiumIncludingCommission,The calculated annualised premium including commission (Industry Standard XYZ). Value in pence,Mandatory,long,,,
114,POLICY,Policy,n/a,n/a,n/a,policy,areaRating,The risk rating for the area in which the Risk is located as returned by the Quotes Engine,Optional,string (100),,,
115,POLICY,Policy,n/a,n/a,n/a,policy,autoratedInd,Indicates whether the quote was generated by a Quotes Engine,Mandatory,boolean,,,
116,POLICY,Policy,n/a,n/a,n/a,policy,balance,The amount owed on the policy. Value in pence,Mandatory,long,,,
117,POLICY,Policy,n/a,n/a,n/a,policy,branch,,Mandatory,string (15),Reference Data: branch.code,,
118,POLICY,Policy,n/a,n/a,n/a,policy,cancellationDate,The effective date of the cancellation,Optional,dateTime,,,
119,POLICY,Policy,n/a,n/a,n/a,policy,cancellationReason,,Optional,string (35),Cancellation Reason (1428),,Yes
120,POLICY,Policy,n/a,n/a,n/a,policy,classicPolicyReference,The originating system’s policy reference. If configuration.overrideStrataReferences = true this will be set as the policy reference in Strata,Mandatory,int,,,
121,POLICY,Policy,n/a,n/a,n/a,policy,commissionRate,Commission percentage applicable to the premium,Mandatory,float,,,
122,POLICY,Policy,n/a,n/a,n/a,policy,consentToAutoRenew,Indicates if the customer consents to have their policy renewed automatically,Mandatory,boolean,,,
123,POLICY,Policy,n/a,n/a,n/a,policy,ediPolicyInd,Flag to indicate an EDI policy. MSG - Indicates policy is set up to send over by EDI to Landscape,Mandatory,boolean,,,
124,POLICY,Policy,n/a,n/a,n/a,policy,ediCreateMessage,Flag to tell the import process to create an EDI Message for this policy. Will only work if configuration.ediMode = true,Optional,,,,
125,POLICY,Policy,n/a,n/a,n/a,policy,enddate,End date of the policy,Optional,dateTime,,,
126,POLICY,Policy,n/a,n/a,n/a,policy,fCATypeOfSale,,Optional,string (255),RETAIL. COMMERCIAL,,Y
127,POLICY,Policy,n/a,n/a,n/a,policy,fee,Administration Fee charged by the broker. Value in pence,Mandatory,int,,,
128,POLICY,Policy,n/a,n/a,n/a,policy,frequency,The policy term length type,Mandatory,string (30),Policy Frequency (39),,Yes
129,POLICY,Policy,n/a,n/a,n/a,policy,frequencyMonths,Term length in months,Mandatory,int,,,
130,POLICY,Policy,n/a,n/a,n/a,policy,inceptionDate,Date the policy was first incepted as New Business,Optional,dateTime,,,
131,POLICY,Policy,n/a,n/a,n/a,policy,insurerCode,The code identifying the Insurer. MSG - Defined by CDL,Mandatory,string (3),Reference Data: schemeDetails.insurerCode,,
132,POLICY,Policy,n/a,n/a,n/a,policy,insurerFees,Fee charged directly by the insurer. Value in pence.,Mandatory,int,,,
133,POLICY,Policy,n/a,n/a,n/a,policy,insurerFinanceOffered,Indicates whether the insurer can offer direct credit to the customer as returned by the quotes hub,Mandatory,boolean,,,
134,POLICY,Policy,n/a,n/a,n/a,policy,insurerName,MSG - This is driven from the InsurerCode,Optional,string (100),Reference Data: schemeDetails.insurerDescription,,
135,POLICY,Policy,n/a,n/a,n/a,policy,insurerQuoteId,Insurer reference returned from an Insurer Hosted Pricing quotes engine,Optional,string (15),,,
136,POLICY,Policy,n/a,n/a,n/a,policy,insurerRef,An insurer reference generated by an RTP rule or manually entered by an Operator when an override has been agreed with the Insurer,Optional,string (100),,,
137,POLICY,Policy,n/a,n/a,n/a,policy,introductoryPercentage,An Introductory discount - expressed as a percentage of the premium - calculated by the Quotes Engine,Mandatory,float,,,
138,POLICY,Policy,n/a,n/a,n/a,policy,lapsedReason,,Optional,string (255),Reason For Lapse (1449),,Yes
139,POLICY,Policy,n/a,n/a,n/a,policy,lastEDIDiaryVersionNumber,For EDI policies - the latest forward message sequence number,Mandatory,int,,,
140,POLICY,Policy,n/a,n/a,n/a,policy,lastEDIReceivedVersionNumber,For EDI policies - the latest reverse message sequence number,Mandatory,int,,,
141,POLICY,Policy,n/a,n/a,n/a,policy,legacyEDIReference,The EDI reference of the policy from the originating system– needed to allow seamless EDI once migrated. ,Optional,string (21),,"Must conform to the Regular Expression: ""^[A-Z]{1}[0-9]{114}[/]{1}[0-9]{3}$""",
142,POLICY,Policy,n/a,n/a,n/a,policy,medicalConsentAsked,Flag to indicate if the Medical Consent Question was asked at point of quote (GDPR),Optional,boolean,,,
143,POLICY,Policy,n/a,n/a,n/a,policy,convictionsConsentAsked,Flag to indicate if the Conviction Consent Question was asked at point of quote (GDPR),Optional,boolean,,,
144,POLICY,Policy,n/a,n/a,n/a,policy,ncbIndicator,Flag to indicate presence of previous insurance details,Mandatory,boolean,,,
145,POLICY,Policy,n/a,n/a,n/a,policy,netRatedInd,Net Rated policy indicator,Mandatory,boolean,,,
146,POLICY,Policy,n/a,n/a,n/a,policy,paymethod,The method used to pay for the policy. Mandatory for a policy but not a quote,Conditional,string (30),Policy Payment Method (1421),,Yes
147,POLICY,Policy,n/a,n/a,n/a,policy,policyFinalStatus,The current status of the policy,Mandatory,string (255),Policy Status (59),,Yes
148,POLICY,Policy,n/a,n/a,n/a,policy,policyNumber,Insurer policy number,Optional,string (30),,,
149,POLICY,Policy,n/a,n/a,n/a,policy,policyPreviousStatus,The previous status of the policy,Optional,string (255),Policy Status (59),,Yes
150,POLICY,Policy,n/a,n/a,n/a,policy,policyType,2 letter code to indicate the type of insurance,Mandatory,string (10),Policy Type (Instep 7) (2007),,Yes
151,POLICY,Policy,n/a,n/a,n/a,policy,preferredDelivery,Clients preferred delivery method for documentation for this policy,Optional,string (30),Preferred Delivery (6464),,Yes
152,POLICY,Policy,n/a,n/a,n/a,policy,premium,The net premium plus commission and tax. Value in pence. The net premium inclusive of insurer loads and discounts plus commission and tax.. CDL: This is the Insurer premium. It excludes optional extras and fees.,Mandatory,int,,,
153,POLICY,Policy,n/a,n/a,n/a,policy,previousContinuousYears,For motor policies only: The number of continuous years the previous insurance policy was held for.,Optional,int,,,
154,POLICY,Policy,n/a,n/a,n/a,policy,previousInsuranceType,For motor policies only: Insurance type of the previous policy,Optional,string (100),Type of Insurance (45),,Yes
155,POLICY,Policy,n/a,n/a,n/a,policy,previousInsurerCode,For motor policies only: A reference to the Insurer of the previous policy,Optional,string (20),,,
156,POLICY,Policy,n/a,n/a,n/a,policy,previousInsurerName,For motor policies only,Optional,string (100),,,
157,POLICY,Policy,n/a,n/a,n/a,policy,previousPolicyExpirationDate,For motor policies only,Optional,dateTime,,,
158,POLICY,Policy,n/a,n/a,n/a,policy,previousPolicyNumber,For motor policies only: The policy number of the proposer's previous policy,Optional,string (100),,,
159,POLICY,Policy,n/a,n/a,n/a,policy,productIdentifier,A unique identifier for the product returned in the quote results. Specifies a free-format ‘code’ used for quotations and policies. A broker determines the significance of the identifier.. Maximum 8 alphanumeric characters.. The value is determined by evaluating the 'Product Identifer' system parameter.,Optional,string (100),,,
160,POLICY,Policy,n/a,n/a,n/a,policy,provisionalPremium,The provisional rate offered to the customer within the guarantee period. Value in pence. . Strata will recalculate this value using premium/(taxRate +100)*100,Mandatory,int,,,
161,POLICY,Policy,n/a,n/a,n/a,policy,quoteDate,,Mandatory,dateTime,,,
162,POLICY,Policy,n/a,n/a,n/a,policy,quoteDetailsOverridenInd,A flag to indicate if the quote results were altered by an operator,Mandatory,boolean,,,
163,POLICY,Policy,n/a,n/a,n/a,policy,quoteType,Indicates the business event the quote was for,Mandatory,string (30),NewQuotTyp,,
164,POLICY,Policy,n/a,n/a,n/a,policy,renewalCount,The number of times the policy has been renewed by the broker,Mandatory,int,,,
165,POLICY,Policy,n/a,n/a,n/a,policy,renewalDate,,Mandatory,dateTime,,,
166,POLICY,Policy,n/a,n/a,n/a,policy,renewalFactor,For EDI polcies only used by algorithims in the renewal process,Optional,string (255),,,
167,POLICY,Policy,n/a,n/a,n/a,policy,renewalReview,Specifies the reason this policy should be prevented from being processed through the automatic renewal cycle. ,Optional,string (255),Reference Data: userDefinedData.code,,
168,POLICY,Policy,n/a,n/a,n/a,policy,renewalStage,Specifies which stage of the Renewal Cycle this policy is in.,Conditional,string (255),Renewal Stage (1505),This is mandatory for a renewalTerm,Yes
169,POLICY,Policy,n/a,n/a,n/a,policy,resultStatus,The current status of the quote. ,Optional,string (20),Offered,This is mandatory for the renewalTerm section,
170,POLICY,Policy,n/a,n/a,n/a,policy,rtpLog,String returned from RTP indicating what was flexed,Optional,string (255),,,
171,POLICY,Policy,n/a,n/a,n/a,policy,rtpRuleset,Name of the Ruleset that RTP needs to apply. This is configured with the system parameter 'RuleSet' under the 'Real Time Pricing' node,Optional,string (50),,,
172,POLICY,Policy,n/a,n/a,n/a,policy,schemeCode,The code of the Insurance Scheme that this Quote Result is based on ,Mandatory,string (8),Reference Data: schemeDetails.schemeCode,,
173,POLICY,Policy,n/a,n/a,n/a,policy,schemeName,The name of the Insurance Scheme that this Quote Result is based on,Optional,string (100),Reference Data: schemeDetails.schemeDescription,,
174,POLICY,Policy,n/a,n/a,n/a,policy,source,The originating channel for the policy,Optional,string(100),Business Source Code (Instep 183) (3014),,Yes
175,POLICY,Policy,n/a,n/a,n/a,policy,startDate,The start of the latest period of cover,Mandatory,dateTime,,,
176,POLICY,Policy,n/a,n/a,n/a,policy,strataInsurerCode,The code that identifies the Insurer to Strata,Mandatory,string (100),Reference Data: schemeDetails.strataInsurereCode,,
177,POLICY,Policy,n/a,n/a,n/a,policy,subagentCode,This is to identify any Subagent assigned to the policy,Optional,string (100),Reference Data: subagent.code,,
178,POLICY,Policy,n/a,n/a,n/a,policy,tax,Insurance Premium Tax Amount. Value in pence. . If set to 0 DM2 will calculate an amount based on the premium and taxRate,Mandatory,int,,,
179,POLICY,Policy,n/a,n/a,n/a,policy,taxRate,IPT Rate,Mandatory,float,,,
180,POLICY,Policy,n/a,n/a,n/a,policy,typeOfCover,,Mandatory,string (30),Type of Cover (40). Household Risk Type (1466),,Yes
181,POLICY,Policy,abiExcess,n/a,n/a,abiExcess,id,Optional sequence number for XML model,Optional,string (255),,,
182,POLICY,Policy,abiExcess,n/a,n/a,abiExcess,code,The policy section that the compulsory excess is applied to.,Mandatory,string (255),Policy Section (6424),,Yes
183,POLICY,Policy,abiExcess,n/a,n/a,abiExcess,description,Description of the policy section,Optional,string (255),,,
184,POLICY,Policy,abiExcess,n/a,n/a,abiExcess,driverNumber,Which driver on the policy the excess relates to,Optional,string (10),,,
185,POLICY,Policy,abiExcess,n/a,n/a,abiExcess,reason,Reason for the excess being applied,Mandatory,string (255),Reason (Instep 181) (6425),,Yes
186,POLICY,Policy,abiExcess,n/a,n/a,abiExcess,value,The amount in pence,Mandatory,long,,,
208,POLICY,Policy,duq,n/a,n/a,duq,longResponse,The full response to the DUQ question,Optional,string (100),DUQ1 (DUQ1),,Yes
209,POLICY,Policy,duq,n/a,n/a,duq,questionNumber,A number by which the system identifies this DUQ question,Mandatory,int,,,
210,POLICY,Policy,duq,n/a,n/a,duq,questionText,The question text as it appears on the screen,Optional,string (255),,,
211,POLICY,Policy,duq,n/a,n/a,duq,shortResponse,The short response to the DUQ question,Mandatory,string (8),,,
680,POLICY,Policy,duq,n/a,n/a,duq,longResponse,The full response to the DUQ question,Optional,string (100),DUQ2 (DUQ2),,Yes
681,POLICY,Policy,duq,n/a,n/a,duq,questionNumber,A number by which the system identifies this DUQ question,Mandatory,int,,,
682,POLICY,Policy,duq,n/a,n/a,duq,questionText,The question text as it appears on the screen,Optional,string (255),,,
683,POLICY,Policy,duq,n/a,n/a,duq,shortResponse,The short response to the DUQ question,Mandatory,string (8),,,
684,POLICY,Policy,duq,n/a,n/a,duq,longResponse,The full response to the DUQ question,Optional,string (100),DUQ3 (DUQ3),,Yes
685,POLICY,Policy,duq,n/a,n/a,duq,questionNumber,A number by which the system identifies this DUQ question,Mandatory,int,,,
686,POLICY,Policy,duq,n/a,n/a,duq,questionText,The question text as it appears on the screen,Optional,string (255),,,
687,POLICY,Policy,duq,n/a,n/a,duq,shortResponse,The short response to the DUQ question,Mandatory,string (8),,,
688,POLICY,Policy,duq,n/a,n/a,duq,longResponse,The full response to the DUQ question,Optional,string (100),Y/N,,
689,POLICY,Policy,duq,n/a,n/a,duq,questionNumber,A number by which the system identifies this DUQ question,Mandatory,int,,,
690,POLICY,Policy,duq,n/a,n/a,duq,questionText,The question text as it appears on the screen,Optional,string (255),,,
691,POLICY,Policy,duq,n/a,n/a,duq,shortResponse,The short response to the DUQ question,Mandatory,string (8),,,
692,POLICY,Policy,duq,n/a,n/a,duq,longResponse,The full response to the DUQ question,Optional,string (100),DUQ5 (DUQ5),,Yes
693,POLICY,Policy,duq,n/a,n/a,duq,questionNumber,A number by which the system identifies this DUQ question,Mandatory,int,,,
694,POLICY,Policy,duq,n/a,n/a,duq,questionText,The question text as it appears on the screen,Optional,string (255),,,
695,POLICY,Policy,duq,n/a,n/a,duq,shortResponse,The short response to the DUQ question,Mandatory,string (8),,,
696,POLICY,Policy,duq,n/a,n/a,duq,longResponse,The full response to the DUQ question,Optional,string (100),DUQ6 (DUQ6),,Yes
697,POLICY,Policy,duq,n/a,n/a,duq,questionNumber,A number by which the system identifies this DUQ question,Mandatory,int,,,
698,POLICY,Policy,duq,n/a,n/a,duq,questionText,The question text as it appears on the screen,Optional,string (255),,,
699,POLICY,Policy,duq,n/a,n/a,duq,shortResponse,The short response to the DUQ question,Mandatory,string (8),,,
700,POLICY,Policy,duq,n/a,n/a,duq,longResponse,The full response to the DUQ question,Optional,string (100),DUQ7 (DUQ7),,Yes
701,POLICY,Policy,duq,n/a,n/a,duq,questionNumber,A number by which the system identifies this DUQ question,Mandatory,int,,,
702,POLICY,Policy,duq,n/a,n/a,duq,questionText,The question text as it appears on the screen,Optional,string (255),,,
703,POLICY,Policy,duq,n/a,n/a,duq,shortResponse,The short response to the DUQ question,Mandatory,string (8),,,
704,POLICY,Policy,duq,n/a,n/a,duq,longResponse,The full response to the DUQ question,Optional,string (100),DUQ8 (DUQ8),,Yes
705,POLICY,Policy,duq,n/a,n/a,duq,questionNumber,A number by which the system identifies this DUQ question,Mandatory,int,,,
706,POLICY,Policy,duq,n/a,n/a,duq,questionText,The question text as it appears on the screen,Optional,string (255),,,
707,POLICY,Policy,duq,n/a,n/a,duq,shortResponse,The short response to the DUQ question,Mandatory,string (8),,,
708,POLICY,Policy,duq,n/a,n/a,duq,longResponse,The full response to the DUQ question,Optional,string (100),DUQ9 (DUQ9),,Yes
709,POLICY,Policy,duq,n/a,n/a,duq,questionNumber,A number by which the system identifies this DUQ question,Mandatory,int,,,
710,POLICY,Policy,duq,n/a,n/a,duq,questionText,The question text as it appears on the screen,Optional,string (255),,,
711,POLICY,Policy,duq,n/a,n/a,duq,shortResponse,The short response to the DUQ question,Mandatory,string (8),,,
712,POLICY,Policy,duq,n/a,n/a,duq,longResponse,The full response to the DUQ question,Optional,string (100),DUQ10 (DUQ10),,Yes
713,POLICY,Policy,duq,n/a,n/a,duq,questionNumber,A number by which the system identifies this DUQ question,Mandatory,int,,,
714,POLICY,Policy,duq,n/a,n/a,duq,questionText,The question text as it appears on the screen,Optional,string (255),,,
715,POLICY,Policy,duq,n/a,n/a,duq,shortResponse,The short response to the DUQ question,Mandatory,string (8),,,
716,POLICY,Policy,duq,n/a,n/a,duq,longResponse,The full response to the DUQ question,Optional,string (100),DUQ11 (DUQ11),,Yes
717,POLICY,Policy,duq,n/a,n/a,duq,questionNumber,A number by which the system identifies this DUQ question,Mandatory,int,,,
718,POLICY,Policy,duq,n/a,n/a,duq,questionText,The question text as it appears on the screen,Optional,string (255),,,
719,POLICY,Policy,duq,n/a,n/a,duq,shortResponse,The short response to the DUQ question,Mandatory,string (8),,,
720,POLICY,Policy,duq,n/a,n/a,duq,longResponse,The full response to the DUQ question,Optional,string (100),Y/N,,
721,POLICY,Policy,duq,n/a,n/a,duq,questionNumber,A number by which the system identifies this DUQ question,Mandatory,int,,,
722,POLICY,Policy,duq,n/a,n/a,duq,questionText,The question text as it appears on the screen,Optional,string (255),,,
723,POLICY,Policy,duq,n/a,n/a,duq,shortResponse,The short response to the DUQ question,Mandatory,string (8),,,
724,POLICY,Policy,duq,n/a,n/a,duq,longResponse,The full response to the DUQ question,Optional,string (100),DUQ13 (DUQ13),,Yes
725,POLICY,Policy,duq,n/a,n/a,duq,questionNumber,A number by which the system identifies this DUQ question,Mandatory,int,,,
726,POLICY,Policy,duq,n/a,n/a,duq,questionText,The question text as it appears on the screen,Optional,string (255),,,
727,POLICY,Policy,duq,n/a,n/a,duq,shortResponse,The short response to the DUQ question,Mandatory,string (8),,,
728,POLICY,Policy,duq,n/a,n/a,duq,longResponse,The full response to the DUQ question,Optional,string (100),Y/N,,
729,POLICY,Policy,duq,n/a,n/a,duq,questionNumber,A number by which the system identifies this DUQ question,Mandatory,int,,,
730,POLICY,Policy,duq,n/a,n/a,duq,questionText,The question text as it appears on the screen,Optional,string (255),,,
731,POLICY,Policy,duq,n/a,n/a,duq,shortResponse,The short response to the DUQ question,Mandatory,string (8),,,
732,POLICY,Policy,duq,n/a,n/a,duq,longResponse,The full response to the DUQ question,Optional,string (100),DUQ15 (DUQ15),,Yes
733,POLICY,Policy,duq,n/a,n/a,duq,questionNumber,A number by which the system identifies this DUQ question,Mandatory,int,,,
734,POLICY,Policy,duq,n/a,n/a,duq,questionText,The question text as it appears on the screen,Optional,string (255),,,
735,POLICY,Policy,duq,n/a,n/a,duq,shortResponse,The short response to the DUQ question,Mandatory,string (8),,,
736,POLICY,Policy,duq,n/a,n/a,duq,longResponse,The full response to the DUQ question,Optional,string (100),DUQ16 (DUQ16),,Yes
737,POLICY,Policy,duq,n/a,n/a,duq,questionNumber,A number by which the system identifies this DUQ question,Mandatory,int,,,
738,POLICY,Policy,duq,n/a,n/a,duq,questionText,The question text as it appears on the screen,Optional,string (255),,,
739,POLICY,Policy,duq,n/a,n/a,duq,shortResponse,The short response to the DUQ question,Mandatory,string (8),,,
740,POLICY,Policy,duq,n/a,n/a,duq,longResponse,The full response to the DUQ question,Optional,string (100),DUQ17 (DUQ17),,Yes
741,POLICY,Policy,duq,n/a,n/a,duq,questionNumber,A number by which the system identifies this DUQ question,Mandatory,int,,,
742,POLICY,Policy,duq,n/a,n/a,duq,questionText,The question text as it appears on the screen,Optional,string (255),,,
743,POLICY,Policy,duq,n/a,n/a,duq,shortResponse,The short response to the DUQ question,Mandatory,string (8),,,
744,POLICY,Policy,duq,n/a,n/a,duq,longResponse,The full response to the DUQ question,Optional,string (100),,,
745,POLICY,Policy,duq,n/a,n/a,duq,questionNumber,A number by which the system identifies this DUQ question,Mandatory,int,,,
746,POLICY,Policy,duq,n/a,n/a,duq,questionText,The question text as it appears on the screen,Optional,string (255),,,
747,POLICY,Policy,duq,n/a,n/a,duq,shortResponse,The short response to the DUQ question,Mandatory,string (8),,,
748,POLICY,Policy,duq,n/a,n/a,duq,longResponse,The full response to the DUQ question,Optional,string (100),Y/N,,
749,POLICY,Policy,duq,n/a,n/a,duq,questionNumber,A number by which the system identifies this DUQ question,Mandatory,int,,,
750,POLICY,Policy,duq,n/a,n/a,duq,questionText,The question text as it appears on the screen,Optional,string (255),,,
751,POLICY,Policy,duq,n/a,n/a,duq,shortResponse,The short response to the DUQ question,Mandatory,string (8),,,
752,POLICY,Policy,duq,n/a,n/a,duq,longResponse,The full response to the DUQ question,Optional,string (100),DUQ20 (DUQ20),,Yes
753,POLICY,Policy,duq,n/a,n/a,duq,questionNumber,A number by which the system identifies this DUQ question,Mandatory,int,,,
754,POLICY,Policy,duq,n/a,n/a,duq,questionText,The question text as it appears on the screen,Optional,string (255),,,
755,POLICY,Policy,duq,n/a,n/a,duq,shortResponse,The short response to the DUQ question,Mandatory,string (8),,,
756,POLICY,Policy,duq,n/a,n/a,duq,longResponse,The full response to the DUQ question,Optional,string (100),DUQ21 (DUQ21),,Yes
757,POLICY,Policy,duq,n/a,n/a,duq,questionNumber,A number by which the system identifies this DUQ question,Mandatory,int,,,
758,POLICY,Policy,duq,n/a,n/a,duq,questionText,The question text as it appears on the screen,Optional,string (255),,,
759,POLICY,Policy,duq,n/a,n/a,duq,shortResponse,The short response to the DUQ question,Mandatory,string (8),,,
760,POLICY,Policy,duq,n/a,n/a,duq,longResponse,The full response to the DUQ question,Optional,string (100),DUQ22 (DUQ22),,Yes
761,POLICY,Policy,duq,n/a,n/a,duq,questionNumber,A number by which the system identifies this DUQ question,Mandatory,int,,,
762,POLICY,Policy,duq,n/a,n/a,duq,questionText,The question text as it appears on the screen,Optional,string (255),,,
763,POLICY,Policy,duq,n/a,n/a,duq,shortResponse,The short response to the DUQ question,Mandatory,string (8),,,
764,POLICY,Policy,duq,n/a,n/a,duq,longResponse,The full response to the DUQ question,Optional,string (100),Y/N,,
765,POLICY,Policy,duq,n/a,n/a,duq,questionNumber,A number by which the system identifies this DUQ question,Mandatory,int,,,
766,POLICY,Policy,duq,n/a,n/a,duq,questionText,The question text as it appears on the screen,Optional,string (255),,,
767,POLICY,Policy,duq,n/a,n/a,duq,shortResponse,The short response to the DUQ question,Mandatory,string (8),,,
768,POLICY,Policy,duq,n/a,n/a,duq,longResponse,The full response to the DUQ question,Optional,string (100),Y/N,,
769,POLICY,Policy,duq,n/a,n/a,duq,questionNumber,A number by which the system identifies this DUQ question,Mandatory,int,,,
770,POLICY,Policy,duq,n/a,n/a,duq,questionText,The question text as it appears on the screen,Optional,string (255),,,
771,POLICY,Policy,duq,n/a,n/a,duq,shortResponse,The short response to the DUQ question,Mandatory,string (8),,,
772,POLICY,Policy,duq,n/a,n/a,duq,longResponse,The full response to the DUQ question,Optional,string (100),DUQ25 (DUQ25),,Yes
773,POLICY,Policy,duq,n/a,n/a,duq,questionNumber,A number by which the system identifies this DUQ question,Mandatory,int,,,
774,POLICY,Policy,duq,n/a,n/a,duq,questionText,The question text as it appears on the screen,Optional,string (255),,,
775,POLICY,Policy,duq,n/a,n/a,duq,shortResponse,The short response to the DUQ question,Mandatory,string (8),,,
776,POLICY,Policy,duq,n/a,n/a,duq,longResponse,The full response to the DUQ question,Optional,string (100),,,
777,POLICY,Policy,duq,n/a,n/a,duq,questionNumber,A number by which the system identifies this DUQ question,Mandatory,int,,,
778,POLICY,Policy,duq,n/a,n/a,duq,questionText,The question text as it appears on the screen,Optional,string (255),,,
779,POLICY,Policy,duq,n/a,n/a,duq,shortResponse,The short response to the DUQ question,Mandatory,string (8),,,
780,POLICY,Policy,duq,n/a,n/a,duq,longResponse,The full response to the DUQ question,Optional,string (100),Y/N,,
781,POLICY,Policy,duq,n/a,n/a,duq,questionNumber,A number by which the system identifies this DUQ question,Mandatory,int,,,
782,POLICY,Policy,duq,n/a,n/a,duq,questionText,The question text as it appears on the screen,Optional,string (255),,,
783,POLICY,Policy,duq,n/a,n/a,duq,shortResponse,The short response to the DUQ question,Mandatory,string (8),,,
784,POLICY,Policy,duq,n/a,n/a,duq,longResponse,The full response to the DUQ question,Optional,string (100),Y/N,,
785,POLICY,Policy,duq,n/a,n/a,duq,questionNumber,A number by which the system identifies this DUQ question,Mandatory,int,,,
786,POLICY,Policy,duq,n/a,n/a,duq,questionText,The question text as it appears on the screen,Optional,string (255),,,
787,POLICY,Policy,duq,n/a,n/a,duq,shortResponse,The short response to the DUQ question,Mandatory,string (8),,,
212,POLICY,Policy,endorsement,n/a,n/a,endorsement,appliesTo,The driver number that the endorsement applies to,Optional,string (160),All. 1. 12. 123. 1234. 12345,,Y
213,POLICY,Policy,endorsement,n/a,n/a,endorsement,endorsementCode,The endorsement short code,Mandatory,string (20),,,
214,POLICY,Policy,endorsement,n/a,n/a,endorsement,overriddenInd,Indicates whether the endorsement has been added by the operator or the system,Mandatory,boolean,,,
215,POLICY,Policy,endorsement,n/a,n/a,endorsement,text,Description,Mandatory,string (4000),,,
216,POLICY,Policy,endorsement,n/a,n/a,endorsement,value,The cost if any attached to the endorsement.,Optional,long,,,
233,POLICY,Policy,instalmentBookDetail,n/a,n/a,instalmentBookDetail,accountHolder,Indicates whether the bank account holder is requesting a DD to be set up.. MSG - Name of account holder.,Optional,string (255),,,
234,POLICY,Policy,instalmentBookDetail,n/a,n/a,instalmentBookDetail,addacsCode,Reference to the associated ADDACS information.. Automated Direct Debit Amendment and Cancellation Service - detail any Direct Debits that have been amended or cancelled by the payer with their PSP. ,Optional,string (255),,,
235,POLICY,Policy,instalmentBookDetail,n/a,n/a,instalmentBookDetail,agreementNumber,MSG - Policy number ,Optional,string (60),,,
236,POLICY,Policy,instalmentBookDetail,n/a,n/a,instalmentBookDetail,auddisCode,Reference to the associated AUDDIS information.. Automated Direct Debit Instruction Service - detail Direct Debit Instructions (DDIs) that could not be applied by the recipient PSP.,Optional,string (255),,,
237,POLICY,Policy,instalmentBookDetail,n/a,n/a,instalmentBookDetail,authoriseDebits,Indicates whether only one person is allowed to authorise debits from the bank account that the DD is being set up on.,Optional,string (255),,,
238,POLICY,Policy,instalmentBookDetail,n/a,n/a,instalmentBookDetail,bankAccountName,The name of the bank account holder,Optional,string (100),,,
239,POLICY,Policy,instalmentBookDetail,n/a,n/a,instalmentBookDetail,bankAccountNumber,,Mandatory,string (8),,,
240,POLICY,Policy,instalmentBookDetail,n/a,n/a,instalmentBookDetail,bankName,The name of the bank,Optional,string (100),,,
241,POLICY,Policy,instalmentBookDetail,n/a,n/a,instalmentBookDetail,bankSortCode,,Mandatory,string (6),,,
242,POLICY,Policy,instalmentBookDetail,n/a,n/a,instalmentBookDetail,cardReference,MSG - Card used to pay deposit,Optional,string (255),,,
243,POLICY,Policy,instalmentBookDetail,n/a,n/a,instalmentBookDetail,deposit,The total deposit amount required. Value in pence. Is only needed if it is new business i.e. a policy in its first term.,Optional,long,,,
244,POLICY,Policy,instalmentBookDetail,n/a,n/a,instalmentBookDetail,directDebitAccount,,C,boolean,,,
245,POLICY,Policy,instalmentBookDetail,n/a,n/a,instalmentBookDetail,directDebitInstructionComments,,Optional,string (100),,,
246,POLICY,Policy,instalmentBookDetail,n/a,n/a,instalmentBookDetail,directDebitInstructionReference,MSG - From Direct Debit mandate,Optional,string (100),,,
247,POLICY,Policy,instalmentBookDetail,n/a,n/a,instalmentBookDetail,directDebitInstructionStatus,MSG - From Direct Debit mandate,Optional,string (255),Instruction Status (1571),,Yes
248,POLICY,Policy,instalmentBookDetail,n/a,n/a,instalmentBookDetail,firstCollectionDate,Date the first repayment for the curent policy term was taken (i.e. it is not the first of the remaining repayments after cutover),Optional,dateTime,,,
249,POLICY,Policy,instalmentBookDetail,n/a,n/a,instalmentBookDetail,firstRepaymentCollected,Captures whether the first repayment for the curent policy term was paid (i.e. it is not the first of the remaining repayments after cutover),Mandatory,boolean,,,
250,POLICY,Policy,instalmentBookDetail,n/a,n/a,instalmentBookDetail,fundedPendingXmlMessageType,Used to decide what type of xml message should be created when the instalment status is updated from pending to live.,Optional,string (255),XML Message Type (1562),,Y
251,POLICY,Policy,instalmentBookDetail,n/a,n/a,instalmentBookDetail,fundingCompanyAgencyCode,,Optional,string (100),Reference Data: fundingCompany.agencyName,,
252,POLICY,Policy,instalmentBookDetail,n/a,n/a,instalmentBookDetail,fundingCompanyAgreementAuthorised,Indicates whether the funded instalment agreement has been authorised by the Funding Company,Optional,boolean,,,
253,POLICY,Policy,instalmentBookDetail,n/a,n/a,instalmentBookDetail,fundingCompanyAgreementHoldersDOB,,Optional,dateTime,,,
254,POLICY,Policy,instalmentBookDetail,n/a,n/a,instalmentBookDetail,fundingCompanyAgreementHoldersName,,Optional,string (152),,,
255,POLICY,Policy,instalmentBookDetail,n/a,n/a,instalmentBookDetail,fundingCompanyAgreementNumber,,Optional,string (60),,,
256,POLICY,Policy,instalmentBookDetail,n/a,n/a,instalmentBookDetail,fundingCompanyAgreementStatus,,Optional,string (255),,,
257,POLICY,Policy,instalmentBookDetail,n/a,n/a,instalmentBookDetail,instalmentBookComments,,Optional,string (100),,,
258,POLICY,Policy,instalmentBookDetail,n/a,n/a,instalmentBookDetail,instalmentOwedAmount,The loan amount yet to be re-paid. Value in pence. . MSG - Total of installments yet to pay. From billing system.,Mandatory,long,,The instalmentOwedAmount must match the sum of all outstanding repayments,
259,POLICY,Policy,instalmentBookDetail,n/a,n/a,instalmentBookDetail,instalmentReconcilled,This indicates whether or not ALL the instalments have been paid for the whole amount outstanding. So it will only be true if the loan is completely paid up. ,Mandatory,boolean,,,
260,POLICY,Policy,instalmentBookDetail,n/a,n/a,instalmentBookDetail,instalmentSchemeCode,Strata unique identifier for the instalment scheme. MSG - This will be transformed into the MSG code which have been set up to align with the existing Co-op codes,Optional,string (100),,,
261,POLICY,Policy,instalmentBookDetail,n/a,n/a,instalmentBookDetail,instalmentStatus,MSG - For the overall agreement not a specific instalment,Optional,string (255),Instalment Status (1423),,Yes
262,POLICY,Policy,instalmentBookDetail,n/a,n/a,instalmentBookDetail,instalmentType,MSG - Default to DD,Optional,string (255),DD. Funded. [Schema supersedes Metaval - Instalment Type (1418)],,Yes
263,POLICY,Policy,instalmentBookDetail,n/a,n/a,instalmentBookDetail,interest,Total Interest Amount. Value in pence. MSG - For whole agreeement,Mandatory,long,,,
264,POLICY,Policy,instalmentBookDetail,n/a,n/a,instalmentBookDetail,interestFlatAmount,Upfront interest charge.  Value in pence,Mandatory,long,,,
265,POLICY,Policy,instalmentBookDetail,n/a,n/a,instalmentBookDetail,interestPercent,Specifies the interest rate that is charged on this Instalment,Mandatory,float,,,
266,POLICY,Policy,instalmentBookDetail,n/a,n/a,instalmentBookDetail,lastCollectionDate,MSG - Final installment date,Optional,dateTime,,,
267,POLICY,Policy,instalmentBookDetail,n/a,n/a,instalmentBookDetail,loanAmount,Value in pence. MSG - Outstanding instalment payments,Mandatory,long,,,
268,POLICY,Policy,instalmentBookDetail,n/a,n/a,instalmentBookDetail,nextRepaymentDate,,Optional,dateTime,,,
269,POLICY,Policy,instalmentBookDetail,n/a,n/a,instalmentBookDetail,partialCardNo,MSG - Not using card details,Optional,string (50),,,
270,POLICY,Policy,instalmentBookDetail,n/a,n/a,instalmentBookDetail,preferredCollectionDay,,Mandatory,int,,,
271,POLICY,Policy,instalmentBookDetail,n/a,n/a,instalmentBookDetail,reinstateStatus,The status of the instalment just prior to cancellation. Only applies to Funded Instalment Schemes,Optional,string (255),,,
272,POLICY,Policy,instalmentBookDetail,n/a,n/a,instalmentBookDetail,rejectionDescription,MSG - ARUDD code - Automated return of Unpaid Direct Debit details why payment service provider has not paid a direct debit.,Optional,string (255),,,
273,POLICY,Policy,instalmentBookDetail,n/a,n/a,instalmentBookDetail,remainingRepayments,MSG - Total number of outstanding instalment repayments,Mandatory,int,,,
274,POLICY,Policy,instalmentBookDetail,n/a,n/a,instalmentBookDetail,repaymentAmount, Value in pence. MSG - Regular instalment repayment amount.,Mandatory,long,,,
275,POLICY,Policy,instalmentBookDetail,n/a,n/a,instalmentBookDetail,signedReceivedDate,The date on which the signed instruction was received from the client.,Optional,dateTime,,,
276,POLICY,Policy,instalmentBookDetail,instalRepayment,n/a,instalmentRepayment,dueAmount,The amount to be repaid. Value in pence. . MSG - Assumed to be the next instalment only,Mandatory,long,,The sum of all outstanding repayments must match the instalmentOwedAmount,
277,POLICY,Policy,instalmentBookDetail,instalRepayment,n/a,instalmentRepayment,dueDate,The date by which the repayment needs to take place. . MSG - Assumed to be the next instalment only,Mandatory,dateTime,,All repayments must be within the policy term,
278,POLICY,Policy,instalmentBookDetail,instalRepayment,n/a,instalmentRepayment,paidAmount,The amount that was paid for the repayment. Value in pence. . MSG - From payment system,Mandatory,long,,,
279,POLICY,Policy,instalmentBookDetail,instalRepayment,n/a,instalmentRepayment,paidDate,Date payment was made. MSG - From payment system,Optional,dateTime,,,
280,POLICY,Policy,instalmentBookDetail,instalRepayment,n/a,instalmentRepayment,paidNo,Sequence number for instalments,Mandatory,long,,,
281,POLICY,Policy,instalmentBookDetail,instalRepayment,n/a,instalmentRepayment,rejectionCounter,Number of time the repayment was unable to be collected,Mandatory,long,,,
282,POLICY,Policy,instalmentBookDetail,instalRepayment,n/a,instalmentRepayment,representationDate,The re-presentation date of a failed instalment repayment,Optional,dateTime,,,
283,POLICY,Policy,instalmentBookDetail,instalRepayment,n/a,instalmentRepayment,status,MSG - Status of the instalment,Optional,string (255),PENDING. EXTRACTED. UNPAID. [Schema supersedes Metaval - Instalment Payment Status (6440)],,Yes
284,POLICY,Policy,instalmentBookDetail,instalRepayment,n/a,instalmentRepayment,transactionCode,The BACS extract transaction code of the instalment repayment.,Optional,string (100),17 (only for failed payments to be re-presented),,
291,POLICY,Policy,namedPerson,n/a,n/a,namedPerson (Motor),convictionsConsent,Whether the person gave consent for their conviction details to be captured,Optional,xs:string (20),Yes. No. NotKnown,,Y
292,POLICY,Policy,namedPerson,n/a,n/a,namedPerson (Motor),dateOfBirth,,Mandatory,dateTime,,,
293,POLICY,Policy,namedPerson,n/a,n/a,namedPerson (Motor),declinedInsurance,Flag to indicate if the person has ever had insurance refused,Mandatory,string (20),Yes. No,,Y
294,POLICY,Policy,namedPerson,n/a,n/a,namedPerson (Motor),firstName,,Mandatory,string (30),,,
295,POLICY,Policy,namedPerson,n/a,n/a,namedPerson (Motor),fTEmployeeStatus,,Mandatory,string (100),EmployStatus (20),,Yes
296,POLICY,Policy,namedPerson,n/a,n/a,namedPerson (Motor),fTEmployer,,Mandatory,string (100),Employer (Instep 11) (2011),,Yes
297,POLICY,Policy,namedPerson,n/a,n/a,namedPerson (Motor),fTOccupation,,Mandatory,string (100),Occupation (Instep 55) (2055),,Yes
298,POLICY,Policy,namedPerson,n/a,n/a,namedPerson (Motor),gender,,Mandatory,string (20),Gender (10),,Yes
299,POLICY,Policy,namedPerson,n/a,n/a,namedPerson (Motor),lastName,,Mandatory,string (100),,,
300,POLICY,Policy,namedPerson,n/a,n/a,namedPerson (Motor),maritalStatus,,Mandatory,string (20),MaritalStatus (12),,Yes
301,POLICY,Policy,namedPerson,n/a,n/a,namedPerson (Motor),nameLine,The concatenated Tile first name and surname of the person,Optional,string (152),,,
302,POLICY,Policy,namedPerson,n/a,n/a,namedPerson (Motor),nonRTAConvictionInd,Flag to indicate if the person has ever had a conviction not related to motoring,Mandatory,string (20),Yes. No. NotKnown,,Y
303,POLICY,Policy,namedPerson,n/a,n/a,namedPerson (Motor),pTEmployeeStatus,,Mandatory,string (100),EmployStatus (20),,Yes
304,POLICY,Policy,namedPerson,n/a,n/a,namedPerson (Motor),pTEmployer,,Mandatory,string (100),Employer (Instep 11) (2011),,Yes
305,POLICY,Policy,namedPerson,n/a,n/a,namedPerson (Motor),pTOccupation,,Mandatory,string (100),Occupation (Instep 55) (2055),,Yes
306,POLICY,Policy,namedPerson,n/a,n/a,namedPerson (Motor),relToProposer,How the named person is related to the proposer,Conditional,string (100),RelationshipToProposer (76),Cannot have more than one relToProposer as 'SPOUSEREL'. namedParty relToProposer is 'SPOUSEREL' Proposer maritalStatus must be 'M'. namedParty relToProposer is SPOUSEREL namedParty maritalStatus must be 'M'. Cannot have more than one relToProposer as 'CivPrtnr'. namedParty relToProposer is 'CivPrtnr'  Proposer maritalStatus must be 'V',Yes
307,POLICY,Policy,namedPerson,n/a,n/a,namedPerson (Motor),smoker,Flag to indciate if the person smokes,Mandatory,string (20),Yes. No. NotKnown,,Y
308,POLICY,Policy,namedPerson,n/a,n/a,namedPerson (Motor),suffix,,Optional,string (10),,,
309,POLICY,Policy,namedPerson,n/a,n/a,namedPerson (Motor),title,,Mandatory,string (50),Title (11),,Yes
310,POLICY,Policy,namedPerson,n/a,n/a,namedPerson (Motor),uKResidentFrom,Date from which the named person has been resident in the UK,Optional,dateTime,,,
311,POLICY,Policy,namedPerson,n/a,n/a,namedPerson (Home),convictionsConsent,Whether the person gave consent for their conviction details to be captured,Optional,xs:string (20),Yes. No. NotKnown,,Y
312,POLICY,Policy,namedPerson,n/a,n/a,namedPerson (Home),dateOfBirth,,Mandatory,dateTime,,,
313,POLICY,Policy,namedPerson,n/a,n/a,namedPerson (Home),declinedInsurance,Flag to indicate if the person has ever had insurance refused,Mandatory,string (20),Yes. No,,Y
314,POLICY,Policy,namedPerson,n/a,n/a,namedPerson (Home),firstName,,Mandatory,string (30),,,
315,POLICY,Policy,namedPerson,n/a,n/a,namedPerson (Home),fTEmployeeStatus,,Mandatory,string (100),EmployStatus (20),,Yes
316,POLICY,Policy,namedPerson,n/a,n/a,namedPerson (Home),fTEmployer,,Mandatory,string (100),Employer (Instep 11) (2011),,Yes
317,POLICY,Policy,namedPerson,n/a,n/a,namedPerson (Home),fTOccupation,,Mandatory,string (100),Occupation (Instep 55) (2055),,Yes
318,POLICY,Policy,namedPerson,n/a,n/a,namedPerson (Home),gender,,Mandatory,string (20),Gender (10),,Yes
319,POLICY,Policy,namedPerson,n/a,n/a,namedPerson (Home),lastName,,Mandatory,string (100),,,
320,POLICY,Policy,namedPerson,n/a,n/a,namedPerson (Home),maritalStatus,,Mandatory,string (20),MaritalStatus (12),,Yes
321,POLICY,Policy,namedPerson,n/a,n/a,namedPerson (Home),nameLine,The concatenated Tile first name and surname of the person,Optional,string (152),,,
322,POLICY,Policy,namedPerson,n/a,n/a,namedPerson (Home),nonRTAConvictionInd,Flag to indicate if the person has ever had a conviction not related to motoring,Mandatory,string (20),Yes. No. NotKnown,,Y
323,POLICY,Policy,namedPerson,n/a,n/a,namedPerson (Home),pTEmployeeStatus,,Mandatory,string (100),EmployStatus (20),,Yes
324,POLICY,Policy,namedPerson,n/a,n/a,namedPerson (Home),pTEmployer,,Mandatory,string (100),Employer (Instep 11) (2011),,Yes
325,POLICY,Policy,namedPerson,n/a,n/a,namedPerson (Home),pTOccupation,,Mandatory,string (100),Occupation (Instep 55) (2055),,Yes
326,POLICY,Policy,namedPerson,n/a,n/a,namedPerson (Home),relToProposer,How the named person is related to the proposer,Conditional,string (100),RelationshipToProposer (76),Cannot have more than one relToProposer as 'SPOUSEREL'. namedParty relToProposer is 'SPOUSEREL' Proposer maritalStatus must be 'M'. namedParty relToProposer is SPOUSEREL namedParty maritalStatus must be 'M'. Cannot have more than one relToProposer as 'CivPrtnr'. namedParty relToProposer is 'CivPrtnr'  Proposer maritalStatus must be 'V',Yes
327,POLICY,Policy,namedPerson,n/a,n/a,namedPerson (Home),smoker,Flag to indciate if the person smokes,Mandatory,string (20),Yes. No. NotKnown,,Y
328,POLICY,Policy,namedPerson,n/a,n/a,namedPerson (Home),suffix,,Optional,string (10),,,
329,POLICY,Policy,namedPerson,n/a,n/a,namedPerson (Home),title,,Mandatory,string (50),Title (11),,Yes
330,POLICY,Policy,namedPerson,n/a,n/a,namedPerson (Home),uKResidentFrom,Date from which the named person has been resident in the UK,Optional,dateTime,,,
331,CLAIMS,Policy,namedPerson,claim,n/a,claim (Motor Current),id,Optional sequence number for XML model,Optional,string (255),,,
332,CLAIMS,Policy,namedPerson,claim,n/a,claim (Motor Current),amount,The amount paid out.  Value in pence. For non-motor policies only,Optional,long,,,
333,CLAIMS,Policy,namedPerson,claim,n/a,claim (Motor Current),category,The type of policy cover the claim is under,Mandatory,string (255),For Motor policies: ClaimCategory (72). For Household polices: ClaimType (1469),,Yes
334,CLAIMS,Policy,namedPerson,claim,n/a,claim (Motor Current),claimId,Redundant field to be removed  - Set to 1,Mandatory,long,1,,
335,CLAIMS,Policy,namedPerson,claim,n/a,claim (Motor Current),clientClaimRef,A reference number given by the client ,Optional,string (100),,,
336,CLAIMS,Policy,namedPerson,claim,n/a,claim (Motor Current),comments,Any further relevant information related to this claim,Optional,string (4000),,,
337,CLAIMS,Policy,namedPerson,claim,n/a,claim (Motor Current),handlerNGOperatorID,The operator handling the claim,Mandatory,string (255),Reference Data: operator.loginName,,
338,CLAIMS,Policy,namedPerson,claim,n/a,claim (Motor Current),incidentDate,Date the claim incident occurred,Mandatory,dateTime,,,
339,CLAIMS,Policy,namedPerson,claim,n/a,claim (Motor Current),incidentDescription,A description of the cause of the incident,Mandatory,string (255),For Motor policies: ClaimDescription (73). For Household polices: Claim Description (1470),,Yes
340,CLAIMS,Policy,namedPerson,claim,n/a,claim (Motor Current),insurerRef,A reference number given by the insurer for the claim,Optional,string (100),,,
341,CLAIMS,Policy,namedPerson,claim,n/a,claim (Motor Current),location,For motor claims: The name or description of the incident location,Optional,string (100),,,
342,CLAIMS,Policy,namedPerson,claim,n/a,claim (Motor Current),ncbPrejudiced,For motor claims: Indicates whether the NCB is/was prejudiced by this claim - equivalent to 'Was the party at fault?',Mandatory,boolean,,,
343,CLAIMS,Policy,namedPerson,claim,n/a,claim (Motor Current),ownDamageCost,For motor claims: The amount claimed for the policyholders costs.  Value in pence,Optional,long,,,
344,CLAIMS,Policy,namedPerson,claim,n/a,claim (Motor Current),personalInjury,For motor claims:A flag to indicate if any personal injury was sustained in the incident,Optional,boolean,,,
345,CLAIMS,Policy,namedPerson,claim,n/a,claim (Motor Current),reportedDate,The date the claim was reported to the insurer,Optional,dateTime,,,
346,CLAIMS,Policy,namedPerson,claim,n/a,claim (Motor Current),settledDate,Date on which the claim was settled,Optional,dateTime,,,
347,CLAIMS,Policy,namedPerson,claim,n/a,claim (Motor current),status,Whether the claim is open or closed,Mandatory,string (255),Claim Status (1436),,Yes
348,CLAIMS,Policy,namedPerson,claim,n/a,claim (Motor Current),thirdPartyCost,For motor claims: The amount claimed by third parties involved in the incident.  Value in pence,Optional,long,,,
349,CLAIMS,Policy,namedPerson,claim,n/a,claim (Motor Current),underPolicyHoldersCover,For Motor Claims: True indicates that the claim was covered under the policyholder’s cover. This is ticked and disabled when adding a claim via Manage Policy but is enabled when adding a claim as part of a quote.,Mandatory,boolean,,,
350,CLAIMS,Policy,namedPerson,claim,n/a,claim (Motor Current),underThisPolicy,True indicates that the claim a) occurred during the life of the associated policy b) was added via Manage Policy – Claims and c) can be managed within Strata,Mandatory,boolean,,,
351,CLAIMS,Policy,namedPerson,claim,n/a,claim (Motor Current),vehicleReg,For motor claims only: The reg of the vehicle the claim relates to,Optional,string (12),,,
352,CLAIMS,Policy,namedPerson,claim,n/a,claim (Home Current),id,Optional sequence number for XML model,Optional,string (255),,,
353,CLAIMS,Policy,namedPerson,claim,n/a,claim (Home Current),amount,The amount paid out.  Value in pence. For non-motor policies only,Optional,long,,,
354,CLAIMS,Policy,namedPerson,claim,n/a,claim (Home Current),category,The type of policy cover the claim is under,Mandatory,string (255),For Motor policies: ClaimCategory (72). For Household polices: ClaimType (1469),,Yes
355,CLAIMS,Policy,namedPerson,claim,n/a,claim (Home Current),claimId,Redundant field to be removed  - Set to 1,Mandatory,long,1,,
356,CLAIMS,Policy,namedPerson,claim,n/a,claim (Home Current),clientClaimRef,A reference number given by the client ,Optional,string (100),,,
357,CLAIMS,Policy,namedPerson,claim,n/a,claim (Home Current),comments,Any further relevant information related to this claim,Optional,string (4000),,,
358,CLAIMS,Policy,namedPerson,claim,n/a,claim (Home Current),handlerNGOperatorID,The operator handling the claim,Mandatory,string (255),Reference Data: operator.loginName,,
359,CLAIMS,Policy,namedPerson,claim,n/a,claim (Home Current),incidentDate,Date the claim incident occurred,Mandatory,dateTime,,,
360,CLAIMS,Policy,namedPerson,claim,n/a,claim (Home Current),incidentDescription,A description of the cause of the incident,Mandatory,string (255),For Motor policies: ClaimDescription (73). For Household polices: Claim Description (1470),,Yes
361,CLAIMS,Policy,namedPerson,claim,n/a,claim (Home Current),insurerRef,A reference number given by the insurer for the claim,Optional,string (100),,,
362,CLAIMS,Policy,namedPerson,claim,n/a,claim (Home Current),location,For motor claims: The name or description of the incident location,Optional,string (100),,,
363,CLAIMS,Policy,namedPerson,claim,n/a,claim (Home Current),ncbPrejudiced,For motor claims: Indicates whether the NCB is/was prejudiced by this claim - equivalent to 'Was the party at fault?',Mandatory,boolean,,,
364,CLAIMS,Policy,namedPerson,claim,n/a,claim (Home Current),ownDamageCost,For motor claims: The amount claimed for the policyholders costs.  Value in pence,Optional,long,,,
365,CLAIMS,Policy,namedPerson,claim,n/a,claim (Home Current),personalInjury,For motor claims:A flag to indicate if any personal injury was sustained in the incident,Optional,boolean,,,
366,CLAIMS,Policy,namedPerson,claim,n/a,claim (Home Current),reportedDate,The date the claim was reported to the insurer,Optional,dateTime,,,
367,CLAIMS,Policy,namedPerson,claim,n/a,claim (Home Current),settledDate,Date on which the claim was settled,Optional,dateTime,,,
368,CLAIMS,Policy,namedPerson,claim,n/a,claim (Home Current),status,Whether the claim is open or closed,Mandatory,string (255),Claim Status (1436),,Yes
369,CLAIMS,Policy,namedPerson,claim,n/a,claim (Home Current),thirdPartyCost,For motor claims: The amount claimed by third parties involved in the incident.  Value in pence,Optional,long,,,
370,CLAIMS,Policy,namedPerson,claim,n/a,claim (Home Current),underPolicyHoldersCover,For Motor Claims: True indicates that the claim was covered under the policyholder’s cover. This is ticked and disabled when adding a claim via Manage Policy but is enabled when adding a claim as part of a quote.,Mandatory,boolean,,,
371,CLAIMS,Policy,namedPerson,claim,n/a,claim (Home Current),underThisPolicy,True indicates that the claim a) occurred during the life of the associated policy b) was added via Manage Policy – Claims and c) can be managed within Strata,Mandatory,boolean,,,
372,CLAIMS,Policy,namedPerson,claim,n/a,claim (Home Current),vehicleReg,For motor claims only: The reg of the vehicle the claim relates to,Optional,string (12),,,
373,POLICY,Policy,optionalExtra,n/a,n/a,optionalExtra (motor),amount,Sale amount in pence,Mandatory,long,,,
374,POLICY,Policy,optionalExtra,n/a,n/a,optionalExtra (motor),code,Unique code for the op-ex on Strata,Mandatory,string (8),Reference Data: optionalExtra.code,,
375,POLICY,Policy,optionalExtra,n/a,n/a,optionalExtra (motor),overriden,Indicates whether the amount was altered by an operator,Mandatory,boolean,,,
376,POLICY,Policy,optionalExtra,n/a,n/a,optionalExtra (motor),compulsory,Indicates if the Op-Ex was compulsory at the point of sale and thus cannot be removed mid-term,Optional,boolean,,,
676,POLICY,Policy,optionalExtra,n/a,n/a,optionalExtra (home),amount,Sale amount in pence,Mandatory,long,,,
677,POLICY,Policy,optionalExtra,n/a,n/a,optionalExtra (home),code,Unique code for the op-ex on Strata,Mandatory,string (8),Reference Data: optionalExtra.code,,
678,POLICY,Policy,optionalExtra,n/a,n/a,optionalExtra (home),overriden,Indicates whether the amount was altered by an operator,Mandatory,boolean,,,
679,POLICY,Policy,optionalExtra,n/a,n/a,optionalExtra (home),compulsory,Indicates if the Op-Ex was compulsory at the point of sale and thus cannot be removed mid-term,Optional,boolean,,,
377,POLICY,Policy,premiumBreakdownSection,n/a,n/a,premiumBreakdownSection,breakdownCode,A unique code identifying this breakdown item,Mandatory,string (10),,,
378,POLICY,Policy,premiumBreakdownSection,n/a,n/a,premiumBreakdownSection,breakdownText,A description of the Premium Breakdown [item],Mandatory,string (1024),,,
379,POLICY,Policy,premiumBreakdownSection,n/a,n/a,premiumBreakdownSection,lineNumber,Order of the breakdown item,Mandatory,int,,,
380,POLICY,Policy,premiumBreakdownSection,n/a,n/a,premiumBreakdownSection,value,Monetary amount in pence,Mandatory,long,,,
381,POLICY,Policy,quotesHubLifestyleFactor,n/a,n/a,quotesHubLifestyleFactor,id,Optional sequence number for XML model,Optional,string (255),,,
382,POLICY,Policy,quotesHubLifestyleFactor,n/a,n/a,quotesHubLifestyleFactor,code,The code identifying the Lifestyle factor,Mandatory,string (30),,,
383,POLICY,Policy,quotesHubLifestyleFactor,n/a,n/a,quotesHubLifestyleFactor,value,The value of the Lifestyle factor,Mandatory,string (30),,,
384,POLICY,Policy,renewalTerm,same as main policy model,n/a,policy,renewalterms,,Mandatory,,,,
385,POLICY,Policy,termOrCondition,n/a,n/a,termOrCondition,id,Optional sequence number for XML model,Optional,string (255),,,
386,POLICY,Policy,termOrCondition,n/a,n/a,termOrCondition,code,The code of the Term and Condition,Mandatory,string (10),,,
387,POLICY,Policy,termOrCondition,n/a,n/a,termOrCondition,text,The text of the Term and Condition,Mandatory,string (4000),,,
388,POLICY,Policy,termOrCondition,n/a,n/a,termOrCondition,value,The value in pence to be inserted into the Terms and conditions text,Mandatory,long,,,
389,POLICY,Policy,userField,n/a,n/a,userField,id,Optional sequence number for XML model,Optional,string (255),,,
390,POLICY,Policy,userField,n/a,n/a,userField,longResponse,The full response to the User field question,Optional,string (100),Pick List Name: PICKYN,,Y
391,POLICY,Policy,userField,n/a,n/a,userField,shortResponse,The abbreviated response to the User Field question,Optional,string (8),Pick List Name: PICKYN,,Y
392,POLICY,Policy,userField,n/a,n/a,userField,userFieldCode,A code by which the system identifies the User Field ,Mandatory,string (8),Reference Data: userField.code,,
628,POLICY,Policy,userField,n/a,n/a,userField,id,Optional sequence number for XML model,Optional,string (255),,,
629,POLICY,Policy,userField,n/a,n/a,userField,longResponse,The full response to the User field question,Optional,string (100),Pick List Name: PICKYN,,Y
630,POLICY,Policy,userField,n/a,n/a,userField,shortResponse,The abbreviated response to the User Field question,Optional,string (8),Pick List Name: PICKYN,,Y
631,POLICY,Policy,userField,n/a,n/a,userField,userFieldCode,A code by which the system identifies the User Field ,Mandatory,string (8),Reference Data: userField.code,,
632,POLICY,Policy,userField,n/a,n/a,userField,id,Optional sequence number for XML model,Optional,string (255),,,
633,POLICY,Policy,userField,n/a,n/a,userField,longResponse,The full response to the User field question,Optional,string (100),Pick List Name: PICKYN,,Y
634,POLICY,Policy,userField,n/a,n/a,userField,shortResponse,The abbreviated response to the User Field question,Optional,string (8),Pick List Name: PICKYN,,Y
635,POLICY,Policy,userField,n/a,n/a,userField,userFieldCode,A code by which the system identifies the User Field ,Mandatory,string (8),Reference Data: userField.code,,
636,POLICY,Policy,userField,n/a,n/a,userField,id,Optional sequence number for XML model,Optional,string (255),,,
637,POLICY,Policy,userField,n/a,n/a,userField,longResponse,The full response to the User field question,Optional,string (100),Pick List Name: PICKYN,,Y
638,POLICY,Policy,userField,n/a,n/a,userField,shortResponse,The abbreviated response to the User Field question,Optional,string (8),Pick List Name: PICKYN,,Y
639,POLICY,Policy,userField,n/a,n/a,userField,userFieldCode,A code by which the system identifies the User Field ,Mandatory,string (8),Reference Data: userField.code,,
640,POLICY,Policy,userField,n/a,n/a,userField,id,Optional sequence number for XML model,Optional,string (255),,,
641,POLICY,Policy,userField,n/a,n/a,userField,longResponse,The full response to the User field question,Optional,string (100),Pick List Name: PICKMONTH (UF-A),,Yes
642,POLICY,Policy,userField,n/a,n/a,userField,shortResponse,The abbreviated response to the User Field question,Optional,string (8),Pick List Name: PICKMONTH (UF-A),,Yes
643,POLICY,Policy,userField,n/a,n/a,userField,userFieldCode,A code by which the system identifies the User Field ,Mandatory,string (8),Reference Data: userField.code,,
644,POLICY,Policy,userField,n/a,n/a,userField,id,Optional sequence number for XML model,Optional,string (255),,,
645,POLICY,Policy,userField,n/a,n/a,userField,longResponse,The full response to the User field question,Optional,string (100),Pick List Name: PICKMONTH (UF-A),,Yes
646,POLICY,Policy,userField,n/a,n/a,userField,shortResponse,The abbreviated response to the User Field question,Optional,string (8),Pick List Name: PICKMONTH (UF-A),,Yes
647,POLICY,Policy,userField,n/a,n/a,userField,userFieldCode,A code by which the system identifies the User Field ,Mandatory,string (8),Reference Data: userField.code,,
656,POLICY,Policy,userField,n/a,n/a,userField,id,Optional sequence number for XML model,Optional,string (255),,,
657,POLICY,Policy,userField,n/a,n/a,userField,longResponse,The full response to the User field question,Optional,string (100),Pick List Name: PICKYN,,Y
658,POLICY,Policy,userField,n/a,n/a,userField,shortResponse,The abbreviated response to the User Field question,Optional,string (8),Pick List Name: PICKYN,,Y
659,POLICY,Policy,userField,n/a,n/a,userField,userFieldCode,A code by which the system identifies the User Field ,Mandatory,string (8),Reference Data: userField.code,,
660,POLICY,Policy,userField,n/a,n/a,userField,id,Optional sequence number for XML model,Optional,string (255),,,
661,POLICY,Policy,userField,n/a,n/a,userField,longResponse,The full response to the User field question,Optional,string (100),Pick List Name: MIGDSC (UF-C),,Yes
662,POLICY,Policy,userField,n/a,n/a,userField,shortResponse,The abbreviated response to the User Field question,Optional,string (8),Pick List Name: MIGDSC (UF-C),,Yes
663,POLICY,Policy,userField,n/a,n/a,userField,userFieldCode,A code by which the system identifies the User Field ,Mandatory,string (8),Reference Data: userField.code,,
664,POLICY,Policy,userField,n/a,n/a,userField,id,Optional sequence number for XML model,Optional,string (255),,,
665,POLICY,Policy,userField,n/a,n/a,userField,longResponse,The full response to the User field question,Optional,string (100),Pick List Name: GTB Y/N,,Y
666,POLICY,Policy,userField,n/a,n/a,userField,shortResponse,The abbreviated response to the User Field question,Optional,string (8),Pick List Name: GTB Y/N,,Y
667,POLICY,Policy,userField,n/a,n/a,userField,userFieldCode,A code by which the system identifies the User Field ,Mandatory,string (8),Reference Data: userField.code,,
672,POLICY,Policy,userField,n/a,n/a,userField,id,Optional sequence number for XML model,Optional,string (255),,,
673,POLICY,Policy,userField,n/a,n/a,userField,longResponse,The full response to the User field question,Optional,string (100),Pick List Name: PSOURCE (UF-E),,Yes
674,POLICY,Policy,userField,n/a,n/a,userField,shortResponse,The abbreviated response to the User Field question,Optional,string (8),Pick List Name: PSOURCE (UF-E),,Yes
675,POLICY,Policy,userField,n/a,n/a,userField,userFieldCode,A code by which the system identifies the User Field ,Mandatory,string (8),Reference Data: userField.code,,
396,POLICY,Policy,diary,n/a,n/a,diary,actionedBy,Operator who cancelled the diary. MSG - This diary complextype associated with commentDiary Ref 405,Optional,string (152),Reference Data: operator.loginName,,
397,POLICY,Policy,diary,n/a,n/a,diary,actionedDate,Date on which this Diary Entry was cancelled. MSG - This diary complextype associated with commentDiary Ref 405,Optional,dateTime,,,
398,POLICY,Policy,diary,n/a,n/a,diary,assignedTo,Reference to the Operator to whom this Diary Entry is assigned. MSG - This diary complextype associated with commentDiary Ref 405,Optional,string (152),Reference Data: operator.loginName,,
399,POLICY,Policy,diary,n/a,n/a,diary,commencingAt,Specifies the date that this diary entry starts. MSG - This diary complextype associated with commentDiary Ref 405,Optional,dateTime,,,
400,POLICY,Policy,diary,n/a,n/a,diary,createdDate,MSG - This diary complextype associated with commentDiary Ref 405,Mandatory,dateTime,,,
401,POLICY,Policy,diary,n/a,n/a,diary,diaryComment,Holds any comments relevant to this diary entry. MSG - This diary complextype associated with commentDiary Ref 405,Optional,string (4000),,,
402,POLICY,Policy,diary,n/a,n/a,diary,doneByOperator,Reference to the Operator who created this Diary Entry. MSG - This diary complextype associated with commentDiary Ref 405,Mandatory,string (152),Reference Data: operator.loginName,,
403,POLICY,Policy,diary,n/a,n/a,diary,dueDate,The date this diary entry is due to be actioned. MSG - This diary complextype associated with commentDiary Ref 405,Optional,dateTime,,,
404,POLICY,Policy,diary,n/a,n/a,diary,outputType,Specifies the method in which the associated document(s) will be output.. MSG - This diary complextype associated with commentDiary Ref 405,Optional,string (10),Email. Print. Download. [Schema supersedes Metaval - Output Type (1487)],,Yes
405,POLICY,Policy,diary,commentDiary,n/a,commentDiary,subject,Specifies the subject of the email to be sent,Optional,string (200),,,
788,POLICY,Policy,diary,n/a,n/a,diary,actionedBy,Operator who cancelled the diary. MSG - This diary complextype associated with documentSupportingDiary Refs 407-424,Optional,string (152),Reference Data: operator.loginName,,
789,POLICY,Policy,diary,n/a,n/a,diary,actionedDate,Date on which this Diary Entry was cancelled. MSG - This diary complextype associated with documentSupportingDiary Refs 407-424,Optional,dateTime,,,
790,POLICY,Policy,diary,n/a,n/a,diary,assignedTo,Reference to the Operator to whom this Diary Entry is assigned. MSG - This diary complextype associated with documentSupportingDiary Refs 407-424,Optional,string (152),Reference Data: operator.loginName,,
791,POLICY,Policy,diary,n/a,n/a,diary,commencingAt,Specifies the date that this diary entry starts. MSG - This diary complextype associated with documentSupportingDiary Refs 407-424,Optional,dateTime,,,
792,POLICY,Policy,diary,n/a,n/a,diary,createdDate,MSG - This diary complextype associated with documentSupportingDiary Refs 407-424,Mandatory,dateTime,,,
793,POLICY,Policy,diary,n/a,n/a,diary,diaryComment,Holds any comments relevant to this diary entry. MSG - This diary complextype associated with documentSupportingDiary Refs 407-424,Optional,string (4000),,,
794,POLICY,Policy,diary,n/a,n/a,diary,doneByOperator,Reference to the Operator who created this Diary Entry. MSG - This diary complextype associated with documentSupportingDiary Refs 407-424,Mandatory,string (152),Reference Data: operator.loginName,,
795,POLICY,Policy,diary,n/a,n/a,diary,dueDate,The date this diary entry is due to be actioned. MSG - This diary complextype associated with documentSupportingDiary Refs 407-424,Optional,dateTime,,,
796,POLICY,Policy,diary,n/a,n/a,diary,outputType,Specifies the method in which the associated document(s) will be output.. MSG - This diary complextype associated with documentSupportingDiary Refs 407-424,Optional,string (10),Email. Print. Download. [Schema supersedes Metaval - Output Type (1487)],,Yes
407,POLICY,Policy,diary,documentSupportingDiary,n/a,documentSupportingDiary,description,,Optional,string (150),,,
408,POLICY,Policy,diary,documentSupportingDiary,n/a,documentSupportingDiary,documentName,Document template name.  ,Optional,string (100),,,
409,POLICY,Policy,diary,documentSupportingDiary,n/a,documentSupportingDiary,documentType,,Optional,string (22),Document Template Type (1453),,Yes
410,POLICY,Policy,diary,documentSupportingDiary,n/a,documentSupportingDiary,fileName,Named of stored file,Optional,string (190),,,
411,POLICY,Policy,diary,documentSupportingDiary,n/a,documentSupportingDiary,fsServerName,The name of the FileStore server that the document will be held on.,Optional,string (21),,,
412,POLICY,Policy,diary,documentSupportingDiary,n/a,documentSupportingDiary,guid,The document's unique identifier in FileStore,Optional,string (100),,,
413,POLICY,Policy,diary,documentSupportingDiary,n/a,documentSupportingDiary,location,Folder name the document is saved in. ,Optional,string (100),,,
414,POLICY,Policy,diary,documentSupportingDiary,certificateScheduleBaseDiary,certificateScheduleBaseDiary,printedDate,,Optional,dateTime,,,
415,POLICY,Policy,diary,documentSupportingDiary,correspondenceDiary,correspondenceDiary,associatedClaimID,,Optional,long,,,
416,POLICY,Policy,diary,documentSupportingDiary,correspondenceDiary,correspondenceDiary,comment1,,Optional,string (100),,,
417,POLICY,Policy,diary,documentSupportingDiary,correspondenceDiary,correspondenceDiary,comment2,,Optional,string (100),,,
418,POLICY,Policy,diary,documentSupportingDiary,correspondenceDiary,correspondenceDiary,comment3,,Optional,string (100),,,
419,POLICY,Policy,diary,documentSupportingDiary,correspondenceDiary,correspondenceDiary,comment4,,Optional,string (100),,,
420,POLICY,Policy,diary,documentSupportingDiary,correspondenceDiary,correspondenceDiary,comment5,,Optional,string (100),,,
421,POLICY,Policy,diary,documentSupportingDiary,correspondenceDiary,correspondenceDiary,comment6,,Optional,string (100),,,
422,POLICY,Policy,diary,documentSupportingDiary,correspondenceDiary,correspondenceDiary,renewalInviteInd,Indicates whether the correspondence diary is a renewal invite,Mandatory,boolean,,,
423,POLICY,Policy,diary,documentSupportingDiary,correspondenceDiary,correspondenceDiary,timesOnReport,Indicates how many times this Diary Entry has been reported upon,Mandatory,int,,,
424,POLICY,Policy,diary,documentSupportingDiary,correspondenceDiary,correspondenceDiary,typeCode,The correspondence diary type code as configured in Strata,Mandatory,string (255),Reference Data: correspondenceDiaryType.code,,
797,POLICY,Policy,diary,n/a,n/a,diary,actionedBy,Operator who cancelled the diary. MSG - This diary complextype associated with EDIDiary Refs 430-435,Optional,string (152),Reference Data: operator.loginName,,
798,POLICY,Policy,diary,n/a,n/a,diary,actionedDate,Date on which this Diary Entry was cancelled. MSG - This diary complextype associated with EDIDiary Refs 430-435,Optional,dateTime,,,
799,POLICY,Policy,diary,n/a,n/a,diary,assignedTo,Reference to the Operator to whom this Diary Entry is assigned. MSG - This diary complextype associated with EDIDiary Refs 430-435,Optional,string (152),Reference Data: operator.loginName,,
800,POLICY,Policy,diary,n/a,n/a,diary,commencingAt,Specifies the date that this diary entry starts. MSG - This diary complextype associated with EDIDiary Refs 430-435,Optional,dateTime,,,
801,POLICY,Policy,diary,n/a,n/a,diary,createdDate,MSG - This diary complextype associated with EDIDiary Refs 430-435,Mandatory,dateTime,,,
802,POLICY,Policy,diary,n/a,n/a,diary,diaryComment,Holds any comments relevant to this diary entry. MSG - This diary complextype associated with EDIDiary Refs 430-435,Optional,string (4000),,,
803,POLICY,Policy,diary,n/a,n/a,diary,doneByOperator,Reference to the Operator who created this Diary Entry. MSG - This diary complextype associated with EDIDiary Refs 430-435,Mandatory,string (152),Reference Data: operator.loginName,,
804,POLICY,Policy,diary,n/a,n/a,diary,dueDate,The date this diary entry is due to be actioned. MSG - This diary complextype associated with EDIDiary Refs 430-435,Optional,dateTime,,,
805,POLICY,Policy,diary,n/a,n/a,diary,outputType,Specifies the method in which the associated document(s) will be output.. MSG - This diary complextype associated with EDIDiary Refs 430-435,Optional,string (10),Email. Print. Download. [Schema supersedes Metaval - Output Type (1487)],,Yes
430,POLICY,Policy,diary,documentSupportingDiary,ediDiary,ediDiary,cancelDate,,Optional,dateTime,,,
431,POLICY,Policy,diary,documentSupportingDiary,ediDiary,ediDiary,extractDate,The date the EDI message was extracted,Optional,dateTime,,,
432,POLICY,Policy,diary,documentSupportingDiary,ediDiary,ediDiary,message,The raw message data,Optional,string (4000),,,
433,POLICY,Policy,diary,documentSupportingDiary,ediDiary,ediDiary,messageStatus,,Conditional,string (20),EDI Message Status (1443),,Y
434,POLICY,Policy,diary,documentSupportingDiary,ediDiary,ediDiary,messageType,,Conditional,string (20),EDI Message Type (1444),,Y
435,POLICY,Policy,diary,documentSupportingDiary,ediDiary,ediDiary,newVersion,The version number. Each time a new EDI message is sent the version number is incremented,Optional,string (255),,,
436,POLICY,Policy,diary,documentSupportingDiary,otherClassicDiary,otherClassicDiary,diaryType,,Optional,string (22),DiaryEntryTypes (95),,Y
437,POLICY,Motor Policy,n/a,n/a,n/a,motorPolicy,abicode,The vehicle's ABI code,Optional,string (100),,,
438,POLICY,Motor Policy,n/a,n/a,n/a,motorPolicy,abiProductionYears,Range in years the model was made in ,Optional,string (100),,,
439,POLICY,Motor Policy,n/a,n/a,n/a,motorPolicy,alarmCode,,Mandatory,string (10),For PC & GV: Alarm - Vehicle (1534),,Yes
440,POLICY,Motor Policy,n/a,n/a,n/a,motorPolicy,annualMileage,,Mandatory,int,,,
441,POLICY,Motor Policy,n/a,n/a,n/a,motorPolicy,artModification,A description of any artwork modification on the vehicle,Optional,string (100),,,
442,POLICY,Motor Policy,n/a,n/a,n/a,motorPolicy,bodyModification,A description of any body modification on the vehicle,Optional,string (100),,,
443,POLICY,Motor Policy,n/a,n/a,n/a,motorPolicy,bonusProofType,The type of proof offered by the proposer for the number of NCD years,Optional,string (30),NCB Source (53),,Yes
444,POLICY,Motor Policy,n/a,n/a,n/a,motorPolicy,classOfUse,,Mandatory,string (10),For PC: Class of Use (38). For GV: GV Class Of Use (1415),,Yes
445,POLICY,Motor Policy,n/a,n/a,n/a,motorPolicy,voluntaryExcess,Value in pence,Mandatory,int,,,
446,POLICY,Motor Policy,n/a,n/a,n/a,motorPolicy,compulsoryExcess,Value in pence,Mandatory,int,,,
447,POLICY,Motor Policy,n/a,n/a,n/a,motorPolicy,datePurchased,,Mandatory,dateTime,,,
448,POLICY,Motor Policy,n/a,n/a,n/a,motorPolicy,drivingOtherVehiclesInd,Indicator that the insurer has granted cover for other vehicles,Mandatory,boolean,,,
449,POLICY,Motor Policy,n/a,n/a,n/a,motorPolicy,drivingRestrictions,The restriction on the persons allowed to drive the vehicle ,Mandatory,string (10),Driving Restriction (54),Maximum 1 instance of namedDriver if drivingRestrictions is 'INSONLY'. Maximum 2 instances namedDriver if drivingRestrictions is 'INSANDSPSE'. Minimum 2 instances of namedDriver if drivingRestrictions is 'NMDDRVRS',Yes
450,POLICY,Motor Policy,n/a,n/a,n/a,motorPolicy,engineModification,A description of any engine modification on the vehicle,Optional,string (100),,,
451,POLICY,Motor Policy,n/a,n/a,n/a,motorPolicy,enginecc,Engine capacity,Mandatory,string (100),,,
452,POLICY,Motor Policy,n/a,n/a,n/a,motorPolicy,experienceType,Driver experience in lieu of previous insurance,Optional,string (100),Previous Experience (41),Cannot have experienceType if ncbIndicator is true,Yes
453,POLICY,Motor Policy,n/a,n/a,n/a,motorPolicy,fuelType,,Optional,string (10),Fuel Type (1406),,Yes
454,POLICY,Motor Policy,n/a,n/a,n/a,motorPolicy,immobiliser,Type of immobiliser fitted,Mandatory,string (10),Immobiliser - Vehicle (1535),,Yes
455,POLICY,Motor Policy,n/a,n/a,n/a,motorPolicy,manufacturer,Vehicle manufacturer (e.g.Ford),Mandatory,string (100),,,
456,POLICY,Motor Policy,n/a,n/a,n/a,motorPolicy,modelDesc,Vehicle model (e.g.Focus),Mandatory,string (100),,,
457,POLICY,Motor Policy,n/a,n/a,n/a,motorPolicy,modificationsind,Indicates the vehicle has been modified,Mandatory,boolean,,,
458,POLICY,Motor Policy,n/a,n/a,n/a,motorPolicy,motoringOrganisation,Name of the organisation (e.g.RAC),Optional,string (10),MotoringOrg (21),,Yes
459,POLICY,Motor Policy,n/a,n/a,n/a,motorPolicy,ncbBonusAppliedToOtherVehicle,Indicates whether the NCD is being applied to any other vehicle,Optional,boolean,,,
460,POLICY,Motor Policy,n/a,n/a,n/a,motorPolicy,ncbPreviousBonusProtected,Indicates whether the previous insurance's No Claims Discount was protected,Optional,boolean,,,
461,POLICY,Motor Policy,n/a,n/a,n/a,motorPolicy,ncbProtectedImpliedPrice,The Protected NCD implied price,Mandatory,int,,,
462,POLICY,Motor Policy,n/a,n/a,n/a,motorPolicy,ncbProtectedInd,Indicates whether a Protected No Claims Discount has been granted,Mandatory,boolean,,,
463,POLICY,Motor Policy,n/a,n/a,n/a,motorPolicy,ncbProven,,Mandatory,boolean,,,
464,POLICY,Motor Policy,n/a,n/a,n/a,motorPolicy,ncbtransferableBonus,The number of years of NCD that are transferable,Optional,int,,,
465,POLICY,Motor Policy,n/a,n/a,n/a,motorPolicy,otherModification,A description of any other modification on the vehicle,Optional,string (100),,,
466,POLICY,Motor Policy,n/a,n/a,n/a,motorPolicy,ownerType,,Mandatory,string (10),VehOwner (26),,Yes
467,POLICY,Motor Policy,n/a,n/a,n/a,motorPolicy,presentMarketValue,Value in £,Mandatory,int,,,
468,POLICY,Motor Policy,n/a,n/a,n/a,motorPolicy,pricepaid,Value in £,Mandatory,int,,,
469,POLICY,Motor Policy,n/a,n/a,n/a,motorPolicy,proposerIsKeeperInd,,Mandatory,boolean,,,
470,POLICY,Motor Policy,n/a,n/a,n/a,motorPolicy,registrationNumber,Vehicle Reg number,Mandatory,string (12),,,
471,POLICY,Motor Policy,n/a,n/a,n/a,motorPolicy,requestProtectedNCB,Indicates whether a Protected No Claims Discount has been requested,Mandatory,boolean,,,
472,POLICY,Motor Policy,n/a,n/a,n/a,motorPolicy,trackercode,,Mandatory,string (10),Tracker - Vehicle (1536),,Yes
473,POLICY,Motor Policy,n/a,n/a,n/a,motorPolicy,transmission,,Optional,string (10),Transmission Type (1405),,Yes
474,POLICY,Motor Policy,n/a,n/a,n/a,motorPolicy,vehicleGroup,,Optional,string (100),,,
475,POLICY,Motor Policy,n/a,n/a,n/a,motorPolicy,vehicleLoad,The vehicle loading code.,Optional,string (100),,,
476,POLICY,Motor Policy,n/a,n/a,n/a,motorPolicy,vehicleTerms1,The vehicle terms value,Optional,string (100),,,
477,POLICY,Motor Policy,n/a,n/a,n/a,motorPolicy,vehicleTerms2,The vehicle terms value,Optional,string (100),,,
478,POLICY,Motor Policy,n/a,n/a,n/a,motorPolicy,vehicleType,,Mandatory,string (255),Vehicle Type (1427),,Yes
479,POLICY,Motor Policy,n/a,n/a,n/a,motorPolicy,wheelsModification,A description of any wheel modification on the vehicle,Optional,string (100),,,
480,POLICY,Motor Policy,n/a,n/a,n/a,motorPolicy,whereKeptOverNight,,Mandatory,string (10),WhereKept (28),,Yes
481,POLICY,Motor Policy,n/a,n/a,n/a,motorPolicy,whereKeptPostCode,,Mandatory,string (8),,,
482,POLICY,Motor Policy,n/a,n/a,n/a,motorPolicy,yearofmake,,Mandatory,string (4),,,
483,POLICY,Motor Policy,n/a,n/a,n/a,motorPolicy,yearsClaimFree,The number of years that the proposer has not submitted any claims when the proposer has any 'Experience Not In Your Name',Optional,int,,,
484,POLICY,Motor Policy,n/a,n/a,n/a,motorPolicy,yearsNCB,The number of years that no claims bonus is being claimed for,Optional,int,,,
485,POLICY,Motor Policy,gvPolicy,n/a,n/a,gvPolicy,absInd,Indicates whether the car has ABS (anti-lock brakes) fitted,Mandatory,boolean,,,
486,POLICY,Motor Policy,gvPolicy,n/a,n/a,gvPolicy,bodyStyle,,Optional,string (10),GV Body Type (1411),,Yes
487,POLICY,Motor Policy,gvPolicy,n/a,n/a,gvPolicy,grossWeight,In Tonnes,Mandatory,float,,,
488,POLICY,Motor Policy,gvPolicy,n/a,n/a,gvPolicy,leftHandDriveInd,,Mandatory,boolean,,,
489,POLICY,Motor Policy,gvPolicy,n/a,n/a,gvPolicy,numberOfDoors,,Mandatory,int,,,
490,POLICY,Motor Policy,gvPolicy,n/a,n/a,gvPolicy,numberOfSeats,,Mandatory,int,,,
491,POLICY,Motor Policy,gvPolicy,n/a,n/a,gvPolicy,radius,Maximum distance in miles travelled from base,Mandatory,int,,,
492,POLICY,Motor Policy,gvPolicy,n/a,n/a,gvPolicy,trailerCover,The type of cover for any trailer.,Optional,string (255),Type of Cover (40),,Yes
493,POLICY,Motor Policy,gvPolicy,n/a,n/a,gvPolicy,trailerValue,The value of the vehicle's trailer,Mandatory,long,,,
494,POLICY,Motor Policy,pcPolicy,n/a,n/a,pcPolicy,absInd,Indicates whether the car has ABS (anti-lock brakes) fitted,Mandatory,boolean,,,
495,POLICY,Motor Policy,pcPolicy,n/a,n/a,pcPolicy,bodyStyle,,Mandatory,string (10),BodyStyle (32),,Yes
496,POLICY,Motor Policy,pcPolicy,n/a,n/a,pcPolicy,businessMileage,,Mandatory,int,,,
497,POLICY,Motor Policy,pcPolicy,n/a,n/a,pcPolicy,leftHandDriveInd,,Mandatory,boolean,,,
498,POLICY,Motor Policy,pcPolicy,n/a,n/a,pcPolicy,numberOfDoors,,Mandatory,int,,,
499,POLICY,Motor Policy,pcPolicy,n/a,n/a,pcPolicy,numberOfSeats,,Mandatory,int,,,
500,POLICY,Policy,namedPerson,namedDriver,n/a,namedDriver,accessToOtherVehicles,,Mandatory,string (100),VehAccess (25),,Yes
501,POLICY,Policy,namedPerson,namedDriver,n/a,namedDriver,driverNumber,Order of the drivers listed on the policy,Mandatory,int,,The proposer must be driver number 1,
502,POLICY,Policy,namedPerson,namedDriver,n/a,namedDriver,licenseType,,Optional,string (50),DriverDetail LicenceDetails ClassCode(Instep 20) (2020) - but abbreviated from full Metavals list,,Yes
503,POLICY,Policy,namedPerson,namedDriver,n/a,namedDriver,drivingLicenceNumber,,Optional,string (50),,,
504,POLICY,Policy,namedPerson,namedDriver,n/a,namedDriver,medicalConditionConsent,Whether the person gave consent for their medical condition details to be captured,Optional,string (20),,,
505,POLICY,Policy,namedPerson,namedDriver,n/a,namedDriver,noOfTests,Number of tests taken by Provisional Licence holders,Mandatory,int,,,
506,POLICY,Policy,namedPerson,namedDriver,n/a,namedDriver,testPassDate,,Optional,dateTime,,,
507,POLICY,Policy,namedPerson,namedDriver,n/a,namedDriver,useOfVehicle,,Mandatory,string (100),VehUse (27),,Yes
508,POLICY,Policy,namedPerson,namedDriver,conviction,conviction,id,Optional sequence number for XML model,Optional,string (255),,,
509,POLICY,Policy,namedPerson,namedDriver,conviction,conviction,convictionCode,The Conviction code as it appears on the driver's licence,Conditional,string (255),Convictions (63) ,,Yes
510,POLICY,Policy,namedPerson,namedDriver,conviction,conviction,convictionDate,,Conditional,dateTime,,,
511,POLICY,Policy,namedPerson,namedDriver,conviction,conviction,drinkReading,Alcohol level reading at time of offense,Optional,int,,This must be specified when convictionCode is DR10DR20DR40 or DR50 ,
512,POLICY,Policy,namedPerson,namedDriver,conviction,conviction,drinkReadingType,Type of drink driving test administered,Optional,string (255),ReadingType (75),This must be specified when convictionCode is DR10DR20DR40 or DR50,Yes
513,POLICY,Policy,namedPerson,namedDriver,conviction,conviction,fineAmount,Value in pence,Optional,long,,,
514,POLICY,Policy,namedPerson,namedDriver,conviction,conviction,monthsSuspended,,Optional,int,,,
515,POLICY,Policy,namedPerson,namedDriver,conviction,conviction,motorClaimId,,Optional,string (255),,,
516,POLICY,Policy,namedPerson,namedDriver,conviction,conviction,offenceDate,,Conditional,dateTime,,,
517,POLICY,Policy,namedPerson,namedDriver,conviction,conviction,points,Points added to licence,Conditional,int,,,
518,POLICY,Policy,namedPerson,namedDriver,medicalCondition,medicalConditon,bypass,Indicates whether this Person has had a heart bypass operation,Optional,boolean,,,
519,POLICY,Policy,namedPerson,namedDriver,medicalCondition,medicalConditon,code,The type of medical condition,Optional,string (255),Medical Conditions (62),,Yes
520,POLICY,Policy,namedPerson,namedDriver,medicalCondition,medicalConditon,conditionDesc,A description of the condition,Optional,string (100),,,
521,POLICY,Policy,namedPerson,namedDriver,medicalCondition,medicalConditon,conditionStatus,,Mandatory,string (255),MedicalDescriptionStatus (74),,Yes
522,POLICY,Policy,namedPerson,namedDriver,medicalCondition,medicalConditon,dailyInsulinUnits,For diabetes conditions,Conditional,int,,,
523,POLICY,Policy,namedPerson,namedDriver,medicalCondition,medicalConditon,dateStarted,The date that the medical condition started,Mandatory,dateTime,,,
524,POLICY,Policy,namedPerson,namedDriver,medicalCondition,medicalConditon,dvlaNotified,,Mandatory,boolean,,,
525,POLICY,Policy,namedPerson,namedDriver,medicalCondition,medicalConditon,dvlaRestricted,,Mandatory,boolean,,,
526,POLICY,Policy,namedPerson,namedDriver,medicalCondition,medicalConditon,insulinInjected,For diabetes conditions,Optional,boolean,,,
527,POLICY,Policy,namedPerson,namedDriver,medicalCondition,medicalConditon,lastAttack,The date the last heart attack occurred,Optional,dateTime,,,
528,POLICY,Policy,namedPerson,namedDriver,medicalCondition,medicalConditon,numberOfAttacks,The number of heart attacks this Person has suffered,Optional,int,,,
529,POLICY,Policy,namedPerson,namedDriver,medicalCondition,medicalConditon,numberOfClaims,The number of claims arising from this condition,Mandatory,int,,,
530,POLICY,Policy,namedPerson,namedDriver,medicalCondition,medicalConditon,treatment,,Mandatory,boolean,,,
531,POLICY,Policy,namedPerson,namedDriver,medicalCondition,medicalConditon,treatmentDesc,A description of the treatment applied,Optional,string (100),,,
532,POLICY,Policy,namedPerson,namedDriver,medicalCondition,medicalConditon,vehicleAdapted,Indicates whether or not the vehicle has been adapted to accommodate the medical condition,Mandatory,boolean,,,
533,POLICY,Household Policy,n/a,n/a,n/a,householdPolicy,addressLine1,,Optional,xs:string (32),,,
534,POLICY,Household Policy,n/a,n/a,n/a,householdPolicy,addressLine2,,Optional,xs:string (32),,,
535,POLICY,Household Policy,n/a,n/a,n/a,householdPolicy,addressLine3,,Optional,xs:string (32),,,
536,POLICY,Household Policy,n/a,n/a,n/a,householdPolicy,addressLine4,,Optional,xs:string (32),,,
537,POLICY,Household Policy,n/a,n/a,n/a,householdPolicy,addressNameOrNumber,,Optional,xs:string (30),,,
538,POLICY,Household Policy,n/a,n/a,n/a,householdPolicy,allRisksVoluntaryExcess,Value in pence,Mandatory,xs:long,,,
539,POLICY,Household Policy,n/a,n/a,n/a,householdPolicy,allRisksCompulsoryExcess,Value in pence,Mandatory,xs:long,,,
540,POLICY,Household Policy,n/a,n/a,n/a,householdPolicy,buildingGoodStateRepair,,Mandatory,xs:boolean,,,
541,POLICY,Household Policy,n/a,n/a,n/a,householdPolicy,buildingWorkInProgress,,Mandatory,xs:boolean,,,
542,POLICY,Household Policy,n/a,n/a,n/a,householdPolicy,buildingsAccidentalDamage,Flag to indicate buildings accidental damage was requested by the proposer,Mandatory,xs:boolean,,,
543,POLICY,Household Policy,n/a,n/a,n/a,householdPolicy,buildingsAccidentalDamageGranted,Flag to indicate buildings accidental damage was granted by the insurer,Optional,xs:boolean,,,
544,POLICY,Household Policy,n/a,n/a,n/a,householdPolicy,buildingsAreaRating,The insurer's rating code for the risk address area relating to buildings cover.,Optional,xs:string (100),,,
545,POLICY,Household Policy,n/a,n/a,n/a,householdPolicy,buildingsNcbYears,,Optional,xs:int,,,
546,POLICY,Household Policy,n/a,n/a,n/a,householdPolicy,buildingsSumInsured,Rebuild cost as stated in risk. Value in pence,Mandatory,xs:long,,,
547,POLICY,Household Policy,n/a,n/a,n/a,householdPolicy,buildingsSumInsuredGranted,Buildings cover amount granted. Value in pence,Optional,xs:long,,,
548,POLICY,Household Policy,n/a,n/a,n/a,householdPolicy,buildingsVoluntaryExcess,Value in pence,Mandatory,xs:long,,,
549,POLICY,Household Policy,n/a,n/a,n/a,householdPolicy,buildingsCompulsoryExcess,Value in pence,Mandatory,xs:long,,,
550,POLICY,Household Policy,n/a,n/a,n/a,householdPolicy,burglarAlarm,,Mandatory,xs:string (255),Burglar Alarm Details (1465),,Yes
551,POLICY,Household Policy,n/a,n/a,n/a,householdPolicy,businessUse,Indicates whether the property is used for busines,Mandatory,xs:boolean,,,
552,POLICY,Household Policy,n/a,n/a,n/a,householdPolicy,contentsAccidentalDamage,Flag to indicate contents accidental damage was requested by the proposer,Mandatory,xs:boolean,,,
553,POLICY,Household Policy,n/a,n/a,n/a,householdPolicy,contentsAccidentalDamageGranted,Flag to indicate contents accidental damage was granted by the insurer,Optional,xs:boolean,,,
554,POLICY,Household Policy,n/a,n/a,n/a,householdPolicy,contentsAreaRating,The insurer's rating code for the risk address area relating to contents cover.,Optional,xs:string (8),,,
555,POLICY,Household Policy,n/a,n/a,n/a,householdPolicy,contentsNcbYears,,Optional,xs:int,,,
556,POLICY,Household Policy,n/a,n/a,n/a,householdPolicy,contentsSumInsured,Value in pence,Optional,xs:long,,,
557,POLICY,Household Policy,n/a,n/a,n/a,householdPolicy,contentsSumInsuredGranted,Value in pence,Optional,xs:long,,,
558,POLICY,Household Policy,n/a,n/a,n/a,householdPolicy,contentsVoluntaryExcess,Value in pence,Mandatory,xs:long,,,
559,POLICY,Household Policy,n/a,n/a,n/a,householdPolicy,contentsCompulsoryExcess,Value in pence,Mandatory,xs:long,,,
560,POLICY,Household Policy,n/a,n/a,n/a,householdPolicy,country,,Optional,xs:string (255),GB,,
561,POLICY,Household Policy,n/a,n/a,n/a,householdPolicy,creditCardSumInsured,Value in pence,Mandatory,xs:long,,,
562,POLICY,Household Policy,n/a,n/a,n/a,householdPolicy,deleteLeakXS,Indicates whether the proposer wishes to delete the Escaped Water Excess,Mandatory,xs:boolean,,,
563,POLICY,Household Policy,n/a,n/a,n/a,householdPolicy,deleteStormXS,Indicates whether the proposer wishes to delete the Storm or Flood Excess,Mandatory,xs:boolean,,,
564,POLICY,Household Policy,n/a,n/a,n/a,householdPolicy,doorAndWindowLocks,,Mandatory,xs:boolean,,,
565,POLICY,Household Policy,n/a,n/a,n/a,householdPolicy,drainageMainsConnection,Indicates whether the property is connected to the mains drainage system,Optional,xs:boolean,,,
566,POLICY,Household Policy,n/a,n/a,n/a,householdPolicy,firstTimeBuyer,,Mandatory,xs:boolean,,,
567,POLICY,Household Policy,n/a,n/a,n/a,householdPolicy,formOfheating,,Optional,xs:string (255),Property Heating Type (1473),,Yes
568,POLICY,Household Policy,n/a,n/a,n/a,householdPolicy,freeFromFlooding,,Mandatory,xs:boolean,,,
569,POLICY,Household Policy,n/a,n/a,n/a,householdPolicy,freeFromTallTrees,,Mandatory,xs:boolean,,,
570,POLICY,Household Policy,n/a,n/a,n/a,householdPolicy,freezerContentsSumInsured,Value in pence,Mandatory,xs:long,,,
571,POLICY,Household Policy,n/a,n/a,n/a,householdPolicy,freezerYear,The year the freezer was purchased,Optional,xs:int,,,
572,POLICY,Household Policy,n/a,n/a,n/a,householdPolicy,lastElectricalInspection,,Optional,xs:dateTime,,,
573,POLICY,Household Policy,n/a,n/a,n/a,householdPolicy,lastRoofInspection,,Optional,xs:dateTime,,,
574,POLICY,Household Policy,n/a,n/a,n/a,householdPolicy,letOrSublet,,Mandatory,xs:boolean,,,
575,POLICY,Household Policy,n/a,n/a,n/a,householdPolicy,listedBuilding,,Mandatory,xs:string (255),Listed Building Grade (1461),,Yes
576,POLICY,Household Policy,n/a,n/a,n/a,householdPolicy,maxCashCreditClaim,The maximum amount payable in the event of a claim for stolen cash or credit cards. Value in pence,Mandatory,xs:long,,,
577,POLICY,Household Policy,n/a,n/a,n/a,householdPolicy,money,The value of cash to be insured in pence,Mandatory,xs:long,,,
578,POLICY,Household Policy,n/a,n/a,n/a,householdPolicy,neighbourhoodWatch,,Mandatory,xs:boolean,,,
579,POLICY,Household Policy,n/a,n/a,n/a,householdPolicy,newForOld,,Mandatory,xs:boolean,,,
580,POLICY,Household Policy,n/a,n/a,n/a,householdPolicy,numberOfBedrooms,,Mandatory,xs:int,,,
581,POLICY,Household Policy,n/a,n/a,n/a,householdPolicy,numberOfRooms,,Mandatory,xs:int,,,
582,POLICY,Household Policy,n/a,n/a,n/a,householdPolicy,occupancy,,Mandatory,xs:string (255),Property Occupancy (1464),,Yes
583,POLICY,Household Policy,n/a,n/a,n/a,householdPolicy,ownership,,Mandatory,xs:string (255),Property Ownership (1463),,Yes
584,POLICY,Household Policy,n/a,n/a,n/a,householdPolicy,personalEffectsValue,Requested cover for personal effects,Optional,xs:long,,,
585,POLICY,Household Policy,n/a,n/a,n/a,householdPolicy,personalEffectsValueGranted,Granted cover for personal effects,Optional,xs:long,,,
586,POLICY,Household Policy,n/a,n/a,n/a,householdPolicy,postCode,,Optional,xs:string (8),,,
587,POLICY,Household Policy,n/a,n/a,n/a,householdPolicy,propertyUse,,Mandatory,xs:string (255),Property Use (1462),,Yes
588,POLICY,Household Policy,n/a,n/a,n/a,householdPolicy,riskType,,Mandatory,xs:string (255),Household Risk Type (1466),,Yes
589,POLICY,Household Policy,n/a,n/a,n/a,householdPolicy,roofThatchPercentage,,Optional,xs:int,,,
590,POLICY,Household Policy,n/a,n/a,n/a,householdPolicy,safeInstalled,,Mandatory,xs:boolean,,,
591,POLICY,Household Policy,n/a,n/a,n/a,householdPolicy,sharedByNonFamilyMembers,,Mandatory,xs:boolean,,,
592,POLICY,Household Policy,n/a,n/a,n/a,householdPolicy,smokeDetector,,Mandatory,xs:string (255),Smoke Alarm Details (1467),,Yes
593,POLICY,Household Policy,n/a,n/a,n/a,householdPolicy,specifiedContentsLimit,,Mandatory,xs:long,,,
594,POLICY,Household Policy,n/a,n/a,n/a,householdPolicy,subsidence,Indicates whether the property is free from subsidence landslip or heave,Mandatory,xs:boolean,,,
595,POLICY,Household Policy,n/a,n/a,n/a,householdPolicy,thatchedRoofMaterial,,Optional,xs:string (255),Thatched Roof Material (1472),,Yes
596,POLICY,Household Policy,n/a,n/a,n/a,householdPolicy,timberFramedProperty,,Optional,xs:boolean,,,
597,POLICY,Household Policy,n/a,n/a,n/a,householdPolicy,typeOfConstruction,,Mandatory,xs:string (255),Property Construction (1460),,Yes
598,POLICY,Household Policy,n/a,n/a,n/a,householdPolicy,typeOfProperty,,Optional,xs:string (255),Property Type (1459),,Yes
599,POLICY,Household Policy,n/a,n/a,n/a,householdPolicy,unspecifiedItemsValue,The total value of all items that are not personal effects or have a value of over £100. Value in pence,Optional,xs:long,,,
600,POLICY,Household Policy,n/a,n/a,n/a,householdPolicy,unspecifiedItemsValueGranted,Cover level granted for all items that are not personal effects or have a value of over £100. Value in pence,Optional,xs:long,,,
601,POLICY,Household Policy,n/a,n/a,n/a,householdPolicy,waterMainsConnection,Indicates whether the property is connected to the mains water system,Optional,xs:boolean,,,
602,POLICY,Household Policy,n/a,n/a,n/a,householdPolicy,yearLastRewired,,Optional,xs:int,,,
603,POLICY,Household Policy,n/a,n/a,n/a,householdPolicy,yearRoofLastThatched,,Optional,xs:int,,,
604,POLICY,Household Policy,n/a,n/a,n/a,householdPolicy,yearsBuilt,The year when the main part of the property was built,Mandatory,xs:int,4 digit year,,
605,POLICY,Household Policy,allRiskSpecifiedItem,n/a,n/a,allRisksSpecifiedItem,id,Optional sequence number for XML model,Optional,string (255),,,
606,POLICY,Household Policy,allRiskSpecifiedItem,n/a,n/a,allRisksSpecifiedItem,category,,Mandatory,xs:string (255),All Risks Specified Items (1476),,Yes
607,POLICY,Household Policy,allRiskSpecifiedItem,n/a,n/a,allRisksSpecifiedItem,description,,Mandatory,xs:string (100),,,
608,POLICY,Household Policy,allRiskSpecifiedItem,n/a,n/a,allRisksSpecifiedItem,value,Value in pence,Mandatory,xs:long,,,
609,POLICY,Household Policy,interestedParty,n/a,n/a,interestedParty,accountNumber,The mortgage account number of this Named Party,Optional,xs:string (8),,,
610,POLICY,Household Policy,interestedParty,n/a,n/a,interestedParty,addressLine1,,Optional,xs:string (32),,,
611,POLICY,Household Policy,interestedParty,n/a,n/a,interestedParty,addressLine2,,Optional,xs:string (32),,,
612,POLICY,Household Policy,interestedParty,n/a,n/a,interestedParty,addressLine3,,Optional,xs:string (32),,,
613,POLICY,Household Policy,interestedParty,n/a,n/a,interestedParty,addressLine4,,Optional,xs:string (32),,,
614,POLICY,Household Policy,interestedParty,n/a,n/a,interestedParty,addressNameOrNumber,,Optional,xs:string (30),,,
615,POLICY,Household Policy,interestedParty,n/a,n/a,interestedParty,nameLine,,Conditional,xs:string (152),,,
616,POLICY,Household Policy,interestedParty,n/a,n/a,interestedParty,postCode,,Optional,xs:string (8),,,
617,POLICY,Household Policy,interestedParty,n/a,n/a,interestedParty,sortCode,The sort code of this Named Party's mortgage account,Optional,xs:string (6),,,
618,POLICY,Household Policy,previousHouseholdInsurance,n/a,n/a,previousHouseholdInsurance,continuousYears,The number of years the previous insurance was held for,Optional,xs:int,,,
619,POLICY,Household Policy,previousHouseholdInsurance,n/a,n/a,previousHouseholdInsurance,insurerCode,The previous Insurer's code,Optional,xs:string (100),,,
620,POLICY,Household Policy,previousHouseholdInsurance,n/a,n/a,previousHouseholdInsurance,insurerName,,Optional,xs:string (100),,,
621,POLICY,Household Policy,previousHouseholdInsurance,n/a,n/a,previousHouseholdInsurance,policyExpiryDate,,Optional,xs:dateTime,,,
622,POLICY,Household Policy,previousHouseholdInsurance,n/a,n/a,previousHouseholdInsurance,policyNumber,The previous insurance policy number,Optional,xs:string (100),,,
623,POLICY,Household Policy,previousHouseholdInsurance,n/a,n/a,previousHouseholdInsurance,riskType,,Optional,xs:string (255),Household Risk Type (1466),,Yes
624,POLICY,Household Policy,specifiedContentItem,n/a,n/a,specifiedContentsItem,id,Optional sequence number for XML model,Optional,string (255),,,
625,POLICY,Household Policy,specifiedContentItem,n/a,n/a,specifiedContentsItem,category,,Mandatory,xs:string (255),Specified Contents (1481),,Yes
626,POLICY,Household Policy,specifiedContentItem,n/a,n/a,specifiedContentsItem,description,,Mandatory,xs:string (100),,,
627,POLICY,Household Policy,specifiedContentItem,n/a,n/a,specifiedContentsItem,Value,,Mandatory,xs:long,,,
628,POLICY,Policy,instalmentBookDetail,n/a,n/a,instalmentBookDetail,mndtref,The bank auto debit mandate reference,Mandatory,string(50),,,
629,POLICY,Policy,instalmentBookDetail,n/a,n/a,instalmentBookDetail,accntitle,,,string(200),,,
630,POLICY,Policy,instalmentBookDetail,n/a,n/a,instalmentBookDetail,paymentInterval,Type of payment interval,Optional,string(1),,,
631,POLICY,Pet,instalmentBookDetail,n/a,n/a,instalmentBookDetail,Key,Branch RefPolicy Line Number,,varchar ( 255 ),,,
632,POLICY,Pet,instalmentBookDetail,n/a,n/a,instalmentBookDetail,Date,Extract date of the transaction performed on CDL,,datetime ( 8 ),,,
633,POLICY,Pet,instalmentBookDetail,n/a,n/a,instalmentBookDetail,Bran,Branch name (Identified by letter),,varchar ( 255 ),,,
634,POLICY,Pet,instalmentBookDetail,n/a,n/a,instalmentBookDetail,Client,Client reference for the policy,,int ( 4 ),,,
635,POLICY,Pet,instalmentBookDetail,n/a,n/a,instalmentBookDetail,Ref,Client number & line number (I.E 123456- 1),,int ( 4 ),,,
636,POLICY,Pet,instalmentBookDetail,n/a,n/a,instalmentBookDetail,No,Installment book number ,,int ( 4 ),,,
637,POLICY,Pet,instalmentBookDetail,n/a,n/a,instalmentBookDetail,Deposit,Deposit paid ,,money ( 8 ),,,
638,POLICY,Pet,instalmentBookDetail,n/a,n/a,instalmentBookDetail,Charges,Interest applicable,,money ( 8 ),,,
639,POLICY,Pet,instalmentBookDetail,n/a,n/a,instalmentBookDetail,Inst,Installment amounts,,money ( 8 ),,,
640,POLICY,Pet,instalmentBookDetail,n/a,n/a,instalmentBookDetail,RepNo,Number of installments,,int ( 4 ),,,
641,POLICY,Pet,instalmentBookDetail,n/a,n/a,instalmentBookDetail,Loan,Total loan amount ,,money ( 8 ),,,
642,POLICY,Pet,instalmentBookDetail,n/a,n/a,instalmentBookDetail,Owed,Outstanding balance ,,money ( 8 ),,,
643,POLICY,Pet,instalmentBookDetail,n/a,n/a,instalmentBookDetail,Scheme,Payment  option scheme number ,,varchar ( 255 ),,,
644,POLICY,Pet,instalmentBookDetail,n/a,n/a,instalmentBookDetail,Referenc,PCL book number of dd's and amounts I.E 10*  35.62 ,,varchar ( 255 ),,,
645,POLICY,Pet,instalmentBookDetail,n/a,n/a,instalmentBookDetail,Status,Status of the installment book ,,varchar ( 255 ),,,
646,POLICY,Pet,instalmentBookDetail,n/a,n/a,instalmentBookDetail,Pay,Method of payment I.E Direct debit monthly or funded via Premium credit,,varchar ( 255 ),,,
647,POLICY,Pet,instalmentBookDetail,n/a,n/a,instalmentBookDetail,LDate,Should match the Date field however the field is not populated in CDL B screen,,datetime ( 8 ),,,
648,POLICY,Pet,instalmentBookDetail,n/a,n/a,instalmentBookDetail,PLess,Paperless mandate; unused field,,varchar ( 255 ),,,
649,POLICY,Pet,instalmentBookDetail,n/a,n/a,instalmentBookDetail,BXDate,N/A,,datetime ( 8 ),,,
650,POLICY,Pet,instalmentBookDetail,n/a,n/a,instalmentBookDetail,BankName,Name of bank account holder,,varchar ( 255 ),,,
651,POLICY,Pet,instalmentBookDetail,n/a,n/a,instalmentBookDetail,BankAcc,Bank account number ,,varchar ( 255 ),,,
652,POLICY,Pet,instalmentBookDetail,n/a,n/a,instalmentBookDetail,BankCode,Bank account sort code ,,varchar ( 255 ),,,
653,POLICY,Pet,instalmentBookDetail,n/a,n/a,instalmentBookDetail,CardNo,N/A,,varchar ( 255 ),,,
654,POLICY,Pet,instalmentBookDetail,n/a,n/a,instalmentBookDetail,CardStar,N/A,,varchar ( 255 ),,,
655,POLICY,Pet,instalmentBookDetail,n/a,n/a,instalmentBookDetail,CardEnd,N/A,,varchar ( 255 ),,,
656,POLICY,Pet,instalmentBookDetail,n/a,n/a,instalmentBookDetail,CardIssu,N/A,,varchar ( 255 ),,,
657,POLICY,Pet,instalmentBookDetail,n/a,n/a,instalmentBookDetail,IntFlat,N/A,,money ( 8 ),,,
658,POLICY,Pet,instalmentBookDetail,n/a,n/a,instalmentBookDetail,IntPerc,N/A,,money ( 8 ),,,
659,POLICY,Pet,instalmentBookDetail,n/a,n/a,instalmentBookDetail,PSPID,N/A,,varchar ( 255 ),,,
660,CLIENT,Pet,Client Personal Data,n/a,n/a,Client Personal Data,Key,Branch RefPolicy Line Number,,varchar ( 255 ),,,
661,CLIENT,Pet,Client Personal Data,n/a,n/a,Client Personal Data,Date,Extract date of the transaction performed on CDL,,datetime ( 8 ),,,
662,CLIENT,Pet,Client Personal Data,n/a,n/a,Client Personal Data,Bran,Branch name (Identified by letter),,varchar ( 255 ),,,
663,CLIENT,Pet,Client Personal Data,n/a,n/a,Client Personal Data,Client,Client reference for the policy,,int ( 4 ),,,
664,CLIENT,Pet,Client Personal Data,n/a,n/a,Client Personal Data,Name,Policy holders full name EG Title initial and surname.,,varchar ( 255 ),,,
665,CLIENT,Pet,Client Personal Data,n/a,n/a,Client Personal Data,Title,Policy holders title ,,varchar ( 255 ),,,
666,CLIENT,Pet,Client Personal Data,n/a,n/a,Client Personal Data,Surname,Policy holders surname,,varchar ( 255 ),,,
667,CLIENT,Pet,Client Personal Data,n/a,n/a,Client Personal Data,Forename,Forename,,varchar ( 255 ),,,
668,CLIENT,Pet,Client Personal Data,n/a,n/a,Client Personal Data,Hon,N/A,,varchar ( 255 ),,,
669,CLIENT,Pet,Client Personal Data,n/a,n/a,Client Personal Data,Salutati,Salutation ,,varchar ( 255 ),,,
670,CLIENT,Pet,Client Personal Data,n/a,n/a,Client Personal Data,Addr1,1st Line of the policyholders address,,varchar ( 255 ),,,
671,CLIENT,Pet,Client Personal Data,n/a,n/a,Client Personal Data,Addr2,2nd Line of the policyholders address,,varchar ( 255 ),,,
672,CLIENT,Pet,Client Personal Data,n/a,n/a,Client Personal Data,Addr3,3rd Line of the policyholders address,,varchar ( 255 ),,,
673,CLIENT,Pet,Client Personal Data,n/a,n/a,Client Personal Data,Addr4,4th Line of the policyholders address,,varchar ( 255 ),,,
674,CLIENT,Pet,Client Personal Data,n/a,n/a,Client Personal Data,Postcode,Postcode,,varchar ( 255 ),,,
675,CLIENT,Pet,Client Personal Data,n/a,n/a,Client Personal Data,Phone,Policy holders primary contact Tel.No,,varchar ( 255 ),,,
676,CLIENT,Pet,Client Personal Data,n/a,n/a,Client Personal Data,Fax,Policy holders secondary contact Tel.No,,varchar ( 255 ),,,
677,CLIENT,Pet,Client Personal Data,n/a,n/a,Client Personal Data,Mar,Marital Status,,varchar ( 255 ),,,
678,CLIENT,Pet,Client Personal Data,n/a,n/a,Client Personal Data,Sex,Sex,,varchar ( 255 ),,,
679,CLIENT,Pet,Client Personal Data,n/a,n/a,Client Personal Data,DOB,Date of birth,,datetime ( 8 ),,,
680,CLIENT,Pet,Client Personal Data,n/a,n/a,Client Personal Data,Age,Clients age,,int ( 4 ),,,
681,CLIENT,Pet,Client Personal Data,n/a,n/a,Client Personal Data,UKBorn,Where they born in the UK,,varchar ( 255 ),,,
682,CLIENT,Pet,Client Personal Data,n/a,n/a,Client Personal Data,Ctry,Country of birth Denoted by a two letter codeexample shown opposite; ZZ for not asked.,,varchar ( 255 ),,,
683,CLIENT,Pet,Client Personal Data,n/a,n/a,Client Personal Data,Country,Name of the country of birth   ,,varchar ( 255 ),,,
684,CLIENT,Pet,Client Personal Data,n/a,n/a,Client Personal Data,ResDate,Date the policy holder became a UK resident,,datetime ( 8 ),,,
685,CLIENT,Pet,Client Personal Data,n/a,n/a,Client Personal Data,YrsAb,N/A,,int ( 4 ),,,
686,CLIENT,Pet,Client Personal Data,n/a,n/a,Client Personal Data,Occ,Primary Occupation identified by digits,,varchar ( 255 ),,,
687,CLIENT,Pet,Client Personal Data,n/a,n/a,Client Personal Data,Occup,Primary Occupation/Job title ,,varchar ( 255 ),,,
688,CLIENT,Pet,Client Personal Data,n/a,n/a,Client Personal Data,OccC,Employment status I.E E=Employed R=Retired S=Self Employed etc.,,varchar ( 255 ),,,
689,CLIENT,Pet,Client Personal Data,n/a,n/a,Client Personal Data,EOcc,Employers business identified by digits,,varchar ( 255 ),,,
690,CLIENT,Pet,Client Personal Data,n/a,n/a,Client Personal Data,EOccup,Description of employers business EG Accountancy,,varchar ( 255 ),,,
691,CLIENT,Pet,Client Personal Data,n/a,n/a,Client Personal Data,EOccC,Part time occupation identified by digits,,varchar ( 255 ),,,
692,CLIENT,Pet,Client Personal Data,n/a,n/a,Client Personal Data,POcc,Part-time occupation/ part-time Job title ,,varchar ( 255 ),,,
693,CLIENT,Pet,Client Personal Data,n/a,n/a,Client Personal Data,POccup,Part-time Employment status,,varchar ( 255 ),,,
694,CLIENT,Pet,Client Personal Data,n/a,n/a,Client Personal Data,PEOcc,Part-time Employers business identified by digits,,varchar ( 255 ),,,
695,CLIENT,Pet,Client Personal Data,n/a,n/a,Client Personal Data,PEOccup,Part-time Employers business   ,,varchar ( 255 ),,,
696,CLIENT,Pet,Client Personal Data,n/a,n/a,Client Personal Data,Abode,Description of abode type,,varchar ( 255 ),,,
697,CLIENT,Pet,Client Personal Data,n/a,n/a,Client Personal Data,Smok,Is the policy holder a smoker,,varchar ( 255 ),,,
698,CLIENT,Pet,Client Personal Data,n/a,n/a,Client Personal Data,Org,Name of breakdown organisation,,varchar ( 255 ),,,
699,CLIENT,Pet,Client Personal Data,n/a,n/a,Client Personal Data,Conv,Criminal convictions,,varchar ( 255 ),,,
700,CLIENT,Pet,Client Personal Data,n/a,n/a,Client Personal Data,Decl,PH ever been refused insurance,,varchar ( 255 ),,,
701,CLIENT,Pet,Client Personal Data,n/a,n/a,Client Personal Data,Pay,N/A,,varchar ( 255 ),,,
702,CLIENT,Pet,Client Personal Data,n/a,n/a,Client Personal Data,Cred,N/A,,varchar ( 255 ),,,
703,CLIENT,Pet,Client Personal Data,n/a,n/a,Client Personal Data,Lic,Type of driving licence ,,varchar ( 255 ),,,
704,CLIENT,Pet,Client Personal Data,n/a,n/a,Client Personal Data,Test,When was the licence obtained,,datetime ( 8 ),,,
705,CLIENT,Pet,Client Personal Data,n/a,n/a,Client Personal Data,NTests,Number of driving tests,,int ( 4 ),,,
706,CLIENT,Pet,Client Personal Data,n/a,n/a,Client Personal Data,Exp,N/A,,varchar ( 255 ),,,
707,CLIENT,Pet,Client Personal Data,n/a,n/a,Client Personal Data,ExpDate,N/A,,datetime ( 8 ),,,
708,CLIENT,Pet,Client Personal Data,n/a,n/a,Client Personal Data,Cbran,Branch code ,,varchar ( 255 ),,,
709,CLIENT,Pet,Client Personal Data,n/a,n/a,Client Personal Data,Cexec,Client exec code ,,varchar ( 255 ),,,
710,CLIENT,Pet,Client Personal Data,n/a,n/a,Client Personal Data,Cclass,,,varchar ( 255 ),,,
711,CLIENT,Pet,Client Personal Data,n/a,n/a,Client Personal Data,NOP,Highest number of policy lines,,int ( 4 ),,,
712,CLIENT,Pet,Client Personal Data,n/a,n/a,Client Personal Data,Unall,N/A,,float ( 8 ),,,
713,CLIENT,Pet,Client Personal Data,n/a,n/a,Client Personal Data,Aux,Forms part of the client key made up of two criteria screen eample shown opposite.,,varchar ( 255 ),,,
714,CLIENT,Pet,Client Personal Data,n/a,n/a,Client Personal Data,Memo,Bottom of D screen in CDL program one miscellaneous notes,,varchar ( 255 ),,,
715,CLIENT,Pet,Client Personal Data,n/a,n/a,Client Personal Data,FSAClass,FSA class of business I.E R=Retail C=Commercial,,varchar ( 255 ),,,
716,CLIENT,Pet,Client Personal Data,n/a,n/a,Client Personal Data,Field1,Userfield1,,varchar ( 255 ),,,
717,CLIENT,Pet,Client Personal Data,n/a,n/a,Client Personal Data,Field2,Userfield2,,varchar ( 255 ),,,
718,CLIENT,Pet,Client Personal Data,n/a,n/a,Client Personal Data,Field3,Userfield3,,varchar ( 255 ),,,
719,CLIENT,Pet,Client Personal Data,n/a,n/a,Client Personal Data,Field4,Userfield4,,varchar ( 255 ),,,
720,CLIENT,Pet,Client Addiional Details,n/a,n/a,Client Addiional Details,Key,Branch RefPolicy Line Number,,varchar ( 255 ),,,
721,CLIENT,Pet,Client Addiional Details,n/a,n/a,Client Addiional Details,Date,Extract date of the transaction performed on CDL,,datetime ( 8 ),,,
722,CLIENT,Pet,Client Addiional Details,n/a,n/a,Client Addiional Details,Bran,Branch name (Identified by letter),,varchar ( 255 ),,,
723,CLIENT,Pet,Client Addiional Details,n/a,n/a,Client Addiional Details,Client,Client reference for the policy,,int ( 4 ),,,
724,CLIENT,Pet,Client Addiional Details,n/a,n/a,Client Addiional Details,Ref,Client number & line number (I.E 123456- 1),,int ( 4 ),,,
725,CLIENT,Pet,Client Addiional Details,n/a,n/a,Client Addiional Details,Sect,CDL number; Relates to the screen section being viewed,,int ( 4 ),,,
726,CLIENT,Pet,Client Addiional Details,n/a,n/a,Client Addiional Details,Line,,,int ( 4 ),,,
727,CLIENT,Pet,Client Addiional Details,n/a,n/a,Client Addiional Details,CONNAM,Contact name,,varchar ( 255 ),,,
728,CLIENT,Pet,Client Addiional Details,n/a,n/a,Client Addiional Details,CONTCT1,N/A ,,varchar ( 255 ),,,
729,CLIENT,Pet,Client Addiional Details,n/a,n/a,Client Addiional Details,EMAIL,Contacts email address,,varchar ( 255 ),,,
730,CLIENT,Pet,Client Addiional Details,n/a,n/a,Client Addiional Details,EXTNNO,Extension Number,,varchar ( 255 ),,,
731,CLIENT,Pet,Client Addiional Details,n/a,n/a,Client Addiional Details,MOBILE,Mobile Tel No.,,varchar ( 255 ),,,
732,CLIENT,Pet,Client Addiional Details,n/a,n/a,Client Addiional Details,POSITION,Position,,varchar ( 255 ),,,
733,CLIENT,Pet,Client Addiional Details,n/a,n/a,Client Addiional Details,TELNO,Telephone Number ,,varchar ( 255 ),,,
734,CLIENT,Pet,Client Addiional Details,n/a,n/a,Client Addiional Details,WEBADDR,Web address,,varchar ( 255 ),,,
735,CLIENT,Pet,Client Business Details,n/a,n/a,Client Business Details,Key,Branch RefPolicy Line Number,,varchar ( 255 ),,,
736,CLIENT,Pet,Client Business Details,n/a,n/a,Client Business Details,Date,Extract date of the transaction performed on CDL,,datetime ( 8 ),,,
737,CLIENT,Pet,Client Business Details,n/a,n/a,Client Business Details,Bran,Branch name (Identified by letter),,varchar ( 255 ),,,
738,CLIENT,Pet,Client Business Details,n/a,n/a,Client Business Details,Client,Client reference for the policy,,int ( 4 ),,,
739,CLIENT,Pet,Client Business Details,n/a,n/a,Client Business Details,Ref,Client number & line number (I.E 123456- 1),,int ( 4 ),,,
740,CLIENT,Pet,Client Business Details,n/a,n/a,Client Business Details,Sect,CDL number; Relates to the screen section being viewed,,int ( 4 ),,,
741,CLIENT,Pet,Client Business Details,n/a,n/a,Client Business Details,Line,N/A ,,int ( 4 ),,,
742,CLIENT,Pet,Client Business Details,n/a,n/a,Client Business Details,BUSDES1,Business description,,varchar ( 255 ),,,
743,CLIENT,Pet,Client Business Details,n/a,n/a,Client Business Details,BUSDES2,Business description,,varchar ( 255 ),,,
744,CLIENT,Pet,Client Business Details,n/a,n/a,Client Business Details,BUSDES3,Business description,,varchar ( 255 ),,,
745,CLIENT,Pet,Client Business Details,n/a,n/a,Client Business Details,FTITLE1,Full title ,,varchar ( 255 ),,,
746,CLIENT,Pet,Client Business Details,n/a,n/a,Client Business Details,FTITLE2,Full title ,,varchar ( 255 ),,,
747,CLIENT,Pet,Client Business Details,n/a,n/a,Client Business Details,YREST,Year business established,,varchar ( 255 ),,,
748,CLIENT,Pet,Client Company Details,n/a,n/a,Client Company Details,Key,Branch RefPolicy Line Number,,varchar ( 255 ),,,
749,CLIENT,Pet,Client Company Details,n/a,n/a,Client Company Details,Date,Extract date of the transaction performed on CDL,,datetime ( 8 ),,,
750,CLIENT,Pet,Client Company Details,n/a,n/a,Client Company Details,Bran,Branch name (Identified by letter),,varchar ( 255 ),,,
751,CLIENT,Pet,Client Company Details,n/a,n/a,Client Company Details,Client,Client reference for the policy,,int ( 4 ),,,
752,CLIENT,Pet,Client Company Details,n/a,n/a,Client Company Details,Ref,Client number & line number (I.E 123456- 1),,int ( 4 ),,,
753,CLIENT,Pet,Client Company Details,n/a,n/a,Client Company Details,Sect,CDL number; Relates to the screen section being viewed,,int ( 4 ),,,
754,CLIENT,Pet,Client Company Details,n/a,n/a,Client Company Details,Line,N/A ,,int ( 4 ),,,
755,CLIENT,Pet,Client Company Details,n/a,n/a,Client Company Details,COREG,Company registered number ,,varchar ( 255 ),,,
756,CLIENT,Pet,Client Company Details,n/a,n/a,Client Company Details,SUBCO1,Subsidiary Co. 1 ,,varchar ( 255 ),,,
757,CLIENT,Pet,Client Company Details,n/a,n/a,Client Company Details,SUBCO2,Subsidiary Co. 2   ,,varchar ( 255 ),,,
758,CLIENT,Pet,Client Company Details,n/a,n/a,Client Company Details,SUBDES1,Business Desc.,,varchar ( 255 ),,,
759,CLIENT,Pet,Client Company Details,n/a,n/a,Client Company Details,SUBDES2,Business Desc.,,varchar ( 255 ),,,
760,CLIENT,Pet,Internet / Mailing ,n/a,n/a,Internet / Mailing ,Key,Branch RefPolicy Line Number,,varchar ( 255 ),,,
761,CLIENT,Pet,Internet / Mailing ,n/a,n/a,Internet / Mailing ,Date,Extract date of the transaction performed on CDL,,datetime ( 8 ),,,
762,CLIENT,Pet,Internet / Mailing ,n/a,n/a,Internet / Mailing ,Bran,Branch name (Identified by letter),,varchar ( 255 ),,,
763,CLIENT,Pet,Internet / Mailing ,n/a,n/a,Internet / Mailing ,Client,Client reference for the policy,,int ( 4 ),,,
764,CLIENT,Pet,Internet / Mailing ,n/a,n/a,Internet / Mailing ,Ref,Client number & line number (I.E 123456- 1),,int ( 4 ),,,
765,CLIENT,Pet,Internet / Mailing ,n/a,n/a,Internet / Mailing ,Sect,CDL number; Relates to the screen section being viewed,,int ( 4 ),,,
766,CLIENT,Pet,Internet / Mailing ,n/a,n/a,Internet / Mailing ,Line,N/A ,,int ( 4 ),,,
767,CLIENT,Pet,Internet / Mailing ,n/a,n/a,Internet / Mailing ,EMAIL,Email address,,varchar ( 255 ),,,
768,CLIENT,Pet,Internet / Mailing ,n/a,n/a,Internet / Mailing ,HOME,N/A ,,varchar ( 255 ),,,
769,CLIENT,Pet,Internet / Mailing ,n/a,n/a,Internet / Mailing ,LETTER,N/A ,,varchar ( 255 ),,,
770,CLIENT,Pet,Internet / Mailing ,n/a,n/a,Internet / Mailing ,PASSWORD,,,varchar ( 255 ),,,
771,CLIENT,Pet,Internet / Mailing ,n/a,n/a,Internet / Mailing ,USERNAME,,,varchar ( 255 ),,,
772,CLIENT,Pet,Internet / Mailing ,n/a,n/a,Internet / Mailing ,WEBADDR,Clients email address if recorded by the operator,,varchar ( 255 ),,,
773,CLIENT,Pet,Internet / Mailing ,n/a,n/a,Internet / Mailing ,WORK,,,varchar ( 255 ),,,
774,POLICY,Pet,FNOL ,n/a,n/a,FNOL ,Key,Branch RefPolicy Line Number,,varchar ( 255 ),,,
775,POLICY,Pet,FNOL ,n/a,n/a,FNOL ,Date,Extract date of the transaction performed on CDL,,datetime ( 8 ),,,
776,POLICY,Pet,FNOL ,n/a,n/a,FNOL ,Bran,Branch name (Identified by letter),,varchar ( 255 ),,,
777,POLICY,Pet,FNOL ,n/a,n/a,FNOL ,Client,Client reference for the policy,,int ( 4 ),,,
778,POLICY,Pet,FNOL ,n/a,n/a,FNOL ,Ref,Client number & line number (I.E 123456- 1),,int ( 4 ),,,
779,POLICY,Pet,FNOL ,n/a,n/a,FNOL ,Ptype,Policy type identified by alpha numeric digits in correspondence with the PX tables PX1=PC PX2=MC etc,,varchar ( 255 ),,,
780,POLICY,Pet,FNOL ,n/a,n/a,FNOL ,Co,Insurance Company code (I.E HX  for provident) ,,varchar ( 255 ),,,
781,POLICY,Pet,FNOL ,n/a,n/a,FNOL ,Pol,Policy Number,,varchar ( 255 ),,,
782,POLICY,Pet,FNOL ,n/a,n/a,FNOL ,Pexec,Operators user code ,,varchar ( 255 ),,,
783,POLICY,Pet,FNOL ,n/a,n/a,FNOL ,Sub,N/A,,varchar ( 255 ),,,
784,POLICY,Pet,FNOL ,n/a,n/a,FNOL ,Split,N/A,,float ( 8 ),,,
785,POLICY,Pet,FNOL ,n/a,n/a,FNOL ,HostNo,Policy line number the claim is attached to,,int ( 4 ),,,
786,POLICY,Pet,FNOL ,n/a,n/a,FNOL ,HostPT,The Host PT I.E PC; follows the Host Policy Ref,,varchar ( 255 ),,,
787,POLICY,Pet,FNOL ,n/a,n/a,FNOL ,Incep,Inception date of the policy,,datetime ( 8 ),,,
788,POLICY,Pet,FNOL ,n/a,n/a,FNOL ,Renewal,Renewal date of the policy ,,datetime ( 8 ),,,
789,POLICY,Pet,FNOL ,n/a,n/a,FNOL ,Scheme,Insurers scheme code,,varchar ( 255 ),,,
790,POLICY,Pet,FNOL ,n/a,n/a,FNOL ,Pay,Payment type I.E Cash or Installment,,varchar ( 255 ),,,
791,POLICY,Pet,FNOL ,n/a,n/a,FNOL ,VAT,VAT,,varchar ( 255 ),,,
792,POLICY,Pet,FNOL ,n/a,n/a,FNOL ,ClaimRef,Claim reference number or contact ,,varchar ( 255 ),,,
793,POLICY,Pet,FNOL ,n/a,n/a,FNOL ,IncDate,Date incident occurred ,,datetime ( 8 ),,,
794,POLICY,Pet,FNOL ,n/a,n/a,FNOL ,IncTime,Time incident occurred ,,datetime ( 8 ),,,
795,POLICY,Pet,FNOL ,n/a,n/a,FNOL ,Reported,Date claim reported ,,datetime ( 8 ),,,
796,POLICY,Pet,FNOL ,n/a,n/a,FNOL ,Status,Status of the claim I.E N=New etc,,varchar ( 255 ),,,
797,POLICY,Pet,FNOL ,n/a,n/a,FNOL ,EstCost,Estimated claim cost,,money ( 8 ),,,
798,POLICY,Pet,FNOL ,n/a,n/a,FNOL ,Paid,Amount of claim paid to date ,,money ( 8 ),,,
799,POLICY,Pet,FNOL ,n/a,n/a,FNOL ,Reserve,Reserve amount held for the claim,,money ( 8 ),,,
800,POLICY,Pet,FNOL ,n/a,n/a,FNOL ,Settled,Date claim was settled ,,datetime ( 8 ),,,
801,POLICY,Pet,FNOL ,n/a,n/a,FNOL ,Final,Final settlement amount,,money ( 8 ),,,
802,POLICY,Pet,FNOL ,n/a,n/a,FNOL ,Balance,N/A,,money ( 8 ),,,
803,POLICY,Pet,FNOL ,n/a,n/a,FNOL ,LTranDat,N/A,,datetime ( 8 ),,,
804,POLICY,Pet,FNOL ,n/a,n/a,FNOL ,Inv,N/A,,int ( 4 ),,,
805,POLICY,Pet,FNOL ,n/a,n/a,FNOL ,URev,N/A,,varchar ( 255 ),,,
806,POLICY,Pet,Risk Data,n/a,n/a,Risk Data,Key,Branch RefPolicy Line Number,,varchar ( 255 ),,,
807,POLICY,Pet,Risk Data,n/a,n/a,Risk Data,Date,Extract date of the transaction performed on CDL,,datetime ( 8 ),,,
808,POLICY,Pet,Risk Data,n/a,n/a,Risk Data,Bran,Branch name (Identified by letter),,varchar ( 255 ),,,
809,POLICY,Pet,Risk Data,n/a,n/a,Risk Data,Client,Client reference for the policy,,int ( 4 ),,,
810,POLICY,Pet,Risk Data,n/a,n/a,Risk Data,Ref,Client number & line number (I.E 123456- 1),,int ( 4 ),,,
811,POLICY,Pet,Risk Data,n/a,n/a,Risk Data,AGEMTH,Age in mths,,varchar ( 255 ),,,
812,POLICY,Pet,Risk Data,n/a,n/a,Risk Data,AGER,,,varchar ( 255 ),,,
813,POLICY,Pet,Risk Data,n/a,n/a,Risk Data,AGEYR,Age in years ,,varchar ( 255 ),,,
814,POLICY,Pet,Risk Data,n/a,n/a,Risk Data,AGGRESS,Aggressive tendencies ,,varchar ( 255 ),,,
815,POLICY,Pet,Risk Data,n/a,n/a,Risk Data,AREAR,Area Rating,,varchar ( 255 ),,,
816,POLICY,Pet,Risk Data,n/a,n/a,Risk Data,BREED,Breed of the dog or cat,,varchar ( 255 ),,,
817,POLICY,Pet,Risk Data,n/a,n/a,Risk Data,BREEDR,,,varchar ( 255 ),,,
818,POLICY,Pet,Risk Data,n/a,n/a,Risk Data,CODE,Coded selection number for the breed,,varchar ( 255 ),,,
819,POLICY,Pet,Risk Data,n/a,n/a,Risk Data,COINS,N/A,,varchar ( 255 ),,,
820,POLICY,Pet,Risk Data,n/a,n/a,Risk Data,COINSV,This is a percentage amount that relates to the amount the insured will need to pay of the remaining claim amount less the policy excess in the event of having to claim against the policy. ,,varchar ( 255 ),,,
821,POLICY,Pet,Risk Data,n/a,n/a,Risk Data,DESC,Colour + description of pet,,varchar ( 255 ),,,
822,POLICY,Pet,Risk Data,n/a,n/a,Risk Data,DOB,Pets date of birth,,varchar ( 255 ),,,
823,POLICY,Pet,Risk Data,n/a,n/a,Risk Data,EXCESS2,Compulsory policy excess applicable to any claim,,varchar ( 255 ),,,
824,POLICY,Pet,Risk Data,n/a,n/a,Risk Data,GUARD,Is the dog used as a guard or racing dog ,,varchar ( 255 ),,,
825,POLICY,Pet,Risk Data,n/a,n/a,Risk Data,LEGAL,Any legal proceedings brought against the owner,,varchar ( 255 ),,,
826,POLICY,Pet,Risk Data,n/a,n/a,Risk Data,NAME,Pet Name,,varchar ( 255 ),,,
827,POLICY,Pet,Risk Data,n/a,n/a,Risk Data,POLYRS,,,varchar ( 255 ),,,
828,POLICY,Pet,Risk Data,n/a,n/a,Risk Data,PPRICE,Pet purchase price ,,varchar ( 255 ),,,
829,POLICY,Pet,Risk Data,n/a,n/a,Risk Data,PRODC,Insurers product code,,varchar ( 255 ),,,
830,POLICY,Pet,Risk Data,n/a,n/a,Risk Data,SCODE,Insurers scheme code ,,varchar ( 255 ),,,
831,POLICY,Pet,Risk Data,n/a,n/a,Risk Data,SENDOR,Overriding system endorsements ,,varchar ( 255 ),,,
832,POLICY,Pet,Risk Data,n/a,n/a,Risk Data,SEX,Male/Female,,varchar ( 255 ),,,
833,POLICY,Pet,Risk Data,n/a,n/a,Risk Data,TAGGED,Is the pet electronically chipped or tagged (Yes or No) ,,varchar ( 255 ),,,
834,POLICY,Pet,Risk Data,n/a,n/a,Risk Data,TAGNO,Micro chip number ,,varchar ( 255 ),,,
835,POLICY,Pet,Risk Data,n/a,n/a,Risk Data,TYPE,Pet type I.E Cat Dog etc,,varchar ( 255 ),,,
836,POLICY,Pet,Risk Data,n/a,n/a,Risk Data,VOLXS,Voluntary excess applicable to any claim,,varchar ( 255 ),,,
837,CLIENT,Pet,Marketing,n/a,n/a,Marketing,Key,Branch RefPolicy Line Number,,varchar ( 255 ),,,
838,CLIENT,Pet,Marketing,n/a,n/a,Marketing,Date,Extract date of the transaction performed on CDL,,datetime ( 8 ),,,
839,CLIENT,Pet,Marketing,n/a,n/a,Marketing,Bran,Branch name (Identified by letter),,varchar ( 255 ),,,
840,CLIENT,Pet,Marketing,n/a,n/a,Marketing,Client,Client reference for the policy,,int ( 4 ),,,
841,CLIENT,Pet,Marketing,n/a,n/a,Marketing,Ref,Client number & line number (I.E 123456- 1),,int ( 4 ),,,
842,CLIENT,Pet,Marketing,n/a,n/a,Marketing,Sect,CDL number; Relates to the screen section being viewed,,int ( 4 ),,,
843,CLIENT,Pet,Marketing,n/a,n/a,Marketing,Line,,,int ( 4 ),,,
844,CLIENT,Pet,Marketing,n/a,n/a,Marketing,MCODE,Marketing code ,,varchar ( 255 ),,,
845,CLIENT,Pet,Marketing,n/a,n/a,Marketing,MCODED,Marketing code description (Adjacent to the4 letter marketing code in CDL ),,varchar ( 255 ),,,
846,CLIENT,Pet,Marketing,n/a,n/a,Marketing,MDISC,,,varchar ( 255 ),,,
847,CLIENT,Pet,Marketing,n/a,n/a,Marketing,MDISCP,Discount percentage applied for marketing promotions,,varchar ( 255 ),,,
848,CLIENT,Pet,Marketing,n/a,n/a,Marketing,MPREM,TBC,,varchar ( 255 ),,,
849,POLICY,Pet,Endorsements,n/a,n/a,Endorsements,Key,Branch RefPolicy Line Number,,varchar ( 255 ),,,
850,POLICY,Pet,Endorsements,n/a,n/a,Endorsements,Date,Extract date of the transaction performed on CDL,,datetime ( 8 ),,,
851,POLICY,Pet,Endorsements,n/a,n/a,Endorsements,Bran,Branch name (Identified by letter),,varchar ( 255 ),,,
852,POLICY,Pet,Endorsements,n/a,n/a,Endorsements,Client,Client reference for the policy,,int ( 4 ),,,
853,POLICY,Pet,Endorsements,n/a,n/a,Endorsements,Ref,Client number & line number (I.E 123456- 1),,int ( 4 ),,,
854,POLICY,Pet,Endorsements,n/a,n/a,Endorsements,Sect,CDL number; Relates to the screen section being viewed,,int ( 4 ),,,
855,POLICY,Pet,Endorsements,n/a,n/a,Endorsements,Line,,,int ( 4 ),,,
856,POLICY,Pet,Endorsements,n/a,n/a,Endorsements,ECODE,System endorsment code ,,varchar ( 255 ),,,
857,POLICY,Pet,Endorsements,n/a,n/a,Endorsements,EDESC,Description of the policy endorsment,,varchar ( 255 ),,,
858,POLICY,Pet,Endorsements,n/a,n/a,Endorsements,EDRVRS,N/A,,varchar ( 255 ),,,
859,POLICY,Pet,Endorsements,n/a,n/a,Endorsements,ETCODE,N/A,,varchar ( 255 ),,,
860,POLICY,Pet,Endorsements,n/a,n/a,Endorsements,EVAL,Endorsment value,,varchar ( 255 ),,,
861,POLICY,Pet,Ailments,n/a,n/a,Ailments,Key,Branch RefPolicy Line Number,,varchar ( 255 ),,,
862,POLICY,Pet,Ailments,n/a,n/a,Ailments,Date,Extract date of the transaction performed on CDL,,datetime ( 8 ),,,
863,POLICY,Pet,Ailments,n/a,n/a,Ailments,Bran,Branch name (Identified by letter),,varchar ( 255 ),,,
864,POLICY,Pet,Ailments,n/a,n/a,Ailments,Client,Client reference for the policy,,int ( 4 ),,,
865,POLICY,Pet,Ailments,n/a,n/a,Ailments,Ref,Client number & line number (I.E 123456- 1),,int ( 4 ),,,
866,POLICY,Pet,Ailments,n/a,n/a,Ailments,Sect,CDL number; Relates to the screen section being viewed,,int ( 4 ),,,
867,POLICY,Pet,Ailments,n/a,n/a,Ailments,Line,,,int ( 4 ),,,
868,POLICY,Pet,Ailments,n/a,n/a,Ailments,AILCOST,Ailment/Claim costs,,varchar ( 255 ),,,
869,POLICY,Pet,Ailments,n/a,n/a,Ailments,AILDATE,Date ailment occurred ,,varchar ( 255 ),,,
870,POLICY,Pet,Ailments,n/a,n/a,Ailments,AILDESC,Description of ailment/condition ,,varchar ( 255 ),,,
871,POLICY,Pet,Ailments,n/a,n/a,Ailments,AILMENT,Numerical code relating to the ailement/condition,,varchar ( 255 ),,,
872,POLICY,Pet,Ailments,n/a,n/a,Ailments,AILMENTNO,Relates to the listed number of pet ailments on the policy record,,varchar ( 255 ),,,
873,POLICY,Pet,Ailments,n/a,n/a,Ailments,ASTATUS,Letter denoting the status of the ailment,,varchar ( 255 ),,,
874,POLICY,Pet,Ailments,n/a,n/a,Ailments,ASTATUSD,Description for the status of the  ailment example shown opposite,,varchar ( 255 ),,,
875,POLICY,Pet,Ailments,n/a,n/a,Ailments,CSTATUS,Status of the claim identified by letter,,varchar ( 255 ),,,
876,POLICY,Pet,Ailments,n/a,n/a,Ailments,CSTATUSD,Description for the status of the  claim,,varchar ( 255 ),,,
877,POLICY,Pet,Ailments,n/a,n/a,Ailments,CURRPOL,Did the claim occur during the current policy term,,varchar ( 255 ),,,
878,POLICY,Pet,Ailments,n/a,n/a,Ailments,DETAILS1,Free format additional claim details ,,varchar ( 255 ),,,
879,POLICY,Pet,Ailments,n/a,n/a,Ailments,DETAILS2,Free format additional claim details ,,varchar ( 255 ),,,
880,POLICY,Pet,Ailments,n/a,n/a,Ailments,DETAILS3,Free format additional claim details ,,varchar ( 255 ),,,
881,POLICY,Pet,Premium Breakdown,n/a,n/a,Premium Breakdown,Key,Branch RefPolicy Line Number,,varchar ( 255 ),,,
882,POLICY,Pet,Premium Breakdown,n/a,n/a,Premium Breakdown,Date,Extract date of the transaction performed on CDL,,datetime ( 8 ),,,
883,POLICY,Pet,Premium Breakdown,n/a,n/a,Premium Breakdown,Bran,Branch name (Identified by letter),,varchar ( 255 ),,,
884,POLICY,Pet,Premium Breakdown,n/a,n/a,Premium Breakdown,Client,Client reference for the policy,,int ( 4 ),,,
885,POLICY,Pet,Premium Breakdown,n/a,n/a,Premium Breakdown,Ref,Client number & line number (I.E 123456- 1),,int ( 4 ),,,
886,POLICY,Pet,Premium Breakdown,n/a,n/a,Premium Breakdown,Sect,CDL number; Relates to the screen section being viewed,,int ( 4 ),,,
887,POLICY,Pet,Premium Breakdown,n/a,n/a,Premium Breakdown,Line,,,int ( 4 ),,,
888,POLICY,Pet,Premium Breakdown,n/a,n/a,Premium Breakdown,CALCCODE,Data lines contained in the premium calculations ,,varchar ( 255 ),,,
889,POLICY,Pet,Premium Breakdown,n/a,n/a,Premium Breakdown,CALCDESC,Description of the data field being calculated,,varchar ( 255 ),,,
890,POLICY,Pet,Premium Breakdown,n/a,n/a,Premium Breakdown,CALCVAL,Breakdown calculation of the premium amount by category I.E IPT relates to the Inusrance premium tax field.,,varchar ( 255 ),,,