SchemaName,TableName,Column Name,Data type,Max Length,precision,scale,is_nullable
Callbacks,AffinityCallbackTime,AffinityCode,varchar,50,0,0,0
Callbacks,AffinityCallbackTime,CallbackTimeId,tinyint,1,3,0,0
Callbacks,AffinityCallbackTime,Description,varchar,255,0,0,0
Callbacks,AffinityCallbackTime,ValidFrom,datetime,8,23,3,0
Callbacks,AffinityCallbackTime,ValidTo,datetime,8,23,3,1
comms,AffinityEmail,ActiveDate,date,3,10,0,0
comms,AffinityEmail,AffinityCode,varchar,50,0,0,0
comms,AffinityEmail,AffinityFromEmailAddressID,int,4,10,0,0
comms,AffinityEmail,EmailTypeID,int,4,10,0,0
comms,AffinityEmail,ID,int,4,10,0,0
comms,AffinityEmail,InactiveDate,date,3,10,0,1
comms,AffinityEmail,isHidden,bit,1,1,0,0
comms,AffinityEmail,LayoutID,int,4,10,0,0
comms,AffinityEmail,SubjectText,varchar,250,0,0,0
comms,AffinityEmailAttachmentType,AffinityEmailID,int,4,10,0,0
comms,AffinityEmailAttachmentType,AttachmentTypeID,int,4,10,0,0
comms,AffinityEmailAttachmentType,ID,int,4,10,0,0
comms,AffinityEmailContent,ActiveDate,date,3,10,0,0
comms,AffinityEmailContent,AffinityEmailID,int,4,10,0,0
comms,AffinityEmailContent,ContentID,int,4,10,0,0
comms,AffinityEmailContent,ID,int,4,10,0,0
comms,AffinityEmailContent,InactiveDate,date,3,10,0,1
comms,AffinityEmailContent,isEditable,bit,1,1,0,0
comms,AffinityFromEmailAddress,AffinityCode,varchar,50,0,0,0
comms,AffinityFromEmailAddress,FromAddress,varchar,250,0,0,0
comms,AffinityFromEmailAddress,ID,int,4,10,0,0
comms,AttachmentType,Alias,varchar,30,0,0,1
comms,AttachmentType,Description,varchar,250,0,0,0
comms,AttachmentType,ID,int,4,10,0,0
comms,AttachmentType,ReportLookupId,int,4,10,0,1
comms,Content,ID,int,4,10,0,0
comms,Content,Ordinal,int,4,10,0,0
comms,Content,TagName,varchar,100,0,0,0
comms,Content,Text,varchar,-1,0,0,0
comms,EmailType,Description,varchar,250,0,0,0
comms,EmailType,EntityTypeID,int,4,10,0,0
comms,EmailType,ID,int,4,10,0,0
comms,EmailType,ToAddressTypeID,int,4,10,0,0
comms,Footer,ActiveDate,date,3,10,0,0
comms,Footer,FooterTypeID,int,4,10,0,0
comms,Footer,ID,int,4,10,0,0
comms,Footer,InactiveDate,date,3,10,0,1
comms,Footer,Text,varchar,-1,0,0,0
comms,FooterType,ID,int,4,10,0,0
comms,FooterType,TagName,varchar,100,0,0,0
comms,Layout,Description,varchar,250,0,0,1
comms,Layout,ID,int,4,10,0,0
comms,Layout,Text,varchar,-1,0,0,0
Contact,CrossSalePreference,Asked,bit,1,1,0,0
Contact,CrossSalePreference,Created,datetime,8,23,3,0
Contact,CrossSalePreference,ID,int,4,10,0,0
Contact,CrossSalePreference,IsRenewalDateProvided,bit,1,1,0,0
Contact,CrossSalePreference,PolicyId,int,4,10,0,0
Contact,CrossSalePreference,RenewalDate,date,3,10,0,1
Contact,CrossSalePreference,Type,varchar,50,0,0,0
Contact,CrossSalePreference,Username,varchar,50,0,0,0
Contact,Preference,Channel,varchar,50,0,0,0
Contact,Preference,Created,datetime,8,23,3,0
Contact,Preference,Domain,varchar,50,0,0,1
Contact,Preference,Enabled,bit,1,1,0,0
Contact,Preference,Identifier,int,4,10,0,0
Contact,Preference,Method,varchar,20,0,0,0
Contact,Preference,Ordinal,int,4,10,0,0
Contact,Preference,Purpose,varchar,20,0,0,0
Contact,Preference,Source,varchar,20,0,0,0
Contact,Preference,Username,varchar,50,0,0,1
CustomerPreferences,ContactPreferences,Created,datetime,8,23,3,0
CustomerPreferences,ContactPreferences,Id,int,4,10,0,0
CustomerPreferences,ContactPreferences,Source,varchar,255,0,0,0
CustomerPreferences,ContactPreferences,SourceIdentifier,nvarchar,510,0,0,0
CustomerPreferences,ContactPreferences,Type,varchar,255,0,0,0
CustomerPreferences,ContactPreferences,Value,nvarchar,510,0,0,0
CustomerPreferences,ContactTypes,Description,varchar,255,0,0,0
CustomerPreferences,ContactTypes,Id,varchar,255,0,0,0
CustomerPreferences,Sources,Description,varchar,255,0,0,0
CustomerPreferences,Sources,Id,varchar,255,0,0,0
dbo,360ServicesAPIAuthTokens,AppName,varchar,255,0,0,0
dbo,360ServicesAPIAuthTokens,ClientName,varchar,255,0,0,0
dbo,360ServicesAPIAuthTokens,GUID,varchar,100,0,0,0
dbo,360ServicesAPIAuthTokens,IsActive,bit,1,1,0,0
dbo,addacs_import,effective_date,date,3,10,0,1
dbo,addacs_import,error_message,varchar,200,0,0,1
dbo,addacs_import,payer_account_number,varbinary,256,0,0,0
dbo,addacs_import,payer_name,varbinary,256,0,0,0
dbo,addacs_import,payer_new_account_number,varbinary,256,0,0,1
dbo,addacs_import,payer_new_name,varbinary,256,0,0,1
dbo,addacs_import,payer_new_sort_code,varbinary,256,0,0,1
dbo,addacs_import,payer_sort_code,varbinary,256,0,0,0
dbo,addacs_import,policy_id,int,4,10,0,0
dbo,addacs_import,reason_code,char,1,0,0,0
dbo,addacs_import,reason_description,varchar,100,0,0,1
dbo,addacs_import,reviewed,bit,1,1,0,0
dbo,addacs_import,valid_policy_id,bit,1,1,0,1
dbo,addacs_import_temporary,effective_date,smalldatetime,4,16,0,0
dbo,addacs_import_temporary,error_message,varchar,200,0,0,1
dbo,addacs_import_temporary,has_error,bit,1,1,0,0
dbo,addacs_import_temporary,payer_account_number,varbinary,256,0,0,0
dbo,addacs_import_temporary,payer_name,varbinary,256,0,0,0
dbo,addacs_import_temporary,payer_new_account_number,varbinary,256,0,0,1
dbo,addacs_import_temporary,payer_new_name,varbinary,256,0,0,1
dbo,addacs_import_temporary,payer_new_sort_code,varbinary,256,0,0,1
dbo,addacs_import_temporary,payer_sort_code,varbinary,256,0,0,0
dbo,addacs_import_temporary,policy_id,int,4,10,0,0
dbo,addacs_import_temporary,reason_code,char,1,0,0,0
dbo,addacs_import_temporary,reason_description,varchar,100,0,0,1
dbo,addacs_import_temporary,valid_policy_id,bit,1,1,0,0
dbo,address_type,description,varchar,64,0,0,1
dbo,address_type,id,int,4,10,0,0
dbo,admin_charge_payments,admin_charge_id,int,4,10,0,0
dbo,admin_charge_payments,amount,decimal,9,10,2,0
dbo,admin_charge_payments,id,int,4,10,0,0
dbo,admin_charge_payments,payment_id,int,4,10,0,0
dbo,admin_charge_unallocated,charge_id,int,4,10,0,0
dbo,admin_charge_unallocated,type,varchar,30,0,0,1
dbo,AFFINITY,active,bit,1,1,0,1
dbo,AFFINITY,aff_ref,varchar,32,0,0,1
dbo,AFFINITY,AffinityCode,varchar,50,0,0,0
dbo,AFFINITY,AffinityOwnerId,int,4,10,0,1
dbo,AFFINITY,AffinityProductName,varchar,256,0,0,1
dbo,AFFINITY,ChequePayee,varchar,50,0,0,1
dbo,AFFINITY,claim_form,varchar,32,0,0,1
dbo,AFFINITY,claim_form_print,bit,1,1,0,1
dbo,AFFINITY,ContactNumber,varchar,50,0,0,1
dbo,AFFINITY,county,varchar,128,0,0,1
dbo,AFFINITY,currency_character,nvarchar,10,0,0,1
dbo,AFFINITY,CustomerServicesNumber,varchar,50,0,0,1
dbo,AFFINITY,Description,varchar,50,0,0,1
dbo,AFFINITY,exclude_conditions,tinyint,1,3,0,1
dbo,AFFINITY,MMPHomePageLink,varchar,500,0,0,1
dbo,AFFINITY,petname_significant,bit,1,1,0,1
dbo,AFFINITY,policy_type_id,int,4,10,0,1
dbo,AFFINITY,postcode,varchar,16,0,0,1
dbo,AFFINITY,street,varchar,128,0,0,1
dbo,AFFINITY,street_2,varchar,128,0,0,1
dbo,AFFINITY,street_3,varchar,128,0,0,1
dbo,AFFINITY,town,varchar,128,0,0,1
dbo,AFFINITY,tpl_claim_form,varchar,32,0,0,1
dbo,AFFINITY,underwriter,varchar,3,0,0,1
dbo,AFFINITY,waiting_period,smallint,2,5,0,0
dbo,AFFINITY,wl_claim_form,varchar,32,0,0,1
dbo,AFFINITY,xml_extent,text,16,0,0,1
dbo,affinity_benefit_detail,affinity_document_id,int,4,10,0,0
dbo,affinity_benefit_detail,benefit_type_id,bigint,8,19,0,0
dbo,affinity_benefit_detail,id,bigint,8,19,0,0
dbo,affinity_benefit_detail,maximum_benefit_amount,money,8,19,4,1
dbo,affinity_benefit_detail,parent_id,bigint,8,19,0,1
dbo,AFFINITY_CONFIG_TYPE,ID,int,4,10,0,0
dbo,AFFINITY_CONFIG_TYPE,Type,nvarchar,100,0,0,0
dbo,AFFINITY_CONFIGURATION,AffinityCode,varchar,50,0,0,0
dbo,AFFINITY_CONFIGURATION,ConfigTypeId,int,4,10,0,1
dbo,AFFINITY_CONFIGURATION,EffectiveDate,datetime,8,23,3,0
dbo,AFFINITY_CONFIGURATION,ID,int,4,10,0,0
dbo,AFFINITY_CONFIGURATION,Value,nvarchar,-1,0,0,0
dbo,affinity_dd,affinity_code,varchar,3,0,0,0
dbo,affinity_dd,dd_form,image,16,0,0,1
dbo,affinity_dd,dd_guarantee,image,16,0,0,1
dbo,affinity_dd,id,int,4,10,0,0
dbo,affinity_dd,updated_systuser_id,int,4,10,0,1
dbo,affinity_dd,updated_timestamp,datetime,8,23,3,1
dbo,affinity_dd,valid_from_date,date,3,10,0,1
dbo,affinity_document,affinity_code,varchar,50,0,0,0
dbo,affinity_document,boarding_deductible,bit,1,1,0,1
dbo,affinity_document,document,image,16,0,0,1
dbo,affinity_document,hol_cxl_deductible,bit,1,1,0,1
dbo,affinity_document,id,int,4,10,0,0
dbo,affinity_document,important_information,image,16,0,0,1
dbo,affinity_document,key_facts,image,16,0,0,1
dbo,affinity_document,max_adv_reward,money,8,19,4,1
dbo,affinity_document,max_boarding_fees,money,8,19,4,1
dbo,affinity_document,max_death_injury,money,8,19,4,1
dbo,affinity_document,max_holiday_cnx,money,8,19,4,1
dbo,affinity_document,max_loss,money,8,19,4,1
dbo,affinity_document,max_tpl,money,8,19,4,1
dbo,affinity_document,max_transport,money,8,19,4,1
dbo,affinity_document,max_vet_fees,money,8,19,4,1
dbo,affinity_document,tpl_excess,money,8,19,4,1
dbo,affinity_document,transport_cost_applies,bit,1,1,0,1
dbo,affinity_document,updated_systuser_id,int,4,10,0,1
dbo,affinity_document,uploaded_date,smalldatetime,4,16,0,0
dbo,affinity_document,valid_from,smalldatetime,4,16,0,0
dbo,affinity_document_audit,affinity_dd_id,int,4,10,0,1
dbo,affinity_document_audit,affinity_document_id,int,4,10,0,1
dbo,affinity_document_audit,affinity_footer_id,int,4,10,0,1
dbo,affinity_document_audit,affinity_ii_id,int,4,10,0,1
dbo,affinity_document_audit,affinity_toba_id,int,4,10,0,1
dbo,affinity_document_audit,description,varchar,100,0,0,0
dbo,affinity_document_audit,document,image,16,0,0,1
dbo,affinity_document_audit,document_text,varchar,-1,0,0,1
dbo,affinity_document_audit,document_text2,varchar,-1,0,0,1
dbo,affinity_document_audit,id,int,4,10,0,0
dbo,affinity_document_audit,updated_datetimestamp,datetime,8,23,3,0
dbo,affinity_document_audit,updated_systuser_id,int,4,10,0,1
dbo,affinity_document_excess,affinity_document_id,int,4,10,0,0
dbo,affinity_document_excess,cont_claim_reapply,bit,1,1,0,1
dbo,affinity_document_excess,default,bit,1,1,0,1
dbo,affinity_document_excess,exclude_vol_xs,bit,1,1,0,1
dbo,affinity_document_excess,id,int,4,10,0,0
dbo,affinity_document_excess,min_excess_amt,money,8,19,4,0
dbo,affinity_document_excess,pct_excess,float,8,53,0,0
dbo,affinity_document_excess,schge_amt,money,8,19,4,0
dbo,affinity_document_excess,updated_systuser_id,int,4,10,0,1
dbo,affinity_document_excess,updated_timestamp,smalldatetime,4,16,0,1
dbo,affinity_document_excess_rule,affinity_document_XS_id,int,4,10,0,0
dbo,affinity_document_excess_rule,cont_claim_reapply,bit,1,1,0,1
dbo,affinity_document_excess_rule,exclude_vol_xs,bit,1,1,0,1
dbo,affinity_document_excess_rule,id,int,4,10,0,0
dbo,affinity_document_excess_rule,min_excess_amt,money,8,19,4,0
dbo,affinity_document_excess_rule,pct_copayment,float,8,53,0,1
dbo,affinity_document_excess_rule,pct_excess,float,8,53,0,0
dbo,affinity_document_excess_rule,pet_sex,char,1,0,0,1
dbo,affinity_document_excess_rule,pet_type,char,1,0,0,1
dbo,affinity_document_excess_rule,rule_condition,varchar,2,0,0,1
dbo,affinity_document_excess_rule,rule_description,varchar,255,0,0,1
dbo,affinity_document_excess_rule,rule_field,varchar,32,0,0,1
dbo,affinity_document_excess_rule,rule_value,varchar,16,0,0,1
dbo,affinity_document_excess_rule,schge_amt,money,8,19,4,0
dbo,affinity_document_rule,affinity_document_id,int,4,10,0,0
dbo,affinity_document_rule,id,int,4,10,0,0
dbo,affinity_document_rule,pet_sex,char,1,0,0,1
dbo,affinity_document_rule,pet_type,char,1,0,0,1
dbo,affinity_document_rule,renewal_sig,bit,1,1,0,0
dbo,affinity_document_rule,rule_condition,varchar,2,0,0,1
dbo,affinity_document_rule,rule_description,varchar,255,0,0,1
dbo,affinity_document_rule,rule_field,varchar,32,0,0,1
dbo,affinity_document_rule,rule_value,varchar,16,0,0,1
dbo,affinity_footer,affinity_code,varchar,3,0,0,0
dbo,affinity_footer,dual_footer,varchar,-1,0,0,1
dbo,affinity_footer,footer,varchar,-1,0,0,1
dbo,affinity_footer,footer_colour,varchar,15,0,0,1
dbo,affinity_footer,id,int,4,10,0,0
dbo,affinity_footer,updated_systuser_id,int,4,10,0,1
dbo,affinity_footer,updated_timestamp,datetime,8,23,3,1
dbo,affinity_footer,valid_from_date,smalldatetime,4,16,0,0
dbo,affinity_ii,affinity_code,varchar,50,0,0,0
dbo,affinity_ii,id,int,4,10,0,0
dbo,affinity_ii,important_information,image,16,0,0,1
dbo,affinity_ii,updated_systuser_id,int,4,10,0,1
dbo,affinity_ii,updated_timestamp,datetime,8,23,3,1
dbo,affinity_ii,valid_from_date,date,3,10,0,1
dbo,affinity_ii,valid_to_date,date,3,10,0,1
dbo,affinity_ii_override,Id,int,4,10,0,0
dbo,affinity_ii_override,NewAffinityIIId,int,4,10,0,0
dbo,affinity_ii_override,OldAffinityIIId,int,4,10,0,0
dbo,affinity_ii_override,SchemeCode,varchar,50,0,0,0
dbo,affinity_owner,county,varchar,128,0,0,1
dbo,affinity_owner,description,varchar,256,0,0,1
dbo,affinity_owner,id,int,4,10,0,0
dbo,affinity_owner,postcode,varchar,16,0,0,1
dbo,affinity_owner,street,varchar,128,0,0,1
dbo,affinity_owner,street_2,varchar,128,0,0,1
dbo,affinity_owner,street_3,varchar,128,0,0,1
dbo,affinity_owner,town,varchar,128,0,0,1
dbo,affinity_product,affinity_code,varchar,50,0,0,1
dbo,affinity_product,effective_date,date,3,10,0,1
dbo,affinity_product,further_info,varchar,128,0,0,1
dbo,affinity_product,product_name,varchar,50,0,0,1
dbo,affinity_schedule,affinity_code,varchar,50,0,0,0
dbo,affinity_schedule,benefit_limit_title,varchar,200,0,0,1
dbo,affinity_schedule,excess_wording,text,16,0,0,1
dbo,affinity_schedule,has_co_payment,bit,1,1,0,1
dbo,affinity_schedule,id,int,4,10,0,0
dbo,affinity_schedule,policy_type_description,varchar,-1,0,0,1
dbo,affinity_schedule,valid_from,date,3,10,0,1
dbo,affinity_telephone_number,affinity_code,varchar,50,0,0,0
dbo,affinity_telephone_number,aggregator_code,varchar,10,0,0,1
dbo,affinity_telephone_number,id,int,4,10,0,0
dbo,affinity_telephone_number,telephone_number,varchar,50,0,0,1
dbo,affinity_telephone_number,telephone_type_id,int,4,10,0,0
dbo,affinity_toba,admin_fee_cancellation,money,8,19,4,1
dbo,affinity_toba,admin_fee_cancellation_cooling,bit,1,1,0,1
dbo,affinity_toba,admin_fee_standard,money,8,19,4,1
dbo,affinity_toba,affinity_code,varchar,3,0,0,0
dbo,affinity_toba,annual_prem_cancel_w_claims_disable,bit,1,1,0,0
dbo,affinity_toba,id,int,4,10,0,0
dbo,affinity_toba,toba,image,16,0,0,1
dbo,affinity_toba,updated_systuser_id,int,4,10,0,1
dbo,affinity_toba,updated_timestamp,datetime,8,23,3,1
dbo,affinity_toba,valid_from_date,date,3,10,0,0
dbo,AffinityCommunicationSystem,AffinityCode,varchar,50,0,0,0
dbo,AffinityCommunicationSystem,CommunicationAreaID,int,4,10,0,0
dbo,AffinityCommunicationSystem,CommunicationSystemTypeID,int,4,10,0,0
dbo,AffinityCommunicationSystem,Id,int,4,10,0,0
dbo,AffinityDocumentExcessBenefitType,AffinityDocumentExcessId,int,4,10,0,0
dbo,AffinityDocumentExcessBenefitType,BenefitTypeId,bigint,8,19,0,0
dbo,AffinityDocumentExcessBenefitType,Id,bigint,8,19,0,0
dbo,AffinityDocumentExcessBenefitType,UsePetAgetAtRenewal,bit,1,1,0,0
dbo,AffinityLiveChat,affinityCode,varchar,3,0,0,0
dbo,AffinityLiveChat,id,int,4,10,0,0
dbo,AffinityLiveChat,liveChatScriptSrc,varchar,-1,0,0,0
dbo,all_letters,Add1,varchar,50,0,0,1
dbo,all_letters,Add2,varchar,50,0,0,1
dbo,all_letters,Add3,varchar,50,0,0,1
dbo,all_letters,Add4,varchar,50,0,0,1
dbo,all_letters,Add5,varchar,50,0,0,1
dbo,all_letters,Body,varchar,8000,0,0,1
dbo,all_letters,letter_desc,varchar,255,0,0,1
dbo,all_letters,Name,varchar,128,0,0,1
dbo,all_letters,PolicyData,varchar,255,0,0,1
dbo,all_letters,PolicyNum,varchar,50,0,0,1
dbo,all_letters,Postcode,varchar,50,0,0,1
dbo,ApiLog,ApplicationMessage,varchar,-1,0,0,1
dbo,ApiLog,ClientId,varchar,50,0,0,0
dbo,ApiLog,CreatedDate,smalldatetime,4,16,0,0
dbo,ApiLog,id,bigint,8,19,0,0
dbo,ApiLog,LogLevel,varchar,50,0,0,0
dbo,ApiLog,StackTrace,varchar,-1,0,0,1
dbo,ApiLog,TraceId,nvarchar,100,0,0,1
dbo,AUDIT,AuditID,int,4,10,0,0
dbo,AUDIT,ClaimID,int,4,10,0,1
dbo,AUDIT,DateTimestamp,datetime,8,23,3,1
dbo,AUDIT,Description,varchar,255,0,0,0
dbo,AUDIT,policy_id,int,4,10,0,1
dbo,AUDIT,quote_id,int,4,10,0,1
dbo,AUDIT,UserID,int,4,10,0,0
dbo,audit_log,company_id,int,4,10,0,1
dbo,audit_log,log_entry_type,int,4,10,0,0
dbo,audit_log,message,varchar,1000,0,0,0
dbo,audit_log,systuser_id,int,4,10,0,0
dbo,audit_log,time_stamp,datetime,8,23,3,0
dbo,audit_orphan,AuditID,int,4,10,0,0
dbo,audit_orphan,ClaimID,int,4,10,0,1
dbo,audit_orphan,DateTimestamp,datetime,8,23,3,1
dbo,audit_orphan,Description,varchar,255,0,0,0
dbo,audit_orphan,payment_id,int,4,10,0,1
dbo,audit_orphan,policy_id,int,4,10,0,1
dbo,audit_orphan,UserID,int,4,10,0,0
dbo,auto_renewal_exception,policy_id,int,4,10,0,0
dbo,AutomatedClaim,AutomatedClaimId,uniqueidentifier,16,0,0,0
dbo,AutomatedClaim,AutomatedClaimStatus,int,4,10,0,0
dbo,AutomatedClaim,ClaimId,int,4,10,0,1
dbo,AutomatedClaim,ClaimReceivedConfirmationSent,bit,1,1,0,0
dbo,AutomatedClaim,CreatedDate,datetime,8,23,3,0
dbo,AutomatedClaim,EmailStatus,int,4,10,0,1
dbo,AutomatedClaim,OutgoingStatus,bit,1,1,0,1
dbo,AutomatedClaim,PolicyNumber,nvarchar,64,0,0,1
dbo,AutomatedClaim,SourceXml,nvarchar,-1,0,0,1
dbo,AutomatedClaim,StatusMessage,varchar,255,0,0,1
dbo,AutomatedClaim,ThirdPartyClaimId,nvarchar,1000,0,0,1
dbo,AutomatedClaim,UpdatedDate,datetime,8,23,3,1
dbo,AutomatedClaimAttachment,AttachmentId,uniqueidentifier,16,0,0,0
dbo,AutomatedClaimAttachment,AutomatedClaimId,uniqueidentifier,16,0,0,0
dbo,AutomatedClaimAttachment,CreatedDate,datetime,8,23,3,0
dbo,AutomatedClaimAttachment,DocuwareId,int,4,10,0,1
dbo,AutomatedClaimAttachment,FileType,varchar,50,0,0,1
dbo,AutomatedClaimClinicalHistoryTemp,ClaimId,int,4,10,0,0
dbo,AutomatedClaimClinicalHistoryTemp,CreatedDate,datetime,8,23,3,0
dbo,AutomatedClaimExceptions,AutomatedClaimId,uniqueidentifier,16,0,0,0
dbo,AutomatedClaimExceptions,Created,datetime,8,23,3,0
dbo,AutomatedClaimExceptions,Detail,varchar,-1,0,0,1
dbo,AutomatedClaimExceptions,Id,int,4,10,0,0
dbo,AutomatedClaimExceptions,SourceXml,varchar,-1,0,0,0
dbo,AutomatedClaimThirdParty,AutomatedClaimId,uniqueidentifier,16,0,0,0
dbo,AutomatedClaimThirdParty,CreatedDate,datetime,8,23,3,0
dbo,AutomatedClaimThirdParty,Endpoint,nvarchar,-1,0,0,1
dbo,AutomatedClaimThirdParty,Request,nvarchar,-1,0,0,1
dbo,AutomatedClaimThirdParty,Response,nvarchar,-1,0,0,1
dbo,AutomatedClaimThirdParty,Type,nvarchar,200,0,0,0
dbo,azure_email_attachment_document,document_name,varchar,260,0,0,1
dbo,azure_email_attachment_document,document_type_id,varchar,20,0,0,0
dbo,azure_email_attachment_document,email_id,int,4,10,0,0
dbo,azure_email_attachment_document,EnKey,varbinary,66,0,0,1
dbo,azure_email_attachment_document,id,int,4,10,0,0
dbo,azure_email_attachment_document,IV,varbinary,34,0,0,1
dbo,azure_letter,AuditID,int,4,10,0,1
dbo,azure_letter,Content,varchar,-1,0,0,1
dbo,azure_letter,EnKey,varbinary,66,0,0,1
dbo,azure_letter,IV,varbinary,34,0,0,1
dbo,azure_letter,LetterID,int,4,10,0,0
dbo,azure_letter,TemplateID,int,4,10,0,1
dbo,bacs_premium_refund,bacs_batch_number,char,15,0,0,1
dbo,bacs_premium_refund,enc_account_name,varbinary,256,0,0,1
dbo,bacs_premium_refund,enc_account_number,varbinary,256,0,0,1
dbo,bacs_premium_refund,enc_sort_code,varbinary,256,0,0,1
dbo,bacs_premium_refund,extracted_date,datetime,8,23,3,1
dbo,bacs_premium_refund,id,int,4,10,0,0
dbo,bacs_premium_refund,reference,varchar,35,0,0,1
dbo,bacs_premium_refund,systuser_id,int,4,10,0,0
dbo,bacs_premium_refund,voided_by_id,int,4,10,0,1
dbo,bacs_premium_refund_batch,BacsRefundAccountFromId,int,4,10,0,0
dbo,bacs_premium_refund_batch,batch_no,char,15,0,0,0
dbo,bacs_premium_refund_batch,datetimestamp,datetime,8,23,3,0
dbo,bacs_premium_refund_batch,payee_count,int,4,10,0,0
dbo,bacs_premium_refund_batch,total_amount,money,8,19,4,0
dbo,bacs_premium_refund_batch,verified_by_systuser_id,int,4,10,0,1
dbo,bacs_premium_refund_batch,verified_datetimestamp,datetime,8,23,3,1
dbo,bacs_premium_refund_notifier,email_address,varchar,255,0,0,1
dbo,bacs_premium_refund_notifier,id,int,4,10,0,0
dbo,bacs_premium_refund_notifier,item_threshold,money,8,19,4,1
dbo,BacsRefundAccountFrom,AccountName,nvarchar,240,0,0,1
dbo,BacsRefundAccountFrom,AccountNumber,nvarchar,40,0,0,1
dbo,BacsRefundAccountFrom,Description,nvarchar,300,0,0,1
dbo,BacsRefundAccountFrom,Id,int,4,10,0,0
dbo,BacsRefundAccountFrom,SortCode,nvarchar,40,0,0,1
dbo,BacsRefundProduct,BacsRefundAccountFromId,int,4,10,0,0
dbo,BacsRefundProduct,Id,int,4,10,0,0
dbo,BacsRefundProduct,ProductId,int,4,10,0,0
dbo,BankHoliday,BankHolidayDate,date,3,10,0,0
dbo,BankName_Lookup,BankId,int,4,10,0,0
dbo,BankName_Lookup,BankName,nvarchar,500,0,0,0
dbo,BankName_Lookup,SortCode,nvarchar,16,0,0,0
dbo,bck_email_attachment_document_01022017,document,image,16,0,0,1
dbo,bck_email_attachment_document_01022017,document_name,varchar,260,0,0,1
dbo,bck_email_attachment_document_01022017,document_type_id,varchar,20,0,0,0
dbo,bck_email_attachment_document_01022017,email_id,int,4,10,0,0
dbo,bck_email_attachment_document_01022017,id,int,4,10,0,0
dbo,bck_report_letter_03042017_ren_transparency,affinity_code,varchar,4,0,0,0
dbo,bck_report_letter_03042017_ren_transparency,effective_date,datetime,8,23,3,0
dbo,bck_report_letter_03042017_ren_transparency,id,int,4,10,0,0
dbo,bck_report_letter_03042017_ren_transparency,letter_end,varchar,-1,0,0,1
dbo,bck_report_letter_03042017_ren_transparency,letter_start,varchar,-1,0,0,1
dbo,bck_report_letter_03042017_ren_transparency,middle_table_title,varchar,200,0,0,1
dbo,bck_report_letter_03042017_ren_transparency,report_letter_type_id,int,4,10,0,0
dbo,bck_report_letter_03042017_ren_transparency,signature,varchar,200,0,0,1
dbo,bck_report_letter_03042017_ren_transparency,signature_image_url,varchar,500,0,0,1
dbo,bck_report_letter_03042017_ren_transparency,table_back_color,varchar,7,0,0,1
dbo,bck_report_letter_03042017_ren_transparency,table_fore_color,varchar,7,0,0,1
dbo,bck20160822_template,active,bit,1,1,0,1
dbo,bck20160822_template,address_type,int,4,10,0,1
dbo,bck20160822_template,affinity_code,varchar,50,0,0,1
dbo,bck20160822_template,BodyText,varchar,8000,0,0,1
dbo,bck20160822_template,dead_lost,tinyint,1,3,0,1
dbo,bck20160822_template,Description,varchar,100,0,0,1
dbo,bck20160822_template,embed_survey,bit,1,1,0,1
dbo,bck20160822_template,FollowUpDays,int,4,10,0,1
dbo,bck20160822_template,FooterId,int,4,10,0,1
dbo,bck20160822_template,HeaderId,int,4,10,0,1
dbo,bck20160822_template,payment,bit,1,1,0,1
dbo,bck20160822_template,Prompt,nvarchar,510,0,0,1
dbo,bck20160822_template,TemplateCode,varchar,20,0,0,1
dbo,bck20160822_template,TemplateID,int,4,10,0,0
dbo,bck20160822_template_policy,active,bit,1,1,0,1
dbo,bck20160822_template_policy,address_type,int,4,10,0,1
dbo,bck20160822_template_policy,AffinityCode,varchar,50,0,0,1
dbo,bck20160822_template_policy,BodyText,varchar,8000,0,0,1
dbo,bck20160822_template_policy,dead_lost,tinyint,1,3,0,1
dbo,bck20160822_template_policy,department,varchar,50,0,0,1
dbo,bck20160822_template_policy,Description,varchar,100,0,0,1
dbo,bck20160822_template_policy,embed_survey,bit,1,1,0,1
dbo,bck20160822_template_policy,FollowUpDays,int,4,10,0,1
dbo,bck20160822_template_policy,FooterId,int,4,10,0,1
dbo,bck20160822_template_policy,HeaderId,int,4,10,0,1
dbo,bck20160822_template_policy,Prompt,nvarchar,510,0,0,1
dbo,bck20160822_template_policy,SubjectLine,varchar,500,0,0,1
dbo,bck20160822_template_policy,TemplateCode,varchar,20,0,0,1
dbo,bck20160822_template_policy,TemplateID,int,4,10,0,0
dbo,BDML_BREEDS,BDML_BREED,varchar,50,0,0,1
dbo,BDML_BREEDS,TYPE,varchar,50,0,0,1
dbo,BDML_BREEDS,UPP_ID,int,4,10,0,0
dbo,BDML_CLAIMS,Above Limit Deduction,varchar,50,0,0,1
dbo,BDML_CLAIMS,Affinity,varchar,50,0,0,1
dbo,BDML_CLAIMS,Amount Claimed,varchar,50,0,0,1
dbo,BDML_CLAIMS,Amount Evaluated,varchar,50,0,0,1
dbo,BDML_CLAIMS,BDML Pet Body Part,varchar,50,0,0,1
dbo,BDML_CLAIMS,Claim Item Description,varchar,50,0,0,1
dbo,BDML_CLAIMS,Claim Number,varchar,50,0,0,1
dbo,BDML_CLAIMS,Claim Payment Status,varchar,50,0,0,1
dbo,BDML_CLAIMS,Column 49,varchar,50,0,0,1
dbo,BDML_CLAIMS,Continuation Claim Flag,varchar,50,0,0,1
dbo,BDML_CLAIMS,Date Claim Received,varchar,50,0,0,1
dbo,BDML_CLAIMS,Dead Lost Indicator,varchar,50,0,0,1
dbo,BDML_CLAIMS,Declined Reason,varchar,50,0,0,1
dbo,BDML_CLAIMS,Deductible Reason 1,varchar,50,0,0,1
dbo,BDML_CLAIMS,Deductible Reason 2,varchar,50,0,0,1
dbo,BDML_CLAIMS,Deductible Reason 3,varchar,50,0,0,1
dbo,BDML_CLAIMS,Deductible Reason 4,varchar,50,0,0,1
dbo,BDML_CLAIMS,Diagnosis,varchar,50,0,0,1
dbo,BDML_CLAIMS,Excess Deduction,varchar,50,0,0,1
dbo,BDML_CLAIMS,Illness Injury,varchar,50,0,0,1
dbo,BDML_CLAIMS,Instructing Company Branch,varchar,50,0,0,1
dbo,BDML_CLAIMS,Insured,varchar,50,0,0,1
dbo,BDML_CLAIMS,Insured Postal Code,varchar,50,0,0,1
dbo,BDML_CLAIMS,Insurer Premium Payment,varchar,50,0,0,1
dbo,BDML_CLAIMS,Loss Date,varchar,50,0,0,1
dbo,BDML_CLAIMS,Loss Incident Type,varchar,50,0,0,1
dbo,BDML_CLAIMS,Loss Section,varchar,50,0,0,1
dbo,BDML_CLAIMS,Original Claim Creation Date,varchar,50,0,0,1
dbo,BDML_CLAIMS,Other Deductions,varchar,50,0,0,1
dbo,BDML_CLAIMS,Payment Amount,varchar,50,0,0,1
dbo,BDML_CLAIMS,Pet breed,varchar,50,0,0,1
dbo,BDML_CLAIMS,Pet date of birth,varchar,50,0,0,1
dbo,BDML_CLAIMS,Pet name,varchar,50,0,0,1
dbo,BDML_CLAIMS,Pet sex,varchar,50,0,0,1
dbo,BDML_CLAIMS,Pet type,varchar,50,0,0,1
dbo,BDML_CLAIMS,Policy,varchar,50,0,0,1
dbo,BDML_CLAIMS,Policy Contract Code,varchar,50,0,0,1
dbo,BDML_CLAIMS,Policy Effective From Date,varchar,50,0,0,1
dbo,BDML_CLAIMS,Policy Inception,varchar,50,0,0,1
dbo,BDML_CLAIMS,Policy Scheme Name,varchar,50,0,0,1
dbo,BDML_CLAIMS,Running Total,varchar,50,0,0,1
dbo,BDML_CLAIMS,Settlement Date,varchar,50,0,0,1
dbo,BDML_CLAIMS,Source Reference,varchar,50,0,0,1
dbo,BDML_CLAIMS,Status,varchar,50,0,0,1
dbo,BDML_CLAIMS,Subclaim Number,varchar,50,0,0,1
dbo,BDML_CLAIMS,Submission Number,varchar,50,0,0,1
dbo,BDML_CLAIMS,Treatment Date From,varchar,50,0,0,1
dbo,BDML_CLAIMS,Treatment Date To,varchar,50,0,0,1
dbo,BDML_CLAIMS,UISAffinity,varchar,3,0,0,1
dbo,BDML_CLAIMS,Vet Postal Code,varchar,50,0,0,1
dbo,BDML_CLAIMS,Vet Practice Name,varchar,50,0,0,1
dbo,BDML_CLIENT,Address line 1,varchar,50,0,0,1
dbo,BDML_CLIENT,Address line 2,varchar,50,0,0,1
dbo,BDML_CLIENT,Address line 3,varchar,50,0,0,1
dbo,BDML_CLIENT,Client first name,varchar,50,0,0,1
dbo,BDML_CLIENT,Client surname,varchar,50,0,0,1
dbo,BDML_CLIENT,Client title,varchar,50,0,0,1
dbo,BDML_CLIENT,ClientRef,int,4,10,0,1
dbo,BDML_CLIENT,County,varchar,50,0,0,1
dbo,BDML_CLIENT,DOB,varchar,50,0,0,1
dbo,BDML_CLIENT,Email address,varchar,50,0,0,1
dbo,BDML_CLIENT,Full Name,varchar,50,0,0,1
dbo,BDML_CLIENT,LineNo,int,4,10,0,1
dbo,BDML_CLIENT,Mail options 1,varchar,50,0,0,1
dbo,BDML_CLIENT,Mail options 2,varchar,50,0,0,1
dbo,BDML_CLIENT,Mobile,varchar,50,0,0,1
dbo,BDML_CLIENT,Net contact,varchar,50,0,0,1
dbo,BDML_CLIENT,Phone 1,varchar,50,0,0,1
dbo,BDML_CLIENT,Phone 2 ,varchar,50,0,0,1
dbo,BDML_CLIENT,Postcode,varchar,50,0,0,1
dbo,BDML_CLIENT,Sex,varchar,50,0,0,1
dbo,BDML_CLIENT,Town,varchar,50,0,0,1
dbo,BDML_CLIENT,UISAffinity,varchar,3,0,0,1
dbo,BDML_POLICY,Affinity,varchar,50,0,0,1
dbo,BDML_POLICY,Bank Name,varchar,50,0,0,1
dbo,BDML_POLICY,ClientRef,int,4,10,0,1
dbo,BDML_POLICY,Direct Debit Date,varchar,50,0,0,1
dbo,BDML_POLICY,Discounts,varchar,50,0,0,1
dbo,BDML_POLICY,enc_account_name,varbinary,256,0,0,1
dbo,BDML_POLICY,enc_account_number,varbinary,256,0,0,1
dbo,BDML_POLICY,enc_account_sort,varbinary,256,0,0,1
dbo,BDML_POLICY,Enquiry Date,varchar,50,0,0,1
dbo,BDML_POLICY,Final D D instlament date for policy term,varchar,50,0,0,1
dbo,BDML_POLICY,Inception Date,varchar,50,0,0,1
dbo,BDML_POLICY,Installments Remaining,varchar,50,0,0,1
dbo,BDML_POLICY,Instalment amount,varchar,50,0,0,1
dbo,BDML_POLICY,LineNo,int,4,10,0,1
dbo,BDML_POLICY,Method of payment,varchar,50,0,0,1
dbo,BDML_POLICY,Multi Pet Flag,varchar,50,0,0,1
dbo,BDML_POLICY,PayType,varchar,50,0,0,1
dbo,BDML_POLICY,Policy,varchar,50,0,0,1
dbo,BDML_POLICY,Policy Frequency,varchar,50,0,0,1
dbo,BDML_POLICY,Policy Level,varchar,50,0,0,1
dbo,BDML_POLICY,Policy Notes,varchar,50,0,0,1
dbo,BDML_POLICY,Policy term,varchar,50,0,0,1
dbo,BDML_POLICY,Premium Price,varchar,50,0,0,1
dbo,BDML_POLICY,Product,varchar,50,0,0,1
dbo,BDML_POLICY,Renewal Date,varchar,50,0,0,1
dbo,BDML_POLICY,Sale Date,varchar,50,0,0,1
dbo,BDML_POLICY,Scheme,varchar,50,0,0,1
dbo,BDML_POLICY,Source Code,varchar,50,0,0,1
dbo,BDML_POLICY,Status,varchar,50,0,0,1
dbo,BDML_POLICY,UISAffinity,varchar,3,0,0,1
dbo,BDML_POLICY,Unique Policy Code,varchar,50,0,0,1
dbo,BDML_POLICY,Voluntary XS,varchar,50,0,0,1
dbo,BDML_RISK,Breed of petbreed,varchar,50,0,0,1
dbo,BDML_RISK,ClientRef,int,4,10,0,1
dbo,BDML_RISK,DOB of pet,varchar,50,0,0,1
dbo,BDML_RISK,LineNo,int,4,10,0,1
dbo,BDML_RISK,Microchipped,varchar,50,0,0,1
dbo,BDML_RISK,Neutered,varchar,50,0,0,1
dbo,BDML_RISK,Pet Type,varchar,50,0,0,1
dbo,BDML_RISK,Pets Name,varchar,50,0,0,1
dbo,BDML_RISK,Purchase Price,varchar,50,0,0,1
dbo,BDML_RISK,Risk Notes,varchar,50,0,0,1
dbo,BDML_RISK,Sex of pet,varchar,50,0,0,1
dbo,BDML_RISK,UISAffinity,varchar,3,0,0,1
dbo,BDML_RISK,Unique Policy Code,varchar,50,0,0,1
dbo,bdml_vet_data,Address 1,varchar,64,0,0,1
dbo,bdml_vet_data,Address 2,varchar,64,0,0,1
dbo,bdml_vet_data,Address 3,varchar,64,0,0,1
dbo,bdml_vet_data,Business Name,varchar,255,0,0,1
dbo,bdml_vet_data,Corporate Group,varchar,500,0,0,1
dbo,bdml_vet_data,Country,varchar,500,0,0,1
dbo,bdml_vet_data,County,varchar,64,0,0,1
dbo,bdml_vet_data,Email,varchar,500,0,0,1
dbo,bdml_vet_data,Fax,varchar,32,0,0,1
dbo,bdml_vet_data,MRCVS,varchar,500,0,0,1
dbo,bdml_vet_data,Number of Vets,varchar,500,0,0,1
dbo,bdml_vet_data,Post Code,varchar,16,0,0,1
dbo,bdml_vet_data,Practice Type,varchar,500,0,0,1
dbo,bdml_vet_data,ResourceListID,int,4,10,0,1
dbo,bdml_vet_data,Tel,varchar,32,0,0,1
dbo,bdml_vet_data,Town,varchar,64,0,0,1
dbo,bdml_vet_data,VAT No,varchar,500,0,0,1
dbo,bdml_vet_data,vetEnvoy Enabled,varchar,500,0,0,1
dbo,benefit_type,ClaimsPartialViewName,varchar,200,0,0,1
dbo,benefit_type,id,bigint,8,19,0,0
dbo,benefit_type,name,nvarchar,200,0,0,0
dbo,benefit_type,ordinal,int,4,10,0,0
dbo,benefit_type_property,id,bigint,8,19,0,0
dbo,benefit_type_property,partial_view,nvarchar,100,0,0,0
dbo,bkp20160709_affinity_document,affinity_code,varchar,50,0,0,0
dbo,bkp20160709_affinity_document,boarding_deductible,bit,1,1,0,1
dbo,bkp20160709_affinity_document,document,image,16,0,0,1
dbo,bkp20160709_affinity_document,hol_cxl_deductible,bit,1,1,0,1
dbo,bkp20160709_affinity_document,id,int,4,10,0,0
dbo,bkp20160709_affinity_document,important_information,image,16,0,0,1
dbo,bkp20160709_affinity_document,key_facts,image,16,0,0,1
dbo,bkp20160709_affinity_document,max_adv_reward,money,8,19,4,1
dbo,bkp20160709_affinity_document,max_boarding_fees,money,8,19,4,1
dbo,bkp20160709_affinity_document,max_death_injury,money,8,19,4,1
dbo,bkp20160709_affinity_document,max_holiday_cnx,money,8,19,4,1
dbo,bkp20160709_affinity_document,max_loss,money,8,19,4,1
dbo,bkp20160709_affinity_document,max_tpl,money,8,19,4,1
dbo,bkp20160709_affinity_document,max_transport,money,8,19,4,1
dbo,bkp20160709_affinity_document,max_vet_fees,money,8,19,4,1
dbo,bkp20160709_affinity_document,tpl_excess,money,8,19,4,1
dbo,bkp20160709_affinity_document,transport_cost_applies,bit,1,1,0,1
dbo,bkp20160709_affinity_document,updated_systuser_id,int,4,10,0,1
dbo,bkp20160709_affinity_document,uploaded_date,smalldatetime,4,16,0,0
dbo,bkp20160709_affinity_document,valid_from,smalldatetime,4,16,0,0
dbo,bkp20160709_affinity_document_excess,affinity_document_id,int,4,10,0,0
dbo,bkp20160709_affinity_document_excess,cont_claim_reapply,bit,1,1,0,1
dbo,bkp20160709_affinity_document_excess,default,bit,1,1,0,1
dbo,bkp20160709_affinity_document_excess,exclude_vol_xs,bit,1,1,0,1
dbo,bkp20160709_affinity_document_excess,id,int,4,10,0,0
dbo,bkp20160709_affinity_document_excess,min_excess_amt,money,8,19,4,0
dbo,bkp20160709_affinity_document_excess,pct_excess,float,8,53,0,0
dbo,bkp20160709_affinity_document_excess,schge_amt,money,8,19,4,0
dbo,bkp20160709_affinity_document_excess,updated_systuser_id,int,4,10,0,1
dbo,bkp20160709_affinity_document_excess,updated_timestamp,smalldatetime,4,16,0,1
dbo,bkp20160709_affinity_document_excess_rule,affinity_document_XS_id,int,4,10,0,0
dbo,bkp20160709_affinity_document_excess_rule,cont_claim_reapply,bit,1,1,0,1
dbo,bkp20160709_affinity_document_excess_rule,exclude_vol_xs,bit,1,1,0,1
dbo,bkp20160709_affinity_document_excess_rule,id,int,4,10,0,0
dbo,bkp20160709_affinity_document_excess_rule,min_excess_amt,money,8,19,4,0
dbo,bkp20160709_affinity_document_excess_rule,pct_copayment,float,8,53,0,1
dbo,bkp20160709_affinity_document_excess_rule,pct_excess,float,8,53,0,0
dbo,bkp20160709_affinity_document_excess_rule,pet_sex,char,1,0,0,1
dbo,bkp20160709_affinity_document_excess_rule,pet_type,char,1,0,0,1
dbo,bkp20160709_affinity_document_excess_rule,rule_condition,varchar,2,0,0,1
dbo,bkp20160709_affinity_document_excess_rule,rule_description,varchar,255,0,0,1
dbo,bkp20160709_affinity_document_excess_rule,rule_field,varchar,32,0,0,1
dbo,bkp20160709_affinity_document_excess_rule,rule_value,varchar,16,0,0,1
dbo,bkp20160709_affinity_document_excess_rule,schge_amt,money,8,19,4,0
dbo,bkp20160709_affinity_document_rule,affinity_document_id,int,4,10,0,0
dbo,bkp20160709_affinity_document_rule,id,int,4,10,0,0
dbo,bkp20160709_affinity_document_rule,pet_sex,char,1,0,0,1
dbo,bkp20160709_affinity_document_rule,pet_type,char,1,0,0,1
dbo,bkp20160709_affinity_document_rule,renewal_sig,bit,1,1,0,0
dbo,bkp20160709_affinity_document_rule,rule_condition,varchar,2,0,0,1
dbo,bkp20160709_affinity_document_rule,rule_description,varchar,255,0,0,1
dbo,bkp20160709_affinity_document_rule,rule_field,varchar,32,0,0,1
dbo,bkp20160709_affinity_document_rule,rule_value,varchar,16,0,0,1
dbo,bkp20160709_call_type,description,varchar,100,0,0,0
dbo,bkp20160709_call_type,id,int,4,10,0,0
dbo,bkp20160709_CLAIM,AdvertCost,float,8,53,0,1
dbo,bkp20160709_CLAIM,AffinityExcessID,int,4,10,0,1
dbo,bkp20160709_CLAIM,BoardingKennelCost,float,8,53,0,1
dbo,bkp20160709_CLAIM,CancelledHolidayCost,float,8,53,0,1
dbo,bkp20160709_CLAIM,ChequeDate,smalldatetime,4,16,0,1
dbo,bkp20160709_CLAIM,ChequeNumberAffinity,nvarchar,100,0,0,1
dbo,bkp20160709_CLAIM,ChequeNumberInsured,nvarchar,100,0,0,1
dbo,bkp20160709_CLAIM,ChequeNumberVet,nvarchar,100,0,0,1
dbo,bkp20160709_CLAIM,ClaimEnteredDate,smalldatetime,4,16,0,1
dbo,bkp20160709_CLAIM,ClaimID,int,4,10,0,0
dbo,bkp20160709_CLAIM,co_payment,float,8,53,0,1
dbo,bkp20160709_CLAIM,dead_lost,bit,1,1,0,1
dbo,bkp20160709_CLAIM,DeathBenefitCost,float,8,53,0,1
dbo,bkp20160709_CLAIM,DeclinedReason,nvarchar,510,0,0,1
dbo,bkp20160709_CLAIM,DeclineReasonID,int,4,10,0,1
dbo,bkp20160709_CLAIM,DeductionAmount1,float,8,53,0,1
dbo,bkp20160709_CLAIM,DeductionAmount2,float,8,53,0,1
dbo,bkp20160709_CLAIM,DeductionAmount3,float,8,53,0,1
dbo,bkp20160709_CLAIM,DeductionReason1,nvarchar,510,0,0,1
dbo,bkp20160709_CLAIM,DeductionReason2,nvarchar,510,0,0,1
dbo,bkp20160709_CLAIM,DeductionReason3,nvarchar,510,0,0,1
dbo,bkp20160709_CLAIM,DeductionsCost,float,8,53,0,1
dbo,bkp20160709_CLAIM,Diagnosis,varchar,255,0,0,1
dbo,bkp20160709_CLAIM,DietBagsCost,float,8,53,0,1
dbo,bkp20160709_CLAIM,DietBagsCount,int,4,10,0,1
dbo,bkp20160709_CLAIM,DietCost,float,8,53,0,1
dbo,bkp20160709_CLAIM,DietName,varchar,50,0,0,1
dbo,bkp20160709_CLAIM,DietTinsCost,float,8,53,0,1
dbo,bkp20160709_CLAIM,DietTinsCount,int,4,10,0,1
dbo,bkp20160709_CLAIM,ExcessCost,float,8,53,0,1
dbo,bkp20160709_CLAIM,ExcessExcludedCost,float,8,53,0,1
dbo,bkp20160709_CLAIM,expenses_cost,float,8,53,0,1
dbo,bkp20160709_CLAIM,FirstOccurrenceDate,date,3,10,0,1
dbo,bkp20160709_CLAIM,IsDietFees,bit,1,1,0,1
dbo,bkp20160709_CLAIM,IsEssential,bit,1,1,0,1
dbo,bkp20160709_CLAIM,IsHouseVisit,bit,1,1,0,1
dbo,bkp20160709_CLAIM,IsNoExcess,bit,1,1,0,1
dbo,bkp20160709_CLAIM,IsPayVet,bit,1,1,0,1
dbo,bkp20160709_CLAIM,last_updated_user_id,int,4,10,0,1
dbo,bkp20160709_CLAIM,LimitDeduction,float,8,53,0,1
dbo,bkp20160709_CLAIM,LossCodeSectionID,nvarchar,4,0,0,1
dbo,bkp20160709_CLAIM,LossCodeSpecificID,int,4,10,0,1
dbo,bkp20160709_CLAIM,OtherCost,float,8,53,0,1
dbo,bkp20160709_CLAIM,PayToAffinityAmt,float,8,53,0,1
dbo,bkp20160709_CLAIM,PayToClaimantAmt,float,8,53,0,1
dbo,bkp20160709_CLAIM,PayToVetAmt,float,8,53,0,1
dbo,bkp20160709_CLAIM,policy_affinity_code,varchar,50,0,0,1
dbo,bkp20160709_CLAIM,policy_inception_date,date,3,10,0,1
dbo,bkp20160709_CLAIM,PolicyAdjustCost,float,8,53,0,1
dbo,bkp20160709_CLAIM,PolicyID,int,4,10,0,0
dbo,bkp20160709_CLAIM,premium_id,int,4,10,0,1
dbo,bkp20160709_CLAIM,premium_id_old,int,4,10,0,1
dbo,bkp20160709_CLAIM,PreviousClaimID,int,4,10,0,1
dbo,bkp20160709_CLAIM,PreviousImportedClaimID,int,4,10,0,1
dbo,bkp20160709_CLAIM,StatusID,int,4,10,0,0
dbo,bkp20160709_CLAIM,StolenLostCost,float,8,53,0,1
dbo,bkp20160709_CLAIM,sub_status_id,int,4,10,0,1
dbo,bkp20160709_CLAIM,SubTotal,float,8,53,0,1
dbo,bkp20160709_CLAIM,Total,float,8,53,0,1
dbo,bkp20160709_CLAIM,TransportCost,float,8,53,0,1
dbo,bkp20160709_CLAIM,Treatment,varchar,255,0,0,1
dbo,bkp20160709_CLAIM,TreatmentCost,float,8,53,0,1
dbo,bkp20160709_CLAIM,TreatmentDateFrom,date,3,10,0,1
dbo,bkp20160709_CLAIM,TreatmentDateTo,date,3,10,0,1
dbo,bkp20160709_CLAIM,VetAddress1,varchar,35,0,0,1
dbo,bkp20160709_CLAIM,VetAddress2,varchar,35,0,0,1
dbo,bkp20160709_CLAIM,VetAddress3,varchar,35,0,0,1
dbo,bkp20160709_CLAIM,VetAddress4,varchar,35,0,0,1
dbo,bkp20160709_CLAIM,VetAddress5,varchar,35,0,0,1
dbo,bkp20160709_CLAIM,VetID,int,4,10,0,1
dbo,bkp20160709_CLAIM,VetPostcode,varchar,10,0,0,1
dbo,bkp20160709_CLAIM,VetPracticeName,varchar,255,0,0,1
dbo,bkp20160709_CLAIM,VetSignatory,varchar,50,0,0,1
dbo,bkp20160709_CLAIM,VetTelephone,varchar,20,0,0,1
dbo,bkp20160709_claim_payment,amount,money,8,19,4,0
dbo,bkp20160709_claim_payment,bacs_batch_number,char,15,0,0,1
dbo,bkp20160709_claim_payment,cancellation_date,datetime,8,23,3,1
dbo,bkp20160709_claim_payment,cancelled_systuser_id,int,4,10,0,1
dbo,bkp20160709_claim_payment,claim_id,int,4,10,0,1
dbo,bkp20160709_claim_payment,clearing_date,date,3,10,0,1
dbo,bkp20160709_claim_payment,clearing_date_systuser_id,int,4,10,0,1
dbo,bkp20160709_claim_payment,datetimestamp,datetime,8,23,3,0
dbo,bkp20160709_claim_payment,enc_account_name,varbinary,256,0,0,1
dbo,bkp20160709_claim_payment,enc_account_number,varbinary,256,0,0,1
dbo,bkp20160709_claim_payment,enc_sort_code,varbinary,256,0,0,1
dbo,bkp20160709_claim_payment,extracted_date,datetime,8,23,3,1
dbo,bkp20160709_claim_payment,id,int,4,10,0,0
dbo,bkp20160709_claim_payment,payee_id,int,4,10,0,0
dbo,bkp20160709_claim_payment,payment_method_id,int,4,10,0,0
dbo,bkp20160709_claim_payment,printed_cheque_payee,varchar,255,0,0,1
dbo,bkp20160709_claim_payment,reason_id,int,4,10,0,0
dbo,bkp20160709_claim_payment,reference,varchar,35,0,0,1
dbo,bkp20160709_claim_payment,systuser_id,int,4,10,0,0
dbo,bkp20160709_claim_payment,voided_by_id,int,4,10,0,1
dbo,bkp20160709_LOSS_CODE_SPECIFIC,Active,tinyint,1,3,0,1
dbo,bkp20160709_LOSS_CODE_SPECIFIC,Affinity,nvarchar,6,0,0,1
dbo,bkp20160709_LOSS_CODE_SPECIFIC,AffinitySpecificID,int,4,10,0,1
dbo,bkp20160709_LOSS_CODE_SPECIFIC,Description,nvarchar,510,0,0,0
dbo,bkp20160709_LOSS_CODE_SPECIFIC,Recurrence,varchar,50,0,0,1
dbo,bkp20160709_LOSS_CODE_SPECIFIC,SpecificID,int,4,10,0,0
dbo,bkp20160709_STATUS,active,bit,1,1,0,1
dbo,bkp20160709_STATUS,Description,varchar,50,0,0,1
dbo,bkp20160709_STATUS,ordinal,int,4,10,0,1
dbo,bkp20160709_STATUS,Renewal,bit,1,1,0,1
dbo,bkp20160709_STATUS,Reportable,bit,1,1,0,1
dbo,bkp20160709_STATUS,Stage,int,4,10,0,1
dbo,bkp20160709_STATUS,StatusID,int,4,10,0,0
dbo,bkp20160709_sub_status,description,varchar,50,0,0,0
dbo,bkp20160709_sub_status,id,int,4,10,0,0
dbo,bkp20160709_sub_status,status_id,int,4,10,0,0
dbo,bkp20160709_tabs,description,varchar,50,0,0,0
dbo,bkp20160709_tabs,divert,int,4,10,0,1
dbo,bkp20160709_tabs,function_id,int,4,10,0,0
dbo,bkp20160709_tabs,id,int,4,10,0,0
dbo,bkp20160709_tabs,misroute,varchar,256,0,0,1
dbo,bkp20160709_tabs,ordinal,int,4,10,0,0
dbo,bkp20160709_tabs,suffix,bit,1,1,0,0
dbo,bkp20160709_tabs,url,varchar,1000,0,0,0
dbo,bkp20160709_TEMPLATE,active,bit,1,1,0,1
dbo,bkp20160709_TEMPLATE,address_type,int,4,10,0,1
dbo,bkp20160709_TEMPLATE,affinity_code,varchar,50,0,0,1
dbo,bkp20160709_TEMPLATE,BodyText,varchar,8000,0,0,1
dbo,bkp20160709_TEMPLATE,dead_lost,tinyint,1,3,0,1
dbo,bkp20160709_TEMPLATE,Description,varchar,100,0,0,1
dbo,bkp20160709_TEMPLATE,embed_survey,bit,1,1,0,1
dbo,bkp20160709_TEMPLATE,FollowUpDays,int,4,10,0,1
dbo,bkp20160709_TEMPLATE,payment,bit,1,1,0,1
dbo,bkp20160709_TEMPLATE,Prompt,nvarchar,510,0,0,1
dbo,bkp20160709_TEMPLATE,TemplateCode,varchar,20,0,0,1
dbo,bkp20160709_TEMPLATE,TemplateID,int,4,10,0,0
dbo,BlacklistedPolicy,PolicyId,int,4,10,0,0
dbo,BlacklistedPolicy,UpdatedDateTime,datetime,8,23,3,0
dbo,breed_excess,AffinityCode,varchar,50,0,0,0
dbo,breed_excess,Breed,varchar,32,0,0,1
dbo,breed_excess,document_id,int,4,10,0,1
dbo,breed_excess,ExcessValue,money,8,19,4,1
dbo,breed_excess,Postcode,varchar,16,0,0,1
dbo,breed_lookup,affinity_code,varchar,3,0,0,1
dbo,breed_lookup,breed,varchar,64,0,0,1
dbo,breed_lookup,description,nchar,128,0,0,1
dbo,breed_lookup,id,int,4,10,0,1
dbo,call_type,description,varchar,100,0,0,0
dbo,call_type,id,int,4,10,0,0
dbo,call_type,ordinal,int,4,10,0,0
dbo,callback,callback_time_id,tinyint,1,3,0,0
dbo,callback,contact_attempts,tinyint,1,3,0,0
dbo,callback,contacted,bit,1,1,0,0
dbo,callback,datetimestamp,datetime,8,23,3,0
dbo,callback,enquiry_detail,varchar,1024,0,0,1
dbo,callback,for_diary_group_id,int,4,10,0,1
dbo,callback,for_systuser_id,int,4,10,0,1
dbo,callback,id,int,4,10,0,0
dbo,callback,last_attempt_datetimestamp,datetime,8,23,3,1
dbo,callback,last_attempt_systuser_id,int,4,10,0,1
dbo,callback,name,varchar,150,0,0,1
dbo,callback,pet_name,varchar,60,0,0,1
dbo,callback,reference,varchar,32,0,0,1
dbo,callback,requested_date,date,3,10,0,0
dbo,callback,systuser_id,int,4,10,0,0
dbo,callback,telephone,varchar,15,0,0,0
dbo,callback_temp,callback_time_id,tinyint,1,3,0,0
dbo,callback_temp,contact_attempts,tinyint,1,3,0,0
dbo,callback_temp,contacted,bit,1,1,0,0
dbo,callback_temp,datetimestamp,datetime,8,23,3,0
dbo,callback_temp,enquiry_detail,varchar,1024,0,0,1
dbo,callback_temp,for_diary_group_id,int,4,10,0,1
dbo,callback_temp,for_systuser_id,int,4,10,0,1
dbo,callback_temp,id,int,4,10,0,0
dbo,callback_temp,last_attempt_datetimestamp,datetime,8,23,3,1
dbo,callback_temp,last_attempt_systuser_id,int,4,10,0,1
dbo,callback_temp,name,varchar,150,0,0,1
dbo,callback_temp,pet_name,varchar,60,0,0,1
dbo,callback_temp,reference,varchar,32,0,0,1
dbo,callback_temp,systuser_id,int,4,10,0,0
dbo,callback_temp,telephone,varchar,15,0,0,0
dbo,callback_time,end_time,time,3,8,0,0
dbo,callback_time,id,tinyint,1,3,0,0
dbo,callback_time,start_time,time,3,8,0,0
dbo,cancellation_reason,active,bit,1,1,0,1
dbo,cancellation_reason,description,nvarchar,100,0,0,0
dbo,cancellation_reason,fee_applies,bit,1,1,0,1
dbo,cancellation_reason,id,int,4,10,0,0
dbo,card_transaction,3DSecureStatus,nvarchar,100,0,0,1
dbo,card_transaction,AddressResult,nvarchar,100,0,0,1
dbo,card_transaction,AVSCV2,nvarchar,100,0,0,1
dbo,card_transaction,CardType,varchar,50,0,0,1
dbo,card_transaction,CAVV,nvarchar,100,0,0,1
dbo,card_transaction,CV2Result,nvarchar,100,0,0,1
dbo,card_transaction,DBStatus,nvarchar,2000,0,0,1
dbo,card_transaction,ExternalID,int,4,10,0,1
dbo,card_transaction,ExternalReference,nvarchar,100,0,0,1
dbo,card_transaction,id,int,4,10,0,0
dbo,card_transaction,Last4Digits,varchar,4,0,0,1
dbo,card_transaction,MessageDump,ntext,16,0,0,1
dbo,card_transaction,PostCodeResult,nvarchar,100,0,0,1
dbo,card_transaction,SecurityKey,nvarchar,100,0,0,1
dbo,card_transaction,TxAuthNo,nvarchar,100,0,0,1
dbo,card_transaction,VendorTxCode,nvarchar,100,0,0,1
dbo,card_transaction,VPSSignature,varchar,50,0,0,1
dbo,card_transaction,VPSTxId,nvarchar,100,0,0,1
dbo,CDL_source,description,varchar,128,0,0,1
dbo,CDL_source,id,int,4,10,0,0
dbo,CDLAffinityBrandMapping,CDLAffinity,char,4,0,0,0
dbo,CDLAffinityBrandMapping,CDLBrand,varchar,50,0,0,0
dbo,CDLAffinityMapping,CDLBranch,varchar,5,0,0,0
dbo,CDLAffinityMapping,CDLBrand,varchar,50,0,0,0
dbo,CDLAffinityMapping,CDLScheme,char,2,0,0,0
dbo,CDLAffinityMapping,CDLSchemeName,varchar,200,0,0,1
dbo,CDLAffinityMapping,MISAffinity,char,4,0,0,0
dbo,CDLAffinityMapping,MisPolicyReferenceFactor,int,4,10,0,1
dbo,CDLAffinityMapping,OriginalAffinity,char,4,0,0,1
dbo,CDLAffinityMapping,SchemeDescription,varchar,200,0,0,1
dbo,CDLBankImportWrk,enc_account_name,varbinary,256,0,0,1
dbo,CDLBankImportWrk,enc_account_number,varbinary,256,0,0,1
dbo,CDLBankImportWrk,enc_sort_code,varbinary,256,0,0,1
dbo,CDLBankImportWrk,Id,int,4,10,0,0
dbo,CDLBankImportWrk,PolicyRef,varchar,256,0,0,0
dbo,CDLBankImportWrk,UniqueClientCode,varchar,256,0,0,0
dbo,CDLBrand,Id,int,4,10,0,0
dbo,CDLBrand,Name,varchar,255,0,0,0
dbo,CDLBreedMapping,AnimalTypeId,int,4,10,0,0
dbo,CDLBreedMapping,CDLBrandId,int,4,10,0,0
dbo,CDLBreedMapping,CDLBreedId,int,4,10,0,0
dbo,CDLBreedMapping,Id,int,4,10,0,0
dbo,CDLBreedMapping,MISBreedId,int,4,10,0,0
dbo,CDLClaimHistoryNotesImportWrk,Affinity,varchar,255,0,0,1
dbo,CDLClaimHistoryNotesImportWrk,ClaimID,int,4,10,0,1
dbo,CDLClaimHistoryNotesImportWrk,CreatedDate,smalldatetime,4,16,0,1
dbo,CDLClaimHistoryNotesImportWrk,Description,varchar,4000,0,0,1
dbo,CDLClaimHistoryNotesImportWrk,ID,int,4,10,0,0
dbo,CDLClaimHistoryNotesImportWrk,NoteType,varchar,255,0,0,1
dbo,CDLClaimHistoryNotesImportWrk,PolicyNumber,varchar,255,0,0,1
dbo,CDLClaimHistoryNotesImportWrk,ProcessedDate,datetime,8,23,3,1
dbo,CDLClaimHistoryNotesImportWrk,Product,varchar,255,0,0,1
dbo,CDLClaimHistoryNotesImportWrk,UploadedDate,datetime,8,23,3,0
dbo,CDLClaimsImportWrk,AboveLimitDeduction,money,8,19,4,1
dbo,CDLClaimsImportWrk,Affinity,varchar,256,0,0,1
dbo,CDLClaimsImportWrk,AmountClaimed,money,8,19,4,1
dbo,CDLClaimsImportWrk,AmountEvaluated,money,8,19,4,1
dbo,CDLClaimsImportWrk,ApprovedDate,date,3,10,0,1
dbo,CDLClaimsImportWrk,AQMatterID,varchar,256,0,0,1
dbo,CDLClaimsImportWrk,BodyPart,varchar,256,0,0,1
dbo,CDLClaimsImportWrk,CDLReference,varchar,256,0,0,1
dbo,CDLClaimsImportWrk,ClaimItemDescription,varchar,256,0,0,1
dbo,CDLClaimsImportWrk,ClaimPaymentStatus,varchar,256,0,0,1
dbo,CDLClaimsImportWrk,ClaimReceivedDate,date,3,10,0,1
dbo,CDLClaimsImportWrk,ClaimStatus,varchar,256,0,0,1
dbo,CDLClaimsImportWrk,ClaimType,varchar,256,0,0,1
dbo,CDLClaimsImportWrk,CoinsuranceDeduction,money,8,19,4,1
dbo,CDLClaimsImportWrk,DatabaseName,varchar,256,0,0,1
dbo,CDLClaimsImportWrk,DateInfoReceived,date,3,10,0,1
dbo,CDLClaimsImportWrk,DateInfoRequested,date,3,10,0,1
dbo,CDLClaimsImportWrk,DeadLost,varchar,20,0,0,1
dbo,CDLClaimsImportWrk,DeclinedReason,varchar,256,0,0,1
dbo,CDLClaimsImportWrk,DeductionReason1,varchar,256,0,0,1
dbo,CDLClaimsImportWrk,DeductionReason2,varchar,256,0,0,1
dbo,CDLClaimsImportWrk,DeductionReason3,varchar,256,0,0,1
dbo,CDLClaimsImportWrk,DeductionReason4,varchar,256,0,0,1
dbo,CDLClaimsImportWrk,ExcessDeduction,money,8,19,4,1
dbo,CDLClaimsImportWrk,FirstSettledDate,date,3,10,0,1
dbo,CDLClaimsImportWrk,Id,int,4,10,0,0
dbo,CDLClaimsImportWrk,Insured,varchar,256,0,0,1
dbo,CDLClaimsImportWrk,InsuredPostcode,varchar,20,0,0,1
dbo,CDLClaimsImportWrk,LossDate,date,3,10,0,1
dbo,CDLClaimsImportWrk,LossIncidentType,varchar,256,0,0,1
dbo,CDLClaimsImportWrk,LossSection,varchar,256,0,0,1
dbo,CDLClaimsImportWrk,OtherDeductions,money,8,19,4,1
dbo,CDLClaimsImportWrk,ParentClaimReceivedDate,date,3,10,0,1
dbo,CDLClaimsImportWrk,ParentMatterID,varchar,256,0,0,1
dbo,CDLClaimsImportWrk,PaymentAmount,money,8,19,4,1
dbo,CDLClaimsImportWrk,PeriodEndDate,date,3,10,0,1
dbo,CDLClaimsImportWrk,PeriodStartDate,date,3,10,0,1
dbo,CDLClaimsImportWrk,PetBreed,varchar,256,0,0,1
dbo,CDLClaimsImportWrk,PetDateOfBirth,date,3,10,0,1
dbo,CDLClaimsImportWrk,PetIdentifier,varchar,255,0,0,1
dbo,CDLClaimsImportWrk,PetName,varchar,256,0,0,1
dbo,CDLClaimsImportWrk,PetSex,varchar,20,0,0,1
dbo,CDLClaimsImportWrk,PetType,varchar,20,0,0,1
dbo,CDLClaimsImportWrk,PolicyEffectiveDate,date,3,10,0,1
dbo,CDLClaimsImportWrk,PolicyInceptionDate,date,3,10,0,1
dbo,CDLClaimsImportWrk,PolicyNumber,varchar,256,0,0,1
dbo,CDLClaimsImportWrk,Premium,money,8,19,4,1
dbo,CDLClaimsImportWrk,ProcessedDate,datetime,8,23,3,1
dbo,CDLClaimsImportWrk,Product,varchar,256,0,0,1
dbo,CDLClaimsImportWrk,RejectionDate,date,3,10,0,1
dbo,CDLClaimsImportWrk,ReportTimeDate,date,3,10,0,1
dbo,CDLClaimsImportWrk,RunningTotal,money,8,19,4,1
dbo,CDLClaimsImportWrk,SAPClaimCode,varchar,256,0,0,1
dbo,CDLClaimsImportWrk,SchemeCode,varchar,256,0,0,1
dbo,CDLClaimsImportWrk,SettlementDate,date,3,10,0,1
dbo,CDLClaimsImportWrk,SLAProcessDays,smallint,2,5,0,1
dbo,CDLClaimsImportWrk,SubClaimNumber,int,4,10,0,1
dbo,CDLClaimsImportWrk,SubmissionNumber,int,4,10,0,1
dbo,CDLClaimsImportWrk,TreatmentEndDate,date,3,10,0,1
dbo,CDLClaimsImportWrk,TreatmentStartDate,date,3,10,0,1
dbo,CDLClaimsImportWrk,Underwriter,varchar,256,0,0,1
dbo,CDLClaimsImportWrk,UploadedDate,datetime,8,23,3,0
dbo,CDLClaimsImportWrk,VeNom_Cause1,nvarchar,600,0,0,1
dbo,CDLClaimsImportWrk,VeNom_Cause2,nvarchar,600,0,0,1
dbo,CDLClaimsImportWrk,VetPostcode,varchar,20,0,0,1
dbo,CDLClaimsImportWrk,VetPractice,varchar,256,0,0,1
dbo,CDLClaimsImportWrkSG,AboveLimitDeduction,money,8,19,4,1
dbo,CDLClaimsImportWrkSG,Affinity,varchar,256,0,0,1
dbo,CDLClaimsImportWrkSG,AmountClaimed,money,8,19,4,1
dbo,CDLClaimsImportWrkSG,AmountEvaluated,money,8,19,4,1
dbo,CDLClaimsImportWrkSG,ApprovedDate,date,3,10,0,1
dbo,CDLClaimsImportWrkSG,AQMatterID,varchar,256,0,0,1
dbo,CDLClaimsImportWrkSG,BodyPart,varchar,256,0,0,1
dbo,CDLClaimsImportWrkSG,CDLReference,varchar,256,0,0,1
dbo,CDLClaimsImportWrkSG,ClaimItemDescription,varchar,256,0,0,1
dbo,CDLClaimsImportWrkSG,ClaimPaymentStatus,varchar,256,0,0,1
dbo,CDLClaimsImportWrkSG,ClaimReceivedDate,date,3,10,0,1
dbo,CDLClaimsImportWrkSG,ClaimStatus,varchar,256,0,0,1
dbo,CDLClaimsImportWrkSG,ClaimType,varchar,256,0,0,1
dbo,CDLClaimsImportWrkSG,DatabaseName,varchar,256,0,0,1
dbo,CDLClaimsImportWrkSG,DateInfoReceived,date,3,10,0,1
dbo,CDLClaimsImportWrkSG,DateInfoRequested,date,3,10,0,1
dbo,CDLClaimsImportWrkSG,DeadLost,varchar,20,0,0,1
dbo,CDLClaimsImportWrkSG,DeclinedReason,varchar,256,0,0,1
dbo,CDLClaimsImportWrkSG,DeductionReason1,varchar,256,0,0,1
dbo,CDLClaimsImportWrkSG,DeductionReason2,varchar,256,0,0,1
dbo,CDLClaimsImportWrkSG,DeductionReason3,varchar,256,0,0,1
dbo,CDLClaimsImportWrkSG,DeductionReason4,varchar,256,0,0,1
dbo,CDLClaimsImportWrkSG,ExcessDeduction,money,8,19,4,1
dbo,CDLClaimsImportWrkSG,FirstSettledDate,date,3,10,0,1
dbo,CDLClaimsImportWrkSG,Id,int,4,10,0,0
dbo,CDLClaimsImportWrkSG,Insured,varchar,256,0,0,1
dbo,CDLClaimsImportWrkSG,InsuredPostcode,varchar,20,0,0,1
dbo,CDLClaimsImportWrkSG,LossDate,date,3,10,0,1
dbo,CDLClaimsImportWrkSG,LossIncidentType,varchar,256,0,0,1
dbo,CDLClaimsImportWrkSG,LossSection,varchar,256,0,0,1
dbo,CDLClaimsImportWrkSG,OtherDeductions,money,8,19,4,1
dbo,CDLClaimsImportWrkSG,ParentClaimReceivedDate,date,3,10,0,1
dbo,CDLClaimsImportWrkSG,ParentMatterID,varchar,256,0,0,1
dbo,CDLClaimsImportWrkSG,PaymentAmount,money,8,19,4,1
dbo,CDLClaimsImportWrkSG,PeriodEndDate,date,3,10,0,1
dbo,CDLClaimsImportWrkSG,PeriodStartDate,date,3,10,0,1
dbo,CDLClaimsImportWrkSG,PetBreed,varchar,256,0,0,1
dbo,CDLClaimsImportWrkSG,PetDateOfBirth,date,3,10,0,1
dbo,CDLClaimsImportWrkSG,PetName,varchar,256,0,0,1
dbo,CDLClaimsImportWrkSG,PetSex,varchar,20,0,0,1
dbo,CDLClaimsImportWrkSG,PetType,varchar,20,0,0,1
dbo,CDLClaimsImportWrkSG,PolicyEffectiveDate,date,3,10,0,1
dbo,CDLClaimsImportWrkSG,PolicyInceptionDate,date,3,10,0,1
dbo,CDLClaimsImportWrkSG,PolicyNumber,varchar,256,0,0,1
dbo,CDLClaimsImportWrkSG,Premium,money,8,19,4,1
dbo,CDLClaimsImportWrkSG,ProcessedDate,datetime,8,23,3,1
dbo,CDLClaimsImportWrkSG,Product,varchar,256,0,0,1
dbo,CDLClaimsImportWrkSG,RejectionDate,date,3,10,0,1
dbo,CDLClaimsImportWrkSG,ReportTimeDate,date,3,10,0,1
dbo,CDLClaimsImportWrkSG,RunningTotal,money,8,19,4,1
dbo,CDLClaimsImportWrkSG,SAPClaimCode,varchar,256,0,0,1
dbo,CDLClaimsImportWrkSG,SchemeCode,varchar,256,0,0,1
dbo,CDLClaimsImportWrkSG,SettlementDate,date,3,10,0,1
dbo,CDLClaimsImportWrkSG,SLAProcessDays,smallint,2,5,0,1
dbo,CDLClaimsImportWrkSG,SubClaimNumber,int,4,10,0,1
dbo,CDLClaimsImportWrkSG,SubmissionNumber,int,4,10,0,1
dbo,CDLClaimsImportWrkSG,TreatmentEndDate,date,3,10,0,1
dbo,CDLClaimsImportWrkSG,TreatmentStartDate,date,3,10,0,1
dbo,CDLClaimsImportWrkSG,Underwriter,varchar,256,0,0,1
dbo,CDLClaimsImportWrkSG,UploadedDate,datetime,8,23,3,0
dbo,CDLClaimsImportWrkSG,VeNom_Cause1,nvarchar,600,0,0,1
dbo,CDLClaimsImportWrkSG,VeNom_Cause2,nvarchar,600,0,0,1
dbo,CDLClaimsImportWrkSG,VetPostcode,varchar,20,0,0,1
dbo,CDLClaimsImportWrkSG,VetPractice,varchar,256,0,0,1
dbo,CDLClientImportWrk,AddressLine1,varchar,256,0,0,1
dbo,CDLClientImportWrk,AddressLine2,varchar,256,0,0,1
dbo,CDLClientImportWrk,Affinity,varchar,256,0,0,1
dbo,CDLClientImportWrk,Branch,varchar,256,0,0,1
dbo,CDLClientImportWrk,ClientFirstName,varchar,256,0,0,1
dbo,CDLClientImportWrk,ClientSurname,varchar,256,0,0,1
dbo,CDLClientImportWrk,ClientTitle,varchar,256,0,0,1
dbo,CDLClientImportWrk,County,varchar,256,0,0,1
dbo,CDLClientImportWrk,DOB,date,3,10,0,1
dbo,CDLClientImportWrk,EmailAddress,varchar,256,0,0,1
dbo,CDLClientImportWrk,FullName,varchar,256,0,0,1
dbo,CDLClientImportWrk,Id,int,4,10,0,0
dbo,CDLClientImportWrk,LoyaltyCardNumber,varchar,255,0,0,1
dbo,CDLClientImportWrk,MailOption1,varchar,256,0,0,1
dbo,CDLClientImportWrk,MailOption2,varchar,256,0,0,1
dbo,CDLClientImportWrk,MaritalStatus,varchar,20,0,0,1
dbo,CDLClientImportWrk,Mobile,varchar,25,0,0,1
dbo,CDLClientImportWrk,NetContact,varchar,256,0,0,1
dbo,CDLClientImportWrk,Phone1,varchar,25,0,0,1
dbo,CDLClientImportWrk,Phone2,varchar,25,0,0,1
dbo,CDLClientImportWrk,Postcode,varchar,20,0,0,1
dbo,CDLClientImportWrk,ProcessedDate,datetime,8,23,3,1
dbo,CDLClientImportWrk,SchemeCode,varchar,256,0,0,1
dbo,CDLClientImportWrk,Sex,varchar,20,0,0,1
dbo,CDLClientImportWrk,StaffMember,varchar,255,0,0,1
dbo,CDLClientImportWrk,Town,varchar,256,0,0,1
dbo,CDLClientImportWrk,Underwritter,varchar,256,0,0,1
dbo,CDLClientImportWrk,UniqueClientCode,varchar,256,0,0,1
dbo,CDLClientImportWrk,UploadedDate,datetime,8,23,3,0
dbo,CDLLossCodeMapping,CDLBrandId,int,4,10,0,0
dbo,CDLLossCodeMapping,CDLLossCode,varchar,255,0,0,0
dbo,CDLLossCodeMapping,Id,int,4,10,0,0
dbo,CDLLossCodeMapping,MISLossCodeId,varchar,2,0,0,0
dbo,CDLLossCodeSpecificMapping,CDLBrandId,int,4,10,0,0
dbo,CDLLossCodeSpecificMapping,CDLLossCodeSpecific,varchar,255,0,0,0
dbo,CDLLossCodeSpecificMapping,Id,int,4,10,0,0
dbo,CDLLossCodeSpecificMapping,MISLossCodeSpecificId,int,4,10,0,0
dbo,CDLPolicyHistoryNotesImportWrk,Affinity,varchar,255,0,0,1
dbo,CDLPolicyHistoryNotesImportWrk,CreatedDate,smalldatetime,4,16,0,1
dbo,CDLPolicyHistoryNotesImportWrk,Description,varchar,4000,0,0,1
dbo,CDLPolicyHistoryNotesImportWrk,ID,int,4,10,0,0
dbo,CDLPolicyHistoryNotesImportWrk,NoteType,varchar,255,0,0,1
dbo,CDLPolicyHistoryNotesImportWrk,PolicyNumber,varchar,255,0,0,1
dbo,CDLPolicyHistoryNotesImportWrk,ProcessedDate,datetime,8,23,3,1
dbo,CDLPolicyHistoryNotesImportWrk,Product,varchar,255,0,0,1
dbo,CDLPolicyHistoryNotesImportWrk,UploadedDate,datetime,8,23,3,0
dbo,CDLPolicyImportWrk,AccountName,varchar,256,0,0,1
dbo,CDLPolicyImportWrk,AccountNumber,varchar,256,0,0,1
dbo,CDLPolicyImportWrk,Affinity,varchar,256,0,0,1
dbo,CDLPolicyImportWrk,BankName,varchar,256,0,0,1
dbo,CDLPolicyImportWrk,Branch,varchar,256,0,0,1
dbo,CDLPolicyImportWrk,Channel,varchar,256,0,0,1
dbo,CDLPolicyImportWrk,DirectDebitDate,varchar,256,0,0,1
dbo,CDLPolicyImportWrk,Discounts,varchar,256,0,0,1
dbo,CDLPolicyImportWrk,EnquiryDate,date,3,10,0,1
dbo,CDLPolicyImportWrk,FinalDDInstallmentDate,date,3,10,0,1
dbo,CDLPolicyImportWrk,Id,int,4,10,0,0
dbo,CDLPolicyImportWrk,InceptionDate,date,3,10,0,1
dbo,CDLPolicyImportWrk,InstalmentAmount,money,8,19,4,1
dbo,CDLPolicyImportWrk,MultiPetFlag,varchar,20,0,0,1
dbo,CDLPolicyImportWrk,PaymentMethod,varchar,20,0,0,1
dbo,CDLPolicyImportWrk,PayType,varchar,256,0,0,1
dbo,CDLPolicyImportWrk,PolicyAgeInYears,int,4,10,0,1
dbo,CDLPolicyImportWrk,PolicyFrequency,varchar,256,0,0,1
dbo,CDLPolicyImportWrk,PolicyLevel,varchar,256,0,0,1
dbo,CDLPolicyImportWrk,PolicyNotes,varchar,256,0,0,1
dbo,CDLPolicyImportWrk,PolicyRef,varchar,256,0,0,1
dbo,CDLPolicyImportWrk,PolicyTerm,varchar,256,0,0,1
dbo,CDLPolicyImportWrk,PremiumPrice,money,8,19,4,1
dbo,CDLPolicyImportWrk,ProcessedDate,datetime,8,23,3,1
dbo,CDLPolicyImportWrk,Product,varchar,256,0,0,1
dbo,CDLPolicyImportWrk,RenewalDate,date,3,10,0,1
dbo,CDLPolicyImportWrk,SalesDate,date,3,10,0,1
dbo,CDLPolicyImportWrk,Scheme,varchar,256,0,0,1
dbo,CDLPolicyImportWrk,SortCode,varchar,256,0,0,1
dbo,CDLPolicyImportWrk,SourceCode,varchar,256,0,0,1
dbo,CDLPolicyImportWrk,Status,varchar,256,0,0,1
dbo,CDLPolicyImportWrk,Underwritter,varchar,256,0,0,1
dbo,CDLPolicyImportWrk,UniqueClientCode,varchar,256,0,0,1
dbo,CDLPolicyImportWrk,UniquePolicyCode,varchar,256,0,0,1
dbo,CDLPolicyImportWrk,UploadedDate,datetime,8,23,3,0
dbo,CDLPolicyImportWrk,VoluntaryExcess,varchar,20,0,0,1
dbo,CDLProduct,Description,varchar,256,0,0,1
dbo,CDLProduct,Id,int,4,10,0,0
dbo,CDLRenewalsImportWrk,Affinity,varchar,256,0,0,1
dbo,CDLRenewalsImportWrk,Branch,varchar,256,0,0,1
dbo,CDLRenewalsImportWrk,BreedOfPet,varchar,256,0,0,1
dbo,CDLRenewalsImportWrk,Id,int,4,10,0,0
dbo,CDLRenewalsImportWrk,Microchipped,varchar,20,0,0,1
dbo,CDLRenewalsImportWrk,Neutered,varchar,5,0,0,1
dbo,CDLRenewalsImportWrk,PetDOB,date,3,10,0,1
dbo,CDLRenewalsImportWrk,PetIdentifier,varchar,255,0,0,1
dbo,CDLRenewalsImportWrk,PetName,varchar,256,0,0,1
dbo,CDLRenewalsImportWrk,PetSex,varchar,20,0,0,1
dbo,CDLRenewalsImportWrk,PetType,varchar,256,0,0,1
dbo,CDLRenewalsImportWrk,Policy,varchar,256,0,0,1
dbo,CDLRenewalsImportWrk,PolicyAgeInYears,int,4,10,0,0
dbo,CDLRenewalsImportWrk,ProcessedDate,datetime,8,23,3,1
dbo,CDLRenewalsImportWrk,PurchasePrice,money,8,19,4,1
dbo,CDLRenewalsImportWrk,RiskNotes,varchar,256,0,0,1
dbo,CDLRenewalsImportWrk,SchemeCode,varchar,256,0,0,1
dbo,CDLRenewalsImportWrk,Underwritter,varchar,256,0,0,1
dbo,CDLRenewalsImportWrk,UniqueClientCode,varchar,256,0,0,1
dbo,CDLRenewalsImportWrk,UniquePolicyCode,varchar,256,0,0,1
dbo,CDLRenewalsImportWrk,UploadedDate,datetime,8,23,3,0
dbo,CDLScheme,CDLScheme,char,2,0,0,0
dbo,CDLScheme,cover_id,int,4,10,0,0
dbo,CDLScheme,MISAffinity,char,4,0,0,0
dbo,CDLUploadedFiles,FileName,varchar,500,0,0,1
dbo,CDLUploadedFiles,Id,int,4,10,0,0
dbo,CDLUploadedFiles,ImportType,varchar,256,0,0,1
dbo,CDLUploadedFiles,UploadedTimestamp,datetime,8,23,3,0
dbo,CHARGE,amount,decimal,9,10,2,0
dbo,CHARGE,datetimestamp,smalldatetime,4,16,0,0
dbo,CHARGE,description,nvarchar,100,0,0,1
dbo,CHARGE,id,int,4,10,0,0
dbo,CHARGE,policy_id,int,4,10,0,0
dbo,CHARGE,premium_id,int,4,10,0,1
dbo,CHARGE,source,int,4,10,0,1
dbo,CHARGE,type,char,1,0,0,0
dbo,charge_20150416_descriptions,Description,nvarchar,100,0,0,1
dbo,charge_20150416_descriptions,id,int,4,10,0,0
dbo,charge_20150528_extra_monthly12,amount,decimal,9,10,2,0
dbo,charge_20150528_extra_monthly12,datetimestamp,smalldatetime,4,16,0,0
dbo,charge_20150528_extra_monthly12,description,nvarchar,100,0,0,1
dbo,charge_20150528_extra_monthly12,id,int,4,10,0,0
dbo,charge_20150528_extra_monthly12,policy_id,int,4,10,0,0
dbo,charge_20150528_extra_monthly12,premium_id,int,4,10,0,1
dbo,charge_20150528_extra_monthly12,source,int,4,10,0,1
dbo,charge_20150528_extra_monthly12,type,char,1,0,0,0
dbo,charge_admin_wrong_type_20150501,id,int,4,10,0,0
dbo,charge_admin_wrong_type_20150501,type,char,1,0,0,0
dbo,charge_admin_wrong_type_20150506,id,int,4,10,0,0
dbo,charge_admin_wrong_type_20150506,type,char,1,0,0,0
dbo,CHARGE_Asda_Incident_20211006,amount,decimal,9,10,2,0
dbo,CHARGE_Asda_Incident_20211006,datetimestamp,smalldatetime,4,16,0,0
dbo,CHARGE_Asda_Incident_20211006,description,nvarchar,100,0,0,1
dbo,CHARGE_Asda_Incident_20211006,id,int,4,10,0,0
dbo,CHARGE_Asda_Incident_20211006,policy_id,int,4,10,0,0
dbo,CHARGE_Asda_Incident_20211006,premium_id,int,4,10,0,1
dbo,CHARGE_Asda_Incident_20211006,source,int,4,10,0,1
dbo,CHARGE_Asda_Incident_20211006,type,char,1,0,0,0
dbo,CHARGE_Asda_Incident_20211006_Archive,amount,decimal,9,10,2,0
dbo,CHARGE_Asda_Incident_20211006_Archive,datetimestamp,smalldatetime,4,16,0,0
dbo,CHARGE_Asda_Incident_20211006_Archive,description,nvarchar,100,0,0,1
dbo,CHARGE_Asda_Incident_20211006_Archive,id,int,4,10,0,0
dbo,CHARGE_Asda_Incident_20211006_Archive,policy_id,int,4,10,0,0
dbo,CHARGE_Asda_Incident_20211006_Archive,premium_id,int,4,10,0,1
dbo,CHARGE_Asda_Incident_20211006_Archive,source,int,4,10,0,1
dbo,CHARGE_Asda_Incident_20211006_Archive,type,char,1,0,0,0
dbo,charge_type,description,nvarchar,100,0,0,0
dbo,charge_type,id,char,1,0,0,0
dbo,charge_type,show_to_reports,bit,1,1,0,0
dbo,charge_type,system_only,bit,1,1,0,0
dbo,charge_write_off_working,complete,bit,1,1,0,0
dbo,charge_write_off_working,datetimestamp,datetime,8,23,3,1
dbo,charge_write_off_working,id,int,4,10,0,0
dbo,charge_write_off_working,policy_id,int,4,10,0,0
dbo,cheque_print_queue,address1,varchar,64,0,0,1
dbo,cheque_print_queue,address2,varchar,64,0,0,1
dbo,cheque_print_queue,address3,varchar,64,0,0,1
dbo,cheque_print_queue,address4,varchar,64,0,0,1
dbo,cheque_print_queue,address5,varchar,64,0,0,1
dbo,cheque_print_queue,amount,money,8,19,4,1
dbo,cheque_print_queue,audit_desc,varchar,500,0,0,1
dbo,cheque_print_queue,cheque_num,varchar,100,0,0,1
dbo,cheque_print_queue,claim_id,int,4,10,0,1
dbo,cheque_print_queue,DTUpdated,datetime,8,23,3,1
dbo,cheque_print_queue,id,int,4,10,0,0
dbo,cheque_print_queue,interactive_user,varchar,255,0,0,1
dbo,cheque_print_queue,name,varchar,255,0,0,1
dbo,cheque_print_queue,payee,varchar,255,0,0,1
dbo,cheque_print_queue,policy,varchar,32,0,0,1
dbo,cheque_print_queue,postcode,varchar,16,0,0,1
dbo,cheque_print_queue,print_date,datetime,8,23,3,1
dbo,cheque_print_queue,print_status,int,4,10,0,1
dbo,cheque_print_queue,reason,varchar,255,0,0,1
dbo,cheque_print_queue,user_id,int,4,10,0,1
dbo,CLAIM,AdvertCost,float,8,53,0,1
dbo,CLAIM,AffinityExcessID,int,4,10,0,1
dbo,CLAIM,AlternativeExcessId,varchar,50,0,0,1
dbo,CLAIM,benefit_type_id,bigint,8,19,0,1
dbo,CLAIM,BoardingKennelCost,float,8,53,0,1
dbo,CLAIM,CancelledHolidayCost,float,8,53,0,1
dbo,CLAIM,ChequeDate,smalldatetime,4,16,0,1
dbo,CLAIM,ChequeNumberAffinity,nvarchar,100,0,0,1
dbo,CLAIM,ChequeNumberInsured,nvarchar,100,0,0,1
dbo,CLAIM,ChequeNumberVet,nvarchar,100,0,0,1
dbo,CLAIM,ClaimCheck,varchar,500,0,0,1
dbo,CLAIM,ClaimEnteredDate,smalldatetime,4,16,0,1
dbo,CLAIM,ClaimID,int,4,10,0,0
dbo,CLAIM,ClaimPaymentStatus,smallint,2,5,0,1
dbo,CLAIM,co_payment,float,8,53,0,1
dbo,CLAIM,CoverId,int,4,10,0,1
dbo,CLAIM,dead_lost,bit,1,1,0,1
dbo,CLAIM,DeathBenefitCost,float,8,53,0,1
dbo,CLAIM,DeclinedReason,nvarchar,510,0,0,1
dbo,CLAIM,DeclineReasonID,int,4,10,0,1
dbo,CLAIM,DeductionAmount1,float,8,53,0,1
dbo,CLAIM,DeductionAmount2,float,8,53,0,1
dbo,CLAIM,DeductionAmount3,float,8,53,0,1
dbo,CLAIM,DeductionReason1,nvarchar,510,0,0,1
dbo,CLAIM,DeductionReason2,nvarchar,510,0,0,1
dbo,CLAIM,DeductionReason3,nvarchar,510,0,0,1
dbo,CLAIM,DeductionsCost,float,8,53,0,1
dbo,CLAIM,Diagnosis,varchar,255,0,0,1
dbo,CLAIM,DietBagsCost,float,8,53,0,1
dbo,CLAIM,DietBagsCount,int,4,10,0,1
dbo,CLAIM,DietCost,float,8,53,0,1
dbo,CLAIM,DietName,varchar,50,0,0,1
dbo,CLAIM,DietTinsCost,float,8,53,0,1
dbo,CLAIM,DietTinsCount,int,4,10,0,1
dbo,CLAIM,ExcessCost,float,8,53,0,1
dbo,CLAIM,ExcessExcludedCost,float,8,53,0,1
dbo,CLAIM,expenses_cost,float,8,53,0,1
dbo,CLAIM,FirstOccurrenceDate,date,3,10,0,1
dbo,CLAIM,ForceApplyExcessCopayment,bit,1,1,0,0
dbo,CLAIM,HistoryFrom,datetime,8,23,3,1
dbo,CLAIM,HistoryTo,datetime,8,23,3,1
dbo,CLAIM,InvoiceAmount,decimal,9,10,2,0
dbo,CLAIM,IsDietFees,bit,1,1,0,1
dbo,CLAIM,IsEssential,bit,1,1,0,1
dbo,CLAIM,IsHouseVisit,bit,1,1,0,1
dbo,CLAIM,IsNoExcess,bit,1,1,0,1
dbo,CLAIM,IsPayVet,bit,1,1,0,1
dbo,CLAIM,last_updated_user_id,int,4,10,0,1
dbo,CLAIM,LimitDeduction,float,8,53,0,1
dbo,CLAIM,LossCodeSectionID,nvarchar,4,0,0,1
dbo,CLAIM,LossCodeSpecificID,int,4,10,0,1
dbo,CLAIM,OtherCost,float,8,53,0,1
dbo,CLAIM,PayToAffinityAmt,float,8,53,0,1
dbo,CLAIM,PayToClaimantAmt,float,8,53,0,1
dbo,CLAIM,PayToVetAmt,float,8,53,0,1
dbo,CLAIM,policy_affinity_code,varchar,50,0,0,1
dbo,CLAIM,policy_inception_date,date,3,10,0,1
dbo,CLAIM,PolicyAdjustCost,float,8,53,0,1
dbo,CLAIM,PolicyID,int,4,10,0,0
dbo,CLAIM,premium_id,int,4,10,0,1
dbo,CLAIM,premium_id_old,int,4,10,0,1
dbo,CLAIM,PreviousClaimID,int,4,10,0,1
dbo,CLAIM,PreviousImportedClaimID,int,4,10,0,1
dbo,CLAIM,ReadyToProcess,bit,1,1,0,1
dbo,CLAIM,SplitClaimId,char,36,0,0,1
dbo,CLAIM,SplitCoverCode,varchar,5,0,0,1
dbo,CLAIM,SplitPolicyEndDate,date,3,10,0,1
dbo,CLAIM,SplitPolicyStartDate,date,3,10,0,1
dbo,CLAIM,StatusID,int,4,10,0,0
dbo,CLAIM,StolenLostCost,float,8,53,0,1
dbo,CLAIM,sub_status_id,int,4,10,0,1
dbo,CLAIM,SubTotal,float,8,53,0,1
dbo,CLAIM,SubTotalDeducted,float,8,53,0,1
dbo,CLAIM,ThirdPartyClaimID,nvarchar,510,0,0,1
dbo,CLAIM,ThirdPartySource,int,4,10,0,1
dbo,CLAIM,Total,float,8,53,0,1
dbo,CLAIM,TransportCost,float,8,53,0,1
dbo,CLAIM,Treatment,varchar,255,0,0,1
dbo,CLAIM,TreatmentCost,float,8,53,0,1
dbo,CLAIM,TreatmentDateFrom,date,3,10,0,1
dbo,CLAIM,TreatmentDateTo,date,3,10,0,1
dbo,CLAIM,VetAddress1,varchar,35,0,0,1
dbo,CLAIM,VetAddress2,varchar,35,0,0,1
dbo,CLAIM,VetAddress3,varchar,35,0,0,1
dbo,CLAIM,VetAddress4,varchar,35,0,0,1
dbo,CLAIM,VetAddress5,varchar,35,0,0,1
dbo,CLAIM,VetID,int,4,10,0,1
dbo,CLAIM,VetPostcode,varchar,10,0,0,1
dbo,CLAIM,VetPracticeName,varchar,255,0,0,1
dbo,CLAIM,VetSignatory,varchar,50,0,0,1
dbo,CLAIM,VetTelephone,varchar,20,0,0,1
dbo,CLAIM,VolExcess,money,8,19,4,1
dbo,CLAIM_bck_08092016_1701_rounding,AdvertCost,float,8,53,0,1
dbo,CLAIM_bck_08092016_1701_rounding,AffinityExcessID,int,4,10,0,1
dbo,CLAIM_bck_08092016_1701_rounding,AlternativeExcessId,varchar,50,0,0,1
dbo,CLAIM_bck_08092016_1701_rounding,benefit_type_id,bigint,8,19,0,1
dbo,CLAIM_bck_08092016_1701_rounding,BoardingKennelCost,float,8,53,0,1
dbo,CLAIM_bck_08092016_1701_rounding,CancelledHolidayCost,float,8,53,0,1
dbo,CLAIM_bck_08092016_1701_rounding,ChequeDate,smalldatetime,4,16,0,1
dbo,CLAIM_bck_08092016_1701_rounding,ChequeNumberAffinity,nvarchar,100,0,0,1
dbo,CLAIM_bck_08092016_1701_rounding,ChequeNumberInsured,nvarchar,100,0,0,1
dbo,CLAIM_bck_08092016_1701_rounding,ChequeNumberVet,nvarchar,100,0,0,1
dbo,CLAIM_bck_08092016_1701_rounding,ClaimEnteredDate,smalldatetime,4,16,0,1
dbo,CLAIM_bck_08092016_1701_rounding,ClaimID,int,4,10,0,0
dbo,CLAIM_bck_08092016_1701_rounding,co_payment,float,8,53,0,1
dbo,CLAIM_bck_08092016_1701_rounding,dead_lost,bit,1,1,0,1
dbo,CLAIM_bck_08092016_1701_rounding,DeathBenefitCost,float,8,53,0,1
dbo,CLAIM_bck_08092016_1701_rounding,DeclinedReason,nvarchar,510,0,0,1
dbo,CLAIM_bck_08092016_1701_rounding,DeclineReasonID,int,4,10,0,1
dbo,CLAIM_bck_08092016_1701_rounding,DeductionAmount1,float,8,53,0,1
dbo,CLAIM_bck_08092016_1701_rounding,DeductionAmount2,float,8,53,0,1
dbo,CLAIM_bck_08092016_1701_rounding,DeductionAmount3,float,8,53,0,1
dbo,CLAIM_bck_08092016_1701_rounding,DeductionReason1,nvarchar,510,0,0,1
dbo,CLAIM_bck_08092016_1701_rounding,DeductionReason2,nvarchar,510,0,0,1
dbo,CLAIM_bck_08092016_1701_rounding,DeductionReason3,nvarchar,510,0,0,1
dbo,CLAIM_bck_08092016_1701_rounding,DeductionsCost,float,8,53,0,1
dbo,CLAIM_bck_08092016_1701_rounding,Diagnosis,varchar,255,0,0,1
dbo,CLAIM_bck_08092016_1701_rounding,DietBagsCost,float,8,53,0,1
dbo,CLAIM_bck_08092016_1701_rounding,DietBagsCount,int,4,10,0,1
dbo,CLAIM_bck_08092016_1701_rounding,DietCost,float,8,53,0,1
dbo,CLAIM_bck_08092016_1701_rounding,DietName,varchar,50,0,0,1
dbo,CLAIM_bck_08092016_1701_rounding,DietTinsCost,float,8,53,0,1
dbo,CLAIM_bck_08092016_1701_rounding,DietTinsCount,int,4,10,0,1
dbo,CLAIM_bck_08092016_1701_rounding,ExcessCost,float,8,53,0,1
dbo,CLAIM_bck_08092016_1701_rounding,ExcessExcludedCost,float,8,53,0,1
dbo,CLAIM_bck_08092016_1701_rounding,expenses_cost,float,8,53,0,1
dbo,CLAIM_bck_08092016_1701_rounding,FirstOccurrenceDate,date,3,10,0,1
dbo,CLAIM_bck_08092016_1701_rounding,ForceApplyExcessCopayment,bit,1,1,0,0
dbo,CLAIM_bck_08092016_1701_rounding,IsDietFees,bit,1,1,0,1
dbo,CLAIM_bck_08092016_1701_rounding,IsEssential,bit,1,1,0,1
dbo,CLAIM_bck_08092016_1701_rounding,IsHouseVisit,bit,1,1,0,1
dbo,CLAIM_bck_08092016_1701_rounding,IsNoExcess,bit,1,1,0,1
dbo,CLAIM_bck_08092016_1701_rounding,IsPayVet,bit,1,1,0,1
dbo,CLAIM_bck_08092016_1701_rounding,last_updated_user_id,int,4,10,0,1
dbo,CLAIM_bck_08092016_1701_rounding,LimitDeduction,float,8,53,0,1
dbo,CLAIM_bck_08092016_1701_rounding,LossCodeSectionID,nvarchar,4,0,0,1
dbo,CLAIM_bck_08092016_1701_rounding,LossCodeSpecificID,int,4,10,0,1
dbo,CLAIM_bck_08092016_1701_rounding,OtherCost,float,8,53,0,1
dbo,CLAIM_bck_08092016_1701_rounding,PayToAffinityAmt,float,8,53,0,1
dbo,CLAIM_bck_08092016_1701_rounding,PayToClaimantAmt,float,8,53,0,1
dbo,CLAIM_bck_08092016_1701_rounding,PayToVetAmt,float,8,53,0,1
dbo,CLAIM_bck_08092016_1701_rounding,policy_affinity_code,varchar,50,0,0,1
dbo,CLAIM_bck_08092016_1701_rounding,policy_inception_date,date,3,10,0,1
dbo,CLAIM_bck_08092016_1701_rounding,PolicyAdjustCost,float,8,53,0,1
dbo,CLAIM_bck_08092016_1701_rounding,PolicyID,int,4,10,0,0
dbo,CLAIM_bck_08092016_1701_rounding,premium_id,int,4,10,0,1
dbo,CLAIM_bck_08092016_1701_rounding,premium_id_old,int,4,10,0,1
dbo,CLAIM_bck_08092016_1701_rounding,PreviousClaimID,int,4,10,0,1
dbo,CLAIM_bck_08092016_1701_rounding,PreviousImportedClaimID,int,4,10,0,1
dbo,CLAIM_bck_08092016_1701_rounding,StatusID,int,4,10,0,0
dbo,CLAIM_bck_08092016_1701_rounding,StolenLostCost,float,8,53,0,1
dbo,CLAIM_bck_08092016_1701_rounding,sub_status_id,int,4,10,0,1
dbo,CLAIM_bck_08092016_1701_rounding,SubTotal,float,8,53,0,1
dbo,CLAIM_bck_08092016_1701_rounding,SubTotalDeducted,float,8,53,0,1
dbo,CLAIM_bck_08092016_1701_rounding,Total,float,8,53,0,1
dbo,CLAIM_bck_08092016_1701_rounding,TransportCost,float,8,53,0,1
dbo,CLAIM_bck_08092016_1701_rounding,Treatment,varchar,255,0,0,1
dbo,CLAIM_bck_08092016_1701_rounding,TreatmentCost,float,8,53,0,1
dbo,CLAIM_bck_08092016_1701_rounding,TreatmentDateFrom,date,3,10,0,1
dbo,CLAIM_bck_08092016_1701_rounding,TreatmentDateTo,date,3,10,0,1
dbo,CLAIM_bck_08092016_1701_rounding,VetAddress1,varchar,35,0,0,1
dbo,CLAIM_bck_08092016_1701_rounding,VetAddress2,varchar,35,0,0,1
dbo,CLAIM_bck_08092016_1701_rounding,VetAddress3,varchar,35,0,0,1
dbo,CLAIM_bck_08092016_1701_rounding,VetAddress4,varchar,35,0,0,1
dbo,CLAIM_bck_08092016_1701_rounding,VetAddress5,varchar,35,0,0,1
dbo,CLAIM_bck_08092016_1701_rounding,VetID,int,4,10,0,1
dbo,CLAIM_bck_08092016_1701_rounding,VetPostcode,varchar,10,0,0,1
dbo,CLAIM_bck_08092016_1701_rounding,VetPracticeName,varchar,255,0,0,1
dbo,CLAIM_bck_08092016_1701_rounding,VetSignatory,varchar,50,0,0,1
dbo,CLAIM_bck_08092016_1701_rounding,VetTelephone,varchar,20,0,0,1
dbo,claim_benefit,amount,money,8,19,4,1
dbo,claim_benefit,amount_claimed,money,8,19,4,1
dbo,claim_benefit,benefit_type_id,bigint,8,19,0,0
dbo,claim_benefit,claim_id,int,4,10,0,0
dbo,claim_benefit,id,bigint,8,19,0,0
dbo,claim_delete_audit,claim_id,int,4,10,0,1
dbo,claim_delete_audit,policy_id,int,4,10,0,1
dbo,claim_delete_audit,reason,varchar,1000,0,0,1
dbo,claim_delete_audit,time_stamp,datetime,8,23,3,1
dbo,claim_delete_audit,user_id,int,4,10,0,1
dbo,claim_journey,claim_id,int,4,10,0,0
dbo,claim_journey,claim_json,varchar,-1,0,0,0
dbo,claim_journey,created,datetime,8,23,3,0
dbo,claim_journey,id,int,4,10,0,0
dbo,claim_journey,vet_json,varchar,-1,0,0,1
dbo,claim_journey,vet_notification_reminder_sent,bit,1,1,0,0
dbo,claim_journey,vet_notification_sent,bit,1,1,0,0
dbo,claim_payee,description,varchar,50,0,0,0
dbo,claim_payee,id,int,4,10,0,0
dbo,claim_payment,amount,money,8,19,4,0
dbo,claim_payment,bacs_batch_number,char,15,0,0,1
dbo,claim_payment,cancellation_date,datetime,8,23,3,1
dbo,claim_payment,cancelled_systuser_id,int,4,10,0,1
dbo,claim_payment,claim_id,int,4,10,0,1
dbo,claim_payment,clearing_date,date,3,10,0,1
dbo,claim_payment,clearing_date_systuser_id,int,4,10,0,1
dbo,claim_payment,datetimestamp,datetime,8,23,3,0
dbo,claim_payment,enc_account_name,varbinary,256,0,0,1
dbo,claim_payment,enc_account_number,varbinary,256,0,0,1
dbo,claim_payment,enc_sort_code,varbinary,256,0,0,1
dbo,claim_payment,extracted_date,datetime,8,23,3,1
dbo,claim_payment,id,int,4,10,0,0
dbo,claim_payment,payee_id,int,4,10,0,0
dbo,claim_payment,payment_method_id,int,4,10,0,0
dbo,claim_payment,printed_cheque_payee,varchar,255,0,0,1
dbo,claim_payment,reason_id,int,4,10,0,0
dbo,claim_payment,reference,varchar,35,0,0,1
dbo,claim_payment,systuser_id,int,4,10,0,0
dbo,claim_payment,voided_by_id,int,4,10,0,1
dbo,claim_payment_bacs_batch,batch_no,char,15,0,0,0
dbo,claim_payment_bacs_batch,datetimestamp,datetime,8,23,3,0
dbo,claim_payment_bacs_batch,payee_count,int,4,10,0,0
dbo,claim_payment_bacs_batch,total_amount,money,8,19,4,0
dbo,claim_payment_bacs_batch,underwriter,char,3,0,0,0
dbo,claim_payment_bacs_batch,verified_by_systuser_id,int,4,10,0,1
dbo,claim_payment_bacs_batch,verified_datetimestamp,datetime,8,23,3,1
dbo,claim_payment_method,description,varchar,50,0,0,1
dbo,claim_payment_method,id,int,4,10,0,0
dbo,claim_payment_notifier,email_address,varchar,255,0,0,1
dbo,claim_payment_notifier,id,int,4,10,0,0
dbo,claim_payment_notifier,item_threshold,money,8,19,4,1
dbo,claim_payment_notifier,underwriter,varchar,3,0,0,1
dbo,claim_payment_reason,description,varchar,50,0,0,0
dbo,claim_payment_reason,id,int,4,10,0,0
dbo,claim_payment_reason,system_only,bit,1,1,0,0
dbo,claim_property,ClaimID,int,4,10,0,0
dbo,claim_property,Encrypted,bit,1,1,0,1
dbo,claim_property,id,int,4,10,0,0
dbo,claim_property,Key,varchar,50,0,0,0
dbo,claim_property,Value,varchar,255,0,0,0
dbo,claim_status_affinity,affinity_code,varchar,50,0,0,0
dbo,claim_status_affinity,id,bigint,8,19,0,0
dbo,claim_status_affinity,include,bit,1,1,0,0
dbo,claim_status_affinity,status_id,int,4,10,0,0
dbo,claim_status_audit,claim_id,int,4,10,0,1
dbo,claim_status_audit,datetimestamp,datetime,8,23,3,1
dbo,claim_status_audit,id,int,4,10,0,0
dbo,claim_status_audit,status_id,int,4,10,0,1
dbo,claim_status_audit,sub_status_id,int,4,10,0,1
dbo,claim_status_audit,user_id,int,4,10,0,1
dbo,claim_workflow_step,allow_payments,bit,1,1,0,0
dbo,claim_workflow_step,assess_details,bit,1,1,0,0
dbo,claim_workflow_step,assess_details_readonly,bit,1,1,0,0
dbo,claim_workflow_step,claim_parts,bit,1,1,0,0
dbo,claim_workflow_step,claim_parts_readonly,bit,1,1,0,0
dbo,claim_workflow_step,Description,nvarchar,300,0,0,1
dbo,claim_workflow_step,id,bigint,8,19,0,0
dbo,claim_workflow_step,pre_assess,bit,1,1,0,0
dbo,claim_workflow_step,pre_assess_readonly,bit,1,1,0,0
dbo,claim_workflow_step,totals,bit,1,1,0,0
dbo,ClaimClinicalHistoryItem,ClaimId,int,4,10,0,1
dbo,ClaimClinicalHistoryItem,DateEntered,datetime,8,23,3,0
dbo,ClaimClinicalHistoryItem,EnteredBy,nvarchar,100,0,0,1
dbo,ClaimClinicalHistoryItem,Id,int,4,10,0,0
dbo,ClaimClinicalHistoryItem,TextEntry,nvarchar,-1,0,0,0
dbo,ClaimDeduction,Amount,decimal,9,10,2,0
dbo,ClaimDeduction,ClaimId,int,4,10,0,0
dbo,ClaimDeduction,Description,varchar,256,0,0,1
dbo,ClaimDeduction,Id,int,4,10,0,0
dbo,ClaimInvoiceItem,AmountExVat,decimal,9,10,2,0
dbo,ClaimInvoiceItem,ClaimId,int,4,10,0,0
dbo,ClaimInvoiceItem,Date,date,3,10,0,0
dbo,ClaimInvoiceItem,Description,nvarchar,510,0,0,0
dbo,ClaimInvoiceItem,Id,int,4,10,0,0
dbo,ClaimInvoiceItem,InvoiceNumber,nvarchar,100,0,0,0
dbo,ClaimInvoiceItem,Quantity,decimal,9,10,2,0
dbo,ClaimInvoiceItem,Type,nvarchar,100,0,0,1
dbo,ClaimInvoiceItem,Vat,decimal,9,10,2,0
dbo,ClaimMeetingLog,ClaimId,int,4,10,0,1
dbo,ClaimMeetingLog,CreationDate,datetime,8,23,3,0
dbo,ClaimMeetingLog,Id,int,4,10,0,0
dbo,ClaimMeetingLog,IsSuccess,bit,1,1,0,0
dbo,ClaimMeetingLog,MeetingId,nvarchar,510,0,0,1
dbo,ClaimMeetingLog,MeetingState,nvarchar,-1,0,0,1
dbo,ClaimMeetingLog,Payload,nvarchar,-1,0,0,1
dbo,ClaimMeetingLog,RetryCount,int,4,10,0,0
dbo,ClaimMeetingLog,RetryDate,datetime,8,23,3,1
dbo,ClaimsTab,AboveLimitDeduction,varchar,50,0,0,1
dbo,ClaimsTab,Affinity,varchar,50,0,0,1
dbo,ClaimsTab,AmountClaimed,varchar,50,0,0,1
dbo,ClaimsTab,AmountEvaluated,varchar,50,0,0,1
dbo,ClaimsTab,ApprovedDate,varchar,50,0,0,1
dbo,ClaimsTab,AQMatterID,varchar,50,0,0,1
dbo,ClaimsTab,BodyPart,varchar,50,0,0,1
dbo,ClaimsTab,CDLReference,varchar,50,0,0,1
dbo,ClaimsTab,ClaimItemDescription,varchar,50,0,0,1
dbo,ClaimsTab,ClaimPaymentStatus,varchar,50,0,0,1
dbo,ClaimsTab,ClaimReceivedDate,varchar,50,0,0,1
dbo,ClaimsTab,ClaimStatus,varchar,50,0,0,1
dbo,ClaimsTab,ClaimType,varchar,50,0,0,1
dbo,ClaimsTab,DatabaseName,varchar,50,0,0,1
dbo,ClaimsTab,DateInfoReceived,varchar,50,0,0,1
dbo,ClaimsTab,DateInfoRequested,varchar,50,0,0,1
dbo,ClaimsTab,DeadLost,varchar,50,0,0,1
dbo,ClaimsTab,DeclinedReason,varchar,50,0,0,1
dbo,ClaimsTab,DeductionReason1,varchar,50,0,0,1
dbo,ClaimsTab,DeductionReason2,varchar,50,0,0,1
dbo,ClaimsTab,DeductionReason3,varchar,50,0,0,1
dbo,ClaimsTab,DeductionReason4,varchar,50,0,0,1
dbo,ClaimsTab,ExcessDeduction,varchar,50,0,0,1
dbo,ClaimsTab,FirstSettledDate,varchar,50,0,0,1
dbo,ClaimsTab,Insured,varchar,50,0,0,1
dbo,ClaimsTab,InsuredPostcode,varchar,50,0,0,1
dbo,ClaimsTab,LossDate,varchar,50,0,0,1
dbo,ClaimsTab,LossIncidentType,varchar,50,0,0,1
dbo,ClaimsTab,LossSection,varchar,50,0,0,1
dbo,ClaimsTab,OtherDeductions,varchar,50,0,0,1
dbo,ClaimsTab,ParentClaimReceivedDate,varchar,50,0,0,1
dbo,ClaimsTab,ParentMatterID,varchar,50,0,0,1
dbo,ClaimsTab,PaymentAmount,varchar,50,0,0,1
dbo,ClaimsTab,PeriodEndDate,varchar,50,0,0,1
dbo,ClaimsTab,PeriodStartDate,varchar,50,0,0,1
dbo,ClaimsTab,PetBreed,varchar,50,0,0,1
dbo,ClaimsTab,PetDateOfBirth,varchar,50,0,0,1
dbo,ClaimsTab,PetName,varchar,50,0,0,1
dbo,ClaimsTab,PetSex,varchar,50,0,0,1
dbo,ClaimsTab,PetType,varchar,50,0,0,1
dbo,ClaimsTab,PolicyEffectiveDate,varchar,50,0,0,1
dbo,ClaimsTab,PolicyInceptionDate,varchar,50,0,0,1
dbo,ClaimsTab,PolicyNumber,varchar,50,0,0,1
dbo,ClaimsTab,Premium,varchar,50,0,0,1
dbo,ClaimsTab,Product,varchar,50,0,0,1
dbo,ClaimsTab,RejectionDate,varchar,50,0,0,1
dbo,ClaimsTab,ReportTimeDate,varchar,50,0,0,1
dbo,ClaimsTab,RunningTotal,varchar,50,0,0,1
dbo,ClaimsTab,SAPClaimCode,varchar,50,0,0,1
dbo,ClaimsTab,SchemeCode,varchar,50,0,0,1
dbo,ClaimsTab,SettlementDate,varchar,50,0,0,1
dbo,ClaimsTab,SLAProcessDays,varchar,50,0,0,1
dbo,ClaimsTab,SubClaimNumber,varchar,50,0,0,1
dbo,ClaimsTab,SubmissionNumber,varchar,50,0,0,1
dbo,ClaimsTab,TreatmentEndDate,varchar,50,0,0,1
dbo,ClaimsTab,TreatmentStartDate,varchar,50,0,0,1
dbo,ClaimsTab,Underwriter,varchar,50,0,0,1
dbo,ClaimsTab,VeNom_Cause1,varchar,50,0,0,1
dbo,ClaimsTab,VeNom_Cause2,varchar,50,0,0,1
dbo,ClaimsTab,VetPostcode,varchar,50,0,0,1
dbo,ClaimsTab,VetPractice,varchar,50,0,0,1
dbo,ClaimSubTotalType,Description,varchar,100,0,0,0
dbo,ClaimSubTotalType,Id,int,4,10,0,0
dbo,ClaimTotalDetails,Amount,decimal,9,10,2,0
dbo,ClaimTotalDetails,BenefitTypeId,bigint,8,19,0,1
dbo,ClaimTotalDetails,ClaimId,int,4,10,0,0
dbo,ClaimTotalDetails,ClaimSubTotalTypeId,int,4,10,0,0
dbo,ClaimTotalDetails,Id,int,4,10,0,0
dbo,ClaimTotalDetails,Text,varchar,200,0,0,1
dbo,COMMISSION,administrator_com,decimal,5,5,2,0
dbo,COMMISSION,affinity_com,decimal,5,5,2,0
dbo,COMMISSION,effective_date,datetime,8,23,3,1
dbo,COMMISSION,introducer_com,decimal,5,5,2,0
dbo,COMMISSION,product_prefix,varchar,3,0,0,0
dbo,COMMISSION,referrer,varchar,50,0,0,1
dbo,COMMISSION,underwriting_com,decimal,5,5,2,0
dbo,CommunicationArea,Description,varchar,150,0,0,0
dbo,CommunicationArea,Id,int,4,10,0,0
dbo,CommunicationArea,MisControlID,int,4,10,0,1
dbo,CommunicationSystemType,Description,varchar,150,0,0,1
dbo,CommunicationSystemType,Id,int,4,10,0,0
dbo,COMPANY,company_name,varchar,64,0,0,1
dbo,COMPANY,enabled,bit,1,1,0,1
dbo,COMPANY,id,int,4,10,0,0
dbo,compass_import,bLarge,bit,1,1,0,1
dbo,compass_import,bRescue,bit,1,1,0,1
dbo,compass_import,cCommission,decimal,9,10,2,1
dbo,compass_import,cCommPerc,decimal,9,10,2,1
dbo,compass_import,cGWPExclIPT,decimal,9,10,2,1
dbo,compass_import,cIPT,decimal,9,10,2,1
dbo,compass_import,cNettPrem,decimal,9,10,2,1
dbo,compass_import,cPetPurPrice,int,4,10,0,1
dbo,compass_import,dCoverStart,smalldatetime,4,16,0,1
dbo,compass_import,DDIRef,varchar,20,0,0,1
dbo,compass_import,dExpiryDate,smalldatetime,4,16,0,1
dbo,compass_import,dPetDOB,smalldatetime,4,16,0,1
dbo,compass_import,dRenewalDate,smalldatetime,4,16,0,1
dbo,compass_import,dStartDate,smalldatetime,4,16,0,1
dbo,compass_import,GWPInclIPT,decimal,9,10,2,1
dbo,compass_import,iCollection,int,4,10,0,1
dbo,compass_import,id,int,4,10,0,0
dbo,compass_import,sAcc3rdPrty,varchar,10,0,0,1
dbo,compass_import,sAcc3rdPrtyDet,nvarchar,200,0,0,1
dbo,compass_import,sAccHolderName,nvarchar,200,0,0,1
dbo,compass_import,sAccountNo,varchar,10,0,0,1
dbo,compass_import,sBranchCode,varchar,10,0,0,1
dbo,compass_import,sColour,nvarchar,100,0,0,1
dbo,compass_import,sDOBType,varchar,100,0,0,1
dbo,compass_import,sEmail,nvarchar,200,0,0,1
dbo,compass_import,sEndorsement,nvarchar,200,0,0,1
dbo,compass_import,sExclusions,nvarchar,200,0,0,1
dbo,compass_import,sFirstName,nvarchar,40,0,0,1
dbo,compass_import,sGender,varchar,10,0,0,1
dbo,compass_import,sInsDeclined,varchar,10,0,0,1
dbo,compass_import,sInsDeclinedDet,varchar,10,0,0,1
dbo,compass_import,sLastName,nvarchar,40,0,0,1
dbo,compass_import,sMultiPetDisc,varchar,10,0,0,1
dbo,compass_import,sPayMethod,varchar,20,0,0,1
dbo,compass_import,sPetBreed,nvarchar,200,0,0,1
dbo,compass_import,sPetName,nvarchar,200,0,0,1
dbo,compass_import,sPetScheme,varchar,100,0,0,1
dbo,compass_import,sPetType,varchar,20,0,0,1
dbo,compass_import,sPhone,varchar,20,0,0,1
dbo,compass_import,sPolicyNo,varchar,20,0,0,1
dbo,compass_import,sPractice,varchar,100,0,0,1
dbo,compass_import,sPreCond,nvarchar,200,0,0,1
dbo,compass_import,sPreCondDet,nvarchar,400,0,0,1
dbo,compass_import,sPreExistingCond,nvarchar,400,0,0,1
dbo,compass_import,sPrevIns,varchar,10,0,0,1
dbo,compass_import,sPrevInsDet,varchar,100,0,0,1
dbo,compass_import,sPurPriceType,varchar,100,0,0,1
dbo,compass_import,sSourceLead,nvarchar,200,0,0,1
dbo,compass_import,sTitle,varchar,10,0,0,1
dbo,compass_import,strAddressLine1,nvarchar,200,0,0,1
dbo,compass_import,strAddressLine2,nvarchar,200,0,0,1
dbo,compass_import,strAddressLine3,nvarchar,200,0,0,1
dbo,compass_import,strPostalCode,varchar,20,0,0,1
dbo,compass_import,strSuburb,nvarchar,200,0,0,1
dbo,complaint,category,varchar,50,0,0,1
dbo,complaint,complaint_date,smalldatetime,4,16,0,0
dbo,complaint,complaint_upheld,varchar,50,0,0,1
dbo,complaint,description,varchar,500,0,0,1
dbo,complaint,final_response_date,smalldatetime,4,16,0,1
dbo,complaint,how_received,varchar,20,0,0,1
dbo,complaint,policy_id,int,4,10,0,1
dbo,complaint,received_via,varchar,20,0,0,1
dbo,complaint,referral_date,smalldatetime,4,16,0,1
dbo,complaint,referred_to,varchar,100,0,0,1
dbo,complaint,resolution_comments,varchar,500,0,0,1
dbo,complaint,respond_id,int,4,10,0,0
dbo,complaint,status,varchar,20,0,0,1
dbo,complaint_skipped,respond_id,int,4,10,0,0
dbo,cookies,cookie,varchar,200,0,0,0
dbo,cookies,id,int,4,10,0,0
dbo,dd_payment_profile,description,varchar,100,0,0,0
dbo,dd_payment_profile,id,int,4,10,0,0
dbo,decline_reason,active,tinyint,1,3,0,0
dbo,decline_reason,decline_id,int,4,10,0,0
dbo,decline_reason,decline_reason,varchar,50,0,0,0
dbo,DIARY,call_type_id,int,4,10,0,1
dbo,DIARY,callback_id,int,4,10,0,1
dbo,DIARY,ClaimID,int,4,10,0,1
dbo,DIARY,CreatedDate,smalldatetime,4,16,0,0
dbo,DIARY,DaysToReminder,int,4,10,0,1
dbo,DIARY,Description,varchar,4000,0,0,1
dbo,DIARY,DiaryID,int,4,10,0,0
dbo,DIARY,enquiry_method_id,int,4,10,0,1
dbo,DIARY,GroupID,int,4,10,0,1
dbo,DIARY,IsCompleted,bit,1,1,0,0
dbo,DIARY,lead_id,int,4,10,0,1
dbo,DIARY,outcome,varchar,50,0,0,1
dbo,DIARY,policy_id,int,4,10,0,1
dbo,DIARY,quote_id,int,4,10,0,1
dbo,DIARY,quote_ref,varchar,16,0,0,1
dbo,DIARY,satisfaction_id,int,4,10,0,1
dbo,DIARY,UserID,int,4,10,0,0
dbo,diary_20150416_descriptions,Description,varchar,4000,0,0,1
dbo,diary_20150416_descriptions,DiaryID,int,4,10,0,0
dbo,DIARY_Archive,call_type_id,int,4,10,0,1
dbo,DIARY_Archive,callback_id,int,4,10,0,1
dbo,DIARY_Archive,ClaimID,int,4,10,0,1
dbo,DIARY_Archive,CreatedDate,smalldatetime,4,16,0,0
dbo,DIARY_Archive,DaysToReminder,int,4,10,0,1
dbo,DIARY_Archive,Description,varchar,4000,0,0,1
dbo,DIARY_Archive,DiaryID,int,4,10,0,0
dbo,DIARY_Archive,enquiry_method_id,int,4,10,0,1
dbo,DIARY_Archive,GroupID,int,4,10,0,1
dbo,DIARY_Archive,IsCompleted,bit,1,1,0,0
dbo,DIARY_Archive,lead_id,int,4,10,0,1
dbo,DIARY_Archive,outcome,varchar,50,0,0,1
dbo,DIARY_Archive,policy_id,int,4,10,0,1
dbo,DIARY_Archive,quote_id,int,4,10,0,1
dbo,DIARY_Archive,satisfaction_id,int,4,10,0,1
dbo,DIARY_Archive,UserID,int,4,10,0,0
dbo,Diary_Archive_Error_Data,BatchNumber,int,4,10,0,1
dbo,Diary_Archive_Error_Data,DiaryId,int,4,10,0,1
dbo,Diary_Archive_Error_Data,JobDetailId,int,4,10,0,1
dbo,Diary_Archive_Job_Details,BatchNumber,int,4,10,0,0
dbo,Diary_Archive_Job_Details,BatchStatus,int,4,10,0,0
dbo,Diary_Archive_Job_Details,DataStatus,int,4,10,0,0
dbo,Diary_Archive_Job_Details,ErrorMessage,varchar,-1,0,0,1
dbo,Diary_Archive_Job_Details,Id,int,4,10,0,0
dbo,Diary_Archive_Job_Details,LastRuntime,datetime2,8,27,7,1
dbo,Diary_Archive_Job_Details,MainJobId,int,4,10,0,0
dbo,Diary_Archive_Job_Main,AgentJobId,uniqueidentifier,16,0,0,1
dbo,Diary_Archive_Job_Main,BatchSize,int,4,10,0,0
dbo,Diary_Archive_Job_Main,Id,int,4,10,0,0
dbo,Diary_Archive_Job_Main,JobStatus,int,4,10,0,0
dbo,Diary_Archive_Job_Main,LastRunTime,datetime2,8,27,7,1
dbo,Diary_Archive_Job_Main,RecordCount,int,4,10,0,0
dbo,diary_group,active,bit,1,1,0,0
dbo,diary_group,group_description,varchar,50,0,0,0
dbo,diary_group,ID,int,4,10,0,0
dbo,diary_group,ordinal,int,4,10,0,0
dbo,DiaryEnquiryMethod,Description,varchar,100,0,0,0
dbo,DiaryEnquiryMethod,Id,int,4,10,0,0
dbo,DiaryEnquiryMethod_,Description,varchar,100,0,0,0
dbo,DiaryEnquiryMethod_,Id,int,4,10,0,0
dbo,DiarySatisfaction,Description,varchar,100,0,0,0
dbo,DiarySatisfaction,Id,int,4,10,0,0
dbo,direct_debit_log,direct_debit_log_type_id,int,4,10,0,0
dbo,direct_debit_log,enc_account_name_new,varbinary,256,0,0,1
dbo,direct_debit_log,enc_account_name_old,varbinary,256,0,0,1
dbo,direct_debit_log,enc_account_number_new,varbinary,256,0,0,1
dbo,direct_debit_log,enc_account_number_old,varbinary,256,0,0,1
dbo,direct_debit_log,enc_sort_code_new,varbinary,256,0,0,1
dbo,direct_debit_log,enc_sort_code_old,varbinary,256,0,0,1
dbo,direct_debit_log,id,int,4,10,0,0
dbo,direct_debit_log,object_id,int,4,10,0,1
dbo,direct_debit_log,operation_type,varchar,1,0,0,1
dbo,direct_debit_log,systuser_id,int,4,10,0,0
dbo,direct_debit_log,timestamp,datetime,8,23,3,0
dbo,direct_debit_log_type,description,varchar,256,0,0,0
dbo,direct_debit_log_type,id,int,4,10,0,0
dbo,direct_debit_preview,collection_date,date,3,10,0,1
dbo,direct_debit_preview,dd_count,int,4,10,0,0
dbo,direct_debit_preview,weekday,nvarchar,60,0,0,1
dbo,direct_debit_working,account_name,varchar,30,0,0,1
dbo,direct_debit_working,account_number,varchar,30,0,0,1
dbo,direct_debit_working,amount,decimal,17,38,2,1
dbo,direct_debit_working,collection_date,date,3,10,0,0
dbo,direct_debit_working,dd_service_number,varchar,6,0,0,0
dbo,direct_debit_working,payment_number,int,4,10,0,1
dbo,direct_debit_working,payment_type_id,int,4,10,0,0
dbo,direct_debit_working,policy_id,varchar,32,0,0,1
dbo,direct_debit_working,policyid,int,4,10,0,0
dbo,direct_debit_working,PolicyNumber,varchar,32,0,0,1
dbo,direct_debit_working,setup,tinyint,1,3,0,1
dbo,direct_debit_working,sort_code,varchar,30,0,0,1
dbo,direct_debit_working,startdate,smalldatetime,4,16,0,1
dbo,document_type,description,varchar,50,0,0,1
dbo,document_type,id,varchar,20,0,0,0
dbo,dtproperties,id,int,4,10,0,0
dbo,dtproperties,lvalue,image,16,0,0,1
dbo,dtproperties,objectid,int,4,10,0,1
dbo,dtproperties,property,varchar,64,0,0,0
dbo,dtproperties,uvalue,nvarchar,510,0,0,1
dbo,dtproperties,value,varchar,255,0,0,1
dbo,dtproperties,version,int,4,10,0,0
dbo,EMAIL,address_type_id,int,4,10,0,1
dbo,EMAIL,bcc_email_address,nvarchar,128,0,0,1
dbo,EMAIL,cc_email_address,nvarchar,128,0,0,1
dbo,EMAIL,diary_id,int,4,10,0,0
dbo,EMAIL,from_email_address,nvarchar,128,0,0,1
dbo,EMAIL,html,text,16,0,0,1
dbo,EMAIL,id,int,4,10,0,0
dbo,EMAIL,process_count,int,4,10,0,1
dbo,EMAIL,subject_line,varchar,500,0,0,1
dbo,EMAIL,tag,varchar,100,0,0,1
dbo,EMAIL,template_id,int,4,10,0,1
dbo,EMAIL,to_email_address,nvarchar,128,0,0,1
dbo,EMAIL,tracking_id,varchar,50,0,0,1
dbo,email_activity,bounce_description,varchar,200,0,0,1
dbo,email_activity,bounce_logged,bit,1,1,0,1
dbo,email_activity,diag,varchar,-1,0,0,1
dbo,email_activity,email_activity_id,int,4,10,0,0
dbo,email_activity,email_address,varchar,254,0,0,1
dbo,email_activity,email_state_id,int,4,10,0,0
dbo,email_activity,email_tracking_id,varchar,50,0,0,0
dbo,email_activity,id,int,4,10,0,0
dbo,email_activity,ip_address,varchar,50,0,0,1
dbo,email_activity,timestamp,datetime,8,23,3,0
dbo,email_activity,ua_family,varchar,-1,0,0,1
dbo,email_activity,ua_type,varchar,50,0,0,1
dbo,email_activity,ua_version,varchar,50,0,0,1
dbo,email_activity_type,description,varchar,100,0,0,0
dbo,email_activity_type,id,int,4,10,0,0
dbo,email_attachment_document,document,image,16,0,0,1
dbo,email_attachment_document,document_name,varchar,260,0,0,1
dbo,email_attachment_document,document_type_id,varchar,20,0,0,0
dbo,email_attachment_document,email_id,int,4,10,0,0
dbo,email_attachment_document,id,int,4,10,0,0
dbo,email_attachment_link,document_type_id,varchar,20,0,0,0
dbo,email_attachment_link,email_id,int,4,10,0,0
dbo,email_attachment_link,id,int,4,10,0,0
dbo,email_attachment_link,url,varchar,2048,0,0,1
dbo,email_state_type,description,varchar,100,0,0,0
dbo,email_state_type,id,int,4,10,0,0
dbo,email_zones,Description,nvarchar,100,0,0,0
dbo,email_zones,Extension,nvarchar,100,0,0,0
dbo,email_zones,id,int,4,10,0,0
dbo,email_zones,Zone,nvarchar,100,0,0,0
dbo,EntityType,Description,varchar,50,0,0,0
dbo,EntityType,ID,int,4,10,0,0
dbo,error_message,id,int,4,10,0,0
dbo,error_message,message,varchar,500,0,0,0
dbo,FirstVetApiClientAffinityMap,AffinityCode,varchar,50,0,0,0
dbo,FirstVetApiClientAffinityMap,Id,int,4,10,0,0
dbo,FirstVetApiClientAffinityMap,IsActive,bit,1,1,0,0
dbo,FirstVetApiClientAffinityMap,PartnerId,varchar,10,0,0,0
dbo,FirstVetApiClients,ApiKey,varchar,50,0,0,0
dbo,FirstVetApiClients,Id,varchar,10,0,0,0
dbo,FirstVetApiClients,IsActive,bit,1,1,0,0
dbo,FirstVetApiClients,Name,varchar,50,0,0,0
dbo,FirstVetApiLog,ApplicationMessage,varchar,-1,0,0,0
dbo,FirstVetApiLog,ClientId,varchar,10,0,0,0
dbo,FirstVetApiLog,CreatedDate,datetime,8,23,3,0
dbo,FirstVetApiLog,Id,int,4,10,0,0
dbo,FirstVetApiLog,LogLevel,varchar,10,0,0,0
dbo,FirstVetApiLog,StackTrace,varchar,-1,0,0,1
dbo,FORM,affinity_code,varchar,3,0,0,0
dbo,FORM,effective_date,smalldatetime,4,16,0,0
dbo,FORM,form_template_id,int,4,10,0,0
dbo,FORM,id,int,4,10,0,0
dbo,FORM,inactive_date,smalldatetime,4,16,0,1
dbo,FORM_CATEGORY,description,varchar,50,0,0,0
dbo,FORM_CATEGORY,group,char,1,0,0,0
dbo,FORM_CATEGORY,id,int,4,10,0,0
dbo,FORM_CATEGORY,report_letter_type_id,int,4,10,0,1
dbo,FORM_TEMPLATE,category_id,int,4,10,0,0
dbo,FORM_TEMPLATE,description,varchar,50,0,0,0
dbo,FORM_TEMPLATE,email_content,varchar,8000,0,0,1
dbo,FORM_TEMPLATE,email_report_key,varchar,50,0,0,1
dbo,FORM_TEMPLATE,id,int,4,10,0,0
dbo,FORM_TEMPLATE,postal_report_key,varchar,50,0,0,1
dbo,four_week_free_conversions,Conversion_date,datetime,8,23,3,1
dbo,four_week_free_conversions,other_policies,varchar,200,0,0,1
dbo,four_week_free_conversions,quote_ref,varchar,200,0,0,1
dbo,functions,action_mask,tinyint,1,3,0,0
dbo,functions,description,varchar,128,0,0,0
dbo,functions,id,int,4,10,0,0
dbo,functions,ordinal,smallint,2,5,0,0
dbo,functions,parent_id,int,4,10,0,1
dbo,green_backup,Address1,varchar,35,0,0,1
dbo,green_backup,Address2,varchar,35,0,0,1
dbo,green_backup,Address3,varchar,35,0,0,1
dbo,green_backup,Address4,varchar,35,0,0,1
dbo,green_backup,Address5,varchar,35,0,0,1
dbo,green_backup,AffinityCode,varchar,50,0,0,1
dbo,green_backup,animal_type_id,int,4,10,0,1
dbo,green_backup,AnimalBabyName,varchar,60,0,0,1
dbo,green_backup,AnimalDateOfBirth,smalldatetime,4,16,0,1
dbo,green_backup,AnimalDead,varchar,1,0,0,1
dbo,green_backup,AnimalPetName,varchar,60,0,0,1
dbo,green_backup,AnimalSexName,varchar,6,0,0,1
dbo,green_backup,AnimalTypeName,varchar,20,0,0,1
dbo,green_backup,breed_excess,money,8,19,4,1
dbo,green_backup,breed_id,int,4,10,0,1
dbo,green_backup,BreedDescription,varchar,60,0,0,1
dbo,green_backup,cancellation_instruction_date,datetime,8,23,3,1
dbo,green_backup,cancellation_reason_id,int,4,10,0,1
dbo,green_backup,CancelledDate,smalldatetime,4,16,0,1
dbo,green_backup,cdl_source_id,int,4,10,0,1
dbo,green_backup,ClaimType,varchar,20,0,0,1
dbo,green_backup,clinic_id,int,4,10,0,1
dbo,green_backup,ColourDescription,varchar,60,0,0,1
dbo,green_backup,cover_id,int,4,10,0,1
dbo,green_backup,DateTimestamp,datetime,8,23,3,1
dbo,green_backup,email_address,nvarchar,128,0,0,1
dbo,green_backup,email_sent,bit,1,1,0,1
dbo,green_backup,Exclusion,varchar,255,0,0,1
dbo,green_backup,FirstName,varchar,15,0,0,1
dbo,green_backup,LastName,varchar,35,0,0,1
dbo,green_backup,logged,bit,1,1,0,1
dbo,green_backup,PaymentFrequencyName,varchar,7,0,0,1
dbo,green_backup,PolicyID,int,4,10,0,0
dbo,green_backup,PolicyInceptionDate,smalldatetime,4,16,0,1
dbo,green_backup,PolicyNumber,varchar,32,0,0,1
dbo,green_backup,PolicyPremiumYearID,int,4,10,0,1
dbo,green_backup,PostCode,varchar,10,0,0,1
dbo,green_backup,PreExistingCondition,varchar,500,0,0,1
dbo,green_backup,PreviousPolicyID,int,4,10,0,1
dbo,green_backup,PrintDate,smalldatetime,4,16,0,1
dbo,green_backup,Printed,varchar,1,0,0,1
dbo,green_backup,product_id,int,4,10,0,1
dbo,green_backup,ProductName,varchar,255,0,0,1
dbo,green_backup,PuppyCoverNumber,varchar,20,0,0,1
dbo,green_backup,purchase_price,money,8,19,4,1
dbo,green_backup,quote_pet_id,int,4,10,0,1
dbo,green_backup,RenewalDate,smalldatetime,4,16,0,1
dbo,green_backup,StartDate,smalldatetime,4,16,0,1
dbo,green_backup,status_id,int,4,10,0,1
dbo,green_backup,Telephone1,varchar,15,0,0,1
dbo,green_backup,Title,varchar,50,0,0,1
dbo,green_backup,vol_excess,money,8,19,4,1
dbo,hdiClaimAffinityCodes,affinityCode,varchar,10,0,0,0
dbo,hdiClaimAffinityCodes,id,smallint,2,5,0,0
dbo,hdiClaimAffinityCodes,isActive,smallint,2,5,0,0
dbo,HEADER_IMAGE,Description,varchar,50,0,0,1
dbo,HEADER_IMAGE,HeaderUrl,varchar,200,0,0,0
dbo,HEADER_IMAGE,ID,int,4,10,0,0
dbo,import_charge_write_off,create_timestamp,datetime,8,23,3,0
dbo,import_charge_write_off,create_user_id,int,4,10,0,0
dbo,import_charge_write_off,debt_amount,decimal,9,10,2,1
dbo,import_charge_write_off,deleted,bit,1,1,0,0
dbo,import_charge_write_off,id,int,4,10,0,0
dbo,import_charge_write_off,policy_id,int,4,10,0,0
dbo,import_charge_write_off,policy_number,varchar,32,0,0,0
dbo,import_charge_write_off,processed,bit,1,1,0,0
dbo,import_charge_write_off,processed_date,datetime,8,23,3,1
dbo,imported_claim_status,affinity,varchar,3,0,0,1
dbo,imported_claim_status,id,int,4,10,0,0
dbo,imported_claim_status,imported_status,varchar,100,0,0,1
dbo,imported_claim_status,mapped_status,int,4,10,0,1
dbo,IMPORTED_CLAIM_TRANSACTIONS,affinity_code,varchar,3,0,0,1
dbo,IMPORTED_CLAIM_TRANSACTIONS,amount_paid,money,8,19,4,1
dbo,IMPORTED_CLAIM_TRANSACTIONS,claim_item_number,int,4,10,0,1
dbo,IMPORTED_CLAIM_TRANSACTIONS,claim_number,int,4,10,0,1
dbo,IMPORTED_CLAIM_TRANSACTIONS,condition_type_id,int,4,10,0,1
dbo,IMPORTED_CLAIM_TRANSACTIONS,excess,money,8,19,4,1
dbo,IMPORTED_CLAIM_TRANSACTIONS,first_claim_date,datetime,8,23,3,1
dbo,IMPORTED_CLAIM_TRANSACTIONS,id,int,4,10,0,0
dbo,IMPORTED_CLAIM_TRANSACTIONS,loss_section_id,int,4,10,0,1
dbo,IMPORTED_CLAIM_TRANSACTIONS,paid_date,datetime,8,23,3,1
dbo,IMPORTED_CLAIM_TRANSACTIONS,policy_number,varchar,32,0,0,1
dbo,IMPORTED_CLAIM_TRANSACTIONS,received_date,datetime,8,23,3,1
dbo,IMPORTED_CLAIM_TRANSACTIONS,settlement_reason,varchar,255,0,0,1
dbo,IMPORTED_CLAIM_TRANSACTIONS,treatment_start_date,datetime,8,23,3,1
dbo,imported_policy_audit,Co Insurance %,int,4,10,0,1
dbo,imported_policy_audit,Diary ID,int,4,10,0,0
dbo,imported_policy_audit,Effective Date,date,3,10,0,1
dbo,imported_policy_audit,Policy Affinity Code,varchar,50,0,0,1
dbo,imported_policy_audit,Policy ID,int,4,10,0,1
dbo,imported_policy_audit,Transaction Type,varchar,3,0,0,0
dbo,imported_policy_audit,Vol XS,int,4,10,0,1
dbo,ImportedClaimLossCodeLookup,AffinityCode,varchar,10,0,0,1
dbo,ImportedClaimLossCodeLookup,Id,int,4,10,0,0
dbo,ImportedClaimLossCodeLookup,LimitCalculationStrategyType,varchar,30,0,0,1
dbo,ImportedClaimLossCodeLookup,LossCodeAffinityMapTo,varchar,10,0,0,1
dbo,IRI_MAINT_log,body,text,16,0,0,1
dbo,IRI_MAINT_log,description,varchar,128,0,0,1
dbo,IRI_MAINT_log,time_stamp,datetime,8,23,3,1
dbo,IRI_MAINT_system_config,parameter_name,varchar,255,0,0,1
dbo,IRI_MAINT_system_config,parameter_value,varchar,7000,0,0,1
dbo,iri_port,forename,varchar,32,0,0,1
dbo,iri_port,pid,int,4,10,0,0
dbo,iri_port,surname,varchar,32,0,0,1
dbo,iri_port,uatid,int,4,10,0,0
dbo,iri_port,uf,varchar,32,0,0,1
dbo,iri_port,us,varchar,32,0,0,1
dbo,LETTER,AuditID,int,4,10,0,1
dbo,LETTER,Content,varchar,8000,0,0,1
dbo,LETTER,Document,image,16,0,0,1
dbo,LETTER,LetterID,int,4,10,0,0
dbo,LETTER,TemplateID,int,4,10,0,1
dbo,LETTER_MigratedBackup,AuditID,int,4,10,0,1
dbo,LETTER_MigratedBackup,Content,varchar,8000,0,0,1
dbo,LETTER_MigratedBackup,Document,image,16,0,0,1
dbo,LETTER_MigratedBackup,LetterID,int,4,10,0,0
dbo,LETTER_MigratedBackup,TemplateID,int,4,10,0,1
dbo,live_policy_counter,affinity_code,varchar,50,0,0,0
dbo,live_policy_counter,id,int,4,10,0,0
dbo,live_policy_counter,last_update,datetime,8,23,3,0
dbo,live_policy_counter,live_policies_count,int,4,10,0,0
dbo,log_systuser,authoriser,bit,1,1,0,1
dbo,log_systuser,claim_form_print,bit,1,1,0,1
dbo,log_systuser,display_report_groups,bit,1,1,0,1
dbo,log_systuser,email_address,varchar,128,0,0,1
dbo,log_systuser,ext,int,4,10,0,1
dbo,log_systuser,forename,varchar,32,0,0,1
dbo,log_systuser,id,int,4,10,0,0
dbo,log_systuser,initial,varchar,50,0,0,1
dbo,log_systuser,log_systuser_reason_id,int,4,10,0,1
dbo,log_systuser,password_prompt,varchar,50,0,0,1
dbo,log_systuser,pw_date,smalldatetime,4,16,0,0
dbo,log_systuser,read_only,bit,1,1,0,1
dbo,log_systuser,show_in_action_list,bit,1,1,0,1
dbo,log_systuser,surname,varchar,32,0,0,1
dbo,log_systuser,systuser_id,int,4,10,0,1
dbo,log_systuser,title_id,int,4,10,0,1
dbo,log_systuser,user_status,tinyint,1,3,0,1
dbo,log_systuser,username,varchar,50,0,0,0
dbo,log_systuser_affinity,affinity_code,varchar,50,0,0,1
dbo,log_systuser_affinity,id,int,4,10,0,0
dbo,log_systuser_affinity,log_systuser_reason_id,int,4,10,0,1
dbo,log_systuser_affinity,systuser_id,int,4,10,0,1
dbo,log_systuser_group,group_id,int,4,10,0,0
dbo,log_systuser_group,id,int,4,10,0,0
dbo,log_systuser_group,is_primary_group,bit,1,1,0,1
dbo,log_systuser_group,log_systuser_reason_id,int,4,10,0,1
dbo,log_systuser_group,user_id,int,4,10,0,0
dbo,log_systuser_reason,date_time,datetime,8,23,3,0
dbo,log_systuser_reason,id,int,4,10,0,0
dbo,log_systuser_reason,log_systuser_reason_type_id,int,4,10,0,1
dbo,log_systuser_reason,reason_description,nvarchar,512,0,0,1
dbo,log_systuser_reason,syst_user_id,int,4,10,0,1
dbo,log_systuser_reason_type,description,nvarchar,512,0,0,1
dbo,log_systuser_reason_type,id,int,4,10,0,0
dbo,log_systuser_reason_type,inactive_date,datetime,8,23,3,1
dbo,log_systuser_reason_type,requires_extra_information,bit,1,1,0,1
dbo,LOSS_CODE_SECTION,Affinity,nvarchar,6,0,0,1
dbo,LOSS_CODE_SECTION,AffinitySectionID,int,4,10,0,1
dbo,LOSS_CODE_SECTION,Description,nvarchar,510,0,0,0
dbo,LOSS_CODE_SECTION,SectionID,nvarchar,4,0,0,0
dbo,LOSS_CODE_SPECIFIC,Active,tinyint,1,3,0,1
dbo,LOSS_CODE_SPECIFIC,Affinity,nvarchar,6,0,0,1
dbo,LOSS_CODE_SPECIFIC,AffinitySpecificID,int,4,10,0,1
dbo,LOSS_CODE_SPECIFIC,Description,nvarchar,510,0,0,0
dbo,LOSS_CODE_SPECIFIC,Recurrence,varchar,50,0,0,1
dbo,LOSS_CODE_SPECIFIC,SpecificID,int,4,10,0,0
dbo,manual_cancellations,datetimestamp,datetime,8,23,3,0
dbo,manual_cancellations,id,int,4,10,0,0
dbo,manual_cancellations,manual_canx_datetimestamp,datetime,8,23,3,1
dbo,manual_cancellations,manual_canx_systuser_id,int,4,10,0,1
dbo,manual_cancellations,policy_id,int,4,10,0,0
dbo,manual_cancellations,systuser_id,int,4,10,0,0
dbo,message,author_id,int,4,10,0,0
dbo,message,body,varchar,5000,0,0,1
dbo,message,id,int,4,10,0,0
dbo,message,subject,varchar,1024,0,0,0
dbo,message,time_stamp,datetime,8,23,3,0
dbo,MIS_MET_LOAD_STATUS,Date,datetime,8,23,3,0
dbo,MIS_MET_LOAD_STATUS,FileName,varchar,255,0,0,0
dbo,MIS_MET_LOAD_STATUS,Finished,datetime,8,23,3,1
dbo,MIS_MET_LOAD_STATUS,Message,varchar,8000,0,0,0
dbo,MIS_MET_LOAD_STATUS,No_Records,int,4,10,0,1
dbo,MIS_MET_LOAD_STATUS,PK_ID,int,4,10,0,0
dbo,MIS_MET_LOAD_STATUS,Status,char,1,0,0,0
dbo,MSpeer_conflictdetectionconfigrequest,id,int,4,10,0,0
dbo,MSpeer_conflictdetectionconfigrequest,modified_date,datetime,8,23,3,0
dbo,MSpeer_conflictdetectionconfigrequest,phase_timed_out,bit,1,1,0,0
dbo,MSpeer_conflictdetectionconfigrequest,progress_phase,nvarchar,64,0,0,0
dbo,MSpeer_conflictdetectionconfigrequest,publication,sysname,256,0,0,0
dbo,MSpeer_conflictdetectionconfigrequest,sent_date,datetime,8,23,3,0
dbo,MSpeer_conflictdetectionconfigrequest,timeout,int,4,10,0,0
dbo,MSpeer_conflictdetectionconfigresponse,conflictdetection_enabled,bit,1,1,0,1
dbo,MSpeer_conflictdetectionconfigresponse,is_peer,bit,1,1,0,1
dbo,MSpeer_conflictdetectionconfigresponse,modified_date,datetime,8,23,3,1
dbo,MSpeer_conflictdetectionconfigresponse,originator_id,int,4,10,0,1
dbo,MSpeer_conflictdetectionconfigresponse,peer_conflict_retention,int,4,10,0,1
dbo,MSpeer_conflictdetectionconfigresponse,peer_continue_onconflict,bit,1,1,0,1
dbo,MSpeer_conflictdetectionconfigresponse,peer_db,sysname,256,0,0,0
dbo,MSpeer_conflictdetectionconfigresponse,peer_db_version,int,4,10,0,1
dbo,MSpeer_conflictdetectionconfigresponse,peer_node,sysname,256,0,0,0
dbo,MSpeer_conflictdetectionconfigresponse,peer_subscriptions,xml,-1,0,0,1
dbo,MSpeer_conflictdetectionconfigresponse,peer_version,int,4,10,0,1
dbo,MSpeer_conflictdetectionconfigresponse,progress_phase,nvarchar,64,0,0,0
dbo,MSpeer_conflictdetectionconfigresponse,request_id,int,4,10,0,0
dbo,MSpeer_lsns,id,int,4,10,0,0
dbo,MSpeer_lsns,last_updated,datetime,8,23,3,1
dbo,MSpeer_lsns,originator,sysname,256,0,0,0
dbo,MSpeer_lsns,originator_db,sysname,256,0,0,0
dbo,MSpeer_lsns,originator_db_version,int,4,10,0,1
dbo,MSpeer_lsns,originator_id,int,4,10,0,1
dbo,MSpeer_lsns,originator_lsn,varbinary,16,0,0,1
dbo,MSpeer_lsns,originator_publication,sysname,256,0,0,0
dbo,MSpeer_lsns,originator_publication_id,int,4,10,0,1
dbo,MSpeer_lsns,originator_version,int,4,10,0,1
dbo,MSpeer_originatorid_history,inserted_date,datetime,8,23,3,0
dbo,MSpeer_originatorid_history,originator_db,sysname,256,0,0,0
dbo,MSpeer_originatorid_history,originator_db_version,int,4,10,0,0
dbo,MSpeer_originatorid_history,originator_id,int,4,10,0,0
dbo,MSpeer_originatorid_history,originator_node,sysname,256,0,0,0
dbo,MSpeer_originatorid_history,originator_publication,sysname,256,0,0,0
dbo,MSpeer_originatorid_history,originator_version,int,4,10,0,0
dbo,MSpeer_request,description,nvarchar,8000,0,0,1
dbo,MSpeer_request,id,int,4,10,0,0
dbo,MSpeer_request,publication,sysname,256,0,0,0
dbo,MSpeer_request,sent_date,datetime,8,23,3,1
dbo,MSpeer_response,peer,sysname,256,0,0,0
dbo,MSpeer_response,peer_db,sysname,256,0,0,0
dbo,MSpeer_response,received_date,datetime,8,23,3,1
dbo,MSpeer_response,request_id,int,4,10,0,1
dbo,MSpeer_topologyrequest,id,int,4,10,0,0
dbo,MSpeer_topologyrequest,publication,sysname,256,0,0,0
dbo,MSpeer_topologyrequest,sent_date,datetime,8,23,3,1
dbo,MSpeer_topologyresponse,connection_info,xml,-1,0,0,1
dbo,MSpeer_topologyresponse,originator_id,int,4,10,0,1
dbo,MSpeer_topologyresponse,peer,sysname,256,0,0,0
dbo,MSpeer_topologyresponse,peer_conflict_retention,int,4,10,0,1
dbo,MSpeer_topologyresponse,peer_db,sysname,256,0,0,0
dbo,MSpeer_topologyresponse,peer_version,int,4,10,0,1
dbo,MSpeer_topologyresponse,received_date,datetime,8,23,3,1
dbo,MSpeer_topologyresponse,request_id,int,4,10,0,1
dbo,MSpub_identity_range,current_pub_range,bigint,8,19,0,0
dbo,MSpub_identity_range,last_seed,bigint,8,19,0,1
dbo,MSpub_identity_range,objid,int,4,10,0,0
dbo,MSpub_identity_range,pub_range,bigint,8,19,0,0
dbo,MSpub_identity_range,range,bigint,8,19,0,0
dbo,MSpub_identity_range,threshold,int,4,10,0,0
dbo,mta_quote,backdate_date,datetime,8,23,3,1
dbo,mta_quote,created_datetime,datetime,8,23,3,0
dbo,mta_quote,expiry_datetime,datetime,8,23,3,0
dbo,mta_quote,id,bigint,8,19,0,0
dbo,mta_quote,is_backdated,bit,1,1,0,0
dbo,mta_quote,is_pre_inception,bit,1,1,0,0
dbo,mta_quote,is_renewal,bit,1,1,0,0
dbo,mta_quote,monthly_premium_after,money,8,19,4,0
dbo,mta_quote,monthly_premium_before,money,8,19,4,0
dbo,mta_quote,mta_type_id,int,4,10,0,0
dbo,mta_quote,premium_id,int,4,10,0,0
dbo,mta_quote,pricing_engine_id,bigint,8,19,0,0
dbo,mta_quote,renewal_mta_quote_id,bigint,8,19,0,1
dbo,mta_quote,systuser_id,int,4,10,0,1
dbo,mta_quote_detail,after_value,varchar,-1,0,0,1
dbo,mta_quote_detail,before_value,varchar,-1,0,0,1
dbo,mta_quote_detail,id,bigint,8,19,0,0
dbo,mta_quote_detail,mta_quote_detail_type_id,int,4,10,0,0
dbo,mta_quote_detail,mta_quote_id,bigint,8,19,0,0
dbo,mta_quote_detail_type,description,varchar,50,0,0,0
dbo,mta_quote_detail_type,id,int,4,10,0,0
dbo,mta_quote_expiry_configuration,cover_id,int,4,10,0,0
dbo,mta_quote_expiry_configuration,effective_date,date,3,10,0,0
dbo,mta_quote_expiry_configuration,expiry_minutes,int,4,10,0,1
dbo,mta_quote_expiry_configuration,id,int,4,10,0,0
dbo,mta_quote_type,description,varchar,50,0,0,0
dbo,mta_quote_type,id,int,4,10,0,0
dbo,multisun_temp,amount,decimal,9,10,2,1
dbo,multisun_temp,card_type_id,int,4,10,0,1
dbo,multisun_temp,ClientIPAddress,varchar,64,0,0,1
dbo,multisun_temp,create_date,smalldatetime,4,16,0,0
dbo,multisun_temp,dd_account_own,bit,1,1,0,1
dbo,multisun_temp,dd_payment_profile_id,tinyint,1,3,0,1
dbo,multisun_temp,dd_setup_cancelled,int,4,10,0,0
dbo,multisun_temp,dd_setup_cancelled_date,datetime,8,23,3,1
dbo,multisun_temp,enc_account_name,varbinary,256,0,0,1
dbo,multisun_temp,enc_account_number,varbinary,256,0,0,1
dbo,multisun_temp,enc_card_name,varbinary,256,0,0,1
dbo,multisun_temp,enc_card_number,varbinary,256,0,0,1
dbo,multisun_temp,enc_issue_number,varbinary,256,0,0,1
dbo,multisun_temp,enc_sort_code,varbinary,256,0,0,1
dbo,multisun_temp,enc_valid_from,varbinary,52,0,0,1
dbo,multisun_temp,enc_valid_to,varbinary,52,0,0,1
dbo,multisun_temp,id,uniqueidentifier,16,0,0,0
dbo,multisun_temp,payday,int,4,10,0,1
dbo,multisun_temp,payment_type_id,int,4,10,0,0
dbo,multisun_temp,policy_id,int,4,10,0,1
dbo,multisun_temp,PolicyID,int,4,10,0,0
dbo,multisun_temp,post_result,varchar,8000,0,0,1
dbo,multisun_temp,setup,tinyint,1,3,0,1
dbo,multisun_temp,setup_datetimestamp,datetime,8,23,3,1
dbo,multisun_temp,suspended,bit,1,1,0,1
dbo,multisun_temp,third_party_address1,varchar,50,0,0,1
dbo,multisun_temp,third_party_address2,varchar,35,0,0,1
dbo,multisun_temp,third_party_address3,varchar,35,0,0,1
dbo,multisun_temp,third_party_address4,varchar,35,0,0,1
dbo,multisun_temp,third_party_address5,varchar,35,0,0,1
dbo,multisun_temp,third_party_postcode,varchar,10,0,0,1
dbo,multisun_temp,update_date,smalldatetime,4,16,0,0
dbo,new_charges_report_output,Affinity Partner Commission,decimal,9,10,2,1
dbo,new_charges_report_output,Amount of Transaction,decimal,9,10,2,1
dbo,new_charges_report_output,Cancellation Date,varchar,30,0,0,1
dbo,new_charges_report_output,charge_id,int,4,10,0,0
dbo,new_charges_report_output,Discount (£),decimal,9,13,2,1
dbo,new_charges_report_output,End of Cover,varchar,30,0,0,1
dbo,new_charges_report_output,Insured,varchar,-1,0,0,1
dbo,new_charges_report_output,IPT,decimal,9,10,2,1
dbo,new_charges_report_output,Pet Name,varchar,60,0,0,1
dbo,new_charges_report_output,Policy Number,varchar,32,0,0,1
dbo,new_charges_report_output,PolicyID,int,4,10,0,0
dbo,new_charges_report_output,Promotion Code,nvarchar,100,0,0,0
dbo,new_charges_report_output,Referrer,nvarchar,100,0,0,0
dbo,new_charges_report_output,Start of Cover,varchar,30,0,0,1
dbo,new_charges_report_output,Transaction Date,varchar,30,0,0,1
dbo,new_charges_report_output,Type of Transaction,nvarchar,100,0,0,1
dbo,new_charges_report_output,Underwriting Amount,decimal,9,10,2,1
dbo,new_charges_report_output,UPP Commission,decimal,9,10,2,1
dbo,new_charges_report_output,Vet Clinic,nvarchar,128,0,0,0
dbo,new_finance_report_output,Admin Charges,decimal,9,10,2,1
dbo,new_finance_report_output,Affinity Partner Commission,decimal,9,10,6,1
dbo,new_finance_report_output,Amount of Transaction,decimal,9,10,2,1
dbo,new_finance_report_output,Annual  Premium,decimal,9,13,2,0
dbo,new_finance_report_output,Area Code,varchar,30,0,0,0
dbo,new_finance_report_output,Book Year,int,4,10,0,1
dbo,new_finance_report_output,Breed group,char,1,0,0,0
dbo,new_finance_report_output,breed_description,varchar,60,0,0,1
dbo,new_finance_report_output,Cancellation Date,varchar,30,0,0,1
dbo,new_finance_report_output,Discount (£),money,8,19,4,1
dbo,new_finance_report_output,dob,varchar,30,0,0,0
dbo,new_finance_report_output,Error,varchar,51,0,0,0
dbo,new_finance_report_output,firstname,varchar,35,0,0,0
dbo,new_finance_report_output,gender,varchar,6,0,0,1
dbo,new_finance_report_output,inception_date,varchar,30,0,0,1
dbo,new_finance_report_output,Insured,varchar,-1,0,0,1
dbo,new_finance_report_output,Introducer Commission,decimal,9,10,6,1
dbo,new_finance_report_output,IPT,decimal,9,10,6,1
dbo,new_finance_report_output,lastname,varchar,35,0,0,0
dbo,new_finance_report_output,Monthly Gross Premium (incl IPT),decimal,9,10,2,0
dbo,new_finance_report_output,Monthly Instalments?,varchar,3,0,0,0
dbo,new_finance_report_output,Pet Name,varchar,60,0,0,1
dbo,new_finance_report_output,Pet Purchase Price,int,4,10,0,1
dbo,new_finance_report_output,pet_dob,varchar,30,0,0,1
dbo,new_finance_report_output,pet_type_code,varchar,64,0,0,0
dbo,new_finance_report_output,ph_postcode,varchar,16,0,0,1
dbo,new_finance_report_output,Policy Number,varchar,32,0,0,1
dbo,new_finance_report_output,Policy Outcome/Type,varchar,12,0,0,0
dbo,new_finance_report_output,Policy_expire,varchar,30,0,0,1
dbo,new_finance_report_output,PolicyID,int,4,10,0,0
dbo,new_finance_report_output,Product_Code,varchar,4,0,0,1
dbo,new_finance_report_output,Promotion Code,nvarchar,100,0,0,0
dbo,new_finance_report_output,Referrer,nvarchar,100,0,0,0
dbo,new_finance_report_output,Renewal Date,varchar,30,0,0,1
dbo,new_finance_report_output,Sales Channel,varchar,8,0,0,0
dbo,new_finance_report_output,Start of Cover,varchar,30,0,0,1
dbo,new_finance_report_output,title,varchar,50,0,0,1
dbo,new_finance_report_output,Transaction Date,varchar,30,0,0,1
dbo,new_finance_report_output,Type of Transaction,nvarchar,100,0,0,1
dbo,new_finance_report_output,Underwriter,varchar,3,0,0,1
dbo,new_finance_report_output,Underwriting Amount,decimal,9,10,6,1
dbo,new_finance_report_output,UPP Commission,decimal,9,10,6,1
dbo,new_finance_report_output,Vet Clinic,nvarchar,128,0,0,0
dbo,old_charges_report_output,Affinity Partner Commission,decimal,9,10,2,1
dbo,old_charges_report_output,Amount of Transaction,decimal,9,10,2,1
dbo,old_charges_report_output,Cancellation Date,varchar,30,0,0,1
dbo,old_charges_report_output,charge_id,int,4,10,0,0
dbo,old_charges_report_output,Discount (£),decimal,9,13,2,1
dbo,old_charges_report_output,End of Cover,varchar,30,0,0,1
dbo,old_charges_report_output,Insured,varchar,-1,0,0,1
dbo,old_charges_report_output,IPT,decimal,9,10,2,1
dbo,old_charges_report_output,Pet Name,varchar,60,0,0,1
dbo,old_charges_report_output,Policy Number,varchar,32,0,0,1
dbo,old_charges_report_output,PolicyID,int,4,10,0,0
dbo,old_charges_report_output,Promotion Code,nvarchar,20,0,0,0
dbo,old_charges_report_output,Referrer,nvarchar,100,0,0,0
dbo,old_charges_report_output,Start of Cover,varchar,30,0,0,1
dbo,old_charges_report_output,Transaction Date,varchar,30,0,0,1
dbo,old_charges_report_output,Type of Transaction,nvarchar,100,0,0,1
dbo,old_charges_report_output,Underwriting Amount,decimal,9,10,2,1
dbo,old_charges_report_output,UPP Commission,decimal,9,10,2,1
dbo,old_charges_report_output,Vet Clinic,nvarchar,128,0,0,0
dbo,old_finance_report_output,Admin Charges,decimal,9,10,2,1
dbo,old_finance_report_output,Affinity Partner Commission,decimal,9,10,6,1
dbo,old_finance_report_output,Amount of Transaction,decimal,9,10,2,1
dbo,old_finance_report_output,Annual  Premium,decimal,9,13,2,0
dbo,old_finance_report_output,Area Code,varchar,30,0,0,0
dbo,old_finance_report_output,Book Year,int,4,10,0,1
dbo,old_finance_report_output,Breed group,char,1,0,0,0
dbo,old_finance_report_output,breed_description,varchar,60,0,0,1
dbo,old_finance_report_output,Cancellation Date,varchar,30,0,0,1
dbo,old_finance_report_output,Discount (£),money,8,19,4,1
dbo,old_finance_report_output,dob,varchar,30,0,0,0
dbo,old_finance_report_output,Error,varchar,51,0,0,0
dbo,old_finance_report_output,firstname,varchar,35,0,0,0
dbo,old_finance_report_output,gender,varchar,6,0,0,1
dbo,old_finance_report_output,inception_date,varchar,30,0,0,1
dbo,old_finance_report_output,Insured,varchar,-1,0,0,1
dbo,old_finance_report_output,Introducer Commission,decimal,9,10,6,1
dbo,old_finance_report_output,IPT,decimal,9,10,6,1
dbo,old_finance_report_output,lastname,varchar,35,0,0,0
dbo,old_finance_report_output,Monthly Gross Premium (incl IPT),decimal,9,10,2,0
dbo,old_finance_report_output,Monthly Instalments?,varchar,3,0,0,0
dbo,old_finance_report_output,Pet Name,varchar,60,0,0,1
dbo,old_finance_report_output,Pet Purchase Price,int,4,10,0,1
dbo,old_finance_report_output,pet_dob,varchar,30,0,0,1
dbo,old_finance_report_output,pet_type_code,varchar,64,0,0,0
dbo,old_finance_report_output,ph_postcode,varchar,16,0,0,1
dbo,old_finance_report_output,Policy Number,varchar,32,0,0,1
dbo,old_finance_report_output,Policy Outcome/Type,varchar,12,0,0,0
dbo,old_finance_report_output,Policy_expire,varchar,30,0,0,1
dbo,old_finance_report_output,PolicyID,int,4,10,0,0
dbo,old_finance_report_output,Product_Code,varchar,50,0,0,1
dbo,old_finance_report_output,Promotion Code,nvarchar,100,0,0,0
dbo,old_finance_report_output,Referrer,nvarchar,100,0,0,0
dbo,old_finance_report_output,Renewal Date,varchar,30,0,0,1
dbo,old_finance_report_output,Sales Channel,varchar,8,0,0,0
dbo,old_finance_report_output,Start of Cover,varchar,30,0,0,1
dbo,old_finance_report_output,title,varchar,50,0,0,1
dbo,old_finance_report_output,Transaction Date,varchar,30,0,0,1
dbo,old_finance_report_output,Type of Transaction,nvarchar,100,0,0,1
dbo,old_finance_report_output,Underwriter,varchar,3,0,0,1
dbo,old_finance_report_output,Underwriting Amount,decimal,9,10,6,1
dbo,old_finance_report_output,UPP Commission,decimal,9,10,6,1
dbo,old_finance_report_output,Vet Clinic,nvarchar,128,0,0,0
dbo,oldsun_cancel,amount,decimal,9,10,2,1
dbo,oldsun_cancel,card_type_id,int,4,10,0,1
dbo,oldsun_cancel,ClientIPAddress,varchar,64,0,0,1
dbo,oldsun_cancel,create_date,smalldatetime,4,16,0,0
dbo,oldsun_cancel,dd_account_own,bit,1,1,0,1
dbo,oldsun_cancel,dd_payment_profile_id,tinyint,1,3,0,1
dbo,oldsun_cancel,dd_setup_cancelled,int,4,10,0,0
dbo,oldsun_cancel,dd_setup_cancelled_date,datetime,8,23,3,1
dbo,oldsun_cancel,enc_account_name,varbinary,256,0,0,1
dbo,oldsun_cancel,enc_account_number,varbinary,256,0,0,1
dbo,oldsun_cancel,enc_card_name,varbinary,256,0,0,1
dbo,oldsun_cancel,enc_card_number,varbinary,256,0,0,1
dbo,oldsun_cancel,enc_issue_number,varbinary,256,0,0,1
dbo,oldsun_cancel,enc_sort_code,varbinary,256,0,0,1
dbo,oldsun_cancel,enc_valid_from,varbinary,52,0,0,1
dbo,oldsun_cancel,enc_valid_to,varbinary,52,0,0,1
dbo,oldsun_cancel,id,uniqueidentifier,16,0,0,0
dbo,oldsun_cancel,payday,int,4,10,0,1
dbo,oldsun_cancel,payment_type_id,int,4,10,0,0
dbo,oldsun_cancel,policy_id,int,4,10,0,1
dbo,oldsun_cancel,post_result,varchar,8000,0,0,1
dbo,oldsun_cancel,setup,tinyint,1,3,0,1
dbo,oldsun_cancel,setup_datetimestamp,datetime,8,23,3,1
dbo,oldsun_cancel,suspended,bit,1,1,0,1
dbo,oldsun_cancel,third_party_address1,varchar,50,0,0,1
dbo,oldsun_cancel,third_party_address2,varchar,35,0,0,1
dbo,oldsun_cancel,third_party_address3,varchar,35,0,0,1
dbo,oldsun_cancel,third_party_address4,varchar,35,0,0,1
dbo,oldsun_cancel,third_party_address5,varchar,35,0,0,1
dbo,oldsun_cancel,third_party_postcode,varchar,10,0,0,1
dbo,oldsun_cancel,update_date,smalldatetime,4,16,0,0
dbo,payday_fix,done,bit,1,1,0,1
dbo,payday_fix,new_payday,int,4,10,0,1
dbo,payday_fix,old_payday,int,4,10,0,1
dbo,payday_fix,policy_id,int,4,10,0,1
dbo,payday_fix,policy_number,varchar,50,0,0,1
dbo,payday_fix,renewal_date,datetime,8,23,3,1
dbo,PAYMENT,amount,decimal,9,10,2,0
dbo,PAYMENT,authorisation_code,varchar,20,0,0,1
dbo,PAYMENT,bacs_premium_refund_id,int,4,10,0,1
dbo,PAYMENT,card_number,varchar,50,0,0,1
dbo,PAYMENT,card_type,varchar,20,0,0,1
dbo,PAYMENT,claim_payment_id,int,4,10,0,1
dbo,PAYMENT,collection_date,date,3,10,0,0
dbo,PAYMENT,credit_control_review,tinyint,1,3,0,1
dbo,PAYMENT,datetimestamp,smalldatetime,4,16,0,1
dbo,PAYMENT,payment_id,int,4,10,0,0
dbo,PAYMENT,payment_type,char,1,0,0,0
dbo,PAYMENT,policy_id,int,4,10,0,0
dbo,PAYMENT,premium_id,int,4,10,0,1
dbo,PAYMENT,send_unpaid_dd_letter,bit,1,1,0,1
dbo,PAYMENT_Asda_Incident_20211006,amount,decimal,9,10,2,0
dbo,PAYMENT_Asda_Incident_20211006,authorisation_code,varchar,20,0,0,1
dbo,PAYMENT_Asda_Incident_20211006,bacs_premium_refund_id,int,4,10,0,1
dbo,PAYMENT_Asda_Incident_20211006,card_number,varchar,50,0,0,1
dbo,PAYMENT_Asda_Incident_20211006,card_type,varchar,20,0,0,1
dbo,PAYMENT_Asda_Incident_20211006,claim_payment_id,int,4,10,0,1
dbo,PAYMENT_Asda_Incident_20211006,collection_date,date,3,10,0,0
dbo,PAYMENT_Asda_Incident_20211006,credit_control_review,tinyint,1,3,0,1
dbo,PAYMENT_Asda_Incident_20211006,datetimestamp,smalldatetime,4,16,0,1
dbo,PAYMENT_Asda_Incident_20211006,payment_id,int,4,10,0,0
dbo,PAYMENT_Asda_Incident_20211006,payment_type,char,1,0,0,0
dbo,PAYMENT_Asda_Incident_20211006,policy_id,int,4,10,0,0
dbo,PAYMENT_Asda_Incident_20211006,premium_id,int,4,10,0,1
dbo,PAYMENT_Asda_Incident_20211006,send_unpaid_dd_letter,bit,1,1,0,1
dbo,PAYMENT_Asda_Incident_20211006_Archive,amount,decimal,9,10,2,0
dbo,PAYMENT_Asda_Incident_20211006_Archive,authorisation_code,varchar,20,0,0,1
dbo,PAYMENT_Asda_Incident_20211006_Archive,bacs_premium_refund_id,int,4,10,0,1
dbo,PAYMENT_Asda_Incident_20211006_Archive,card_number,varchar,50,0,0,1
dbo,PAYMENT_Asda_Incident_20211006_Archive,card_type,varchar,20,0,0,1
dbo,PAYMENT_Asda_Incident_20211006_Archive,claim_payment_id,int,4,10,0,1
dbo,PAYMENT_Asda_Incident_20211006_Archive,collection_date,date,3,10,0,0
dbo,PAYMENT_Asda_Incident_20211006_Archive,credit_control_review,tinyint,1,3,0,1
dbo,PAYMENT_Asda_Incident_20211006_Archive,datetimestamp,smalldatetime,4,16,0,1
dbo,PAYMENT_Asda_Incident_20211006_Archive,payment_id,int,4,10,0,0
dbo,PAYMENT_Asda_Incident_20211006_Archive,payment_type,char,1,0,0,0
dbo,PAYMENT_Asda_Incident_20211006_Archive,policy_id,int,4,10,0,0
dbo,PAYMENT_Asda_Incident_20211006_Archive,premium_id,int,4,10,0,1
dbo,PAYMENT_Asda_Incident_20211006_Archive,send_unpaid_dd_letter,bit,1,1,0,1
dbo,payment_clearance_working,bacs_batch_number,char,15,0,0,1
dbo,payment_clearance_working,claim_id,int,4,10,0,1
dbo,payment_clearance_working,clearing_amount,money,8,19,4,0
dbo,payment_clearance_working,clearing_date,date,3,10,0,0
dbo,payment_clearance_working,is_error,bit,1,1,0,1
dbo,payment_clearance_working,message,varchar,1000,0,0,1
dbo,payment_clearance_working,payment_amount,money,8,19,4,1
dbo,payment_clearance_working,payment_date,date,3,10,0,1
dbo,payment_clearance_working,reference,varchar,35,0,0,1
dbo,payment_clearance_working,systuser_id,int,4,10,0,0
dbo,payment_clearance_working,type,varchar,5,0,0,0
dbo,payment_clearance_working,underwriter,varchar,3,0,0,1
dbo,payment_detail,amount,decimal,9,10,2,1
dbo,payment_detail,card_type_id,int,4,10,0,1
dbo,payment_detail,ClientIPAddress,varchar,64,0,0,1
dbo,payment_detail,create_date,smalldatetime,4,16,0,0
dbo,payment_detail,dd_account_own,bit,1,1,0,1
dbo,payment_detail,dd_payment_profile_id,tinyint,1,3,0,1
dbo,payment_detail,dd_setup_cancelled,int,4,10,0,0
dbo,payment_detail,dd_setup_cancelled_date,datetime,8,23,3,1
dbo,payment_detail,enc_account_name,varbinary,256,0,0,1
dbo,payment_detail,enc_account_number,varbinary,256,0,0,1
dbo,payment_detail,enc_card_name,varbinary,256,0,0,1
dbo,payment_detail,enc_card_number,varbinary,256,0,0,1
dbo,payment_detail,enc_issue_number,varbinary,256,0,0,1
dbo,payment_detail,enc_sort_code,varbinary,256,0,0,1
dbo,payment_detail,enc_valid_from,varbinary,52,0,0,1
dbo,payment_detail,enc_valid_to,varbinary,52,0,0,1
dbo,payment_detail,id,int,4,10,0,0
dbo,payment_detail,payday,int,4,10,0,1
dbo,payment_detail,payment_type_id,int,4,10,0,0
dbo,payment_detail,policy_id,int,4,10,0,1
dbo,payment_detail,post_result,varchar,8000,0,0,1
dbo,payment_detail,setup,tinyint,1,3,0,1
dbo,payment_detail,setup_datetimestamp,datetime,8,23,3,1
dbo,payment_detail,suspended,bit,1,1,0,1
dbo,payment_detail,third_party_address1,varchar,50,0,0,1
dbo,payment_detail,third_party_address2,varchar,35,0,0,1
dbo,payment_detail,third_party_address3,varchar,35,0,0,1
dbo,payment_detail,third_party_address4,varchar,35,0,0,1
dbo,payment_detail,third_party_address5,varchar,35,0,0,1
dbo,payment_detail,third_party_postcode,varchar,10,0,0,1
dbo,payment_detail,update_date,smalldatetime,4,16,0,0
dbo,payment_detail_20150529,amount,decimal,9,10,2,1
dbo,payment_detail_20150529,card_type_id,int,4,10,0,1
dbo,payment_detail_20150529,ClientIPAddress,varchar,64,0,0,1
dbo,payment_detail_20150529,create_date,smalldatetime,4,16,0,0
dbo,payment_detail_20150529,dd_account_own,bit,1,1,0,1
dbo,payment_detail_20150529,dd_payment_profile_id,tinyint,1,3,0,1
dbo,payment_detail_20150529,dd_setup_cancelled,int,4,10,0,0
dbo,payment_detail_20150529,dd_setup_cancelled_date,datetime,8,23,3,1
dbo,payment_detail_20150529,enc_account_name,varbinary,256,0,0,1
dbo,payment_detail_20150529,enc_account_number,varbinary,256,0,0,1
dbo,payment_detail_20150529,enc_card_name,varbinary,256,0,0,1
dbo,payment_detail_20150529,enc_card_number,varbinary,256,0,0,1
dbo,payment_detail_20150529,enc_issue_number,varbinary,256,0,0,1
dbo,payment_detail_20150529,enc_sort_code,varbinary,256,0,0,1
dbo,payment_detail_20150529,enc_valid_from,varbinary,52,0,0,1
dbo,payment_detail_20150529,enc_valid_to,varbinary,52,0,0,1
dbo,payment_detail_20150529,id,int,4,10,0,0
dbo,payment_detail_20150529,payday,int,4,10,0,1
dbo,payment_detail_20150529,payment_type_id,int,4,10,0,0
dbo,payment_detail_20150529,policy_id,int,4,10,0,1
dbo,payment_detail_20150529,post_result,varchar,8000,0,0,1
dbo,payment_detail_20150529,setup,tinyint,1,3,0,1
dbo,payment_detail_20150529,setup_datetimestamp,datetime,8,23,3,1
dbo,payment_detail_20150529,suspended,bit,1,1,0,1
dbo,payment_detail_20150529,third_party_address1,varchar,50,0,0,1
dbo,payment_detail_20150529,third_party_address2,varchar,35,0,0,1
dbo,payment_detail_20150529,third_party_address3,varchar,35,0,0,1
dbo,payment_detail_20150529,third_party_address4,varchar,35,0,0,1
dbo,payment_detail_20150529,third_party_address5,varchar,35,0,0,1
dbo,payment_detail_20150529,third_party_postcode,varchar,10,0,0,1
dbo,payment_detail_20150529,update_date,smalldatetime,4,16,0,0
dbo,payment_detail_old,amount,decimal,9,10,2,1
dbo,payment_detail_old,card_type_id,int,4,10,0,1
dbo,payment_detail_old,ClientIPAddress,varchar,64,0,0,1
dbo,payment_detail_old,create_date,smalldatetime,4,16,0,0
dbo,payment_detail_old,dd_account_own,bit,1,1,0,1
dbo,payment_detail_old,dd_payment_profile_id,tinyint,1,3,0,1
dbo,payment_detail_old,dd_setup_cancelled,int,4,10,0,0
dbo,payment_detail_old,dd_setup_cancelled_date,datetime,8,23,3,1
dbo,payment_detail_old,enc_account_name,varbinary,256,0,0,1
dbo,payment_detail_old,enc_account_number,varbinary,256,0,0,1
dbo,payment_detail_old,enc_card_name,varbinary,256,0,0,1
dbo,payment_detail_old,enc_card_number,varbinary,256,0,0,1
dbo,payment_detail_old,enc_issue_number,varbinary,256,0,0,1
dbo,payment_detail_old,enc_sort_code,varbinary,256,0,0,1
dbo,payment_detail_old,enc_valid_from,varbinary,52,0,0,1
dbo,payment_detail_old,enc_valid_to,varbinary,52,0,0,1
dbo,payment_detail_old,id,uniqueidentifier,16,0,0,0
dbo,payment_detail_old,payday,int,4,10,0,1
dbo,payment_detail_old,payment_type_id,int,4,10,0,0
dbo,payment_detail_old,policy_id,int,4,10,0,1
dbo,payment_detail_old,post_result,varchar,8000,0,0,1
dbo,payment_detail_old,setup,tinyint,1,3,0,1
dbo,payment_detail_old,setup_datetimestamp,datetime,8,23,3,1
dbo,payment_detail_old,suspended,bit,1,1,0,1
dbo,payment_detail_old,third_party_address1,varchar,50,0,0,1
dbo,payment_detail_old,third_party_address2,varchar,35,0,0,1
dbo,payment_detail_old,third_party_address3,varchar,35,0,0,1
dbo,payment_detail_old,third_party_address4,varchar,35,0,0,1
dbo,payment_detail_old,third_party_address5,varchar,35,0,0,1
dbo,payment_detail_old,third_party_postcode,varchar,10,0,0,1
dbo,payment_detail_old,update_date,smalldatetime,4,16,0,0
dbo,payment_report_ROB_B_TMP,Admin Charges,decimal,9,10,2,1
dbo,payment_report_ROB_B_TMP,Affinity Partner Commission,decimal,9,12,6,1
dbo,payment_report_ROB_B_TMP,Amount of Transaction,decimal,9,10,2,1
dbo,payment_report_ROB_B_TMP,Annual  Premium,decimal,9,13,2,0
dbo,payment_report_ROB_B_TMP,Annual Helplines,decimal,9,10,2,1
dbo,payment_report_ROB_B_TMP,Area Code,varchar,30,0,0,0
dbo,payment_report_ROB_B_TMP,Book Year,int,4,10,0,1
dbo,payment_report_ROB_B_TMP,Breed group,char,1,0,0,0
dbo,payment_report_ROB_B_TMP,breed_description,varchar,60,0,0,1
dbo,payment_report_ROB_B_TMP,Cancellation Date,varchar,30,0,0,1
dbo,payment_report_ROB_B_TMP,cancelleddate,smalldatetime,4,16,0,1
dbo,payment_report_ROB_B_TMP,Cover Level,varchar,256,0,0,1
dbo,payment_report_ROB_B_TMP,Date Charges Applied,varchar,30,0,0,0
dbo,payment_report_ROB_B_TMP,Discount (£),money,8,19,4,1
dbo,payment_report_ROB_B_TMP,dob,varchar,30,0,0,0
dbo,payment_report_ROB_B_TMP,effective_date,smalldatetime,4,16,0,1
dbo,payment_report_ROB_B_TMP,Error,varchar,51,0,0,0
dbo,payment_report_ROB_B_TMP,firstname,varchar,35,0,0,0
dbo,payment_report_ROB_B_TMP,gender,varchar,6,0,0,1
dbo,payment_report_ROB_B_TMP,Helplines,decimal,9,10,4,1
dbo,payment_report_ROB_B_TMP,inception_date,varchar,30,0,0,1
dbo,payment_report_ROB_B_TMP,Insured,varchar,122,0,0,1
dbo,payment_report_ROB_B_TMP,Introducer Commission,decimal,9,12,6,1
dbo,payment_report_ROB_B_TMP,IPT,decimal,9,12,6,1
dbo,payment_report_ROB_B_TMP,IPT Rate,decimal,5,5,2,1
dbo,payment_report_ROB_B_TMP,lastname,varchar,35,0,0,0
dbo,payment_report_ROB_B_TMP,Monthly Gross Premium (incl IPT),decimal,9,10,2,0
dbo,payment_report_ROB_B_TMP,Monthly Instalments?,varchar,7,0,0,1
dbo,payment_report_ROB_B_TMP,MTA Effective Date,varchar,30,0,0,1
dbo,payment_report_ROB_B_TMP,neutered,varchar,1,0,0,1
dbo,payment_report_ROB_B_TMP,Pet Name,varchar,60,0,0,1
dbo,payment_report_ROB_B_TMP,Pet Purchase Price,int,4,10,0,1
dbo,payment_report_ROB_B_TMP,pet_dob,varchar,30,0,0,1
dbo,payment_report_ROB_B_TMP,pet_type_code,varchar,64,0,0,0
dbo,payment_report_ROB_B_TMP,ph_postcode,varchar,16,0,0,1
dbo,payment_report_ROB_B_TMP,Policy Number,varchar,32,0,0,1
dbo,payment_report_ROB_B_TMP,Policy Outcome/Type,varchar,12,0,0,0
dbo,payment_report_ROB_B_TMP,Policy_expire,varchar,30,0,0,1
dbo,payment_report_ROB_B_TMP,PolicyID,int,4,10,0,0
dbo,payment_report_ROB_B_TMP,PolicyInceptionDate,smalldatetime,4,16,0,1
dbo,payment_report_ROB_B_TMP,premium_id,int,4,10,0,1
dbo,payment_report_ROB_B_TMP,Product_Code,varchar,4,0,0,1
dbo,payment_report_ROB_B_TMP,Promotion Code,nvarchar,100,0,0,0
dbo,payment_report_ROB_B_TMP,Referrer,nvarchar,100,0,0,0
dbo,payment_report_ROB_B_TMP,Renewal Date,varchar,30,0,0,1
dbo,payment_report_ROB_B_TMP,RenewalDate,smalldatetime,4,16,0,1
dbo,payment_report_ROB_B_TMP,Sales Channel,varchar,8,0,0,0
dbo,payment_report_ROB_B_TMP,Start of Cover,varchar,30,0,0,1
dbo,payment_report_ROB_B_TMP,StartDate,smalldatetime,4,16,0,1
dbo,payment_report_ROB_B_TMP,title,varchar,50,0,0,1
dbo,payment_report_ROB_B_TMP,TPL Underwriting Amount,decimal,9,12,6,1
dbo,payment_report_ROB_B_TMP,TPL Underwriting IPT,decimal,9,12,6,1
dbo,payment_report_ROB_B_TMP,Transaction Date,smalldatetime,4,16,0,0
dbo,payment_report_ROB_B_TMP,Type of Transaction,nvarchar,100,0,0,1
dbo,payment_report_ROB_B_TMP,Type of Transaction ID,char,1,0,0,1
dbo,payment_report_ROB_B_TMP,Underwriter,varchar,3,0,0,1
dbo,payment_report_ROB_B_TMP,Underwriting Amount,decimal,9,12,6,1
dbo,payment_report_ROB_B_TMP,Underwriting IPT,decimal,9,12,6,1
dbo,payment_report_ROB_B_TMP,UPP Commission,decimal,9,12,6,1
dbo,payment_report_ROB_B_TMP,Vet Clinic,nvarchar,128,0,0,0
dbo,payment_report_ROB_B_TMP,Vet Group,nvarchar,200,0,0,0
dbo,payment_schedule_new,in_progress,bit,1,1,0,1
dbo,payment_schedule_new,payment_amount,money,8,19,4,1
dbo,payment_schedule_new,payment_date,date,3,10,0,1
dbo,payment_schedule_new,payment_number,int,4,10,0,1
dbo,payment_schedule_new,policy_id,int,4,10,0,1
dbo,payment_schedule_old,in_progress,bit,1,1,0,1
dbo,payment_schedule_old,payment_amount,money,8,19,4,1
dbo,payment_schedule_old,payment_date,date,3,10,0,1
dbo,payment_schedule_old,payment_number,int,4,10,0,1
dbo,payment_schedule_old,policy_id,int,4,10,0,1
dbo,payment_type,description,nvarchar,100,0,0,0
dbo,payment_type,id,char,1,0,0,0
dbo,payment_type,ordinal,tinyint,1,3,0,1
dbo,payment_type,show_to_reports,bit,1,1,0,0
dbo,payment_type,system_only,bit,1,1,0,0
dbo,PaymentReExtraction,PaymentId,int,4,10,0,0
dbo,PaymentReExtraction,PolicyId,int,4,10,0,0
dbo,PaymentReExtraction,ReExtractionDate,datetime,8,23,3,1
dbo,PaymentReExtraction,RejectionDate,datetime,8,23,3,0
dbo,petclaim_licence,licence_key,varchar,1000,0,0,1
dbo,POLICY,Address1,varchar,50,0,0,1
dbo,POLICY,Address2,varchar,35,0,0,1
dbo,POLICY,Address3,varchar,35,0,0,1
dbo,POLICY,Address4,varchar,35,0,0,1
dbo,POLICY,Address5,varchar,35,0,0,1
dbo,POLICY,AffinityCode,varchar,50,0,0,1
dbo,POLICY,animal_type_id,int,4,10,0,1
dbo,POLICY,AnimalBabyName,varchar,60,0,0,1
dbo,POLICY,AnimalDateOfBirth,smalldatetime,4,16,0,1
dbo,POLICY,AnimalDead,varchar,1,0,0,1
dbo,POLICY,AnimalPetName,varchar,60,0,0,1
dbo,POLICY,AnimalSexName,varchar,6,0,0,1
dbo,POLICY,AnimalTypeName,varchar,20,0,0,1
dbo,POLICY,breed_excess,money,8,19,4,1
dbo,POLICY,breed_id,int,4,10,0,1
dbo,POLICY,BreedDescription,varchar,60,0,0,1
dbo,POLICY,cancellation_instruction_date,datetime,8,23,3,1
dbo,POLICY,cancellation_reason_id,int,4,10,0,1
dbo,POLICY,CancelledDate,smalldatetime,4,16,0,1
dbo,POLICY,cdl_source_id,int,4,10,0,1
dbo,POLICY,ClaimType,varchar,20,0,0,1
dbo,POLICY,clinic_id,int,4,10,0,1
dbo,POLICY,coinsurance,int,4,10,0,1
dbo,POLICY,ColourDescription,varchar,60,0,0,1
dbo,POLICY,cover_id,int,4,10,0,1
dbo,POLICY,CustomerInArrears,bit,1,1,0,1
dbo,POLICY,DateCreated,datetime,8,23,3,1
dbo,POLICY,DateTimestamp,datetime,8,23,3,1
dbo,POLICY,dob,datetime,8,23,3,1
dbo,POLICY,email_address,nvarchar,128,0,0,1
dbo,POLICY,email_sent,int,4,10,0,1
dbo,POLICY,Exclusion,nvarchar,2000,0,0,1
dbo,POLICY,exclusion_review,bit,1,1,0,1
dbo,POLICY,FirstName,varchar,35,0,0,1
dbo,POLICY,FWFConv_Date,date,3,10,0,1
dbo,POLICY,FWFConv_Flagged,bit,1,1,0,1
dbo,POLICY,HasVulnerability,bit,1,1,0,1
dbo,POLICY,IgnoreMultiPetDiscount,bit,1,1,0,1
dbo,POLICY,ImportedDetails,varchar,1000,0,0,1
dbo,POLICY,last_payment_review,smalldatetime,4,16,0,1
dbo,POLICY,LastName,varchar,35,0,0,1
dbo,POLICY,LoyaltyCardNumbers,varchar,255,0,0,1
dbo,POLICY,microchipnumber,nvarchar,64,0,0,1
dbo,POLICY,neutered,bit,1,1,0,1
dbo,POLICY,PaymentFrequencyName,varchar,7,0,0,1
dbo,POLICY,PolicyExtended,bit,1,1,0,1
dbo,POLICY,PolicyID,int,4,10,0,0
dbo,POLICY,PolicyInceptionDate,smalldatetime,4,16,0,1
dbo,POLICY,PolicyNumber,varchar,32,0,0,1
dbo,POLICY,PolicyPremiumYearID,int,4,10,0,1
dbo,POLICY,PostCode,varchar,10,0,0,1
dbo,POLICY,PreExistingCondition,varchar,500,0,0,1
dbo,POLICY,PreviousPolicyID,int,4,10,0,1
dbo,POLICY,PrintDate,smalldatetime,4,16,0,1
dbo,POLICY,Printed,varchar,1,0,0,1
dbo,POLICY,product_id,int,4,10,0,1
dbo,POLICY,ProductName,varchar,255,0,0,1
dbo,POLICY,PuppyCoverNumber,varchar,20,0,0,1
dbo,POLICY,purchase_price,money,8,19,4,1
dbo,POLICY,quote_pet_id,int,4,10,0,1
dbo,POLICY,RenewalDate,smalldatetime,4,16,0,1
dbo,POLICY,RescuedOrAdopted,bit,1,1,0,1
dbo,POLICY,send_documents,bit,1,1,0,1
dbo,POLICY,StaffMember,bit,1,1,0,1
dbo,POLICY,StartDate,smalldatetime,4,16,0,1
dbo,POLICY,status_id,int,4,10,0,1
dbo,POLICY,Telephone1,varchar,15,0,0,1
dbo,POLICY,telephone2,varchar,15,0,0,1
dbo,POLICY,telephone3,varchar,15,0,0,1
dbo,POLICY,Title,varchar,50,0,0,1
dbo,POLICY,vol_excess,money,8,19,4,1
dbo,policy_audit,action,char,1,0,0,0
dbo,policy_audit,description,varchar,256,0,0,1
dbo,policy_audit,id,int,4,10,0,0
dbo,policy_audit,PolicyID,int,4,10,0,0
dbo,policy_audit,time_stamp,smalldatetime,4,16,0,0
dbo,policy_audit,transaction_date,date,3,10,0,1
dbo,policy_audit,user_id,int,4,10,0,1
dbo,policy_cancel_import_temporary,AffinityCode,varchar,50,0,0,0
dbo,policy_cancel_import_temporary,AnimalPetName,varchar,60,0,0,1
dbo,policy_cancel_import_temporary,CancellationInstructionDate,smalldatetime,4,16,0,1
dbo,policy_cancel_import_temporary,CancellationReasonId,int,4,10,0,1
dbo,policy_cancel_import_temporary,CancelledDate,smalldatetime,4,16,0,1
dbo,policy_cancel_import_temporary,ErrorMessage,varchar,100,0,0,1
dbo,policy_cancel_import_temporary,ImportType,char,1,0,0,1
dbo,policy_cancel_import_temporary,LineNumber,int,4,10,0,0
dbo,policy_cancel_import_temporary,PolicyID,int,4,10,0,1
dbo,policy_cancel_import_temporary,PolicyNumber,varchar,32,0,0,1
dbo,policy_cancel_import_temporary,RenewalDate,date,3,10,0,1
dbo,policy_cancel_import_temporary,StartDate,date,3,10,0,1
dbo,policy_hep_lapsed,Address1,varchar,35,0,0,1
dbo,policy_hep_lapsed,Address2,varchar,35,0,0,1
dbo,policy_hep_lapsed,Address3,varchar,35,0,0,1
dbo,policy_hep_lapsed,Address4,varchar,35,0,0,1
dbo,policy_hep_lapsed,Address5,varchar,35,0,0,1
dbo,policy_hep_lapsed,AffinityCode,varchar,50,0,0,1
dbo,policy_hep_lapsed,animal_type_id,int,4,10,0,1
dbo,policy_hep_lapsed,AnimalBabyName,varchar,60,0,0,1
dbo,policy_hep_lapsed,AnimalDateOfBirth,smalldatetime,4,16,0,1
dbo,policy_hep_lapsed,AnimalDead,varchar,1,0,0,1
dbo,policy_hep_lapsed,AnimalPetName,varchar,60,0,0,1
dbo,policy_hep_lapsed,AnimalSexName,varchar,6,0,0,1
dbo,policy_hep_lapsed,AnimalTypeName,varchar,20,0,0,1
dbo,policy_hep_lapsed,breed_excess,money,8,19,4,1
dbo,policy_hep_lapsed,breed_id,int,4,10,0,1
dbo,policy_hep_lapsed,BreedDescription,varchar,60,0,0,1
dbo,policy_hep_lapsed,cancellation_instruction_date,datetime,8,23,3,1
dbo,policy_hep_lapsed,cancellation_reason_id,int,4,10,0,1
dbo,policy_hep_lapsed,CancelledDate,smalldatetime,4,16,0,1
dbo,policy_hep_lapsed,cdl_source_id,int,4,10,0,1
dbo,policy_hep_lapsed,ClaimType,varchar,20,0,0,1
dbo,policy_hep_lapsed,clinic_id,int,4,10,0,1
dbo,policy_hep_lapsed,coinsurance,int,4,10,0,1
dbo,policy_hep_lapsed,ColourDescription,varchar,60,0,0,1
dbo,policy_hep_lapsed,cover_id,int,4,10,0,1
dbo,policy_hep_lapsed,DateTimestamp,datetime,8,23,3,1
dbo,policy_hep_lapsed,dob,datetime,8,23,3,1
dbo,policy_hep_lapsed,email_address,nvarchar,128,0,0,1
dbo,policy_hep_lapsed,Exclusion,nvarchar,2000,0,0,1
dbo,policy_hep_lapsed,exclusion_review,bit,1,1,0,1
dbo,policy_hep_lapsed,FirstName,varchar,35,0,0,1
dbo,policy_hep_lapsed,last_payment_review,smalldatetime,4,16,0,1
dbo,policy_hep_lapsed,LastName,varchar,35,0,0,1
dbo,policy_hep_lapsed,PaymentFrequencyName,varchar,7,0,0,1
dbo,policy_hep_lapsed,PolicyID,int,4,10,0,0
dbo,policy_hep_lapsed,PolicyInceptionDate,smalldatetime,4,16,0,1
dbo,policy_hep_lapsed,PolicyNumber,varchar,32,0,0,1
dbo,policy_hep_lapsed,PolicyPremiumYearID,int,4,10,0,1
dbo,policy_hep_lapsed,PostCode,varchar,10,0,0,1
dbo,policy_hep_lapsed,PreExistingCondition,varchar,500,0,0,1
dbo,policy_hep_lapsed,PreviousPolicyID,int,4,10,0,1
dbo,policy_hep_lapsed,PrintDate,smalldatetime,4,16,0,1
dbo,policy_hep_lapsed,Printed,varchar,1,0,0,1
dbo,policy_hep_lapsed,product_id,int,4,10,0,1
dbo,policy_hep_lapsed,ProductName,varchar,255,0,0,1
dbo,policy_hep_lapsed,PuppyCoverNumber,varchar,20,0,0,1
dbo,policy_hep_lapsed,purchase_price,money,8,19,4,1
dbo,policy_hep_lapsed,quote_pet_id,int,4,10,0,1
dbo,policy_hep_lapsed,RenewalDate,smalldatetime,4,16,0,1
dbo,policy_hep_lapsed,StartDate,smalldatetime,4,16,0,1
dbo,policy_hep_lapsed,status_id,int,4,10,0,1
dbo,policy_hep_lapsed,Telephone1,varchar,15,0,0,1
dbo,policy_hep_lapsed,telephone2,varchar,15,0,0,1
dbo,policy_hep_lapsed,telephone3,varchar,15,0,0,1
dbo,policy_hep_lapsed,Title,varchar,50,0,0,1
dbo,policy_hep_lapsed,vol_excess,money,8,19,4,1
dbo,policy_import_temporary,acc_name,varchar,50,0,0,1
dbo,policy_import_temporary,acc_number,varchar,8,0,0,1
dbo,policy_import_temporary,acc_sort_code,varchar,6,0,0,1
dbo,policy_import_temporary,additional_info,varchar,64,0,0,1
dbo,policy_import_temporary,Address1,varchar,50,0,0,1
dbo,policy_import_temporary,Address2,varchar,35,0,0,1
dbo,policy_import_temporary,Address3,varchar,35,0,0,1
dbo,policy_import_temporary,Address4,varchar,35,0,0,1
dbo,policy_import_temporary,Address5,varchar,35,0,0,1
dbo,policy_import_temporary,affinity_code,varchar,50,0,0,1
dbo,policy_import_temporary,AnimalBabyName,varchar,60,0,0,1
dbo,policy_import_temporary,AnimalDateOfBirth,smalldatetime,4,16,0,1
dbo,policy_import_temporary,AnimalDead,varchar,1,0,0,1
dbo,policy_import_temporary,AnimalPetName,varchar,60,0,0,1
dbo,policy_import_temporary,AnimalSexName,varchar,6,0,0,1
dbo,policy_import_temporary,AnimalTypeName,varchar,20,0,0,1
dbo,policy_import_temporary,breed_lookup,int,4,10,0,1
dbo,policy_import_temporary,BreedDescription,varchar,60,0,0,1
dbo,policy_import_temporary,calculations_valid,bit,1,1,0,0
dbo,policy_import_temporary,CDL_source_id,int,4,10,0,1
dbo,policy_import_temporary,ClaimType,varchar,20,0,0,1
dbo,policy_import_temporary,coins,varchar,8,0,0,1
dbo,policy_import_temporary,coinsurance,int,4,10,0,1
dbo,policy_import_temporary,ColourDescription,varchar,60,0,0,1
dbo,policy_import_temporary,email_address,nvarchar,128,0,0,1
dbo,policy_import_temporary,exclusions,nvarchar,2000,0,0,1
dbo,policy_import_temporary,FirstName,varchar,35,0,0,1
dbo,policy_import_temporary,LastName,varchar,35,0,0,1
dbo,policy_import_temporary,PaymentFrequencyName,varchar,7,0,0,1
dbo,policy_import_temporary,policy_id,int,4,10,0,1
dbo,policy_import_temporary,PolicyInceptionDate,smalldatetime,4,16,0,1
dbo,policy_import_temporary,PolicyNumber,varchar,32,0,0,1
dbo,policy_import_temporary,PolicyPremiumYearID,int,4,10,0,1
dbo,policy_import_temporary,Postcode,varchar,10,0,0,1
dbo,policy_import_temporary,previous_policy_id,int,4,10,0,1
dbo,policy_import_temporary,PreviousPolicyNum,varchar,32,0,0,1
dbo,policy_import_temporary,price_paid,int,4,10,0,1
dbo,policy_import_temporary,PrintDate,smalldatetime,4,16,0,1
dbo,policy_import_temporary,Printed,varchar,1,0,0,1
dbo,policy_import_temporary,ProductName,varchar,255,0,0,1
dbo,policy_import_temporary,PuppyCoverNumber,varchar,32,0,0,1
dbo,policy_import_temporary,ref,varchar,16,0,0,1
dbo,policy_import_temporary,Reinstatement,bit,1,1,0,1
dbo,policy_import_temporary,RenewalDate,smalldatetime,4,16,0,1
dbo,policy_import_temporary,StartDate,smalldatetime,4,16,0,1
dbo,policy_import_temporary,Telephone1,varchar,15,0,0,1
dbo,policy_import_temporary,Title,varchar,50,0,0,1
dbo,policy_import_temporary,vol_excess,varchar,8,0,0,1
dbo,policy_related,id,int,4,10,0,0
dbo,policy_related,master_policy_id,int,4,10,0,0
dbo,policy_related,policy_id,int,4,10,0,0
dbo,policy_rubbish,Address1,varchar,35,0,0,1
dbo,policy_rubbish,Address2,varchar,35,0,0,1
dbo,policy_rubbish,Address3,varchar,35,0,0,1
dbo,policy_rubbish,Address4,varchar,35,0,0,1
dbo,policy_rubbish,Address5,varchar,35,0,0,1
dbo,policy_rubbish,AffinityCode,varchar,50,0,0,1
dbo,policy_rubbish,animal_type_id,int,4,10,0,1
dbo,policy_rubbish,AnimalBabyName,varchar,60,0,0,1
dbo,policy_rubbish,AnimalDateOfBirth,smalldatetime,4,16,0,1
dbo,policy_rubbish,AnimalDead,varchar,1,0,0,1
dbo,policy_rubbish,AnimalPetName,varchar,60,0,0,1
dbo,policy_rubbish,AnimalSexName,varchar,6,0,0,1
dbo,policy_rubbish,AnimalTypeName,varchar,20,0,0,1
dbo,policy_rubbish,breed_excess,money,8,19,4,1
dbo,policy_rubbish,breed_id,int,4,10,0,1
dbo,policy_rubbish,BreedDescription,varchar,60,0,0,1
dbo,policy_rubbish,cancellation_reason_id,int,4,10,0,1
dbo,policy_rubbish,CancelledDate,smalldatetime,4,16,0,1
dbo,policy_rubbish,cdl_source_id,int,4,10,0,1
dbo,policy_rubbish,ClaimType,varchar,20,0,0,1
dbo,policy_rubbish,clinic_id,int,4,10,0,1
dbo,policy_rubbish,ColourDescription,varchar,60,0,0,1
dbo,policy_rubbish,cover_id,int,4,10,0,1
dbo,policy_rubbish,DateTimestamp,datetime,8,23,3,1
dbo,policy_rubbish,email_address,nvarchar,128,0,0,1
dbo,policy_rubbish,Exclusion,varchar,255,0,0,1
dbo,policy_rubbish,FirstName,varchar,15,0,0,1
dbo,policy_rubbish,LastName,varchar,35,0,0,1
dbo,policy_rubbish,PaymentFrequencyName,varchar,7,0,0,1
dbo,policy_rubbish,PolicyID,int,4,10,0,0
dbo,policy_rubbish,PolicyInceptionDate,smalldatetime,4,16,0,1
dbo,policy_rubbish,PolicyNumber,varchar,32,0,0,1
dbo,policy_rubbish,PolicyPremiumYearID,int,4,10,0,1
dbo,policy_rubbish,PostCode,varchar,10,0,0,1
dbo,policy_rubbish,PreExistingCondition,varchar,500,0,0,1
dbo,policy_rubbish,PreviousPolicyID,int,4,10,0,1
dbo,policy_rubbish,PrintDate,smalldatetime,4,16,0,1
dbo,policy_rubbish,Printed,varchar,1,0,0,1
dbo,policy_rubbish,product_id,int,4,10,0,1
dbo,policy_rubbish,ProductName,varchar,20,0,0,1
dbo,policy_rubbish,PuppyCoverNumber,varchar,20,0,0,1
dbo,policy_rubbish,purchase_price,money,8,19,4,1
dbo,policy_rubbish,quote_pet_id,int,4,10,0,1
dbo,policy_rubbish,RenewalDate,smalldatetime,4,16,0,1
dbo,policy_rubbish,StartDate,smalldatetime,4,16,0,1
dbo,policy_rubbish,status_id,int,4,10,0,1
dbo,policy_rubbish,Telephone1,varchar,15,0,0,1
dbo,policy_rubbish,Title,varchar,50,0,0,1
dbo,policy_rubbish,vol_excess,money,8,19,4,1
dbo,policy_sanctions,active,bit,1,1,0,0
dbo,policy_sanctions,policy_id,int,4,10,0,0
dbo,policy_sanctions,score,tinyint,1,3,0,0
dbo,policy_sanctions,timestamp,datetime,8,23,3,0
dbo,policy_type,description,varchar,50,0,0,0
dbo,policy_type,id,int,4,10,0,0
dbo,policy_type,schedule_description,varchar,-1,0,0,1
dbo,policy_vulnerability,Consented,bit,1,1,0,1
dbo,policy_vulnerability,DateCreated,datetime,8,23,3,1
dbo,policy_vulnerability,Id,int,4,10,0,0
dbo,policy_vulnerability,IsActive,bit,1,1,0,0
dbo,policy_vulnerability,LastUpdatedDate,datetime,8,23,3,1
dbo,policy_vulnerability,Note,nvarchar,4000,0,0,1
dbo,policy_vulnerability,Policy_Id,int,4,10,0,1
dbo,policy_vulnerability,Policy_vulnerability_adjustment_Id,int,4,10,0,1
dbo,policy_vulnerability,Policy_vulnerability_reason_Id,int,4,10,0,0
dbo,policy_vulnerability,Policy_vulnerability_term_Id,int,4,10,0,1
dbo,policy_vulnerability,Policy_vulnerability_type_Id,int,4,10,0,0
dbo,policy_vulnerability_adjustment,Description,nvarchar,512,0,0,0
dbo,policy_vulnerability_adjustment,Id,int,4,10,0,0
dbo,policy_vulnerability_bak_2023,DateCreated,datetime,8,23,3,1
dbo,policy_vulnerability_bak_2023,Id,int,4,10,0,0
dbo,policy_vulnerability_bak_2023,IsActive,bit,1,1,0,0
dbo,policy_vulnerability_bak_2023,LastUpdatedDate,datetime,8,23,3,1
dbo,policy_vulnerability_bak_2023,Note,varchar,2000,0,0,1
dbo,policy_vulnerability_bak_2023,Policy_Id,int,4,10,0,1
dbo,policy_vulnerability_bak_2023,Policy_vulnerability_reason_Id,int,4,10,0,0
dbo,policy_vulnerability_bak_2023,Policy_vulnerability_type_Id,int,4,10,0,0
dbo,policy_vulnerability_config,Adjustment_IsEditable,bit,1,1,0,0
dbo,policy_vulnerability_config,Consented_IsEditable,bit,1,1,0,0
dbo,policy_vulnerability_config,Id,int,4,10,0,0
dbo,policy_vulnerability_config,MaxAllowed,int,4,10,0,0
dbo,policy_vulnerability_config,Reason_IsEditable,bit,1,1,0,0
dbo,policy_vulnerability_config,Term_IsEditable,bit,1,1,0,0
dbo,policy_vulnerability_config,Type_IsEditable,bit,1,1,0,0
dbo,policy_vulnerability_reason,Description,nvarchar,512,0,0,0
dbo,policy_vulnerability_reason,Id,int,4,10,0,0
dbo,policy_vulnerability_term,Description,nvarchar,512,0,0,0
dbo,policy_vulnerability_term,Id,int,4,10,0,0
dbo,policy_vulnerability_type,Description,nvarchar,512,0,0,0
dbo,policy_vulnerability_type,Id,int,4,10,0,0
dbo,policy_vulnerability_type_reason,Policy_vulnerability_reason_Id,int,4,10,0,0
dbo,policy_vulnerability_type_reason,Policy_vulnerability_type_Id,int,4,10,0,0
dbo,PolicyAssets,Id,uniqueidentifier,16,0,0,0
dbo,PolicyAssets,PolicyReference,varchar,32,0,0,0
dbo,PolicyProperties,Created,datetime,8,23,3,0
dbo,PolicyProperties,Key,varchar,50,0,0,0
dbo,PolicyProperties,PolicyId,int,4,10,0,0
dbo,PolicyProperties,Value,varchar,-1,0,0,1
dbo,PREMIUM,area_id,int,4,10,0,1
dbo,PREMIUM,book,int,4,10,0,1
dbo,PREMIUM,breed_group,char,1,0,0,1
dbo,PREMIUM,calculated_date,datetime,8,23,3,1
dbo,PREMIUM,claims_count,int,4,10,0,1
dbo,PREMIUM,claims_recurrence,int,4,10,0,1
dbo,PREMIUM,claims_value,money,8,19,4,1
dbo,PREMIUM,commission_administrator_absolute,money,8,19,4,1
dbo,PREMIUM,commission_administrator_rate,money,8,19,4,1
dbo,PREMIUM,commission_affinity_absolute,money,8,19,4,1
dbo,PREMIUM,commission_affinity_rate,money,8,19,4,1
dbo,PREMIUM,commission_introducer_absolute,money,8,19,4,1
dbo,PREMIUM,commission_introducer_rate,money,8,19,4,1
dbo,PREMIUM,commission_underwriter_absolute,money,8,19,4,1
dbo,PREMIUM,commission_underwriter_rate,money,8,19,4,1
dbo,PREMIUM,contacted,int,4,10,0,1
dbo,PREMIUM,cover_id,int,4,10,0,1
dbo,PREMIUM,credit_charge_absolute,money,8,19,4,1
dbo,PREMIUM,effective_date,date,3,10,0,0
dbo,PREMIUM,emailed,tinyint,1,3,0,1
dbo,PREMIUM,helpline_charge_absolute,money,8,19,4,1
dbo,PREMIUM,id,int,4,10,0,0
dbo,PREMIUM,IPT_absolute,money,8,19,4,1
dbo,PREMIUM,loading,decimal,5,5,2,1
dbo,PREMIUM,loading_standard,decimal,5,5,2,1
dbo,PREMIUM,mta_effective_date,date,3,10,0,1
dbo,PREMIUM,multipet_discount,decimal,5,5,2,1
dbo,PREMIUM,multipet_discount_absolute,money,8,19,4,1
dbo,PREMIUM,offer_discount,decimal,5,5,2,1
dbo,PREMIUM,offer_discount_absolute,money,8,19,4,1
dbo,PREMIUM,policy_id,int,4,10,0,0
dbo,PREMIUM,postcode,varchar,16,0,0,1
dbo,PREMIUM,premium,decimal,9,10,2,0
dbo,PREMIUM,premium_adjusted,decimal,9,10,2,1
dbo,PREMIUM,premium_standard,decimal,9,10,2,1
dbo,PREMIUM,pricing_engine_id,bigint,8,19,0,0
dbo,PREMIUM,printed,int,4,10,0,1
dbo,PREMIUM,promo_code,nvarchar,100,0,0,1
dbo,PREMIUM,promo_discount,decimal,5,5,2,1
dbo,PREMIUM,promo_discount_absolute,money,8,19,4,1
dbo,PREMIUM,renewal,tinyint,1,3,0,1
dbo,PREMIUM,renewal_email_content,ntext,16,0,0,1
dbo,PREMIUM,start_date,date,3,10,0,1
dbo,PREMIUM,tpl_absolute,money,8,19,4,1
dbo,PREMIUM,vol_excess,money,8,19,4,1
dbo,Premium_1467677,area_id,int,4,10,0,1
dbo,Premium_1467677,book,int,4,10,0,1
dbo,Premium_1467677,breed_group,char,1,0,0,1
dbo,Premium_1467677,calculated_date,datetime,8,23,3,1
dbo,Premium_1467677,claims_count,int,4,10,0,1
dbo,Premium_1467677,claims_recurrence,int,4,10,0,1
dbo,Premium_1467677,claims_value,money,8,19,4,1
dbo,Premium_1467677,commission_administrator_absolute,money,8,19,4,1
dbo,Premium_1467677,commission_administrator_rate,money,8,19,4,1
dbo,Premium_1467677,commission_affinity_absolute,money,8,19,4,1
dbo,Premium_1467677,commission_affinity_rate,money,8,19,4,1
dbo,Premium_1467677,commission_introducer_absolute,money,8,19,4,1
dbo,Premium_1467677,commission_introducer_rate,money,8,19,4,1
dbo,Premium_1467677,commission_underwriter_absolute,money,8,19,4,1
dbo,Premium_1467677,commission_underwriter_rate,money,8,19,4,1
dbo,Premium_1467677,contacted,int,4,10,0,1
dbo,Premium_1467677,cover_id,int,4,10,0,1
dbo,Premium_1467677,credit_charge_absolute,money,8,19,4,1
dbo,Premium_1467677,effective_date,date,3,10,0,0
dbo,Premium_1467677,emailed,tinyint,1,3,0,1
dbo,Premium_1467677,helpline_charge_absolute,money,8,19,4,1
dbo,Premium_1467677,id,int,4,10,0,0
dbo,Premium_1467677,IPT_absolute,money,8,19,4,1
dbo,Premium_1467677,loading,decimal,5,5,2,1
dbo,Premium_1467677,loading_standard,decimal,5,5,2,1
dbo,Premium_1467677,mta_effective_date,date,3,10,0,1
dbo,Premium_1467677,multipet_discount,decimal,5,5,2,1
dbo,Premium_1467677,multipet_discount_absolute,money,8,19,4,1
dbo,Premium_1467677,offer_discount,decimal,5,5,2,1
dbo,Premium_1467677,offer_discount_absolute,money,8,19,4,1
dbo,Premium_1467677,policy_id,int,4,10,0,0
dbo,Premium_1467677,postcode,varchar,16,0,0,1
dbo,Premium_1467677,premium,decimal,9,10,2,0
dbo,Premium_1467677,premium_adjusted,decimal,9,10,2,1
dbo,Premium_1467677,premium_standard,decimal,9,10,2,1
dbo,Premium_1467677,pricing_engine_id,bigint,8,19,0,0
dbo,Premium_1467677,printed,int,4,10,0,1
dbo,Premium_1467677,promo_code,nvarchar,100,0,0,1
dbo,Premium_1467677,promo_discount,decimal,5,5,2,1
dbo,Premium_1467677,promo_discount_absolute,money,8,19,4,1
dbo,Premium_1467677,renewal,tinyint,1,3,0,1
dbo,Premium_1467677,renewal_email_content,ntext,16,0,0,1
dbo,Premium_1467677,start_date,date,3,10,0,1
dbo,Premium_1467677,tpl_absolute,money,8,19,4,1
dbo,Premium_1467677,vol_excess,money,8,19,4,1
dbo,Premium_1467677_v2,area_id,int,4,10,0,1
dbo,Premium_1467677_v2,book,int,4,10,0,1
dbo,Premium_1467677_v2,breed_group,char,1,0,0,1
dbo,Premium_1467677_v2,calculated_date,datetime,8,23,3,1
dbo,Premium_1467677_v2,claims_count,int,4,10,0,1
dbo,Premium_1467677_v2,claims_recurrence,int,4,10,0,1
dbo,Premium_1467677_v2,claims_value,money,8,19,4,1
dbo,Premium_1467677_v2,commission_administrator_absolute,money,8,19,4,1
dbo,Premium_1467677_v2,commission_administrator_rate,money,8,19,4,1
dbo,Premium_1467677_v2,commission_affinity_absolute,money,8,19,4,1
dbo,Premium_1467677_v2,commission_affinity_rate,money,8,19,4,1
dbo,Premium_1467677_v2,commission_introducer_absolute,money,8,19,4,1
dbo,Premium_1467677_v2,commission_introducer_rate,money,8,19,4,1
dbo,Premium_1467677_v2,commission_underwriter_absolute,money,8,19,4,1
dbo,Premium_1467677_v2,commission_underwriter_rate,money,8,19,4,1
dbo,Premium_1467677_v2,contacted,int,4,10,0,1
dbo,Premium_1467677_v2,cover_id,int,4,10,0,1
dbo,Premium_1467677_v2,credit_charge_absolute,money,8,19,4,1
dbo,Premium_1467677_v2,effective_date,date,3,10,0,0
dbo,Premium_1467677_v2,emailed,tinyint,1,3,0,1
dbo,Premium_1467677_v2,helpline_charge_absolute,money,8,19,4,1
dbo,Premium_1467677_v2,id,int,4,10,0,0
dbo,Premium_1467677_v2,IPT_absolute,money,8,19,4,1
dbo,Premium_1467677_v2,loading,decimal,5,5,2,1
dbo,Premium_1467677_v2,loading_standard,decimal,5,5,2,1
dbo,Premium_1467677_v2,mta_effective_date,date,3,10,0,1
dbo,Premium_1467677_v2,multipet_discount,decimal,5,5,2,1
dbo,Premium_1467677_v2,multipet_discount_absolute,money,8,19,4,1
dbo,Premium_1467677_v2,offer_discount,decimal,5,5,2,1
dbo,Premium_1467677_v2,offer_discount_absolute,money,8,19,4,1
dbo,Premium_1467677_v2,policy_id,int,4,10,0,0
dbo,Premium_1467677_v2,postcode,varchar,16,0,0,1
dbo,Premium_1467677_v2,premium,decimal,9,10,2,0
dbo,Premium_1467677_v2,premium_adjusted,decimal,9,10,2,1
dbo,Premium_1467677_v2,premium_standard,decimal,9,10,2,1
dbo,Premium_1467677_v2,pricing_engine_id,bigint,8,19,0,0
dbo,Premium_1467677_v2,printed,int,4,10,0,1
dbo,Premium_1467677_v2,promo_code,nvarchar,100,0,0,1
dbo,Premium_1467677_v2,promo_discount,decimal,5,5,2,1
dbo,Premium_1467677_v2,promo_discount_absolute,money,8,19,4,1
dbo,Premium_1467677_v2,renewal,tinyint,1,3,0,1
dbo,Premium_1467677_v2,renewal_email_content,ntext,16,0,0,1
dbo,Premium_1467677_v2,start_date,date,3,10,0,1
dbo,Premium_1467677_v2,tpl_absolute,money,8,19,4,1
dbo,Premium_1467677_v2,vol_excess,money,8,19,4,1
dbo,premium_deleted_grz_missing_loading_20150512,area_id,int,4,10,0,1
dbo,premium_deleted_grz_missing_loading_20150512,book,int,4,10,0,1
dbo,premium_deleted_grz_missing_loading_20150512,breed_group,char,1,0,0,1
dbo,premium_deleted_grz_missing_loading_20150512,calculated_date,datetime,8,23,3,1
dbo,premium_deleted_grz_missing_loading_20150512,claims_count,int,4,10,0,1
dbo,premium_deleted_grz_missing_loading_20150512,claims_recurrence,int,4,10,0,1
dbo,premium_deleted_grz_missing_loading_20150512,claims_value,money,8,19,4,1
dbo,premium_deleted_grz_missing_loading_20150512,contacted,int,4,10,0,1
dbo,premium_deleted_grz_missing_loading_20150512,cover_id,int,4,10,0,1
dbo,premium_deleted_grz_missing_loading_20150512,effective_date,date,3,10,0,0
dbo,premium_deleted_grz_missing_loading_20150512,emailed,tinyint,1,3,0,1
dbo,premium_deleted_grz_missing_loading_20150512,id,int,4,10,0,1
dbo,premium_deleted_grz_missing_loading_20150512,loading,decimal,5,5,2,1
dbo,premium_deleted_grz_missing_loading_20150512,loading_standard,decimal,5,5,2,1
dbo,premium_deleted_grz_missing_loading_20150512,mta_effective_date,date,3,10,0,1
dbo,premium_deleted_grz_missing_loading_20150512,multipet_discount,decimal,5,5,2,1
dbo,premium_deleted_grz_missing_loading_20150512,offer_discount,decimal,5,5,2,1
dbo,premium_deleted_grz_missing_loading_20150512,policy_id,int,4,10,0,0
dbo,premium_deleted_grz_missing_loading_20150512,postcode,varchar,16,0,0,1
dbo,premium_deleted_grz_missing_loading_20150512,premium,decimal,9,10,2,0
dbo,premium_deleted_grz_missing_loading_20150512,premium_adjusted,decimal,9,10,2,1
dbo,premium_deleted_grz_missing_loading_20150512,premium_standard,decimal,9,10,2,1
dbo,premium_deleted_grz_missing_loading_20150512,printed,int,4,10,0,1
dbo,premium_deleted_grz_missing_loading_20150512,promo_code,nvarchar,100,0,0,1
dbo,premium_deleted_grz_missing_loading_20150512,promo_discount,decimal,5,5,2,1
dbo,premium_deleted_grz_missing_loading_20150512,renewal,tinyint,1,3,0,1
dbo,premium_deleted_grz_missing_loading_20150512,renewal_email_content,ntext,16,0,0,1
dbo,premium_deleted_grz_missing_loading_20150512,start_date,date,3,10,0,1
dbo,premium_import,affinity_code,varchar,15,0,0,1
dbo,premium_import,clinic_group_description,nvarchar,512,0,0,1
dbo,premium_import,clinic_practice_description,nvarchar,512,0,0,1
dbo,premium_import,create_timestamp,datetime,8,23,3,1
dbo,premium_import,effective_date,date,3,10,0,1
dbo,premium_import,excess_level_1,decimal,5,5,2,1
dbo,premium_import,excess_level_2,decimal,5,5,2,1
dbo,premium_import,id,int,4,10,0,0
dbo,premium_import,policy_id,int,4,10,0,0
dbo,premium_import,policy_start_date,date,3,10,0,1
dbo,premium_import,postcode,nvarchar,32,0,0,1
dbo,premium_import,product_description,varchar,500,0,0,1
dbo,premium_import_backup_29092015,affinity_code,varchar,15,0,0,1
dbo,premium_import_backup_29092015,clinic_group_description,nvarchar,512,0,0,1
dbo,premium_import_backup_29092015,clinic_practice_description,nvarchar,512,0,0,1
dbo,premium_import_backup_29092015,create_timestamp,datetime,8,23,3,1
dbo,premium_import_backup_29092015,effective_date,date,3,10,0,1
dbo,premium_import_backup_29092015,excess_level_1,decimal,5,5,2,1
dbo,premium_import_backup_29092015,excess_level_2,decimal,5,5,2,1
dbo,premium_import_backup_29092015,id,int,4,10,0,0
dbo,premium_import_backup_29092015,policy_id,int,4,10,0,0
dbo,premium_import_backup_29092015,policy_start_date,date,3,10,0,1
dbo,premium_import_backup_29092015,postcode,nvarchar,32,0,0,1
dbo,premium_import_backup_29092015,product_description,varchar,500,0,0,1
dbo,premium_limit_override,id,int,4,10,0,0
dbo,premium_limit_override,max_adv_reward,money,8,19,4,1
dbo,premium_limit_override,max_boarding_fees,money,8,19,4,1
dbo,premium_limit_override,max_death_injury,money,8,19,4,1
dbo,premium_limit_override,max_holiday_cnx,money,8,19,4,1
dbo,premium_limit_override,max_loss,money,8,19,4,1
dbo,premium_limit_override,max_transport,money,8,19,4,1
dbo,premium_limit_override,max_vet_fees,money,8,19,4,1
dbo,premium_limit_override,premium_id,int,4,10,0,1
dbo,Premium_PolicyId_1467674,area_id,int,4,10,0,1
dbo,Premium_PolicyId_1467674,book,int,4,10,0,1
dbo,Premium_PolicyId_1467674,breed_group,char,1,0,0,1
dbo,Premium_PolicyId_1467674,calculated_date,datetime,8,23,3,1
dbo,Premium_PolicyId_1467674,claims_count,int,4,10,0,1
dbo,Premium_PolicyId_1467674,claims_recurrence,int,4,10,0,1
dbo,Premium_PolicyId_1467674,claims_value,money,8,19,4,1
dbo,Premium_PolicyId_1467674,commission_administrator_absolute,money,8,19,4,1
dbo,Premium_PolicyId_1467674,commission_administrator_rate,money,8,19,4,1
dbo,Premium_PolicyId_1467674,commission_affinity_absolute,money,8,19,4,1
dbo,Premium_PolicyId_1467674,commission_affinity_rate,money,8,19,4,1
dbo,Premium_PolicyId_1467674,commission_introducer_absolute,money,8,19,4,1
dbo,Premium_PolicyId_1467674,commission_introducer_rate,money,8,19,4,1
dbo,Premium_PolicyId_1467674,commission_underwriter_absolute,money,8,19,4,1
dbo,Premium_PolicyId_1467674,commission_underwriter_rate,money,8,19,4,1
dbo,Premium_PolicyId_1467674,contacted,int,4,10,0,1
dbo,Premium_PolicyId_1467674,cover_id,int,4,10,0,1
dbo,Premium_PolicyId_1467674,credit_charge_absolute,money,8,19,4,1
dbo,Premium_PolicyId_1467674,effective_date,date,3,10,0,0
dbo,Premium_PolicyId_1467674,emailed,tinyint,1,3,0,1
dbo,Premium_PolicyId_1467674,helpline_charge_absolute,money,8,19,4,1
dbo,Premium_PolicyId_1467674,id,int,4,10,0,0
dbo,Premium_PolicyId_1467674,IPT_absolute,money,8,19,4,1
dbo,Premium_PolicyId_1467674,loading,decimal,5,5,2,1
dbo,Premium_PolicyId_1467674,loading_standard,decimal,5,5,2,1
dbo,Premium_PolicyId_1467674,mta_effective_date,date,3,10,0,1
dbo,Premium_PolicyId_1467674,multipet_discount,decimal,5,5,2,1
dbo,Premium_PolicyId_1467674,multipet_discount_absolute,money,8,19,4,1
dbo,Premium_PolicyId_1467674,offer_discount,decimal,5,5,2,1
dbo,Premium_PolicyId_1467674,offer_discount_absolute,money,8,19,4,1
dbo,Premium_PolicyId_1467674,policy_id,int,4,10,0,0
dbo,Premium_PolicyId_1467674,postcode,varchar,16,0,0,1
dbo,Premium_PolicyId_1467674,premium,decimal,9,10,2,0
dbo,Premium_PolicyId_1467674,premium_adjusted,decimal,9,10,2,1
dbo,Premium_PolicyId_1467674,premium_standard,decimal,9,10,2,1
dbo,Premium_PolicyId_1467674,pricing_engine_id,bigint,8,19,0,0
dbo,Premium_PolicyId_1467674,printed,int,4,10,0,1
dbo,Premium_PolicyId_1467674,promo_code,nvarchar,100,0,0,1
dbo,Premium_PolicyId_1467674,promo_discount,decimal,5,5,2,1
dbo,Premium_PolicyId_1467674,promo_discount_absolute,money,8,19,4,1
dbo,Premium_PolicyId_1467674,renewal,tinyint,1,3,0,1
dbo,Premium_PolicyId_1467674,renewal_email_content,ntext,16,0,0,1
dbo,Premium_PolicyId_1467674,start_date,date,3,10,0,1
dbo,Premium_PolicyId_1467674,tpl_absolute,money,8,19,4,1
dbo,Premium_PolicyId_1467674,vol_excess,money,8,19,4,1
dbo,premium_to_delete_grz_missing_loading_20150512,policy_id,int,4,10,0,0
dbo,premium_to_delete_grz_missing_loading_20150512,premium_id,int,4,10,0,1
dbo,PremiumLimitOverride,BenefitTypeId,bigint,8,19,0,0
dbo,PremiumLimitOverride,Id,bigint,8,19,0,0
dbo,PremiumLimitOverride,MaxAmount,money,8,19,4,1
dbo,PremiumLimitOverride,PremiumId,int,4,10,0,0
dbo,pw_history,enc_password,nvarchar,-1,0,0,1
dbo,pw_history,id,int,4,10,0,0
dbo,pw_history,systuser_id,int,4,10,0,0
dbo,pw_history,time_stamp,smalldatetime,4,16,0,0
dbo,referrer_recovered,create_timestamp,datetime,8,23,3,1
dbo,referrer_recovered,id,int,4,10,0,0
dbo,referrer_recovered,ip,varchar,50,0,0,1
dbo,referrer_recovered,quote_id,int,4,10,0,1
dbo,referrer_recovered,referrer,varchar,50,0,0,1
dbo,renewal_letter,content,varbinary,-1,0,0,1
dbo,renewal_letter,diary_id,int,4,10,0,0
dbo,renewal_letter,id,int,4,10,0,0
dbo,report_group,description,varchar,50,0,0,0
dbo,report_group,id,int,4,10,0,0
dbo,report_group_affinity,affinity_code,varchar,50,0,0,1
dbo,report_group_affinity,report_group_id,int,4,10,0,1
dbo,report_letter,affinity_code,varchar,4,0,0,0
dbo,report_letter,effective_date,datetime,8,23,3,0
dbo,report_letter,id,int,4,10,0,0
dbo,report_letter,letter_end,varchar,-1,0,0,1
dbo,report_letter,letter_start,varchar,-1,0,0,1
dbo,report_letter,middle_table_title,varchar,200,0,0,1
dbo,report_letter,report_letter_type_id,int,4,10,0,0
dbo,report_letter,signature,varchar,200,0,0,1
dbo,report_letter,signature_image_url,varchar,500,0,0,1
dbo,report_letter,table_back_color,varchar,7,0,0,1
dbo,report_letter,table_fore_color,varchar,7,0,0,1
dbo,report_letter_type,description,varchar,100,0,0,0
dbo,report_letter_type,id,int,4,10,0,0
dbo,report_lookup,id,int,4,10,0,0
dbo,report_lookup,report_name,varchar,256,0,0,0
dbo,report_lookup,ssrs_report_path,varchar,256,0,0,0
dbo,restore_CHARGE,amount,decimal,9,10,2,0
dbo,restore_CHARGE,datetimestamp,smalldatetime,4,16,0,0
dbo,restore_CHARGE,description,nvarchar,100,0,0,1
dbo,restore_CHARGE,id,int,4,10,0,0
dbo,restore_CHARGE,policy_id,int,4,10,0,0
dbo,restore_CHARGE,type,char,1,0,0,0
dbo,restore_PAYMENT,account_name,nvarchar,128,0,0,1
dbo,restore_PAYMENT,account_number,varchar,50,0,0,1
dbo,restore_PAYMENT,amount,decimal,9,10,2,0
dbo,restore_PAYMENT,authorisation_code,varchar,20,0,0,1
dbo,restore_PAYMENT,card_name,nvarchar,128,0,0,1
dbo,restore_PAYMENT,card_number,varchar,50,0,0,1
dbo,restore_PAYMENT,card_type,varchar,20,0,0,1
dbo,restore_PAYMENT,collection_date,smalldatetime,4,16,0,0
dbo,restore_PAYMENT,datetimestamp,smalldatetime,4,16,0,1
dbo,restore_PAYMENT,issue_number,varchar,50,0,0,1
dbo,restore_PAYMENT,payment_id,int,4,10,0,0
dbo,restore_PAYMENT,payment_type,char,1,0,0,0
dbo,restore_PAYMENT,policy_id,int,4,10,0,0
dbo,restore_PAYMENT,sort_code,varchar,50,0,0,1
dbo,restore_PAYMENT,valid_from,varchar,4,0,0,1
dbo,restore_PAYMENT,valid_to,varchar,4,0,0,1
dbo,restore_payment_detail,account_name,varchar,64,0,0,1
dbo,restore_payment_detail,account_number,varchar,32,0,0,1
dbo,restore_payment_detail,amount,decimal,9,10,2,1
dbo,restore_payment_detail,card_name,varchar,64,0,0,1
dbo,restore_payment_detail,card_number,varchar,16,0,0,1
dbo,restore_payment_detail,card_type_id,int,4,10,0,1
dbo,restore_payment_detail,ClientIPAddress,varchar,64,0,0,1
dbo,restore_payment_detail,create_date,smalldatetime,4,16,0,0
dbo,restore_payment_detail,CV2,varchar,4,0,0,1
dbo,restore_payment_detail,id,uniqueidentifier,16,0,0,0
dbo,restore_payment_detail,issue_number,varchar,4,0,0,1
dbo,restore_payment_detail,payday,int,4,10,0,1
dbo,restore_payment_detail,payment_type_id,int,4,10,0,0
dbo,restore_payment_detail,policy_id,int,4,10,0,1
dbo,restore_payment_detail,post_result,varchar,8000,0,0,1
dbo,restore_payment_detail,sort_code,varchar,6,0,0,1
dbo,restore_payment_detail,update_date,smalldatetime,4,16,0,0
dbo,restore_payment_detail,valid_from,varchar,64,0,0,1
dbo,restore_payment_detail,valid_to,varchar,64,0,0,1
dbo,restore_POLICY,Address1,varchar,35,0,0,1
dbo,restore_POLICY,Address2,varchar,35,0,0,1
dbo,restore_POLICY,Address3,varchar,35,0,0,1
dbo,restore_POLICY,Address4,varchar,35,0,0,1
dbo,restore_POLICY,Address5,varchar,35,0,0,1
dbo,restore_POLICY,AffinityCode,varchar,50,0,0,1
dbo,restore_POLICY,animal_type_id,int,4,10,0,1
dbo,restore_POLICY,AnimalBabyName,varchar,60,0,0,1
dbo,restore_POLICY,AnimalDateOfBirth,smalldatetime,4,16,0,1
dbo,restore_POLICY,AnimalDead,varchar,1,0,0,1
dbo,restore_POLICY,AnimalPetName,varchar,60,0,0,1
dbo,restore_POLICY,AnimalSexName,varchar,6,0,0,1
dbo,restore_POLICY,AnimalTypeName,varchar,20,0,0,1
dbo,restore_POLICY,breed_excess,money,8,19,4,1
dbo,restore_POLICY,breed_id,int,4,10,0,1
dbo,restore_POLICY,BreedDescription,varchar,60,0,0,1
dbo,restore_POLICY,cancellation_reason_id,int,4,10,0,1
dbo,restore_POLICY,CancelledDate,smalldatetime,4,16,0,1
dbo,restore_POLICY,cdl_source_id,int,4,10,0,1
dbo,restore_POLICY,ClaimType,varchar,20,0,0,1
dbo,restore_POLICY,clinic_id,int,4,10,0,1
dbo,restore_POLICY,ColourDescription,varchar,60,0,0,1
dbo,restore_POLICY,cover_id,int,4,10,0,1
dbo,restore_POLICY,DateTimestamp,datetime,8,23,3,1
dbo,restore_POLICY,email_address,nvarchar,128,0,0,1
dbo,restore_POLICY,Exclusion,varchar,255,0,0,1
dbo,restore_POLICY,FirstName,varchar,15,0,0,1
dbo,restore_POLICY,LastName,varchar,35,0,0,1
dbo,restore_POLICY,PaymentFrequencyName,varchar,7,0,0,1
dbo,restore_POLICY,PolicyID,int,4,10,0,0
dbo,restore_POLICY,PolicyInceptionDate,smalldatetime,4,16,0,1
dbo,restore_POLICY,PolicyNumber,varchar,32,0,0,1
dbo,restore_POLICY,PolicyPremiumYearID,int,4,10,0,1
dbo,restore_POLICY,PostCode,varchar,10,0,0,1
dbo,restore_POLICY,PreExistingCondition,varchar,500,0,0,1
dbo,restore_POLICY,PreviousPolicyID,int,4,10,0,1
dbo,restore_POLICY,PrintDate,smalldatetime,4,16,0,1
dbo,restore_POLICY,Printed,varchar,1,0,0,1
dbo,restore_POLICY,product_id,int,4,10,0,1
dbo,restore_POLICY,ProductName,varchar,20,0,0,1
dbo,restore_POLICY,PuppyCoverNumber,varchar,20,0,0,1
dbo,restore_POLICY,purchase_price,money,8,19,4,1
dbo,restore_POLICY,quote_pet_id,int,4,10,0,1
dbo,restore_POLICY,RenewalDate,smalldatetime,4,16,0,1
dbo,restore_POLICY,StartDate,smalldatetime,4,16,0,1
dbo,restore_POLICY,status_id,int,4,10,0,1
dbo,restore_POLICY,Telephone1,varchar,15,0,0,1
dbo,restore_POLICY,Title,varchar,50,0,0,1
dbo,restore_POLICY,vol_excess,money,8,19,4,1
dbo,restore_PREMIUM,effective_date,smalldatetime,4,16,0,0
dbo,restore_PREMIUM,id,int,4,10,0,0
dbo,restore_PREMIUM,multipet_discount,decimal,5,5,2,1
dbo,restore_PREMIUM,offer_discount,decimal,5,5,2,1
dbo,restore_PREMIUM,policy_id,int,4,10,0,0
dbo,restore_PREMIUM,premium,decimal,9,10,2,0
dbo,restore_PREMIUM,promo_discount,decimal,5,5,2,1
dbo,sanction_search_log,address1,varchar,50,0,0,1
dbo,sanction_search_log,address2,varchar,35,0,0,1
dbo,sanction_search_log,address3,varchar,35,0,0,1
dbo,sanction_search_log,address4,varchar,35,0,0,1
dbo,sanction_search_log,address5,varchar,35,0,0,1
dbo,sanction_search_log,dob,smalldatetime,4,16,0,1
dbo,sanction_search_log,firstname,varchar,35,0,0,1
dbo,sanction_search_log,id,int,4,10,0,0
dbo,sanction_search_log,ip_address,varchar,50,0,0,1
dbo,sanction_search_log,lastname,varchar,35,0,0,1
dbo,sanction_search_log,postcode,varchar,10,0,0,1
dbo,sanction_search_log,timestamp,datetime,8,23,3,0
dbo,sanction_search_log,user_id,int,4,10,0,1
dbo,sanction_search_result_log,address1,varchar,100,0,0,1
dbo,sanction_search_result_log,address2,varchar,100,0,0,1
dbo,sanction_search_result_log,address3,varchar,100,0,0,1
dbo,sanction_search_result_log,address4,varchar,100,0,0,1
dbo,sanction_search_result_log,address5,varchar,100,0,0,1
dbo,sanction_search_result_log,address6,varchar,100,0,0,1
dbo,sanction_search_result_log,country,varchar,200,0,0,1
dbo,sanction_search_result_log,dob_day,smallint,2,5,0,1
dbo,sanction_search_result_log,dob_month,smallint,2,5,0,1
dbo,sanction_search_result_log,dob_year,smallint,2,5,0,1
dbo,sanction_search_result_log,error_message,varchar,200,0,0,1
dbo,sanction_search_result_log,id,int,4,10,0,0
dbo,sanction_search_result_log,name1,varchar,100,0,0,1
dbo,sanction_search_result_log,name2,varchar,100,0,0,1
dbo,sanction_search_result_log,name3,varchar,100,0,0,1
dbo,sanction_search_result_log,name4,varchar,100,0,0,1
dbo,sanction_search_result_log,name5,varchar,100,0,0,1
dbo,sanction_search_result_log,name6,varchar,300,0,0,1
dbo,sanction_search_result_log,post_zip_code,varchar,20,0,0,1
dbo,sanction_search_result_log,sanction_search_log_id,int,4,10,0,0
dbo,sanction_search_result_log,score,int,4,10,0,1
dbo,schedule_configuration,AffinityCode,nvarchar,20,0,0,0
dbo,schedule_configuration,Id,int,4,10,0,0
dbo,schedule_configuration,ScheduleTypeId,int,4,10,0,0
dbo,schedule_configuration,SectionId,int,4,10,0,1
dbo,schedule_configuration,Value,nvarchar,-1,0,0,0
dbo,schedule_configuration_type,Id,int,4,10,0,0
dbo,schedule_configuration_type,Type,nvarchar,100,0,0,0
dbo,SMS_Affinity_Mapping,AffinityFrom,varchar,50,0,0,0
dbo,SMS_Affinity_Mapping,AffinityTo,varchar,50,0,0,0
dbo,SMS_Affinity_Mapping,ClaimsInd,varchar,1,0,0,0
dbo,SMS_Affinity_Mapping,DDInd,varchar,1,0,0,0
dbo,SMS_Claims_Text_Body,Include_ClaimId,bit,1,1,0,1
dbo,SMS_Claims_Text_Body,Message_Body,varchar,500,0,0,1
dbo,SMS_Claims_Text_Body,Salutation,varchar,25,0,0,1
dbo,SMS_Claims_Text_Body,Sender,varchar,25,0,0,1
dbo,SMS_Claims_Text_Body,Status_Description,varchar,100,0,0,0
dbo,SMS_Claims_Text_Body_V2,Include_ClaimId,bit,1,1,0,1
dbo,SMS_Claims_Text_Body_V2,Message_Body,varchar,500,0,0,1
dbo,SMS_Claims_Text_Body_V2,Message_Body2,varchar,500,0,0,1
dbo,SMS_Claims_Text_Body_V2,Payment_Type,varchar,20,0,0,1
dbo,SMS_Claims_Text_Body_V2,Salutation,varchar,25,0,0,1
dbo,SMS_Claims_Text_Body_V2,Sender,varchar,25,0,0,1
dbo,SMS_Claims_Text_Body_V2,Split_Body,bit,1,1,0,1
dbo,SMS_Claims_Text_Body_V2,Status_Description,varchar,100,0,0,0
dbo,SMS_DD_RunTime,LastRuntime,datetime,8,23,3,0
dbo,SMS_Failed_DD_output,affinity,varchar,100,0,0,1
dbo,SMS_Failed_DD_output,Customer Mobile Number,varchar,100,0,0,1
dbo,SMS_Failed_DD_output,DateCreated,datetime2,8,27,7,1
dbo,SMS_Failed_DD_output,message,varchar,500,0,0,1
dbo,SMS_Failed_DD_output,pets name,varchar,100,0,0,1
dbo,SMS_Failed_DD_output,policyid,varchar,100,0,0,1
dbo,SMS_Failed_DD_output,policynumber,varchar,100,0,0,1
dbo,SMS_Failed_DD_output,reason code,varchar,100,0,0,1
dbo,SMS_Failed_DD_output,status,varchar,200,0,0,1
dbo,SMS_Failed_DD_Text_Body,code,varchar,100,0,0,1
dbo,SMS_Failed_DD_Text_Body,ContactNumber,varchar,20,0,0,1
dbo,SMS_Failed_DD_Text_Body,Include_ClaimId,bit,1,1,0,1
dbo,SMS_Failed_DD_Text_Body,Message_Body1,varchar,500,0,0,1
dbo,SMS_Failed_DD_Text_Body,Message_Body2,varchar,500,0,0,1
dbo,SMS_Failed_DD_Text_Body,Message_Body3,varchar,500,0,0,1
dbo,SMS_Failed_DD_Text_Body,Message_Body4,varchar,500,0,0,1
dbo,SMS_Failed_DD_Text_Body,Status_Description,varchar,100,0,0,0
dbo,SMS_RunTime,LastRuntime,datetime,8,23,3,1
dbo,SMS_RunTime_v2,LastRuntime,datetime,8,23,3,0
dbo,STATUS,active,bit,1,1,0,1
dbo,STATUS,claim_workflow_step_id,bigint,8,19,0,1
dbo,STATUS,Description,varchar,50,0,0,1
dbo,STATUS,MMPDescription,varchar,-1,0,0,1
dbo,STATUS,ordinal,int,4,10,0,1
dbo,STATUS,Outcome,varchar,200,0,0,1
dbo,STATUS,Renewal,bit,1,1,0,1
dbo,STATUS,Reportable,bit,1,1,0,1
dbo,STATUS,RequiredReason,bit,1,1,0,0
dbo,STATUS,RequiredSubStatus,bit,1,1,0,1
dbo,STATUS,Stage,int,4,10,0,1
dbo,STATUS,Status,varchar,200,0,0,1
dbo,STATUS,StatusID,int,4,10,0,0
dbo,sub_status,description,varchar,50,0,0,0
dbo,sub_status,id,int,4,10,0,0
dbo,sub_status,status_id,int,4,10,0,0
dbo,sysarticlecolumns,artid,int,4,10,0,0
dbo,sysarticlecolumns,colid,int,4,10,0,0
dbo,sysarticlecolumns,is_max,bit,1,1,0,1
dbo,sysarticlecolumns,is_udt,bit,1,1,0,1
dbo,sysarticlecolumns,is_xml,bit,1,1,0,1
dbo,sysarticles,artid,int,4,10,0,0
dbo,sysarticles,creation_script,nvarchar,510,0,0,1
dbo,sysarticles,custom_script,nvarchar,4096,0,0,1
dbo,sysarticles,del_cmd,nvarchar,510,0,0,1
dbo,sysarticles,del_scripting_proc,int,4,10,0,1
dbo,sysarticles,description,nvarchar,510,0,0,1
dbo,sysarticles,dest_owner,sysname,256,0,0,1
dbo,sysarticles,dest_table,sysname,256,0,0,0
dbo,sysarticles,filter,int,4,10,0,0
dbo,sysarticles,filter_clause,nvarchar,-1,0,0,1
dbo,sysarticles,fire_triggers_on_snapshot,bit,1,1,0,0
dbo,sysarticles,ins_cmd,nvarchar,510,0,0,1
dbo,sysarticles,ins_scripting_proc,int,4,10,0,1
dbo,sysarticles,name,sysname,256,0,0,0
dbo,sysarticles,objid,int,4,10,0,0
dbo,sysarticles,pre_creation_cmd,tinyint,1,3,0,0
dbo,sysarticles,pubid,int,4,10,0,0
dbo,sysarticles,schema_option,binary,8,0,0,1
dbo,sysarticles,status,tinyint,1,3,0,0
dbo,sysarticles,sync_objid,int,4,10,0,0
dbo,sysarticles,type,tinyint,1,3,0,0
dbo,sysarticles,upd_cmd,nvarchar,510,0,0,1
dbo,sysarticles,upd_scripting_proc,int,4,10,0,1
dbo,sysarticleupdates,artid,int,4,10,0,0
dbo,sysarticleupdates,autogen,bit,1,1,0,0
dbo,sysarticleupdates,conflict_tableid,int,4,10,0,1
dbo,sysarticleupdates,identity_support,bit,1,1,0,0
dbo,sysarticleupdates,ins_conflict_proc,int,4,10,0,1
dbo,sysarticleupdates,pubid,int,4,10,0,0
dbo,sysarticleupdates,sync_del_proc,int,4,10,0,0
dbo,sysarticleupdates,sync_ins_proc,int,4,10,0,0
dbo,sysarticleupdates,sync_upd_proc,int,4,10,0,0
dbo,sysarticleupdates,sync_upd_trig,int,4,10,0,0
dbo,sysdiagrams,definition,varbinary,-1,0,0,1
dbo,sysdiagrams,diagram_id,int,4,10,0,0
dbo,sysdiagrams,name,sysname,256,0,0,0
dbo,sysdiagrams,principal_id,int,4,10,0,0
dbo,sysdiagrams,version,int,4,10,0,1
dbo,syspublications,ad_guidname,sysname,256,0,0,1
dbo,syspublications,allow_anonymous,bit,1,1,0,0
dbo,syspublications,allow_dts,bit,1,1,0,0
dbo,syspublications,allow_initialize_from_backup,bit,1,1,0,0
dbo,syspublications,allow_pull,bit,1,1,0,0
dbo,syspublications,allow_push,bit,1,1,0,0
dbo,syspublications,allow_queued_tran,bit,1,1,0,0
dbo,syspublications,allow_subscription_copy,bit,1,1,0,0
dbo,syspublications,allow_sync_tran,bit,1,1,0,0
dbo,syspublications,alt_snapshot_folder,nvarchar,510,0,0,1
dbo,syspublications,autogen_sync_procs,bit,1,1,0,0
dbo,syspublications,backward_comp_level,int,4,10,0,0
dbo,syspublications,centralized_conflicts,bit,1,1,0,1
dbo,syspublications,compress_snapshot,bit,1,1,0,0
dbo,syspublications,conflict_policy,int,4,10,0,1
dbo,syspublications,conflict_retention,int,4,10,0,1
dbo,syspublications,description,nvarchar,510,0,0,1
dbo,syspublications,enabled_for_internet,bit,1,1,0,0
dbo,syspublications,ftp_address,sysname,256,0,0,1
dbo,syspublications,ftp_login,sysname,256,0,0,1
dbo,syspublications,ftp_password,nvarchar,1048,0,0,1
dbo,syspublications,ftp_port,int,4,10,0,0
dbo,syspublications,ftp_subdirectory,nvarchar,510,0,0,1
dbo,syspublications,immediate_sync,bit,1,1,0,0
dbo,syspublications,immediate_sync_ready,bit,1,1,0,0
dbo,syspublications,independent_agent,bit,1,1,0,0
dbo,syspublications,min_autonosync_lsn,binary,10,0,0,1
dbo,syspublications,name,sysname,256,0,0,0
dbo,syspublications,options,int,4,10,0,0
dbo,syspublications,originator_id,int,4,10,0,1
dbo,syspublications,post_snapshot_script,nvarchar,510,0,0,1
dbo,syspublications,pre_snapshot_script,nvarchar,510,0,0,1
dbo,syspublications,pubid,int,4,10,0,0
dbo,syspublications,queue_type,int,4,10,0,1
dbo,syspublications,repl_freq,tinyint,1,3,0,0
dbo,syspublications,replicate_ddl,int,4,10,0,1
dbo,syspublications,retention,int,4,10,0,1
dbo,syspublications,snapshot_in_defaultfolder,bit,1,1,0,0
dbo,syspublications,snapshot_jobid,binary,16,0,0,1
dbo,syspublications,status,tinyint,1,3,0,0
dbo,syspublications,sync_method,tinyint,1,3,0,0
dbo,sysreplservers,srvid,int,4,10,0,1
dbo,sysreplservers,srvname,sysname,256,0,0,0
dbo,sysschemaarticles,artid,int,4,10,0,0
dbo,sysschemaarticles,creation_script,nvarchar,510,0,0,1
dbo,sysschemaarticles,description,nvarchar,510,0,0,1
dbo,sysschemaarticles,dest_object,sysname,256,0,0,0
dbo,sysschemaarticles,dest_owner,sysname,256,0,0,1
dbo,sysschemaarticles,name,sysname,256,0,0,0
dbo,sysschemaarticles,objid,int,4,10,0,0
dbo,sysschemaarticles,pre_creation_cmd,tinyint,1,3,0,0
dbo,sysschemaarticles,pubid,int,4,10,0,0
dbo,sysschemaarticles,schema_option,binary,8,0,0,1
dbo,sysschemaarticles,status,int,4,10,0,0
dbo,sysschemaarticles,type,tinyint,1,3,0,0
dbo,syssubscriptions,artid,int,4,10,0,0
dbo,syssubscriptions,dest_db,sysname,256,0,0,0
dbo,syssubscriptions,distribution_jobid,binary,16,0,0,1
dbo,syssubscriptions,login_name,sysname,256,0,0,0
dbo,syssubscriptions,loopback_detection,bit,1,1,0,0
dbo,syssubscriptions,nosync_type,tinyint,1,3,0,0
dbo,syssubscriptions,queued_reinit,bit,1,1,0,0
dbo,syssubscriptions,srvid,smallint,2,5,0,0
dbo,syssubscriptions,srvname,sysname,256,0,0,0
dbo,syssubscriptions,status,tinyint,1,3,0,0
dbo,syssubscriptions,subscription_type,int,4,10,0,0
dbo,syssubscriptions,sync_type,tinyint,1,3,0,0
dbo,syssubscriptions,timestamp,timestamp,8,0,0,0
dbo,syssubscriptions,update_mode,tinyint,1,3,0,0
dbo,system_config,parameter_name,varchar,255,0,0,0
dbo,system_config,parameter_value,varchar,255,0,0,0
dbo,systgroup,description,varchar,50,0,0,0
dbo,systgroup,diary_group_id,int,4,10,0,1
dbo,systgroup,id,int,4,10,0,0
dbo,systgroup_affinity,affinity_code,varchar,50,0,0,0
dbo,systgroup_affinity,systgroup_id,int,4,10,0,0
dbo,systgroup_function,function_id,int,4,10,0,0
dbo,systgroup_function,systgroup_id,int,4,10,0,0
dbo,systranschemas,endlsn,binary,10,0,0,0
dbo,systranschemas,startlsn,binary,10,0,0,0
dbo,systranschemas,tabid,int,4,10,0,0
dbo,systranschemas,typeid,int,4,10,0,0
dbo,systuser,asp_session_id,nvarchar,176,0,0,1
dbo,systuser,authoriser,bit,1,1,0,1
dbo,systuser,claim_form_print,bit,1,1,0,1
dbo,systuser,display_report_groups,bit,1,1,0,1
dbo,systuser,email_address,varchar,128,0,0,1
dbo,systuser,ext,int,4,10,0,1
dbo,systuser,forename,varchar,32,0,0,1
dbo,systuser,id,int,4,10,0,0
dbo,systuser,initial,varchar,50,0,0,1
dbo,systuser,password,nvarchar,-1,0,0,1
dbo,systuser,password_prompt,varchar,50,0,0,1
dbo,systuser,pw_date,smalldatetime,4,16,0,0
dbo,systuser,read_only,bit,1,1,0,1
dbo,systuser,show_in_action_list,bit,1,1,0,1
dbo,systuser,surname,varchar,32,0,0,1
dbo,systuser,time_stamp,smalldatetime,4,16,0,1
dbo,systuser,title_id,int,4,10,0,1
dbo,systuser,user_status,tinyint,1,3,0,1
dbo,systuser,username,varchar,50,0,0,0
dbo,systuser_action,id,int,4,10,0,0
dbo,systuser_action,item_id,int,4,10,0,0
dbo,systuser_action,posted_data,varchar,5000,0,0,0
dbo,systuser_action,time_stamp,smalldatetime,4,16,0,0
dbo,systuser_action,user_id,int,4,10,0,0
dbo,systuser_affinity,affinity_code,varchar,50,0,0,1
dbo,systuser_affinity,id,int,4,10,0,0
dbo,systuser_affinity,systuser_id,int,4,10,0,1
dbo,systuser_company,company_id,int,4,10,0,0
dbo,systuser_company,id,int,4,10,0,0
dbo,systuser_company,systuser_id,int,4,10,0,0
dbo,systuser_group,group_id,int,4,10,0,0
dbo,systuser_group,id,int,4,10,0,0
dbo,systuser_group,is_primary_group,bit,1,1,0,1
dbo,systuser_group,user_id,int,4,10,0,0
dbo,systuser_logon_history,id,int,4,10,0,0
dbo,systuser_logon_history,is_logout_timestamp_estimate,bit,1,1,0,0
dbo,systuser_logon_history,login_timestamp,datetime,8,23,3,0
dbo,systuser_logon_history,logout_timestamp,datetime,8,23,3,1
dbo,systuser_logon_history,systuser_id,int,4,10,0,0
dbo,systuser_logon_history_migration,company_id,int,4,10,0,1
dbo,systuser_logon_history_migration,forename,varchar,32,0,0,1
dbo,systuser_logon_history_migration,ip_address,varchar,32,0,0,1
dbo,systuser_logon_history_migration,logout_time_stamp,datetime,8,23,3,1
dbo,systuser_logon_history_migration,surname,varchar,32,0,0,1
dbo,systuser_logon_history_migration,time_stamp,datetime,8,23,3,1
dbo,systuser_logon_history_migration,username,varchar,50,0,0,1
dbo,systuser_password_reset,systuser_ID,int,4,10,0,1
dbo,systuser_password_reset,time_stamp,smalldatetime,4,16,0,0
dbo,systuser_password_reset,username,varchar,50,0,0,0
dbo,systuser_security,systuser_id,int,4,10,0,1
dbo,systuser_security,tab_id,int,4,10,0,1
dbo,tabs,description,varchar,50,0,0,0
dbo,tabs,divert,int,4,10,0,1
dbo,tabs,function_id,int,4,10,0,0
dbo,tabs,id,int,4,10,0,0
dbo,tabs,misroute,varchar,256,0,0,1
dbo,tabs,ordinal,int,4,10,0,0
dbo,tabs,suffix,bit,1,1,0,0
dbo,tabs,url,varchar,1000,0,0,0
dbo,tabs_no_parent,function_id,int,4,10,0,0
dbo,tabs_no_parent,tab_id,int,4,10,0,0
dbo,telephone_type,description,varchar,150,0,0,1
dbo,telephone_type,id,int,4,10,0,0
dbo,telephone_type,replace_map_key,varchar,150,0,0,1
dbo,Temp,ID,int,4,10,0,0
dbo,Temp,Test,varbinary,50,0,0,1
dbo,Temp_CDLClientImportWrk,AddressLine1,varchar,14,0,0,0
dbo,Temp_CDLClientImportWrk,AddressLine2,varchar,9,0,0,0
dbo,Temp_CDLClientImportWrk,Affinity,varchar,256,0,0,1
dbo,Temp_CDLClientImportWrk,Branch,varchar,256,0,0,1
dbo,Temp_CDLClientImportWrk,ClientFirstName,varchar,256,0,0,1
dbo,Temp_CDLClientImportWrk,ClientSurname,varchar,12,0,0,0
dbo,Temp_CDLClientImportWrk,ClientTitle,varchar,256,0,0,1
dbo,Temp_CDLClientImportWrk,County,varchar,9,0,0,0
dbo,Temp_CDLClientImportWrk,DOB,varchar,10,0,0,0
dbo,Temp_CDLClientImportWrk,EmailAddress,varchar,46,0,0,0
dbo,Temp_CDLClientImportWrk,FullName,varchar,260,0,0,1
dbo,Temp_CDLClientImportWrk,Id,int,4,10,0,0
dbo,Temp_CDLClientImportWrk,MailOption1,varchar,256,0,0,1
dbo,Temp_CDLClientImportWrk,MailOption2,varchar,256,0,0,1
dbo,Temp_CDLClientImportWrk,MaritalStatus,varchar,20,0,0,1
dbo,Temp_CDLClientImportWrk,Mobile,varchar,12,0,0,0
dbo,Temp_CDLClientImportWrk,NetContact,varchar,256,0,0,1
dbo,Temp_CDLClientImportWrk,Phone1,varchar,12,0,0,0
dbo,Temp_CDLClientImportWrk,Phone2,varchar,12,0,0,0
dbo,Temp_CDLClientImportWrk,Postcode,varchar,6,0,0,0
dbo,Temp_CDLClientImportWrk,ProcessedDate,int,4,10,0,1
dbo,Temp_CDLClientImportWrk,SchemeCode,varchar,256,0,0,1
dbo,Temp_CDLClientImportWrk,Sex,varchar,20,0,0,1
dbo,Temp_CDLClientImportWrk,Town,varchar,10,0,0,0
dbo,Temp_CDLClientImportWrk,Underwritter,varchar,256,0,0,1
dbo,Temp_CDLClientImportWrk,UniqueClientCode,varchar,256,0,0,1
dbo,Temp_CDLClientImportWrk,UploadedDate,datetime,8,23,3,0
dbo,Temp_CDLPolicyImportWrk,AccountName,varchar,18,0,0,0
dbo,Temp_CDLPolicyImportWrk,AccountNumber,varchar,8,0,0,0
dbo,Temp_CDLPolicyImportWrk,Affinity,varchar,256,0,0,1
dbo,Temp_CDLPolicyImportWrk,BankName,varchar,256,0,0,1
dbo,Temp_CDLPolicyImportWrk,Branch,varchar,256,0,0,1
dbo,Temp_CDLPolicyImportWrk,Channel,varchar,256,0,0,1
dbo,Temp_CDLPolicyImportWrk,DirectDebitDate,varchar,256,0,0,1
dbo,Temp_CDLPolicyImportWrk,Discounts,varchar,256,0,0,1
dbo,Temp_CDLPolicyImportWrk,EnquiryDate,date,3,10,0,1
dbo,Temp_CDLPolicyImportWrk,FinalDDInstallmentDate,date,3,10,0,1
dbo,Temp_CDLPolicyImportWrk,Id,int,4,10,0,0
dbo,Temp_CDLPolicyImportWrk,InceptionDate,date,3,10,0,1
dbo,Temp_CDLPolicyImportWrk,InstalmentAmount,money,8,19,4,1
dbo,Temp_CDLPolicyImportWrk,MultiPetFlag,varchar,20,0,0,1
dbo,Temp_CDLPolicyImportWrk,PaymentMethod,varchar,20,0,0,1
dbo,Temp_CDLPolicyImportWrk,PayType,varchar,256,0,0,1
dbo,Temp_CDLPolicyImportWrk,PolicyFrequency,varchar,256,0,0,1
dbo,Temp_CDLPolicyImportWrk,PolicyLevel,varchar,256,0,0,1
dbo,Temp_CDLPolicyImportWrk,PolicyNotes,varchar,18,0,0,0
dbo,Temp_CDLPolicyImportWrk,PolicyRef,varchar,256,0,0,1
dbo,Temp_CDLPolicyImportWrk,PolicyTerm,varchar,256,0,0,1
dbo,Temp_CDLPolicyImportWrk,PremiumPrice,money,8,19,4,1
dbo,Temp_CDLPolicyImportWrk,ProcessedDate,int,4,10,0,1
dbo,Temp_CDLPolicyImportWrk,Product,varchar,256,0,0,1
dbo,Temp_CDLPolicyImportWrk,RenewalDate,date,3,10,0,1
dbo,Temp_CDLPolicyImportWrk,SalesDate,date,3,10,0,1
dbo,Temp_CDLPolicyImportWrk,Scheme,varchar,256,0,0,1
dbo,Temp_CDLPolicyImportWrk,SortCode,varchar,6,0,0,0
dbo,Temp_CDLPolicyImportWrk,SourceCode,varchar,256,0,0,1
dbo,Temp_CDLPolicyImportWrk,Status,varchar,256,0,0,1
dbo,Temp_CDLPolicyImportWrk,Underwritter,varchar,256,0,0,1
dbo,Temp_CDLPolicyImportWrk,UniqueClientCode,varchar,256,0,0,1
dbo,Temp_CDLPolicyImportWrk,UniquePolicyCode,varchar,256,0,0,1
dbo,Temp_CDLPolicyImportWrk,UploadedDate,datetime,8,23,3,0
dbo,Temp_CDLPolicyImportWrk,VoluntaryExcess,varchar,20,0,0,1
dbo,Temp_CDLRenewalsImportWrk,Affinity,varchar,256,0,0,1
dbo,Temp_CDLRenewalsImportWrk,Branch,varchar,256,0,0,1
dbo,Temp_CDLRenewalsImportWrk,BreedOfPet,varchar,256,0,0,1
dbo,Temp_CDLRenewalsImportWrk,Id,int,4,10,0,0
dbo,Temp_CDLRenewalsImportWrk,Microchipped,varchar,20,0,0,1
dbo,Temp_CDLRenewalsImportWrk,Neutered,varchar,5,0,0,1
dbo,Temp_CDLRenewalsImportWrk,PetDOB,date,3,10,0,1
dbo,Temp_CDLRenewalsImportWrk,PetName,varchar,256,0,0,1
dbo,Temp_CDLRenewalsImportWrk,PetSex,varchar,20,0,0,1
dbo,Temp_CDLRenewalsImportWrk,PetType,varchar,256,0,0,1
dbo,Temp_CDLRenewalsImportWrk,Policy,varchar,256,0,0,1
dbo,Temp_CDLRenewalsImportWrk,PolicyAgeInYears,int,4,10,0,0
dbo,Temp_CDLRenewalsImportWrk,ProcessedDate,int,4,10,0,1
dbo,Temp_CDLRenewalsImportWrk,PurchasePrice,money,8,19,4,1
dbo,Temp_CDLRenewalsImportWrk,RiskNotes,varchar,256,0,0,1
dbo,Temp_CDLRenewalsImportWrk,SchemeCode,varchar,256,0,0,1
dbo,Temp_CDLRenewalsImportWrk,Underwritter,varchar,256,0,0,1
dbo,Temp_CDLRenewalsImportWrk,UniqueClientCode,varchar,256,0,0,1
dbo,Temp_CDLRenewalsImportWrk,UniquePolicyCode,varchar,256,0,0,1
dbo,Temp_CDLRenewalsImportWrk,UploadedDate,datetime,8,23,3,0
dbo,temp_colors,affinitycode,varchar,10,0,0,1
dbo,temp_colors,color,varchar,15,0,0,1
dbo,TEMPLATE,active,bit,1,1,0,1
dbo,TEMPLATE,address_type,int,4,10,0,1
dbo,TEMPLATE,affinity_code,varchar,50,0,0,1
dbo,TEMPLATE,BodyText,varchar,8000,0,0,1
dbo,TEMPLATE,dead_lost,tinyint,1,3,0,1
dbo,TEMPLATE,Description,varchar,100,0,0,1
dbo,TEMPLATE,embed_survey,bit,1,1,0,1
dbo,TEMPLATE,FollowUpDays,int,4,10,0,1
dbo,TEMPLATE,FooterId,int,4,10,0,1
dbo,TEMPLATE,HeaderId,int,4,10,0,1
dbo,TEMPLATE,payment,bit,1,1,0,1
dbo,TEMPLATE,Prompt,nvarchar,510,0,0,1
dbo,TEMPLATE,TemplateCode,varchar,20,0,0,1
dbo,TEMPLATE,TemplateID,int,4,10,0,0
dbo,TEMPLATE_20150324,active,bit,1,1,0,1
dbo,TEMPLATE_20150324,address_type,int,4,10,0,1
dbo,TEMPLATE_20150324,affinity_code,varchar,50,0,0,1
dbo,TEMPLATE_20150324,BodyText,varchar,8000,0,0,1
dbo,TEMPLATE_20150324,dead_lost,tinyint,1,3,0,1
dbo,TEMPLATE_20150324,Description,varchar,100,0,0,1
dbo,TEMPLATE_20150324,embed_survey,bit,1,1,0,1
dbo,TEMPLATE_20150324,FollowUpDays,int,4,10,0,1
dbo,TEMPLATE_20150324,payment,bit,1,1,0,1
dbo,TEMPLATE_20150324,Prompt,nvarchar,510,0,0,1
dbo,TEMPLATE_20150324,TemplateCode,varchar,20,0,0,1
dbo,TEMPLATE_20150324,TemplateID,int,4,10,0,0
dbo,TEMPLATE_POLICY,active,bit,1,1,0,1
dbo,TEMPLATE_POLICY,address_type,int,4,10,0,1
dbo,TEMPLATE_POLICY,AffinityCode,varchar,50,0,0,1
dbo,TEMPLATE_POLICY,BodyText,varchar,8000,0,0,1
dbo,TEMPLATE_POLICY,dead_lost,tinyint,1,3,0,1
dbo,TEMPLATE_POLICY,department,varchar,50,0,0,1
dbo,TEMPLATE_POLICY,Description,varchar,100,0,0,1
dbo,TEMPLATE_POLICY,embed_survey,bit,1,1,0,1
dbo,TEMPLATE_POLICY,FollowUpDays,int,4,10,0,1
dbo,TEMPLATE_POLICY,FooterId,int,4,10,0,1
dbo,TEMPLATE_POLICY,HeaderId,int,4,10,0,1
dbo,TEMPLATE_POLICY,Prompt,nvarchar,510,0,0,1
dbo,TEMPLATE_POLICY,SubjectLine,varchar,500,0,0,1
dbo,TEMPLATE_POLICY,TemplateCode,varchar,20,0,0,1
dbo,TEMPLATE_POLICY,TemplateID,int,4,10,0,0
dbo,ThirdPartySourceDescription,Description,nvarchar,510,0,0,0
dbo,ThirdPartySourceDescription,SourceID,int,4,10,0,0
dbo,title,description,varchar,50,0,0,1
dbo,title,id,int,4,10,0,0
dbo,tpl_underwriter,annual_premium,decimal,5,5,2,0
dbo,tpl_underwriter,cover_id,int,4,10,0,1
dbo,tpl_underwriter,id,int,4,10,0,0
dbo,tpl_underwriter,product_id,int,4,10,0,0
dbo,tpl_underwriter,tpl_effective_date,date,3,10,0,0
dbo,tpl_underwriter,tpl_inactive_date,date,3,10,0,1
dbo,tpl_underwriter,underwriter,char,3,0,0,0
dbo,UC4729,policy_num,nvarchar,100,0,0,0
dbo,underwriter,account_name,varbinary,256,0,0,1
dbo,underwriter,account_number,varbinary,256,0,0,1
dbo,underwriter,account_sort_code,varbinary,256,0,0,1
dbo,underwriter,bacs_description,varchar,50,0,0,1
dbo,underwriter,cheque_start_number,int,4,10,0,1
dbo,underwriter,claim_payment_cheque_report_key,varchar,50,0,0,1
dbo,underwriter,claims_payment_file_strategy,varchar,20,0,0,0
dbo,underwriter,company_logo_url,varchar,300,0,0,1
dbo,underwriter,description,varchar,50,0,0,0
dbo,underwriter,enable_MTA,bit,1,1,0,1
dbo,underwriter,signature_image_url,varchar,300,0,0,1
dbo,underwriter,signature_name_html,varchar,200,0,0,1
dbo,underwriter,signature_title_html,varchar,200,0,0,1
dbo,underwriter,underwriter_code,varchar,3,0,0,0
dbo,user_message,message_id,int,4,10,0,0
dbo,user_message,read_flag,bit,1,1,0,1
dbo,user_message,user_id,int,4,10,0,0
dbo,VET,active,bit,1,1,0,1
dbo,VET,contactname,varchar,255,0,0,1
dbo,VET,county,varchar,64,0,0,1
dbo,VET,email,nvarchar,128,0,0,1
dbo,VET,enc_account_name,varbinary,256,0,0,1
dbo,VET,enc_account_number,varbinary,256,0,0,1
dbo,VET,enc_sort_code,varbinary,256,0,0,1
dbo,VET,fax,varchar,32,0,0,1
dbo,VET,geoaccuracy,int,4,10,0,1
dbo,VET,geoerror,varchar,255,0,0,1
dbo,VET,id,int,4,10,0,0
dbo,VET,latitude,varchar,50,0,0,1
dbo,VET,longitude,varchar,50,0,0,1
dbo,VET,postcode,varchar,16,0,0,1
dbo,VET,street,varchar,64,0,0,1
dbo,VET,street_2,varchar,64,0,0,1
dbo,VET,street_3,varchar,64,0,0,1
dbo,VET,telno,varchar,32,0,0,1
dbo,VET,town,varchar,64,0,0,1
dbo,VET,updatetimestamp,datetime,8,23,3,1
dbo,VET,vat_number,varchar,32,0,0,1
dbo,VET,vetname,varchar,255,0,0,1
dbo,vet_sanctions,active,bit,1,1,0,0
dbo,vet_sanctions,code,varchar,4,0,0,1
dbo,vet_sanctions,score,tinyint,1,3,0,0
dbo,vet_sanctions,timestamp,datetime,8,23,3,0
dbo,vet_sanctions,vet_id,int,4,10,0,0
dbo,VetRegion,County,varchar,50,0,0,1
dbo,VetRegion,PostcodeArea,varchar,2,0,0,0
dbo,VetRegion,Region,varchar,50,0,0,0
dbo,VetRegion,Town,varchar,50,0,0,1
dbo,voucher,claim_id,int,4,10,0,1
dbo,voucher,expiry_date,date,3,10,0,0
dbo,voucher,id,int,4,10,0,0
dbo,voucher,policy_id,int,4,10,0,0
dbo,voucher,selected,bit,1,1,0,1
dbo,voucher,start_date,date,3,10,0,1
dbo,voucher,voucher_item_id,int,4,10,0,0
dbo,voucher_cover,cover_id,int,4,10,0,0
dbo,voucher_cover,id,int,4,10,0,0
dbo,voucher_cover,report_template,varchar,50,0,0,1
dbo,voucher_cover,voucher_template_id,int,4,10,0,0
dbo,voucher_cover,year,tinyint,1,3,0,1
dbo,voucher_deleted,claim_id,int,4,10,0,1
dbo,voucher_deleted,expiry_date,smalldatetime,4,16,0,0
dbo,voucher_deleted,id,int,4,10,0,0
dbo,voucher_deleted,policy_id,int,4,10,0,0
dbo,voucher_deleted,start_date,smalldatetime,4,16,0,1
dbo,voucher_deleted,voucher_item_id,int,4,10,0,0
dbo,voucher_item,code,varchar,50,0,0,0
dbo,voucher_item,description,varchar,50,0,0,0
dbo,voucher_item,expiry_month,int,4,10,0,0
dbo,voucher_item,id,int,4,10,0,0
dbo,voucher_item,nominal_value,decimal,9,10,2,1
dbo,voucher_item,start_month,int,4,10,0,1
dbo,voucher_item,voucher_template_id,int,4,10,0,0
dbo,voucher_item,voucher_type,varchar,50,0,0,1
dbo,voucher_item,voucher_value,decimal,9,10,2,1
dbo,voucher_template,description,varchar,50,0,0,0
dbo,voucher_template,id,int,4,10,0,0
dbo,voucher_template,report,varchar,50,0,0,1
EmailEnqueue,PolicyEmailTracking,id,int,4,10,0,0
EmailEnqueue,PolicyEmailTracking,lapsedPolicy,bit,1,1,0,1
EmailEnqueue,PolicyEmailTracking,lapsingAnnual,bit,1,1,0,1
EmailEnqueue,PolicyEmailTracking,policyId,int,4,10,0,0
EmailEnqueue,PolicyEmailTracking,sent7DaysToRenewal,bit,1,1,0,1
EmailEnqueue,PolicyEmailTracking,sentPolicyMigrationWarmUp,bit,1,1,0,1
ps,email_error_codes,CanUndo,bit,1,1,0,0
ps,email_error_codes,DiaryNoteText,varchar,255,0,0,1
ps,email_error_codes,ErrorDescription,varchar,255,0,0,0
ps,email_error_codes,ErrorID,int,4,10,0,0
ps,email_error_codes,ErrorName,varchar,255,0,0,0
Renewals,ActionedEvents,ActionDate,datetime,8,23,3,0
Renewals,ActionedEvents,EventConfigurationId,int,4,10,0,0
Renewals,ActionedEvents,Id,int,4,10,0,0
Renewals,ActionedEvents,PolicyId,int,4,10,0,1
Renewals,ActionedEvents,QuoteId,int,4,10,0,1
Renewals,Event,Description,varchar,255,0,0,0
Renewals,Event,EventTypeId,int,4,10,0,0
Renewals,Event,Id,int,4,10,0,0
Renewals,EventConfiguration,AffinityCode,varchar,10,0,0,0
Renewals,EventConfiguration,DaysPriorRenewal,int,4,10,0,0
Renewals,EventConfiguration,EffectiveDate,date,3,10,0,0
Renewals,EventConfiguration,EventId,int,4,10,0,0
Renewals,EventConfiguration,Id,int,4,10,0,0
Renewals,EventConfiguration,InactiveDate,date,3,10,0,1
Renewals,EventProperties,EventId,int,4,10,0,0
Renewals,EventProperties,Id,int,4,10,0,0
Renewals,EventProperties,Key,varchar,255,0,0,0
Renewals,EventProperties,Value,varchar,-1,0,0,0
Renewals,EventType,Description,varchar,50,0,0,0
Renewals,EventType,Id,int,4,10,0,0
Renewals,PolicyConversion,PolicyId,int,4,10,0,0
Renewals,PolicyConversion,QuoteId,int,4,10,0,0