english,Arabic,German,Hindi,Japanese,Spanish,Vietnamese
otitis media,"formal: التهاب الأذن الوسطى | informal: التهاب الأذن الوسطى, التهاب الأذن","formal: Mittelohrentzündung | informal: Mittelohrentzündung, Ohrenentzündung, Ohrenschmerzen","formal: मध्यकर्णशोथ | informal: मध्य कान का संक्रमण, कान का संक्रमण, कान में इन्फेक्षन","formal: 中耳炎 | informal: 中耳炎, 耳の感染症","formal: otitis media | informal: infección del oído medio, infección de oído, dolor de oído","formal: viêm tai giữa | informal: nhiễm trùng tai giữa, nhiễm trùng tai, đau tai"
bronchiolitis,التهاب قصيبات,Bronchiolitis,सांस की नली में सूजन,細気管支炎,bronquiolitis,viêm tiểu phế quản
gastroenteritis,"formal: التهاب المعدة والأمعاء | informal: أنفلونزا المعدة, التهاب الأمعاء, نزلة معوية, نزلات البرد في المعدة","formal: Magen-Darm-Grippe (Gastroenteritis) | informal: Magen-Darm-Grippe, Magen-Darm-Infekt, Magen-Darm","formal: गैस्ट्रोएंटेराइटिस | informal: पेट का फ्लू, पेट की खराबी, पेट में इन्फेक्शन, पेट फ्लू","formal: 胃腸炎 | informal: お腹의風邪, 胃腸炎, お腹の虫, 胃腸風邪","formal: gastroenteritis | informal: gripe estomacal, gastro, bicho estomacal, gastroenteritis","formal: viêm dạ dày ruột | informal: cúm dạ dày, bệnh đường ruột, nhiễm trùng tiêu hóa, đau bụng tiêu chảy"
croup,الخناق,Krupp-Husten (Pseudokrupp),क्रुप,クループ,crup,bệnh viêm thanh khí phế quản
a guide to menopause,دليل سن اليأس,Ein Leitfaden zur Menopause,रजोनिवृत्ति के लिए एक मार्गदर्शिका,更年期ガイド,una guía para la menopausia,Hướng dẫn về thời kỳ mãn kinh
abdominal aortic aneurysm,تمدد الأوعية الدموية الأبهري,Bauchaortenaneurysma,पेट की महाधमनी में फैलाव,腹部大動脈瘤,aneurisma aórtico abdominal,chứng phình động mạch chủ bụng
abdominal hysterectomy,استئصال الرحم عن طريق البطن,abdominale Hysterektomie,पेट की हिस्टेरेक्टॉमी,腹式子宮摘出術,histerectomía abdominal,cắt bỏ tử cung qua đường bụng
abdominal pain,ألم في البطن,Bauchschmerzen,पेट में दर्द,腹痛,dolor abdominal,đau bụng
abdominal pain in children,ألم البطن عند الأطفال,Bauchschmerzen bei Kindern,बच्चों में पेट दर्द,小児の腹痛,dolor abdominal en niños,đau bụng ở trẻ em
abdominal surgery for crohn's disease,جراحة البطن لعلاج داء كرون,Bauchoperation bei Morbus Crohn,क्रोहन रोग के लिए पेट की सर्जरी,クローン病に対する腹部手術,Cirugía abdominal para la enfermedad de Crohn,phẫu thuật ổ bụng điều trị bệnh Crohn
abdominoplasty,عملية تجميل البطن,Bauchdeckenstraffung,एब्डोमिनोप्लास्टी,腹部形成術,abdominoplastia,phẫu thuật tạo hình bụng
aboriginal and torres strait islander health,صحة السكان الأصليين وسكان جزر مضيق توريس,Gesundheit der Aborigines und der Torres-Strait-Insulaner,आदिवासी और टोरेस स्ट्रेट द्वीपवासियों का स्वास्थ्य,アボリジニおよびトレス海峡諸島民の健康,salud de los aborígenes y los isleños del Estrecho de Torres,sức khỏe của người bản địa và cư dân đảo Torres Strait
aboriginal and torres strait people social and emotional wellbeing,الرفاه الاجتماعي والعاطفي للسكان الأصليين وسكان جزر مضيق توريس,Soziales und emotionales Wohlbefinden der Aborigines und der Torres-Strait-Bevölkerung,आदिवासी और टोरेस स्ट्रेट के लोगों का सामाजिक और भावनात्मक कल्याण,アボリジニとトレス海峡諸島民の社会的および感情的な幸福,bienestar social y emocional de los pueblos aborígenes y del estrecho de Torres,phúc lợi xã hội và cảm xúc của người bản địa và người dân eo biển Torres
abortion,إجهاض,Abtreibung,गर्भपात,中絶,aborto provocado,phá thai
abscess incision and drainage,شق الخراج وتصريفه,Abszessinzision und -drainage,फोड़े का चीरा लगाकर जल निकासी,膿瘍の切開と排膿,Incisión y drenaje del absceso,rạch và dẫn lưu ổ áp xe
abscesses,الخراجات,Abszesse,फोड़े,膿瘍,abscesos,áp xe
absence seizures,نوبات الغياب,Absencen,अनुपस्थिति दौरे,欠神発作,crisis de ausencia,cơn động kinh vắng mặt
absent periods,انقطاع الدورة الشهرية,Fehlzeiten,अनुपस्थित अवधि,欠席期間,períodos ausentes,vắng mặt
accidentally eating unsafe foods,تناول أطعمة غير آمنة عن طريق الخطأ,versehentliches Essen unsicherer Lebensmittel,अनजाने में असुरक्षित खाद्य पदार्थों का सेवन करना,誤って安全でない食品を食べてしまう,comer accidentalmente alimentos no seguros,vô tình ăn phải thực phẩm không an toàn
accidents,الحوادث,Unfälle,दुर्घटनाओं,事故,accidentes,tai nạn
accommodation support,دعم الإقامة,Unterstützung bei der Unterkunftssuche,आवास सहायता,宿泊支援,apoyo para el alojamiento,hỗ trợ chỗ ở
achalasia,تعذر الارتخاء,Achalasie,अचलासिया,アカラシア,acalasia,chứng co thắt tâm vị
aches and pains,آلام وأوجاع,Schmerzen und Beschwerden,दर्द एवं पीड़ा,痛みや不快感,achaques,đau nhức
achilles tendon,وتر أخيل,Achillessehne,अकिलीज़ टेंडन,アキレス腱,tendón de Aquiles,gân Achilles
haematologists,أطباء أمراض الدم,Hämatologen,हेमेटोलॉजिस्ट,血液専門医,hematólogos,các nhà huyết học
haematuria,"formal: بيلة دموية | informal: دم في البول, وجود دم في البول",formal: Hämaturie | informal: Blut im Urin,formal: रक्तमूत्रता | informal: पेशाब में खून आना,formal: 血尿 | informal: 尿に血が混じる,formal: hematuria | informal: sangre en la orina,"formal: tiểu máu | informal: máu trong nước tiểu, có máu trong nước tiểu"
g6pd deficiency,نقص إنزيم G6PD,G6PD-Mangel,जी6पीडी की कमी,G6PD欠損症,deficiencia de g6pd,thiếu hụt g6pd
gad,يا إلهي,gad,घूमना-फिरना,ガド,Dios,gad
extreme fire flame,لهيب ناري شديد,Fieber,अत्यधिक आग की लपट,極めて激しい炎,fiebre,sốt
ear pain,ألم في الأذن,Ohrenschmerzen,कान में दर्द,耳の痛み,dolor de oído,đau tai
paracetamol,باراسيتامول,Paracetamol,पैरासिटामोल,パラセタモール,paracetamol,paracetamol
emergency department,قسم الطوارئ,Notaufnahme,इमरजेंसी डिपार्टमेंट,救急外来,departamento de emergencias,khoa cấp cứu
acl reconstruction,إعادة بناء الرباط الصليبي الأمامي,Kreuzbandrekonstruktion,एसीएल पुनर्निर्माण,ACL再建術,reconstrucción del ligamento cruzado anterior,tái tạo dây chằng chéo trước
acne,حَبُّ الشّبَاب,Akne,मुंहासा,ニキビ,acné,mụn trứng cá
acne treatments,علاجات حب الشباب,Aknebehandlungen,मुँहासे के उपचार,ニキビ治療,tratamientos para el acné,điều trị mụn trứng cá
acoustic neuroma,ورم العصب السمعي,Akustikusneurinom,ध्वनिक न्यूरोमा,聴神経腫瘍,neuroma acústico,u thần kinh thính giác
acquired brain injury,إصابة دماغية مكتسبة,erworbene Hirnschädigung,मस्तिष्क की चोट,後天性脳損傷,lesión cerebral adquirida,chấn thương não mắc phải
acromegaly,ضخامة الأطراف,Akromegalie,एक्रोमिगेली,先端巨大症,acromegalia,bệnh to đầu chi
acts of kindness and compassion,أعمال اللطف والرحمة,Akte der Freundlichkeit und des Mitgefühls,दया और करुणा के कार्य,親切と思いやりの行為,actos de bondad y compasión,những hành động tử tế và lòng thương xót
acupuncture,الوخز بالإبر,Akupunktur,एक्यूपंक्चर,鍼,acupuntura,châm cứu
add,يضيف,hinzufügen,जोड़ना,追加,agregar,thêm vào
addiction,مدمن,Sucht,लत,中毒,adicción,nghiện
addiction withdrawal,أعراض انسحاب الإدمان,Entzugserscheinungen,व्यसन से मुक्ति,依存症からの離脱,Abstinencia de adicción,cai nghiện
addison's disease,مرض أديسون,Addison-Krankheit,एडिसन रोग,アジソン病,enfermedad de Addison,bệnh Addison
adeno-tonsillectomy,استئصال اللوزتين واللحمية,Adenotonsillektomie,एडिनो-टॉन्सिल्लेक्टोमी,アデノ扁桃摘出術,adenoidectomía y amigdalectomía,cắt amidan và nạo VA
adenoidectomy,استئصال اللحمية,Adenoidektomie,एडेनोइडेक्टोमी,アデノイド切除術,adenoidectomía,cắt bỏ amidan
adenoids,اللحمية,Polypen,adenoids,アデノイド,adenoides,amidan
adenomyosis,داء البطانة الرحمية,Adenomyose,ग्रंथिपेश्यर्बुदता,子宮腺筋症,adenomiosis,bệnh lạc nội mạc tử cung
adenoviruses,الفيروسات الغدية,Adenoviren,एडिनोवायरस,アデノウイルス,adenovirus,adenovirus
adhd,اضطراب فرط الحركة ونقص الانتباه,ADHS,एडीएचडी,ADHD,TDAH,ADHD
adhd medicines,أدوية اضطراب فرط الحركة ونقص الانتباه,ADHS-Medikamente,एडीएचडी की दवाइयाँ,ADHD治療薬,medicamentos para el TDAH,thuốc điều trị ADHD
adrenal fatigue,إرهاق الغدة الكظرية,Nebennierenschwäche,अधिवृक्क थकान,副腎疲労,fatiga suprarrenal,mệt mỏi tuyến thượng thận
adrenal glands,الغدد الكظرية,Nebennieren,अधिवृक्क ग्रंथियां,副腎,glándulas suprarrenales,tuyến thượng thận
adrenaline,الأدرينالين,Adrenalin,एड्रेनालाईन,アドレナリン,adrenalina,adrenaline
adrenaline autoinjector,حاقن الأدرينالين التلقائي,Adrenalin-Autoinjektor,एड्रेनालाईन ऑटोइंजेक्टर,アドレナリン自己注射器,autoinyector de adrenalina,ống tiêm tự động adrenaline
advance care planning,التخطيط المسبق للرعاية,Vorausplanung der medizinischen Versorgung,अग्रिम देखभाल योजना,事前医療計画,planificación anticipada de la atención médica,lập kế hoạch chăm sóc trước
adverse effects from medicines,الآثار الجانبية للأدوية,Nebenwirkungen von Medikamenten,दवाओं से होने वाले प्रतिकूल प्रभाव,医薬品の副作用,efectos adversos de los medicamentos,tác dụng phụ của thuốc
after-hours health services,خدمات الرعاية الصحية خارج ساعات العمل,Gesundheitsdienste außerhalb der regulären Öffnungszeiten,कार्य समय के बाद की स्वास्थ्य सेवाएं,時間外医療サービス,servicios de salud fuera del horario habitual,dịch vụ y tế ngoài giờ
age-related macular degeneration,التنكس البقعي المرتبط بالعمر,altersbedingte Makuladegeneration,उम्र से संबंधित मैकुलर डिजनरेशन,加齢黄斑変性,degeneración macular relacionada con la edad,thoái hóa điểm vàng liên quan đến tuổi tác
aged care services,خدمات رعاية المسنين,Altenpflegedienste,वृद्धावस्था देखभाल सेवाएं,高齢者介護サービス,servicios de atención a personas mayores,dịch vụ chăm sóc người cao tuổi
aggression in teenagers,العدوانية لدى المراهقين,Aggression bei Teenagern,किशोरों में आक्रामकता,十代の若者の攻撃性,agresión en adolescentes,sự hung hăng ở thanh thiếu niên
agnosia,عجز التعرف على الأشياء,Agnosie,संवेदनलोप,失認,agnosia,chứng mất nhận thức
agoraphobia,رهاب الأماكن المفتوحة,Agoraphobie,भीड़ से डर लगना,広場恐怖症,agorafobia,chứng sợ khoảng trống
aicd,أيد,AICD,एआईसीडी,aicd,aicd,aicd
aids and hiv infection,الإيدز وعدوى فيروس نقص المناعة البشرية,AIDS- und HIV-Infektion,एड्स और एचआईवी संक्रमण,エイズとHIV感染,sida e infección por VIH,bệnh AIDS và nhiễm HIV
albinism,المهق,Albinismus,रंगहीनता,アルビニズム,albinismo,bệnh bạch tạng
alcohol,الكحول,Alkohol,शराब,アルコール,alcohol,rượu bia
alcohol dependence,إدمان الكحول,Alkoholabhängigkeit,अल्कोहल निर्भरता,アルコール依存症,dependencia del alcohol,nghiện rượu
alcoholism,إدمان الكحول,Alkoholismus,शराब,アルコール依存症,alcoholismo,nghiện rượu
allergen immunotherapy,العلاج المناعي للحساسية,Allergen-Immuntherapie,एलर्जेन इम्यूनोथेरेपी,アレルゲン免疫療法,inmunoterapia con alérgenos,liệu pháp miễn dịch dị ứng
allergic reactions to cow's milk,ردود الفعل التحسسية تجاه حليب البقر,allergische Reaktionen auf Kuhmilch,गाय के दूध से एलर्जी की प्रतिक्रिया,牛乳に対するアレルギー反応,reacciones alérgicas a la leche de vaca,phản ứng dị ứng với sữa bò
allergic rhinitis,"formal: التهاب الأنف التحسسي | informal: حمى القش, حمى الكلأ",formal: allergische Rhinitis | informal: Heuschnupfen,"formal: एलर्जिक राइनाइटिस | informal: हे फीवर, पराग ज्वर",formal: アレルギー性鼻炎 | informal: 花粉症,formal: rinitis alérgica | informal: fiebre del heno,"formal: viêm mũi dị ứng | informal: dị ứng thời tiết, sốt mùa hè"
allergies,الحساسية,Allergien,एलर्जी,アレルギー,alergias,dị ứng
allergies and hypersensitivities,الحساسية المفرطة,Allergien und Überempfindlichkeiten,एलर्जी और अतिसंवेदनशीलता,アレルギーおよび過敏症,alergias e hipersensibilidades,dị ứng và quá mẫn
allergies to seafood,الحساسية تجاه المأكولات البحرية,Allergien gegen Meeresfrüchte,समुद्री भोजन से एलर्जी,魚介類アレルギー,alergias a los mariscos,dị ứng với hải sản
allergy,حساسية,Allergie,एलर्जी,アレルギー,alergia,dị ứng
allergy testing,اختبار الحساسية,Allergietest,एलर्जी परीक्षण,アレルギー検査,pruebas de alergia,xét nghiệm dị ứng
allied health,المهن الصحية المساعدة,verwandte Gesundheitsberufe,संबन्धित स्वस्थ्य,医療関連職,salud afín,y tế liên kết
alopecia,"formal: ثعلبة | informal: تساقط الشعر, صلع, الصلع","formal: Alopezie | informal: Haarausfall, Glatzenbildung, Kahlheit","formal: खालित्य | informal: बालों का झड़ना, गंजापन, दरिद्रता","formal: 脱毛症 | informal: 抜け毛, ハゲ, 禿げ","formal: alopecia | informal: caída del cabello, calvicie","formal: rụng tóc | informal: hói đầu, rụng tóc"
alpha-1 antitrypsin deficiency,نقص ألفا-1 أنتيتريبسين,Alpha-1-Antitrypsinmangel,अल्फा-1 एंटीट्रिप्सिन की कमी,α1アンチトリプシン欠乏症,deficiencia de alfa-1 antitripsina,thiếu hụt alpha-1 antitrypsin
altitude sickness,داء المرتفعات,Höhenkrankheit,ऊंचाई से बीमारी,高山病,mal de altura,bệnh độ cao
alzheimer's disease,مرض الزهايمر,Alzheimer-Krankheit,अल्जाइमर रोग,アルツハイマー病,enfermedad de Alzheimer,bệnh Alzheimer
ambulances,سيارات الإسعاف,Krankenwagen,एंबुलेंस,救急車,ambulancias,xe cứu thương
amenorrhoea,انقطاع الطمث,Amenorrhoe,अमेनोरिया,無月経,amenorrea,vô kinh
amnesia,فقدان الذاكرة,Amnesie,भूलने की बीमारी,健忘症,amnesia,mất trí nhớ
amphetamines,الأمفيتامينات,Amphetamine,amphetamines,アンフェタミン,anfetaminas,amphetamines
amputation,بتر,Amputation,विच्छेदन,切断,amputación,cắt cụt
amyloidosis,داء النشواني,Amyloidose,एमिलॉयडोसिस,アミロイドーシス,amilosis,bệnh amyloidosis
amyotrophic lateral sclerosis,التصلب الجانبي الضموري,amyotrophe Lateralsklerose,पेशीशोषी पार्श्व काठिन्य,筋萎縮性側索硬化症,esclerosis lateral amiotrófica,bệnh xơ cứng teo cơ một bên
anabolic steroids,الستيرويدات الابتنائية,Anabole Steroide,एनाबॉलिक स्टेरॉयड,アナボリックステロイド,esteroides anabólicos,steroid đồng hóa
anaemia,فقر الدم,Anämie,खून की कमी,貧血,anemia,thiếu máu
anaemia medicine,دواء لعلاج فقر الدم,Anämie-Medikament,एनीमिया की दवा,貧血薬,medicamentos para la anemia,thuốc trị thiếu máu
anaesthetics,التخدير,Anästhetika,बेहोशी की दवा,麻酔薬,anestésicos,thuốc gây mê
anal cancer,سرطان الشرج,Analkrebs,गुदा कैंसर,肛門がん,cáncer anal,ung thư hậu môn
anal care,العناية الشرجية,Analpflege,गुदा देखभाल,肛門ケア,cuidado anal,chăm sóc hậu môn
anal fissure,الشق الشرجي,Analfissur,गुदा विदर,肛門裂傷,fisura anal,nứt hậu môn
anal injury,إصابة شرجية,Analverletzung,गुदा में चोट,肛門損傷,lesión anal,chấn thương hậu môn
anal pain,ألم شرجي,Analschmerzen,गुदा में दर्द होना,肛門の痛み,dolor anal,đau hậu môn
anaphylaxis,الحساسية المفرطة,Anaphylaxie,तीव्रग्राहिता,アナフィラキシー,anafilaxia,sốc phản vệ
anatomy,تشريح,Anatomie,शरीर रचना,解剖学,anatomía,giải phẫu học
anemia,فقر الدم,Anämie,रक्ताल्पता,貧血,anemia,thiếu máu
aneurysms,تمدد الأوعية الدموية,Aneurysmen,विस्फार,動脈瘤,aneurismas,phình động mạch
angelman syndrome,متلازمة أنجلمان,Angelman-Syndrom,एंजेलमैन सिंड्रोम,アンジェルマン症候群,síndrome de Angelman,hội chứng Angelman
anger management,إدارة الغضب,Wutbewältigung,क्रोध प्रबंधन,怒りのコントロール,control de la ira,kiểm soát cơn giận
angina,ذبحة,Angina,एनजाइना,狭心症,angina de pecho,đau thắt ngực
angiogram,تصوير الأوعية الدموية,Angiogramm,एंजियोग्राम,血管造影,angiografía,chụp mạch máu
angioplasty,رأب الأوعية الدموية,Angioplastie,एंजियोप्लास्टी,血管形成術,angioplastia,nong mạch
angiotensin converting enzyme inhibitors,مثبطات الإنزيم المحول للأنجيوتنسين,Angiotensin-Converting-Enzym-Hemmer,एंजियोटेंसिन परिवर्तित एंजाइम अवरोधक,アンジオテンシン変換酵素阻害薬,inhibidores de la enzima convertidora de angiotensina,thuốc ức chế men chuyển angiotensin
angiotensin receptor blockers,حاصرات مستقبلات الأنجيوتنسين,Angiotensin-Rezeptorblocker,एंजियोटेंसिन रिसेप्टर ब्लॉकर्स,アンジオテンシン受容体拮抗薬,bloqueadores de los receptores de angiotensina,thuốc chẹn thụ thể angiotensin
animal bites,عضات الحيوانات,Tierbisse,जानवरों के काटने,動物の咬傷,mordeduras de animales,vết cắn của động vật
ankle arthrodesis,تثبيت مفصل الكاحل,Sprunggelenksarthrodese,टखने के आर्थ्रोडेसिस,足関節固定術,artrodesis de tobillo,phẫu thuật cố định khớp mắt cá chân
ankle fracture surgery,جراحة كسر الكاحل,Knöchelfraktur-Operation,टखने के फ्रैक्चर की सर्जरी,足首骨折手術,cirugía de fractura de tobillo,phẫu thuật gãy xương mắt cá chân
ankle pain,ألم في الكاحل,Knöchelschmerzen,टखने में दर्द,足首の痛み,dolor de tobillo,đau mắt cá chân
ankle sprain,التواء الكاحل,Knöchelverstauchung,टखने की मोच,足首の捻挫,esguince de tobillo,bong gân mắt cá chân
ankylosing spondylitis,التهاب الفقرات التصلبي,Spondylitis ankylosans,रीढ़ के जोड़ों में गतिविधि-रोधक सूजन,強直性脊椎炎,espondiloartritis anquilosante,viêm cột sống dính khớp
anorexia nervosa,فقدان الشهية العصبي,Anorexia nervosa,एनोरेक्सिया नर्वोसा,神経性食欲不振症,anorexia nerviosa,chứng chán ăn tâm thần
anosmia,فقدان حاسة الشم,Anosmie,घ्राणशक्ति का नाश,嗅覚脱失,anosmia,mất khứu giác
ant stings,لسعات النمل,Ameisenstiche,चींटी के डंक,アリの毒針,picaduras de hormigas,vết đốt của kiến
ant stings and bites,لسعات ولدغات النمل,Ameisenstiche und -bisse,चींटियों के डंक और काटने,アリの刺し傷と噛み傷,Picaduras y mordeduras de hormigas,vết đốt và cắn của kiến
antenatal tests,فحوصات ما قبل الولادة,pränatale Tests,प्रसवपूर्व परीक्षण,出生前検査,pruebas prenatales,xét nghiệm trước sinh
anterior repair,إصلاح أمامي,vordere Reparatur,अग्रवर्ती मरम्मत,前方修復,reparación anterior,sửa chữa phía trước
anthrax,الجمرة الخبيثة,Milzbrand,बिसहरिया,炭疽菌,ántrax,bệnh than
anti-inflammatory medicines,الأدوية المضادة للالتهابات,entzündungshemmende Medikamente,सूजनरोधी दवाएँ,抗炎症薬,medicamentos antiinflamatorios,thuốc chống viêm
antibiotics,المضادات الحيوية,Antibiotika,एंटीबायोटिक दवाओं,抗生物質,antibióticos,thuốc kháng sinh
anticipatory grief,الحزن الاستباقي,vorweggenommene Trauer,प्रत्याशित शोक,予期悲嘆,duelo anticipatorio,nỗi đau buồn dự đoán
antidepressants,مضادات الاكتئاب,Antidepressiva,एंटीडिप्रेसन्ट,抗うつ剤,antidepresivos,thuốc chống trầm cảm
antifungal medicines,الأدوية المضادة للفطريات,Antimykotika,एंटीफंगल दवाएं,抗真菌薬,medicamentos antimicóticos,thuốc chống nấm
antihistamines,مضادات الهيستامين,Antihistaminika,एंटिहिस्टामाइन्स,抗ヒスタミン剤,antihistamínicos,thuốc kháng histamine
antioxidants,مضادات الأكسدة,Antioxidantien,एंटीऑक्सीडेंट,抗酸化物質,antioxidantes,chất chống oxy hóa
antiphospholipid syndrome,متلازمة الأجسام المضادة للفوسفوليبيد,Antiphospholipid-Syndrom,एंटीफॉस्फोलिपिड सिंड्रोम,抗リン脂質症候群,síndrome antifosfolípido,hội chứng kháng phospholipid
antipsychotic medicines,الأدوية المضادة للذهان,Antipsychotika,मनोविरोधक दवाएँ,抗精神病薬,medicamentos antipsicóticos,thuốc chống loạn thần
antisocial personality disorder,اضطراب الشخصية المعادية للمجتمع,antisoziale Persönlichkeitsstörung,असामाजिक व्यक्तित्व विकार,反社会性パーソナリティ障害,trastorno de personalidad antisocial,rối loạn nhân cách chống đối xã hội
antivirals for flu and covid-19,مضادات الفيروسات لعلاج الإنفلونزا وكوفيد-19,Virostatika gegen Grippe und Covid-19,फ्लू और कोविड-19 के लिए एंटीवायरल दवाएं,インフルエンザとCOVID-19に対する抗ウイルス薬,Antivirales para la gripe y la COVID-19,thuốc kháng virus cho bệnh cúm và COVID-19
anxiety,قلق,Angst,चिंता,不安,ansiedad,sự lo lắng
anxiety conditions,حالات القلق,Angstzustände,चिंता की स्थितियाँ,不安障害,trastornos de ansiedad,tình trạng lo âu
anxiety in children,القلق عند الأطفال,Angstzustände bei Kindern,बच्चों में चिंता,子供の不安,ansiedad en los niños,lo lắng ở trẻ em
anxiety in teenagers,القلق لدى المراهقين,Angstzustände bei Teenagern,किशोरों में चिंता,十代の不安,ansiedad en adolescentes,lo lắng ở thanh thiếu niên
anxiety medication,أدوية القلق,Medikamente gegen Angstzustände,चिंता की दवा,不安薬,medicamentos para la ansiedad,thuốc chống lo âu
aortic coarctation,تضيق الأبهر,Aortenisthmusstenose,महाधमनी संकुचन,大動脈縮窄症,coartación aórtica,hẹp động mạch chủ
aortic dissection,تسلخ الأبهر,Aortendissektion,महाधमनी विच्छेदन,大動脈解離,disección aórtica,bóc tách động mạch chủ
aortic stenosis,تضيق الأبهر,Aortenstenose,महाधमनी स्टेनोसिस,大動脈弁狭窄症,estenosis aórtica,hẹp động mạch chủ
aortic valve replacement,استبدال الصمام الأبهري,Aortenklappenersatz,महाधमनी वाल्व प्रतिस्थापन,大動脈弁置換術,reemplazo de la válvula aórtica,thay van động mạch chủ
apert syndrome,متلازمة آبرت,apert-Syndrom,एपर्ट सिंड्रोम,アペール症候群,síndrome de Apert,hội chứng apert
aphasia,حبسة,Aphasie,बोली बंद होना,失語症,afasia,chứng mất ngôn ngữ
apnoea,انقطاع النفس,Apnoe,एपनिया,無呼吸,apnea,ngưng thở
appendectomy,استئصال الزائدة الدودية,Blinddarmoperation,एपेंडेक्टोमी,虫垂切除術,apendectomía,phẫu thuật cắt ruột thừa
appendicitis,التهاب الزائدة الدودية,Appendizitis,पथरी,虫垂炎,apendicitis,viêm ruột thừa
apraxia of speech,خلل في النطق,Sprechapraxie,वाक् अप्रेक्सिया,発話失行,apraxia del habla,chứng khó nói
arrhythmia,عدم انتظام ضربات القلب,Arrhythmie,अतालता,不整脈,arritmia,rối loạn nhịp tim
arsenic,الزرنيخ,Arsen,हरताल,砒素,arsénico,asen
arthritis,التهاب المفاصل,Arthritis,वात रोग,関節炎,artritis,viêm khớp
arthritis in children,التهاب المفاصل عند الأطفال,Arthritis bei Kindern,बच्चों में गठिया,小児の関節炎,artritis en niños,viêm khớp ở trẻ em
arthroscopic release of frozen shoulder,تحرير الكتف المتجمد بالمنظار,Arthroskopische Lösung einer Schultersteife,फ्रोजन शोल्डर का आर्थ्रोस्कोपिक रिलीज,関節鏡下による五十肩の解放,Liberación artroscópica de hombro congelado,Phẫu thuật nội soi giải phóng hội chứng vai đông cứng
arthroscopy,تنظير المفصل,Arthroskopie,आर्थ्रोस्कोपी,関節鏡検査,artroscopia,nội soi khớp
arthroscopy of the ankle,تنظير مفصل الكاحل,Arthroskopie des Sprunggelenks,टखने की आर्थ्रोस्कोपी,足首の関節鏡検査,artroscopia del tobillo,nội soi khớp mắt cá chân
arthroscopy of the elbow,تنظير مفصل الكوع,Arthroskopie des Ellbogens,कोहनी की आर्थ्रोस्कोपी,肘関節鏡検査,artroscopia del codo,nội soi khớp khuỷu tay
arthroscopy of the knee,تنظير مفصل الركبة,Kniegelenksarthroskopie,घुटने की आर्थ्रोस्कोपी,膝関節鏡検査,artroscopia de rodilla,nội soi khớp gối
arthroscopy of the shoulder,تنظير مفصل الكتف,Arthroskopie der Schulter,कंधे की आर्थ्रोस्कोपी,肩関節鏡検査,artroscopia del hombro,nội soi khớp vai
arthroscopy of the wrist,تنظير مفصل الرسغ,Arthroskopie des Handgelenks,कलाई की आर्थ्रोस्कोपी,手首の関節鏡検査,artroscopia de la muñeca,nội soi khớp cổ tay
asbestosis,داء الأسبستوس,Asbestose,एस्बेस्टोसिस,アスベスト症,asbestosis,bệnh bụi amiăng
assistance dog,كلب المساعدة,Assistenzhund,सहायता कुत्ता,介助犬,perro de asistencia,chó hỗ trợ
assisted vaginal delivery,الولادة المهبلية بمساعدة طبية,assistierte vaginale Entbindung,सहायता प्राप्त योनि प्रसव,補助付き経腟分娩,parto vaginal asistido,sinh thường có hỗ trợ
asthma,الربو,Asthma,अस्थमा,喘息,asma,hen suyễn
asthma and pregnancy,الربو والحمل,Asthma und Schwangerschaft,अस्थमा और गर्भावस्था,喘息と妊娠,asma y embarazo,hen suyễn và mang thai
asthma attack management,إدارة نوبات الربو,Asthmaanfall-Management,अस्थमा के दौरे का प्रबंधन,喘息発作の管理,manejo de los ataques de asma,quản lý cơn hen suyễn
asthma in children,الربو عند الأطفال,Asthma bei Kindern,बच्चों में अस्थमा,小児喘息,asma en niños,bệnh hen suyễn ở trẻ em
asthma in children under 6,الربو عند الأطفال دون سن السادسة,Asthma bei Kindern unter 6 Jahren,6 वर्ष से कम उम्र के बच्चों में अस्थमा,6歳未満の小児における喘息,asma en niños menores de 6 años,bệnh hen suyễn ở trẻ em dưới 6 tuổi
asthma medication,أدوية الربو,Asthmamedikamente,अस्थमा की दवा,喘息の薬,medicamentos para el asma,thuốc hen suyễn
astigmatism,الاستجماتيزم,Astigmatismus,दृष्टिवैषम्य,乱視,astigmatismo,loạn thị
atherosclerosis,تصلب الشرايين,Atherosklerose,atherosclerosis,動脈硬化,aterosclerosis,xơ vữa động mạch
athletes foot,قدم الرياضي,Fußpilz,एथलीट फुट,水虫,pie de atleta,bệnh nấm da chân
atrial fibrillation,رجفان أذيني,Vorhofflimmern,दिल की अनियमित धड़कन,心房細動,fibrilación auricular,rung tâm nhĩ
attention deficit disorder,اضطراب نقص الانتباه,Aufmerksamkeitsdefizitstörung,ध्यान आभाव विकार,注意欠陥障害,trastorno por déficit de atención,rối loạn thiếu tập trung
australian mental health services,خدمات الصحة النفسية الأسترالية,australische psychiatrische Dienste,ऑस्ट्रेलियाई मानसिक स्वास्थ्य सेवाएं,オーストラリアのメンタルヘルスサービス,servicios de salud mental australianos,dịch vụ sức khỏe tâm thần Úc
australia’s healthcare system,نظام الرعاية الصحية في أستراليا,Australiens Gesundheitssystem,ऑस्ट्रेलिया की स्वास्थ्य सेवा प्रणाली,オーストラリアの医療制度,El sistema de salud de Australia,hệ thống chăm sóc sức khỏe của Úc
autism spectrum disorder,اضطراب طيف التوحد,Autismus-Spektrum-Störung,ऑटिज्म स्पेक्ट्रम विकार,自閉症スペクトラム障害,trastorno del espectro autista,rối loạn phổ tự kỷ
autoimmune conditions,أمراض المناعة الذاتية,Autoimmunerkrankungen,ऑटोइम्यून स्थितियां,自己免疫疾患,enfermedades autoinmunes,các bệnh tự miễn dịch
autoimmune diseases,أمراض المناعة الذاتية,Autoimmunerkrankungen,ऑटोइम्यून बीमारियों,自己免疫疾患,enfermedades autoinmunes,bệnh tự miễn dịch
avian influenza,إنفلونزا الطيور,Vogelgrippe,एवियन इन्फ्लूएंजा,鳥インフルエンザ,gripe aviar,cúm gia cầm
avoidant personality disorder,اضطراب الشخصية التجنبية,vermeidende Persönlichkeitsstörung,एवोईदंत व्यक्तित्व विकार,回避性パーソナリティ障害,trastorno de personalidad por evitación,rối loạn nhân cách né tránh
axillary node clearance,استئصال العقد الليمفاوية الإبطية,Axilläre Lymphknotenentfernung,एक्सिलरी नोड क्लीयरेंस,腋窩リンパ節郭清,extirpación de ganglios axilares,nạo hạch nách
babies and toddlers,الرضع والأطفال الصغار,Babys und Kleinkinder,शिशुओं और छोटे बच्चों,赤ちゃんと幼児,bebés y niños pequeños,trẻ sơ sinh và trẻ mới biết đi
baby immunisation,تطعيم الأطفال,Säuglingsimpfungen,शिशु टीकाकरण,乳幼児の予防接種,vacunación infantil,tiêm chủng cho trẻ sơ sinh
baby weight,وزن الطفل,Babygewicht,शिशु का वजन,赤ちゃんの体重,peso del bebé,cân nặng của em bé
back injuries - symptoms and treatments,إصابات الظهر - الأعراض والعلاجات,Rückenverletzungen – Symptome und Behandlungsmethoden,पीठ की चोटें - लक्षण और उपचार,背中の怪我 - 症状と治療法,Lesiones de espalda: síntomas y tratamientos,Chấn thương lưng - triệu chứng và cách điều trị
back pain — an overview,آلام الظهر - نظرة عامة,Rückenschmerzen – ein Überblick,पीठ दर्द — एक संक्षिप्त विवरण,腰痛の概要,Dolor de espalda: una visión general,Đau lưng — tổng quan
bacterial infections,العدوى البكتيرية,bakterielle Infektionen,जीवाण्विक संक्रमण,細菌感染症,infecciones bacterianas,nhiễm trùng do vi khuẩn
bacterial pneumonia,الالتهاب الرئوي البكتيري,bakterielle Lungenentzündung,जीवाणु निमोनिया,細菌性肺炎,neumonía bacteriana,viêm phổi do vi khuẩn
bacterial vaginosis,التهاب المهبل البكتيري,bakterielle Vaginose,बैक्टीरियल वेजिनोसिस,細菌性膣炎,vaginosis bacteriana,viêm âm đạo do vi khuẩn
bacterial vs viral infections,العدوى البكتيرية مقابل العدوى الفيروسية,bakterielle vs. virale Infektionen,जीवाणु संक्रमण बनाम वायरल संक्रमण,細菌感染とウイルス感染,infecciones bacterianas versus infecciones virales,nhiễm trùng do vi khuẩn so với nhiễm trùng do virus
bad breath,رائحة الفم الكريهة,Mundgeruch,बदबूदार सांस,口臭,mal aliento,hơi thở hôi
baker's cysts,أكياس الخباز,Bäckerzysten,बेकर की सिस्ट,ベーカー嚢胞,quistes del panadero,u nang Baker
balanced diet,نظام غذائي متوازن,ausgewogene Ernährung,संतुलित आहार,バランスの取れた食事,alimentación equilibrada,chế độ ăn uống cân bằng
balanitis and balanoposthitis,التهاب الحشفة والتهاب الحشفة والقلفة,Balanitis und Balanoposthitis,बैलानाइटिस और बैलानोपोस्टहाइटिस,亀頭炎および亀頭包皮炎,balanitis y balanopostitis,viêm bao quy đầu và viêm bao quy đầu
bariatric surgery guide,دليل جراحة السمنة,Leitfaden zur bariatrischen Chirurgie,बेरिएट्रिक सर्जरी गाइड,肥満外科手術ガイド,guía de cirugía bariátrica,hướng dẫn phẫu thuật giảm béo
barmah forest virus,فيروس غابة بارما,Barmah-Wald-Virus,बरमाह वन वायरस,バルマ森林ウイルス,virus forestal de Barmah,virus rừng barmah
bartholin’s cysts,أكياس بارثولين,Bartholin-Zysten,बार्थोलिन सिस्ट,バルトリン腺嚢胞,quistes de Bartholin,u nang Bartholin
basal cell carcinoma,سرطان الخلايا القاعدية,Basalzellkarzinom,बैसल सेल कर्सिनोमा,基底細胞癌,carcinoma basocelular,ung thư tế bào đáy
bat bites,عضات الخفافيش,Fledermausbisse,चमगादड़ के काटने,コウモリに噛まれた,mordeduras de murciélago,vết cắn của dơi
beach safety,السلامة على الشاطئ,Strandsicherheit,समुद्र तट सुरक्षा,ビーチでの安全対策,seguridad en la playa,an toàn bãi biển
bed bugs,بق الفراش,Bettwanzen,खटमल,トコジラミ,chinches de cama,rệp giường
bedwetting in older children,التبول اللاإرادي عند الأطفال الأكبر سناً,Bettnässen bei älteren Kindern,बड़े बच्चों में बिस्तर गीला करना,年長児の夜尿症,enuresis nocturna en niños mayores,đái dầm ở trẻ lớn
bee and wasp stings,لسعات النحل والدبابير,Bienen- und Wespenstiche,मधुमक्खी और ततैया के डंक,ミツバチやスズメバチの毒針,picaduras de abejas y avispas,vết đốt của ong và ong bắp cày
behaviour problems,مشاكل سلوكية,Verhaltensprobleme,व्यवहार संबंधी समस्याएं,行動上の問題,problemas de comportamiento,vấn đề hành vi
bell's palsy,شلل بيل,Bell-Lähmung,एक तरफ के चेहरे का पक्षाघात,ベル麻痺,parálisis de Bell,liệt dây thần kinh mặt
benefits of volunteering,فوائد التطوع,Vorteile des Ehrenamts,स्वयंसेवा के लाभ,ボランティア活動のメリット,beneficios del voluntariado,lợi ích của việc tình nguyện
benign prostate hypertrophy,تضخم البروستاتا الحميد,gutartige Prostatahypertrophie,सौम्य प्रोस्टेट अतिवृद्धि,良性前立腺肥大症,hipertrofia prostática benigna,phì đại tuyến tiền liệt lành tính
benign tumours,الأورام الحميدة,gutartige Tumore,सौम्य ट्यूमर,良性腫瘍,tumores benignos,khối u lành tính
bereavement,الثكل,Trauer,वियोग,死別,duelo,sự mất mát
beta blockers,حاصرات بيتا,Betablocker,बीटा ब्लॉकर्स,ベータ遮断薬,betabloqueadores,thuốc chẹn beta
bike riding,ركوب الدراجات,Fahrradfahren,बाइक की सवारी,自転車に乗る,andar en bicicleta,đạp xe
bilateral vasectomy,استئصال الأسهر الثنائي,beidseitige Vasektomie,द्विपक्षीय नसबंदी,両側精管切除術,vasectomía bilateral,thắt ống dẫn tinh hai bên
binge drinking,الإفراط في شرب الكحول,exzessiver Alkoholkonsum,अनियंत्रित मदपान,大量飲酒,consumo excesivo de alcohol,uống rượu say sưa
binge eating disorder,اضطراب نهم الطعام,Essanfallstörung,ज्यादा खाने से होने वाली गड़बड़ी,過食症,trastorno por atracones,rối loạn ăn uống vô độ
biopsy,خزعة,Biopsie,बायोप्सी,生検,biopsia,sinh thiết
bipolar disorder,اضطراب ذو اتجاهين,bipolare Störung,दोध्रुवी विकार,双極性障害,trastorno bipolar,rối loạn lưỡng cực
bipolar medicines,أدوية ثنائية القطب,Medikamente gegen bipolare Störungen,द्विध्रुवी दवाएं,双極性障害の薬,medicamentos para el trastorno bipolar,thuốc điều trị rối loạn lưỡng cực
bird flu,إنفلونزا الطيور,Vogelgrippe,बर्ड फलू,鳥インフルエンザ,gripe aviar,cúm gia cầm
birth control,وسائل منع الحمل,Geburtenkontrolle,जन्म नियंत्रण,避妊,control de la natalidad,biện pháp tránh thai
birth differences,اختلافات الولادة,Geburtsunterschiede,जन्म संबंधी अंतर,出生時の違い,diferencias de nacimiento,sự khác biệt khi sinh ra
bites and stings,لدغات ولسعات,Bisse und Stiche,काटने और डंक मारने,噛み傷と刺傷,picaduras y mordeduras,vết cắn và vết chích
black eye,كدمة سوداء حول العين,blaues Auge,बुरी नज़र,目の周りにあざができる,ojo morado,mắt đen
blackouts,انقطاع التيار الكهربائي,Stromausfälle,ब्लैकआउट,停電,apagones,mất điện
bladder,المثانة,Blase,मूत्राशय,膀胱,vejiga,bàng quang
bladder cancer,سرطان المثانة,Blasenkrebs,मूत्राशय कैंसर,膀胱がん,cáncer de vejiga,ung thư bàng quang
bladder prolapse,هبوط المثانة,Blasenvorfall,मूत्राशय का प्रोलैप्स,膀胱脱,prolapso de vejiga,sa bàng quang
bladder-neck incision,شق عنق المثانة,Blasenhalsinzision,मूत्राशय-गर्दन चीरा,膀胱頸部切開,incisión del cuello de la vejiga,vết mổ cổ bàng quang
bleeding after menopause,النزيف بعد انقطاع الطمث,Blutungen nach den Wechseljahren,रजोनिवृत्ति के बाद रक्तस्राव,閉経後の出血,sangrado después de la menopausia,chảy máu sau mãn kinh
bleeding between periods,نزيف بين فترات الحيض,Zwischenblutungen,मासिक धर्म के बीच रक्तस्राव,生理と生理の間の出血,sangrado entre períodos,chảy máu giữa các kỳ kinh nguyệt
bleeding gums,نزيف اللثة,Zahnfleischbluten,मसूड़ों से खून बहना,歯茎からの出血,encías sangrantes,chảy máu nướu răng
blepharitis,التهاب الجفن,Blepharitis,ब्लेफेराइटिस,眼瞼炎,blefaritis,viêm bờ mi
blepharoplasty,عملية تجميل الجفون,Blepharoplastik,blepharoplasty,眼瞼形成術,blefaroplastia,phẫu thuật mí mắt
blepharospasm,تشنج الجفن,Blepharospasmus,नेत्रच्छदाकर्ष,眼瞼痙攣,blefaroespasmo,co thắt mí mắt
blindness,العمى,Blindheit,अंधापन,失明,ceguera,mù lòa
blisters,بثور,Blasen,फफोले,水ぶくれ,ampollas,vết phồng rộp
bloating,الانتفاخ,Blähungen,सूजन,膨満感,hinchazón,đầy hơi
blocked nose,انسداد الأنف,verstopfte Nase,बंद नाक,鼻づまり,nariz tapada,nghẹt mũi
blocked tear duct,انسداد القناة الدمعية,verstopfter Tränenkanal,आंसू नलिका अवरुद्ध,涙管閉塞,conducto lagrimal obstruido,tắc ống dẫn nước mắt
blood and blood vessels,الدم والأوعية الدموية,Blut und Blutgefäße,रक्त और रक्त वाहिकाएँ,血液と血管,sangre y vasos sanguíneos,máu và mạch máu
blood clots,جلطات الدم,Blutgerinnsel,रक्त के थक्के,血栓,coágulos de sangre,cục máu đông
blood disorders,اضطرابات الدم,Blutkrankheiten,रक्त विकार,血液疾患,trastornos sanguíneos,rối loạn máu
blood donation,التبرع بالدم,Blutspende,रक्तदान,献血,donación de sangre,hiến máu
blood glucose test,اختبار نسبة السكر في الدم,Blutzuckertest,रक्त शर्करा परीक्षण,血糖値検査,prueba de glucosa en sangre,xét nghiệm đường huyết
blood groups,فصائل الدم,Blutgruppen,रक्त समूह,血液型,grupos sanguíneos,nhóm máu
blood in semen,وجود دم في السائل المنوي,Blut im Sperma,वीर्य में रक्त,精液中の血液,sangre en el semen,máu trong tinh dịch
blood in stool,وجود دم في البراز,Blut im Stuhl,मल में खून आना,便に血が混じる,sangre en las heces,có máu trong phân
blood poisoning,تسمم الدم,Blutvergiftung,रक्त विषाक्तता,敗血症,envenenamiento de la sangre,nhiễm trùng máu
blood pressure,ضغط الدم,Blutdruck,रक्तचाप,血圧,presión arterial,huyết áp
blood pressure medicines,أدوية ضغط الدم,Blutdruckmedikamente,रक्तचाप की दवाएँ,血圧の薬,medicamentos para la presión arterial,thuốc huyết áp
blood pressure monitoring at home,مراقبة ضغط الدم في المنزل,Blutdruckmessung zu Hause,घर पर रक्तचाप की निगरानी,自宅での血圧測定,Control de la presión arterial en casa,theo dõi huyết áp tại nhà
blood testing,فحص الدم,Blutuntersuchung,रक्त परीक्षण,血液検査,análisis de sangre,xét nghiệm máu
blood tests a-z,تحاليل الدم من الألف إلى الياء,Bluttests A-Z,रक्त परीक्षण ए-जेड,血液検査（A～Z）,análisis de sangre de la A a la Z,xét nghiệm máu từ A đến Z
blood thinners,مميعات الدم,Blutverdünner,रक्त पतला करने वाली दवाएँ,血液凝固抑制剤,anticoagulantes,thuốc làm loãng máu
blood transfusion,نقل الدم,Bluttransfusion,रक्त आधान,輸血,transfusión de sangre,truyền máu
blood-borne viruses,الفيروسات المنقولة بالدم,durch Blut übertragbare Viren,रक्तजनित वायरस,血液媒介ウイルス,virus transmitidos por la sangre,virus lây truyền qua đường máu
bluebottle stings,لسعات ذباب الماء الأزرق,Stiche der Schmeißfliege,नीली मक्खी के डंक,カツオノエボシの毒,picaduras de mosca azul,nọc độc ruồi xanh
blurred vision,تشوش الرؤية,verschwommenes Sehen,धुंधली दृष्टि,視界がぼやける,visión borrosa,tầm nhìn mờ
bmi and waist circumference,مؤشر كتلة الجسم ومحيط الخصر,BMI und Taillenumfang,बीएमआई और कमर की परिधि,BMIとウエスト周囲径,IMC y circunferencia de la cintura,chỉ số BMI và chu vi vòng eo
bmi calculator,حاسبة مؤشر كتلة الجسم,BMI-Rechner,बीएमआई कैलकुलेटर,BMI計算機,calculadora de IMC,máy tính chỉ số BMI
body dysmorphic disorder,اضطراب تشوه صورة الجسم,Körperdysmorphe Störung,शारीरिक विकृति विकार,身体醜形障害,trastorno dismórfico corporal,rối loạn biến dạng cơ thể
body fat,نسبة الدهون في الجسم,Körperfett,शरीर की चर्बी,体脂肪,grasa corporal,mỡ cơ thể
body image,صورة الجسم,Körperbild,शरीर की छवि,ボディイメージ,imagen corporal,hình ảnh cơ thể
body piercing,ثقب الجسم,Piercings,शरीर भेदन,ボディピアス,perforaciones corporales,xỏ khuyên cơ thể
boils,الدمامل,Furunkel,उबाल,おでき,forúnculos,mụn nhọt
bone cancer,سرطان العظام,Knochenkrebs,हड्डी का कैंसर,骨がん,cáncer de hueso,ung thư xương
bone density scan,فحص كثافة العظام,Knochendichtemessung,अस्थि घनत्व स्कैन,骨密度スキャン,densitometría ósea,quét mật độ xương
bone diseases,أمراض العظام,Knochenerkrankungen,हड्डी रोग,骨疾患,enfermedades óseas,bệnh xương
bone health,صحة العظام,Knochengesundheit,हड्डियों का स्वास्थ्य,骨の健康,salud ósea,sức khỏe xương
bones muscles and joints,العظام والعضلات والمفاصل,"Knochen, Muskeln und Gelenke","हड्डियाँ, मांसपेशियाँ और जोड़",骨、筋肉、関節,"huesos, músculos y articulaciones","xương, cơ và khớp"
borderline personality disorder,اضطراب الشخصية الحدية,Borderline-Persönlichkeitsstörung,अस्थिर व्यक्तित्व की परेशानी,境界性人格障害,trastorno límite de la personalidad,rối loạn nhân cách thể bất định
bottle feeding,الرضاعة بالزجاجة,Flaschenfütterung,बोतल से दूध पिलाना,哺乳瓶で授乳,alimentación con biberón,bú bình
botulism,التسمم الوشيقي,Botulismus,बोटुलिज़्म,ボツリヌス症,botulismo,ngộ độc botulinum
bowel cancer,سرطان الأمعاء,Darmkrebs,आंत्र कैंसर,大腸がん,cáncer de intestino,ung thư ruột
bowel cancer screening,فحص سرطان الأمعاء,Darmkrebsvorsorge,आंत्र कैंसर की जांच,大腸がん検診,detección del cáncer de intestino,sàng lọc ung thư ruột
bowel infections,التهابات الأمعاء,Darminfektionen,आंत्र संक्रमण,腸感染症,infecciones intestinales,nhiễm trùng đường ruột
bowel obstruction,انسداد الأمعاء,Darmverschluss,आंत्र बाधा,腸閉塞,obstrucción intestinal,tắc ruột
bowen's disease,مرض بوين,Bowen-Krankheit,बोवेन रोग,ボーエン病,enfermedad de Bowen,bệnh Bowen
bradycardia,بطء القلب,Bradykardie,मंदनाड़ी,徐脈,bradicardia,nhịp tim chậm
brain aneurysm,تمدد الأوعية الدموية الدماغية,Hirnaneurysma,मस्तिष्क धमनीविस्फार,脳動脈瘤,aneurisma cerebral,phình mạch não
brain diseases,أمراض الدماغ,Hirnerkrankungen,मस्तिष्क रोग,脳疾患,enfermedades cerebrales,bệnh lý não
brain disorders,اضطرابات الدماغ,Hirnstörungen,मस्तिष्क विकार,脳疾患,trastornos cerebrales,rối loạn não
brain fog,تشوش ذهني,Gehirnnebel,ब्रेन फ़ॉग,脳の霧,niebla mental,chứng sương mù não
brain injuries,إصابات الدماغ,Hirnverletzungen,मस्तिष्क की चोटें,脳損傷,lesiones cerebrales,chấn thương não
brain tumours,أورام الدماغ,Hirntumore,मस्तिष्क ट्यूमर,脳腫瘍,tumores cerebrales,khối u não
break from care,استراحة من الرعاية,Pause von der Sorge,देखभाल से मुक्ति,心配事から解放される,descanso de los cuidados,nghỉ ngơi khỏi việc chăm sóc
break up and divorce,الانفصال والطلاق,Trennung und Scheidung,अलगाव और तलाक,別れて離婚する,ruptura y divorcio,chia tay và ly hôn
breast cancer,سرطان الثدي,Brustkrebs,स्तन कैंसर,乳癌,cáncer de mama,ung thư vú
breast cancer awareness,التوعية بسرطان الثدي,Brustkrebsbewusstsein,स्तन कैंसर के प्रति जागरूकता,乳がん啓発,concienciación sobre el cáncer de mama,nâng cao nhận thức về ung thư vú
breast cysts,أكياس الثدي,Brustzysten,स्तन सिस्ट,乳房嚢胞,quistes mamarios,u nang vú
breast diseases,أمراض الثدي,Brusterkrankungen,स्तन रोग,乳腺疾患,enfermedades de mama,bệnh lý vú
breast engorgement,احتقان الثدي,Brustschwellung,स्तनों में सूजन,乳房のうっ血,congestión mamaria,căng sữa
breast implants,زراعة الثدي,Brustimplantate,स्तन प्रत्यारोपण,豊胸手術,implantes mamarios,cấy ghép ngực
breast milk,حليب الثدي,Muttermilch,स्तन का दूध,母乳,leche materna,sữa mẹ
breast reconstruction with abdominal tissue flap,إعادة بناء الثدي باستخدام سديلة من أنسجة البطن,Brustrekonstruktion mit einem Bauchgewebelappen,पेट के ऊतक फ्लैप से स्तन पुनर्निर्माण,腹部組織皮弁を用いた乳房再建,Reconstrucción mamaria con colgajo de tejido abdominal,Tái tạo vú bằng vạt mô bụng
breast reconstruction with an implant or tissue expander,إعادة بناء الثدي باستخدام غرسة أو موسع للأنسجة,Brustrekonstruktion mit Implantat oder Gewebeexpander,इंप्लांट या टिश्यू एक्सपेंडर के साथ स्तन पुनर्निर्माण,インプラントまたは組織拡張器を用いた乳房再建,Reconstrucción mamaria con implante o expansor tisular.,Phẫu thuật tái tạo vú bằng cách đặt túi độn hoặc dụng cụ giãn mô.
breast reconstruction with latissimus dorsi flap,إعادة بناء الثدي باستخدام شريحة من العضلة الظهرية العريضة,Brustrekonstruktion mit Latissimus-dorsi-Lappen,लैटिसिमस डोर्सी फ्लैप के साथ स्तन पुनर्निर्माण,広背筋皮弁を用いた乳房再建,Reconstrucción mamaria con colgajo de músculo dorsal ancho,Tái tạo vú bằng vạt cơ lưng rộng
breast reduction,تصغير الثدي,Brustverkleinerung,स्तन का आकार घटाना,乳房縮小,reducción de senos,thu nhỏ ngực
breast uplift,عملية شد الصدر,Bruststraffung,स्तन उत्थान,乳房リフト,levantamiento de senos,nâng ngực
breastfeeding,الرضاعة الطبيعية,Stillen,स्तनपान,母乳育児,amamantamiento,cho con bú
breastfeeding and periods,الرضاعة الطبيعية والدورة الشهرية,Stillen und Menstruation,स्तनपान और मासिक धर्म,授乳と生理,lactancia materna y menstruación,cho con bú và kinh nguyệt
breathing problems,مشاكل في التنفس,Atemprobleme,सांस लेने में समस्या,呼吸困難,problemas respiratorios,vấn đề về hô hấp
broken toe,إصبع قدم مكسور,gebrochener Zeh,टूटा हुआ पैर का पंजा,足の指の骨折,dedo del pie roto,ngón chân bị gãy
bronchial asthma,الربو القصبي,Asthma bronchiale,दमा,気管支喘息,asma bronquial,hen phế quản
bronchiectasis,توسع القصبات,Bronchiektasie,ब्रोंकिएक्टेसिस,気管支拡張症,bronquiectasias,giãn phế quản
bronchitis,formal: التهاب الشعب الهوائية | informal: برد في الصدر,formal: Bronchitis | informal: Brustverkältung,formal: ब्रोंकाइटिस | informal: सीने में ठंड,formal: 気管支炎 | informal: 胸の風邪,formal: bronquitis | informal: resfriado de pecho,formal: viêm phế quản | informal: cảm lạnh phế quản
bronchoscopy,تنظير القصبات,Bronchoskopie,ब्रोंकोस्कोपी,気管支鏡検査,broncoscopia,nội soi phế quản
brugada syndrome,متلازمة بروجادا,Brugada-Syndrom,ब्रुगाडा सिंड्रोम,ブルガダ症候群,síndrome de Brugada,hội chứng Brugada
bruises,كدمات,Prellungen,चोट के निशान,あざ,moretones,vết bầm tím
brushing your teeth,تنظيف أسنانك,Zähneputzen,तुम्हारे दाँत ब्रुश कर रहे है,歯を磨く,cepillarse los dientes,đánh răng
building and maintaining healthy relationships,بناء العلاقات الصحية والحفاظ عليها,Aufbau und Pflege gesunder Beziehungen,स्वस्थ संबंध बनाना और बनाए रखना,健全な人間関係の構築と維持,construir y mantener relaciones saludables,xây dựng và duy trì các mối quan hệ lành mạnh
bulimia nervosa,الشره المرضي العصبي,Bulimie,बुलिमिया नर्वोसा,神経性過食症,bulimia nerviosa,chứng cuồng ăn
bulk billing and medicare,الفوترة الشاملة والرعاية الطبية,Direktabrechnung und Medicare,बल्क बिलिंग और मेडिकेयर,一括請求とメディケア,facturación masiva y Medicare,thanh toán trọn gói và bảo hiểm y tế
bullying,تنمر,Mobbing,बदमाशी,いじめ,acoso escolar,bắt nạt
bullying and harassment,التنمر والمضايقة,Mobbing und Belästigung,बदमाशी और उत्पीड़न,いじめと嫌がらせ,acoso escolar y hostigamiento,bắt nạt và quấy rối
bumps,مطبات,Unebenheiten,धक्कों,隆起,baches,vết sưng
bunion surgery,جراحة إبهام القدم,Hallux-valgus-Operation,बूनियन सर्जरी,外反母趾手術,cirugía de juanetes,phẫu thuật u ngón chân cái
bunions,أورام القدم,Ballenzehen,गोखरू,外反母趾,juanetes,chai chân
buprenorphine,بوبرينورفين,Buprenorphin,बुप्रेनॉर्फिन,ブプレノルフィン,buprenorfina,buprenorphine
burns,حروق,Verbrennungen,बर्न्स,火傷,quemaduras,bỏng
burping,التجشؤ,Aufstoßen,डकार,げっぷ,eructar,ợ hơi
bursitis,التهاب كيسي,Schleimbeutelentzündung,बर्साइटिस,滑液包炎,bursitis,viêm bao hoạt dịch
buruli ulcer,قرحة بورولي,Buruli-Ulkus,बुरुली अल्सर,ブルリ潰瘍,úlcera de Buruli,vết loét buruli
bushfire health and safety,الصحة والسلامة في حالات حرائق الغابات,Gesundheit und Sicherheit bei Buschbränden,जंगल की आग से संबंधित स्वास्थ्य और सुरक्षा,山火事の健康と安全,Salud y seguridad en caso de incendios forestales,an toàn và phòng cháy rừng
bushfires and your health,حرائق الغابات وصحتك,Buschbrände und Ihre Gesundheit,जंगल की आग और आपका स्वास्थ्य,山火事とあなたの健康,incendios forestales y su salud,Cháy rừng và sức khỏe của bạn
buying medicines online,شراء الأدوية عبر الإنترنت,Medikamente online kaufen,ऑनलाइन दवाइयां खरीदना,オンラインで医薬品を購入する,comprar medicamentos en línea,mua thuốc trực tuyến
c-reactive protein blood test,اختبار بروتين سي التفاعلي في الدم,C-reaktives Protein Bluttest,सी-रिएक्टिव प्रोटीन रक्त परीक्षण,C反応性タンパク質血液検査,análisis de sangre de proteína C reactiva,xét nghiệm máu protein phản ứng C
caffeine,الكافيين,Koffein,कैफीन,カフェイン,cafeína,caffeine
calcium,الكالسيوم,Kalzium,कैल्शियम,カルシウム,calcio,canxi
calcium blood test,فحص الكالسيوم في الدم,Kalzium-Bluttest,कैल्शियम रक्त परीक्षण,カルシウム血液検査,análisis de sangre de calcio,xét nghiệm máu canxi
calcium channel blockers,حاصرات قنوات الكالسيوم,Kalziumkanalblocker,कैल्शियम चैनल अवरोधक,カルシウムチャネル遮断薬,bloqueadores de los canales de calcio,thuốc chẹn kênh canxi
calf pain,ألم في ربلة الساق,Wadenschmerzen,पिंडली में दर्द,ふくらはぎの痛み,dolor en la pantorrilla,đau bắp chân
campylobacter infection,عدوى العطيفة,Campylobacter-Infektion,कैम्पिलोबैक्टर संक्रमण,カンピロバクター感染症,infección por Campylobacter,nhiễm trùng Campylobacter
cancer,سرطان,Krebs,कैंसर,癌,cáncer,bệnh ung thư
cancer immunotherapy,العلاج المناعي للسرطان,Krebsimmuntherapie,कैंसर इम्यूनोथेरेपी,がん免疫療法,inmunoterapia contra el cáncer,liệu pháp miễn dịch ung thư
cancer of the uterus,سرطان الرحم,Gebärmutterkrebs,गर्भाशय का कैंसर,子宮がん,cáncer de útero,ung thư tử cung
cancer types,أنواع السرطان,Krebsarten,कैंसर के प्रकार,がんの種類,tipos de cáncer,các loại ung thư
candidiasis,داء المبيضات,Candidiasis,कैंडिडियासिस,カンジダ症,micosis,bệnh nấm Candida
cannabis,القنب,Cannabis,कैनबिस,大麻,canabis,cần sa
car sick,دوار الحركة,reisekrank,कार में उल्टी आना,車酔い,mareo en el coche,say xe
carbohydrates,الكربوهيدرات,Kohlenhydrate,कार्बोहाइड्रेट,炭水化物,carbohidratos,carbohydrate
cardiac ablation,استئصال القلب,Herzablation,कार्डियक एब्लेशन,心臓アブレーション,ablación cardíaca,đốt điện tim
cardiac arrest,توقف القلب,Herzstillstand,दिल की धड़कन रुकना,心停止,paro cardiaco,tim ngừng đập
cardiac catheterisation,قسطرة القلب,Herzkatheteruntersuchung,कार्डियक कैथीटेराइजेशन,心臓カテーテル検査,cateterismo cardíaco,thông tim
cardiac enzymes,إنزيمات القلب,Herzenzyme,हृदय एंजाइम,心臓酵素,enzimas cardíacas,enzyme tim
cardiac failure,فشل القلب,Herzinsuffizienz,हृदय विफलता,心不全,insuficiencia cardíaca,suy tim
cardiomyopathy,اعتلال عضلة القلب,Kardiomyopathie,कार्डियोमायोपैथी,心筋症,miocardiopatía,bệnh cơ tim
cardiopulmonary resuscitation,الإنعاش القلبي الرئوي,kardiopulmonale Reanimation,हृत्फुफ्फुसीय पुनर्जीवन,心肺蘇生,reanimación cardiopulmonar,hồi sức tim phổi
cardiovascular exercise,تمارين القلب والأوعية الدموية,Herz-Kreislauf-Übung,हृदय संबंधी व्यायाम,心血管運動,ejercicio cardiovascular,bài tập tim mạch
cardiovascular system,الجهاز القلبي الوعائي,Herz-Kreislauf-System,हृदय प्रणाली,心血管系,sistema cardiovascular,hệ tim mạch
care options,خيارات الرعاية,Pflegeoptionen,देखभाल के विकल्प,ケアの選択肢,opciones de atención,các lựa chọn chăm sóc
carer support,دعم مقدمي الرعاية,Pflegeunterstützung,देखभालकर्ता सहायता,介護者支援,apoyo al cuidador,hỗ trợ người chăm sóc
caring for a sick child,رعاية طفل مريض,Pflege eines kranken Kindes,बीमार बच्चे की देखभाल करना,病気の子供の世話をする,cuidar a un niño enfermo,chăm sóc một đứa trẻ bị bệnh
caring for others,الاهتمام بالآخرين,sich um andere kümmern,दूसरों की देखभाल करना,他人の世話をする,cuidar de los demás,chăm sóc người khác
caring for someone with a mental illness,رعاية شخص مصاب بمرض عقلي,Betreuung einer Person mit einer psychischen Erkrankung,मानसिक बीमारी से पीड़ित किसी व्यक्ति की देखभाल करना,精神疾患のある人の介護,cuidar a alguien con una enfermedad mental,chăm sóc người mắc bệnh tâm thần
caring for someone with cancer,رعاية شخص مصاب بالسرطان,die Betreuung einer Person mit Krebs,कैंसर से पीड़ित किसी व्यक्ति की देखभाल करना,がん患者の介護,cuidar a alguien con cáncer,chăm sóc người bị ung thư
caring for someone with dementia or alzheimer's disease,رعاية شخص مصاب بالخرف أو مرض الزهايمر,Pflege einer Person mit Demenz oder Alzheimer-Krankheit,मनोभ्रंश या अल्जाइमर रोग से पीड़ित किसी व्यक्ति की देखभाल करना,認知症やアルツハイマー病の人を介護する,cuidar a una persona con demencia o enfermedad de Alzheimer,chăm sóc người bị sa sút trí tuệ hoặc bệnh Alzheimer
caring for stitches,العناية بالغرز,Nähte pflegen,टांकों की देखभाल,縫合部分のケア,Cuidado de los puntos de sutura,chăm sóc vết khâu
carpal tunnel release,تحرير النفق الرسغي,Karpaltunnel-Entspannung,कार्पल टनल रिलीज,手根管開放術,liberación del túnel carpiano,phẫu thuật giải phóng ống cổ tay
carpal tunnel syndrome,متلازمة النفق الرسغي,Karpaltunnelsyndrom,कार्पल टनल सिंड्रोम,手根管症候群,síndrome del túnel carpiano,hội chứng ống cổ tay
cast care,العناية بالجبس,Gipspflege,कास्ट केयर,ギプスケア,cuidado del yeso,chăm sóc bó bột
cat and dog allergy,حساسية القطط والكلاب,Katzen- und Hundeallergie,बिल्ली और कुत्ते से एलर्जी,猫と犬のアレルギー,alergia a gatos y perros,dị ứng mèo và chó
cat bites,عضات القطط,Katzenbisse,बिल्ली के काटने,猫に噛まれた,mordeduras de gato,mèo cắn
cataract surgery,جراحة الساد,Kataraktoperation,मोतियाबिंद सर्जरी,白内障手術,cirugía de cataratas,phẫu thuật đục thủy tinh thể
cataracts,إعتام عدسة العين,Katarakte,मोतियाबिंद,白内障,cataratas,đục thủy tinh thể
catheter problems,مشاكل القسطرة,Katheterprobleme,कैथेटर संबंधी समस्याएं,カテーテルの問題,problemas con el catéter,các vấn đề về ống thông
causes of diarrhoea,أسباب الإسهال,Ursachen von Durchfall,दस्त के कारण,下痢の原因,causas de diarrea,nguyên nhân gây tiêu chảy
cefalexin,سيفالكسين,Cefalexin,सेफलेक्सिन,セファレキシン,cefalexina,cefalexin
cellulitis,التهاب النسيج الخلوي,Zellulitis,कोशिका,蜂窩織炎,celulitis,viêm mô tế bào
central nervous system,الجهاز العصبي المركزي,Zentralnervensystem,केंद्रीय तंत्रिका तंत्र,中枢神経系,sistema nervioso central,hệ thần kinh trung ương
cerebral palsy,الشلل الدماغي,Zerebralparese,मस्तिष्क पक्षाघात,脳性麻痺,parálisis cerebral,bại não
cerebral stroke,السكتة الدماغية,zerebraler Schlaganfall,सेरिब्रल स्ट्रोक,脳卒中,accidente cerebrovascular,đột quỵ não
cervical cancer,سرطان عنق الرحم,Gebärmutterhalskrebs,ग्रीवा कैंसर,子宮頸がん,cáncer de cuello uterino,ung thư cổ tử cung
cervical laminectomy,استئصال الصفيحة الفقرية العنقية,zervikale Laminektomie,ग्रीवा लेमिनेक्टॉमी,頸椎椎弓切除術,laminectomía cervical,phẫu thuật cắt bỏ bản sống cổ
cervical screening test,اختبار فحص عنق الرحم,Gebärmutterhalskrebs-Screeningtest,गर्भाशय ग्रीवा स्क्रीनिंग परीक्षण,子宮頸がん検診,prueba de detección del cuello uterino,xét nghiệm sàng lọc cổ tử cung
cf,انظر,vgl.,सीएफ़,cf,cf,cf
changes to your appetite,تغيرات في شهيتك,Veränderungen Ihres Appetits,आपकी भूख में बदलाव,食欲の変化,cambios en tu apetito,những thay đổi về khẩu vị của bạn
charcot-marie-tooth disease,مرض شاركو ماري توث,Charcot-Marie-Tooth-Krankheit,चारकोट-मैरी-टूथ रोग,シャルコー・マリー・トゥース病,enfermedad de Charcot-Marie-Tooth,bệnh Charcot-Marie-Tooth
charles bonnet syndrome,متلازمة تشارلز بونيه,Charles-Bonnet-Syndrom,चार्ल्स बोनेट सिंड्रोम,シャルル・ボネ症候群,síndrome de Charles Bonnet,hội chứng Charles Bonnet
chd,chd,chd,सीएचडी,chd,chd,chd
chemical burns,الحروق الكيميائية,Verätzungen,रासायनिक जलन,化学熱傷,quemaduras químicas,bỏng hóa chất
chemicals,المواد الكيميائية,Chemikalien,रसायन,化学物質,productos químicos,hóa chất
chemotherapy,العلاج الكيميائي,Chemotherapie,कीमोथेरपी,化学療法,quimioterapia,hóa trị
chest infection,التهاب الصدر,Brustinfektion,छाती का संक्रमण,胸部感染症,infección de pecho,nhiễm trùng ngực
chest injuries,إصابات الصدر,Brustverletzungen,छाती की चोटें,胸部損傷,lesiones en el pecho,chấn thương ngực
chest pain,ألم صدر,Brustschmerzen,छाती में दर्द,胸痛,dolor en el pecho,đau ngực
chest tightness and discomfort,ضيق وعدم راحة في الصدر,Engegefühl und Beschwerden in der Brust,सीने में जकड़न और बेचैनी,胸の圧迫感と不快感,opresión y malestar en el pecho,cảm giác tức ngực và khó chịu
chest wall perforator flap breast reconstruction,إعادة بناء الثدي باستخدام شريحة مثقبة من جدار الصدر,Brustrekonstruktion mit einem Perforatorlappen aus der Brustwand,छाती की दीवार छिद्रक फ्लैप स्तन पुनर्निर्माण,胸壁穿通枝皮弁による乳房再建,Reconstrucción mamaria con colgajo perforante de la pared torácica,phẫu thuật tái tạo vú bằng vạt da xuyên thành ngực
chiari malformation,تشوه كياري,Chiari-Malformation,चियारी विकृति,キアリ奇形,malformación de Chiari,dị tật Chiari
chikungunya virus,فيروس شيكونغونيا,Chikungunya-Virus,चिकनगुनिया वायरस,チクングニアウイルス,virus chikungunya,virus chikungunya
chilblains,قضمة الصقيع,Frostbeulen,बिवाई,しもやけ,sabañones,tê cóng
child abuse,إساءة معاملة الأطفال,Kindesmisshandlung,बाल उत्पीड़न,児童虐待,abuso infantil,lạm dụng trẻ em
child immunisation,تطعيم الأطفال,Kinderimpfung,बच्चों का टीकाकरण,小児予防接種,vacunación infantil,tiêm chủng cho trẻ em
childhood illnesses,أمراض الطفولة,Kinderkrankheiten,बचपन की बीमारियाँ,小児疾患,enfermedades infantiles,bệnh tật thời thơ ấu
childhood obesity,سمنة الأطفال,Fettleibigkeit im Kindesalter,बचपन का मोटापा,小児肥満,obesidad infantil,béo phì ở trẻ em
children and depression,الأطفال والاكتئاب,Kinder und Depression,बच्चे और अवसाद,子供と鬱病,niños y depresión,trẻ em và chứng trầm cảm
children with cancer,الأطفال المصابون بالسرطان,Kinder mit Krebs,कैंसर से पीड़ित बच्चे,がんを患う子供たち,niños con cáncer,trẻ em mắc bệnh ung thư
children's feet,أقدام الأطفال,Kinderfüße,बच्चों के पैर,子供の足,pies de niños,bàn chân trẻ em
children's health,صحة الأطفال,Kindergesundheit,बच्चों का स्वास्थ्य,子どもの健康,salud infantil,sức khỏe trẻ em
chinese traditional medicine,الطب الصيني التقليدي,Traditionelle Chinesische Medizin,चीनी पारंपरिक चिकित्सा,中国伝統医学,medicina tradicional china,y học cổ truyền Trung Quốc
chiropractors,أخصائيو تقويم العمود الفقري,Chiropraktiker,काइरोप्रैक्टर्स,カイロプラクター,quiroprácticos,bác sĩ chỉnh hình
chlamydia,الكلاميديا,Chlamydien,क्लैमाइडिया,クラミジア,clamidia,chlamydia
choking,الاختناق,Ersticken,घुटन,窒息,asfixia,nghẹn
cholecystectomy,استئصال المرارة,Cholezystektomie,पित्ताशय-उच्छेदन,胆嚢摘出術,colecistectomía,cắt bỏ túi mật
cholecystectomy and exploration of the bile duct,استئصال المرارة واستكشاف القناة الصفراوية,Cholezystektomie und Exploration des Gallengangs,पित्ताशय को निकालना और पित्त नली की जांच,胆嚢摘出術および胆管の探索,Colecistectomía y exploración del conducto biliar,Cắt bỏ túi mật và thăm dò ống mật
cholecystitis,التهاب المرارة,Cholezystitis,पित्ताशय,胆嚢炎,colecistitis,viêm túi mật
cholera,كوليرا,Cholera,हैजा,コレラ,cólera,bệnh tả
cholesteatoma surgery,جراحة الورم الكوليسترولي,Cholesteatom-Operation,कोलेस्टेटोमा सर्जरी,真珠腫手術,cirugía de colesteatoma,phẫu thuật u cholesteatoma
cholesterol,الكوليسترول,Cholesterin,कोलेस्ट्रॉल,コレステロール,colesterol,cholesterol
cholesterol and lipid tests,اختبارات الكوليسترول والدهون,Cholesterin- und Lipidtests,कोलेस्ट्रॉल और लिपिड परीक्षण,コレステロールおよび脂質検査,Análisis de colesterol y lípidos,xét nghiệm cholesterol và lipid
chronic fatigue syndrome,متلازمة التعب المزمن,chronisches Müdigkeitssyndrom,क्रोनिक फेटीग सिंड्रोम,慢性疲労症候群,síndrome de fatiga crónica,hội chứng mệt mỏi mãn tính
chronic kidney disease,مرض الكلى المزمن,chronische Nierenerkrankung,दीर्घकालिक वृक्क रोग,慢性腎臓病,enfermedad renal crónica,bệnh thận mãn tính
chronic pain,الألم المزمن,chronischer Schmerz,पुराने दर्द,慢性疼痛,dolor crónico,đau mãn tính
chronic wounds,الجروح المزمنة,chronische Wunden,दीर्घकालिक घाव,慢性創傷,heridas crónicas,vết thương mãn tính
cialis,سياليس,Cialis,Cialis,シアリス,cialis,cialis
cigarette smoking,تدخين السجائر,Zigarettenrauchen,सिगरेट पीना,タバコを吸う,fumar cigarrillos,hút thuốc lá
cigarettes,السجائر,Zigaretten,सिगरेट,タバコ,cigarrillos,thuốc lá
ciguatera poisoning,التسمم بالسيغواتيرا,Ciguatera-Vergiftung,सिगुएटेरा विषाक्तता,シガテラ中毒,intoxicación por ciguatera,ngộ độc ciguatera
circulatory system,الجهاز الدوري,Kreislaufsystem,संचार प्रणाली,循環器系,sistema circulatorio,hệ tuần hoàn
circumcision,ختان,Beschneidung,परिशुद्ध करण,割礼,circuncisión,cắt bao quy đầu
cirrhosis of the liver,تليف الكبد,Leberzirrhose,लिवर का सिरोसिस,肝硬変,cirrosis hepática,xơ gan
clap,تصفيق,klatschen,ताली बजाओ,拍手,aplaudir,vỗ tay
claustrophobia,رهاب الأماكن المغلقة,Klaustrophobie,क्लौस्ट्रफ़ोबिया,閉所恐怖症,claustrofobia,chứng sợ không gian kín
clavicle fracture,كسر في عظمة الترقوة,Schlüsselbeinbruch,हंसली की हड्डी का फ्रैक्चर,鎖骨骨折,fractura de clavícula,gãy xương đòn
cleft lip,الشفة المشقوقة,Lippenspalte,कटा होंठ,口唇裂,labio hendido,sứt môi
cleft palate,شق الحنك,Gaumenspalte,भंग तालु,口蓋裂,paladar hendido,hở hàm ếch
clinical trials,التجارب السريرية,klinische Studien,क्लिनिकल परीक्षण,臨床試験,ensayos clínicos,thử nghiệm lâm sàng
closure of loop colostomy,إغلاق فغر القولون الحلقي,Verschluss der Schlingenkolostomie,लूप कोलोस्टोमी का समापन,ループ型人工肛門の閉鎖,cierre de colostomía en asa,đóng hậu môn nhân tạo vòng
closure of loop ileostomy,إغلاق فغر اللفائفي الحلقي,Verschluss der Ileostomie,लूप इलियोस्टोमी का समापन,ループ回腸瘻の閉鎖,cierre de ileostomía en asa,đóng lỗ mở hồi tràng vòng
clubfoot,حنف القدم,Klumpfuß,क्लब पैर,内反尖足,pie equinovaro,bệnh chân khoèo
cluster headache,الصداع العنقودي,Clusterkopfschmerz,क्लस्टर सिरदर्द,群発頭痛,cefalea en racimos,đau đầu chùm
cmis - how to read them,كيفية قراءة أنظمة المعلومات الإدارية,CMIs – wie man sie liest,CMIS - इन्हें कैसे पढ़ें,CMIs - 読み方,CMIS: cómo leerlos,CMIS - Cách đọc chúng
cocaine,الكوكايين,Kokain,कोकीन,コカイン,cocaína,cocaine
cochlear implant,غرسة قوقعية,Cochlea-Implantat,कोक्लियर प्रत्यारोपण,人工内耳,implante coclear,cấy ghép ốc tai
codeine,الكودايين,Kodein,कौडीन,コデイン,codeína,codein
coeliac disease,مرض السيلياك,Zöliakie,कोएलियाक बीमारी,セリアック病,enfermedad celíaca,bệnh celiac
coffee,قهوة,Kaffee,कॉफी,コーヒー,café,cà phê
cognitive behaviour therapy,العلاج السلوكي المعرفي,kognitive Verhaltenstherapie,संज्ञानात्मक व्यवहार चिकित्सा,認知行動療法,terapia cognitivo-conductual,liệu pháp nhận thức hành vi
cognitive impairment,ضعف الإدراك,kognitive Beeinträchtigung,संज्ञानात्मक बधिरता,認知障害,deterioro cognitivo,suy giảm nhận thức
cold and flu medication,أدوية البرد والإنفلونزا,Erkältungs- und Grippemedikamente,सर्दी और फ्लू की दवा,風邪とインフルエンザの薬,Medicamentos para el resfriado y la gripe,thuốc cảm cúm
cold or flu?,هل هو نزلة برد أم إنفلونزا؟,Erkältung oder Grippe?,सर्दी या बुखार?,風邪かインフルエンザか？,¿Resfriado o gripe?,Cảm lạnh hay cúm?
cold sores,قروح البرد,Fieberbläschen,कोल्ड सोर,口唇ヘルペス,herpes labial,vết loét lạnh
colds,نزلات البرد,Erkältungen,जुकाम,風邪,resfriados,cảm lạnh
colds and flu,نزلات البرد والإنفلونزا,Erkältungen und Grippe,सर्दी और फ्लू,風邪とインフルエンザ,resfriados y gripe,cảm lạnh và cúm
colds and flu during pregnancy and breastfeeding,نزلات البرد والإنفلونزا أثناء الحمل والرضاعة الطبيعية,Erkältungen und Grippe während Schwangerschaft und Stillzeit,गर्भावस्था और स्तनपान के दौरान सर्दी-जुकाम और फ्लू,妊娠中および授乳中の風邪やインフルエンザ,Resfriados y gripe durante el embarazo y la lactancia,cảm lạnh và cúm trong thời kỳ mang thai và cho con bú
colon cancer,سرطان القولون,Darmkrebs,पेट का कैंसर,結腸がん,cáncer de colon,ung thư đại tràng
colon resection for colon cancer,استئصال القولون لعلاج سرطان القولون,Kolonresektion bei Darmkrebs,कोलन कैंसर के लिए कोलन रिसेक्शन,結腸癌に対する結腸切除術,resección de colon para el cáncer de colon,Cắt bỏ một phần đại tràng để điều trị ung thư đại tràng
colonoscopy,تنظير القولون,Koloskopie,colonoscopy,大腸内視鏡検査,colonoscopia,nội soi đại tràng
colostomy,فغر القولون,Kolostomie,कोलोस्टोमी,人工肛門,colostomía,hậu môn nhân tạo
colour blindness,عمى الألوان,Farbenblindheit,रंग दृष्टिहीनता,色覚異常,daltonismo,mù màu
colposcopy,تنظير المهبل,Kolposkopie,योनिभित्तिदर्शन,コルポスコピー,colposcopia,soi cổ tử cung
coma,غيبوبة,Koma,प्रगाढ़ बेहोशी,コマ,coma,hôn mê
combined oral contraceptive pill,حبوب منع الحمل الفموية المركبة,kombinierte orale Kontrazeptiva-Pille,संयुक्त मौखिक गर्भनिरोधक गोली,経口避妊薬,píldora anticonceptiva oral combinada,thuốc tránh thai đường uống kết hợp
community nursing,التمريض المجتمعي,Gemeindepflege,सामुदायिक नर्सिंग,地域看護,enfermería comunitaria,điều dưỡng cộng đồng
compartment syndrome,متلازمة الحيز,Kompartmentsyndrom,कम्पार्टमेंट सिंड्रोम,コンパートメント症候群,síndrome compartimental,hội chứng khoang
compassion,عطف,Mitgefühl,करुणा,思いやり,compasión,lòng thương xót
complementary therapy,العلاج التكميلي,Komplementärtherapie,पूरक चिकित्सा,補完療法,terapia complementaria,liệu pháp bổ sung
complex post-traumatic stress disorder,اضطراب ما بعد الصدمة المعقد,komplexe posttraumatische Belastungsstörung,जटिल उत्तर-आघातजन्य तनाव विकार,複雑性心的外傷後ストレス障害,trastorno de estrés postraumático complejo,rối loạn căng thẳng sau chấn thương phức tạp
computer addiction,إدمان الكمبيوتر,Computersucht,कंप्यूटर की लत,コンピューター中毒,adicción a la computadora,nghiện máy tính
concussion,الارتجاج,Gehirnerschütterung,हिलाना,脳震盪,conmoción cerebral,chấn động não
condoms,الواقي الذكري,Kondome,कंडोम,コンドーム,condones,bao cao su
confusion,ارتباك,Verwirrung,भ्रम,混乱,confusión,lú lẫn
congenital adrenal hyperplasia,تضخم الغدة الكظرية الخلقي,kongenitale Nebennierenhyperplasie,जन्मजात अधिवृक्कीय अधिवृद्धि,先天性副腎過形成,hiperplasia suprarrenal congénita,tăng sản tuyến thượng thận bẩm sinh
congenital anomalies,التشوهات الخلقية,angeborene Anomalien,जन्मजात विसंगतियाँ,先天異常,anomalías congénitas,dị tật bẩm sinh
congenital disorder,اضطراب خلقي,angeborene Störung,जन्मजात विकार,先天性疾患,trastorno congénito,rối loạn bẩm sinh
congenital heart disease,أمراض القلب الخلقية,angeborene Herzkrankheit,जन्मजात हृदय रोग,先天性心疾患,cardiopatía congénita,bệnh tim bẩm sinh
congestive heart failure,قصور القلب الاحتقاني,Herzinsuffizienz,कोंजेस्टिव दिल विफलता,うっ血性心不全,insuficiencia cardíaca congestiva,suy tim sung huyết
conjunctivitis,"formal: التهاب الملتحمة | informal: الرمد الربيعي, عين وردية, التهاب الملتحمة","formal: Konjunktivitis | informal: Bindehautentzündung, rotes Auge","formal: नेत्रश्लेष्मलाशोथ | informal: आँख आना, लाल आँख, गुलाबी आँख","formal: 結膜炎 | informal: はやり目, 赤い目, 結膜炎","formal: conjuntivitis | informal: ojo rosa, ojo rojo, conjuntivitis","formal: viêm kết mạc | informal: đau mắt đỏ, đỏ mắt"
connective tissue diseases,أمراض النسيج الضام,Bindegewebserkrankungen,संयोजी ऊतक रोग,結合組織疾患,enfermedades del tejido conectivo,bệnh lý mô liên kết
constipation,إمساك,Verstopfung,कब्ज़,便秘,constipación,táo bón
constipation in children,الإمساك عند الأطفال,Verstopfung bei Kindern,बच्चों में कब्ज,小児の便秘,estreñimiento en niños,táo bón ở trẻ em
consumer rights,حقوق المستهلك,Verbraucherrechte,उपभोक्ता अधिकार,消費者の権利,derechos del consumidor,quyền người tiêu dùng
contact dermatitis,التهاب الجلد التماسي,Kontaktdermatitis,संपर्क त्वचाशोथ,接触性皮膚炎,dermatitis de contacto,viêm da tiếp xúc
contact tracing,تتبع المخالطين,Kontaktverfolgung,संपर्क ट्रेसिंग,接触者追跡,rastreo de contactos,truy vết tiếp xúc
contraception,منع الحمل,Empfängnisverhütung,गर्भनिरोध,避妊,anticoncepción,biện pháp tránh thai
contraceptive diaphragm,غشاء مانع للحمل,Verhütungsdiaphragma,गर्भनिरोधक डायाफ्राम,避妊用ダイヤフラム,diafragma anticonceptivo,màng ngăn tránh thai
contraceptive implant,غرسة منع الحمل,Verhütungsimplantat,गर्भनिरोधक प्रत्यारोपण,避妊インプラント,implante anticonceptivo,cấy ghép tránh thai
contraceptive injection,حقنة منع الحمل,Verhütungsspritze,गर्भनिरोधक इंजेक्शन,避妊注射,inyección anticonceptiva,thuốc tiêm tránh thai
contraceptive intra-uterine device,جهاز منع الحمل داخل الرحم,Verhütungsstäbchen,गर्भनिरोधक अंतर्गर्भाशयी उपकरण,避妊用子宮内避妊器具,dispositivo intrauterino anticonceptivo,dụng cụ tránh thai đặt trong tử cung
contraceptive vaginal ring,حلقة مهبلية مانعة للحمل,Verhütungsring für die Vagina,गर्भनिरोधक योनि वलय,避妊用膣リング,anillo vaginal anticonceptivo,vòng tránh thai đặt âm đạo
contractions,انقباضات,Kontraktionen,संकुचन,収縮,contracciones,co thắt
copd,مرض الانسداد الرئوي المزمن,COPD,सीओपीडी,COD,EPOC,bệnh phổi tắc nghẽn mãn tính
coping with a terminal illness,التعامل مع مرض عضال,Umgang mit einer unheilbaren Krankheit,किसी असाध्य बीमारी से निपटना,末期疾患への対処,cómo afrontar una enfermedad terminal,Đối phó với bệnh nan y
corneal transplant surgery,جراحة زرع القرنية,Hornhauttransplantation,कॉर्नियल प्रत्यारोपण सर्जरी,角膜移植手術,cirugía de trasplante de córnea,phẫu thuật ghép giác mạc
corneal ulcers,قرحة القرنية,Hornhautgeschwüre,कॉर्नियल अल्सर,角膜潰瘍,úlceras corneales,loét giác mạc
coronary angiogram,تصوير الأوعية التاجية,Koronarangiographie,कोरोनरी एंजियोग्राम,冠動脈造影,angiografía coronaria,chụp mạch vành
coronary artery bypass graft,جراحة تحويل مسار الشريان التاجي,Koronararterien-Bypass-Operation,कोरोनरी धमनी बाईपास ग्राफ्ट,冠動脈バイパス移植,injerto de derivación de arteria coronaria,phẫu thuật bắc cầu động mạch vành
coronary heart disease,مرض القلب التاجي,koronare Herzkrankheit,हृद - धमनी रोग,冠状動脈性心疾患,enfermedad coronaria,bệnh tim mạch vành
coronaviruses,فيروسات كورونا,Coronaviren,कोरोनावाइरस,コロナウイルス,coronavirus,vi-rút corona
correcting a squint,تصحيح الحول,Schielen korrigieren,भेंगापन ठीक करना,斜視を矯正する,corregir el estrabismo,chỉnh sửa tật lác mắt
cortisol,الكورتيزول,Cortisol,कोर्टिसोल,コルチゾール,cortisol,cortisol
cosmetic procedures,عمليات التجميل,kosmetische Eingriffe,कॉस्मेटिक प्रक्रियाएं,美容整形手術,procedimientos cosméticos,các thủ thuật thẩm mỹ
cosmetic surgery,جراحة التجميل,kosmetische Chirurgie,कॉस्मेटिक सर्जरी,美容整形,cirugía estética,phẫu thuật thẩm mỹ
cost of dental care,تكلفة العناية بالأسنان,Kosten der Zahnbehandlung,दंत चिकित्सा की लागत,歯科治療費,costo de la atención dental,chi phí chăm sóc răng miệng
cost of mental health services,تكلفة خدمات الصحة النفسية,Kosten für psychische Gesundheitsdienste,मानसिक स्वास्थ्य सेवाओं की लागत,精神保健サービスの費用,costo de los servicios de salud mental,chi phí dịch vụ sức khỏe tâm thần
costochondritis,التهاب الغضروف الضلعي,Costochondritis,कॉस्टोकोंड्राइटिस,肋軟骨炎,costocondritis,viêm sụn sườn
costs of healthcare,تكاليف الرعاية الصحية,Kosten der Gesundheitsversorgung,स्वास्थ्य सेवा की लागत,医療費,costos de atención médica,chi phí chăm sóc sức khỏe
cough,سعال,Husten,खाँसी,咳,tos,ho
coughing up blood,يسعل دماً,Blut husten,खून की उल्टी करना,血を吐く,tosiendo sangre,ho ra máu
coughs and colds,السعال ونزلات البرد,Husten und Erkältungen,खांसी और जुकाम,咳と風邪,tos y resfriados,ho và cảm lạnh
counselling,الاستشارة,Beratung,काउंसलिंग,カウンセリング,asesoramiento,tư vấn
counsellors,المستشارون,Berater,सलाहकार,カウンセラー,consejeros,cố vấn
covid-19,كوفيد-19,COVID-19,COVID-19,COVID-19（新型コロナウイルス感染症,COVID-19,COVID-19
covid-19 medication,أدوية كوفيد-19,Covid-19-Medikamente,कोविड-19 दवा,新型コロナウイルス感染症の治療薬,medicamentos para la COVID-19,thuốc điều trị COVID-19
covid-19 vaccine faqs,أسئلة وأجوبة حول لقاح كوفيد-19,Häufig gestellte Fragen zum COVID-19-Impfstoff,कोविड-19 वैक्सीन से संबंधित अक्सर पूछे जाने वाले प्रश्न,新型コロナウイルスワクチンに関するよくある質問,Preguntas frecuentes sobre la vacuna contra la COVID-19,Câu hỏi thường gặp về vắc-xin Covid-19
cow's milk allergy,حساسية حليب البقر,Kuhmilchallergie,गाय के दूध से एलर्जी,牛乳アレルギー,alergia a la leche de vaca,dị ứng sữa bò
crabs,سرطان البحر,Krabben,केकड़े,カニ,cangrejos,cua
cradle cap,قشرة الرأس عند الرضع,Kopfhaut,क्रैडल कैप,乳児脂漏性湿疹,costra láctea,vảy da đầu ở trẻ sơ sinh
creating healthy habits,خلق عادات صحية,gesunde Gewohnheiten entwickeln,स्वस्थ आदतें बनाना,健康的な習慣を作る,crear hábitos saludables,tạo dựng những thói quen lành mạnh
creutzfeldt-jakob disease,مرض كروتزفيلد جاكوب,Creutzfeldt-Jakob-Krankheit,क्रुट्ज़फेल्ड-जैकोब रोग,クロイツフェルト・ヤコブ病,enfermedad de Creutzfeldt-Jakob,bệnh Creutzfeldt-Jakob
cri du chat syndrome,متلازمة صرخة القط,Cri-du-chat-Syndrom,क्राई डू चैट सिंड्रोम,猫鳴き症候群,síndrome de cri du chat,hội chứng cri du chat
crohn's disease,مرض كرون,Morbus Crohn,क्रोहन रोग,クローン病,enfermedad de Crohn,bệnh Crohn
cryptosporidiosis,داء خفيات الأبواغ,Kryptosporidiose,क्रिप्टोस्पोरिडियोसिस,クリプトスポリジウム症,criptosporidiosis,bệnh cryptosporidiosis
crystal meth,الميثامفيتامين,Crystal Meth,क्रिस्टल मेथ,クリスタルメス,metanfetamina cristalina,ma túy đá
ct scan,التصوير المقطعي المحوسب,CT-Scan,सीटी स्कैन,CTスキャン,tomografía computarizada,chụp CT
cushing's syndrome,متلازمة كوشينغ,Cushing-Syndrom,कुशिंग सिंड्रोम,クッシング症候群,síndrome de Cushing,hội chứng Cushing
cuts,جروح,Schnitte,कटौती,削減,recortes,cắt
cyberbullying,التنمر الإلكتروني,Cybermobbing,साइबर-धमकी,サイバーいじめ,ciberacoso,bắt nạt trên mạng
cycling,ركوب الدراجات,Radfahren,साइकिल चलाना,サイクリング,ciclismo,đạp xe
cyclone and flood health risks,مخاطر صحية ناجمة عن الأعاصير والفيضانات,Gesundheitsrisiken durch Zyklone und Überschwemmungen,चक्रवात और बाढ़ से होने वाले स्वास्थ्य जोखिम,サイクロンと洪水による健康リスク,riesgos para la salud derivados de ciclones e inundaciones,rủi ro sức khỏe do lốc xoáy và lũ lụt
cyclothymia,اضطراب المزاج الدوري,Zyklothymie,Cyclothymia,気分循環症,ciclotimia,rối loạn khí sắc chu kỳ
cystic fibrosis,تليّف كيسي,Mukoviszidose,पुटीय तंतुशोथ,嚢胞性線維症,fibrosis quística,bệnh xơ nang
cystitis,التهاب المثانة,Blasenentzündung,मूत्राशयशोध,膀胱炎,cistitis,viêm bàng quang
cystoscopy,تنظير المثانة,Zystoskopie,मूत्राशयदर्शन,膀胱鏡検査,cistoscopia,nội soi bàng quang
cysts,الأكياس,Zysten,अल्सर,嚢胞,quistes,u nang
cytomegalovirus,فيروس مضخم للخلايا,Cytomegalovirus,साइटोमेगालो वायरस,サイトメガロウィルス,citomegalovirus,vi-rút cự bào
d-dimer test,اختبار د-دايمر,D-Dimer-Test,डी-डाइमर परीक्षण,Dダイマー検査,prueba de dímero D,xét nghiệm d-dimer
dairy foods,منتجات الألبان,Milchprodukte,दूध से बने खाद्य पदार्थ,乳製品,productos lácteos,thực phẩm từ sữa
dandruff,قشرة رأس,Schuppen,रूसी,ふけ,caspa,gàu
dbt,العلاج السلوكي الجدلي,dbt,डीबीटी,dbt,dbt,dbt
de quervain disease surgery,جراحة مرض دي كيرفان,Operation bei Morbus de Quervain,डी क्वेरवेन रोग की सर्जरी,ドケルバン病手術,Cirugía de la enfermedad de De Quervain,Phẫu thuật điều trị bệnh De Quervain
de quervain's disease,مرض دي كيرفان,De-Quervain-Krankheit,डी क्वेरवेन रोग,ドケルバン病,enfermedad de De Quervain,bệnh de quervain
deafness,الصمم,Taubheit,बहरापन,難聴,sordera,điếc
dealing with childhood cancer,التعامل مع سرطان الأطفال,Umgang mit Kinderkrebs,बचपन के कैंसर से निपटना,小児がんとの闘い,Cómo afrontar el cáncer infantil,đối phó với bệnh ung thư ở trẻ em
dealing with life events,التعامل مع أحداث الحياة,Umgang mit Lebensereignissen,जीवन की घटनाओं से निपटना,人生の出来事に対処する,afrontar los acontecimientos de la vida,đối phó với các sự kiện trong cuộc sống
dealing with morning sickness,التعامل مع غثيان الصباح,Umgang mit Schwangerschaftsübelkeit,मॉर्निंग सिकनेस से निपटना,つわりへの対処法,Cómo lidiar con las náuseas matutinas,đối phó với ốm nghén
deep vein thrombosis,تجلط الأوردة العميقة,tiefe Venenthrombose,गहरी नस घनास्रता,深部静脈血栓症,trombosis venosa profunda,huyết khối tĩnh mạch sâu
defibrillators,أجهزة إزالة الرجفان,Defibrillatoren,डिफ़िब्रिलेटर्स,除細動器,desfibriladores,máy khử rung tim
deficiency,نقص,Mangel,कमी,欠乏,deficiencia,thiếu hụt
degenerative arthritis,التهاب المفاصل التنكسي,degenerative Arthritis,अपक्षयी गठिया,変形性関節炎,artritis degenerativa,viêm khớp thoái hóa
dehydration,جفاف,Dehydration,निर्जलीकरण,脱水,deshidración,mất nước
delayed ejaculation,تأخر القذف,verzögerte Ejakulation,विलंबित स्खलन,射精遅延,eyaculación retardada,xuất tinh chậm
delirium and dementia,الهذيان والخرف,Delir und Demenz,प्रलाप और मनोभ्रंश,せん妄と認知症,delirio y demencia,mê sảng và sa sút trí tuệ
delusions,الأوهام,Wahnvorstellungen,भ्रम,妄想,ilusiones,ảo tưởng
dementia,الخَرَف,Demenz,मनोभ्रंश,認知症,demencia,chứng mất trí nhớ
dementia and driving,الخرف والقيادة,Demenz und Autofahren,मनोभ्रंश और ड्राइविंग,認知症と運転,demencia y conducción,chứng mất trí nhớ và lái xe
dengue fever,حمى الضنك,Denguefieber,डेंगू बुखार,デング熱,fiebre del dengue,sốt xuất huyết
dental bleeding,نزيف الأسنان,Zahnblutung,दांतों से खून आना,歯の出血,sangrado dental,chảy máu răng
dental braces and retainers,تقويم الأسنان وأجهزة التثبيت,Zahnspangen und Retainer,डेंटल ब्रेसेस और रिटेनर,歯列矯正器具とリテーナー,aparatos de ortodoncia y retenedores,niềng răng và dụng cụ giữ răng
dental bridge,جسر الأسنان,Zahnbrücke,डेंटल ब्रिज,デンタルブリッジ,puente dental,cầu răng
dental care,العناية بالأسنان,Zahnpflege,दंत चिकित्सा देखभाल,歯科治療,atención dental,chăm sóc răng miệng
dental check-up,فحص الأسنان,Zahnärztliche Untersuchung,दंत जाँच,歯科検診,revisión dental,khám răng
dental crown procedure,إجراء تركيب تاج الأسنان,Zahnkronenverfahren,डेंटल क्राउन प्रक्रिया,歯冠処置,procedimiento de corona dental,thủ thuật bọc răng sứ
dental erosion,تآكل الأسنان,Zahnerosion,दंत क्षरण,歯の浸食,erosión dental,mòn răng
dental fillings,حشوات الأسنان,Zahnfüllungen,दांतों की फिलिंग,歯の詰め物,empastes dentales,trám răng
dental fissure sealants,مواد مانعة للتشققات السنية,Zahnfissurenversiegelung,दंत दरार सीलेंट,歯の溝を埋めるシーラント,selladores de fisuras dentales,chất trám khe răng
dental hygeine,نظافة الأسنان,Zahnhygiene,दंत स्वच्छता,歯科衛生,higiene dental,vệ sinh răng miệng
dental injury,إصابة في الأسنان,Zahnverletzung,दंत चोट,歯の損傷,lesión dental,chấn thương răng miệng
dental problems,مشاكل الأسنان,Zahnprobleme,दंत समस्याएं,歯の問題,problemas dentales,các vấn đề về răng miệng
dental procedures,إجراءات طب الأسنان,zahnärztliche Eingriffe,दंत प्रक्रियाएं,歯科処置,procedimientos dentales,các thủ thuật nha khoa
dental procedures and appliances,إجراءات وأجهزة طب الأسنان,Zahnärztliche Verfahren und Apparaturen,दंत चिकित्सा प्रक्रियाएं और उपकरण,歯科処置および歯科器具,procedimientos y aparatos dentales,các thủ thuật và thiết bị nha khoa
dentures,أطقم الأسنان,Zahnersatz,डेन्चर,義歯,dentadura postiza,răng giả
depression,اكتئاب,Depression,अवसाद,うつ,depresión,trầm cảm
depression - how to help,الاكتئاب - كيفية المساعدة,Depression – wie man helfen kann,अवसाद - इससे कैसे निपटें,うつ病 - 対処法,depresión: cómo ayudar,Trầm cảm - cách điều trị
depression after pregnancy,الاكتئاب بعد الحمل,Depression nach der Schwangerschaft,गर्भावस्था के बाद अवसाद,産後うつ病,depresión después del embarazo,trầm cảm sau khi mang thai
depression in children,الاكتئاب عند الأطفال,Depression bei Kindern,बच्चों में अवसाद,小児のうつ病,depresión en niños,trầm cảm ở trẻ em
depression in men,الاكتئاب عند الرجال,Depression bei Männern,पुरुषों में अवसाद,男性のうつ病,depresión en los hombres,trầm cảm ở nam giới
depression in older people,الاكتئاب لدى كبار السن,Depression bei älteren Menschen,वृद्ध लोगों में अवसाद,高齢者のうつ病,depresión en personas mayores,trầm cảm ở người lớn tuổi
depression in women,الاكتئاب عند النساء,Depression bei Frauen,महिलाओं में अवसाद,女性のうつ病,depresión en las mujeres,trầm cảm ở phụ nữ
depression in young people,الاكتئاب لدى الشباب,Depression bei jungen Menschen,युवाओं में अवसाद,若者のうつ病,depresión en jóvenes,trầm cảm ở người trẻ tuổi
dermatitis,التهاب الجلد,Dermatitis,जिल्द की सूजन,皮膚炎,dermatitis,viêm da
dermatitis herpetiformis,التهاب الجلد الهربسي الشكل,Dermatitis herpetiformis,डर्मेटाइटिस हर्पेटिफॉर्मिस,疱疹状皮膚炎,dermatitis herpetiforme,viêm da dạng herpes
dermatologist,طبيب الأمراض الجلدية,Dermatologe,त्वचा विशेषज्ञ,皮膚科医,dermatólogo,bác sĩ da liễu
dermatomyositis,التهاب الجلد والعضلات,Dermatomyositis,डर्माटोमायोसिटिस,皮膚筋炎,dermatomiositis,viêm da cơ
detox,التخلص من السموم,Entgiftung,डिटॉक्स,デトックス,desintoxicación,giải độc
developmental milestones,مراحل النمو,Entwicklungsmeilensteine,विकासात्मक महत्वपूर्णता,発達上の節目,hitos del desarrollo,các mốc phát triển
deviated septum,انحراف الحاجز الأنفي,Nasenscheidewandverkrümmung,पथभ्रष्ट झिल्ली,鼻中隔弯曲症,tabique desviado,vách ngăn lệch
diabetes,السكري,Diabetes,मधुमेह,糖尿病,diabetes,bệnh tiểu đường
diabetes and insulin,مرض السكري والأنسولين,Diabetes und Insulin,मधुमेह और इंसुलिन,糖尿病とインスリン,diabetes e insulina,bệnh tiểu đường và insulin
diabetes medicines,أدوية السكري,Diabetesmedikamente,मधुमेह की दवाएँ,糖尿病治療薬,medicamentos para la diabetes,thuốc trị tiểu đường
diabetes screening tests,اختبارات الكشف عن مرض السكري,Diabetes-Screeningtests,मधुमेह स्क्रीनिंग परीक्षण,糖尿病スクリーニング検査,pruebas de detección de diabetes,xét nghiệm sàng lọc bệnh tiểu đường
diabetes testing and monitoring,فحص ومراقبة مرض السكري,Diabetes-Testung und -Überwachung,मधुमेह की जांच और निगरानी,糖尿病の検査とモニタリング,Pruebas y seguimiento de la diabetes,xét nghiệm và theo dõi bệnh tiểu đường
diabetic ketoacidosis,الحماض الكيتوني السكري,diabetische Ketoazidose,मधुमेह कीटोएसिडोसिस,糖尿病性ケトアシドーシス,cetoacidosis diabética,nhiễm toan ceton do tiểu đường
diabetic neuropathy,اعتلال الأعصاب السكري,diabetische Neuropathie,मधुमेह तंत्रिका रोग,糖尿病性神経障害,neuropatía diabética,bệnh thần kinh do tiểu đường
diabetic retinopathy,اعتلال الشبكية السكري,diabetische Retinopathie,डायबिटिक रेटिनोपैथी,糖尿病網膜症,retinopatía diabética,bệnh võng mạc tiểu đường
diagnostic testing,الاختبارات التشخيصية,diagnostische Tests,नैदानिक ​​परीक्षण,診断検査,pruebas de diagnóstico,xét nghiệm chẩn đoán
diagnostic tests,الاختبارات التشخيصية,diagnostische Tests,नैदानिक ​​परीक्षण,診断検査,pruebas de diagnóstico,xét nghiệm chẩn đoán
dialectical behaviour therapy,العلاج السلوكي الجدلي,dialektische Verhaltenstherapie,द्वंद्वात्मक व्यवहार चिकित्सा,弁証法的行動療法,terapia dialéctica conductual,liệu pháp hành vi biện chứng
dialysis,غسيل الكلى,Dialyse,डायलिसिस,透析,diálisis,lọc máu
diaphragm,غشاء,Membran,डायाफ्राम,横隔膜,diafragma,màng ngăn
diarrhoea,"formal: إسهال | informal: إسهال, مغص مع إسهال, براز سائل, براز رخو","formal: Diarrhö | informal: Flitzekacke, Dünnpfiff, flüssiger Stuhl, Durchfall","formal: अतिसार | informal: दस्त, पेट चलना, ढीला मल, पतले दस्त","formal: 下痢 | informal: お腹がゆるい, 下痢, 軟便","formal: diarrea | informal: cagalera, flojera de estómago, heces sueltas, heces blandas","formal: tiêu chảy | informal: tào tháo đuổi, đi ngoài, phân lỏng"
diarrhoea causes,أسباب الإسهال,Durchfallursachen,दस्त के कारण,下痢の原因,la diarrea causa,tiêu chảy gây ra
diarrhoea in children,الإسهال عند الأطفال,Durchfall bei Kindern,बच्चों में दस्त,小児の下痢,diarrea en niños,tiêu chảy ở trẻ em
diazepam,ديازيبام,Diazepam,डायजेपाम,ジアゼパム,diazepam,diazepam
diet,نظام عذائي,Diät,आहार,ダイエット,dieta,ăn kiêng
dietary fats,الدهون الغذائية,Nahrungsfette,आहार वसा,食事性脂肪,grasas dietéticas,chất béo trong chế độ ăn
dietary fibre,الألياف الغذائية,Ballaststoffe,आहार फाइबर,食物繊維,fibra dietética,chất xơ trong chế độ ăn uống
dietitians,أخصائيو التغذية,Diätologen,dietitians,栄養士,dietistas,chuyên gia dinh dưỡng
diets,الحميات الغذائية,Diäten,आहार,ダイエット,dietas,chế độ ăn uống
difficulty reaching female orgasm,صعوبة الوصول إلى النشوة الجنسية لدى النساء,Schwierigkeiten beim Erreichen des weiblichen Orgasmus,महिला ऑर्गेज्म तक पहुंचने में कठिनाई,女性のオーガズムに達するのが難しい,dificultad para alcanzar el orgasmo femenino,khó đạt cực khoái ở nữ
diffuse idiopathic skeletal hyperostosis,فرط التعظم الهيكلي المنتشر مجهول السبب,diffuse idiopathische Skeletthyperostose,विसरित अज्ञातहेतु कंकाल हाइपरोस्टोसिस,びまん性特発性骨増殖症,hiperostosis esquelética idiopática difusa,chứng tăng sinh xương vô căn lan tỏa
digestive system,الجهاز الهضمي,Verdauungssystem,पाचन तंत्र,消化器系,sistema digestivo,hệ tiêu hóa
digital thermometers,موازين حرارة رقمية,digitale Thermometer,डिजिटल थर्मामीटर,デジタル温度計,termómetros digitales,nhiệt kế kỹ thuật số
dihydrocodeine,ثنائي هيدروكودايين,Dihydrocodein,डाईहाइड्रोकोडीन,ジヒドロコデイン,dihidrocodeína,dihydrocodeine
dilatation and curettage,التوسيع والكحت,Dilatation und Kürettage,फैलाव और क्यूरेटेज,拡張掻爬術,dilatación y legrado,nong và nạo tử cung
diphtheria,الخناق,Diphtherie,डिप्थीरिया,ジフテリア,difteria,bệnh bạch hầu
disability services and allied healthcare,خدمات ذوي الإعاقة والرعاية الصحية المساعدة,Dienstleistungen für Menschen mit Behinderungen und verwandte Gesundheitsdienstleistungen,विकलांगता सेवाएं और संबद्ध स्वास्थ्य सेवाएं,障害者サービスおよび関連医療,servicios para personas con discapacidad y atención médica afín,dịch vụ dành cho người khuyết tật và chăm sóc sức khỏe liên quan
disability services and the ndis,خدمات ذوي الإعاقة ونظام دعم الإعاقة الوطني,Behindertenhilfe und die NDIS,विकलांगता सेवाएं और एनडीआई,障害者サービスとNDIS,servicios para discapacitados y el ndis,dịch vụ dành cho người khuyết tật và NDIS
disasters,الكوارث,Katastrophen,आपदाओं,災害,desastres,thảm họa
disease modifying antirheumatic drugs for arthritis,الأدوية المضادة للروماتيزم المعدلة للمرض لعلاج التهاب المفاصل,krankheitsmodifizierende Antirheumatika bei Arthritis,गठिया के लिए रोग-संशोधक एंटीरूमेटिक दवाएं,関節炎に対する疾患修飾性抗リウマチ薬,fármacos antirreumáticos modificadores de la enfermedad para la artritis,thuốc điều trị thấp khớp làm thay đổi tiến trình bệnh viêm khớp
disorientation,الارتباك,Desorientierung,भटकाव,見当識障害,desorientación,mất phương hướng
dissociative identity disorder,اضطراب الهوية الانفصامية,dissoziative Identitätsstörung,वियोजित पहचान विकार,解離性同一性障害,trastorno de identidad disociativa,rối loạn đa nhân cách
diuretic medicines,الأدوية المدرة للبول,Diuretika,मूत्रवर्धक दवाएँ,利尿薬,medicamentos diuréticos,thuốc lợi tiểu
diverticular disease,داء الرتوج,Divertikelerkrankung,डायवर्टिकुलर रोग,憩室疾患,enfermedad diverticular,bệnh túi thừa
divorce and break up,الطلاق والانفصال,Scheidung und Trennung,तलाक और अलगाव,離婚と別れ,divorcio y ruptura,ly hôn và chia tay
doctor,طبيب,Arzt,चिकित्सक,医者,doctor,bác sĩ
dog bites,عضات الكلاب,Hundebisse,कुत्ते के काटने,犬に噛まれた,mordeduras de perro,chó cắn
domestic violence and abusive relationships,العنف المنزلي والعلاقات المسيئة,häusliche Gewalt und missbräuchliche Beziehungen,घरेलू हिंसा और अपमानजनक रिश्ते,家庭内暴力と虐待的な関係,violencia doméstica y relaciones abusivas,bạo lực gia đình và các mối quan hệ lạm dụng
donation,هبة,Spende,दान,寄付,donación,quyên góp
dopamine,الدوبامين,Dopamin,डोपामाइन,ドーパミン,dopamina,dopamine
down syndrome,متلازمة داون,Down-Syndrom,डाउन सिंड्रोम,ダウン症候群,síndrome de Down,hội chứng Down
doxycycline,دوكسيسايكلين,Doxycyclin,डॉक्सीसाइक्लिन,ドキシサイクリン,doxiciclina,doxycycline
drinking alcohol,شرب الكحول,Alkohol trinken,शराब पीना,アルコールを飲む,beber alcohol,uống rượu
drinking water and your health,مياه الشرب وصحتك,Trinkwasser und Ihre Gesundheit,पीने का पानी और आपका स्वास्थ्य,飲料水とあなたの健康,El agua potable y su salud,Nước uống và sức khỏe của bạn
droughts,الجفاف,Dürren,सूखे,干ばつ,sequías,hạn hán
drowning,الغرق,Ertrinken,डूबना,溺死,ahogo,chết đuối
drug and alcohol rehabilitation,إعادة تأهيل مدمني المخدرات والكحول,Drogen- und Alkoholrehabilitation,नशीली दवाओं और शराब का पुनर्वास,薬物・アルコール依存症のリハビリテーション,rehabilitación de drogas y alcohol,cai nghiện ma túy và rượu
drug overdose,جرعة زائدة من المخدرات,Drogenüberdosis,मात्रा से अधिक दवाई,薬物過剰摂取,sobredosis de drogas,quá liều thuốc
drugs and alcohol,المخدرات والكحول,Drogen und Alkohol,ड्रग्स और शराब,薬物とアルコール,drogas y alcohol,ma túy và rượu
drugs and alcohol - how to help someone,المخدرات والكحول - كيفية مساعدة شخص ما,Drogen und Alkohol – wie man jemandem helfen kann,नशीली दवाओं और शराब - किसी की मदद कैसे करें,薬物とアルコール – 困っている人を助ける方法,Drogas y alcohol: cómo ayudar a alguien,Ma túy và rượu - cách giúp đỡ một người
drugs in sport,المنشطات في الرياضة,Doping im Sport,खेल में ड्रग्स,スポーツにおける薬物使用,dopaje en el deporte,thuốc kích thích trong thể thao
dry eyes,جفاف العين,trockene Augen,सूखी आँखें,ドライアイ,ojos secos,mắt khô
dry mouth syndrome,متلازمة جفاف الفم,Syndrom des trockenen Mundes,मुंह सूखने का सिंड्रोम,ドライマウス症候群,síndrome de boca seca,hội chứng khô miệng
dry orgasm,النشوة الجافة,trockener Orgasmus,शुष्क संभोग,ドライオーガズム,orgasmo seco,cực khoái khô
dry socket,جفاف تجويف السنخ,Alveolitis sicca,शुष्क सॉकेट,ドライソケット,alveolitis seca,ổ răng khô
duchenne muscular dystrophy,ضمور دوشين العضلي,Duchenne-Muskeldystrophie,ड्यूशेन मस्कुलर डिस्ट्रॉफी,デュシェンヌ型筋ジストロフィー,distrofia muscular de Duchenne,loạn dưỡng cơ Duchenne
duodenal ulcer,قرحة الاثني عشر,Zwölffingerdarmgeschwür,ग्रहणी फोड़ा,十二指腸潰瘍,úlcera duodenal,loét tá tràng
dupuytren's contracture,تقفع دوبويتران,Dupuytren-Kontraktur,डुप्यूट्रेंस कॉन्ट्रैक्चर,デュピュイトラン拘縮,contractura de Dupuytren,chứng co cứng Dupuytren
dupuytren's fasciectomy,استئصال اللفافة في داء دوبويتران,Dupuytren-Fasziektomie,डुप्यूट्रेंस फेशिएक्टॉमी,デュピュイトラン拘縮に対する筋膜切除術,fasciectomía de Dupuytren,phẫu thuật cắt bỏ màng Dupuytren
dust mites,عث الغبار,Hausstaubmilben,धूल के कण,ダニ,ácaros del polvo,mạt bụi
dust storms,عواصف ترابية,Staubstürme,धूल भरी आंधी,砂嵐,tormentas de polvo,bão bụi
dwarfism,التقزم,Kleinwuchs,बौनापन,小人症,enanismo,bệnh lùn
dying,الموت,sterben,मरना,死にゆく,muriendo,chết
dying at home,الموت في المنزل,Sterben zu Hause,घर पर मृत्यु,自宅で最期を迎える,morir en casa,qua đời tại nhà
dysarthria,عسر التلفظ,Dysarthrie,डिसार्थ्रिया,構音障害,disartria,chứng khó nói
dyslexia,عسر القراءة,Dyslexie,डिस्लेक्सिया,失読症,dislexia,chứng khó đọc
dysmenorrhoea,عسر الطمث,Dysmenorrhoe,कष्टार्तव,月経困難症,dismenorrea,đau bụng kinh
dysphagia,"formal: عسر البلع | informal: صعوبة في البلع, مشاكل في البلع","formal: Dysphagie | informal: Schluckbeschwerden, Schluckprobleme","formal: निगलने में कठिनाई | informal: निगलने में तकलीफ, गले में अटकना","formal: 嚥下障害 | informal: 飲み込みにくさ, 喉がつまること","formal: disfagia | informal: problemas para tragar, dificultad para tragar","formal: khó nuốt | informal: nghẹn, vướng họng"
dyspnoea,بحة في الصوت,Atemnot,दमा,呼吸困難,disnea,khó thở
dyspraxia,عسر الأداء الحركي,Dyspraxie,दुष्क्रिया,発達性協調運動障害,dispraxia,rối loạn vận động
dystonia,خلل التوتر العضلي,Dystonie,दुस्तानता,ジストニア,distonía,loạn trương lực cơ
e-cigarettes,السجائر الإلكترونية,E-Zigaretten,ई-सिगरेट,電子タバコ,cigarrillos electrónicos,thuốc lá điện tử
e-health,الصحة الإلكترونية,E-Health,ई-स्वास्थ्य,eヘルス,salud electrónica,y tế điện tử
e. coli infection,عدوى الإشريكية القولونية,E. coli-Infektion,ई. कोलाई संक्रमण,大腸菌感染症,infección por E. coli,nhiễm trùng E. coli
ear diseases and disorders,أمراض واضطرابات الأذن,Ohrerkrankungen und -störungen,कान के रोग और विकार,耳の病気と障害,enfermedades y trastornos del oído,các bệnh và rối loạn về tai
ear thermometers,موازين حرارة الأذن,Ohrthermometer,कान थर्मामीटर,耳式体温計,termómetros de oído,nhiệt kế đo tai
ear wax,شمع الأذن,Ohrenschmalz,कान का मैल,耳垢,cera del oído,ráy tai
earache,ألم,Ohrenschmerzen,कान में दर्द,耳痛,dolor de oídos,đau tai
early onset dementia,الخرف المبكر,früh einsetzende Demenz,प्रारंभिक अवस्था में मनोभ्रंश,若年性認知症,demencia de inicio temprano,chứng mất trí nhớ khởi phát sớm
ears,آذان,Ohren,कान,耳,orejas,tai
eating disorders,اضطرابات الأكل,Essstörungen,भोजन विकार,摂食障害,trastornos de la alimentación,rối loạn ăn uống
eating disorders and body image,اضطرابات الأكل وصورة الجسم,Essstörungen und Körperbild,खान-पान संबंधी विकार और शरीर की छवि,摂食障害と身体イメージ,trastornos alimentarios e imagen corporal,rối loạn ăn uống và hình ảnh cơ thể
eating healthy,تناول طعاماً صحياً,gesunde Ernährung,स्वस्थ खाना,健康的な食事,comer sano,ăn uống lành mạnh
eating unsafe foods,تناول الأطعمة غير الآمنة,Verzehr unsicherer Lebensmittel,असुरक्षित खाद्य पदार्थों का सेवन,安全でない食品を食べる,comer alimentos no seguros,ăn thực phẩm không an toàn
eating well,تناول الطعام بشكل جيد,gesund essen,अच्छा खाना,健康的な食事を摂る,comer bien,ăn uống tốt
ebola virus,فيروس إيبولا,Ebola-Virus,इबोला वायरस,エボラウイルス,virus del ébola,virus Ebola
ecstasy,نشوة,Ekstase,परमानंद,エクスタシー,éxtasis,sự hưng phấn
ectopic pregnancy,الحمل خارج الرحم,Eileiterschwangerschaft,एक्टोपिक गर्भावस्था,子宮外妊娠,embarazo ectópico,thai ngoài tử cung
eczema,الأكزيما,Ekzem,एक्जिमा,湿疹,eczema,bệnh chàm
edwards syndrome,متلازمة إدواردز,Edwards-Syndrom,एडवर्ड्स सिंड्रोम,エドワーズ症候群,síndrome de Edwards,hội chứng Edwards
egg allergy,حساسية البيض,Eierallergie,अंडे से एलर्जी,卵アレルギー,alergia al huevo,dị ứng trứng
ehlers-danlos syndrome,متلازمة إهلرز دانلوس,Ehlers-Danlos-Syndrom,एहलर्स-डानलोस सिंड्रोम,エーラース・ダンロス症候群,síndrome de Ehlers-Danlos,hội chứng Ehlers-Danlos
elective caesarean section,عملية قيصرية اختيارية,geplanter Kaiserschnitt,ऐच्छिक सीज़ेरियन सेक्शन,選択的帝王切開,cesárea electiva,mổ lấy thai theo yêu cầu
elective splenectomy,استئصال الطحال الاختياري,elektive Splenektomie,ऐच्छिक स्प्लेनेक्टोमी,選択的脾臓摘出術,esplenectomía electiva,cắt bỏ lách tự chọn
electric shocks and burns,الصدمات الكهربائية والحروق,Stromschläge und Verbrennungen,बिजली के झटके और जलन,感電と火傷,descargas eléctricas y quemaduras,điện giật và bỏng
electrocardiogram,تخطيط كهربية القلب,Elektrokardiogramm,इलेक्ट्रोकार्डियोग्राम,心電図,electrocardiograma,điện tâm đồ
electroconvulsive therapy,العلاج بالصدمات الكهربائية,Elektrokrampftherapie,विद्युत - चिकित्सा,電気けいれん療法,terapia electroconvulsiva,liệu pháp sốc điện
electroencephalogram,تخطيط كهربية الدماغ,Elektroenzephalogramm,इलेक्ट्रोएन्सेफेलोग्राम,脳波図,electroencefalograma,điện não đồ
elephantiasis,داء الفيل,Elefantiasis,फ़ीलपाँव,象皮病,elefantiasis,bệnh phù chân voi
emergency contraception,وسائل منع الحمل الطارئة,Notfallverhütung,आपातकालीन गर्भनिरोधक,緊急避妊薬,anticoncepción de emergencia,biện pháp tránh thai khẩn cấp
emergency departments,أقسام الطوارئ,Notaufnahmen,आपातकालीन विभाग,救急外来,departamentos de urgencias,khoa cấp cứu
emotional abuse,الإساءة العاطفية,emotionaler Missbrauch,भावनात्मक दुर्व्यवहार,精神的虐待,abuso emocional,lạm dụng cảm xúc
emphysema,انتفاخ الرئة,Emphysem,एम्फीसेमा,肺気腫,enfisema,khí phế thũng
encephalitis,التهاب الدماغ,Enzephalitis,इंसेफेलाइटिस,脳炎,encefalitis,viêm não
encephalopathy,اعتلال الدماغ,Enzephalopathie,मस्तिष्क विकृति,脳症,encefalopatía,bệnh não
end of life health,الرعاية الصحية في نهاية العمر,Gesundheit am Lebensende,जीवन के अंतिम चरण का स्वास्थ्य,終末期医療,salud al final de la vida,sức khỏe cuối đời
endocarditis,التهاب الشغاف,Endokarditis,एंडोकार्डिटिस,心内膜炎,endocarditis,viêm nội tâm mạc
endocrine disorders and diseases,اضطرابات وأمراض الغدد الصماء,endokrine Störungen und Erkrankungen,अंतःस्रावी विकार और रोग,内分泌障害および疾患,trastornos y enfermedades endocrinas,rối loạn và bệnh lý nội tiết
endocrine system,الجهاز الصمّاوي,endokrines System,अंत: स्रावी प्रणाली,内分泌系,sistema endocrino,hệ thống nội tiết
endocrinologist,أخصائيو الغدد الصماء,Endokrinologe,एंडोक्राइनोलॉजिस्ट,内分泌専門医,endocrinólogo,bác sĩ nội tiết
endometrial biopsy,خزعة بطانة الرحم,Endometriumbiopsie,एंडोमेट्रियल बायोप्सी,子宮内膜生検,biopsia endometrial,sinh thiết nội mạc tử cung
endometrial cancer,سرطان بطانة الرحم,Endometriumkarzinom,गर्भाशय कैंसर,子宮内膜がん,cáncer de endometrio,ung thư nội mạc tử cung
endometriosis,الانتباذ البطاني الرحمي,Endometriose,endometriosis,子宮内膜症,endometriosis,lạc nội mạc tử cung
endoscopic sinus surgery,جراحة الجيوب الأنفية بالمنظار,endoskopische Nasennebenhöhlenoperation,एंडोस्कोपिक साइनस सर्जरी,内視鏡下副鼻腔手術,cirugía endoscópica de senos paranasales,phẫu thuật nội soi xoang
endoscopic ultrasound,الموجات فوق الصوتية التنظيرية,endoskopischer Ultraschall,एंडोस्कोपिक अल्ट्रासाउंड,内視鏡超音波検査,ecografía endoscópica,siêu âm nội soi
endoscopy,التنظير الداخلي,Endoskopie,एंडोस्कोपी,内視鏡検査,endoscopia,nội soi
endovenous ablation,الاستئصال الوريدي,endovenöse Ablation,अंतःशिरा एब्लेशन,血管内焼灼術,ablación endovenosa,triệt mạch máu nội tĩnh mạch
engorgement,امتلاء الجسم,Schwellung,सूजन,充血,congestión,sự sung huyết
enterovirus in children,فيروس معوي عند الأطفال,Enteroviren bei Kindern,बच्चों में एंटरोवायरस,小児におけるエンテロウイルス,enterovirus en niños,enterovirus ở trẻ em
entropion and ectropion repair,إصلاح انقلاب الجفن الداخلي والخارجي,Entropium- und Ektropiumreparatur,एंट्रोपियन और एक्ट्रोपियन की मरम्मत,眼瞼内反症および眼瞼外反症の修復,Reparación de entropión y ectropión,Phẫu thuật điều trị lật mi trong và lật mi ngoài
epididymitis,التهاب البربخ,Nebenhodenentzündung,epididymitis,精巣上体炎,epididimitis,viêm mào tinh hoàn
epidural anaesthetic,التخدير فوق الجافية,Epiduralanästhesie,एपिड्यूरल एनेस्थेटिक,硬膜外麻酔,anestesia epidural,gây tê ngoài màng cứng
epidural injection for chronic pain relief,حقن فوق الجافية لتسكين الألم المزمن,Epidurale Injektion zur Linderung chronischer Schmerzen,दीर्घकालिक दर्द से राहत के लिए एपिड्यूरल इंजेक्शन,慢性疼痛緩和のための硬膜外注射,Inyección epidural para el alivio del dolor crónico,Tiêm ngoài màng cứng để giảm đau mãn tính
epigastric hernia repair,إصلاح الفتق فوق المعدي,Reparatur einer epigastrischen Hernie,एपिगैस्ट्रिक हर्निया की मरम्मत,上腹部ヘルニア修復,reparación de hernia epigástrica,Phẫu thuật sửa chữa thoát vị thượng vị
epilepsy,الصرع,Epilepsie,मिरगी,てんかん,epilepsia,động kinh
epipen,إيبين,Epipen,कलम अधि,エピペン,Epipen,bút tiêm epinephrine
erectile dysfunction,الضعف الجنسي لدى الرجال,erektile Dysfunktion,स्तंभन दोष,勃起不全,disfunción eréctil,rối loạn cương dương
erectile dysfunction medicines,أدوية ضعف الانتصاب,Medikamente gegen erektile Dysfunktion,स्तंभन दोष की दवाएँ,勃起不全治療薬,medicamentos para la disfunción eréctil,thuốc điều trị rối loạn cương dương
erythema nodosum,الحمامى العقدية,Erythema nodosum,एरिथेमा नोडोसम,結節性紅斑,eritema nodoso,hồng ban nốt sần
erythromelalgia,احمرار الأطراف المؤلم,Erythromelalgie,एरिथ्रोमेलजिया,紅斑性肢痛,eritromelalgia,chứng đỏ da đầu chi
escript,نص إلكتروني,escript,स्क्रिप्ट,電子スクリプト,escript,kịch bản
essential tremor,الرعاش الأساسي,essentieller Tremor,आवश्यक कंपकंपी,本態性振戦,temblor esencial,run vô căn
etherapy,العلاج الإلكتروني,E-Therapie,ईथेरेपी,eセラピー,terapia electrónica,liệu pháp điện tử
excessive worry,قلق مفرط,übermäßige Sorgen,अत्यधिक चिंता,過度の心配,preocupación excesiva,lo lắng quá mức
excision biopsy of a breast lump,خزعة استئصالية لكتلة في الثدي,Exzisionsbiopsie eines Brustknotens,स्तन में गांठ की एक्सिशन बायोप्सी,乳房腫瘤の切除生検,Biopsia por escisión de un bulto en el seno,sinh thiết cắt bỏ khối u vú
excision of a ganglion,استئصال العقدة العصبية,Exzision eines Ganglions,एक गैंग्लियन का निष्कासन,神経節の切除,escisión de un ganglio,cắt bỏ hạch thần kinh
exercise,يمارس,Übung,व्यायाम,エクササイズ,ejercicio,bài tập
exercise and fitness,التمارين واللياقة البدنية,Bewegung und Fitness,व्यायाम और फिटनेस,運動とフィットネス,ejercicio y aptitud física,tập thể dục và thể hình
exercise and mental health,ممارسة الرياضة والصحة النفسية,Bewegung und psychische Gesundheit,व्यायाम और मानसिक स्वास्थ्य,運動とメンタルヘルス,ejercicio y salud mental,tập thể dục và sức khỏe tinh thần
exercise physiologist,أخصائي فسيولوجيا التمارين الرياضية,Sportphysiologe,व्यायाम शरीर क्रिया विज्ञानी,運動生理学者,fisiólogo del ejercicio,nhà sinh lý học thể dục
expired medicines,الأدوية منتهية الصلاحية,abgelaufene Medikamente,समाप्त हो चुकी दवाइयाँ,期限切れの医薬品,medicamentos caducados,thuốc hết hạn
expressing breast milk,شفط حليب الثدي,Abpumpen von Muttermilch,स्तन का दूध निकालना,母乳を搾乳する,extracción de leche materna,vắt sữa mẹ
external cardioversion,تقويم نظم القلب الخارجي,externe Kardioversion,बाह्य कार्डियोवर्जन,体外式除細動,cardioversión externa,chuyển nhịp tim ngoài lồng ngực
extreme weather,الطقس القاسي,extremes Wetter,चरम मौसम,異常気象,condiciones climáticas extremas,thời tiết khắc nghiệt
eye,عين,Auge,आँख,目,ojo,mắt 
eye cancer,سرطان العين,Augenkrebs,आंखों का कैंसर,眼がん,cáncer de ojo,ung thư mắt
eye care,العناية بالعيون,Augenpflege,आंख की देखभाल,眼科医療,cuidado de los ojos,chăm sóc mắt
eye discharge,إفرازات العين,Augenausfluss,आँखों से स्राव,目やに,secreción ocular,dịch tiết mắt
eye diseases and conditions,أمراض وحالات العيون,Augenkrankheiten und -zustände,आँखों के रोग और स्थितियाँ,眼疾患および眼の状態,enfermedades y afecciones oculares,các bệnh và tình trạng về mắt
eye floaters,عوائم العين,Glaskörpertrübungen,आंख फैलानेवाला,飛蚊症,moscas volantes,ruồi bay trước mắt
eye infections,التهابات العين,Augeninfektionen,आँखों के संक्रमण,眼感染症,infecciones oculares,nhiễm trùng mắt
eye strain,إجهاد العين,Augenbelastung,आंख पर जोर,眼精疲労,fatiga ocular,mỏi mắt
eye tests,فحوصات العين,Sehtests,नेत्र परीक्षण,眼科検査,pruebas de la vista,kiểm tra mắt
eye-health,صحة العين,Augengesundheit,नेत्र-स्वास्थ्य,目の健康,salud ocular,sức khỏe mắt
eyes,عيون,Augen,आँखें,目,ojos,mắt
fabry disease,مرض فابري,Fabry-Krankheit,फैब्री रोग,ファブリー病,enfermedad de Fabry,bệnh Fabry
face masks,أقنعة الوجه,Gesichtsmasken,चेहरे का मास्क,フェイスマスク,mascarillas faciales,khẩu trang
facelift,عملية شد الوجه,Facelift,नया रूप,フェイスリフト,lifting facial,nâng cơ mặt
facet joint injection,حقنة المفصل الوجيهي,Facettengelenksinjektion,फेसेट जॉइंट इंजेक्शन,椎間関節注射,inyección en la articulación facetaria,tiêm khớp liên mấu
facial bone fractures,كسور عظام الوجه,Gesichtsknochenbrüche,चेहरे की हड्डियों में फ्रैक्चर,顔面骨折,fracturas de huesos faciales,gãy xương mặt
facial droop,تدلي الوجه,Gesichtslähmung,चेहरे का झुकाव,顔のたるみ,caída facial,sụp mí mắt
facial injury,إصابة في الوجه,Gesichtsverletzung,चेहरे पर चोट,顔面外傷,lesión facial,chấn thương mặt
faecal incontinence,سلس البراز,Stuhlinkontinenz,मल असंयम,便失禁,incontinencia fecal,không kiểm soát được phân
falls,السقوط,Falls,फॉल्स,滝,cascadas,thác
family health history,التاريخ الصحي للعائلة,Familiengesundheitsgeschichte,पारिवारिक स्वास्थ्य इतिहास,家族の健康歴,antecedentes familiares de salud,tiền sử sức khỏe gia đình
family planning,تنظيم الأسرة,Familienplanung,परिवार नियोजन,家族計画,planificación familiar,kế hoạch hóa gia đình
farmer health,صحة المزارعين,Gesundheit der Landwirte,किसान स्वास्थ्य,農家の健康,salud del agricultor,sức khỏe nông dân
fasd,fasd,fasd,fasd,fasd,Fasd,fasd
fasting for tests,الصيام قبل الاختبارات,Fasten für Tests,परीक्षा के लिए उपवास,検査のための絶食,ayuno para pruebas,nhịn ăn để xét nghiệm
fat,سمين,fett,मोटा,脂肪,gordo,mập
fatigue,"formal: إعياء | informal: إرهاق شديد, تعب, خمول","formal: Fatigue | informal: Erschöpfung, Müdigkeit, Abgeschlagenheit","formal: थकान | informal: थकावट, कमजोरी, सुस्ती","formal: 疲労 | informal: 倦態感, お疲れ, 体がだるいこと","formal: fatiga | informal: agotamiento, cansancio, estar derrengado","formal: mệt mỏi | informal: kiệt sức, mệt rã rời, đuối sức"
fats,الدهون,Fette,वसा,脂肪,grasas,chất béo
fatty liver,الكبد الدهني,Fettleber,फैटी लीवर,脂肪肝,hígado graso,gan nhiễm mỡ
favism,الفافية,Favismus,फेविज़्म,ファビズム,favismo,bệnh thiếu máu tán huyết
febrile seizure,نوبة حمى,Fieberkrampf,बुखार के दौरे,熱性けいれん,convulsión febril,cơn co giật do sốt
feeding your newborn baby,إطعام طفلك حديث الولادة,Füttern Ihres Neugeborenen,अपने नवजात शिशु को दूध पिलाना,新生児に授乳する,alimentar a tu bebé recién nacido,cho trẻ sơ sinh ăn
feeling restless,الشعور بالأرق,Unruhegefühl,बेचैनी महसूस हो रही है,落ち着かない,sensación de inquietud,cảm thấy bồn chồn
feeling worthless,الشعور بانعدام القيمة,sich wertlos fühlen,बेकार महसूस करना,自分に価値がないと感じる,sentirse inútil,cảm thấy vô giá trị
female health,صحة المرأة,Frauengesundheit,महिला स्वास्थ्य,女性の健康,salud femenina,sức khỏe phụ nữ
female libido,الرغبة الجنسية لدى النساء,weibliche Libido,महिला कामेच्छा,女性の性欲,libido femenina,ham muốn tình dục nữ
female orgasm,النشوة الجنسية لدى المرأة,weiblicher Orgasmus,महिला ऑर्गेज्म,女性のオーガズム,orgasmo femenino,cực khoái nữ
female pattern hair loss,تساقط الشعر النمطي لدى النساء,weiblicher Haarausfall,महिलाओं में होने वाला बालों का झड़ना,女性型脱毛症,alopecia femenina,rụng tóc theo kiểu nữ
female reproductive system,الجهاز التناسلي الأنثوي,weibliches Fortpflanzungssystem,महिला प्रजनन प्रणाली,女性生殖器系,sistema reproductor femenino,hệ sinh sản nữ
female sexual problems,المشاكل الجنسية لدى النساء,weibliche Sexualprobleme,महिलाओं की यौन समस्याएं,女性の性的な問題,problemas sexuales femeninos,các vấn đề tình dục ở nữ giới
female sterilisation,تعقيم الإناث,Sterilisation der Frau,महिला बंध्याकरण,女性の不妊手術,esterilización femenina,triệt sản nữ
femoral hernia repair,إصلاح الفتق الفخذي,Femoralhernienreparatur,फीमोरल हर्निया की मरम्मत,大腿ヘルニア修復,reparación de hernia femoral,phẫu thuật sửa chữa thoát vị đùi
fentanyl,الفنتانيل,Fentanyl,फेंटानिल,フェンタニル,fentanilo,fentanyl
fertility awareness,الوعي بالخصوبة,Fruchtbarkeitsbewusstsein,प्रजनन जागरूकता,妊孕性認識,conocimiento de la fertilidad,nhận thức về khả năng sinh sản
fetal alcohol spectrum disorder,اضطرابات طيف الكحول الجنيني,fetale Alkoholspektrumstörung,भ्रूण अल्कोहल स्पेक्ट्रम विकार,胎児性アルコールスペクトラム障害,trastorno del espectro alcohólico fetal,rối loạn phổ rượu bào thai
fever in babies and children,الحمى عند الرضع والأطفال,Fieber bei Säuglingen und Kindern,शिशुओं और बच्चों में बुखार,乳幼児の発熱,fiebre en bebés y niños,sốt ở trẻ sơ sinh và trẻ em
fever in children,الحمى عند الأطفال,Fieber bei Kindern,बच्चों में बुखार,小児の発熱,fiebre en niños,sốt ở trẻ em
fibre,الفيبر,Faser,फाइबर,ファイバ,fibra,sợi
fibroids,الأورام الليفية,Myome,फाइब्रॉएड,子宮筋腫,fibromas,u xơ tử cung
fibromyalgia,الألم العضلي الليفي,Fibromyalgie,fibromyalgia,線維筋痛症,fibromialgia,hội chứng đau cơ xơ hóa
fifth disease,المرض الخامس,fünfte Krankheit,पांचवा रोग,第五の病気,quinta enfermedad,bệnh thứ năm
fillings,الحشوات,Füllungen,भराई,詰め物,empastes,trám răng
financial stress,الضغوط المالية,finanzieller Stress,वित्तीय तनाव,経済的ストレス,estrés financiero,áp lực tài chính
financial support during long-term illness,الدعم المالي أثناء المرض طويل الأمد,finanzielle Unterstützung bei Langzeiterkrankung,दीर्घकालीन बीमारी के दौरान वित्तीय सहायता,長期療養中の経済的支援,apoyo financiero durante una enfermedad prolongada,Hỗ trợ tài chính trong thời gian ốm đau dài hạn
finding the right health professional,إيجاد أخصائي الرعاية الصحية المناسب,den richtigen Gesundheitsexperten finden,सही स्वास्थ्य पेशेवर को ढूंढना,適切な医療専門家を見つける,encontrar al profesional de la salud adecuado,tìm kiếm chuyên gia y tế phù hợp
fire safety in your home,السلامة من الحرائق في منزلك,Brandschutz in Ihrem Zuhause,आपके घर में अग्नि सुरक्षा,ご自宅での火災安全対策,seguridad contra incendios en su hogar,an toàn phòng cháy chữa cháy trong nhà bạn
first aid advice,نصائح الإسعافات الأولية,Erste-Hilfe-Tipps,प्राथमिक उपचार संबंधी सलाह,応急処置に関するアドバイス,consejos de primeros auxilios,lời khuyên sơ cứu
first aid basics,أساسيات الإسعافات الأولية,Grundlagen der Ersten Hilfe,प्राथमिक चिकित्सा की मूल बातें,応急処置の基礎知識,conceptos básicos de primeros auxilios,những kiến ​​thức sơ cứu cơ bản
first aid kits,حقائب الإسعافات الأولية,Erste-Hilfe-Sets,प्राथमिक चिकित्सा किट,救急箱,botiquines de primeros auxilios,bộ sơ cứu
fitness,لياقة بدنية,Fitness,उपयुक्तता,フィットネス,aptitud física,sự thích hợp
fitness and exercise,اللياقة البدنية والتمارين الرياضية,Fitness und Bewegung,फिटनेस और व्यायाम,フィットネスとエクササイズ,aptitud física y ejercicio,thể dục và tập luyện
flat feet,القدم المسطحة,Plattfüße,सपाट पैर,扁平足,pies planos,bàn chân phẳng
flatulence,انتفاخ البطن,Blähung,पेट फूलना,鼓腸,flatulencia,đầy hơi
flexible cystoscopy,تنظير المثانة المرن,flexible Zystoskopie,लचीली सिस्टोस्कोपी,軟性膀胱鏡検査,cistoscopia flexible,nội soi bàng quang mềm
flexible sigmoidoscopy,تنظير القولون السيني المرن,flexible Sigmoidoskopie,लचीली सिग्मोइडोस्कोपी,フレキシブルS状結腸鏡検査,sigmoidoscopia flexible,nội soi đại tràng sigma mềm
floods and cyclone health risks,مخاطر الفيضانات والأعاصير على الصحة,Gesundheitsrisiken durch Überschwemmungen und Zyklone,बाढ़ और चक्रवात से होने वाले स्वास्थ्य जोखिम,洪水とサイクロンによる健康リスク,riesgos para la salud derivados de inundaciones y ciclones,rủi ro về sức khỏe do lũ lụt và lốc xoáy
floods and cyclones health and safety,الصحة والسلامة في حالات الفيضانات والأعاصير,Gesundheit und Sicherheit bei Überschwemmungen und Zyklonen,"बाढ़ और चक्रवात, स्वास्थ्य और सुरक्षा",洪水とサイクロンにおける健康と安全,Inundaciones y ciclones: salud y seguridad,"lũ lụt và lốc xoáy, sức khỏe và an toàn"
flu and colds,الإنفلونزا ونزلات البرد,Grippe und Erkältungen,फ्लू और सर्दी,インフルエンザと風邪,gripe y resfriados,cúm và cảm lạnh
flu and colds during pregnancy and breastfeeding,الإنفلونزا ونزلات البرد أثناء الحمل والرضاعة الطبيعية,Grippe und Erkältungen während Schwangerschaft und Stillzeit,गर्भावस्था और स्तनपान के दौरान फ्लू और सर्दी-जुकाम,妊娠中および授乳中のインフルエンザと風邪,gripe y resfriados durante el embarazo y la lactancia,cảm cúm và cảm lạnh trong thời kỳ mang thai và cho con bú
flu prevention tips,نصائح للوقاية من الإنفلونزا,Tipps zur Grippeprävention,फ्लू से बचाव के सुझाव,インフルエンザ予防のヒント,Consejos para prevenir la gripe,Mẹo phòng ngừa cúm
flu vaccine faqs,الأسئلة الشائعة حول لقاح الإنفلونزا,Grippeimpfung – Häufig gestellte Fragen,फ्लू वैक्सीन से संबंधित अक्सर पूछे जाने वाले प्रश्न,インフルエンザワクチンに関するよくある質問,Preguntas frecuentes sobre la vacuna contra la gripe,Câu hỏi thường gặp về vắc-xin cúm
fluid from the ear,سائل من الأذن,Flüssigkeit aus dem Ohr,कान से तरल पदार्थ,耳からの液体,líquido del oído,dịch từ tai
folate,حمض الفوليك,Folsäure,फोलेट,葉酸,folato,folate
folate test,اختبار حمض الفوليك,Folsäuretest,फोलेट परीक्षण,葉酸検査,prueba de folato,xét nghiệm folate
follicle stimulating hormone,الهرمون المنبه للجريب,Follikelstimulierendes Hormon,कूप उत्तेजक हार्मोन,卵胞刺激ホルモン,hormona folículo estimulante,hormone kích thích nang trứng
folliculitis,التهاب الجريبات,Follikulitis,लोम,毛包炎,foliculitis,viêm nang lông
food,طعام,Essen,खाना,食べ物,alimento,đồ ăn
food allergies,الحساسية الغذائية,Lebensmittelallergien,खाद्य प्रत्युर्जता,食物アレルギー,alergias alimentarias,dị ứng thực phẩm
food groups,المجموعات الغذائية,Lebensmittelgruppen,खाद्य समूह,食品群,grupos de alimentos,nhóm thực phẩm
food intolerance and testing,عدم تحمل الطعام والاختبارات,Nahrungsmittelunverträglichkeit und Tests,खाद्य असहिष्णुता और परीक्षण,食物不耐性と検査,Intolerancia alimentaria y pruebas,không dung nạp thực phẩm và xét nghiệm
food labels,ملصقات الطعام,Lebensmittelkennzeichnungen,खाद्य लेबल,食品ラベル,etiquetas de alimentos,nhãn thực phẩm
food poisoning,التسمم الغذائي,Lebensmittelvergiftung,विषाक्त भोजन,食中毒,intoxicación alimentaria,ngộ độc thực phẩm
food safety,سلامة الغذاء,Lebensmittelsicherheit,खाद्य सुरक्षा,食品安全,seguridad alimentaria,an toàn thực phẩm
food safety guide,دليل سلامة الغذاء,Leitfaden zur Lebensmittelsicherheit,खाद्य सुरक्षा मार्गदर्शिका,食品安全ガイド,guía de seguridad alimentaria,hướng dẫn an toàn thực phẩm
foods high in iodine,الأطعمة الغنية باليود,jodreiche Lebensmittel,आयोडीन से भरपूर खाद्य पदार्थ,ヨウ素を多く含む食品,alimentos ricos en yodo,thực phẩm giàu iốt
foods high in iron,أطعمة غنية بالحديد,eisenreiche Lebensmittel,आयरन से भरपूर खाद्य पदार्थ,鉄分を多く含む食品,alimentos ricos en hierro,thực phẩm giàu chất sắt
foods high in magnesium,أطعمة غنية بالمغنيسيوم,magnesiumreiche Lebensmittel,मैग्नीशियम से भरपूर खाद्य पदार्थ,マグネシウムを多く含む食品,alimentos ricos en magnesio,thực phẩm giàu magie
foods high in potassium,أطعمة غنية بالبوتاسيوم,kaliumreiche Lebensmittel,पोटेशियम से भरपूर खाद्य पदार्थ,カリウムを多く含む食品,alimentos ricos en potasio,thực phẩm giàu kali
foods high in zinc,أطعمة غنية بالزنك,zinkreiche Lebensmittel,जस्ता से भरपूर खाद्य पदार्थ,亜鉛を多く含む食品,alimentos ricos en zinc,thực phẩm giàu kẽm
foot care,العناية بالقدمين,Fußpflege,पांव की देखभाल,フットケア,cuidado de los pies,chăm sóc bàn chân
foot fracture,كسر في القدم,Fußfraktur,पैर में फ्रैक्चर,足の骨折,fractura de pie,gãy xương bàn chân
fractures,الكسور,Frakturen,भंग,骨折,fracturas,gãy xương
fragile x syndrome,متلازمة إكس الهشة,Fragiles-X-Syndrom,नाजुक एक्स सिंड्रोम,脆弱X症候群,síndrome del cromosoma X frágil,hội chứng nhiễm sắc thể X dễ vỡ
frequent urination,كثرة التبول,häufiges Wasserlassen,जल्दी पेशाब आना,頻尿,micción frecuente,đi tiểu thường xuyên
frontotemporal dementia,الخرف الجبهي الصدغي,frontotemporale Demenz,फ्रंटोटेम्पोरल मनोभ्रंश,前頭側頭型認知症,demencia frontotemporal,chứng mất trí nhớ thùy trán thái dương
frostbite,قضمة الصقيع,Erfrierung,शीतदंश,凍傷,congelación,tê cóng
frozen shoulder,الكتف المتجمد,Schultersteife,जमे हुए कंधे,五十肩,hombro congelado,vai đông cứng
full blood count,تعداد الدم الكامل,vollständiges Blutbild,पूर्ण रक्त गणना,全血球数,hemograma completo,xét nghiệm máu toàn phần
fungal infections,العدوى الفطرية,Pilzinfektionen,कवकीय संक्रमण,真菌感染症,infecciones por hongos,nhiễm trùng nấm
gallstones,حصى المرارة,Gallensteine,पित्ताशय की पथरी,胆石,cálculos biliares,sỏi mật
gambling addiction,إدمان القمار,Spielsucht,जुए की लत,ギャンブル依存症,adicción al juego,nghiện cờ bạc
ganglion cyst,كيسة عقدية,Ganglionzyste,नाड़ीग्रन्थि पुटी,ガングリオン嚢胞,quiste ganglionar,u nang hạch
garcinia cambogia,غارسينيا كامبوجيا,Garcinia Cambogia,गार्सिनिया कैंबोगिया,ガルシニアカンボジア,garcinia cambogia,garcinia cambogia
gardnerella,غاردنريلا,Gardnerella,गर्द्नेरेल्ला,ガードネレラ,gardnerella,gardnerella
gastric bypass,تحويل مسار المعدة,Magenbypass,गैस्ट्रिक बाईपास,胃バイパス,bypass gástrico,phẫu thuật nối tắt dạ dày
gastric sleeve surgery,جراحة تكميم المعدة,Schlauchmagenoperation,गैस्ट्रिक स्लीव सर्जरी,胃スリーブ手術,cirugía de manga gástrica,phẫu thuật cắt bỏ một phần dạ dày
gastritis,التهاب المعدة,Gastritis,gastritis,胃炎,gastritis,viêm dạ dày
gastritis medicines,أدوية التهاب المعدة,Medikamente gegen Gastritis,गैस्ट्राइटिस की दवाइयाँ,胃炎の薬,medicamentos para la gastritis,thuốc trị viêm dạ dày
gastro intestinal illnesses,أمراض الجهاز الهضمي,Magen-Darm-Erkrankungen,आंत्र संबंधी बीमारियाँ,胃腸疾患,enfermedades gastrointestinales,bệnh lý đường tiêu hóa
gastrointestinal bleeding,نزيف الجهاز الهضمي,gastrointestinale Blutungen,गैस्ट्रोइंटेस्टाइनल रक्तस्राव,消化管出血,hemorragia gastrointestinal,xuất huyết đường tiêu hóa
gastroparesis,خزل المعدة,Gastroparese,gastroparesis,胃不全麻痺,gastroparesia,liệt dạ dày
gastroscopy,التنظير المعدي,Gastroskopie,गैस्ट्रोस्कोपी,胃内視鏡検査,gastroscopia,nội soi dạ dày
gender affirming surgery,جراحة تأكيد الجنس,geschlechtsangleichende Operation,लिंग पुष्टि सर्जरी,性別適合手術,cirugía de afirmación de género,phẫu thuật chuyển đổi giới tính
gender incongruence,عدم التوافق بين الجنسين,Geschlechtsinkongruenz,लिंग असंगति,性別不一致,incongruencia de género,sự không phù hợp về giới tính
general anaesthetic,التخدير العام,Vollnarkose,जनरल एनेस्थेटिक,全身麻酔,anestesia general,gây mê toàn thân
generalised anxiety disorder,اضطراب القلق العام,generalisierte Angststörung,सामान्यीकृत चिंता विकार,全般性不安障害,trastorno de ansiedad generalizada,rối loạn lo âu lan tỏa
generic vs. brand-name medicines,الأدوية الجنيسة مقابل الأدوية ذات العلامات التجارية,Generika vs. Markenmedikamente,जेनेरिक बनाम ब्रांडेड दवाएं,ジェネリック医薬品とブランド医薬品,Medicamentos genéricos frente a medicamentos de marca,thuốc gốc so với thuốc biệt dược
genetic disorders,الاضطرابات الوراثية,genetische Störungen,आनुवंशिक विकार,遺伝性疾患,trastornos genéticos,rối loạn di truyền
genetic disorders guide,دليل الاضطرابات الوراثية,Leitfaden zu genetischen Erkrankungen,आनुवंशिक विकार मार्गदर्शिका,遺伝性疾患ガイド,guía sobre trastornos genéticos,hướng dẫn về rối loạn di truyền
genetic testing,الاختبارات الجينية,Gentests,आनुवंशिक परीक्षण,遺伝子検査,pruebas genéticas,xét nghiệm di truyền
genital herpes,الهربس التناسلي,Genitalherpes,जननांग परिसर्प,性器ヘルペス,herpes genital,mụn rộp sinh dục
genital thrush in males,داء المبيضات التناسلي عند الذكور,Genitalpilz bei Männern,पुरुषों में जननांग थ्रश,男性の性器カンジダ症,candidiasis genital en varones,bệnh nấm sinh dục ở nam giới
genital warts,الثآليل التناسلية,Genitalwarzen,जननांग मस्सा,性器いぼ,verrugas genitales,mụn cóc sinh dục
geriatrician,طبيب متخصص في طب الشيخوخة,Geriater,जराचिकित्सक,老年医学専門医,geriatra,bác sĩ lão khoa
german measles,الحصبة الألمانية,Röteln,जर्मन खसरा,風疹,sarampión alemán,bệnh sởi Đức
gestational diabetes,سكري الحمل,Schwangerschaftsdiabetes,गर्भावस्थाजन्य मधुमेह,妊娠糖尿病,diabetes gestacional,tiểu đường thai kỳ
getting active,النشاط البدني,aktiv werden,सक्रिय होना,アクティブになる,ponerse en actividad,trở nên năng động
getting the most out of your pharmacist,تحقيق أقصى استفادة من خدمات الصيدلي,So holen Sie das Beste aus Ihrem Apotheker heraus,अपने फार्मासिस्ट से अधिकतम लाभ प्राप्त करना,薬剤師を最大限に活用する方法,Cómo sacar el máximo provecho de su farmacéutico,Tận dụng tối đa dịch vụ dược sĩ của bạn
ghb,غاما هيدروكسي بوتيرات,ghb,जीएचबी,ghb,ghb,ghb
giardiasis,داء الجيارديات,Giardiasis,गियार्डियासिस,ジアルジア症,giardiasis,bệnh giardia
gigantism,العملقة,Gigantismus,gigantism,巨人症,gigantismo,bệnh khổng lồ
gilbert's syndrome,متلازمة جيلبرت,Gilbert-Syndrom,गिल्बर्ट सिंड्रोम,ギルバート症候群,síndrome de Gilbert,hội chứng Gilbert
gingivitis,"formal: التهاب اللثة | informal: مرض اللثة, لثة منتفخة, مرض في اللثة","formal: Gingivitis | informal: Zahnfleischentzündung, geschwollenes Zahnfleisch","formal: मसूड़े की सूजन | informal: मसूड़ों की बीमारी, सूजे हुए मसूड़े, मसूड़े का रोग","formal: 歯肉炎 | informal: 歯周病, 歯茎の腫れ","formal: gingivitis | informal: enfermedad de las encías, encías inflamadas","formal: viêm nướu | informal: sưng nướu, chảy máu chân răng, bệnh về nướu"
giving birth - contractions,الولادة - الانقباضات,Geburt - Wehen,प्रसव - संकुचन,出産 - 陣痛,dar a luz - contracciones,sinh nở - các cơn co thắt
glandular fever,الحمى الغدية,Pfeiffersches Drüsenfieber,ग्रंथी वाला बुखार,伝染性単核球症,fiebre glandular,sốt tuyến
glaucoma,الجلوكوما,Glaukom,ग्लूकोमा,緑内障,glaucoma,bệnh tăng nhãn áp
glaucoma surgery,جراحة الجلوكوما,Glaukomoperation,ग्लूकोमा सर्जरी,緑内障手術,cirugía de glaucoma,phẫu thuật điều trị bệnh tăng nhãn áp
gliomas in children,الأورام الدبقية عند الأطفال,Gliome bei Kindern,बच्चों में ग्लियोमा,小児の神経膠腫,gliomas en niños,u thần kinh đệm ở trẻ em
glossary,مسرد المصطلحات,Glossar,शब्दकोष,用語集,glosario,bảng thuật ngữ
glue ear,التهاب الأذن الوسطى,Kleberohr,गोंद कान,耳垢栓塞,oído serogénico,tai dính
gluten-free diet,نظام غذائي خالٍ من الغلوتين,glutenfreie Ernährung,ग्लूटेन-मुक्त आहार,グルテンフリーダイエット,dieta sin gluten,chế độ ăn không chứa gluten
glycaemic index,مؤشر نسبة السكر في الدم,glykämischer Index,ग्लाइसेमिक सूचकांक,血糖指数,índice glucémico,chỉ số đường huyết
goal setting,تحديد الأهداف,Zielsetzung,लक्ष्य की स्थापना,目標設定,establecimiento de objetivos,thiết lập mục tiêu
going home from hospital,العودة إلى المنزل من المستشفى,Entlassung aus dem Krankenhaus,अस्पताल से घर जा रहे हैं,病院から帰宅する,Regreso a casa desde el hospital.,xuất viện về nhà
goitre,تضخم الغدة الدرقية,Kropf,गण्डमाला,甲状腺腫,coto,bướu cổ
gonorrhoea,السيلان,Tripper,सूजाक,淋病,gonorrea,bệnh lậu
good mental health,الصحة النفسية الجيدة,gute psychische Gesundheit,अच्छा मानसिक स्वास्थ्य,良好な精神状態,buena salud mental,sức khỏe tinh thần tốt
gord,جورد,Gord,गॉर्ड,ゴード,Gord,quả bầu
gout,النقرس,Gicht,गाउट,痛風,gota,bệnh gout
gout medication,دواء النقرس,Gichtmedikamente,गाउट की दवा,痛風治療薬,medicamentos para la gota,thuốc trị bệnh gút
gp,طبيب عام,Hausarzt,जीपी,gp,médico de cabecera,bác sĩ gia đình
gp urgent care,رعاية طبية عاجلة من طبيب عام,Hausarzt-Notfallambulanz,सामान्य चिकित्सक आपातकालीन देखभाल,かかりつけ医の緊急診療,atención de urgencias del médico de cabecera,bác sĩ đa khoa chăm sóc khẩn cấp
granuloma,الورم الحبيبي,Granulom,ग्रेन्युलोमा,肉芽腫,granuloma,u hạt
grass allergy,حساسية العشب,Gräserallergie,घास से एलर्जी,草アレルギー,alergia al césped,dị ứng cỏ
graves' disease,مرض جريفز,Morbus Basedow,कब्र रोग,バセドウ病,enfermedad de Graves,bệnh Graves
grazes,الرعي,Weiden,चराता,かじりつく,pastorea,chăn thả
greater trochanteric pain syndrome,متلازمة ألم المدور الكبير,Schmerzsyndrom des Trochanter major,ग्रेटर ट्रोकेन्टेरिक दर्द सिंड्रोम,大転子痛症候群,síndrome de dolor trocantérico mayor,hội chứng đau mấu chuyển lớn
grief,حزن,Kummer,दु: ख,悲しみ,dolor,nỗi đau buồn
grief before death,الحزن قبل الموت,Trauer vor dem Tod,मृत्यु से पहले का शोक,死に先立つ悲しみ,duelo antes de la muerte,nỗi đau buồn trước khi chết
groin irritation and infection,تهيج والتهاب منطقة الفخذ,Reizung und Infektion im Leistenbereich,जांघों में जलन और संक्रमण,鼠径部の炎症と感染症,Irritación e infección en la ingle,kích ứng và nhiễm trùng vùng bẹn
groin pain or swelling,ألم أو تورم في منطقة الفخذ,Schmerzen oder Schwellung in der Leistengegend,कमर में दर्द या सूजन,鼠径部の痛みまたは腫れ,dolor o hinchazón en la ingle,Đau hoặc sưng háng
grommets,حلقات تثبيت,Ösen,ग्रोमेट्स,ハトメ,ojales,khoen
group a streptococcal infection,عدوى المكورات العقدية من المجموعة أ,Gruppe-A-Streptokokkeninfektion,समूह ए स्ट्रेप्टोकोकल संक्रमण,A群連鎖球菌感染症,infección estreptocócica del grupo A,nhiễm trùng liên cầu khuẩn nhóm A
group b streptococcal infection,عدوى المكورات العقدية من المجموعة ب,Infektion mit Streptokokken der Gruppe B,समूह बी स्ट्रेप्टोकोकल संक्रमण,B群連鎖球菌感染症,infección por estreptococo del grupo B,nhiễm trùng liên cầu khuẩn nhóm B
group exercise,تمرين جماعي,Gruppenübung,समूह अभ्यास,グループエクササイズ,ejercicio en grupo,bài tập nhóm
growth disorders,اضطرابات النمو,Wachstumsstörungen,विकास संबंधी विकार,成長障害,trastornos del crecimiento,rối loạn tăng trưởng
guide dogs,كلاب الإرشاد,Blindenhunde,गाइड कुत्तों,盲導犬,perros guía,chó dẫn đường
guide to cosmetic surgery,دليل جراحة التجميل,Leitfaden zur Schönheitschirurgie,कॉस्मेटिक सर्जरी के लिए गाइड,美容整形ガイド,Guía de cirugía estética,hướng dẫn về phẫu thuật thẩm mỹ
guide to dental procedures,دليل إجراءات طب الأسنان,Leitfaden zu zahnärztlichen Eingriffen,दंत चिकित्सा प्रक्रियाओं के लिए मार्गदर्शिका,歯科処置ガイド,guía de procedimientos dentales,hướng dẫn về các thủ thuật nha khoa
guillain-barre syndrome,متلازمة غيلان باريه,Guillain-Barré-Syndrom,गिलियन-बैरे सिंड्रोम,ギランバレー症候群,síndrome de Guillain-Barré,hội chứng Guillain-Barré
gut health,صحة الأمعاء,Darmgesundheit,आंतों का स्वास्थ्य,腸内環境,salud intestinal,sức khỏe đường ruột
gut pain,ألم في المعدة,Bauchschmerzen,पेट में दर्द,腹痛,dolor de estómago,đau bụng
gynaecologist,طبيب نسائي,Gynäkologe,प्रसूतिशास्री,婦人科医,ginecólogo,bác sĩ phụ khoa
gynaecomastia,التثدي,Gynäkomastie,गाइनेकोमैस्टिया,女性化乳房,ginecomastia,chứng vú to ở nam giới
gynaecomastia surgery,جراحة التثدي,Gynäkomastie-Operation,गाइनेकोमास्टिया सर्जरी,女性化乳房手術,cirugía de ginecomastia,phẫu thuật điều trị chứng vú to ở nam giới
haemochromatosis,داء ترسب الأصبغة الدموية,Hämochromatose,हीमोक्रोमैटोसिस,ヘモクロマトーシス,hemocromatosis,bệnh nhiễm sắc tố sắt
haemolytic uraemic syndrome,متلازمة انحلال الدم اليوريمي,hämolytisch-urämisches Syndrom,हीमोलिटिक यूरेमिक सिंड्रोम,溶血性尿毒症症候群,síndrome urémico hemolítico,hội chứng tan máu urê huyết
haemophilia,الهيموفيليا,Hämophilie,हीमोफीलिया,血友病,hemofilia,bệnh máu khó đông
haemophilus influenzae type b,المستدمية النزلية من النوع ب,Haemophilus influenzae Typ b,हीमोफिलस इन्फ्लुएंजा टाइप बी,インフルエンザ菌b型,Haemophilus influenzae tipo b,Haemophilus influenzae loại b
haemoptysis,نفث الدم,Hämoptyse,हेमोटाईसिस,喀血,hemoptisis,ho ra máu
haemorrhoidectomy,استئصال البواسير,Hämorrhoidektomie,बवासीर का ऑपरेशन,痔核切除術,hemorroidectomía,phẫu thuật cắt bỏ trĩ
haemorrhoids,البواسير,Hämorrhoiden,अर्श,痔,hemorroides,bệnh trĩ
hair problems,مشاكل الشعر,Haarprobleme,बालों की समस्याएं,髪の悩み,problemas capilares,các vấn đề về tóc
hair transplant,زراعة الشعر,Haartransplantation,बाल प्रत्यारोपण,植毛,trasplante de cabello,cấy ghép tóc
hairloss,تساقط الشعر,Haarausfall,बालों का झड़ना,脱毛,pérdida de cabello,rụng tóc
halitosis,رائحة الفم الكريهة,Mundgeruch,मुंह से दुर्गंध,口臭,halitosis,hôi miệng
hallucination,هلوسة,Halluzination,माया,幻覚,alucinación,ảo giác
hand and finger fractures,كسور في اليد والأصابع,Hand- und Fingerfrakturen,हाथ और उंगलियों में फ्रैक्चर,手と指の骨折,fracturas de manos y dedos,gãy xương bàn tay và ngón tay
hand foot and mouth disease,مرض اليد والقدم والفم,Hand-Fuß-Mund-Krankheit,हाथ पैर और मुंह की बीमारी,手足口病,"enfermedad de manos, pies y boca",bệnh tay chân miệng
hand washing,غسل اليدين,Händewaschen,हाथ धोना,手洗い,lavarse las manos,rửa tay
hansen’s disease,مرض هانسن,Hansen-Krankheit,हैनसेन रोग,ハンセン病,enfermedad de Hansen,bệnh phong
hashimoto's disease,مرض هاشيموتو,Hashimoto-Krankheit,हाशिमोटो रोग,橋本病,enfermedad de Hashimoto,bệnh Hashimoto
hba1c test,اختبار الهيموجلوبين السكري (HbA1c),HbA1c-Test,एचबीए1सी परीक्षण,HbA1c検査,prueba de hbA1c,xét nghiệm hba1c
hcg levels,مستويات هرمون الحمل,hCG-Spiegel,एचसीजी स्तर,hCGレベル,niveles de hCG,nồng độ hCG
hcg test,اختبار هرمون الحمل,hCG-Test,एचसीजी परीक्षण,hCG検査,prueba de hCG,xét nghiệm hCG
head injuries,إصابات الرأس,Kopfverletzungen,सिर की चोटें,頭部外傷,lesiones en la cabeza,chấn thương đầu
head lice,قمل الرأس,Kopfläuse,सिर की जूं,アタマジラミ,piojos,chấy trên đầu
headaches,الصداع,Kopfschmerzen,सिर दर्द,頭痛,dolores de cabeza,đau đầu
health checks,الفحوصات الصحية,Gesundheitschecks,स्वास्थ्य जांच,健康診断,controles de salud,kiểm tra sức khỏe
health checks for women,الفحوصات الصحية للنساء,Gesundheitschecks für Frauen,महिलाओं के लिए स्वास्थ्य जांच,女性のための健康診断,revisiones médicas para mujeres,khám sức khỏe cho phụ nữ
health insurance,التأمين الصحي,Krankenversicherung,स्वास्थ्य बीमा,健康保険,seguro médico,bảo hiểm y tế
health problems present from birth,مشاكل صحية موجودة منذ الولادة,"Gesundheitliche Probleme, die von Geburt an vorhanden sind",जन्म से मौजूद स्वास्थ्य समस्याएं,出生時から存在する健康問題,problemas de salud presentes desde el nacimiento,các vấn đề sức khỏe xuất hiện từ khi sinh ra
health risks after a cyclone or flood,المخاطر الصحية بعد الإعصار أو الفيضان,Gesundheitsrisiken nach einem Zyklon oder einer Überschwemmung,चक्रवात या बाढ़ के बाद स्वास्थ्य संबंधी जोखिम,サイクロンや洪水後の健康リスク,riesgos para la salud después de un ciclón o inundación,rủi ro về sức khỏe sau bão hoặc lũ lụt
healthcare,الرعاية الصحية,Gesundheitspflege,स्वास्थ्य देखभाल,健康管理,cuidado de la salud,chăm sóc sức khỏe
healthcare professionals,متخصصو الرعاية الصحية,Fachkräfte im Gesundheitswesen,स्वास्थ्य देखभाल पेशे,医療従事者,profesionales de la salud,các chuyên gia chăm sóc sức khỏe
healthcare rights,حقوق الرعاية الصحية,Gesundheitsrechte,स्वास्थ्य देखभाल अधिकार,医療を受ける権利,derechos de atención médica,quyền chăm sóc sức khỏe
healthcare services,خدمات الرعاية الصحية,Gesundheitsdienstleistungen,स्वास्थ्य सेवाएँ,医療サービス,servicios de atención médica,dịch vụ chăm sóc sức khỏe
healthy and active children,أطفال أصحاء ونشطون,gesunde und aktive Kinder,स्वस्थ और सक्रिय बच्चे,健康で活発な子供たち,niños sanos y activos,trẻ em khỏe mạnh và năng động
healthy blood pressure,ضغط دم صحي,gesunder Blutdruck,स्वस्थ रक्तचाप,健康な血圧,presión arterial saludable,huyết áp khỏe mạnh
healthy bones,عظام صحية,gesunde Knochen,स्वस्थ हड्डियाँ,健康な骨,huesos sanos,xương chắc khỏe
healthy eating,تناول طعام صحي,gesunde Ernährung,पौष्टिक भोजन,健康的な食事,alimentación saludable,ăn uống lành mạnh
healthy eating for children,التغذية الصحية للأطفال,gesunde Ernährung für Kinder,बच्चों के लिए स्वस्थ आहार,子供のための健康的な食事,alimentación saludable para niños,chế độ ăn uống lành mạnh cho trẻ em
healthy food swaps,بدائل غذائية صحية,gesunde Lebensmittelalternativen,स्वस्थ खाद्य पदार्थों के विकल्प,健康的な食品への置き換え,sustituciones de alimentos saludables,những lựa chọn thay thế thực phẩm lành mạnh
healthy habits,عادات صحية,gesunde Gewohnheiten,स्वस्थ आदते,健康的な習慣,hábitos saludables,thói quen lành mạnh
healthy heart diet,نظام غذائي صحي للقلب,herzgesunde Ernährung,स्वस्थ हृदय आहार,心臓の健康に良い食事,dieta saludable para el corazón,chế độ ăn tốt cho tim mạch
healthy holiday tips,نصائح صحية لقضاء العطلات,Tipps für einen gesunden Urlaub,स्वस्थ छुट्टियों के लिए सुझाव,健康的な休暇のヒント,Consejos para unas vacaciones saludables,mẹo nghỉ lễ lành mạnh
healthy lifestyle,نمط حياة صحي,gesunder Lebensstil,स्वस्थ जीवन शैली,健康的なライフスタイル,estilo de vida saludable,lối sống lành mạnh
hearing aids,أجهزة السمع,Hörgeräte,कान की मशीन,補聴器,audífonos,máy trợ thính
hearing loss,فقدان السمع,Hörverlust,बहरापन,難聴,pérdida de audición,mất thính lực
hearing tests,اختبارات السمع,Hörtests,श्रवण परीक्षण,聴力検査,pruebas de audición,kiểm tra thính lực
heart,قلب,Herz,दिल,心臓,corazón,trái tim
heart and cardiovascular conditions,أمراض القلب والأوعية الدموية,Herz- und Kreislauferkrankungen,हृदय और हृदय संबंधी स्थितियां,心臓および循環器系の疾患,afecciones cardíacas y cardiovasculares,bệnh tim và các bệnh lý tim mạch
heart attack symptoms - differences in males and females,أعراض النوبة القلبية - الاختلافات بين الذكور والإناث,Herzinfarktsymptome – Unterschiede zwischen Männern und Frauen,दिल के दौरे के लक्षण - पुरुषों और महिलाओं में अंतर,心臓発作の症状 ― 男女間の違い,Síntomas de un ataque cardíaco: diferencias entre hombres y mujeres,Triệu chứng đau tim - sự khác biệt giữa nam và nữ
heart failure,سكتة قلبية,Herzinsuffizienz,दिल की धड़कन रुकना,心不全,insuficiencia cardiaca,suy tim
heart murmur,نفخة قلبية,Herzgeräusch,दिल की असामान्य ध्वनि,心雑音,soplo cardíaco,tiếng thổi tim
heart palpitations,خفقان القلب,Herzklopfen,हृदय की धड़कन,動悸,palpitaciones cardíacas,tim đập nhanh
heart surgery,جراحة القلب,Herzoperation,ह्रदय शल्य चिकित्सा,心臓手術,cirugía cardíaca,phẫu thuật tim
heart transplants,عمليات زرع القلب,Herztransplantationen,हृदय प्रत्यारोपण,心臓移植,trasplantes de corazón,ghép tim
heart valve disease,مرض صمامات القلب,Herzklappenerkrankung,हृदय वाल्व रोग,心臓弁膜症,enfermedad de las válvulas cardíacas,bệnh van tim
heat rash,طفح حراري,Hitzepickel,गर्मी से होने वाले दाने,あせも,sarpullido por calor,phát ban do nhiệt
heat related illness,الأمراض ذات الصلة,hitzebedingte Erkrankungen,गर्मी से संबंधित बीमारी,熱中症,enfermedades relacionadas con el calor,bệnh liên quan đến nhiệt
heat stroke,ضربة الشمس,Hitzschlag,लू लगना,熱中症,golpe de calor,say nắng
heater safety,سلامة المدفأة,Heizgerätesicherheit,हीटर की सुरक्षा,ヒーターの安全性,seguridad del calentador,an toàn máy sưởi
heatstroke,ضربة شمس,Hitzschlag,लू लगना,熱中症,insolación,say nắng
heatwaves,موجات الحر,Hitzewellen,गर्म तरंगें,熱波,olas de calor,sóng nhiệt
heavy periods,غزارة الدورة الشهرية,starke Perioden,भारी मासिक धर्म,生理が重い,períodos abundantes,kinh nguyệt nhiều
heel pain,ألم في الكعب,Fersenschmerzen,एडी का दर्द,かかとの痛み,dolor de talón,đau gót chân
helicobacter pylori,جرثومة الملوية البوابية,Helicobacter pylori,हैलीकॉप्टर पायलॉरी,ヘリコバクター・ピロリ,Helicobacter pylori,vi khuẩn Helicobacter pylori
help to remain living at home if you have a chronic disease or serious illness,المساعدة على البقاء في المنزل إذا كنت تعاني من مرض مزمن أو مرض خطير,"Hilfe, um auch bei chronischen oder schweren Erkrankungen weiterhin zu Hause leben zu können",यदि आपको कोई दीर्घकालिक बीमारी या गंभीर रोग है तो घर पर ही रहने में सहायता प्राप्त करें,慢性疾患や重篤な病気を抱えている場合でも、自宅で生活を続けられるように支援します。,Ayuda para seguir viviendo en casa si tienes una enfermedad crónica o una enfermedad grave.,hỗ trợ để bạn có thể tiếp tục sống tại nhà nếu bạn mắc bệnh mãn tính hoặc bệnh nặng.
hemicolectomy,استئصال نصف القولون,Hemikolektomie,हेमिकोलेक्टोमी,半結腸切除術,hemicolectomía,cắt bỏ một phần đại tràng
hepatitis,التهاب الكبد,Hepatitis,हेपेटाइटिस,肝炎,hepatitis,viêm gan
hepatitis a,التهاب الكبد أ,Hepatitis A,हेपेटाइटिस ए,A型肝炎,hepatitis a,viêm gan A
hepatitis b,التهاب الكبد ب,Hepatitis B,हेपेटाइटिस बी,B型肝炎,hepatitis B,viêm gan B
hepatitis c,التهاب الكبد ج,Hepatitis C,हेपेटाइटिस सी,C型肝炎,hepatitis C,viêm gan c
hereditary non-polyposis colorectal cancer,سرطان القولون والمستقيم الوراثي غير السلائلي,hereditärer nicht-polypöser Darmkrebs,वंशानुगत नॉन-पॉलीपोसिस कोलोरेक्टल कैंसर,遺伝性非ポリポーシス大腸がん,cáncer colorrectal hereditario no polipósico,ung thư đại trực tràng không polyp di truyền
hernias,الفتق,Hernien,हर्निया,ヘルニア,hernias,thoát vị
heroin,الهيروين,Heroin,हेरोइन,ヘロイン,heroína,heroin
herpes,الهربس,Herpes,हरपीज,ヘルペス,herpes,herpes
herpes zoster,الهربس النطاقي,Gürtelrose,दाद छाजन,帯状疱疹,herpes zóster,bệnh zona
herpesvirus infections,عدوى فيروس الهربس,Herpesvirusinfektionen,हर्पीसवायरस संक्रमण,ヘルペスウイルス感染症,infecciones por herpesvirus,nhiễm virus herpes
hiatus hernia,فتق الحجاب الحاجز,Hiatushernie,हाइएटस हर्निया,食道裂孔ヘルニア,hernia hiatal,thoát vị hoành
hiccups,الفواق,Schluckauf,हिचकी,しゃっくり,hipo,nấc cụt
hidden body fat,دهون الجسم الخفية,verstecktes Körperfett,शरीर में छिपी हुई चर्बी,隠れた体脂肪,grasa corporal oculta,mỡ cơ thể ẩn
high blood sugar,ارتفاع نسبة السكر في الدم,hoher Blutzucker,उच्च रक्त शर्करा,高血糖,nivel alto de azúcar en sangre,đường huyết cao
hip dysplasia,خلل التنسج الوركي,Hüftdysplasie,कूल्हे की विकृति,股関節形成不全,displasia de cadera,loạn sản khớp háng
hip pain,ألم في الورك,Hüftschmerzen,कूल्हे का दर्द,股関節痛,dolor de cadera,đau hông
hip replacement,استبدال مفصل الورك,Hüftprothese,कूल्हे का प्रतिस्थापन,股関節置換術,reemplazo de cadera,thay khớp háng
histrionic personality disorder,اضطراب الشخصية الهستيرية,histrionische Persönlichkeitsstörung,हिस्ट्रियोनिक व्यक्तित्व विकार,演技性人格障害,trastorno de personalidad histriónica,rối loạn nhân cách kịch tính
hiv and aids medicines,أدوية فيروس نقص المناعة البشرية والإيدز,HIV- und AIDS-Medikamente,एचआईवी और एड्स की दवाएं,HIVおよびエイズ治療薬,medicamentos contra el VIH y el SIDA,thuốc điều trị HIV và AIDS
hiv infection and aids,عدوى فيروس نقص المناعة البشرية والإيدز,HIV-Infektion und AIDS,एचआईवी संक्रमण और एड्स,HIV感染とエイズ,infección por VIH y SIDA,nhiễm HIV và AIDS
hmpv,فيروس نخر الدم البشري,hmpv,एचएमपीवी,hmpv,hmpv,hmpv
hoarding disorder,اضطراب الاكتناز,Hortstörung,जमाखोरी विकार,ため込み症,trastorno de acumulación,rối loạn tích trữ
hodgkin lymphoma,لمفوما هودجكين,Hodgkin-Lymphom,हॉजकिन लिंफोमा,ホジキンリンパ腫,linfoma de Hodgkin,u lympho Hodgkin
holiday health,صحة العطلات,Urlaub Gesundheit,छुट्टी स्वास्थ्य,休暇中の健康,salud durante las vacaciones,sức khỏe kỳ nghỉ
home medicines review,مراجعة الأدوية المنزلية,Hausmittel-Überprüfung,घरेलू दवाओं की समीक्षा,家庭での薬のレビュー,Revisión de medicamentos caseros,đánh giá thuốc tại nhà
homeopathy,المعالجة المثلية,Homöopathie,होम्योपैथी,ホメオパシー,homeopatía,liệu pháp vi lượng đồng căn
honey bee stings,لسعات نحل العسل,Bienenstiche,मधुमक्खी के डंक,ミツバチの毒針,picaduras de abejas,vết ong mật đốt
hormonal contraceptives and periods,وسائل منع الحمل الهرمونية والدورة الشهرية,hormonelle Verhütungsmittel und Menstruation,हार्मोनल गर्भनिरोधक और मासिक धर्म,ホルモン避妊薬と生理,anticonceptivos hormonales y menstruación,thuốc tránh thai nội tiết tố và kinh nguyệt
hormonal system,النظام الهرموني,Hormonsystem,हार्मोनल प्रणाली,ホルモン系,sistema hormonal,hệ thống nội tiết tố
hormone medications,الأدوية الهرمونية,Hormonpräparate,हार्मोन दवाएँ,ホルモン剤,medicamentos hormonales,thuốc nội tiết tố
hormone replacement therapy,العلاج الهرموني البديل,Hormonersatztherapie,हार्मोन प्रतिस्थापन चिकित्सा,ホルモン補充療法,terapia de reemplazo hormonal,liệu pháp thay thế hormone
hormones,الهرمونات,Hormone,हार्मोन,ホルモン,hormonas,hormone
hospital - public and private systems,المستشفيات - الأنظمة العامة والخاصة,Krankenhaus – öffentliche und private Systeme,अस्पताल - सार्वजनिक और निजी प्रणालियाँ,病院 - 公立および私立システム,Hospital: sistemas públicos y privados,bệnh viện - hệ thống công lập và tư nhân
hostel care,رعاية النزل,Hostelbetreuung,छात्रावास देखभाल,ホステルケア,cuidado en el albergue,chăm sóc ký túc xá
hot flushes,الهبات الساخنة,Hitzewallungen,गर्म चमक,ホットフラッシュ,sofocos,cơn bốc hỏa
hot flushes due to menopause,الهبات الساخنة الناتجة عن انقطاع الطمث,Hitzewallungen aufgrund der Wechseljahre,रजोनिवृत्ति के कारण होने वाली गर्म लहरें,更年期によるほてり,sofocos debido a la menopausia,cơn bốc hỏa do mãn kinh
hot weather,الطقس الحار,heißes Wetter,गर्म मौसम,暑い天気,clima cálido,thời tiết nóng
how alcohol affects your health,كيف يؤثر الكحول على صحتك,wie Alkohol Ihre Gesundheit beeinflusst,शराब आपके स्वास्थ्य को कैसे प्रभावित करती है,アルコールが健康に及ぼす影響,cómo afecta el alcohol a tu salud,Tác hại của rượu đối với sức khỏe
how do i pay for healthcare?,كيف أدفع تكاليف الرعاية الصحية؟,Wie bezahle ich meine Gesundheitsversorgung?,मैं स्वास्थ्य सेवा के लिए भुगतान कैसे करूँ?,医療費はどのように支払えばいいですか？,¿Cómo pago la atención médica?,Tôi thanh toán chi phí chăm sóc sức khỏe bằng cách nào?
how does adoption work?,كيف تتم عملية التبني؟,Wie funktioniert Adoption?,गोद लेने की प्रक्रिया कैसे काम करती है?,養子縁組はどのように行われるのですか？,¿Cómo funciona la adopción?,Quá trình nhận con nuôi diễn ra như thế nào?
how to deal with natural disasters,كيفية التعامل مع الكوارث الطبيعية,Wie man mit Naturkatastrophen umgeht,प्राकृतिक आपदाओं से कैसे निपटा जाए,自然災害への対処法,Cómo afrontar los desastres naturales,Cách đối phó với thiên tai
how to find the right health professional,كيفية العثور على أخصائي الرعاية الصحية المناسب,Wie man den richtigen Gesundheitsexperten findet,सही स्वास्थ्य पेशेवर को कैसे खोजें,適切な医療専門家を見つける方法,cómo encontrar al profesional de la salud adecuado,Làm thế nào để tìm được chuyên gia y tế phù hợp?
how to help someone who is misusing drugs or alcohol,كيفية مساعدة شخص يسيء استخدام المخدرات أو الكحول,"Wie man jemandem helfen kann, der Drogen oder Alkohol missbraucht","जो व्यक्ति मादक पदार्थों या शराब का दुरुपयोग कर रहा है, उसकी मदद कैसे करें",薬物やアルコールを乱用している人を助ける方法,Cómo ayudar a alguien que está abusando de las drogas o el alcohol.,Làm thế nào để giúp đỡ người đang lạm dụng ma túy hoặc rượu?
how to improve your posture,كيفية تحسين وضعية جسمك,Wie Sie Ihre Körperhaltung verbessern können,अपनी शारीरिक मुद्रा को कैसे सुधारें,姿勢を改善する方法,cómo mejorar tu postura,cách cải thiện tư thế của bạn
how to perform cpr,كيفية إجراء الإنعاش القلبي الرئوي,Wie führt man eine Herz-Lungen-Wiederbelebung durch?,सीपीआर कैसे करें,心肺蘇生法の実施方法,cómo realizar RCP,cách thực hiện hô hấp nhân tạo
how to read food labels,كيفية قراءة ملصقات الطعام,Wie man Lebensmitteletiketten liest,खाद्य पदार्थों के लेबल कैसे पढ़ें,食品ラベルの読み方,Cómo leer las etiquetas de los alimentos,Cách đọc nhãn thực phẩm
how to stop snoring,كيفية التوقف عن الشخير,Wie man mit dem Schnarchen aufhört,खर्राटे कैसे रोकें,いびきを止める方法,Cómo dejar de roncar,cách để ngừng ngáy
how to talk about your mental health concerns,كيفية التحدث عن مخاوفك المتعلقة بالصحة النفسية,Wie Sie über Ihre psychischen Gesundheitsprobleme sprechen können,अपनी मानसिक स्वास्थ्य संबंधी चिंताओं के बारे में कैसे बात करें,メンタルヘルスの悩みについて話す方法,Cómo hablar sobre tus preocupaciones de salud mental,Cách nói về những vấn đề sức khỏe tâm thần của bạn
how to use an inhaler device,كيفية استخدام جهاز الاستنشاق,wie man ein Inhalationsgerät benutzt,इनहेलर डिवाइस का उपयोग कैसे करें,吸入器の使い方,Cómo usar un dispositivo inhalador,Cách sử dụng thiết bị hít thuốc
hpv test,اختبار فيروس الورم الحليمي البشري,HPV-Test,एचपीवी परीक्षण,HPV検査,prueba de VPH,xét nghiệm HPV
hpv vaccine,لقاح فيروس الورم الحليمي البشري,HPV-Impfstoff,एचपीवी वैक्सीन,HPVワクチン,vacuna contra el VPH,vắc-xin HPV
htlv-1 infection,عدوى فيروس HTLV-1,HTLV-1-Infektion,एचटीएलवी-1 संक्रमण,HTLV-1感染,infección por HTLV-1,nhiễm trùng htlv-1
human bites,عضات بشرية,menschliche Bisse,मानव काटने,人間の咬傷,mordeduras humanas,vết cắn của con người
human chorionic gonadotropin test,اختبار موجهة الغدد التناسلية المشيمية البشرية,Test auf humanes Choriongonadotropin,मानव कोरियोनिक गोनाडोट्रोपिन परीक्षण,ヒト絨毛性ゴナドトロピン検査,prueba de gonadotropina coriónica humana,xét nghiệm gonadotropin màng đệm ở người
human growth hormone,هرمون النمو البشري,menschliches Wachstumshormon,मानव विकास हार्मोन,ヒト成長ホルモン,hormona del crecimiento humana,hormone tăng trưởng của con người
human metapneumovirus,فيروس ميتابنوموفيروس البشري,humanes Metapneumovirus,मानव मेटापneumovirus,ヒトメタニューモウイルス,metapneumovirus humano,virus metapneumovirus ở người
human papilloma virus,فيروس الورم الحليمي البشري,Humane Papillomviren,मानव पैपिलोमा वायरस,ヒトパピローマウイルス,virus del papiloma humano,virus u nhú ở người
human parainfluenza viruses,فيروسات نظير الإنفلونزا البشرية,humane Parainfluenzaviren,मानव पैराइन्फ्लुएंजा वायरस,ヒトパラインフルエンザウイルス,virus de la parainfluenza humana,virus cúm á ở người
huntington’s disease,مرض هنتنغتون,Huntington-Krankheit,हंटिंगटन रोग,ハンチントン病,enfermedad de Huntington,bệnh Huntington
hurting yourself,إيذاء النفس,sich selbst verletzen,खुद को चोट पहुँचाना,自分を傷つける,hacerte daño a ti mismo,tự làm tổn thương bản thân
hydration tips for children,نصائح لترطيب الأطفال,Trinktipps für Kinder,बच्चों के लिए हाइड्रेशन संबंधी सुझाव,子供のための水分補給のヒント,Consejos de hidratación para niños,lời khuyên về việc bổ sung nước cho trẻ em
hydrocele repair,إصلاح القيلة المائية,Hydrozelenreparatur,हाइड्रोसील की मरम्मत,陰嚢水腫の修復,reparación de hidrocele,phẫu thuật điều trị tràn dịch màng tinh hoàn
hydrocephalus,استسقاء الرأس,Hydrozephalus,हाइड्रोसेफालस,水頭症,hidrocefalia,não úng thủy
hydromorphone,هيدرومورفون,Hydromorphon,हाइड्रोमोर्फोन,ヒドロモルホン,hidromorfona,hydromorphone
hygiene for children,النظافة الشخصية للأطفال,Hygiene für Kinder,बच्चों के लिए स्वच्छता,子供の衛生,higiene para niños,vệ sinh cho trẻ em
hyperglycaemia,ارتفاع سكر الدم,Hyperglykämie,हाइपरग्लाइसेमिया,高血糖,hiperglucemia,tăng đường huyết
hyperhidrosis,"formal: فرط التعرق | informal: تعرق مفرط, تعرق اليدين, التعرق المفرط","formal: Hyperhidrose | informal: übermäßiges Schwitzen, schwitzige Hände","formal: अतिस्वेद | informal: बहुत अधिक पसीना आना, पसीने से तर हाथ, अत्यधिक पसीना आना","formal: 多汗症 | informal: 異常な発汗, 手汗, 過剰な発汗","formal: hiperhidrosis | informal: sudoración excesiva, manos sudorosas","formal: tăng tiết mồ hôi | informal: đổ mồ hôi nhiều, mồ hôi trộm, đổ mồ hôi quá nhiều"
hyperopia,مدّ البصر,Weitsichtigkeit,पास का साफ़-साफ़ न दिखना,遠視,hipermetropía,viễn thị
hypertension,formal: ارتفاع ضغط الدم | informal: ضغط دم مرتفع,formal: Hypertonie | informal: Bluthochdruck,"formal: उच्च रक्तचाप | informal: हाई ब्लड प्रेशर, उच्च रक्तचाप","formal: 高血圧 | informal: 血圧が高いこと, 高血圧","formal: hipertensión | informal: presión alta, hipertensión",formal: cao huyết áp | informal: huyết áp cao
hyperthyroidism,فرط نشاط الغدة الدرقية,Hyperthyreose,हाइपरथायरायडिज्म,甲状腺機能亢進症,hipertiroidismo,cường giáp
hypochondria,منطقة تحت الضلوع,Hypochondrie,रोगभ्रम,心気症,hipocondría,bệnh tưởng tượng
hypoglycaemia,نقص سكر الدم,Hypoglykämie,रक्त ग्लूकोस,低血糖症,hipoglucemia,hạ đường huyết
hypotension,"formal: انخفاض ضغط الدم | informal: ضغط دم منخفض, انخفاض ضغط الدم",formal: Hypotonie | informal: niedriger Blutdruck,"formal: निम्न रक्तचाप | informal: लो ब्लड प्रेशर, कम रक्तचाप","formal: 低血圧 | informal: 血圧が低いこと, 低血圧","formal: hipotensión | informal: presión baja, presión arterial baja",formal: huyết áp thấp | informal: huyết áp thấp
hypothermia,انخفاض حرارة الجسم,Unterkühlung,हाइपोथर्मिया,低体温症,hipotermia,hạ thân nhiệt
hypothyroidism,قصور الغدة الدرقية,Hypothyreose,हाइपोथायरायडिज्म,甲状腺機能低下症,hipotiroidismo,suy giáp
hysterectomy,استئصال الرحم,Hysterektomie,गर्भाशय,子宮摘出術,histerectomía,cắt bỏ tử cung
hysteroscopic endometrial ablation,استئصال بطانة الرحم بالمنظار الرحمي,hysteroskopische Endometriumablation,हिस्टेरोस्कोपिक एंडोमेट्रियल एब्लेशन,子宮鏡下子宮内膜アブレーション,ablación endometrial histeroscópica,cắt bỏ nội mạc tử cung bằng nội soi
hysteroscopy,تنظير الرحم,Hysteroskopie,गर्भाशयदर्शन,子宮鏡検査,histeroscopia,nội soi tử cung
ibs,متلازمة القولون المتهيّج,IBS,IBS,IBS,SII,IBS
ibuprofen,ايبوبروفين,Ibuprofen,आइबुप्रोफ़ेन,イブプロフェン,ibuprofeno,ibuprofen
ice,ثلج,Eis,बर्फ़,氷,hielo,đá
illicit drug use,تعاطي المخدرات غير المشروعة,illegaler Drogenkonsum,अवैध मादक पदार्थों का सेवन,違法薬物の使用,consumo de drogas ilícitas,sử dụng ma túy bất hợp pháp
imaging-assisted wide local excision,الاستئصال الموضعي الواسع بمساعدة التصوير,"Bildgebungsgestützte, großflächige lokale Exzision",इमेजिंग-सहायता प्राप्त व्यापक स्थानीय निष्कासन,画像誘導下広範囲局所切除術,escisión local amplia asistida por imágenes,cắt bỏ rộng cục bộ có hỗ trợ hình ảnh
immune system,الجهاز المناعي,Immunsystem,प्रतिरक्षा तंत्र,免疫系,sistema inmunitario,hệ miễn dịch
immunisation,التطعيم,Immunisierung,प्रतिरक्षण,免疫,inmunización,tiêm chủng
immunisation or vaccination - what's the difference?,التحصين أو التطعيم - ما الفرق؟,Immunisierung oder Impfung – worin besteht der Unterschied?,टीकाकरण और प्रतिरक्षण - इनमें क्या अंतर है?,予防接種とワクチン接種の違いは何ですか？,Inmunización o vacunación: ¿cuál es la diferencia?,Tiêm chủng hay vaccine - sự khác biệt là gì?
immunisation side effects,الآثار الجانبية للتطعيم,Nebenwirkungen der Impfung,टीकाकरण के दुष्प्रभाव,予防接種の副作用,efectos secundarios de la inmunización,tác dụng phụ của tiêm chủng
immunisations and vaccinations,التحصينات والتطعيمات,Immunisierungen und Impfungen,टीकाकरण और प्रतिरक्षण,予防接種とワクチン接種,inmunizaciones y vacunas,tiêm chủng và phòng ngừa bệnh tật
immunisations for travel,التطعيمات اللازمة للسفر,Impfungen für die Reise,यात्रा के लिए टीकाकरण,旅行のための予防接種,vacunas para viajar,tiêm phòng khi đi du lịch
impetigo,القوباء,Impetigo,रोड़ा,膿痂疹,impétigo,chốc lở
implantable cardioverter defibrillators,أجهزة تقويم نظم القلب القابلة للزرع,implantierbare Kardioverter-Defibrillatoren,प्रत्यारोपण योग्य कार्डियोवर्टर डिफिब्रिलेटर,植込み型除細動器,desfibriladores cardioversores implantables,máy khử rung tim cấy ghép
improve your sleep,حسّن نومك,Verbessern Sie Ihren Schlaf,अपनी नींद में सुधार करें,睡眠の質を改善する,mejora tu sueño,cải thiện giấc ngủ của bạn
incontinence,سلس البول,Inkontinenz,असंयम,失禁,incontinencia,tiểu không tự chủ
incontinence – an overview,سلس البول - نظرة عامة,Inkontinenz – ein Überblick,असंयम – एक अवलोकन,尿失禁の概要,Incontinencia: una visión general,chứng tiểu không tự chủ – tổng quan
indigenous australians and social and emotional wellbeing,السكان الأصليون الأستراليون والرفاه الاجتماعي والعاطفي,Indigene Australier und soziales und emotionales Wohlbefinden,स्वदेशी ऑस्ट्रेलियाई और सामाजिक एवं भावनात्मक कल्याण,オーストラリア先住民と社会的・感情的幸福,Los indígenas australianos y su bienestar social y emocional,người Úc bản địa và sức khỏe tinh thần và cảm xúc
indigenous health,صحة السكان الأصليين,indigene Gesundheit,स्वदेशी स्वास्थ्य,先住民の健康,salud indígena,sức khỏe bản địa
infants,الرضع,Säuglinge,शिशुओं,乳児,bebés,trẻ sơ sinh
infectious diseases,الأمراض المعدية,Infektionskrankheiten,संक्रामक रोग,感染症,enfermedades infecciosas,bệnh truyền nhiễm
infectious mononucleosis,داء كثرة الوحيدات العدوائية,infektiöse Mononukleose,संक्रामक मोनोन्यूक्लियोसिस,伝染性単核球症,mononucleosis infecciosa,bệnh tăng bạch cầu đơn nhân nhiễm trùng
infertility,العقم,Unfruchtbarkeit,बांझपन,不妊,esterilidad,vô sinh
inflammatory bowel disease,مرض التهاب الأمعاء,entzündliche Darmerkrankung,सूजा आंत्र रोग,炎症性腸疾患,enfermedad inflamatoria intestinal,bệnh viêm ruột
influenza,"formal: الإنفلونزا | informal: الإنفلونزا, الرشح","formal: Influenza | informal: echte Grippe, Grippe","formal: इन्फ्लूएंजा | informal: फ्लू, बुखार","formal: インフルエンザ | informal: インフル, インフルエンザ","formal: influenza | informal: la gripe, gripe","formal: bệnh cúm | informal: cảm cúm, cúm"
informed consent,الموافقة المستنيرة,informierte Einwilligung,सूचित सहमति,インフォームドコンセント,consentimiento informado,sự đồng ý có hiểu biết
infrared thermometers,موازين حرارة بالأشعة تحت الحمراء,Infrarot-Thermometer,अवरक्त थर्मामीटर,赤外線温度計,termómetros infrarrojos,nhiệt kế hồng ngoại
ingrown hair,شعر ينبت للداخل,eingewachsenes Haar,अंतर्वर्धी बाल,内方発育毛,pelo encarnado,tóc mọc ngược
ingrown toenail,ظفر القدم الناشب,eingewachsener Zehennagel,अंतर्वर्धित अंगूठे का नाखून,巻き爪,uña encarnada,móng chân mọc ngược
ingrown toenails,أظافر القدم الناشبة,eingewachsene Zehennägel,अंतर्वर्धित नाखून,巻き爪,uñas encarnadas,móng chân mọc ngược
inguinal hernia,الفتق الإربي,Leistenbruch,इंगुइनल हर्निया,鼠径ヘルニア,hernia inguinal,thoát vị bẹn
inguinal hernia repair,إصلاح الفتق الإربي,Leistenbruchoperation,इंगुइनल हर्निया की मरम्मत,鼠径ヘルニア修復術,reparación de hernia inguinal,phẫu thuật sửa chữa thoát vị bẹn
inhalants,المواد المستنشقة,Inhalationsmittel,साँस लेने वाले पदार्थ,吸入剤,inhalantes,chất hít
inhaler devices,أجهزة الاستنشاق,Inhalationsgeräte,इनहेलर उपकरण,吸入器,dispositivos inhaladores,thiết bị hít
injection or banding of haemorrhoids,حقن أو ربط البواسير,Injektion oder Gummibandligatur von Hämorrhoiden,बवासीर का इंजेक्शन या पट्टी बांधना,痔核への注射または結紮,Inyección o ligadura de hemorroides,tiêm hoặc thắt búi trĩ
injuries,الإصابات,Verletzungen,चोट लगने की घटनाएं,負傷,lesiones,chấn thương
inr test,اختبار INR,INR-Test,आईएनआर परीक्षण,INR検査,prueba inr,kiểm tra inr
insect bites and stings,لدغات ولسعات الحشرات,Insektenstiche und -bisse,कीड़े के काटने और डंक,虫刺されと虫に刺された,picaduras y mordeduras de insectos,vết cắn và vết đốt của côn trùng
inserting a gastric balloon,إدخال بالون معدي,Einsetzen eines Magenballons,गैस्ट्रिक बैलून डालना,胃内バルーンの挿入,inserción de un balón gástrico,đặt bóng dạ dày
inserting a pacemaker,زرع جهاز تنظيم ضربات القلب,Einsetzen eines Herzschrittmachers,पेसमेकर लगाना,ペースメーカーの挿入,inserción de un marcapasos,cấy ghép máy tạo nhịp tim
inserting a primary gastrostomy device,إدخال جهاز فغر المعدة الأساسي,Einsetzen eines primären Gastrostomiegeräts,प्राथमिक गैस्ट्रोस्टोमी उपकरण सम्मिलित करना,一次胃瘻デバイスの挿入,inserción de un dispositivo de gastrostomía primaria,đặt thiết bị mở thông dạ dày chính
inserting an internal cardioverter defibrillator,إدخال جهاز مقوم نظم القلب ومزيل الرجفان الداخلي,Einsetzen eines internen Kardioverter-Defibrillators,आंतरिक कार्डियोवर्टर डिफिब्रिलेटर लगाना,体内植込み型除細動器の挿入,inserción de un desfibrilador cardioversor interno,cấy ghép máy khử rung tim nội bộ
inserting an iucd,إدخال اللولب الرحمي,Einsetzen einer Spirale,आईयूसीडी लगाना,子宮内避妊器具の挿入,inserción de un DIU,đặt vòng tránh thai
insomnia,"formal: أرق | informal: صعوبة في النوم, عدم القدرة على النوم","formal: Insomnie | informal: Schlafstörungen, Schlaflosigkeit","formal: अनिद्रा | informal: नींद न आना, बेचैनी","formal: 不眠症 | informal: 眠れないこと, 寝不足","formal: insomnio | informal: problemas para dormir, falta de sueño","formal: mất ngủ | informal: khó ngủ, thiếu ngủ"
insulin and diabetes,الأنسولين ومرض السكري,Insulin und Diabetes,इंसुलिन और मधुमेह,インスリンと糖尿病,insulina y diabetes,insulin và bệnh tiểu đường
insulin devices,أجهزة الأنسولين,Insulingeräte,इंसुलिन उपकरण,インスリンデバイス,dispositivos de insulina,thiết bị insulin
intensive care - what to expect,العناية المركزة - ما يمكن توقعه,Intensivstation – was Sie erwartet,गहन चिकित्सा इकाई - क्या उम्मीद करें,集中治療室 - どのようなことが予想されるか,Cuidados intensivos: qué esperar,Chăm sóc đặc biệt - những điều cần biết
intermittent fasting,الصيام المتقطع,Intervallfasten,आंतरायिक उपवास,断続的断食,ayuno intermitente,nhịn ăn gián đoạn
internet - children,الإنترنت - الأطفال,Internet - Kinder,इंटरनेट - बच्चे,インターネット - 子供,internet - niños,internet - trẻ em
intersex variation,التباين بين الجنسين,Intersex-Variation,इंटरसेक्स भिन्नता,インターセックス変異,variación intersexual,biến thể lưỡng giới
intra-uterine contraceptive device,جهاز منع الحمل داخل الرحم,Intrauterinpessar,गर्भाशय के भीतर गर्भनिरोधक उपकरण,子宮内避妊器具,dispositivo intrauterino,thiết bị tránh thai đặt trong tử cung
invasive staph infections,عدوى المكورات العنقودية الغازية,invasive Staphylokokkeninfektionen,आक्रामक स्टैफ संक्रमण,侵襲性ブドウ球菌感染症,infecciones invasivas por estafilococos,nhiễm trùng tụ cầu khuẩn xâm lấn
iodine and your health,اليود وصحتك,Jod und Ihre Gesundheit,आयोडीन और आपका स्वास्थ्य,ヨウ素とあなたの健康,El yodo y su salud,Iốt và sức khỏe của bạn
iodine deficiency,نقص اليود,Jodmangel,आयोडीन की कमी,ヨウ素欠乏症,deficiencia de yodo,thiếu iốt
iron deficiency,نقص الحديد,Eisenmangel,आयरन की कमी,鉄欠乏症,deficiencia de hierro,thiếu sắt
iron infusion,حقن الحديد,Eiseninfusion,आयरन इन्फ्यूजन,鉄剤の点滴,infusión de hierro,truyền sắt
iron needs,احتياجات الحديد,Eisenbedarf,लोहे की जरूरतें,鉄分は,necesidades de hierro,nhu cầu sắt
iron studies blood test,فحص الحديد في الدم,Eisenstatus Bluttest,आयरन संबंधी अध्ययन रक्त परीक्षण,鉄分検査血液検査,análisis de sangre para estudios de hierro,xét nghiệm máu kiểm tra sắt
iron-rich foods,الأطعمة الغنية بالحديد,eisenreiche Lebensmittel,आयरन से भरपूर खाद्य पदार्थ,鉄分豊富な食品,alimentos ricos en hierro,thực phẩm giàu sắt
irregular periods,دورات شهرية غير منتظمة,unregelmäßige Perioden,अनियमित अवधि,不規則な期間,períodos irregulares,kinh nguyệt không đều
irritability and feeling on edge,الشعور بالتهيج والتوتر,Reizbarkeit und Nervosität,चिड़चिड़ापन और बेचैनी महसूस होना,イライラ感と神経過敏,irritabilidad y sensación de nerviosismo,cáu kỉnh và cảm giác bồn chồn
irritable bowel syndrome,متلازمة القولون المتهيّج,Reizdarmsyndrom,संवेदनशील आंत की बीमारी,過敏性腸症候群,síndrome del intestino irritable,hội chứng ruột kích thích
is it a cold or the flu?,هل هو نزلة برد أم إنفلونزا؟,Ist es eine Erkältung oder eine Grippe?,क्या यह सर्दी है या फ़्लू?,風邪ですか、それともインフルエンザですか？,¿Es un resfriado o gripe?,Là cảm lạnh hay cúm vậy?
ischaemic heart disease,مرض القلب الإقفاري,ischämische Herzkrankheit,हृदय का रोग,虚血性心疾患,enfermedad cardíaca isquémica,bệnh tim thiếu máu cục bộ
isolation,عزل,Isolierung,एकांत,分離,aislamiento,sự cách ly
itchy anus,حكة في فتحة الشرج,juckender Anus,खुजलीदार गुदा,肛門のかゆみ,picazón en el ano,ngứa hậu môn
itchy eyes,حكة في العينين,juckende Augen,आंखों में जलन,目が痒い,picazón en los ojos,mắt ngứa
itchy scalp,حكة في فروة الرأس,juckende Kopfhaut,सिर की खुजली,頭皮のかゆみ,picazón en el cuero cabelludo,da đầu ngứa
iud,لولب,Spirale,आईयूडी,子宮内避妊器具,dispositivo intrauterino,vòng tránh thai
japanese encephalitis,التهاب الدماغ الياباني,Japanische Enzephalitis,जापानी एन्सेफलाइटिस,日本脳炎,encefalitis japonesa,viêm não Nhật Bản
jaundice in adults,اليرقان عند البالغين,Gelbsucht bei Erwachsenen,वयस्कों में पीलिया,成人の黄疸,ictericia en adultos,vàng da ở người lớn
jaw dislocation,خلع الفك,Kieferluxation,जबड़े का विस्थापन,顎関節脱臼,dislocación de la mandíbula,trật khớp hàm
jellyfish stings,لسعات قنديل البحر,Quallenstiche,जेलीफिश के डंक,クラゲの刺傷,picaduras de medusas,vết chích của sứa
jet lag,اضطراب الرحلات الجوية الطويلة,Jetlag,जेट लैग,時差ぼけ,descompensación horaria,say máy bay
jev,جيف,jev,जेईवी,ジェブ,Jev,jev
jock itch,حكّة اللعب,Tinea cruris,जॉक खुजली,いんきんたむし,tiña inguinal,ngứa vùng bẹn
jogging,الهرولة,Jogging,धीमी दौड़,ジョギング,correr,chạy bộ
joint diseases and problems,أمراض ومشاكل المفاصل,Gelenkerkrankungen und -probleme,जोड़ों के रोग और समस्याएं,関節疾患および問題,enfermedades y problemas articulares,các bệnh và vấn đề về khớp
joint inflammation,التهاب المفاصل,Gelenkentzündung,जोड़ों की सूजन,関節炎,inflamación de las articulaciones,viêm khớp
joint pain and swelling,ألم وتورم في المفاصل,Gelenkschmerzen und Schwellungen,जोड़ों में दर्द और सूजन,関節の痛みと腫れ,Dolor e hinchazón en las articulaciones,đau khớp và sưng
junk food and your health,الوجبات السريعة وصحتك,Junkfood und Ihre Gesundheit,जंक फूड और आपका स्वास्थ्य,ジャンクフードとあなたの健康,La comida basura y tu salud,Thức ăn nhanh và sức khỏe của bạn
kaposi sarcoma,ساركوما كابوزي,Kaposi-Sarkom,कापोसी सार्कोमा,カポジ肉腫,sarcoma de Kaposi,bệnh sarcoma Kaposi
kava,الكافا,Kava,कावा,カヴァ,kava,kava
kawasaki disease,مرض كاواساكي,Kawasaki-Krankheit,कावासाकी रोग,川崎病,enfermedad de Kawasaki,bệnh Kawasaki
keeping fit,الحفاظ على اللياقة البدنية,fit bleiben,फिट रखते हुए,健康を維持する,mantenerse en forma,giữ gìn sức khỏe
keratoconus,القرنية المخروطية,Keratokonus,keratoconus,円錐角膜,queratocono,bệnh giác mạc hình nón
keratosis pilaris,التقرن الشعري,Keratosis pilaris,केराटोसिस पिलारिस,毛孔性角化症,queratosis pilaris,bệnh dày sừng nang lông
ketamine,الكيتامين,Ketamin,ketamine,ケタミン,ketamina,ketamine
ketogenic diet,النظام الغذائي الكيتوني,ketogene Diät,कीटोजेनिक आहार,ケトジェニックダイエット,dieta cetogénica,chế độ ăn ketogenic
kidney cancer,سرطان الكلى,Nierenkrebs,गुर्दे का कैंसर,腎臓がん,cáncer de riñón,ung thư thận
kidney failure,الفشل الكلوي,Nierenversagen,किडनी खराब,腎不全,insuficiencia renal,suy thận
kidney function tests,اختبارات وظائف الكلى,Nierenfunktionstests,गुर्दे की कार्यक्षमता परीक्षण,腎機能検査,pruebas de función renal,xét nghiệm chức năng thận
kidney infection,التهاب الكلى,Niereninfektion,गुर्दे का संक्रमण,腎臓感染症,infección renal,nhiễm trùng thận
kidney pain,ألم في الكلى,Nierenschmerzen,गुर्दे में दर्द,腎臓の痛み,dolor de riñón,đau thận
kidney transplants,عمليات زرع الكلى,Nierentransplantationen,गुर्दा प्रत्यारोपण,腎臓移植,trasplantes de riñón,ghép thận
kidneys,الكليتان,Nieren,गुर्दे,腎臓,riñones,thận
kids and mental health,الأطفال والصحة النفسية,Kinder und psychische Gesundheit,बच्चे और मानसिक स्वास्थ्य,子供とメンタルヘルス,niños y salud mental,trẻ em và sức khỏe tâm thần
kids' health,صحة الأطفال,Kindergesundheit,बच्चों का स्वास्थ्य,子供の健康,salud infantil,sức khỏe trẻ em
kilojoules,كيلوجول,Kilojoule,किलो जूल,キロジュール,kilojulios,kilojoule
kindness,العطف,Freundlichkeit,दयालुता,親切,amabilidad,lòng tốt
kissing disease,مرض التقبيل,Kusskrankheit,चुंबन रोग,キス病,enfermedad del beso,bệnh lây truyền qua nụ hôn
klinefelter syndrome,متلازمة كلاينفلتر,Klinefelter-Syndrom,क्लाइनफेल्टर सिंड्रोम,クラインフェルター症候群,síndrome de Klinefelter,hội chứng Klinefelter
knee injuries,إصابات الركبة,Knieverletzungen,घुटने की चोटें,膝の怪我,lesiones de rodilla,chấn thương đầu gối
knee pain,ألم في الركبة,Knieschmerzen,घुटने के दर्द,膝の痛み,dolor de rodilla,đau đầu gối
knee replacement,استبدال مفصل الركبة,Knieprothese,नी रिप्लेसमेंट,膝関節置換術,reemplazo de rodilla,thay khớp gối
knocks,طرق,Klopft,दस्तक देता है,ノック,golpes,gõ
know your standard drinks,تعرف على مشروباتك القياسية,Kenne deine Standardgetränke,अपने मानक पेय पदार्थों को जानें,定番の飲み物を知っておく,conoce tus bebidas estándar,Hãy biết các loại đồ uống thông thường của bạn.
labia problems,مشاكل الشفرين,Labienprobleme,लेबिया संबंधी समस्याएं,陰唇の問題,problemas de los labios vaginales,các vấn đề về môi âm hộ
labyrinthitis,التهاب التيه,Labyrinthitis,Labyrinthitis,内耳炎,laberintitis,viêm mê đạo
lactational amenorrhoea method,طريقة انقطاع الطمث أثناء الرضاعة,Laktationsamenorrhoe-Methode,स्तनपान संबंधी अमेनोरिया विधि,授乳性無月経法,método de amenorrea de la lactancia,phương pháp vô kinh do cho con bú
lactose intolerance,عدم تحمل اللاكتوز,Laktoseintoleranz,लैक्टोज असहिष्णुता,乳糖不耐症,intolerancia a la lactosa,không dung nạp lactose
laminectomy,استئصال الصفيحة الفقرية,Laminektomie,laminectomy,椎弓切除術,laminectomía,phẫu thuật cắt bỏ màng cứng
laparoscopic cholecystectomy,استئصال المرارة بالمنظار,laparoskopische Cholezystektomie,लैप्रोस्कोपिक कोलेसिस्टेक्टॉमी,腹腔鏡下胆嚢摘出術,colecistectomía laparoscópica,phẫu thuật cắt túi mật nội soi
laparoscopic heller's cardiomyotomy,استئصال عضلة القلب بالمنظار (عملية هيلر),laparoskopische Heller-Kardiomyotomie,लैप्रोस्कोपिक हेलर्स कार्डियोमायोटॉमी,腹腔鏡下ヘラー心筋切開術,cardiomiotomía de Heller laparoscópica,phẫu thuật cắt cơ tim Heller nội soi
laparoscopic hysterectomy,استئصال الرحم بالمنظار,laparoskopische Hysterektomie,लैप्रोस्कोपिक हिस्टेरेक्टॉमी,腹腔鏡下子宮摘出術,histerectomía laparoscópica,phẫu thuật cắt tử cung nội soi
laparoscopic incisional hernia repair,إصلاح الفتق الجراحي بالمنظار,laparoskopische Narbenhernienreparatur,लैप्रोस्कोपिक चीरा हर्निया की मरम्मत,腹腔鏡下切開ヘルニア修復術,reparación laparoscópica de hernia incisional,Phẫu thuật nội soi điều trị thoát vị vết mổ
laparoscopic inguinal hernia repair,إصلاح الفتق الإربي بالمنظار,laparoskopische Leistenbruchoperation,लैप्रोस्कोपिक इनगुइनल हर्निया की मरम्मत,腹腔鏡下鼠径ヘルニア修復術,reparación laparoscópica de hernia inguinal,phẫu thuật nội soi sửa chữa thoát vị bẹn
laparoscopic nissen fundoplication,تثبيت قاع المعدة بالمنظار,laparoskopische Nissen-Fundoplikatio,लैप्रोस्कोपिक निसेन फंडोप्लीकेशन,腹腔鏡下ニッセン噴門形成術,fundoplicatura de Nissen laparoscópica,phẫu thuật nội soi Nissen đáy vị
laparoscopic oophorectomy,استئصال المبيض بالمنظار,laparoskopische Ovarektomie,लैप्रोस्कोपिक ओफोरेक्टॉमी,腹腔鏡下卵巣摘出術,ooforectomía laparoscópica,cắt bỏ buồng trứng bằng nội soi
laparoscopic radical prostatectomy,استئصال البروستاتا الجذري بالمنظار,laparoskopische radikale Prostatektomie,लैप्रोस्कोपिक रेडिकल प्रोस्टेटेक्टॉमी,腹腔鏡下根治的前立腺摘除術,prostatectomía radical laparoscópica,phẫu thuật cắt bỏ tuyến tiền liệt triệt để bằng phương pháp nội soi
laparoscopic sterilisation,التعقيم بالمنظار,laparoskopische Sterilisation,लैप्रोस्कोपिक नसबंदी,腹腔鏡下不妊手術,esterilización laparoscópica,triệt sản bằng nội soi
laparoscopic subtotal hysterectomy,استئصال الرحم الجزئي بالمنظار,laparoskopische subtotale Hysterektomie,लैप्रोस्कोपिक सबटोटल हिस्टेरेक्टॉमी,腹腔鏡下部分子宮摘出術,histerectomía subtotal laparoscópica,phẫu thuật cắt bỏ tử cung bán phần nội soi
laparoscopy,تنظير البطن,Laparoskopie,लेप्रोस्कोपी,腹腔鏡検査,laparoscopia,phẫu thuật nội soi
laparoscopy and dye test,تنظير البطن واختبار الصبغة,Laparoskopie und Farbstofftest,लैप्रोस्कोपी और डाई परीक्षण,腹腔鏡検査と色素検査,laparoscopia y prueba de tinción,nội soi và xét nghiệm thuốc nhuộm
laparotomy,فتح البطن,Laparotomie,laparotomy,開腹術,laparotomía,phẫu thuật mở bụng
laryngectomy,استئصال الحنجرة,Laryngektomie,स्वरयंत्र-उच्छेदन,喉頭切除術,laringectomía,phẫu thuật cắt thanh quản
laryngitis,التهاب الحنجرة,Laryngitis,लैरींगाइटिस,喉頭炎,laringitis,viêm thanh quản
laryngoscopy,تنظير الحنجرة,Laryngoskopie,लैरिंजोस्कोपी,喉頭鏡検査,laringoscopia,nội soi thanh quản
laser eye surgery,جراحة العيون بالليزر,Laser-Augenoperation,लेजर नेत्र शल्य चिकित्सा,レーザー眼科手術,cirugía ocular con láser,phẫu thuật mắt bằng laser
lasik surgery,جراحة الليزك,LASIK-Operation,लेसिक सर्जरी,レーシック手術,cirugía LASIK,phẫu thuật lasik
lateral internal sphincterotomy,بضع المصرة الداخلية الجانبي,laterale interne Sphinkterotomie,पार्श्व आंतरिक स्फिंक्टरोटॉमी,外側内括約筋切開術,esfinterotomía interna lateral,cắt cơ vòng trong bên
laxatives,الملينات,Abführmittel,रेचक,下剤,laxantes,thuốc nhuận tràng
lazy eye,العين الكسولة,schielendes Auge,कमजोर नज़र,斜視,ojo vago,mắt lười
lead poisoning,التسمم بالرصاص,Bleivergiftung,सीसा विषाक्तता,鉛中毒,saturnismo,ngộ độc chì
learning disabilities,صعوبات التعلم,Lernbehinderungen,सीखने की अयोग्यता,学習障害,discapacidades de aprendizaje,khuyết tật học tập
leg pain,ألم في الساق,Beinschmerzen,पैर में दर्द,脚の痛み,dolor en la pierna,đau chân
leg ulcers,قرح الساق,Beingeschwüre,पैर के अल्सर,下肢潰瘍,úlceras en las piernas,loét chân
legionnaires' disease,داء الفيالقة,Legionärskrankheit,लेगोनायर रोग,レジオネラ症,legionelosis,Bệnh nhiễm trùng phổi
leprosy,جذام,Lepra,कुष्ठ रोग,ハンセン病,lepra,bệnh phong
leptospirosis,داء البريميات,Leptospirose,लेप्टोस्पाइरोसिस,レプトスピラ症,leptospirosis,bệnh leptospirosis
leukaemia,سرطان الدم,Leukämie,लेकिमिया,白血病,leucemia,bệnh bạch cầu
leukaemia in children,سرطان الدم عند الأطفال,Leukämie bei Kindern,बच्चों में ल्यूकेमिया,小児白血病,leucemia en niños,bệnh bạch cầu ở trẻ em
lewy body disease,مرض أجسام ليوي,Lewy-Körperchen-Krankheit,लेवी बॉडी रोग,レビー小体病,enfermedad de cuerpos de Lewy,bệnh thể Lewy
lgbtiqa+ mental health,الصحة النفسية للمثليين والمتحولين جنسياً,LGBTQ+ psychische Gesundheit,एलजीबीटीआईसीए+ मानसिक स्वास्थ्य,LGBTQ+のメンタルヘルス,salud mental lgttiqa+,sức khỏe tâm thần LGBTIQA+
libido,الرغبة الجنسية,Libido,लीबीदो,性欲,libido,ham muốn tình dục
lice,قمل,Läuse,जूँ,シラミ,piojos,chấy
life stages,مراحل الحياة,Lebensphasen,जीवन की अवस्थाएं,ライフステージ,etapas de la vida,các giai đoạn cuộc sống
lightheadedness,دوار خفيف,Benommenheit,चक्कर,めまい,mareo,chóng mặt
limb injuries,إصابات الأطراف,Gliedmaßenverletzungen,अंगों में चोटें,四肢の負傷,lesiones en las extremidades,chấn thương chi
limb numbness,تنميل الأطراف,Taubheitsgefühl in den Gliedmaßen,अंगों का सुन्न होना,手足のしびれ,entumecimiento de las extremidades,tê bì chân tay
lipoedema,الوذمة الشحمية,Lipödem,लिपोएडेमा,脂肪浮腫,lipedema,phù mỡ
lipoma,الورم الشحمي,Lipom,चर्बी की रसीली,脂肪腫,lipoma,u mỡ
liposuction,شفط الدهون,Fettabsaugung,लिपोसक्शन,脂肪吸引,liposucción,hút mỡ
listeria and listeriosis,الليستيريا وداء الليستريات,Listerien und Listeriose,लिस्टेरिया और लिस्टेरियोसिस,リステリア菌とリステリア症,listeria y listeriosis,vi khuẩn Listeria và bệnh nhiễm khuẩn Listeria
lithium,الليثيوم,Lithium,लिथियम,リチウム,litio,lithium
liver,الكبد,Leber,जिगर,肝臓,hígado,gan
liver biopsy,خزعة الكبد,Leberbiopsie,लीवर बायोप्सी,肝生検,biopsia de hígado,sinh thiết gan
liver cancer,سرطان الكبد,Leberkrebs,लिवर कैंसर,肝臓がん,cáncer de hígado,ung thư gan
liver cirrhosis,تليف الكبد,Leberzirrhose,लिवर सिरोसिस,肝硬変,cirrosis hepática,xơ gan
liver conditions and diseases,أمراض وحالات الكبد,Lebererkrankungen,यकृत संबंधी स्थितियाँ और रोग,肝臓の状態と疾患,afecciones y enfermedades del hígado,các bệnh và vấn đề về gan
liver failure,فشل الكبد,Leberversagen,यकृत का काम करना बंद कर देना,肝不全,insuficiencia hepática,suy gan
liver function tests,اختبارات وظائف الكبد,Leberfunktionstests,लिवर फ़ंक्शन परीक्षण,肝機能検査,pruebas de función hepática,xét nghiệm chức năng gan
living with a terminal illness,التعايش مع مرض عضال,Leben mit einer unheilbaren Krankheit,एक असाध्य बीमारी के साथ जीना,末期疾患と共に生きる,vivir con una enfermedad terminal,Sống chung với căn bệnh nan y
living with dementia,التعايش مع الخرف,Leben mit Demenz,मनोभ्रंश के साथ जीना,認知症と共に生きる,vivir con demencia,sống chung với chứng mất trí nhớ
local anaesthetic,مخدر موضعي,Lokalanästhetikum,स्थानीय निश्चेतक,局所麻酔,anestesia local,thuốc gây tê tại chỗ
loneliness,الوحدة,Einsamkeit,अकेलापन,孤独,soledad,cô đơn
long covid,كوفيد طويل الأمد,Long Covid,लॉन्ग कोविड,ロングコロナ,COVID prolongado,COVID kéo dài
long qt syndrome,متلازمة كيو تي الطويلة,Long-QT-Syndrom,लॉन्ग क्यूटी सिंड्रोम,QT延長症候群,síndrome de QT largo,hội chứng QT kéo dài
long-sightedness,طول النظر,Weitsicht,दूरी की देखना,遠視,hipermetropía,viễn thị
looking after a sick child,رعاية طفل مريض,Betreuung eines kranken Kindes,बीमार बच्चे की देखभाल करना,病気の子供の世話をする,cuidar a un niño enfermo,chăm sóc một đứa trẻ bị ốm
looking after others,متابعة الآخرين,sich um andere kümmern,दूसरों की देखभाल करना,他人の世話をする,cuidar de los demás,chăm sóc người khác
looking after someone with cancer,رعاية شخص مصاب بالسرطان,die Betreuung einer Person mit Krebs,कैंसर से पीड़ित किसी व्यक्ति की देखभाल करना,がん患者の介護,cuidar a alguien con cáncer,chăm sóc người bị ung thư
looking after someone with dementia or alzheimer's disease,رعاية شخص مصاب بالخرف أو مرض الزهايمر,Betreuung einer Person mit Demenz oder Alzheimer-Krankheit,मनोभ्रंश या अल्जाइमर रोग से पीड़ित किसी व्यक्ति की देखभाल करना,認知症やアルツハイマー病の人の介護,cuidar a una persona con demencia o enfermedad de Alzheimer,chăm sóc người bị sa sút trí tuệ hoặc bệnh Alzheimer.
looking after your baby or child’s teeth,العناية بأسنان طفلك أو رضيعك,Die Zahnpflege Ihres Babys oder Kindes,अपने शिशु या बच्चे के दांतों की देखभाल करना,赤ちゃんや子供の歯のケア,Cómo cuidar los dientes de tu bebé o niño,chăm sóc răng miệng cho bé hoặc trẻ nhỏ
looking after your eyes,حماية عينيك,Pflegen Sie Ihre Augen,अपनी आँखों का ख्याल रखना,目のケア,cuidando tus ojos,chăm sóc đôi mắt của bạn
losing interest,فقدان الاهتمام,nachlassendes Interesse,रुचि खोना,興味を失う,perder interés,mất hứng thú
loss,خسارة,Verlust,नुकसान,損失,pérdida,sự mất mát
loss of female libido,فقدان الرغبة الجنسية لدى النساء,Verlust der weiblichen Libido,महिलाओं की कामेच्छा में कमी,女性の性欲減退,pérdida de la libido femenina,mất ham muốn tình dục ở nữ giới
loss of male libido,فقدان الرغبة الجنسية لدى الذكور,Verlust der männlichen Libido,पुरुषों में कामेच्छा में कमी,男性の性欲減退,pérdida de la libido masculina,mất ham muốn tình dục ở nam giới
loss of muscle mass,فقدان كتلة العضلات,Verlust der Muskelmasse,मांसपेशियों के द्रव्यमान में कमी,筋肉量の減少,pérdida de masa muscular,mất khối lượng cơ
lou gehrig's disease,مرض لو جيريج,Lou-Gehrig-Krankheit,लू गेहरिग रोग,筋萎縮性側索硬化症（ルー・ゲーリック病）,enfermedad de Lou Gehrig,bệnh Lou Gehrig
low fodmap diets,حميات غذائية منخفضة الفودماب,Low-FODMAP-Diäten,कम FODMAP आहार,低FODMAP食,dietas bajas en FODMAP,chế độ ăn ít FODMAP
low vision,ضعف البصر,Sehschwäche,कम दृष्टि,弱視,baja visión,thị lực thấp
lower back pain,ألم أسفل الظهر,Schmerzen im unteren Rücken,पीठ के निचले हिस्से में दर्द,腰痛,dolor lumbar,đau lưng dưới
lower limb angiogram and angioplasty,تصوير الأوعية الدموية للأطراف السفلية وتوسيع الأوعية الدموية,Angiographie und Angioplastie der unteren Extremitäten,निचले अंगों का एंजियोग्राम और एंजियोप्लास्टी,下肢血管造影および血管形成術,angiografía y angioplastia de las extremidades inferiores,chụp mạch và nong mạch chi dưới
lsd,إل إس دي,LSD,एलएसडी,LSD,LSD,lsd
lumbago,ألم أسفل الظهر,Lumbago,लूम्बेगो,腰痛,lumbago,đau lưng
lumbar laminectomy,استئصال الصفيحة الفقرية القطنية,lumbale Laminektomie,लम्बर लैमिनेक्टॉमी,腰椎椎弓切除術,laminectomía lumbar,phẫu thuật cắt bỏ bản sống thắt lưng
lumbar microdiscectomy,استئصال القرص القطني المجهري,lumbale Mikrodiskektomie,लम्बर माइक्रोडिस्सेक्टोमी,腰椎椎間板切除術,microdiscectomía lumbar,phẫu thuật vi cắt đĩa đệm cột sống thắt lưng
lumbar puncture,البزل القطني,Lumbalpunktion,लकड़ी का पंचर,腰椎穿刺,punción lumbar,chọc dò tủy sống
lumbar spine,العمود الفقري القطني,Lendenwirbelsäule,काठ का रीढ़,腰椎,columna lumbar,cột sống thắt lưng
lump under armpit,كتلة تحت الإبط,Knoten unter der Achselhöhle,बगल के नीचे गांठ,脇の下のしこり,bulto debajo de la axila,khối u dưới nách
lung biopsy,خزعة الرئة,Lungenbiopsie,फेफड़े की बायोप्सी,肺生検,biopsia pulmonar,sinh thiết phổi
lung cancer,سرطان الرئة,Lungenkrebs,फेफड़े का कैंसर,肺癌,cáncer de pulmón,ung thư phổi
lung cancer screening,فحص سرطان الرئة,Lungenkrebs-Screening,फेफड़ों के कैंसर की जांच,肺がん検診,detección del cáncer de pulmón,sàng lọc ung thư phổi
lung conditions,أمراض الرئة,Lungenerkrankungen,फेफड़ों की स्थितियाँ,肺疾患,afecciones pulmonares,các bệnh về phổi
lupus,الذئبة,Lupus,एक प्रकार का वृक्ष,ループス,lupus,bệnh lupus
lyme disease,مرض لايم,Lyme-Krankheit,लाइम की बीमारी,ライム病,enfermedad de Lyme,bệnh Lyme
lymph nodes,الغدد الليمفاوية,Lymphknoten,लसीकापर्व,リンパ節,ganglios linfáticos,hạch bạch huyết
lymphoedema,الوذمة اللمفية,Lymphödem,लिम्फोएडेमा,リンパ浮腫,linfedema,phù bạch huyết
lymphoma,سرطان الغدد الليمفاوية,Lymphom,लिंफोमा,リンパ腫,linfoma,u lympho
lynch syndrome,متلازمة لينش,Lynchsyndrom,लिंच सिंड्रोम,リンチ症候群,síndrome de Lynch,hội chứng Lynch
lyssavirus,فيروس داء الكلب,Lyssavirus,लिसावायरस,リッサウイルス,lisavirus,lyssavirus
macular degeneration,التنكس البقعي,Makuladegeneration,चकत्तेदार अध: पतन,黄斑変性,degeneración macular,thoái hóa điểm vàng
magnesium and your health,المغنيسيوم وصحتك,Magnesium und Ihre Gesundheit,मैग्नीशियम और आपका स्वास्थ्य,マグネシウムとあなたの健康,El magnesio y su salud,Magie và sức khỏe của bạn
magnesium blood test,فحص المغنيسيوم في الدم,Magnesium-Bluttest,मैग्नीशियम रक्त परीक्षण,マグネシウム血液検査,análisis de sangre de magnesio,xét nghiệm máu magiê
magnesium deficiency,نقص المغنيسيوم,Magnesiummangel,मैग्नीशियम की कमी,マグネシウム欠乏症,deficiencia de magnesio,thiếu magiê
magnetic resonance imaging,التصوير بالرنين المغناطيسي,Magnetresonanztomographie,चुम्बकीय अनुनाद इमेजिंग,磁気共鳴画像法,imágenes por resonancia magnética,chụp cộng hưởng từ
making decisions about unplanned pregnancies,اتخاذ القرارات بشأن حالات الحمل غير المخطط لها,Entscheidungen über ungeplante Schwangerschaften treffen,अनियोजित गर्भधारण के बारे में निर्णय लेना,予期せぬ妊娠に関する意思決定,tomar decisiones sobre embarazos no planificados,đưa ra quyết định về việc mang thai ngoài ý muốn
malabsorption syndromes,متلازمات سوء الامتصاص,Malabsorptionssyndrome,कुअवशोषण सिंड्रोम,吸収不良症候群,síndromes de malabsorción,hội chứng kém hấp thu
malaria,ملاريا,Malaria,मलेरिया,マラリア,malaria,sốt rét
male health,صحة الرجل,Männergesundheit,पुरुषों का स्वास्थ्य,男性の健康,salud masculina,sức khỏe nam giới
male libido,الرغبة الجنسية لدى الرجال,männliche Libido,पुरुष कामेच्छा,男性の性欲,libido masculina,ham muốn tình dục nam giới
male mastectomy,استئصال الثدي عند الذكور,männliche Mastektomie,पुरुषों की मास्टेक्टॉमी,男性乳房切除術,mastectomía masculina,phẫu thuật cắt bỏ vú ở nam giới
male reproductive system,الجهاز التناسلي الذكري,männliches Fortpflanzungssystem,पुरुष प्रजनन तंत्र,男性生殖器系,sistema reproductor masculino,hệ sinh sản nam
male sexual problems,مشاكل جنسية عند الرجال,Sexuelle Probleme bei Männern,पुरुषों की यौन समस्याएं,男性の性的な問題,problemas sexuales masculinos,các vấn đề tình dục ở nam giới
male-pattern baldness,الصلع الذكوري,männlicher Haarausfall,पुरुषों में होने वाला गंजापन,男性型脱毛症,calvicie de patrón masculino,chứng hói đầu ở nam giới
malnutrition,سوء التغذية,Unterernährung,कुपोषण,栄養失調,desnutrición,suy dinh dưỡng
mammography,التصوير الشعاعي للثدي,Mammographie,मैमोग्राफी,マンモグラフィー,mamografía,chụp nhũ ảnh
manage your health in your 40s,اهتم بصحتك في الأربعينيات من عمرك,Ihre Gesundheit in den 40ern im Griff behalten,40 की उम्र में अपने स्वास्थ्य का ध्यान रखें,40代の健康管理,Cuida tu salud a partir de los 40 años.,Quản lý sức khỏe của bạn ở độ tuổi 40
manage your health in your 50s,اهتم بصحتك في الخمسينيات من عمرك,Ihre Gesundheit im Alter von 50 Jahren im Griff behalten,50 की उम्र में अपने स्वास्थ्य का ध्यान रखें,50代の健康管理,Cuida tu salud a partir de los 50 años.,Quản lý sức khỏe của bạn ở độ tuổi 50
manage your health in your 60s,اهتم بصحتك في الستينيات من عمرك,Ihre Gesundheit im Alter von 60 Jahren managen,60 वर्ष की आयु में अपने स्वास्थ्य का ध्यान रखें,60代の健康管理,Cuida tu salud a partir de los 60 años.,Quản lý sức khỏe của bạn ở độ tuổi 60
management of chronic conditions,إدارة الحالات المزمنة,Management chronischer Erkrankungen,दीर्घकालिक स्थितियों का प्रबंधन,慢性疾患の管理,manejo de enfermedades crónicas,quản lý các bệnh mãn tính
managing mood swings,إدارة تقلبات المزاج,Umgang mit Stimmungsschwankungen,मनोदशा में होने वाले उतार-चढ़ाव का प्रबंधन,気分の変動を管理する,controlar los cambios de humor,quản lý sự thay đổi tâm trạng
manic depression,الاكتئاب الهوسي,manische Depression,उन्माद अवसाद,躁うつ病,depresión maníaca,trầm cảm hưng cảm
marfan syndrome,متلازمة مارفان,Marfan-Syndrom,मार्फ़न सिंड्रोम,マルファン症候群,síndrome de Marfan,hội chứng Marfan
marijuana,قنب هندي,Marihuana,मारिजुआना,マリファナ,marijuana,cần sa
massage therapy guide,دليل العلاج بالتدليك,Leitfaden zur Massagetherapie,मालिश चिकित्सा मार्गदर्शिका,マッサージ療法ガイド,guía de terapia de masaje,hướng dẫn trị liệu mát-xa
mastectomy — breast cancer treatment or prevention,استئصال الثدي - علاج أو الوقاية من سرطان الثدي,Mastektomie – Behandlung oder Vorbeugung von Brustkrebs,मैस्टेक्टॉमी — स्तन कैंसर का उपचार या रोकथाम,乳房切除術 ― 乳がんの治療または予防,mastectomía: tratamiento o prevención del cáncer de mama,phẫu thuật cắt bỏ vú — điều trị hoặc phòng ngừa ung thư vú
mastitis,التهاب الثدي,Mastitis,स्तन की सूजन,乳腺炎,mastitis,viêm vú
maternal health and pregnancy,صحة الأم والحمل,Müttergesundheit und Schwangerschaft,मातृ स्वास्थ्य और गर्भावस्था,母体健康と妊娠,salud materna y embarazo,sức khỏe bà mẹ và thai kỳ
maternity care in australia,رعاية الأمومة في أستراليا,Mutterschaftsvorsorge in Australien,ऑस्ट्रेलिया में मातृत्व देखभाल,オーストラリアの産科医療,atención de maternidad en Australia,chăm sóc thai sản ở Úc
maxillary le fort 1 osteotomy,قطع عظم الفك العلوي ليفورت 1,Le-Fort-I-Osteotomie des Oberkiefers,मैक्सिलरी ले फोर्ट 1 ऑस्टियोटॉमी,上顎ルフォー1型骨切り術,Osteotomía maxilar Le Fort 1,phẫu thuật cắt xương hàm trên Le Fort 1
mdma,إم دي إم إيه,MDMA,एमडीएमए,mdma,MDMA,mdma
measles,الحصبة,Masern,खसरा,麻疹,sarampión,bệnh sởi
medical and surgical abortions,الإجهاض الطبي والجراحي,medizinische und chirurgische Schwangerschaftsabbrüche,चिकित्सा और शल्य चिकित्सा गर्भपात,薬物による中絶と外科的中絶,abortos médicos y quirúrgicos,phá thai bằng phương pháp nội khoa và phẫu thuật
medical kits,مجموعات طبية,Erste-Hilfe-Sets,चिकित्सा किट,医療キット,kits médicos,bộ dụng cụ y tế
medical terms glossary,مسرد المصطلحات الطبية,Glossar medizinischer Fachbegriffe,चिकित्सा शब्दावली,医療用語集,glosario de términos médicos,bảng thuật ngữ y khoa
medicare,الرعاية الطبية,Medicare,चिकित्सा,メディケア,seguro médico del estado,bảo hiểm y tế
medicare safety nets,شبكات الأمان الصحي,Medicare-Sicherheitsnetze,मेडिकेयर सुरक्षा जाल,メディケアのセーフティネット,redes de seguridad de Medicare,mạng lưới an sinh xã hội của Medicare
medication,دواء,Medikamente,दवाई,薬,medicamento,thuốc
medicinal cannabis,القنب الطبي,medizinisches Cannabis,औषधीय भांग,医療用大麻,cannabis medicinal,cần sa y tế
medicine recalls,سحب الأدوية من الأسواق,Rückrufe von Medikamenten,दवा वापस मंगाई गई,医薬品のリコール,retirada de medicamentos del mercado,thu hồi thuốc
medicines,الأدوية,Medikamente,दवाइयाँ,薬,medicamentos,các loại thuốc
medicines and addiction,الأدوية والإدمان,Medikamente und Sucht,दवाइयाँ और लत,薬物と依存症,Medicamentos y adicción,thuốc và nghiện
medicines and alcohol,الأدوية والكحول,Medikamente und Alkohol,दवाइयाँ और शराब,薬とアルコール,medicamentos y alcohol,thuốc và rượu
medicines and breastfeeding,الأدوية والرضاعة الطبيعية,Medikamente und Stillen,दवाइयाँ और स्तनपान,薬と授乳,medicamentos y lactancia materna,thuốc và cho con bú
medicines and driving,الأدوية والقيادة,Medikamente und Autofahren,दवाइयाँ और ड्राइविंग,薬と運転,medicamentos y conducción,thuốc men và lái xe
medicines for babies and children,أدوية للأطفال والرضع,Medikamente für Babys und Kinder,शिशुओं और बच्चों के लिए दवाइयाँ,乳幼児向け医薬品,medicamentos para bebés y niños,thuốc dành cho trẻ sơ sinh và trẻ em
medicines for bipolar disorder,أدوية لعلاج اضطراب ثنائي القطب,Medikamente gegen bipolare Störung,द्विध्रुवी विकार के लिए दवाएँ,双極性障害の薬,medicamentos para el trastorno bipolar,thuốc điều trị rối loạn lưỡng cực
medicines for colds,أدوية لعلاج نزلات البرد,Medikamente gegen Erkältungen,सर्दी-जुकाम की दवाइयाँ,風邪薬,medicamentos para el resfriado,thuốc trị cảm lạnh
medicines for pain,أدوية لتسكين الألم,Schmerzmittel,दर्द निवारक दवाइयाँ,痛み止め薬,medicamentos para el dolor,thuốc giảm đau
medicines safety for older people,سلامة الأدوية لكبار السن,Arzneimittelsicherheit für ältere Menschen,वृद्ध लोगों के लिए दवाओं की सुरक्षा,高齢者の医薬品の安全性,Seguridad de los medicamentos para las personas mayores,sự an toàn của thuốc đối với người cao tuổi
medicines to treat nicotine dependence,أدوية لعلاج إدمان النيكوتين,Medikamente zur Behandlung der Nikotinabhängigkeit,निकोटिन की लत के इलाज के लिए दवाएं,ニコチン依存症を治療するための薬,Medicamentos para tratar la dependencia de la nicotina,thuốc điều trị chứng nghiện nicotine
meditation,تأمل,Meditation,ध्यान,瞑想,meditación,thiền định
mediterranean diet,حمية البحر الأبيض المتوسط,mediterrane Ernährung,भूमध्यसागरीय आहार,地中海式ダイエット,dieta mediterránea,chế độ ăn Địa Trung Hải
melancholia,الكآبة,Melancholie,विषाद,メランコリア,melancolía,chứng trầm cảm
melanoma,سرطان الجلد,Melanom,मेलेनोमा,メラノーマ,melanoma,u hắc tố
melatonin,الميلاتونين,Melatonin,मेलाटोनिन,メラトニン,melatonina,melatonin
melioidosis,داء الميليودوز,Melioidose,melioidosis,類鼻疽,melioidosis,bệnh melioidosis
memory concerns,مشاكل في الذاكرة,Gedächtnisprobleme,स्मृति संबंधी समस्याएं,記憶に関する懸念,problemas de memoria,những lo ngại về trí nhớ
memory disorders,اضطرابات الذاكرة,Gedächtnisstörungen,स्मृति विकार,記憶障害,trastornos de la memoria,rối loạn trí nhớ
men and depression,الرجال والاكتئاب,Männer und Depression,पुरुष और अवसाद,男性と鬱病,hombres y depresión,đàn ông và chứng trầm cảm
men and mental health,الرجال والصحة النفسية,Männer und psychische Gesundheit,पुरुष और मानसिक स्वास्थ्य,男性とメンタルヘルス,Los hombres y la salud mental,nam giới và sức khỏe tâm thần
men's health,صحة الرجال,Männergesundheit,पुरुषों का स्वास्थ्य,男性用健康,salud masculina,sức khỏe nam giới
meniere’s disease,مرض منيير,Morbus Menière,मेनियर रोग,メニエール病,enfermedad de Ménière,bệnh Meniere
meningitis,التهاب السحايا,Meningitis,मस्तिष्कावरण शोथ,髄膜炎,meningitis,viêm màng não
meningococcal disease,مرض المكورات السحائية,Meningokokkenerkrankung,मेनिंगोकोकल रोग,髄膜炎菌感染症,enfermedad meningocócica,bệnh não mô cầu
menopausal hormone therapy,العلاج الهرموني لانقطاع الطمث,Hormontherapie in den Wechseljahren,रजोनिवृत्ति हार्मोन थेरेपी,更年期ホルモン療法,terapia hormonal para la menopausia,liệu pháp hormone mãn kinh
menopause,سن اليأس,Menopause,रजोनिवृत्ति,閉経,menopausia,mãn kinh
menopause - managing symptoms without medication,انقطاع الطمث - إدارة الأعراض بدون أدوية,Wechseljahre – Symptome ohne Medikamente lindern,रजोनिवृत्ति - बिना दवा के लक्षणों का प्रबंधन,更年期障害 - 薬を使わずに症状を管理する,Menopausia: cómo controlar los síntomas sin medicamentos.,Mãn kinh - kiểm soát các triệu chứng mà không cần dùng thuốc
menorrhagia,غزارة الطمث,Menorrhagie,अत्यार्तव,月経過多,menorragia,rong kinh
menstruation,الحيض,Menstruation,माहवारी,月経,menstruación,kinh nguyệt
mental health,الصحة النفسية,psychische Gesundheit,मानसिक स्वास्थ्य,メンタルヘルス,salud mental,sức khỏe tâm thần
mental health - where to get help,الصحة النفسية - أين يمكن الحصول على المساعدة,Psychische Gesundheit – Wo man Hilfe findet,मानसिक स्वास्थ्य - सहायता कहाँ से प्राप्त करें,メンタルヘルス - 支援を受ける場所,Salud mental: dónde obtener ayuda,Sức khỏe tâm thần - tìm kiếm sự trợ giúp ở đâu
mental health and aboriginal and torres strait islander people,الصحة النفسية وسكان أستراليا الأصليين وسكان جزر مضيق توريس,psychische Gesundheit und die Aborigines und Torres-Strait-Insulaner,मानसिक स्वास्थ्य और आदिवासी और टोरेस स्ट्रेट द्वीप समूह के लोग,メンタルヘルスとアボリジニおよびトレス海峡諸島の人々,salud mental y pueblos aborígenes e isleños del estrecho de Torres,sức khỏe tâm thần và người bản địa và người dân đảo Torres Strait
mental health and kids,الصحة النفسية والأطفال,psychische Gesundheit und Kinder,मानसिक स्वास्थ्य और बच्चे,メンタルヘルスと子供たち,salud mental y niños,sức khỏe tâm thần và trẻ em
mental health and menopause,الصحة النفسية وانقطاع الطمث,psychische Gesundheit und Wechseljahre,मानसिक स्वास्थ्य और रजोनिवृत्ति,メンタルヘルスと更年期,salud mental y menopausia,sức khỏe tâm thần và mãn kinh
mental health and older adults,الصحة النفسية وكبار السن,psychische Gesundheit und ältere Erwachsene,मानसिक स्वास्थ्य और वृद्ध वयस्क,高齢者のメンタルヘルス,salud mental y adultos mayores,sức khỏe tâm thần và người cao tuổi
mental health and teenagers,الصحة النفسية والمراهقون,psychische Gesundheit und Teenager,मानसिक स्वास्थ्य और किशोर,メンタルヘルスと十代の若者,salud mental y adolescentes,sức khỏe tâm thần và thanh thiếu niên
mental health and wellbeing,الصحة النفسية والرفاهية,psychische Gesundheit und Wohlbefinden,मानसिक स्वास्थ्य और कल्याण,メンタルヘルスとウェルビーイング,salud mental y bienestar,sức khỏe tâm thần và hạnh phúc
mental health care costs,تكاليف الرعاية الصحية النفسية,Kosten für psychische Gesundheitsversorgung,मानसिक स्वास्थ्य देखभाल की लागत,精神医療費,costos de la atención de salud mental,chi phí chăm sóc sức khỏe tâm thần
mental health conditions,حالات الصحة العقلية,psychische Erkrankungen,मानसिक स्वास्थ्य स्थितियाँ,精神疾患,trastornos de salud mental,các bệnh lý sức khỏe tâm thần
mental health crisis support,دعم الأزمات النفسية,Unterstützung bei psychischen Krisen,मानसिक स्वास्थ्य संकट सहायता,メンタルヘルス危機支援,apoyo en crisis de salud mental,hỗ trợ khủng hoảng sức khỏe tâm thần
mental health first aid,الإسعافات الأولية للصحة النفسية,Erste Hilfe für psychische Gesundheit,मानसिक स्वास्थ्य प्राथमिक उपचार,メンタルヘルス応急処置,primeros auxilios en salud mental,sơ cứu sức khỏe tâm thần
mental health helplines,خطوط المساعدة للصحة النفسية,Telefonseelsorge für psychische Gesundheit,मानसिक स्वास्थ्य हेल्पलाइन,メンタルヘルス相談窓口,Líneas de ayuda para la salud mental,đường dây trợ giúp sức khỏe tâm thần
mental health nurses,ممرضات الصحة النفسية,psychiatrische Krankenpfleger,मानसिक स्वास्थ्य नर्स,精神科看護師,enfermeras de salud mental,y tá sức khỏe tâm thần
mental health professionals,أخصائيو الصحة النفسية,Fachkräfte für psychische Gesundheit,मानसिक स्वास्थ्य पेशेवर,精神保健専門家,profesionales de la salud mental,các chuyên gia sức khỏe tâm thần
mental health recovery,التعافي من الأمراض النفسية,Genesung von psychischen Erkrankungen,मानसिक स्वास्थ्य पुनर्प्राप्ति,メンタルヘルスの回復,recuperación de la salud mental,phục hồi sức khỏe tâm thần
mental health resources,موارد الصحة النفسية,Ressourcen zur psychischen Gesundheit,मानसिक स्वास्थ्य संसाधन,メンタルヘルス関連情報,recursos de salud mental,nguồn lực sức khỏe tâm thần
mental health services,خدمات الصحة النفسية,psychiatrische Dienste,मानसिक स्वास्थ्य सेवाएं,メンタルヘルスサービス,servicios de salud mental,dịch vụ sức khỏe tâm thần
mental health signs of illness,علامات المرض النفسي,Anzeichen einer psychischen Erkrankung,मानसिक स्वास्थ्य संबंधी बीमारी के लक्षण,精神疾患の兆候,signos de enfermedad mental,các dấu hiệu bệnh lý về sức khỏe tâm thần
mental health treatment plan,خطة علاج الصحة النفسية,Behandlungsplan für psychische Gesundheit,मानसिक स्वास्थ्य उपचार योजना,精神保健治療計画,plan de tratamiento de salud mental,kế hoạch điều trị sức khỏe tâm thần
mental illness,المرض العقلي,Geisteskrankheit,मानसिक बिमारी,精神疾患,enfermedad mental,bệnh tâm thần
mental illness signs,علامات المرض العقلي,Anzeichen einer psychischen Erkrankung,मानसिक बीमारी के लक्षण,精神疾患の兆候,signos de enfermedad mental,dấu hiệu bệnh tâm thần
mental illness stigma,وصمة المرض العقلي,Stigmatisierung psychischer Erkrankungen,मानसिक बीमारी का कलंक,精神疾患に対する偏見,estigma de la enfermedad mental,kỳ thị bệnh tâm thần
mers,mers,mers,एमईआरएस,マーズ,los meros,mers
mesenteric adenitis,التهاب العقد اللمفاوية المساريقية,Mesenteriale Lymphadenitis,मेसेंटेरिक एडेनाइटिस,腸間膜リンパ節炎,adenitis mesentérica,viêm hạch mạc treo
mesothelioma,ورم المتوسطة,Mesotheliom,मेसोथेलियोमा,中皮腫,mesotelioma,u trung biểu mô
metabolic diseases,الأمراض الأيضية,Stoffwechselerkrankungen,चयापचय संबंधी रोग,代謝性疾患,enfermedades metabólicas,bệnh chuyển hóa
metabolic syndrome,متلازمة التمثيل الغذائي,Metabolisches Syndrom,चयापचयी लक्षण,メタボリックシンドローム,síndrome metabólico,hội chứng chuyển hóa
metabolism,الاسْتِقْلاب,Stoffwechsel,चयापचय,代謝,metabolismo,chuyển hóa
metastatic breast cancer,سرطان الثدي النقيلي,metastasierter Brustkrebs,मेटास्टेटिक स्तन कैंसर,転移性乳がん,cáncer de mama metastásico,ung thư vú di căn
metformin,ميتفورمين,Metformin,मेटफार्मिन,メトホルミン,metformina,metformin
methadone,الميثادون,Methadon,मेथाडोन,メタドン,metadona,methadone
microbiome; gut microbiome,الميكروبيوم؛ ميكروبيوم الأمعاء,Mikrobiom; Darmmikrobiom,माइक्रोबायोम; आंत माइक्रोबायोम,マイクロバイオーム；腸内マイクロバイオーム,microbioma; microbioma intestinal,hệ vi sinh vật; hệ vi sinh vật đường ruột
microdermabrasion,التقشير الدقيق للبشرة,Mikrodermabrasion,Microdermabrasion,マイクロダーマブレーション,microdermoabrasión,mài da vi điểm
microdochectomy,استئصال القناة المنوية الصغيرة,Mikrodockinese,माइक्रोडोचेक्टोमी,マイクロドケクトミー,microdoquectomía,phẫu thuật cắt bỏ một phần ống dẫn tinh
migraine,صداع نصفي,Migräne,माइग्रेन,片頭痛,migraña,chứng đau nửa đầu
milia,الدخينات,Milien,मिलिया,ミリア,milia,mụn thịt
miliaria,الدخنية,Miliaria,घमौरी,汗疹,miliaria,miliaria
mindfulness,اليقظة الذهنية,Achtsamkeit,सचेतन,マインドフルネス,consciencia,chánh niệm
mineral and vitamin deficiency,نقص المعادن والفيتامينات,Mineral- und Vitaminmangel,खनिज और विटामिन की कमी,ミネラルとビタミンの欠乏,deficiencia de minerales y vitaminas,thiếu khoáng chất và vitamin
minerals and vitamins a-z,المعادن والفيتامينات من الألف إلى الياء,Mineralstoffe und Vitamine A-Z,खनिज और विटामिन ए-जेड,ミネラルとビタミン A-Z,minerales y vitaminas de la A a la Z,khoáng chất và vitamin từ A đến Z
minerals and vitamins explained,شرح المعادن والفيتامينات,Mineralstoffe und Vitamine erklärt,खनिज और विटामिनों की व्याख्या,ミネラルとビタミンについて,Explicación de minerales y vitaminas,giải thích về khoáng chất và vitamin
mini pill,حبة صغيرة,Minipille,मिनी गोली,ミニピル,minipíldora,viên thuốc nhỏ
mini-mental state examination,فحص الحالة العقلية المصغر,Mini-Mental-Status-Test,लघु मानसिक अवस्था परीक्षण,ミニメンタルステート検査,examen mini-mental,kiểm tra trạng thái tâm thần thu nhỏ
mirtazapine,ميرتازابين,Mirtazapin,mirtazapine,ミルタザピン,mirtazapina,mirtazapine
miscarriage,الإجهاض,Fehlgeburt,गर्भपात,流産,aborto espontáneo,sảy thai
mite,العث,Milbe,घुन,ダニ,ácaro,bọ ve
mitral valve surgery,جراحة الصمام التاجي,Mitralklappenoperation,माइट्रल वाल्व सर्जरी,僧帽弁手術,cirugía de la válvula mitral,phẫu thuật van hai lá
mobility aids,وسائل مساعدة على الحركة,Mobilitätshilfen,गतिशीलता सहायता,移動補助具,ayudas para la movilidad,thiết bị hỗ trợ di chuyển
moles,الشامات,Mole,तिल,モル,lunares,nốt ruồi
molluscum contagiosum,المليساء المعدية,Molluscum contagiosum,मोलस्कम कॉन्टेजियोसम,伝染性軟属腫,molusco contagioso,bệnh u nhú lây nhiễm
monkeypox,جدري القرود,Affenpocken,मंकीपॉक्स,サル痘,viruela del mono,bệnh đậu mùa khỉ
mood disorders,اضطرابات المزاج,Stimmungsstörungen,मनोदशा विकार,気分障害,trastornos del estado de ánimo,rối loạn tâm trạng
mood swings,تقلبات المزاج,Stimmungsschwankungen,मिजाज,気分の変動,cambios de humor,thay đổi tâm trạng
morning after pill,حبوب منع الحمل الطارئة,Pille danach,सुबह गोली के बाद,緊急避妊薬,píldora del día después,thuốc tránh thai khẩn cấp
morning sickness,غثيان الصباح,Schwangerschaftsübelkeit,सुबह की बीमारी,つわり,náuseas matutinas,ốm nghén
morphine,مورفين,Morphium,अफ़ीम का सत्त्व,モルヒネ,morfina,morphin
mosquito bites,لدغات البعوض,Mückenstiche,मच्छर का काटना,蚊に刺された,picaduras de mosquitos,vết muỗi đốt
mosquito-borne diseases,الأمراض التي ينقلها البعوض,durch Mücken übertragene Krankheiten,मच्छर जनित रोग,蚊媒介性疾患,enfermedades transmitidas por mosquitos,bệnh do muỗi truyền
motion sickness,دوار الحركة,Reisekrankheit,मोशन सिकनेस,乗り物酔い,mareo por movimiento,say tàu xe
motivation: how to get started,الدافع: كيفية البدء,Motivation: Wie fängt man an?,प्रेरणा: शुरुआत कैसे करें,モチベーション：始め方,Motivación: cómo empezar,Động lực: Làm thế nào để bắt đầu
motor neurone disease,مرض العصبون الحركي,Motoneuronerkrankung,मोटर न्यूरॉन रोग,運動ニューロン疾患,enfermedad de la neurona motora,bệnh thoái hóa thần kinh vận động
mountain sickness,داء المرتفعات,Höhenkrankheit,पर्वतीय रोग,高山病,mal de altura,bệnh núi
mouth and teeth,الفم والأسنان,Mund und Zähne,मुंह और दांत,口と歯,boca y dientes,miệng và răng
mouth and tongue cuts,جروح الفم واللسان,Schnitte im Mund- und Zungenbereich,मुंह और जीभ में कट,口と舌の切り傷,Cortes en la boca y la lengua,vết cắt miệng và lưỡi
mouth cancer,سرطان الفم,Mundkrebs,मुंह का कैंसर,口腔がん,cáncer de boca,ung thư miệng
mouth diseases and conditions,أمراض وحالات الفم,Mundkrankheiten und -zustände,मुंह के रोग और स्थितियां,口腔疾患および症状,enfermedades y afecciones bucales,các bệnh và tình trạng về miệng
mouth sores and ulcers,تقرحات الفم,Mundgeschwüre und Aphten,मुंह के छाले और घाव,口内炎と潰瘍,llagas y úlceras en la boca,vết loét và vết thương trong miệng
movement disorders,اضطرابات الدورة الشهرية,Bewegungsstörungen,गति विकार,運動障害,trastornos del movimiento,rối loạn vận động
mpox,mpox,mpox,mpox,mpox,mpox,mpox
mri,التصوير بالرنين المغناطيسي,MRT,एमआरआई,MRI,resonancia magnética,chụp cộng hưởng từ
mrsa,MRSA,MRSA,मरसा,MRSA,SARM,mrsa
ms,آنسة,MS,एमएस,MS,EM,bệnh đa xơ cứng
ms-2 step,الخطوة ms-2,ms-2 Schritt,एमएस-2 चरण,ms-2ステップ,Paso ms-2,bước ms-2
multiple myeloma,ورم نقيي متعدد,Multiples Myelom,एकाधिक मायलोमा,多発性骨髄腫,mieloma múltiple,bệnh đa u tủy
multiple personality disorder,اضطراب الشخصية المتعددة,multiple Persönlichkeitsstörung,बहु व्यक्तित्व विकार,多重人格障害,trastorno de personalidad múltiple,rối loạn đa nhân cách
multiple sclerosis,تصلب متعدد,Multiple Sklerose,मल्टीपल स्क्लेरोसिस,多発性硬化症,esclerosis múltiple,bệnh đa xơ cứng
mumps,النكاف,Mumps,कण्ठमाला का रोग,おたふく風邪,paperas,quai bị
murray valley encephalitis,التهاب الدماغ في وادي موراي,Murray-Valley-Enzephalitis,मरे घाटी एन्सेफलाइटिस,マレーバレー脳炎,encefalitis del valle de Murray,viêm não thung lũng Murray
muscle aches and pains,آلام العضلات,Muskelkater und -schmerzen,मांसपेशियों में दर्द और पीड़ा,筋肉の痛み,dolores y molestias musculares,đau nhức cơ bắp
muscle mass,كتلة العضلات,Muskelmasse,मांसपेशियों,筋肉量,masa muscular,khối lượng cơ bắp
muscle relaxation and stress relief,استرخاء العضلات وتخفيف التوتر,Muskelentspannung und Stressabbau,मांसपेशियों को आराम और तनाव से राहत,筋肉の弛緩とストレス解消,relajación muscular y alivio del estrés,thư giãn cơ bắp và giảm căng thẳng
muscular dystrophy,ضمور العضلات,Muskeldystrophie,मांसपेशीय डिस्ट्रॉफी,筋ジストロフィー,distrofia muscular,loạn dưỡng cơ
my health record,سجلي الصحي,meine Gesundheitsakte,मेरा स्वास्थ्य रिकॉर्ड,私の健康記録,mi historial médico,hồ sơ sức khỏe của tôi
myalgic encephalomyelitis,التهاب الدماغ والنخاع العضلي المؤلم,Myalgische Enzephalomyelitis,मायलजिक एन्सेफेलोमाइलाइटिस,筋痛性脳脊髄炎,encefalomielitis miálgica,viêm não cơ
myasthenia gravis,الوهن العضلي الوبيل,Myasthenia gravis,मियासथीनिया ग्रेविस,重症筋無力症,miastenia gravis,bệnh nhược cơ
mycoplasma pneumoniae,الميكوبلازما الرئوية,Mycoplasma pneumoniae,माइकोप्लाज्मा न्यूमोनिया,マイコプラズマ肺炎,micoplasma pneumoniae,vi khuẩn Mycoplasma pneumoniae
myocardial infarction,formal: احتشاء عضلة القلب | informal: نوبة قلبية,formal: Myokardinfarkt | informal: Herzinfarkt,formal: मायोकार्डियल इन्फार्क्शन | informal: दिल का दौरा,"formal: 心筋梗塞 | informal: 心臓麻痺, 心臓発作","formal: infarto de miocardio | informal: ataque al corazón, infarto de miocardio","formal: nhồi máu cơ tim | informal: đột quỵ tim, đau tim"
myocarditis,التهاب عضل القلب,Myokarditis,मायोकार्डिटिस,心筋炎,miocarditis,viêm cơ tim
myoma,ورم ليفي,Myom,मायोमा,子宮筋腫,mioma,u xơ tử cung
myopia,قصر النظر,Kurzsichtigkeit,मायोपिया,近視,miopía,cận thị
myringoplasty,رأب طبلة الأذن,Myringoplastik,मायरिंगोप्लास्टी,鼓膜形成術,miringoplastia,phẫu thuật vá màng nhĩ
nappy rash,طفح الحفاض,Windeldermatitis,नेपी रेश,おむつかぶれ,dermatitis del pañal,hăm tã
narcissistic personality disorder,اضطراب الشخصية النرجسية,narzisstische Persönlichkeitsstörung,आत्ममुग्ध व्यक्तित्व विकार,自己愛性パーソナリティ障害,trastorno de personalidad narcisista,rối loạn nhân cách ái kỷ
natural disasters,الكوارث الطبيعية,Naturkatastrophen,प्राकृतिक आपदाएं,自然災害,desastres naturales,thiên tai
natural family planning,تنظيم الأسرة الطبيعي,natürliche Familienplanung,प्राकृतिक परिवार नियोजन,自然家族計画,planificación familiar natural,kế hoạch hóa gia đình tự nhiên
nausea,"formal: غثيان | informal: لوعة, غثيان في المعدة","formal: Übelkeit | informal: Unwohlsein, Flaues Gefühl im Magen","formal: मतली | informal: उबकाई आना, जी घबराना","formal: 吐き気 | informal: 気持ち悪さ, 吐き気がする","formal: náuseas | informal: ganas de vomitar, revuelto del estómago","formal: buồn nôn | informal: nôn nao, mắc ói"
nausea - morning sickness,الغثيان - غثيان الصباح,Übelkeit - Schwangerschaftsübelkeit,मतली - मॉर्निंग सिकनेस,吐き気 - つわり,náuseas - vómitos matutinos,buồn nôn - ốm nghén
neck pain,ألم في الرقبة,Nackenschmerzen,गर्दन में दर्द,首の痛み,dolor de cuello,đau cổ
necrotising fasciitis,التهاب اللفافة الناخر,nekrotisierende Fasziitis,नेक्रोटाइजिंग फासिटिस,壊死性筋膜炎,fascitis necrosante,viêm cân hoại tử
needlestick injuries,إصابات وخز الإبر,Nadelstichverletzungen,सुई चुभने से होने वाली चोटें,針刺し事故,lesiones por pinchazos de aguja,chấn thương do kim đâm
nephrostomy,فغر الكلية,Nephrostomie,नेफ्रोस्टोमी,腎瘻造設術,nefrostomía,mở thông thận
nephrotic syndrome,المتلازمة الكلوية,nephrotisches Syndrom,नेफ़्रोटिक सिंड्रोम,ネフローゼ症候群,síndrome nefrótico,hội chứng thận hư
nerve pain,ألم عصبي المنشأ,Nervenschmerzen,तंत्रिका दर्द,神経痛,neuralgia,đau dây thần kinh
nerve pain medication,مسكنات آلام الأعصاب,Medikamente gegen Nervenschmerzen,तंत्रिका दर्द की दवा,神経痛薬,medicamentos para el dolor nervioso,thuốc giảm đau thần kinh
nervous breakdown,انهيار عصبي,Nervenzusammenbruch,तंत्रिका अवरोध,神経衰弱,crisis nerviosa,suy sụp thần kinh
nervous system,الجهاز العصبي,Nervensystem,तंत्रिका तंत्र,神経系,sistema nervioso,hệ thần kinh
nervous system diseases,أمراض الجهاز العصبي,Erkrankungen des Nervensystems,तंत्रिका तंत्र रोग,神経系の疾患,enfermedades del sistema nervioso,bệnh lý hệ thần kinh
nettle rash,طفح القراص,Nesselausschlag,बिछुआ के चकत्ते,蕁麻疹,erupción por ortiga,phát ban do cây tầm ma
neuroblastoma in children,الورم الأرومي العصبي عند الأطفال,Neuroblastom bei Kindern,बच्चों में न्यूरोब्लास्टोमा,小児の神経芽腫,neuroblastoma en niños,u nguyên bào thần kinh ở trẻ em
neurodiversity and neurodivergence,التنوع العصبي والاختلاف العصبي,Neurodiversität und Neurodivergenz,न्यूरोडायवर्सिटी और न्यूरोडायवर्जेंस,神経多様性と神経発達,neurodiversidad y neurodivergencia,sự đa dạng thần kinh và sự khác biệt thần kinh
neuroendocrine cancers,سرطانات الغدد الصماء العصبية,neuroendokrine Tumoren,न्यूरोएंडोक्राइन कैंसर,神経内分泌腫瘍,cánceres neuroendocrinos,ung thư thần kinh nội tiết
neurofibromatosis,الورم الليفي العصبي,Neurofibromatose,न्यूरोफाइब्रोमेटोसिस,神経線維腫症,neurofibromatosis,bệnh u sợi thần kinh
neurologist,طبيب أعصاب,Neurologe,न्यूरोलॉजिस्ट,神経科医,neurólogo,bác sĩ thần kinh
neuromuscular system,الجهاز العصبي العضلي,neuromuskuläres System,तंत्रिकामांसपेशी प्रणाली,神経筋系,sistema neuromuscular,hệ thần kinh cơ
neuropathy,اعتلال الأعصاب,Neuropathie,न्युरोपटी,神経障害,neuropatía,bệnh thần kinh
neurosurgeon,جراح أعصاب,Neurochirurg,न्यूरोसर्जन,脳神経外科医,neurocirujano,bác sĩ phẫu thuật thần kinh
neutropenia,قلة العدلات,Neutropenie,न्यूट्रोपिनिय,好中球減少症,neutropenia,giảm bạch cầu trung tính
nicotine and smoking,النيكوتين والتدخين,Nikotin und Rauchen,निकोटिन और धूम्रपान,ニコチンと喫煙,nicotina y tabaquismo,nicotine và hút thuốc
nicotine dependence medicines,أدوية علاج إدمان النيكوتين,Medikamente gegen Nikotinabhängigkeit,निकोटिन की लत की दवाएँ,ニコチン依存症治療薬,medicamentos para la dependencia de la nicotina,thuốc điều trị nghiện nicotine
night sweats,التعرق الليلي,Nachtschweiß,रात का पसीना,寝汗,sudores nocturnos,đổ mồ hôi ban đêm
nipah virus,فيروس نيباه,Nipah-Virus,निपाह वायरस,ニパウイルス,virus nipah,virus nipah
nocturia,التبول الليلي,Nykturie,निशामेह,夜間頻尿,noche,tiểu đêm
non-hodgkin lymphoma,سرطان الغدد الليمفاوية اللاهودجكينية,Non-Hodgkin-Lymphom,नॉन-हॉजकिन लिंफोमा,非ホジキンリンパ腫,linfoma no Hodgkin,u lympho không Hodgkin
non-hodgkin lymphoma in children,سرطان الغدد الليمفاوية اللاهودجكينية عند الأطفال,Non-Hodgkin-Lymphom bei Kindern,बच्चों में नॉन-हॉजकिन लिंफोमा,小児の非ホジキンリンパ腫,linfoma no Hodgkin en niños,u lympho không Hodgkin ở trẻ em
noonan syndrome,متلازمة نونان,Noonan-Syndrom,नूनन सिंड्रोम,ヌーナン症候群,síndrome de Noonan,hội chứng Noonan
norovirus infection,عدوى فيروس نوروفيروس,Norovirus-Infektion,नोरोवायरस संक्रमण,ノロウイルス感染症,infección por norovirus,nhiễm trùng norovirus
nose and throat,الأنف والحلق,Nase und Rachen,नाक और गला,鼻と喉,nariz y garganta,mũi và họng
nose cancer,سرطان الأنف,Nasenkrebs,नाक का कैंसर,鼻がん,cáncer de nariz,ung thư mũi
nosebleeds,نزيف الأنف,Nasenbluten,नाक से खून आना,鼻血,hemorragias nasales,chảy máu mũi
notification of illness and disease,الإبلاغ عن المرض والحالة الصحية,Meldung von Krankheit und Krankheit,बीमारी और रोग की सूचना,病気および疾病の届出,notificación de enfermedades y dolencias,thông báo về bệnh tật
nurses,الممرضات,Krankenschwestern,नर्स,看護師,enfermeras,y tá
nursing home care,رعاية المسنين في دور الرعاية,Pflegeheimbetreuung,नर्सिंग होम देखभाल,介護施設でのケア,atención en residencia de ancianos,chăm sóc tại nhà dưỡng lão
nursing post,وظيفة التمريض,Krankenpflegestelle,नर्सिंग पद,看護師の投稿,puesto de enfermería,vị trí điều dưỡng
nut allergies,حساسية المكسرات,Nussallergien,मेवों से एलर्जी,ナッツアレルギー,alergias a los frutos secos,dị ứng hạt
nutrition,تَغذِيَة,Ernährung,पोषण,栄養,nutrición,dinh dưỡng
nutrition and healthy eating,التغذية والأكل الصحي,Ernährung und gesunde Ernährung,पोषण और स्वस्थ खानपान,栄養と健康的な食生活,nutrición y alimentación saludable,dinh dưỡng và ăn uống lành mạnh
obesity,بدانة,Fettleibigkeit,मोटापा,肥満,obesidad,béo phì
obesity in children,السمنة عند الأطفال,Fettleibigkeit bei Kindern,बच्चों में मोटापा,小児肥満,obesidad en niños,béo phì ở trẻ em
object,هدف,Objekt,वस्तु,物体,objeto,sự vật
objects in the ear,أجسام في الأذن,Gegenstände im Ohr,कान में वस्तुएं,耳の中の異物,objetos en el oído,vật thể trong tai
objects in the nose,أجسام في الأنف,Fremdkörper in der Nase,नाक में वस्तुएं,鼻の中の異物,objetos en la nariz,vật thể trong mũi
objects or chemicals in the eye,دخول أجسام غريبة أو مواد كيميائية في العين,Fremdkörper oder Chemikalien im Auge,आँख में वस्तुएँ या रसायन चले जाना,目に異物や化学物質が入った場合,objetos o sustancias químicas en el ojo,vật thể hoặc hóa chất trong mắt
obsessive-compulsive disorder,اضطراب الوسواس القهري,Zwangsstörung,अनियंत्रित जुनूनी विकार,強迫性障害,trastorno obsesivo compulsivo,chứng rối loạn ám ảnh cưỡng chế
obstructive sleep apnoea,انقطاع النفس الانسدادي النومي,obstruktive Schlafapnoe,अवरोधक स्लीप एपनिया,閉塞性睡眠時無呼吸,apnea obstructiva del sueño,chứng ngưng thở khi ngủ do tắc nghẽn
occupational therapy,العلاج الوظيفي,Beschäftigungstherapie,व्यावसायिक चिकित्सा,作業療法,terapia ocupacional,trị liệu nghề nghiệp
oesophageal cancer,سرطان المريء,Speiseröhrenkrebs,ग्रासनली का कैंसर,食道がん,cáncer de esófago,ung thư thực quản
oestrogen blood test,اختبار هرمون الاستروجين في الدم,Östrogen-Bluttest,एस्ट्रोजन रक्त परीक्षण,エストロゲン血液検査,análisis de sangre de estrógeno,xét nghiệm máu estrogen
older adults,كبار السن,ältere Erwachsene,वृद्ध वयस्कों,高齢者,adultos mayores,người lớn tuổi
older people and depression,كبار السن والاكتئاب,ältere Menschen und Depression,वृद्ध लोग और अवसाद,高齢者と鬱病,personas mayores y depresión,người cao tuổi và chứng trầm cảm
older people and mental health,كبار السن والصحة النفسية,ältere Menschen und psychische Gesundheit,बुजुर्ग लोग और मानसिक स्वास्थ्य,高齢者とメンタルヘルス,personas mayores y salud mental,người cao tuổi và sức khỏe tâm thần
oncologist,طبيب أورام,Onkologe,ऑन्कोलॉजिस्ट,腫瘍専門医,oncólogo,bác sĩ ung thư
oophorectomy,استئصال المبيض,Ovarektomie,अंडाशय को निकालना,卵巣摘出術,ooforectomía,cắt bỏ buồng trứng
open cholecystectomy,استئصال المرارة المفتوح,offene Cholezystektomie,ओपन कोलेसिस्टेक्टॉमी,開腹胆嚢摘出術,colecistectomía abierta,phẫu thuật cắt bỏ túi mật mở
open incisional hernia repair,إصلاح الفتق الجراحي المفتوح,offene Narbenhernienreparation,ओपन इनसिजनल हर्निया रिपेयर,切開ヘルニア修復術,reparación abierta de hernia incisional,phẫu thuật sửa chữa thoát vị vết mổ hở
open inguinal hernia repair,إصلاح الفتق الإربي المفتوح,offene Leistenbruchoperation,ओपन इंगुइनल हर्निया की मरम्मत,鼠径ヘルニアの開腹修復,reparación abierta de hernia inguinal,phẫu thuật sửa chữa thoát vị bẹn hở
open tmj surgery,جراحة المفصل الصدغي الفكي المفتوحة,offene Kiefergelenksoperation,ओपन टीएमजे सर्जरी,顎関節開放手術,Cirugía abierta de la ATM,phẫu thuật mở khớp thái dương hàm
ophthalmologist,طبيب عيون,Augenarzt,नेत्र-विशेषज्ञ,眼科医,oftalmólogo,bác sĩ nhãn khoa
opioid medicines,الأدوية الأفيونية,Opioidmedikamente,ओपिओइड दवाएँ,オピオイド系医薬品,medicamentos opioides,thuốc opioid
opioid medicines and pain,الأدوية الأفيونية ومسكنات الألم,Opioidmedikamente und Schmerzen,ओपिओइड दवाएं और दर्द,オピオイド系鎮痛薬と痛み,medicamentos opioides y dolor,thuốc giảm đau opioid và cơn đau
opioid safety,سلامة المواد الأفيونية,Sicherheit im Umgang mit Opioiden,ओपिओइड सुरक्षा,オピオイドの安全性,seguridad de los opioides,an toàn opioid
opioid withdrawal symptoms,أعراض انسحاب المواد الأفيونية,Opioidentzugssymptome,ओपिओइड वापसी के लक्षण,オピオイド離脱症状,síntomas de abstinencia de opioides,triệu chứng cai nghiện opioid
optic neuritis,التهاب العصب البصري,Optikusneuritis,ऑप्टिक न्यूरिटिस,視神経炎,neuritis óptica,viêm dây thần kinh thị giác
options for feeding your baby,خيارات لإطعام طفلك,Möglichkeiten zur Fütterung Ihres Babys,अपने बच्चे को खिलाने के विकल्प,赤ちゃんに授乳するための選択肢,opciones para alimentar a tu bebé,các lựa chọn để cho bé ăn
options for managing chronic pain,خيارات إدارة الألم المزمن,Optionen zur Behandlung chronischer Schmerzen,दीर्घकालिक दर्द के प्रबंधन के विकल्प,慢性疼痛の管理方法,Opciones para el manejo del dolor crónico,các lựa chọn để kiểm soát cơn đau mãn tính
oral sex and mouth care,الجنس الفموي والعناية بالفم,Oralsex und Mundpflege,मुख मैथुन और मुंह की देखभाल,オーラルセックスと口腔ケア,sexo oral y cuidado bucal,quan hệ tình dục bằng miệng và chăm sóc răng miệng
oral thrush,داء المبيضات الفموي,Mundsoor,मुंह का छाला,口腔カンジダ症,candidiasis oral,nấm miệng
orchidopexy for a palpable testicle,تثبيت الخصية في حالة وجود خصية ملموسة,Orchidopexie bei einem tastbaren Hoden,स्पर्शनीय वृषण के लिए ऑर्किडोपेक्सी,触知可能な精巣に対する精巣固定術,Orquidopexia para un testículo palpable,Phẫu thuật cố định tinh hoàn cho trường hợp tinh hoàn sờ thấy được
organ and tissue donation,التبرع بالأعضاء والأنسجة,Organ- und Gewebespende,अंग और ऊतक दान,臓器および組織の提供,donación de órganos y tejidos,hiến tặng nội tạng và mô
organ transplants,عمليات زرع الأعضاء,Organtransplantationen,अंग प्रत्यारोपण,臓器移植,trasplantes de órganos,cấy ghép nội tạng
orthodontic treatments,علاجات تقويم الأسنان,kieferorthopädische Behandlungen,ऑर्थोडॉन्टिक उपचार,歯列矯正治療,tratamientos de ortodoncia,điều trị chỉnh nha
orthodontists,أخصائيو تقويم الأسنان,Kieferorthopäden,दाँतों,矯正歯科医,ortodoncistas,bác sĩ chỉnh nha
osteoarthritis,هشاشة العظام,Arthrose,पुराने ऑस्टियोआर्थराइटिस,変形性関節症,osteoartritis,viêm khớp thoái hóa
osteoarthritis medication,أدوية التهاب المفاصل,Medikamente gegen Arthrose,ऑस्टियोआर्थराइटिस की दवा,変形性関節症の薬,medicamentos para la osteoartritis,thuốc điều trị viêm xương khớp
osteomyelitis,التهاب العظم والنقي,Osteomyelitis,अस्थिमज्जा का प्रदाह,骨髄炎,osteomielitis,viêm xương tủy
osteopathy,طب تقويم العظام,Osteopathie,अस्थिरोगविज्ञानी,オステオパシー,osteopatía,liệu pháp nắn xương
osteopenia,هشاشة العظام,Osteopenie,ऑस्टियोपेनिया,骨減少症,osteopenia,loãng xương
osteoporosis,هشاشة العظام,Osteoporose,ऑस्टियोपोरोसिस,骨粗鬆症,osteoporosis,loãng xương
osteoporosis medicines,أدوية هشاشة العظام,Osteoporose-Medikamente,ऑस्टियोपोरोसिस की दवाएँ,骨粗鬆症治療薬,medicamentos para la osteoporosis,thuốc loãng xương
osteosarcoma,ساركوما العظام,Osteosarkom,ऑस्टियो सार्कोमा,骨肉腫,osteosarcoma,ung thư xương
ostomy,فغر القولون,Stoma,ओस्टोमी,ストーマ,ostomía,hậu môn nhân tạo
otitis externa,التهاب الأذن الخارجية,Otitis externa,ओटाइटिस एक्सटर्ना,外耳炎,otitis externa,viêm tai ngoài
otosclerosis,تصلب الأذن,Otosklerose,Otosclerosis,耳硬化症,otosclerosis,xơ cứng tai
ovarian cancer,سرطان المبيض,Eierstockkrebs,अंडाशयी कैंसर,卵巣がん,cáncer de ovario,ung thư buồng trứng
ovarian cysts,أكياس المبيض,Eierstockzysten,अंडाशय की सिस्ट,卵巣嚢胞,quistes ováricos,u nang buồng trứng
ovarian torsion,التواء المبيض,Eierstocktorsion,अंडाशय मरोड़,卵巣捻転,torsión ovárica,xoắn buồng trứng
ovariectomy,استئصال المبيض,Ovarektomie,अंडाशय को हटा देना,卵巣摘出術,ovariectomía,cắt bỏ buồng trứng
over the counter medicines,الأدوية التي تُصرف بدون وصفة طبية,rezeptfreie Medikamente,बिना डॉक्टर के पर्चे के मिलने वाली दवाएँ,市販薬,medicamentos de venta libre,thuốc không cần kê đơn
overactive thyroid,فرط نشاط الغدة الدرقية,Schilddrüsenüberfunktion,अतिसक्रिय थायरॉइड,甲状腺機能亢進症,tiroides hiperactiva,tuyến giáp hoạt động quá mức
overdose,جرعة زائدة,Überdosis,जरूरत से ज्यादा,過剰摂取,sobredosis,quá liều
overweight children,الأطفال الذين يعانون من زيادة الوزن,übergewichtige Kinder,अधिक वजन वाले बच्चे,太りすぎの子供たち,niños con sobrepeso,trẻ em thừa cân
oxycodone,أوكسيكودون,Oxycodon,ऑक्सीकोडोन,オキシコドン,oxicodona,oxycodone
oxytocin,الأوكسيتوسين,Oxytocin,ऑक्सीटोसिन,オキシトシン,oxitocina,oxytocin
pacemaker,أجهزة تنظيم ضربات القلب,Schrittmacher,पेसमेकर,ペースメーカー,marcapasos,máy tạo nhịp tim
paediatricians,أطباء الأطفال,Kinderärzte,बाल रोग,小児科医,pediatras,bác sĩ nhi khoa
paget's disease of bone,مرض باجيت العظمي,Morbus Paget der Knochen,हड्डी का पैगेट रोग,骨のパジェット病,enfermedad de Paget ósea,bệnh Paget xương
pain,ألم,Schmerz,दर्द,痛み,dolor,nỗi đau
pain and aches,الألم والوجع,Schmerzen und Beschwerden,दर्द और पीड़ा,痛みとうずき,dolor y molestias,đau nhức
pain and opioid medicines,مسكنات الألم والأدوية الأفيونية,Schmerzmittel und Opioidmedikamente,दर्द निवारक और ओपिओइड दवाएं,痛みとオピオイド系鎮痛薬,analgésicos y opioides,thuốc giảm đau và thuốc opioid
pain in groin,ألم في منطقة الفخذ,Schmerzen in der Leiste,कमर में दर्द,鼠径部の痛み,dolor en la ingle,đau háng
pain question planner,مخطط أسئلة الألم,Schmerzfrageplaner,दर्द संबंधी प्रश्न योजनाकार,痛みに関する質問プランナー,planificador de preguntas sobre el dolor,công cụ lập kế hoạch câu hỏi về cơn đau
pain relief,تسكين الألم,Schmerzlinderung,दर्द से राहत,痛みの緩和,alivio del dolor,giảm đau
pain relief after surgery,تسكين الألم بعد الجراحة,Schmerzlinderung nach der Operation,सर्जरी के बाद दर्द से राहत,手術後の痛みの緩和,alivio del dolor después de la cirugía,giảm đau sau phẫu thuật
pain-relief medicines,أدوية تسكين الألم,Schmerzmittel,दर्द निवारक दवाएँ,鎮痛剤,medicamentos para aliviar el dolor,thuốc giảm đau
painful periods,آلام الدورة الشهرية,schmerzhafte Perioden,दर्दनाक मासिक धर्म,生理痛,períodos dolorosos,kinh nguyệt đau
painful sex,ممارسة الجنس المؤلمة,schmerzhafter Sex,दर्दनाक सेक्स,痛みを伴うセックス,sexo doloroso,quan hệ tình dục đau đớn
painkillers,مسكنات الألم,Schmerzmittel,दर्दनाशक,鎮痛剤,analgésicos,thuốc giảm đau
palliative care,الرعاية التلطيفية,Palliativpflege,प्रशामक देखभाल,緩和ケア,cuidados paliativos,chăm sóc giảm nhẹ
palpitations,خفقان القلب,Herzklopfen,धड़कन तेज़ होना,動悸,palpitaciones,tim đập nhanh
pam,بام,Pam,पाम,パム,Pam,pam
pancreas,البنكرياس,Pankreas,अग्न्याशय,膵臓,páncreas,tuyến tụy
pancreatic cancer,سرطان البنكرياس,Bauchspeicheldrüsenkrebs,अग्न्याशय का कैंसर,膵臓癌,cáncer de páncreas,ung thư tuyến tụy
pancreatitis,التهاب البنكرياس,Pankreatitis,अग्नाशयशोथ,膵炎,pancreatitis,viêm tụy
pandemics,الأوبئة,Pandemien,महामारियां,パンデミック,pandemias,đại dịch
panic attacks and panic disorder,نوبات الهلع واضطراب الهلع,Panikattacken und Panikstörung,घबराहट के दौरे और घबराहट विकार,パニック発作とパニック障害,ataques de pánico y trastorno de pánico,các cơn hoảng loạn và rối loạn hoảng loạn
pap smear,مسحة عنق الرحم,Pap-Abstrich,पैप स्मीयर,パップテスト,citología vaginal,phết tế bào cổ tử cung
paracentesis,بزل البطن,Parazentese,पैरासेन्टेसिस,腹水穿刺,paracentesis,chọc hút dịch màng bụng
paramedics,المسعفون,Rettungssanitäter,सहयोगी,救急隊員,paramédicos,nhân viên cứu hộ
paranoia,جنون العظمة,Paranoia,पागलपन,パラノイア,paranoia,chứng hoang tưởng
parasite conditions,حالات الإصابة بالطفيليات,Parasitenbefall,परजीवी स्थितियाँ,寄生虫の状態,condiciones parasitarias,tình trạng ký sinh trùng
parathyroid glands,الغدد جارات الدرقية,Nebenschilddrüsen,पैराथाइरॉइड ग्रंथियां,副甲状腺,glándulas paratiroides,tuyến cận giáp
parathyroidectomy,استئصال الغدة الدرقية,Parathyreoidektomie,पैराथाइरोइडेक्टॉमी,副甲状腺切除術,paratiroidectomía,phẫu thuật cắt bỏ tuyến cận giáp
paratyphoid and typhoid fever,حمى نظيرة التيفوئيد وحمى التيفوئيد,Paratyphus und Typhus,पैराटाइफाइड और टाइफाइड बुखार,パラチフスと腸チフス,fiebre paratifoidea y fiebre tifoidea,bệnh phó thương hàn và sốt thương hàn
paraumbilical and umbilical hernia repair,إصلاح الفتق حول السرة والفتق السري,Reparatur von paraumbilikalen und Nabelhernien,पैराअम्बिलिकल और अम्बिलिकल हर्निया की मरम्मत,臍傍ヘルニアおよび臍ヘルニアの修復,Reparación de hernias paraumbilicales y umbilicales,Phẫu thuật sửa chữa thoát vị rốn và thoát vị cạnh rốn
parechovirus,فيروس باريكو,Parechovirus,पैरेकोवायरस,パレコウイルス,parechovirus,virus parechovirus
parkinson's disease,مرض باركنسون,Parkinson-Krankheit,पार्किंसंस रोग,パーキンソン病,enfermedad de Parkinson,bệnh Parkinson
party drugs,مخدرات الحفلات,Partydrogen,पार्टी ड्रग्स,パーティー用ドラッグ,drogas de fiesta,thuốc kích thích dùng trong tiệc tùng
parvovirus b19,فيروس بارفو ب19,Parvovirus B19,पार्वोवायरस बी19,パルボウイルスB19,parvovirus b19,parvovirus b19
passive smoking,التدخين السلبي,Passivrauchen,अनिवारक धूम्रपान,受動喫煙,tabaquismo pasivo,hút thuốc thụ động
patient assisted travel schemes,برامج السفر بمساعدة المرضى,Patientenunterstützte Reiseprogramme,रोगी सहायता प्राप्त यात्रा योजनाएँ,患者支援旅行制度,programas de asistencia para pacientes en viajes,các chương trình hỗ trợ đi lại cho bệnh nhân
paying for dental care,دفع تكاليف العناية بالأسنان,Kosten für zahnärztliche Versorgung,दंत चिकित्सा देखभाल के लिए भुगतान करना,歯科治療費の支払い,pagar por la atención dental,chi trả cho dịch vụ chăm sóc răng miệng
paying for diagnostic testing,دفع تكاليف الفحوصات التشخيصية,Kosten für diagnostische Tests,नैदानिक ​​परीक्षण के लिए भुगतान करना,診断検査費用を支払う,pago de pruebas diagnósticas,chi trả cho xét nghiệm chẩn đoán
pcos,تكيس المبايض,PCOS,पीसीओ,PCOS,síndrome de ovario poliquístico,PCOS
peanut allergies,حساسية الفول السوداني,Erdnussallergien,मूंगफली से एलर्जी,ピーナッツアレルギー,alergias al cacahuete,dị ứng đậu phộng
peanut allergy,حساسية الفول السوداني,Erdnussallergie,मूंगफली से एलर्जी,ピーナッツアレルギー,alergia al cacahuete,dị ứng đậu phộng
peg tube placement,وضع أنبوب التغذية,PEG-Rohr-Platzierung,पेग ट्यूब प्लेसमेंट,ペグチューブの配置,Colocación del tubo de clavija,đặt ống chốt
pelvic floor exercises,تمارين قاع الحوض,Beckenbodenübungen,श्रोणि तल के व्यायाम,骨盤底筋エクササイズ,ejercicios del suelo pélvico,bài tập sàn chậu
pelvic inflammatory disease,مرض التهاب الحوض,Beckenentzündung,श्रोणि सूजन बीमारी,骨盤内炎症性疾患,enfermedad inflamatoria pélvica,bệnh viêm vùng chậu
pelvic pain,ألم الحوض,Beckenschmerzen,श्रोणि में दर्द,骨盤痛,dolor pélvico,đau vùng chậu
penicillin,البنسلين,Penicillin,पेनिसिलिन,ペニシリン,penicilina,penicillin
penis care,العناية بالقضيب,Penispflege,लिंग की देखभाल,ペニスケア,cuidado del pene,chăm sóc dương vật
penis injury,إصابة في القضيب,Penisverletzung,लिंग में चोट,陰茎損傷,lesión de pene,chấn thương dương vật
penis irritation,تهيج القضيب,Penisreizung,लिंग में जलन,陰茎の炎症,irritación del pene,kích ứng dương vật
penis problems,مشاكل القضيب,Penisprobleme,लिंग संबंधी समस्याएं,ペニスの問題,problemas del pene,vấn đề về dương vật
people in rural or remote locations and mental health,الأشخاص في المناطق الريفية أو النائية والصحة النفسية,Menschen in ländlichen oder abgelegenen Gebieten und psychische Gesundheit,ग्रामीण या दूरस्थ स्थानों में रहने वाले लोग और उनका मानसिक स्वास्थ्य,農村部や遠隔地に住む人々とメンタルヘルス,personas en zonas rurales o remotas y salud mental,người dân ở vùng nông thôn hoặc vùng hẻo lánh và sức khỏe tâm thần
pep,بيب,Pep,जोश,ペップ,energía,sự hăng hái
percutaneous coronary intervention,التدخل التاجي عن طريق الجلد,perkutane Koronarintervention,परक्यूटेनियस कोरोनरी इंटरवेंशन,経皮的冠動脈インターベンション,intervención coronaria percutánea,can thiệp mạch vành qua da
pericarditis,التهاب التامور,Perikarditis,पेरिकार्डिटिस,心膜炎,pericarditis,viêm màng ngoài tim
perimenopause,فترة ما قبل انقطاع الطمث,Perimenopause,perimenopause,更年期移行期,perimenopausia,tiền mãn kinh
period pain,آلام الدورة الشهرية,Regelschmerzen,मासिक धर्म का दर्द,生理痛,dolor menstrual,đau bụng kinh
period problems,مشاكل الدورة الشهرية,Periodenprobleme,मासिक धर्म संबंधी समस्याएं,生理の問題,problemas menstruales,vấn đề kinh nguyệt
periods,فترات,Perioden,अवधि,期間,períodos,thời kỳ
periods during breastfeeding,الفترات أثناء الرضاعة الطبيعية,Perioden während des Stillens,स्तनपान के दौरान की अवधि,授乳中の期間,períodos durante la lactancia,giai đoạn trong thời kỳ cho con bú
peripheral nerve block,حصر الأعصاب الطرفية,periphere Nervenblockade,परिधीय तंत्रिका ब्लॉक,末梢神経ブロック,bloqueo de nervios periféricos,phong bế thần kinh ngoại biên
peripheral nerve disorders,اضطرابات الأعصاب الطرفية,Erkrankungen des peripheren Nervensystems,परिधीय तंत्रिका विकार,末梢神経障害,trastornos de los nervios periféricos,rối loạn thần kinh ngoại biên
peripheral neuropathy,اعتلال الأعصاب المحيطية,periphere Neuropathie,परिधीय तंत्रिकाविकृति,末梢神経障害,neuropatía periférica,bệnh thần kinh ngoại biên
peripheral vascular disease,مرض الأوعية الدموية الطرفية,periphere Gefäßerkrankung,बाह्य संवहनी बीमारी,末梢血管疾患,enfermedad vascular periférica,bệnh mạch máu ngoại biên
peritoneoscopy,تنظير الصفاق,Peritoneoskopie,पेरिटोनोस्कोपी,腹腔鏡検査,peritoneoscopia,nội soi phúc mạc
peritonitis,التهاب الصفاق,Peritonitis,पेरिटोनिटिस,腹膜炎,peritonitis,viêm phúc mạc
personal hygiene,النظافة الشخصية,persönliche Hygiene,व्यक्तिगत स्वच्छता,個人の衛生,higiene personal,vệ sinh cá nhân
personality disorder,اضطراب الشخصية,Persönlichkeitsstörung,व्यक्तित्व विकार,人格障害,trastorno de la personalidad,rối loạn nhân cách
perthes disease,مرض بيرثيز,Morbus Perthes,पर्थेस रोग,ペルテス病,enfermedad de Perthes,bệnh Perthes
pesticide poisoning,التسمم بالمبيدات الحشرية,Pestizidvergiftung,कीटनाशक विषाक्तता,農薬中毒,intoxicación por pesticidas,ngộ độc thuốc trừ sâu
pet allergy,حساسية الحيوانات الأليفة,Tierhaarallergie,पालतू जानवरों से एलर्जी,ペットアレルギー,alergia a las mascotas,dị ứng thú cưng
pet scan,فحص PET,PET-Scan,पालतू पशु स्कैन,PETスキャン,tomografía por emisión de positrones (PET),chụp PET
pethidine,بيثيدين,Pethidin,pethidine,ペチジン,petidina,pethidine
pets,حيوانات أليفة,Haustiere,पालतू जानवर,ペット,mascotas,thú cưng
pharmaceutical benefits scheme,برنامج مزايا الأدوية,Arzneimittel-Leistungsprogramm,दवा लाभ योजना,医薬品給付制度,plan de beneficios farmacéuticos,chương trình trợ cấp dược phẩm
pharmacist,صيدلي,Apotheker,फार्मासिस्ट,薬剤師,farmacéutico,dược sĩ
pharyngitis,"formal: التهاب البلعوم | informal: احتقان الحلق, التهاب الحلق, التهاب الحلق العقدي","formal: Pharyngitis | informal: Halsschmerzen, Halsentzündung, Streptokokken-Angina","formal: ग्रसनीशोथ | informal: गले में खराश, गला खराब होना, गले का संक्रमण","formal: 咽頭炎 | informal: 喉の痛み, のどの腫れ, 連鎖球菌性咽頭炎","formal: faringitis | informal: dolor de garganta, faringitis estreptocócica","formal: viêm họng | informal: đau họng, viêm họng liên cầu khuẩn"
phenylketonuria,بيلة الفينيل كيتون,Phenylketonurie,फेनिलकेटोनुरिया,フェニルケトン尿症,fenilcetonuria,bệnh phenylketonuria
phobias,الرهاب,Phobien,भय,恐怖症,fobias,nỗi sợ hãi
physical activity,النشاط البدني,körperliche Aktivität,शारीरिक गतिविधि,身体活動,actividad física,hoạt động thể chất
physical activity benefits for children,فوائد النشاط البدني للأطفال,Vorteile körperlicher Aktivität für Kinder,बच्चों के लिए शारीरिक गतिविधि के लाभ,子供にとっての身体活動の利点,Beneficios de la actividad física para los niños,Lợi ích của hoạt động thể chất đối với trẻ em
physical examination by a doctor,الفحص البدني من قبل الطبيب,körperliche Untersuchung durch einen Arzt,डॉक्टर द्वारा शारीरिक परीक्षण,医師による身体検査,examen físico realizado por un médico,khám sức khỏe tổng quát bởi bác sĩ
physical process of dying,العملية الجسدية للموت,physischer Sterbeprozess,मरने की शारीरिक प्रक्रिया,死に至る身体的過程,proceso físico de morir,quá trình vật lý của cái chết
physiotherapy,العلاج الطبيعي,Physiotherapie,भौतिक चिकित्सा,理学療法,fisioterapia,vật lý trị liệu
pica,بيكا,Pica,छापे का पाइका नाप का अक्षर,ピカ,pica,pica
piercing,ثقب الجسم,Piercing,पियर्सिंग,ピアス,perforación,xỏ khuyên
pilonidal disease,مرض الناسور الشعري,Pilonidalerkrankung,पिलोनाइडल रोग,毛巣病,enfermedad pilonidal,bệnh nang lông
pineal gland,الغدة الصنوبرية,Zirbeldrüse,पीनियल ग्रंथि,松果体,glándula pineal,tuyến tùng
pinnaplasty,عملية تجميل صيوان الأذن,Ohrenkorrektur,पिन्नाप्लास्टी,耳介形成術,pinnaplastia,phẫu thuật tạo hình vành tai
pituitary gland,الغدة النخامية,Hypophyse,पिट्यूटरी ग्रंथि,下垂体,glándula pituitaria,tuyến yên
pityriasis rosea,النخالية الوردية,Pityriasis rosea,पिटिरियासिस रोजिया,ジベルバラ色粃糠疹,pitiriasis rosada,bệnh vảy phấn hồng
placenta praevia,المشيمة المنزاحة,Placenta praevia,प्लेसेंटा प्रीविया,前置胎盤,placenta previa,nhau tiền đạo
planning pregnancy,التخطيط للحمل,Schwangerschaftsplanung,गर्भावस्था की योजना बनाना,妊娠計画,planificación del embarazo,lên kế hoạch mang thai
plant stings,لسعات النباتات,Pflanzenstiche,पौधे के डंक,植物の毒針,picaduras de plantas,cây chích
plantar fasciitis,التهاب اللفافة الأخمصية,Plantarfasziitis,प्लांटर फैसिसाइटिस,足底筋膜炎,fascitis plantar,viêm cân gan chân
pleural effusion,انصباب جنبي,Pleuraerguss,फुफ्फुस बहाव,胸水,derrame pleural,tràn dịch màng phổi
pleurisy,التهاب الجنبة,Pleuritis,फुस्फुस के आवरण में शोथ,胸膜炎,pleuritis,viêm màng phổi
pneumococcal disease,مرض المكورات الرئوية,Pneumokokkenerkrankung,न्यूमोकोकल रोग,肺炎球菌感染症,enfermedad neumocócica,bệnh phế cầu khuẩn
pneumonia,التهاب رئوي,Lungenentzündung,न्यूमोनिया,肺炎,neumonía,viêm phổi
pneumothorax,استرواح الصدر,Pneumothorax,वातिलवक्ष,気胸,neumotórax,tràn khí màng phổi
podiatrist,مطبب الأرجل,Podologe,पोडियाट्रिस्ट,足病医,podólogo,bác sĩ chân
poisoning,تسمم,Vergiftung,जहर,中毒,envenenamiento,ngộ độc
polio,شلل الأطفال,Polio,पोलियो,ポリオ,polio,bệnh bại liệt
pollen allergy,حساسية حبوب اللقاح,Pollenallergie,पराग से एलर्जी,花粉症,alergia al polen,dị ứng phấn hoa
polycystic ovarian syndrome,متلازمة تكيس المبايض,polyzystisches Ovarialsyndrom,पॉलीसिस्टिक डिम्बग्रंथि सिंड्रोम,多嚢胞性卵巣症候群,síndrome de ovario poliquístico,hội chứng buồng trứng đa nang
polymyalgia rheumatica,التهاب العضلات الروماتيزمي,Polymyalgia rheumatica,पोलिमेल्जिया रुमेटिका,リウマチ性多発筋痛症,polimialgia reumática,viêm đa cơ dạng thấp
polyps,الزوائد اللحمية,Polypen,जंतु,ポリープ,pólipos,polyp
porphyria,البورفيريا,Porphyrie,आनुवांशिक असामान्यता,ポルフィリン症,porfiria,bệnh rối loạn chuyển hóa porphyrin
positron emission tomography,التصوير المقطعي بالإصدار البوزيتروني,Positronen-Emissions-Tomographie,पॉज़िट्रॉन उत्सर्जन टोमोग्राफी,陽電子放出断層撮影,tomografía por emisión de positrones,chụp cắt lớp phát xạ positron
post menopause,ما بعد انقطاع الطمث,postmenopausen,रजोनिवृत्ति के बाद,閉経後,posmenopausia,sau mãn kinh
post-nasal drip,سيلان الأنف الخلفي,postnasales Tropfen,पोस्ट नेज़ल ड्रिप,後鼻漏,goteo posnasal,chảy dịch mũi sau
post-traumatic stress disorder,اضطراب ما بعد الصدمة,posttraumatische Belastungsstörung,अभिघातज के बाद का तनाव विकार,心的外傷後ストレス障害,trastorno de estrés postraumático,rối loạn căng thẳng sau chấn thương
posterior prolapse,تدلي الجزء الخلفي من الجسم,hinterer Prolaps,पश्चवर्ती प्रोलैप्स,後方脱出,prolapso posterior,sa tạng sau
posterior repair,إصلاح خلفي,hintere Reparatur,पश्चवर्ती मरम्मत,後方修復,reparación posterior,sửa chữa phía sau
postnatal depression,اكتئاب ما بعد الولادة,postnatale Depression,प्रसवोत्तर अवसाद,産後うつ病,depresión posparto,trầm cảm sau sinh
postural orthostatic tachycardia syndrome,متلازمة تسرع القلب الوضعي الانتصابي,Posturales orthostatisches Tachykardiesyndrom,पोस्टुरल ऑर्थोस्टैटिक टैचीकार्डिया सिंड्रोम,起立性頻脈症候群,síndrome de taquicardia ortostática postural,hội chứng nhịp tim nhanh tư thế đứng
potassium and your health,البوتاسيوم وصحتك,Kalium und Ihre Gesundheit,पोटेशियम और आपका स्वास्थ्य,カリウムとあなたの健康,El potasio y su salud,Kali và sức khỏe của bạn
potassium deficiency,نقص البوتاسيوم,Kaliummangel,पोटेशियम की कमी,カリウム欠乏症,deficiencia de potasio,thiếu kali
prader-willi syndrome,متلازمة برادر ويلي,Prader-Willi-Syndrom,प्रेडर-विली सिंड्रोम,プラダー・ウィリー症候群,síndrome de Prader-Willi,hội chứng Prader-Willi
pre-diabetes,مقدمات السكري,Prädiabetes,पूर्व मधुमेह,糖尿病予備軍,prediabetes,tiền tiểu đường
pre-eclampsia,تسمم الحمل,Präeklampsie,पूर्व प्रसवाक्षेप,妊娠高血圧症候群,preeclampsia,tiền sản giật
pre-exposure prophylaxis,الوقاية قبل التعرض,Präexpositionsprophylaxe,पूर्व-एक्सपोज़र प्रोफिलैक्सिस,曝露前予防,profilaxis preexposición,dự phòng trước phơi nhiễm
prednisolone,بريدنيزولون,Prednisolon,प्रेडनिसोलोन,プレドニゾロン,prednisolona,prednisolone
pregnancy,الحمل,Schwangerschaft,गर्भावस्था,妊娠,embarazo,mang thai
pregnancy warning signs,علامات تحذيرية للحمل,Warnzeichen in der Schwangerschaft,गर्भावस्था के चेतावनी संकेत,妊娠の警告サイン,señales de alerta del embarazo,dấu hiệu cảnh báo mang thai
premature and early menopause,انقطاع الطمث المبكر وانقطاع الطمث المبكر,vorzeitige und frühe Menopause,असमय और जल्दी रजोनिवृत्ति,早発閉経,menopausia precoz y temprana,mãn kinh sớm và sớm
premature ejaculation,سرعة القذف,vorzeitiger Samenerguss,शीघ्रपतन,早漏,eyaculación precoz,xuất tinh sớm
premenstrual syndrome,متلازمة ما قبل الحيض,Prämenstruelles Syndrom,प्रागार्तव,月経前症候群,síndrome premenstrual,hội chứng tiền kinh nguyệt
preparing for surgery,الاستعداد للجراحة,Vorbereitung auf die Operation,सर्जरी की तैयारी,手術の準備,preparación para la cirugía,chuẩn bị cho ca phẫu thuật
presbyopia,قصر النظر الشيخوخي,Alterssichtigkeit,जरादूरदृष्टि,老眼,presbicia,lão thị
pressure sores,تقرحات الضغط,Druckgeschwüre,प्रेशर सोर,褥瘡,úlceras por presión,vết loét do áp lực
prickly heat,الحرارة الشائكة,Hitzepickel,तेज गर्मी के कारण दाने निकलना,あせも,sarpullido por calor,rôm sảy
primary aldosteronism,فرط الألدوستيرونية الأولي,primärer Aldosteronismus,प्राथमिक एल्डोस्टेरोनिज़्म,原発性アルドステロン症,aldosteronismo primario,bệnh cường aldosteron nguyên phát
primary amoebic meningoencephalitis,التهاب السحايا والدماغ الأميبي الأولي,primäre Amöbenmeningoenzephalitis,प्राथमिक अमीबिक मेनिंगोएन्सेफलाइटिस,原発性アメーバ性髄膜脳炎,meningoencefalitis amebiana primaria,viêm màng não do amip nguyên phát
primary anti-reflux surgery,جراحة الارتجاع الأولية,primäre Antireflux-Operation,प्राथमिक एंटी-रिफ्लक्स सर्जरी,一次逆流防止手術,cirugía antirreflujo primaria,phẫu thuật chống trào ngược chính
private health insurance,التأمين الصحي الخاص,private Krankenversicherung,निजी स्वास्थ्य बीमा,民間医療保険,seguro médico privado,bảo hiểm y tế tư nhân
probiotics,البروبيوتيك,Probiotika,प्रोबायोटिक्स,プロバイオティクス,probióticos,men vi sinh
proctitis,التهاب المستقيم,Proktitis,प्रोक्टाइटिस,直腸炎,proctitis,viêm trực tràng
progestogen-only contraceptive pill,حبوب منع الحمل التي تحتوي على البروجستيرون فقط,Gestagen-Monopräparat,केवल प्रोजेस्टोजेन युक्त गर्भनिरोधक गोली,プロゲステロン単剤の経口避妊薬,píldora anticonceptiva de solo progestágeno,thuốc tránh thai chỉ chứa progestogen
prolapsed uterus,هبوط الرحم,Gebärmuttervorfall,गर्भाशय का अग्रभाग,子宮脱,prolapso uterino,sa tử cung
prolonged erection,انتصاب مطول,verlängerte Erektion,लंबे समय तक इरेक्शन,持続勃起,erección prolongada,cương cứng kéo dài
prostate cancer,سرطان البروستاتا,Prostatakrebs,प्रोस्टेट कैंसर,前立腺がん,cáncer de próstata,ung thư tuyến tiền liệt
prostate problems,مشاكل البروستاتا,Prostataprobleme,प्रोस्टेट संबंधी समस्याएं,前立腺の問題,problemas de próstata,các vấn đề về tuyến tiền liệt
prostheses,الأطراف الاصطناعية,Prothesen,कृत्रिम अंग,義肢,prótesis,bộ phận giả
protein,بروتين,Protein,प्रोटीन,タンパク質,proteína,protein
prothrombin time,زمن البروثرومبين,Prothrombinzeit,प्रोथॉम्बिन समय,プロトロンビン時間,tiempo de protrombina,thời gian prothrombin
pruritus ani,حكة شرجية,Pruritus ani,गुदा में खुजली,肛門のかゆみ,prurito anal,ngứa hậu môn
psa test,اختبار مستضد البروستات النوعي (PSA),PSA-Test,पीएसए परीक्षण,PSA検査,prueba de PSA,xét nghiệm PSA
psoriasis,صدفية,Schuppenflechte,सोरायसिस,乾癬,soriasis,bệnh vẩy nến
psoriasis medication,أدوية الصدفية,Psoriasis-Medikamente,सोरायसिस की दवा,乾癬治療薬,medicamentos para la psoriasis,thuốc trị bệnh vảy nến
psoriatic arthritis,التهاب المفاصل الصدفي,Psoriasis-Arthritis,सोरायटिक गठिया,乾癬性関節炎,artritis psoriásica,viêm khớp vảy nến
psychiatrist,طبيب نفساني,Psychiater,मनोचिकित्सक,精神科医,psiquiatra,bác sĩ tâm thần
psychological trauma,الصدمة النفسية,psychisches Trauma,मनोवैज्ञानिक आघात,心理的トラウマ,trauma psicológico,chấn thương tâm lý
psychologists,علماء النفس,Psychologen,मनोवैज्ञानिकों,心理学者,psicólogos,các nhà tâm lý học
psychosis,ذهان,Psychose,मनोविकृति,精神病,psicosis,loạn thần
psychotherapy,العلاج النفسي,Psychotherapie,मनोचिकित्सा,心理療法,psicoterapia,liệu pháp tâm lý
ptosis surgery,جراحة تدلي الجفن,Ptosis-Operation,पलकों के गिरने की सर्जरी,眼瞼下垂手術,cirugía de ptosis,phẫu thuật sụp mí mắt
puberty,بلوغ,Pubertät,तरुणाई,思春期,pubertad,tuổi dậy thì
pubic lice,قمل العانة,Filzläuse,जघन जूँ,陰毛ジラミ,piojos púbicos,rận mu
public and private hospital systems,أنظمة المستشفيات العامة والخاصة,öffentliche und private Krankenhaussysteme,सार्वजनिक और निजी अस्पताल प्रणालियाँ,公立および私立病院システム,sistemas hospitalarios públicos y privados,hệ thống bệnh viện công và tư
pulmonary embolism,الانصمام الرئوي,Lungenembolie,फुफ्फुसीय अंतःशल्यता,肺塞栓症,embolia pulmonar,tắc mạch phổi
pulmonary fibrosis,التليف الرئوي,Lungenfibrose,फेफड़े की तंतुमयता,肺線維症,fibrosis pulmonar,xơ phổi
pulmonary hypertension,ارتفاع ضغط الشريان الرئوي,pulmonale Hypertonie,फेफड़ों की धमनियों में उच्च रक्तचाप,肺高血圧症,hipertensión pulmonar,tăng huyết áp động mạch phổi
punch biopsy of a skin lesion,خزعة جلدية بالثقب,Stanzbiopsie einer Hautläsion,त्वचा के घाव की पंच बायोप्सी,皮膚病変のパンチ生検,biopsia por punción de una lesión cutánea,sinh thiết bấm lỗ tổn thương da
pyloromyotomy,بضع البواب,Pyloromyotomie,पाइलोरोमायोटॉमी,幽門筋切開術,piloromiotomía,phẫu thuật cắt cơ môn vị
q fever,حمى كيو,Q-Fieber,क्यू बुखार,Q熱,fiebre q,sốt q
question builder,أداة إنشاء الأسئلة,Fragengenerator,प्रश्न निर्माता,質問作成ツール,creador de preguntas,công cụ xây dựng câu hỏi
questions to ask before taking a medicine,أسئلة يجب طرحها قبل تناول الدواء,"Fragen, die man sich vor der Einnahme eines Medikaments stellen sollte",दवा लेने से पहले पूछे जाने वाले प्रश्न,薬を服用する前に尋ねるべき質問,preguntas que debe hacerse antes de tomar un medicamento,Những câu hỏi cần đặt ra trước khi dùng thuốc.
questions to ask your doctor,أسئلة لطرحها على طبيبك,Fragen an Ihren Arzt,अपने डॉक्टर से पूछने योग्य प्रश्न,医師に尋ねるべき質問,preguntas que debe hacerle a su médico,những câu hỏi cần hỏi bác sĩ
quit smoking,الإقلاع عن التدخين,Mit dem Rauchen aufhören,धूम्रपान छोड़ने,禁煙する,dejar de fumar,bỏ thuốc lá
quitting vaping,الإقلاع عن التدخين الإلكتروني,Aufhören mit dem Dampfen,वेपिंग छोड़ना,電子タバコをやめる,dejar de vapear,bỏ thuốc lá điện tử
rabies,داء الكلب,Tollwut,रेबीज,狂犬病,rabia,bệnh dại
radio-frequency endometrial ablation,استئصال بطانة الرحم بالترددات الراديوية,Radiofrequenzablation des Endometriums,रेडियो-आवृत्ति एंडोमेट्रियल एब्लेशन,高周波子宮内膜アブレーション,ablación endometrial por radiofrecuencia,đốt nội mạc tử cung bằng sóng tần số vô tuyến
radiographer,أخصائي الأشعة,Radiologe,रेडियोग्राफ़ पर काम करनेवाल,放射線技師,radiógrafo,kỹ thuật viên chụp X-quang
radiologist,أخصائي الأشعة,Radiologe,रेडियोलोकेशन करनेवाला,放射線科医,radiólogo,bác sĩ X quang
radiotherapy,العلاج الإشعاعي,Strahlentherapie,रेडियोथेरेपी,放射線療法,radioterapia,xạ trị
rape,اغتصاب,vergewaltigen,बलात्कार,レイプ,violación,hiếp dâm
rashes,طفح جلدي,Ausschläge,चकत्ते,発疹,erupciones,phát ban
raynaud's phenomenon,ظاهرة رينود,Raynaud-Phänomen,रेनॉड की घटना,レイノー現象,fenómeno de Raynaud,hội chứng Raynaud
recalls of medicines,سحب الأدوية,Rückrufe von Medikamenten,दवाओं की वापसी,医薬品のリコール,retiradas de medicamentos,thu hồi thuốc
recovery,استعادة,Erholung,वसूली,回復,recuperación,sự hồi phục
rectal bleeding,نزيف شرجي,Rektale Blutungen,मलाशय से रक्तस्राव,直腸出血,sangrado rectal,chảy máu trực tràng
rectal cancer,سرطان المستقيم,Rektumkarzinom,मलाशय कैंसर,直腸がん,cáncer de recto,ung thư trực tràng
rectal diseases and conditions,أمراض وحالات المستقيم,Erkrankungen und Beschwerden des Rektums,मलाशय संबंधी रोग और स्थितियाँ,直腸疾患および症状,enfermedades y afecciones rectales,các bệnh và tình trạng trực tràng
rectocele,فتق المستقيم,Rektozele,रेक्टोसील,直腸瘤,rectocele,sa trực tràng
red blood cells,خلايا الدم الحمراء,rote Blutkörperchen,लाल रक्त कोशिकाओं,赤血球,glóbulos rojos,hồng cầu
reducing visceral fat,تقليل الدهون الحشوية,Reduzierung des viszeralen Fetts,आंतरिक अंगों की चर्बी कम करना,内臓脂肪を減らす,reducción de la grasa visceral,giảm mỡ nội tạng
reducing your risk of developing a blood clot,تقليل خطر الإصابة بجلطة دموية,Verringerung des Risikos der Bildung eines Blutgerinnsels,रक्त का थक्का बनने के जोखिम को कम करना,血栓ができるリスクを軽減する,reducir el riesgo de desarrollar un coágulo de sangre,giảm nguy cơ hình thành cục máu đông
referrals,الإحالات,Empfehlungen,रेफरल,紹介,referencias,giới thiệu
reflux,الارتجاع,Reflux,भाटा,還流,reflujo,trào ngược
refractive errors,أخطاء الانكسار,Refraktionsfehler,अपवर्तक त्रुटियाँ,屈折異常,errores de refracción,tật khúc xạ
rehabilitation,إعادة التأهيل,Rehabilitation,पुनर्वास,リハビリテーション,rehabilitación,phục hồi chức năng
rehabilitation after illness or injury,إعادة التأهيل بعد المرض أو الإصابة,Rehabilitation nach Krankheit oder Verletzung,बीमारी या चोट के बाद पुनर्वास,病気や怪我からの回復,rehabilitación después de una enfermedad o lesión,Phục hồi chức năng sau khi ốm đau hoặc chấn thương
relaxation techniques for stress relief,تقنيات الاسترخاء لتخفيف التوتر,Entspannungstechniken zur Stressbewältigung,तनाव से राहत पाने के लिए विश्राम तकनीकें,ストレス解消のためのリラクゼーションテクニック,técnicas de relajación para aliviar el estrés,các kỹ thuật thư giãn để giảm căng thẳng
remedial massage,التدليك العلاجي,Heilmassage,उपचारात्मक मालिश,治療マッサージ,masaje terapéutico,massage trị liệu
removing benign skin lesions,إزالة الآفات الجلدية الحميدة,Entfernung gutartiger Hautläsionen,सौम्य त्वचा घावों को हटाना,良性皮膚病変の除去,Extirpación de lesiones cutáneas benignas,loại bỏ các tổn thương da lành tính
removing metalwork,إزالة المشغولات المعدنية,Metallarbeiten entfernen,धातु के काम को हटाना,金属加工品の取り外し,eliminación de trabajos metálicos,tháo dỡ các bộ phận kim loại
removing permanent teeth,إزالة الأسنان الدائمة,Entfernung bleibender Zähne,स्थायी दांत निकालना,永久歯の抜歯,extracción de dientes permanentes,nhổ răng vĩnh viễn
reporting problems with medicines,الإبلاغ عن مشاكل الأدوية,Meldung von Problemen mit Medikamenten,दवाओं से संबंधित समस्याओं की रिपोर्टिंग,医薬品に関する問題の報告,informar sobre problemas con los medicamentos,báo cáo các vấn đề liên quan đến thuốc
residential aged care,دور رعاية المسنين,stationäre Altenpflege,आवासीय वृद्ध देखभाल,高齢者向け居住型介護施設,residencias para ancianos,chăm sóc người cao tuổi tại nhà
resilience,صمود,Widerstandsfähigkeit,लचीलापन,回復力,resiliencia,khả năng phục hồi
respiratory syncytial virus,الفيروس المخلوي التنفسي,Respiratorisches Synzytial-Virus,श्वसनतंत्र संबंधी बहुकेंद्रकी वाइरस,RSウイルス,Virus sincitial respiratorio,vi-rút thể hợp bào gây bệnh lý hô hấp
respiratory system,الجهاز التنفسي,Atmungssystem,श्वसन प्रणाली,呼吸器系,sistema respiratorio,hệ hô hấp
respiratory viruses,الفيروسات التنفسية,Atemwegsviren,श्वसन वायरस,呼吸器ウイルス,virus respiratorios,vi rút đường hô hấp
respite care,الرعاية المؤقتة,Kurzzeitpflege,राहत देखभाल,短期入所介護,cuidados de relevo,chăm sóc tạm thời
resting heart rate,معدل ضربات القلب أثناء الراحة,Ruhepuls,विश्राम के समय हृदय गति,安静時心拍数,frecuencia cardíaca en reposo,nhịp tim khi nghỉ ngơi
restless legs syndrome,متلازمة تململ الساقين,Restless-Legs-Syndrom,बेचैन पैर सिंड्रोम,むずむず脚症候群,síndrome de piernas inquietas,hội chứng chân không yên
retained object or tampon,جسم عالق أو سدادة قطنية,Fremdkörper oder Tampon,अंदर फंसी हुई वस्तु या टैम्पोन,体内に異物またはタンポンが残っている,objeto retenido o tampón,vật thể sót lại hoặc băng vệ sinh
retinal detachment,انفصال الشبكية,Netzhautablösung,रेटिना का अलग होना,網膜剥離,desprendimiento de retina,bong võng mạc
retinal detachment surgery,جراحة انفصال الشبكية,Netzhautablösungsoperation,रेटिना अलग होने की सर्जरी,網膜剥離手術,cirugía de desprendimiento de retina,phẫu thuật bong võng mạc
retinitis pigmentosa,التهاب الشبكية الصباغي,Retinitis pigmentosa,रेटिनाइटिस पिगमेंटोसा,網膜色素変性症,retinitis pigmentosa,viêm võng mạc sắc tố
rett syndrome,متلازمة ريت,Rett-Syndrom,रेट सिंड्रोम,レット症候群,síndrome de Rett,hội chứng Rett
reversal of hartmann's procedure,عكس إجراء هارتمان,Umkehrung des Hartmann-Verfahrens,हार्टमैन की प्रक्रिया का उलटफेर,ハルトマン手術の逆転,Reversión del procedimiento de Hartmann,đảo ngược quy trình Hartmann
reversing a vasectomy,عكس عملية قطع القناة المنوية,Rückgängigmachung einer Vasektomie,नसबंदी को उलटना,精管切除術を元に戻す,revertir una vasectomía,đảo ngược quá trình thắt ống dẫn tinh
revision total hip replacement,مراجعة استبدال مفصل الورك الكلي,Revisions-Totalhüftprothese,कुल कूल्हे के प्रतिस्थापन का संशोधन,人工股関節再置換術,Revisión de reemplazo total de cadera,phẫu thuật thay khớp háng toàn phần tái tạo
revision total knee replacement,مراجعة استبدال مفصل الركبة الكلي,Revisions-Kniegelenkersatz,कुल घुटने के प्रतिस्थापन का संशोधन,人工膝関節再置換術,Revisión de reemplazo total de rodilla,phẫu thuật thay khớp gối toàn phần tái tạo
revision total shoulder replacement,مراجعة استبدال الكتف بالكامل,Revisions-Total-Schulterprothese,कुल कंधे के प्रतिस्थापन का संशोधन,人工肩関節全置換術の再置換,Revisión de reemplazo total de hombro,phẫu thuật thay khớp vai toàn phần tái tạo
rhabdomyolysis,انحلال الربيدات,Rhabdomyolyse,रैबडोमायोलिसिस,横紋筋融解症,rabdomiólisis,tiêu cơ vân
rheumatic fever,الحمى الروماتيزمية,rheumatisches Fieber,वातज्वर,リウマチ熱,fiebre reumática,sốt thấp khớp
rheumatic heart disease,مرض القلب الروماتيزمي,rheumatisches Herzleiden,रुमेटिक हृदय रोग,リウマチ性心疾患,enfermedad cardíaca reumática,bệnh tim thấp khớp
rheumatoid arthritis,التهاب المفصل الروماتويدي,rheumatoide Arthritis,रूमेटाइड गठिया,関節リウマチ,artritis reumatoide,viêm khớp dạng thấp
rhinoplasty,عملية تجميل الأنف,Nasenkorrektur,रिनोप्लास्टी,鼻形成術,rinoplastia,phẫu thuật thẩm mỹ mũi
rhinosinusitis,التهاب الجيوب الأنفية,Rhinosinusitis,राइनोसिनुसाइटिस,副鼻腔炎,rinosinusitis,viêm xoang mũi
rhinovirus,فيروس الأنف,Rhinovirus,rhinovirus,ライノウイルス,rinovirus,rhinovirus
rickets,الكساح,Rachitis,सूखा रोग,くる病,raquitismo,còi xương
rights of consumers,حقوق المستهلكين,Rechte der Verbraucher,उपभोक्ताओं के अधिकार,消費者の権利,derechos de los consumidores,quyền của người tiêu dùng
rigid cystoscopy,تنظير المثانة الصلب,starre Zystoskopie,कठोर सिस्टोस्कोपी,硬性膀胱鏡検査,cistoscopia rígida,nội soi bàng quang cứng
ringing in the ears,طنين في الأذنين,Klingeln in den Ohren,कान में घंटी बज रही है,耳鳴りがする,zumbido en los oídos,ù tai
root canal treatment,علاج قناة الجذر,Wurzelkanalbehandlung,रूट कैनाल उपचार,根管治療,tratamiento de conducto radicular,điều trị tủy răng
rosacea,العُدّ الوردي,Rosacea,rosacea,酒さ様皮膚炎,rosácea,bệnh trứng cá đỏ
roseola infantum,الوردية الطفولية,Roseola infantum,रोजियोला इन्फेंटम,乳児バラ疹,roséola infantil,bệnh sởi ở trẻ sơ sinh
ross river virus infection,عدوى فيروس نهر روس,Ross-River-Virus-Infektion,रॉस नदी वायरस संक्रमण,ロスリバーウイルス感染症,infección por el virus del río Ross,nhiễm virus sông Ross
rotator cuff injury,إصابة الكفة المدورة,Rotatorenmanschettenverletzung,रोटेटर कफ की चोट,回旋筋腱板損傷,lesión del manguito rotador,chấn thương gân cơ xoay vai
rotavirus infection,عدوى فيروس الروتا,Rotavirusinfektion,रोटावायरस संक्रमण,ロタウイルス感染症,infección por rotavirus,nhiễm trùng rotavirus
routine antenatal tests,الفحوصات الروتينية قبل الولادة,routinemäßige pränatale Tests,नियमित प्रसवपूर्व परीक्षण,定期的な妊婦健診,pruebas prenatales de rutina,xét nghiệm tiền sản định kỳ
rsi,مؤشر الكسر الرسغي,RSI,आरएसआई,rsi,rsi,rsi
rsv,rsv,rsv,आरएसवी,RSV,rsv,rsv
rubella,الحصبة الألمانية,Röteln,रूबेला,風疹,rubéola,bệnh rubella
running,جري,läuft,दौड़ना,ランニング,correr,đang chạy
runny nose,سيلان الأنف,laufende Nase,बहती नाक,鼻水,goteo nasal,sổ mũi
rural and remote health,الصحة الريفية والنائية,ländliche und abgelegene Gesundheitsversorgung,ग्रामीण और दूरस्थ स्वास्थ्य,農村部および遠隔地の医療,salud rural y remota,y tế nông thôn và vùng sâu vùng xa
rural health services,خدمات الصحة الريفية,ländliche Gesundheitsdienste,ग्रामीण स्वास्थ्य सेवाएं,農村部の医療サービス,servicios de salud rurales,dịch vụ y tế nông thôn
sacroiliitis,التهاب المفصل العجزي الحرقفي,Sakroiliitis,सैक्रोइलिटिस,仙腸関節炎,sacroileítis,viêm khớp cùng chậu
safe exercise for children,ممارسة الرياضة الآمنة للأطفال,sichere Bewegung für Kinder,बच्चों के लिए सुरक्षित व्यायाम,子供のための安全な運動,Ejercicio seguro para niños,bài tập thể dục an toàn cho trẻ em
safe sex,ممارسة الجنس الآمن,sicherer Sex,सुरक्षित यौन संबंध,安全なセックス,sexo seguro,quan hệ tình dục an toàn
salmonella,السالمونيلا,Salmonellen,साल्मोनेला,サルモネラ,salmonela,vi khuẩn Salmonella
salpingectomy,استئصال البوق,Salpingektomie,सैल्पिंगेक्टोमी,卵管切除術,salpingectomía,cắt bỏ ống dẫn trứng
salt,ملح,Salz,नमक,塩,sal,muối
sarcoidosis,الساركويد,Sarkoidose,सारकॉइडोसिस,サルコイドーシス,sarcoidosis,bệnh sarcoidosis
sars,سارس,SARS,सार्स,SARS,SARS,bệnh sars
saturated fat,الدهون المشبعة,gesättigte Fettsäuren,संतृप्त वसा,飽和脂肪,grasas saturadas,chất béo bão hòa
scabies,الجرب,Krätze,खुजली,疥癬,sarna,ghẻ
scalds,يحرق,Verbrühungen,झुलसना,やけど,escaldaduras,bỏng
scarlet fever,الحمى القرمزية,Scharlach,लोहित ज्बर,猩紅熱,escarlatina,sốt ban đỏ
scheduling of medicines and poisons,جدولة الأدوية والسموم,Einteilung von Medikamenten und Giften,दवाओं और जहरों का निर्धारण,医薬品および毒物の規制,Clasificación de medicamentos y venenos,phân loại thuốc và chất độc
schizoaffective disorder,اضطراب الفصام الوجداني,schizoaffektive Störung,स्किज़ोअफेक्टिव डिसऑर्डर,統合失調感情障害,trastorno esquizoafectivo,rối loạn tâm thần phân liệt
schizophrenia,فُصام,Schizophrenie,एक प्रकार का मानसिक विकार,統合失調症,esquizofrenia,tâm thần phân liệt
school exclusion,الاستبعاد من المدرسة,Schulausschluss,स्कूल से निष्कासन,学校からの排除,exclusión escolar,bị đuổi học
school exclusion periods,فترات الاستبعاد من المدرسة,Schulausschlusszeiten,स्कूल से निष्कासन की अवधि,学校からの退学期間,períodos de exclusión escolar,thời gian bị loại khỏi trường học
sciatica,عرق النسا,Ischias,साइटिका,坐骨神経痛,ciática,đau thần kinh tọa
scleroderma,تصلب الجلد,Sklerodermie,त्वग्काठिन्य,強皮症,esclerodermia,bệnh xơ cứng bì
scoliosis,الجنف,Skoliose,पार्श्वकुब्जता,脊柱側弯症,escoliosis,vẹo cột sống
scurvy,داء الإسقربوط,Skorbut,पाजी,壊血病,escorbuto,bệnh scurvy
sea sick,دوار البحر,seekrank,समुद्री बीमारी,船酔い,Mareo,say sóng
seafood allergies,الحساسية تجاه المأكولات البحرية,Meeresfrüchteallergien,समुद्री भोजन से एलर्जी,魚介類アレルギー,alergias a los mariscos,dị ứng hải sản
seasonal affective disorder,الاضطراب العاطفي الموسمي,saisonale affektive Störung,मौसम की वजह से होने वाली बिमारी,季節性感情障害,trastorno afectivo estacional,rối loạn cảm xúc theo mùa
seasonal flu,الإنفلونزا الموسمية,saisonale Grippe,मौसमी फ्लू,季節性インフルエンザ,gripe estacional,cúm mùa
seborrhoeic dermatitis,التهاب الجلد الدهني,seborrhoische Dermatitis,सेबोरहाइक डर्मेटाइटिस,脂漏性皮膚炎,dermatitis seborreica,viêm da tiết bã
seizures,نوبات,Anfälle,बरामदगी,発作,convulsiones,cơn động kinh
self-esteem,تقدير الذات,Selbstwertgefühl,आत्मसम्मान,自尊心,autoestima,lòng tự trọng
self-examination,الفحص الذاتي,Selbstuntersuchung,स्वयं परीक्षा,自己検査,autoexamen,tự kiểm tra
self-harm,الأذى الذاتي,Selbstverletzung,खुद को नुकसान,自傷,autolesión,tự làm hại bản thân
self-talk,الحديث مع النفس,Selbstgespräch,अपनी बात,自己対話,diálogo interno,tự nói chuyện với bản thân
seniors,كبار السن,Senioren,वरिष्ठ,高齢者,personas mayores,người cao tuổi
seniors' health,صحة كبار السن,Gesundheit von Senioren,वरिष्ठ नागरिकों का स्वास्थ्य,高齢者の健康,salud de las personas mayores,sức khỏe người cao tuổi
sensory impairments,الإعاقات الحسية,sensorische Beeinträchtigungen,संवेदी हानि,感覚障害,deficiencias sensoriales,suy giảm giác quan
sentinel node biopsy,خزعة العقدة الليمفاوية الحارسة,Sentinel-Lymphknotenbiopsie,सेंटिनल नोड बायोप्सी,センチネルリンパ節生検,biopsia del ganglio centinela,sinh thiết hạch gác
separation anxiety,قلق الانفصال,Trennungsangst,विभाजन की उत्कण्ठा,分離不安,ansiedad por separación,lo lắng chia ly
sepsis,الإنتان,Sepsis,पूति,敗血症,septicemia,nhiễm trùng huyết
sepsis and septicaemia,الإنتان وتسمم الدم,Sepsis und Septikämie,सेप्सिस और सेप्टीसीमिया,敗血症と敗血症性ショック,sepsis y septicemia,nhiễm trùng huyết và nhiễm trùng máu
septic arthritis,التهاب المفاصل الإنتاني,septische Arthritis,सेप्टिक गठिया,化膿性関節炎,artritis séptica,viêm khớp nhiễm trùng
septoplasty,عملية تجميل الحاجز الأنفي,Septumplastik,सेप्टोप्लास्टी,鼻中隔形成術,septoplastia,phẫu thuật chỉnh vách ngăn mũi
septorhinoplasty,عملية تجميل الأنف,Septorhinoplastik,सेप्टोरिनोप्लास्टी,鼻中隔形成術,septorrinoplastia,phẫu thuật chỉnh hình vách ngăn mũi
serotonin,السيروتونين,Serotonin,सेरोटोनिन,セロトニン,serotonin,serotonin
sever's disease,مرض سيفر,Sever-Krankheit,सेवर रोग,セーバー病,enfermedad de Sever,bệnh Sever
severe acute respiratory syndrome,متلازمة تنفسية حادة وخيمة,schweres akutes respiratorisches Syndrom,सीवियर एक्यूट रेस्पिरेटरी सिंड्रोम,重症急性呼吸器症候群,síndrome respiratorio agudo grave,hội chứng hô hấp cấp tính nặng
sex and disability,الجنس والإعاقة,Geschlecht und Behinderung,लिंग और विकलांगता,性別と障害,sexo y discapacidad,giới tính và khuyết tật
sexual assault,الاعتداء الجنسي,sexueller Übergriff,यौन उत्पीड़न,性的暴行,agresión sexual,tấn công tình dục
sexual harassment,التحرش الجنسي,sexuelle Belästigung,यौन उत्पीड़न,性的嫌がらせ,Acoso sexual,quấy rối tình dục
sexual health,الصحة الجنسية,sexuelle Gesundheit,यौन स्वास्थ्य,性に関する健康,salud sexual,sức khỏe tình dục
sexual problems,مشاكل جنسية,sexuelle Probleme,यौन समस्याएं,性的な問題,problemas sexuales,vấn đề tình dục
sexually transmitted infections,الأمراض المنقولة جنسياً,sexuell übertragbare Infektionen,यौन रूप से संक्रामित संक्रमण,性感染症,infecciones de transmisión sexual,các bệnh lây truyền qua đường tình dục
shigella,الشيغيلا,Shigella,शिगेला,赤痢菌,shigella,bệnh lỵ
shin splints,التهاب عظم الساق,Schienbeinkantensyndrom,पिंडली में दर्द,脛骨過労性骨膜炎,periostitis tibial,đau ống chân
shingles,هربس نطاقي,Gürtelrose,दाद,帯状疱疹,herpes,bệnh zona
shock,صدمة,Schock,झटका,ショック,choque,sốc
shocks,الصدمات,Schocks,झटके,衝撃,choques,cú sốc
shopping addiction,إدمان التسوق,Kaufsucht,खरीदारी की लत,買い物依存症,adicción a las compras,nghiện mua sắm
short-sightedness,قصر النظر,Kurzsichtigkeit,अदूरदर्शिता,近視,miopía,cận thị
short-term care,الرعاية قصيرة الأجل,Kurzzeitpflege,अल्पकालिक देखभाल,短期介護,atención a corto plazo,chăm sóc ngắn hạn
should i be tested for heart disease?,هل ينبغي عليّ الخضوع لفحص أمراض القلب؟,Sollte ich mich auf Herzkrankheiten untersuchen lassen?,क्या मुझे हृदय रोग की जांच करानी चाहिए?,心臓病の検査を受けるべきでしょうか？,¿Debería hacerme pruebas para detectar enfermedades cardíacas?,Tôi có nên đi xét nghiệm bệnh tim không?
should i be tested for skin cancer?,هل ينبغي عليّ الخضوع لفحص سرطان الجلد؟,Sollte ich mich auf Hautkrebs testen lassen?,क्या मुझे त्वचा कैंसर की जांच करानी चाहिए?,皮膚がんの検査を受けるべきでしょうか？,¿Debería hacerme una prueba para detectar cáncer de piel?,Tôi có nên đi xét nghiệm ung thư da không?
shoulder pain,ألم في الكتف,Schulterschmerzen,कंधे में दर्द,肩の痛み,dolor de hombro,đau vai
shoulder stabilisation surgery,جراحة تثبيت الكتف,Schulterstabilisierungsoperation,कंधे को स्थिर करने की सर्जरी,肩関節安定化手術,cirugía de estabilización del hombro,phẫu thuật ổn định khớp vai
shoulder surgery,جراحة الكتف,Schulteroperation,कंधे की सर्जरी,肩の手術,cirugía de hombro,phẫu thuật vai
sick children,الأطفال المرضى,kranke Kinder,बीमार बच्चे,病気の子供たち,niños enfermos,trẻ em bị bệnh
sickle cell anaemia,فقر الدم المنجلي,Sichelzellenanämie,रक्त की लाल कोशिकाओं की कमी,鎌状赤血球貧血,anemia falciforme,bệnh thiếu máu hồng cầu hình lưỡi liềm
side effects from medicines,الآثار الجانبية للأدوية,Nebenwirkungen von Medikamenten,दवाओं के दुष्प्रभाव,薬の副作用,efectos secundarios de los medicamentos,tác dụng phụ của thuốc
signs of mental health issues,علامات مشاكل الصحة النفسية,Anzeichen psychischer Probleme,मानसिक स्वास्थ्य समस्याओं के लक्षण,精神疾患の兆候,señales de problemas de salud mental,dấu hiệu của các vấn đề sức khỏe tâm thần
sildenafil,سيلدينافيل,Sildenafil,सिल्डेनाफिल,シルデナフィル,sildenafil,sildenafil
silicosis,داء السيليكا,Silikose,सिलिकोसिस,珪肺症,silicosis,bệnh bụi phổi silic
sinusitis,التهاب الجيوب الأنفية,Sinusitis,साइनसाइटिस,副鼻腔炎,sinusitis,viêm xoang
sjögren’s syndrome,متلازمة شوغرن,Sjögren-Syndrom,सजोग्रेन सिंड्रोम,シェーグレン症候群,síndrome de Sjögren,hội chứng Sjögren
skin,جلد,Haut,त्वचा,肌,piel,da
skin cancer,سرطان الجلد,Hautkrebs,त्वचा कैंसर,皮膚がん,cáncer de piel,ung thư da
skin conditions,الأمراض الجلدية,Hauterkrankungen,त्वचा की स्थिति,皮膚疾患,afecciones de la piel,các bệnh về da
skin staph infections,عدوى المكورات العنقودية الجلدية,Hautinfektionen mit Staphylokokken,त्वचा के स्टैफ संक्रमण,皮膚ブドウ球菌感染症,infecciones cutáneas por estafilococos,nhiễm trùng tụ cầu khuẩn trên da
skin tags,زوائد جلدية,Hautanhängsel,त्वचा की चिप्पी,スキンタグ,etiquetas de la piel,mụn thịt trên da
slapped cheek syndrome,متلازمة الخد المصفوع,Ohrfeigen-Syndrom,थप्पड़ मारे गाल सिंड्रोम,頬を叩かれたような感覚,síndrome de la mejilla abofeteada,hội chứng má đỏ
sleep,ينام,schlafen,नींद,寝る,dormir,ngủ
sleep disorders,اضطرابات النوم,Schlafstörungen,नींद संबंधी विकार,睡眠障害,trastornos del sueño,rối loạn giấc ngủ
sleep paralysis,شلل النوم,Schlafparalyse,नींद पक्षाघात,睡眠麻痺,parálisis del sueño,tê liệt khi ngủ
sleep tips for children,نصائح نوم للأطفال,Schlaftipps für Kinder,बच्चों के लिए नींद संबंधी सुझाव,子供の睡眠に関するアドバイス,Consejos para que los niños duerman bien,lời khuyên về giấc ngủ cho trẻ em
sleeping pills,حبوب منومة,Schlafmittel,नींद की गोलियां,睡眠薬,píldoras para dormir,thuốc ngủ
sleepwalking,المشي أثناء النوم,Schlafwandeln,नींद में चलने,夢遊病,somnambulismo,mộng du
sleeve gastrectomy surgery,جراحة تكميم المعدة,Schlauchmagen-Operation,स्लीव गैस्ट्रेक्टॉमी सर्जरी,スリーブ状胃切除術,cirugía de gastrectomía en manga,phẫu thuật cắt bỏ một phần dạ dày
slips,انزلاقات,Rutschen,फिसल जाता है,スリップ,resbalones,trượt
smallpox,الجدري,Pocken,चेचक,天然痘,viruela,bệnh đậu mùa
smoking,تدخين,Rauchen,धूम्रपान,喫煙,de fumar,hút thuốc
smoking and vaping,التدخين والتبخير الإلكتروني,Rauchen und Dampfen,धूम्रपान और वेपिंग,喫煙と電子タバコの使用,fumar y vapear,hút thuốc và thuốc lá điện tử
snake bites,لدغات الثعابين,Schlangenbisse,सांप ने काट लिया,ヘビに噛まれた,mordeduras de serpiente,vết rắn cắn
sneezing,العطس,Niesen,छींकना,くしゃみ,estornudar,hắt hơi
social anxiety,القلق الاجتماعي,soziale Angst,सामाजिक चिंता,社交不安,ansiedad social,lo âu xã hội
social behaviour disorders,اضطرابات السلوك الاجتماعي,Störungen des Sozialverhaltens,सामाजिक व्यवहार विकार,社会的行動障害,trastornos del comportamiento social,rối loạn hành vi xã hội
social workers,الأخصائيون الاجتماعيون,Sozialarbeiter,सामाजिक कार्यकर्ता,ソーシャルワーカー,trabajadores sociales,nhân viên xã hội
sodium,الصوديوم,Natrium,सोडियम,ナトリウム,sodio,natri
soft tissue sarcoma in children,ساركوما الأنسجة الرخوة عند الأطفال,Weichteilsarkom bei Kindern,बच्चों में नरम ऊतक सार्कोमा,小児の軟部組織肉腫,sarcoma de tejidos blandos en niños,U sarcoma mô mềm ở trẻ em
sore throats,التهاب الحلق,Halsschmerzen,गले गले,喉の痛み,dolor de garganta,đau họng
speech development in children,تطور الكلام عند الأطفال,Sprachentwicklung bei Kindern,बच्चों में वाक् विकास,子どもの言語発達,desarrollo del habla en los niños,sự phát triển ngôn ngữ ở trẻ em
speech pathology,أخصائي أمراض النطق,Sprachpathologie,वाक् विकृति विज्ञान,言語療法,patología del habla,bệnh lý ngôn ngữ
speech problems,مشاكل النطق,Sprachprobleme,बोलने में समस्याएँ,言語障害,problemas del habla,vấn đề về lời nói
speed,سرعة,Geschwindigkeit,रफ़्तार,スピード,velocidad,tốc độ
spider bites,لدغات العناكب,Spinnenbisse,मकड़ी के काटने,クモに噛まれた,picaduras de araña,vết cắn của nhện
spina bifida,السنسنة المشقوقة,Spina bifida,स्पाइना बिफिडा,二分脊椎,espina bífida,tật nứt đốt sống
spinal anaesthetic,التخدير النخاعي,Spinalanästhesie,स्पाइनल एनेस्थेटिक,脊髄麻酔,anestesia espinal,gây tê tủy sống
spinal cord injuries,إصابات الحبل الشوكي,Rückenmarksverletzungen,रीढ़ की हड्डी की चोटें,脊髄損傷,lesiones de la médula espinal,chấn thương tủy sống
spinal disc problems,مشاكل العمود الفقري,Bandscheibenprobleme,रीढ़ की हड्डी की डिस्क संबंधी समस्याएं,椎間板の問題,problemas de disco espinal,các vấn đề về đĩa đệm cột sống
spinal disorders,اضطرابات العمود الفقري,Wirbelsäulenerkrankungen,रीढ़ की हड्डी के विकार,脊椎疾患,trastornos de la columna vertebral,rối loạn cột sống
spinal muscular atrophy,ضمور العضلات الشوكي,spinale Muskelatrophie,स्पाइनल मस्कुलर एट्रोफी,脊髄性筋萎縮症,atrofia muscular espinal,teo cơ cột sống
spinal stenosis,تضيق القناة الشوكية,Spinalkanalstenose,स्पाइनल स्टेनोसिस,脊柱管狭窄症,estenosis espinal,hẹp ống sống
spleen problems,مشاكل الطحال,Milzprobleme,तिल्ली की समस्याएं,脾臓の問題,problemas del bazo,các vấn đề về lá lách
spondylolisthesis,انزلاق الفقرات,Spondylolisthesis,स्पोंडिलोलिस्थेसिस,脊椎すべり症,espondilolistesis,trượt đốt sống
sport benefits for children,فوائد رياضية للأطفال,Vorteile des Sports für Kinder,बच्चों के लिए खेल के लाभ,子供にとってのスポーツの利点,Beneficios del deporte para los niños,Lợi ích của thể thao đối với trẻ em
sports massage,التدليك الرياضي,Sportmassage,खेल मालिश,スポーツマッサージ,masaje deportivo,massage thể thao
spotting,رصد,Sichtung,खोलना,スポッティング,punteo,phát hiện
sprained ankle,التواء الكاحل,verstauchtes Sprunggelenk,मोच खाए टखने,足首の捻挫,esguince de tobillo,bong gân mắt cá chân
sprained wrist,التواء في المعصم,verstauchtes Handgelenk,मोचग्रस्त कलाई,手首の捻挫,esguince de muñeca,bong gân cổ tay
sprains and strains,الالتواءات والإجهاد,Verstauchungen und Zerrungen,मोच और खिंचाव,捻挫と肉離れ,esguinces y distensiones,bong gân và căng cơ
squamous cell carcinoma,سرطانة حرشفية الخلايا,Plattenepithelkarzinom,त्वचा कोशिकाओं का कार्सिनोमा,扁平上皮癌,carcinoma de células escamosas,ung thư biểu mô tế bào vảy
st john's wort,نبتة سانت جون,Johanniskraut,सेंट जॉन का पौधा,セントジョーンズワート,hierba de San Juan,cây Hypericum perforatum
standard drink,مشروب قياسي,Standardgetränk,मानक पेय,標準的な飲み物,bebida estándar,đồ uống tiêu chuẩn
stapedectomy,استئصال الركاب,Stapedektomie,स्टेपेडेक्टोमी,アブミ骨切除術,estapedectomía,phẫu thuật cắt bỏ xương bàn đạp
staph infections,عدوى المكورات العنقودية,Staphylokokkeninfektionen,स्टैफ संक्रमण,ブドウ球菌感染症,infecciones por estafilococos,nhiễm trùng tụ cầu khuẩn
statins,الستاتينات,Statine,स्टेटिन,スタチン,estatinas,statin
staying fit,الحفاظ على اللياقة البدنية,fit bleiben,चुस्त रहना,健康を維持する,mantenerse en forma,giữ dáng
staying motivated,حافظ على حماسك,Motivation bewahren,प्रेरित रहना,モチベーションを維持する,mantenerse motivado,duy trì động lực
staying safe during floods and cyclones,الحفاظ على السلامة أثناء الفيضانات والأعاصير,Sicherheit bei Überschwemmungen und Zyklonen,बाढ़ और चक्रवात के दौरान सुरक्षित रहना,洪水やサイクロン発生時の安全確保,mantenerse a salvo durante inundaciones y ciclones,Giữ an toàn trong thời gian lũ lụt và bão lốc
stem cells,الخلايا الجذعية,Stammzellen,स्टेम कोशिकाएं,幹細胞,células madre,tế bào gốc
steroid injection,حقنة الستيرويد,Steroidinjektion,स्टेरॉयड इंजेक्शन,ステロイド注射,inyección de esteroides,tiêm steroid
steroids,المنشطات,Steroide,'स्टेरॉयड,ステロイド,esteroides,steroid
sticky eye,عين لزجة,klebriges Auge,चिपचिपी आँख,粘着眼,ojo pegajoso,con mắt dính
stimulant drugs,الأدوية المنشطة,Stimulanzien,उत्तेजक दवाएँ,覚醒剤,drogas estimulantes,thuốc kích thích
stinging plants,النباتات اللاذعة,Brennnesselpflanzen,चुभने वाले पौधे,刺す植物,plantas urticantes,cây có gai
stings and bites,اللسعات واللدغات,Stiche und Bisse,डंक और काटने,刺したり噛んだりする,picaduras y mordeduras,vết chích và vết cắn
stis,الأمراض المنقولة جنسياً,stis,एसटीआई,スティス,stis,stis
stis screening tests,اختبارات الكشف عن الأمراض المنقولة جنسياً,STI-Screeningtests,एसटीआई स्क्रीनिंग परीक्षण,性感染症スクリーニング検査,pruebas de detección de ETS,xét nghiệm sàng lọc bệnh lây truyền qua đường tình dục
stoma,فغر,Stoma,स्टोमा,ストーマ,estoma,lỗ mở
stomach cancer,سرطان المعدة,Magenkrebs,आमाशय का कैंसर,胃癌,cáncer de estómago,ung thư dạ dày
stomach pain,ألم في المعدة,Magenschmerzen,पेट दर्द,腹痛,dolor de estómago,đau bụng
stomach ulcers,قرحة المعدة,Magengeschwüre,पेट के अल्सर,胃潰瘍,úlceras estomacales,loét dạ dày
stool changes,تغيرات في البراز,Stuhlveränderungen,मल में परिवर्तन,便の変化,cambios en las heces,thay đổi phân
stool tests,اختبارات البراز,Stuhltests,मल परीक्षण,便検査,análisis de heces,xét nghiệm phân
storms,العواصف,Stürme,तूफान,嵐,tormentas,bão
strains and sprains,الالتواءات والإجهادات,Zerrungen und Verstauchungen,मरोड़ और मोच,捻挫と挫傷,distensiones y esguinces,bong gân và căng cơ
strength training,تدريب القوة,Krafttraining,मज़बूती की ट्रेनिंग,筋力トレーニング,entrenamiento de fuerza,tập luyện sức mạnh
streptococcal infection,عدوى المكورات العقدية,Streptokokkeninfektion,स्ट्रेप्टोकोकल संक्रमण,連鎖球菌感染症,infección estreptocócica,nhiễm trùng liên cầu khuẩn
stress,ضغط,Stress,तनाव,ストレス,estrés,nhấn mạnh
stress in young people,التوتر لدى الشباب,Stress bei jungen Menschen,युवाओं में तनाव,若者のストレス,estrés en los jóvenes,căng thẳng ở người trẻ
stress relief and relaxation,تخفيف التوتر والاسترخاء,Stressabbau und Entspannung,तनाव से मुक्ति और आराम,ストレス解消とリラクゼーション,alivio del estrés y relajación,giảm căng thẳng và thư giãn
stroke,سكتة دماغية,Schlaganfall,आघात,脳卒中,ataque,đột quỵ
stuttering,التأتأة,Stottern,हकलाना,どもり,tartamudeo,nói lắp
stye,جذر الشعرة,Schweinestall,स्टाई,麦粒腫,orzuelo,lẹo mắt
subdural haematoma,ورم دموي تحت الجافية,Subduralhämatom,सबड्यूरल हेमाटोमा,硬膜下血腫,hematoma subdural,tụ máu dưới màng cứng
substance misuse,إساءة استخدام المواد المخدرة,Substanzmissbrauch,मादक पदार्थों का दुरुपयोग,薬物乱用,abuso de sustancias,lạm dụng chất gây nghiện
sudden infant death syndrome,متلازمة موت الرضع المفاجئ,Plötzlicher Kindstod,अचानक शिशु मृत्यु सिंड्रोम,乳幼児突然死症候群,síndrome de muerte súbita del lactante,hội chứng đột tử ở trẻ sơ sinh
sugar,سكر,Zucker,चीनी,砂糖,azúcar,đường
suicidal thoughts,أفكار انتحارية,Selbstmordgedanken,आत्महत्या के विचार,自殺願望,pensamientos suicidas,ý nghĩ tự tử
suicide,انتحار,Selbstmord,आत्मघाती,自殺,suicidio,tự tử
suicide warning signs,علامات تحذيرية للانتحار,Suizid-Warnzeichen,आत्महत्या के चेतावनी संकेत,自殺の兆候,señales de advertencia de suicidio,dấu hiệu cảnh báo tự tử
summer skin rashes,طفح جلدي صيفي,Sommerliche Hautausschläge,गर्मी के मौसम में त्वचा पर चकत्ते,夏の皮膚発疹,erupciones cutáneas de verano,phát ban da mùa hè
sunburn and sun protection,حروق الشمس والحماية من الشمس,Sonnenbrand und Sonnenschutz,धूप से त्वचा का जलना और धूप से बचाव,日焼けと日焼け対策,quemaduras solares y protección solar,cháy nắng và bảo vệ da khỏi ánh nắng mặt trời
sunscreen,واقي الشمس,Sonnenschutzmittel,सनस्क्रीन,日焼け止め,protector solar,kem chống nắng
support for children with cancer,دعم الأطفال المصابين بالسرطان,Unterstützung für krebskranke Kinder,कैंसर से पीड़ित बच्चों के लिए सहायता,がんを患う子どもたちへの支援,apoyo para niños con cáncer,hỗ trợ cho trẻ em mắc bệnh ung thư
support for parents of children with cancer,دعم آباء الأطفال المصابين بالسرطان,Unterstützung für Eltern von krebskranken Kindern,कैंसर से पीड़ित बच्चों के माता-पिता के लिए सहायता,がんを患う子どもの親への支援,apoyo para padres de niños con cáncer,Hỗ trợ cho cha mẹ có con mắc bệnh ung thư
surgery,جراحة,Operation,शल्य चिकित्सा,手術,cirugía,ca phẫu thuật
surgery for anal fistula,جراحة الناسور الشرجي,Operation bei Analfistel,गुदा फिस्टुला के लिए सर्जरी,肛門瘻の手術,cirugía para fístula anal,phẫu thuật điều trị rò hậu môn
surgery for benign scrotal lumps,جراحة لعلاج الأورام الحميدة في كيس الصفن,Operation bei gutartigen Hodensackknoten,अंडकोष में सौम्य गांठों के लिए सर्जरी,良性陰嚢腫瘤の手術,Cirugía para extirpar bultos escrotales benignos,phẫu thuật điều trị u lành tính ở bìu
surgery for de quervain's disease,جراحة لعلاج مرض دي كيرفان,Operation bei Morbus De Quervain,डीक्वेरवेन रोग के लिए सर्जरी,ドケルバン病の手術,Cirugía para la enfermedad de De Quervain,phẫu thuật điều trị bệnh De Quervain
surgery for diverticular disease,جراحة لعلاج داء الرتج,Operation bei Divertikulose,डायवर्टिकुलर रोग के लिए सर्जरी,憩室疾患の手術,cirugía para la enfermedad diverticular,phẫu thuật điều trị bệnh túi thừa
surgery for ingrowing toenail,جراحة لعلاج ظفر القدم الناشب,Operation bei eingewachsenem Zehennagel,पैर के नाखून के अंदर की ओर बढ़ने की सर्जरी,巻き爪の手術,Cirugía para uña encarnada,phẫu thuật điều trị móng chân mọc ngược
surgery for large hiatus hernia,جراحة الفتق الحجابي الكبير,Operation bei großem Zwerchfellbruch,बड़े हायटस हर्निया के लिए सर्जरी,大きな食道裂孔ヘルニアの手術,cirugía para hernia hiatal grande,phẫu thuật điều trị thoát vị hoành lớn
surgery for pilonidal sinus,جراحة الناسور الشعري,Operation bei Steißbeinfistel,पिलोनाइडल साइनस के लिए सर्जरी,毛巣洞の手術,Cirugía para el quiste pilonidal,phẫu thuật điều trị u nang lông vùng hậu môn
surgery for problems of the small toes,جراحة لعلاج مشاكل أصابع القدم الصغيرة,Operation bei Problemen der kleinen Zehen,पैर की छोटी उंगलियों की समस्याओं के लिए सर्जरी,小指の疾患に対する手術,Cirugía para problemas de los dedos pequeños de los pies,phẫu thuật điều trị các vấn đề về ngón chân út
surgery for rectal cancer,جراحة سرطان المستقيم,Operation bei Rektumkarzinom,मलाशय के कैंसर के लिए सर्जरी,直腸がんの手術,cirugía para el cáncer de recto,phẫu thuật điều trị ung thư trực tràng
surgery for tennis elbow,جراحة لعلاج مرفق التنس,Operation bei Tennisarm,टेनिस एल्बो के लिए सर्जरी,テニス肘の手術,Cirugía para el codo de tenista,phẫu thuật điều trị viêm khuỷu tay do chơi tennis
surgical and medical abortions,عمليات الإجهاض الجراحية والطبية,chirurgische und medikamentöse Schwangerschaftsabbrüche,शल्य चिकित्सा और चिकित्सीय गर्भपात,外科的および薬物による中絶,abortos quirúrgicos y médicos,phá thai bằng phẫu thuật và bằng thuốc
swallowed object,جسم مبتلع,verschluckter Gegenstand,निगली हुई वस्तु,飲み込んだ異物,objeto tragado,vật thể bị nuốt
swallowed substance,المادة المبتلعة,verschluckte Substanz,निगला हुआ पदार्थ,飲み込んだ物質,sustancia ingerida,chất nuốt
sweating,التعرق,Schwitzen,पसीना आना,発汗,transpiración,đổ mồ hôi
sweats,عرق,Schweißausbrüche,पसीना,スウェット,sudor,mồ hôi
swedish massage,التدليك السويدي,schwedische Massage,स्वीडिश संदेश,スウェーデン式マッサージ,masaje sueco,massage Thụy Điển
swelling in groin,تورم في منطقة الفخذ,Schwellung in der Leiste,कमर में सूजन,鼠径部の腫れ,hinchazón en la ingle,sưng ở háng
swimmer's ear,أذن السباح,Schwimmerohr,तैराक का कान,水泳耳,oído de nadador,tai của người bơi
swimming,سباحة,Baden,तैरना,水泳,nadar,bơi
swimming safety,السلامة أثناء السباحة,Schwimmsicherheit,तैराकी सुरक्षा,水泳時の安全,seguridad en la natación,an toàn khi bơi
swollen glands,الغدد المتورمة,geschwollene Drüsen,सूजी हुई ग्रंथियाँ,リンパ腺の腫れ,ganglios inflamados,hạch sưng
swollen or painful testicle,خصية متورمة أو مؤلمة,geschwollener oder schmerzhafter Hoden,सूजा हुआ या दर्दनाक अंडकोष,睾丸の腫れや痛み,testículo hinchado o doloroso,tinh hoàn sưng hoặc đau
symptom checker,مدقق الأعراض,Symptom-Checker,लक्षण जांचकर्ता,症状チェッカー,comprobador de síntomas,công cụ kiểm tra triệu chứng
symptoms of serious illness in babies and children,أعراض الأمراض الخطيرة عند الرضع والأطفال,Symptome schwerer Erkrankungen bei Säuglingen und Kindern,शिशुओं और बच्चों में गंभीर बीमारी के लक्षण,乳幼児の重篤な病気の症状,Síntomas de enfermedades graves en bebés y niños,các triệu chứng của bệnh nặng ở trẻ sơ sinh và trẻ em
syndrome x,متلازمة إكس,Syndrom X,सिंड्रोम x,症候群X,síndrome x,hội chứng x
syphilis,الزهري,Syphilis,उपदंश,梅毒,sífilis,bệnh giang mai
syringe injuries,إصابات الحقن,Verletzungen durch Spritzen,सिरिंज से होने वाली चोटें,注射器による怪我,lesiones por jeringas,chấn thương do kim tiêm
tachycardia,تسرع القلب,Tachykardie,tachycardia,頻脈,taquicardia,nhịp tim nhanh
tadalafil,تادالافيل,Tadalafil,Tadalafil,タダラフィル,tadalafil,tadalafil
tai chi,تاي تشي,Tai Chi,ताई ची,太極拳,tai chi,thái cực quyền
tailbone pain and injury,ألم وإصابة في عظم العصعص,Steißbeinschmerzen und -verletzungen,टेलबोन में दर्द और चोट,尾骨の痛みと怪我,Dolor y lesiones en el coxis,Đau và chấn thương xương cụt
taking opioid medicines safely,تناول الأدوية الأفيونية بأمان,sichere Einnahme von Opioidmedikamenten,ओपिओइड दवाओं का सुरक्षित सेवन,オピオイド系鎮痛薬を安全に服用する,tomar medicamentos opioides de forma segura,sử dụng thuốc opioid một cách an toàn
talking about your mental health concerns,التحدث عن مخاوفك المتعلقة بالصحة النفسية,über Ihre psychischen Gesundheitsprobleme sprechen,अपनी मानसिक स्वास्थ्य संबंधी चिंताओं के बारे में बात करना,メンタルヘルスの悩みについて話す,Hablar sobre tus preocupaciones de salud mental,Nói về những lo ngại của bạn
talking to your doctor about mental health,التحدث مع طبيبك حول الصحة النفسية,Sprechen Sie mit Ihrem Arzt über psychische Gesundheit,अपने डॉक्टर से मानसिक स्वास्थ्य के बारे में बात करना,メンタルヘルスについて医師と話し合う,hablar con tu médico sobre salud mental,Trao đổi với bác sĩ về sức khỏe tâm thần.
talking to your employer about illness,التحدث مع صاحب العمل بشأن المرض,Sprechen Sie mit Ihrem Arbeitgeber über Ihre Krankheit,अपने नियोक्ता से बीमारी के बारे में बात करना,病気について雇用主と話し合う,hablar con tu empleador sobre la enfermedad,Trao đổi với chủ lao động về tình trạng sức khỏe của bạn.
tampon,حشا,Tampon,तंपन,タンポン,tampón,băng vệ sinh
tapentadol,تابينتادول,Tapentadol,टैपेंटाडोल,タペンタドール,tapentadol,tapentadol
tapeworm,الشريطية,Bandwurm,टेपवर्म,サナダムシ,tenia,sán dây
tattoo,وشم,Tätowierung,टटू,入れ墨,tatuaje,hình xăm
tay-sachs disease,مرض تاي ساكس,Tay-Sachs-Krankheit,टे-सैक्स रोग,テイ・サックス病,enfermedad de Tay-Sachs,bệnh tay-sachs
tb,السل,tb,टीबी,結核,tuberculosis,lao
teen aggression,عدوانية المراهقين,Aggression bei Jugendlichen,किशोरों की आक्रामकता,十代の攻撃性,agresión adolescente,sự hung hăng của tuổi teen
teenage anxiety,قلق المراهقين,Angstzustände bei Teenagern,किशोरों की चिंता,十代の不安,ansiedad adolescente,lo lắng tuổi thiếu niên
teenagers and adolescent's mental health,الصحة النفسية للمراهقين والشباب,psychische Gesundheit von Teenagern und Jugendlichen,किशोरों और युवा वयस्कों का मानसिक स्वास्थ्य,10代の若者と青年のメンタルヘルス,salud mental de adolescentes y jóvenes,sức khỏe tâm thần của thanh thiếu niên và vị thành niên
teenagers' health,صحة المراهقين,Gesundheit von Teenagern,किशोरों का स्वास्थ्य,十代の若者の健康,salud de los adolescentes,sức khỏe của thanh thiếu niên
teeth,أسنان,Zähne,दाँत,歯,dientes,răng
teeth grinding,صرير الأسنان,Zähneknirschen,दांत पीसना,歯ぎしり,rechinar los dientes,nghiến răng
teeth whitening,تبييض الأسنان,Zahnaufhellung,दांतों को सफेद करना,歯のホワイトニング,blanqueamiento dental,làm trắng răng
temazepam,تيمازيبام,Temazepam,टेमाजेपाम,テマゼパム,temazepam,temazepam
temporomandibular joint arthroscopy,تنظير المفصل الصدغي الفكي,Kiefergelenksarthroskopie,टेम्पोरोमैंडिबुलर जॉइंट आर्थ्रोस्कोपी,顎関節鏡検査,artroscopia de la articulación temporomandibular,nội soi khớp thái dương hàm
temporomandibular joint dysfunction,خلل في المفصل الصدغي الفكي,Funktionsstörung des Kiefergelenks,टेम्पोरोमैंडिबुलर जोड़ की शिथिलता,顎関節機能障害,disfunción de la articulación temporomandibular,rối loạn chức năng khớp thái dương hàm
tendinopathy,اعتلال الأوتار,Tendinopathie,टेंडिनोपैथी,腱障害,tendinopatía,viêm gân
tendinosis,التهاب الأوتار,Tendinose,Tendinosis,腱炎,tendinosis,viêm gân
tendonitis,التهاب الأوتار,Sehnenentzündung,टेंडोनाइटिस,腱炎,tendinitis,viêm gân
tennis elbow,مرفق التنس,Tennisarm,क्रिकेट कोहनी,テニス肘,codo de tenista,khuỷu tay tennis
tennis elbow surgery,جراحة مرفق التنس,Tennisarm-Operation,टेनिस एल्बो सर्जरी,テニス肘手術,Cirugía de codo de tenista,phẫu thuật khuỷu tay tennis
tens,عشرات,Zehner,दसियों,10,decenas,hàng chục
tension headache,صداع التوتر,Spannungskopfschmerzen,तनाव सिरदर्द,緊張型頭痛,dolor de cabeza,đau đầu do căng thẳng
terminal conditions and grief,الحالات المرضية الميؤوس من شفائها والحزن,unheilbare Krankheiten und Trauer,असाध्य स्थितियाँ और शोक,末期症状と悲しみ,enfermedades terminales y duelo,bệnh nan y và nỗi đau buồn
terminal illness,مرض عضال,unheilbare Krankheit,लाइलाज बीमारी,末期疾患,enfermedad terminal,bệnh nan y
termination,إنهاء الخدمة,Beendigung,समापन,終了,terminación,chấm dứt
testicular cancer,سرطان الخصية,Hodenkrebs,शुक्र ग्रंथि का कैंसर,精巣がん,cáncer testicular,ung thư tinh hoàn
testicular torsion,التواء الخصية,Hodentorsion,वृषण मरोड़,精巣捻転,torsión testicular,xoắn tinh hoàn
testing for allergy,اختبار الحساسية,Allergietest,एलर्जी की जांच,アレルギー検査,pruebas de alergia,xét nghiệm dị ứng
testosterone,التستوستيرون,Testosteron,टेस्टोस्टेरोन,テストステロン,testosterona,testosterone
testosterone test,اختبار التستوستيرون,Testosterontest,टेस्टोस्टेरोन परीक्षण,テストステロン検査,prueba de testosterona,xét nghiệm testosterone
tetanus,كُزاز,Tetanus,धनुस्तंभ,破傷風,tétanos,uốn ván
thalassaemia,الثلاسيميا,Thalassämie,थैलेसीमिया,サラセミア,talasemia,bệnh thalassemia
the pill,حبوب منع الحمل,die Pille,गोली,ピル,la píldora,viên thuốc
the role of a nurse,دور الممرضة,die Rolle einer Krankenschwester,नर्स की भूमिका,看護師の役割,El papel de una enfermera,vai trò của một y tá
the role of public health alerts,دور التنبيهات الصحية العامة,die Rolle von Warnmeldungen im Bereich der öffentlichen Gesundheit,सार्वजनिक स्वास्थ्य चेतावनियों की भूमिका,公衆衛生警報の役割,El papel de las alertas de salud pública,vai trò của các cảnh báo y tế công cộng
the-role-of-a-dermatologist,دور طبيب الأمراض الجلدية,die Rolle eines Dermatologen,त्वचा विशेषज्ञ की भूमिका,皮膚科医の役割,El papel de un dermatólogo,vai trò của bác sĩ da liễu
thermal balloon endometrial ablation,استئصال بطانة الرحم بالبالون الحراري,Thermische Ballon-Endometriumablation,थर्मल बैलून एंडोमेट्रियल एब्लेशन,熱バルーン子宮内膜アブレーション,ablación endometrial con balón térmico,đốt nội mạc tử cung bằng bóng nhiệt
thoracoscopy,تنظير الصدر,Thorakoskopie,थोराकोस्कोपी,胸腔鏡検査,toracoscopia,nội soi lồng ngực
threadworms,الديدان الدبوسية,Madenwürmer,धागे के कीड़े,線虫,gusanos intestinales,giun kim
throat cancer,سرطان الحلق,Kehlkopfkrebs,गले का कैंसर,喉頭がん,cáncer de garganta,ung thư họng
throat diseases,أمراض الحلق,Halskrankheiten,गले की बीमारियाँ,喉の病気,enfermedades de la garganta,bệnh về họng
thrombocytopenia,نقص الصفيحات,Thrombozytopenie,थ्रोम्बोसाइटोपेनिया,血小板減少症,trombocitopenia,giảm tiểu cầu
thrush,مرض القلاع,Soor,थ्रश,ツグミ,tordo,bệnh nấm miệng
thunderstorm asthma,الربو الناتج عن العواصف الرعدية,Gewitterasthma,गरज के साथ तूफान अस्थमा,雷雨喘息,tormenta eléctrica asma,hen suyễn do giông bão
thyroid cancer,سرطان الغدة الدرقية,Schilddrüsenkrebs,थायराइड कैंसर,甲状腺がん,cáncer de tiroides,ung thư tuyến giáp
thyroid function tests,اختبارات وظائف الغدة الدرقية,Schilddrüsenfunktionstests,थायरॉइड फंक्शन टेस्ट,甲状腺機能検査,pruebas de función tiroidea,xét nghiệm chức năng tuyến giáp
thyroid gland,الغدة الدرقية,Schilddrüse,थाइरॉयड ग्रंथि,甲状腺,glándula tiroides,tuyến giáp
thyroid problems,مشاكل الغدة الدرقية,Schilddrüsenprobleme,थायरॉयड समस्याएं,甲状腺の問題,problemas de tiroides,các vấn đề về tuyến giáp
thyroidectomy,استئصال الغدة الدرقية,Schilddrüsenentfernung,थायरॉयडेक्टॉमी,甲状腺切除術,tiroidectomía,phẫu thuật cắt bỏ tuyến giáp
thyroidectomy for suspected cancer,استئصال الغدة الدرقية للاشتباه في الإصابة بالسرطان,Schilddrüsenentfernung bei Verdacht auf Krebs,कैंसर के संदेह में थायरॉयडेक्टॉमी,癌が疑われる場合の甲状腺切除術,Tiroidectomía por sospecha de cáncer,phẫu thuật cắt bỏ tuyến giáp do nghi ngờ ung thư
thyrotoxicosis,فرط نشاط الغدة الدرقية,Thyreotoxikose,थायरोटोक्सीकोसिस,甲状腺中毒症,tirotoxicosis,cường giáp
tia,تيا,Tia,तिया,ティア,tia,tia
tick bites,لدغات القراد,Zeckenbisse,टिक के काटने,ダニ刺され,picaduras de garrapatas,vết cắn của ve
tinea,سعفة,Tinea,टिनिअ,白癬,tiña,nấm da
tinnitus,"formal: طنين | informal: طنين في الأذن, وش في الأذن","formal: Tinnitus | informal: Ohrensausen, Pfeifen im Ohr","formal: कर्णक्ष्वेड | informal: कान बजना, कानों में सायं-सायं होना","formal: 耳鳴り | informal: 耳鳴り, キーンとする音","formal: tinnitus | informal: zumbido en los oídos, pitido en el oído","formal: ù tai | informal: tiếng ve kêu trong tai, tiếng ù tai"
tips for safe and responsible drinking,نصائح للشرب الآمن والمسؤول,Tipps für sicheren und verantwortungsvollen Alkoholkonsum,सुरक्षित और ज़िम्मेदार तरीके से शराब पीने के लिए सुझाव,安全で責任ある飲酒のためのヒント,Consejos para beber de forma segura y responsable,lời khuyên để uống rượu an toàn và có trách nhiệm
tissue and organ donation,التبرع بالأنسجة والأعضاء,Gewebe- und Organspende,ऊतक और अंग दान,組織および臓器提供,Donación de tejidos y órganos,hiến tặng mô và nội tạng
tmj arthroscopy,تنظير مفصل الفك الصدغي,Kiefergelenksarthroskopie,टीएमजे आर्थ्रोस्कोपी,顎関節鏡検査,artroscopia de la ATM,nội soi khớp thái dương hàm
toddlers and babies,الأطفال الصغار والرضع,Kleinkinder und Babys,छोटे बच्चे और शिशु,幼児と赤ちゃん,niños pequeños y bebés,trẻ mới biết đi và trẻ sơ sinh
toe,اصبع القدم,Zehe,पैर की अंगुली,つま先,dedo del pie,ngón chân
toe and forefoot amputation,بتر أصابع القدم ومقدمة القدم,Zehen- und Vorfußamputation,पैर की उंगली और अग्रपाद का विच्छेदन,つま先と前足部の切断,amputación de dedos y antepié,cắt cụt ngón chân và bàn chân trước
toe fracture,كسر في إصبع القدم,Zehenbruch,पैर की उंगली में फ्रैक्चर,足指の骨折,fractura del dedo del pie,gãy ngón chân
toenail infection,عدوى أظافر القدم,Zehennagelinfektion,पैर के नाखून में संक्रमण,足の爪の感染症,infección de las uñas de los pies,nhiễm trùng móng chân
toilet training,التدريب على استخدام المرحاض,Toilettentraining,शौचालय प्रशिक्षण,トイレトレーニング,entrenamiento para ir al baño,huấn luyện đi vệ sinh
tongue and mouth cuts,جروح اللسان والفم,Zungen- und Mundverletzungen,जीभ और मुंह में कट,舌と口の切り傷,Cortes en la lengua y la boca,vết cắt lưỡi và miệng
tongue-tie division,قسم ربط اللسان,Zungenbändchen-Abteilung,जीभ-बंधन विभाजन,舌小帯切除術,división de frenillo lingual,phân chia dính lưỡi
tonsil stones,حصى اللوزتين,Mandelsteine,टन्सिल का पत्थर,扁桃腺結石,cálculos amigdalinos,sỏi amidan
tonsillectomy,إستئصال اللوزتين,Mandelentfernung,तोंसिल्लेक्टोमी,扁桃腺摘出術,amigdalectomía,cắt amidan
tonsillitis,التهاب اللوزتين,Mandelentzündung,टॉन्सिल्लितिस,扁桃炎,amigdalitis,viêm amiđan
tooth abscess,خراج الأسنان,Zahnabszess,दांत का फोड़ा,歯の膿瘍,absceso dental,áp xe răng
tooth extraction,خلع الأسنان,Zahnextraktion,दांत उखाड़ना,抜歯,extracción dental,nhổ răng
toothache and gum swelling,ألم الأسنان وتورم اللثة,Zahnschmerzen und Zahnfleischschwellung,दांत दर्द और मसूड़ों में सूजन,歯痛と歯茎の腫れ,dolor de muelas e inflamación de las encías,đau răng và sưng nướu
torticollis. neck strain,التواء الرقبة. إجهاد الرقبة,Schiefhals. Nackenverspannung.,गर्दन में खिंचाव (टॉर्टिकोलिस)।,斜頸。首の捻挫,tortícolis. distensión cervical,chứng vẹo cổ. căng cơ cổ
total ankle replacement,استبدال كامل للكاحل,Totale Sprunggelenksersatz,कुल टखने का प्रतिस्थापन,足関節全置換術,reemplazo total de tobillo,thay khớp mắt cá chân toàn phần
total elbow replacement,استبدال كامل للمرفق,vollständiger Ellbogenersatz,कुल कोहनी प्रतिस्थापन,肘関節全置換術,reemplazo total de codo,thay khớp khuỷu tay toàn phần
total shoulder replacement,استبدال مفصل الكتف بالكامل,totaler Schulterersatz,कुल कंधे का प्रतिस्थापन,肩関節全置換術,reemplazo total de hombro,thay khớp vai toàn phần
total thyroidectomy,استئصال الغدة الدرقية بالكامل,totale Thyreoidektomie,कुल थायरॉयडेक्टॉमी,甲状腺全摘出術,tiroidectomía total,cắt bỏ toàn bộ tuyến giáp
tourette syndrome,متلازمة توريت,Tourette-Syndrom,टॉरेट सिंड्रोम,トゥレット症候群,síndrome de Tourette,hội chứng Tourette
toxic fumes,أبخرة سامة,giftige Dämpfe,जहरीली गैसें,有毒ガス,humos tóxicos,khói độc
toxic shock syndrome,متلازمة الصدمة التسممية,toxisches Schocksyndrom,टॉक्सिक शॉक सिंड्रोम,毒素性ショック症候群,síndrome de shock tóxico,hội chứng sốc nhiễm độc
toxoplasmosis,داء المقوسات,Toxoplasmose,टोक्सोप्लाज़मोसिज़,トキソプラズマ症,toxoplasmosis,bệnh toxoplasmosis
tracheostomy,فغر الرغامي,Tracheostomie,ट्रेकियोस्टोमी,気管切開,traqueostomía,mở khí quản
trachoma,التراخوما,Trachom,ट्रेकोमा,トラコーマ,tracoma,bệnh đau mắt hột
tramadol,ترامادول,Tramadol,ट्रामाडोल,トラマドール,tramadol,tramadol
trans-oesophageal echocardiogram,تخطيط صدى القلب عبر المريء,transösophageale Echokardiographie,ट्रांस-ओसोफेजियल इकोकार्डियोग्राम,経食道心エコー検査,ecocardiograma transesofágico,siêu âm tim qua thực quản
transbronchial biopsy,خزعة عبر القصبات الهوائية,transbronchiale Biopsie,ट्रांसब्रोंकियल बायोप्सी,経気管支生検,biopsia transbronquial,sinh thiết xuyên phế quản
transcutaneous electrical nerve stimulation,التحفيز الكهربائي للأعصاب عبر الجلد,transkutane elektrische Nervenstimulation,ट्रांसकुटनेऔस विद्युत तंत्रिका उत्तेजना,経皮的電気神経刺激,estimulación nerviosa eléctrica transcutánea,kích thích thần kinh điện xuyên da
transfusion,نقل الدم,Transfusion,ट्रांसफ्यूजन,輸血,transfusión,truyền máu
transient ischaemic attack,نوبة نقص تروية عابرة,transitorische ischämische Attacke,क्षणिक इस्केमिक हमला,一過性脳虚血発作,ataque isquémico transitorio,cơn thiếu máu cục bộ thoáng qua
transurethral resection of the prostate,استئصال البروستاتا عبر الإحليل,transurethrale Resektion der Prostata,प्रोस्टेट का ट्रांसयूरेथ्रल रिसेक्शन,経尿道的前立腺切除術,resección transuretral de la próstata,Cắt bỏ tuyến tiền liệt qua niệu đạo
transverse myelitis,التهاب النخاع المستعرض,Querschnittsmyelitis,ट्रांसवर्स मायलाइटिस,横断性脊髄炎,mielitis transversa,viêm tủy ngang
trapeziectomy,استئصال العظم شبه المنحرف,Trapezektomie,ट्रेपेज़िएक्टॉमी,僧帽筋切除術,trapeciectomía,phẫu thuật cắt bỏ xương thang
travel health,صحة المسافرين,Reisegesundheit,यात्रा स्वास्थ्य,旅行中の健康,salud en los viajes,sức khỏe khi đi du lịch
travel medical kits,حقائب الإسعافات الأولية للسفر,Reiseapotheken,यात्रा चिकित्सा किट,旅行用救急キット,botiquines médicos de viaje,bộ dụng cụ y tế du lịch
travel sickness,دوار السفر,Reisekrankheit,यात्रा संबंधी रोग,乗り物酔い,mareo por viaje,say tàu xe
travel vaccinations,التطعيمات اللازمة للسفر,Reiseimpfungen,यात्रा टीकाकरण,旅行用ワクチン接種,vacunas para viajes,tiêm phòng du lịch
travelling for healthcare,السفر لتلقي الرعاية الصحية,Reisen aus medizinischen Gründen,स्वास्थ्य सेवा के लिए यात्रा करना,医療目的での旅行,viajar para recibir atención médica,đi lại để khám chữa bệnh
treatments for addiction,علاجات الإدمان,Behandlungen für Suchterkrankungen,नशे की लत के उपचार,依存症の治療,tratamientos para la adicción,các phương pháp điều trị nghiện
tree nut allergy,حساسية المكسرات,Baumnussallergie,पेड़ के मेवों से एलर्जी,木の実アレルギー,alergia a los frutos secos,dị ứng hạt cây
trichomoniasis,داء المشعرات,Trichomoniasis,ट्राइकोमोनियासिस,トリコモナス症,tricomoniasis,bệnh trùng roi
trichotillomania,هوس نتف الشعر,Trichotillomanie,ट्राइकोटिलोमेनिया,抜毛症,tricotilomanía,chứng nhổ tóc
trigeminal neuralgia,ألم العصب ثلاثي التوائم,Trigeminusneuralgie,ट्राइजेमिनल न्यूराल्जिया,三叉神経痛,neuralgia del trigémino,đau dây thần kinh tam thoa
trigger finger release,تحرير إصبع الزناد,Loslassen des Zeigefingers,ट्रिगर उंगली रिलीज,トリガーフィンガーリリース,liberación del dedo del gatillo,giải phóng ngón tay cò súng
triglycerides,الدهون الثلاثية,Triglyceride,ट्राइग्लिसराइड्स,トリグリセリド,triglicéridos,chất béo trung tính
triple zero,ثلاثة صفر,Drei Null,ट्रिपल ज़ीरो,トリプルゼロ,triple cero,ba số không
trips,رحلات,Reisen,ट्रिप्स,旅行,viajes,chuyến đi
trisomy 18,التثلث الصبغي 18,Trisomie 18,ट्राइसोमी 18,18トリソミー,trisomía 18,hội chứng trisomy 18
tss,تسس,tss,टीएसएस,ツッ,tss,tss
tubal ligation,ربط الأنابيب,Tubenligatur,ट्यूबल लिगेशन,卵管結紮,ligadura de trompas,thắt ống dẫn trứng
tuberculosis,مرض الدرن,Tuberkulose,तपेदिक,結核,tuberculosis,bệnh lao
tuberous sclerosis,التصلب الدرني,tuberöse Sklerose,ट्यूबरस स्क्लेरोसिस,結節性硬化症,esclerosis tuberosa,bệnh xơ cứng củ
tummy pain,ألم في البطن,Bauchschmerzen,पेट दर्द,腹痛,dolor de estómago,đau bụng
tumours,الأورام,Tumore,ट्यूमर,腫瘍,tumores,khối u
turbinectomy,استئصال القرينات الأنفية,Turbinektomie,टर्बाइनेक्टोमी,鼻甲介切除術,turbinectomía,cắt bỏ cuốn mũi
turner syndrome,متلازمة تيرنر,Turner-Syndrom,हत्थेदार बर्तन सहलक्षण,ターナー症候群,síndrome de Turner,hội chứng Turner
turp,زيت التربنتين,Terpentin,टर्प,タープ,turp,nhựa thông
twitching eye,ارتعاش العين,zuckendes Auge,आँख फड़कना,まぶたの痙攣,ojo tembloroso,mắt giật
type 1 diabetes,داء السكري من النوع الأول,Typ-1-Diabetes,टाइप 1 मधुमेह,1型糖尿病,diabetes tipo 1,bệnh tiểu đường loại 1
type 2 diabetes,داء السكري من النوع الثاني,Typ-2-Diabetes,टाइप 2 मधुमेह,2型糖尿病,diabetes tipo 2,bệnh tiểu đường loại 2
types of thermometer for fever,أنواع موازين الحرارة لقياس الحمى,Arten von Fieberthermometern,बुखार मापने वाले थर्मामीटर के प्रकार,発熱用の体温計の種類,Tipos de termómetros para la fiebre,các loại nhiệt kế đo sốt
typhoid and paratyphoid fever,حمى التيفوئيد وحمى نظيرة التيفوئيد,Typhus und Paratyphus,टाइफाइड और पैराटाइफाइड बुखार,腸チフスおよびパラチフス,fiebre tifoidea y paratifoidea,thương hàn và phó thương hàn
ulcerative colitis,التهاب القولون التقرحي,Colitis ulcerosa,नासूर के साथ बड़ी आंत में सूजन,潰瘍性大腸炎,colitis ulcerosa,viêm loét đại tràng
ulcers,القرحة,Geschwüre,अल्सर,潰瘍,úlceras,loét
ulcers and mouth sores,القرح وتقرحات الفم,Geschwüre und Mundgeschwüre,अल्सर और मुंह के छाले,潰瘍と口内炎,úlceras y llagas en la boca,loét và vết thương miệng
ulnar nerve entrapment,انحصار العصب الزندي,Ulnarisnervenkompression,अलनार तंत्रिका अवरोध,尺骨神経絞扼,atrapamiento del nervio cubital,hội chứng chèn ép dây thần kinh trụ
ulnar nerve release,تحرير العصب الزندي,Entlastung des Ellennervs,अलनार तंत्रिका रिलीज,尺骨神経解放術,liberación del nervio cubital,giải phóng dây thần kinh trụ
ultrasound,الموجات فوق الصوتية,Ultraschall,अल्ट्रासाउंड,超音波,ultrasonido,siêu âm
umbilical hernia,الفتق السري,Nabelbruch,नाभि हर्निया,臍ヘルニア,hernia umbilical,thoát vị rốn
umbilical hernia repair,إصلاح الفتق السري,Nabelbruchoperation,नाभि हर्निया की मरम्मत,臍ヘルニア修復,reparación de hernia umbilical,phẫu thuật sửa chữa thoát vị rốn
underlying causes of vomiting,الأسباب الكامنة وراء القيء,zugrunde liegende Ursachen des Erbrechens,उल्टी के अंतर्निहित कारण,嘔吐の根本原因,causas subyacentes del vómito,nguyên nhân cơ bản của nôn mửa
understanding pathology tests,فهم اختبارات علم الأمراض,Verständnis von Pathologietests,पैथोलॉजी परीक्षणों को समझना,病理検査の理解,Comprensión de las pruebas de patología,hiểu về các xét nghiệm bệnh lý
understanding the public and private hospital systems,فهم أنظمة المستشفيات العامة والخاصة,Verständnis der öffentlichen und privaten Krankenhaussysteme,सार्वजनिक और निजी अस्पताल प्रणालियों को समझना,公立病院と私立病院のシステムを理解する,comprender los sistemas hospitalarios públicos y privados,Hiểu biết về hệ thống bệnh viện công và tư
underweight,نقص الوزن,Untergewicht,कम वजन,低体重,bajo peso,thiếu cân
undescended testicles,الخصيتان غير النازلتين,nicht abgestiegene Hoden,अंडकोष का नीचे न उतरना,停留精巣,testículos no descendidos,tinh hoàn ẩn
unicompartmental knee replacement,استبدال الركبة أحادي الحجرة,unikompartimentelle Knieprothese,यूनिकम्पार्टमेंटल घुटने का प्रतिस्थापन,単顆人工膝関節置換術,reemplazo unicompartimental de rodilla,thay khớp gối một phần
unplanned pregnancy,حمل غير مخطط له,ungeplante Schwangerschaft,अनियोजित गर्भावस्था,予期せぬ妊娠,embarazo no planificado,mang thai ngoài ý muốn
unpleasant thoughts,أفكار مزعجة,unangenehme Gedanken,अप्रिय विचार,不快な考え,pensamientos desagradables,những suy nghĩ khó chịu
upper back pain,ألم في أعلى الظهر,Schmerzen im oberen Rücken,ऊपरी पीठ में दर्द,背中上部の痛み,dolor en la parte superior de la espalda,đau lưng trên
upper gi endoscopy,تنظير الجهاز الهضمي العلوي,obere GI-Endoskopie,ऊपरी जीआई एंडोस्कोपी,上部消化管内視鏡検査,endoscopia digestiva alta,nội soi đường tiêu hóa trên
upper gi endoscopy and colonoscopy,التنظير العلوي للجهاز الهضمي وتنظير القولون,obere GI-Endoskopie und Koloskopie,ऊपरी जीआई एंडोस्कोपी और कोलोनोस्कोपी,上部消化管内視鏡検査および大腸内視鏡検査,endoscopia digestiva alta y colonoscopia,nội soi đường tiêu hóa trên và nội soi đại tràng
upper gi endoscopy and dilatation,تنظير الجهاز الهضمي العلوي وتوسيعه,obere GI-Endoskopie und Dilatation,ऊपरी जीआई एंडोस्कोपी और फैलाव,上部消化管内視鏡検査および拡張術,endoscopia digestiva alta y dilatación,nội soi đường tiêu hóa trên và nong thực quản
ureteroscopy,تنظير الحالب,Ureteroskopie,मूत्रवाहिनी शल्य चिकित्सा,尿管鏡検査,ureteroscopia,nội soi niệu quản
urethrotomy,بضع الإحليل,Urethrotomie,मूत्रमार्ग विच्छेदन,尿道切開術,uretrotomía,mở niệu đạo
urgent care clinics,عيادات الرعاية العاجلة,Notfallambulanzen,आपातकालीन देखभाल क्लीनिक,救急診療所,clínicas de atención de urgencia,phòng khám cấp cứu
urinary incontinence,سلس البول,Harninkontinenz,मूत्रीय अन्सयम,尿失禁,incontinencia urinaria,tiểu không tự chủ
urinary problems,مشاكل المسالك البولية,Harnwegsprobleme,मूत्र संबंधी समस्याएं,尿路系の問題,problemas urinarios,các vấn đề về đường tiết niệu
urinary retention,احتباس البول,Harnverhalt,मूत्रीय अवरोधन,尿閉,retención urinaria,bí tiểu
urinary system,الجهاز البولي,Harnsystem,मूत्र प्रणाली,泌尿器系,sistema urinario,hệ tiết niệu
urinary tract infection,التهاب المسالك البولية,Harnwegsinfektion,मूत्र पथ के संक्रमण,尿路感染症,infección del tracto urinario,nhiễm trùng đường tiết niệu
urine colour chart,مخطط ألوان البول,Urinfarbskala,मूत्र रंग चार्ट,尿の色見本,tabla de colores de la orina,bảng màu nước tiểu
urine tests,اختبارات البول,Urintests,मूत्र परीक्षण,尿検査,análisis de orina,xét nghiệm nước tiểu
urologist,طبيب المسالك البولية,Urologe,उरोलोजिस्त,泌尿器科医,urólogo,bác sĩ tiết niệu
urticaria,"formal: شرى | informal: خلايا النحل, طفح جلدي","formal: Urtikaria | informal: Nesselsucht, Hautausschlag","formal: शीतपित्त | informal: पित्ती, लाल चकत्ते, हीव्स","formal: じんましん | informal: 蕁麻疹, 湿疹, 蜂の巣","formal: urticaria | informal: ronchas, erupción cutánea, urticaria","formal: mày đay | informal: phát ban, nổi mẩn đỏ, tổ ong"
uterine cancer,سرطان الرحم,Gebärmutterkrebs,गर्भाशय कैंसर,子宮がん,cáncer de útero,ung thư tử cung
uterine disorders,اضطرابات الرحم,Gebärmuttererkrankungen,गर्भाशय संबंधी विकार,子宮疾患,trastornos uterinos,rối loạn tử cung
uti,التهاب المسالك البولية,Harnwegsinfektion,यूटीआई,尿路感染症,uti,nhiễm trùng đường tiết niệu
uveitis,التهاب العنبية,Uveitis,यूवेइटिस,ぶどう膜炎,uveítis,viêm màng bồ đào
vaccination,تلقيح,Impfung,टीकाकरण,予防接種,vacunación,tiêm chủng
vaccination or immunisation- what's the difference?,التطعيم أو التحصين - ما الفرق؟,Impfung oder Immunisierung – worin besteht der Unterschied?,टीकाकरण और प्रतिरक्षण - इनमें क्या अंतर है?,ワクチン接種と免疫接種の違いは何ですか？,¿Vacunación o inmunización? ¿Cuál es la diferencia?,Tiêm phòng hay miễn dịch - sự khác biệt là gì?
vaccinations for travel,التطعيمات اللازمة للسفر,Impfungen für die Reise,यात्रा के लिए टीकाकरण,旅行のための予防接種,vacunas para viajar,tiêm phòng khi đi du lịch
vaccine preventable diseases,الأمراض التي يمكن الوقاية منها باللقاحات,durch Impfung vermeidbare Krankheiten,टीके से रोके जा सकने वाले रोग,ワクチンで予防可能な疾患,enfermedades prevenibles por vacunación,các bệnh có thể phòng ngừa bằng vắc-xin
vaginal and irritation and infection,تهيج والتهاب المهبل,Vaginalreizung und Infektion,योनि में जलन और संक्रमण,膣の炎症と感染,Irritación vaginal e infección,kích ứng và nhiễm trùng âm đạo
vaginal bleeding,نزيف مهبلي,vaginale Blutungen,योनि से रक्तस्राव,膣からの出血,sangrado vaginal,chảy máu âm đạo
vaginal discharge,إفرازات مهبلية,vaginaler Ausfluss,योनि स्राव,膣分泌物,flujo vaginal,dịch tiết âm đạo
vaginal dryness,جفاف المهبل,Scheidentrockenheit,योनि में सूखापन,膣の乾燥,sequedad vaginal,khô âm đạo
vaginal hysterectomy,استئصال الرحم عن طريق المهبل,vaginale Hysterektomie,योनि हिस्टेरेक्टॉमी,経膣子宮摘出術,histerectomía vaginal,cắt bỏ tử cung qua đường âm đạo
vaginal problems,مشاكل المهبل,vaginale Probleme,योनि संबंधी समस्याएं,膣の問題,problemas vaginales,các vấn đề về âm đạo
vaginal ring,حلقة مهبلية,Vaginalring,योनि वलय,膣リング,anillo vaginal,vòng âm đạo
vaginal thrush,داء المبيضات المهبلي,Scheidenpilz,योनि में फंगल संक्रमण,膣カンジダ症,candidiasis vaginal,nấm âm đạo
vaginismus,التشنج المهبلي,Vaginismus,योनि का संकुचन,膣痙攣,vaginismo,chứng co thắt âm đạo
vaginosis,التهاب المهبل,Vaginose,वगिनोसिस,膣炎,vaginosis,viêm âm đạo
vaping,التدخين الإلكتروني,Dampfen,vaping,電子タバコ,vapeo,hút thuốc lá điện tử
varicella,"formal: جدري الماء | informal: جديري الماء, حُماق",formal: Varizellen | informal: Windpocken,"formal: वरिसेला | informal: छोटी माता, चेचक",formal: 水痘 | informal: 水疱瘡,"formal: varicela | informal: lepra, peste cristal, varicela","formal: bệnh thủy đậu | informal: trái rạ, thủy đậu"
varicocele,دوالي الخصية,Varikozele,वृषण-शिरापस्फीति,精索静脈瘤,varicocele,giãn tĩnh mạch tinh hoàn
varicose veins,توسع الأوردة,Krampfadern,वैरिकाज - वेंस,静脈瘤,varices,giãn tĩnh mạch
varicose veins surgery,جراحة الدوالي,Krampfadernoperation,वैरिकोज वेन्स सर्जरी,静脈瘤手術,cirugía de varices,phẫu thuật giãn tĩnh mạch
vascular dementia,الخرف الوعائي,vaskuläre Demenz,संवहनी मनोभ्रंश,血管性認知症,demencia vascular,chứng mất trí nhớ mạch máu
vascular disease,أمراض الأوعية الدموية,Gefäßerkrankung,संवहनी रोग,血管疾患,enfermedad vascular,bệnh mạch máu
vascular system,الجهاز الوعائي,Gefäßsystem,संवहनी प्रणाली,血管系,sistema vascular,hệ thống mạch máu
vasculitis,التهاب الأوعية الدموية,Vaskulitis,वाहिकाशोथ,血管炎,vasculitis,viêm mạch máu
vasectomy,عملية قطع القناة المنوية,Vasektomie,पुरुष नसबंदी,精管切除術,vasectomía,thắt ống dẫn tinh
vegetables,خضروات,Gemüse,सब्ज़ियाँ,野菜,verduras,rau
vegetarian and vegan diets,الأنظمة الغذائية النباتية والنباتية الصرفة,vegetarische und vegane Ernährung,शाकाहारी और वीगन आहार,ベジタリアンとビーガンの食事,dietas vegetarianas y veganas,chế độ ăn chay và thuần chay
veneers,قشور الأسنان,Furniere,VENEERS,ベニア,carillas,lớp phủ
venereal diseases,الأمراض المنقولة جنسياً,Geschlechtskrankheiten,यौन रोग,性病,enfermedades venéreas,bệnh hoa liễu
verrucas,الثآليل,Warzen,मस्से,イボ,verrugas,mụn cóc
vertigo,"formal: دوار | informal: دوخة, احساس بالدوران","formal: Vertigo | informal: Schwindel, Drehschwindel","formal: चक्कर आना | informal: चक्कर, घूमने की अनुभूति, चक्कर आना","formal: めまい | informal: めまい, 目が回ること","formal: vértigo | informal: mareo, sensación de que todo da vueltas","formal: chóng mặt | informal: chóng mặt, quay cuồng"
vestibular schwannoma,ورم شفاني دهليزي,Vestibularisschwannom,वेस्टिबुलर श्वानोमा,前庭神経鞘腫,schwannoma vestibular,u thần kinh tiền đình
viagra,الفياجرا,Viagra,वियाग्रा,バイアグラ,Viagra,viagra
viral haemorrhagic fevers,الحمى النزفية الفيروسية,virale hämorrhagische Fieber,वायरल रक्तस्रावी बुखार,ウイルス性出血熱,fiebres hemorrágicas virales,sốt xuất huyết do virus
viral infections,العدوى الفيروسية,Virusinfektionen,वायरल संक्रमण,ウイルス感染症,infecciones virales,nhiễm trùng virus
viral pneumonia,الالتهاب الرئوي الفيروسي,virale Lungenentzündung,वायरल निमोनिया,ウイルス性肺炎,neumonía viral,viêm phổi do virus
viral vs bacterial infections,العدوى الفيروسية مقابل العدوى البكتيرية,Virusinfektionen im Vergleich zu bakteriellen Infektionen,वायरल बनाम जीवाणु संक्रमण,ウイルス感染と細菌感染の違い,infecciones virales frente a infecciones bacterianas,nhiễm trùng do virus so với nhiễm trùng do vi khuẩn
virtual care clinics,عيادات الرعاية الافتراضية,virtuelle Gesundheitskliniken,वर्चुअल केयर क्लीनिक,バーチャルケアクリニック,clínicas de atención virtual,phòng khám chăm sóc ảo
visceral fat,الدهون الحشوية,viszerales Fett,आंतरिक वसा,内臓脂肪,grasa visceral,mỡ nội tạng
vision impairment,ضعف البصر,Sehbehinderung,लज़र में खराबी,視覚障害,discapacidad visual,suy giảm thị lực
vitamin a,فيتامين أ,Vitamin A,विटामिन ए,ビタミンA,vitamina a,vitamin a
vitamin a deficiency,نقص فيتامين أ,Vitamin-A-Mangel,विटामिन ए की कमी,ビタミンA欠乏症,deficiencia de vitamina A,thiếu vitamin A
vitamin and mineral deficiency,نقص الفيتامينات والمعادن,Vitamin- und Mineralstoffmangel,विटामिन और खनिज की कमी,ビタミンとミネラルの欠乏,deficiencia de vitaminas y minerales,thiếu vitamin và khoáng chất
vitamin b,فيتامين ب,Vitamin B,विटामिन बी,ビタミンB,vitamina b,vitamin B
vitamin b deficiency,نقص فيتامين ب,Vitamin-B-Mangel,विटामिन बी की कमी,ビタミンB欠乏症,deficiencia de vitamina B,thiếu vitamin B
vitamin b12 test,اختبار فيتامين ب12,Vitamin-B12-Test,विटामिन बी12 परीक्षण,ビタミンB12検査,prueba de vitamina B12,xét nghiệm vitamin B12
vitamin b6 toxicity,سمية فيتامين ب6,Vitamin-B6-Toxizität,विटामिन बी6 विषाक्तता,ビタミンB6中毒,toxicidad de la vitamina B6,độc tính vitamin B6
vitamin c,فيتامين ج,Vitamin C,विटामिन सी,ビタミンC,vitamina c,vitamin c
vitamin c deficiency,نقص فيتامين ج,Vitamin-C-Mangel,विटामिन सी की कमी,ビタミンC欠乏症,deficiencia de vitamina C,thiếu vitamin C
vitamin d,فيتامين د,Vitamin D,विटामिन डी,ビタミンD,vitamina d,vitamin D
vitamin d deficiency,نقص فيتامين د,Vitamin-D-Mangel,विटामिन डी की कमी,ビタミンD欠乏症,deficiencia de vitamina D,thiếu vitamin D
vitamin d test,اختبار فيتامين د,Vitamin-D-Test,विटामिन डी परीक्षण,ビタミンD検査,prueba de vitamina D,xét nghiệm vitamin D
vitamin e,فيتامين هـ,Vitamin E,विटामिन ई,ビタミンE,vitamina e,vitamin e
vitamin k deficiency,نقص فيتامين ك,Vitamin-K-Mangel,विटामिन K की कमी,ビタミンK欠乏症,deficiencia de vitamina K,thiếu vitamin K
vitamins and minerals a-z,الفيتامينات والمعادن من الألف إلى الياء,Vitamine und Mineralstoffe A-Z,विटामिन और खनिज ए-जेड,ビタミンとミネラル A-Z,Vitaminas y minerales de la A a la Z,vitamin và khoáng chất từ ​​A đến Z
vitamins and minerals explained,شرح الفيتامينات والمعادن,Vitamine und Mineralstoffe erklärt,विटामिन और खनिजों की व्याख्या,ビタミンとミネラルについて解説,Explicación de las vitaminas y los minerales,giải thích về vitamin và khoáng chất
vitiligo,البهاق,Vitiligo,विटिलिगो,白斑,vitíligo,bạch biến
voluntary assisted dying,الموت بمساعدة طبية طوعية,freiwillige Sterbehilfe,स्वैच्छिक सहायता प्राप्त मृत्यु,自発的な安楽死,muerte asistida voluntaria,cái chết được hỗ trợ tự nguyện
volunteering,التطوع,Freiwilligenarbeit,स्वयं सेवा,ボランティア活動,voluntariado,tình nguyện
vomiting,"formal: قيء | informal: استفراغ, ترجيع, تعبان في المعدة, التقيؤ","formal: Erbrechen | informal: Übergeben, Kotzen, schlecht im Magen, Erbrechen","formal: वमन | informal: उल्टी होना, उल्टी, जी मिचलाना, फेंक रहा","formal: 嘔吐 | informal: 吐くこと, 戻すこと, お腹が気持ち悪い, 嘔吐","formal: vómitos | informal: vomitar, devolver, malo del estómago, vomitando","formal: nôn mửa | informal: ói, nôn, mắc ói, nôn mửa"
vomiting - morning sickness,القيء - غثيان الصباح,Erbrechen - Schwangerschaftsübelkeit,उल्टी - मॉर्निंग सिकनेस,嘔吐 - つわり,vómitos - náuseas matutinas,nôn mửa - ốm nghén
von willebrand disease,مرض فون ويلبراند,von-Willebrand-Krankheit,वॉन विलेब्रांड रोग,フォン・ヴィルブランド病,enfermedad de von Willebrand,bệnh von Willebrand
waist circumference,محيط الخصر,Taillenumfang,कमर परिधि,ウエスト周囲,circunferencia de la cintura,chu vi vòng eo
walking for exercise,المشي لممارسة الرياضة,Spazierengehen als Bewegung,व्यायाम के लिए पैदल चलना,運動のためのウォーキング,caminar para hacer ejercicio,đi bộ để tập thể dục
warning signs during pregnancy,علامات تحذيرية أثناء الحمل,Warnzeichen während der Schwangerschaft,गर्भावस्था के दौरान चेतावनी के संकेत,妊娠中の警告サイン,señales de alerta durante el embarazo,dấu hiệu cảnh báo trong thai kỳ
warning signs of suicide,علامات تحذيرية للانتحار,Warnzeichen für Suizidgefährdung,आत्महत्या के चेतावनी संकेत,自殺の兆候,señales de advertencia de suicidio,dấu hiệu cảnh báo tự tử
warts,الثآليل,Warzen,मौसा,イボ,verrugas,mụn cóc
washing hands,غسل اليدين,Händewaschen,हाथ धोना,手を洗う,lavarse las manos,rửa tay
wasp stings,لسعات الدبابير,Wespenstiche,ततैया के डंक,スズメバチの毒針,picaduras de avispa,vết đốt của ong bắp cày
water and your health,الماء وصحتك,Wasser und Ihre Gesundheit,पानी और आपका स्वास्थ्य,水とあなたの健康,El agua y tu salud,nước và sức khỏe của bạn
water safety,السلامة المائية,Wassersicherheit,जल सुरक्षा,水の安全,seguridad en el agua,an toàn nước
watery stools,براز مائي,wässriger Stuhlgang,पतले दस्त,水様便,heces líquidas,phân lỏng
weather,طقس,Wetter,मौसम,天気,clima,thời tiết
weight,وزن,Gewicht,वज़न,重さ,peso,cân nặng
weight loss medicine,أدوية إنقاص الوزن,Medikamente zur Gewichtsreduktion,वजन घटाने की दवा,減量薬,medicamentos para bajar de peso,thuốc giảm cân
weight-loss diets,حميات إنقاص الوزن,Diäten zur Gewichtsreduktion,वजन घटाने वाले आहार,減量ダイエット,dietas para bajar de peso,chế độ ăn kiêng giảm cân
wellbeing at work,الرفاهية في مكان العمل,Wohlbefinden am Arbeitsplatz,कार्यस्थल पर खुशहाली,職場におけるウェルビーイング,bienestar en el trabajo,sức khỏe tại nơi làm việc
wernicke encephalopathy,اعتلال الدماغ فيرنيك,Wernicke-Enzephalopathie,वर्निक एन्सेफेलोपैथी,ウェルニッケ脳症,encefalopatía de Wernicke,bệnh não Wernicke
what is a radiographer and a radiologist?,ما هو أخصائي الأشعة وما هو أخصائي الأشعة؟,Was ist ein Radiologieassistent und was ein Radiologe?,रेडियोग्राफर और रेडियोलॉजिस्ट क्या होते हैं?,放射線技師と放射線科医とは何ですか？,¿Qué es un técnico en radiología y un radiólogo?,Kỹ thuật viên chụp X-quang và bác sĩ chụp X-quang là gì?
what to expect from a physical examination by your doctor,ما الذي يمكن توقعه من الفحص البدني الذي يجريه طبيبك؟,Was Sie von einer körperlichen Untersuchung durch Ihren Arzt erwarten können,अपने डॉक्टर द्वारा की जाने वाली शारीरिक जांच से क्या उम्मीद करें,医師による身体検査で期待できること,Qué esperar de un examen físico realizado por su médico.,Những điều cần biết về buổi khám sức khỏe định kỳ của bác sĩ.
whiplash,إصابة الرقبة المفاجئة,Schleudertrauma,मोच,むち打ち症,latigazo,chấn thương cổ
white blood cells,خلايا الدم البيضاء,weiße Blutkörperchen,श्वेत रुधिराणु,白血球,glóbulos blancos,tế bào bạch cầu
wide local excision,استئصال موضعي واسع,weite lokale Exzision,व्यापक स्थानीय निष्कासन,広範囲局所切除,escisión local amplia,cắt bỏ cục bộ rộng
williams syndrome,متلازمة ويليامز,Williams-Syndrom,विलियम्स सिंड्रोम,ウィリアムズ症候群,síndrome de Williams,hội chứng Williams
winter health hazards at home,المخاطر الصحية في فصل الشتاء في المنزل,Gesundheitsgefahren im Winter zu Hause,घर में सर्दियों के दौरान स्वास्थ्य संबंधी खतरे,冬の家庭における健康被害,Riesgos para la salud en el hogar durante el invierno,Các mối nguy hại sức khỏe mùa đông tại nhà
wisdom teeth removal,خلع ضرس العقل,Weisheitszahnentfernung,अक्ल दाढ़ निकालना,親知らずの抜歯,Extracción de muelas del juicio,nhổ răng khôn
withdrawal from addiction,الانسحاب من الإدمان,Entzugserscheinungen,लत से छुटकारा पाना,依存症からの離脱,Abstinencia de adicción,cai nghiện
withdrawal symptoms,أعراض الانسحاب,Entzugssymptome,लक्षण,禁断症状,síntomas de abstinencia,triệu chứng cai nghiện
wolff-parkinson-white syndrome,متلازمة وولف-باركنسون-وايت,Wolff-Parkinson-White-Syndrom,वोल्फ-पार्किंसन-व्हाइट सिंड्रोम,ウォルフ・パーキンソン・ホワイト症候群,síndrome de Wolff-Parkinson-White,hội chứng Wolff-Parkinson-White
women and depression,النساء والاكتئاب,Frauen und Depression,महिलाएं और अवसाद,女性と鬱病,mujeres y depresión,phụ nữ và chứng trầm cảm
women's health,صحة المرأة,Frauengesundheit,महिलाओं की सेहत,女性の健康,salud de la mujer,sức khỏe phụ nữ
work-life balance,التوازن بين العمل والحياة,Work-Life-Balance,कार्य संतुलन,ワークライフバランス,equilibrio entre la vida laboral y personal,cân bằng giữa công việc và cuộc sống
work-related stress,الإجهاد المرتبط بالعمل,arbeitsbedingter Stress,कार्य संबंधी तनाव,仕事関連のストレス,estrés relacionado con el trabajo,căng thẳng liên quan đến công việc
workers' compensation,تعويضات العمال,Arbeiterentschädigung,कर्मचारी भुगतान,労災補償,compensación laboral,bồi thường cho người lao động
workers' insurance,تأمين العمال,Arbeiterversicherung,श्रमिकों का बीमा,労働者保険,seguro de trabajadores,bảo hiểm người lao động
working from home,العمل من المنزل,Arbeiten von zu Hause aus,घर से काम करना,在宅勤務,trabajar desde casa,làm việc tại nhà
workplace bullying,التنمر في مكان العمل,Mobbing am Arbeitsplatz,कार्यस्थल पर बदमाशी,職場いじめ,acoso laboral,bắt nạt nơi làm việc
workplace health,الصحة في مكان العمل,Gesundheit am Arbeitsplatz,कार्यस्थल स्वास्थ्य,職場の健康,salud en el lugar de trabajo,sức khỏe nơi làm việc
worms,الديدان,Würmer,कीड़े,ミミズ,gusanos,giun
worried about your memory,قلق بشأن ذاكرتك,Ich mache mir Sorgen um mein Gedächtnis,आपकी याददाश्त को लेकर चिंतित,記憶力が心配です,preocupado por tu memoria,lo lắng về trí nhớ của bạn
wounds,جروح,Wunden,घाव,傷,heridas,vết thương
wrist pain,ألم في الرسغ,Handgelenkschmerzen,कलाई का दर्द,手首の痛み,dolor de muñeca,đau cổ tay
x-rays,الأشعة السينية,Röntgenstrahlen,एक्स-रे,X線,rayos X,tia X
yellow fever,حمى صفراء,Gelbfieber,पीला बुखार,黄熱病,fiebre amarilla,sốt vàng
yoga,اليوغا,Yoga,योग,ヨガ,yoga,yoga
young adults' health,صحة الشباب,Gesundheit junger Erwachsener,युवा वयस्कों का स्वास्थ्य,若年成人の健康,salud de los adultos jóvenes,sức khỏe của người trẻ tuổi
young people and depression,الشباب والاكتئاب,junge Menschen und Depression,युवा लोग और अवसाद,若者と鬱病,jóvenes y depresión,người trẻ và chứng trầm cảm
younger onset dementia,الخرف المبكر,Demenz mit jüngerem Beginn,कम उम्र में शुरू होने वाला मनोभ्रंश,若年性認知症,demencia de inicio temprano,chứng mất trí nhớ khởi phát sớm
youth,شباب,Jugend,युवा,若者,juventud,thiếu niên
youth suicide,انتحار الشباب,Selbstmord unter Jugendlichen,युवा आत्महत्या,若者の自殺,suicidio juvenil,tự tử ở thanh thiếu niên
zika virus,فيروس زيكا,Zika-Virus,ज़िका वायरस,ジカウイルス,virus del Zika,virus Zika
zinc and your health,الزنك وصحتك,Zink und Ihre Gesundheit,जस्ता और आपका स्वास्थ्य,亜鉛とあなたの健康,El zinc y su salud,kẽm và sức khỏe của bạn
zinc deficiency,نقص الزنك,Zinkmangel,जस्ता की कमी,亜鉛欠乏症,deficiencia de zinc,thiếu kẽm
zoster,الحزام الناري,Zoster,दाद,帯状疱疹,zóster,bệnh zona
dyspnea,"formal: ضيق التنفس | informal: ضيق في التنفس, صعوبة في التنفس, كتمة","formal: Dyspnoe | informal: Kurzatmigkeit, Atemnot, Schweratmigkeit","formal: डिस्पनिया | informal: साँस फूलना, साँस लेने में तकलीफ, साँस की कमी, सांस लेने में कठिनाई, साँस लेने में तकलीफ़","formal: 呼吸困難 | informal: 息切れ, 息苦しさ, 息が荒い, 呼吸困難","formal: disnea | informal: dificultad para respirar, falta de aire, ahogo","formal: khó thở | informal: hụt hơi, khó thở, thở dốc"
bronchodilator,موسع للشعب الهوائية,Bronchodilatator,ब्रांकोडायलेटर,気管支拡張剤,broncodilatador,thuốc giãn phế quản
inhaler,جهاز استنشاق,Inhalator,साँस लेनेवाला,吸入器,inhalador,ống hít
puffer,بخاخ الربو,Inhalator,पफर,フグ,bomba,ống hít
spacer,مباعد,Spacer,स्पेसर,スペーサー,espaciador,buồng đệm
general practitioner,طبيب عام,Hausarzt,सामान्य चिकित्सक,一般開業医,médico de cabecera,bác sĩ gia đình
emergency room,الطوارئ,Notaufnahme,आपातकालीन कक्ष,救急処置室,urgencias,phòng cấp cứu
er,الطوارئ,Notaufnahme,एर,er,urgencias,phòng cấp cứu
stiff neck,صلابة الرقبة,steifer Nacken,गर्दन में अकड़न,肩こり,rigidez de nuca,cứng cổ
light sensitivity,حساسية الضوء,Lichtempfindlichkeit,प्रकाश संवेदनशीलता,光感受性,sensibilidad a la luz,nhạy cảm với ánh sáng
stuffy nose,انسداد الأنف,verstopfte Nase,बंद नाक,鼻づまり,nariz tapada,ngạt mũi
knee cap,رضفة الركبة,Kniescheibe,घुटने की टोपी,膝蓋骨（お皿）,rótula,xương bánh chè
deformity,تشوه,Deformität,कुरूपता,変形,deformidad,biến dạng
numbness,خدر,Taubheit,सुन्न होना,しびれ,entumecimiento,tê liệt
chest congestion,احتقان الصدر,Bruststauung,छाती में जकड़न,胸のつかえ（胸部うっ血）,congestión en el pecho,tắc nghẽn ngực
fainted,أغمي عليه,in Ohnmacht gefallen,बेहोश होना,気絶した,se desmayó,ngất xỉu
chemist,كيميائي,Chemiker,केमिस्ट (दवा की दुकान),化学者,químico,nhà hóa học
dry cough,سعال جاف,trockener Husten,सूखी खांसी,空咳,tos seca,ho khan
memory loss,فقدان الذاكرة,Gedächtnisverlust,स्मृति हानि,物忘れ,pérdida de memoria,mất trí nhớ
syncope,"formal: إغماء | informal: إغماء, فقدان الوعي, غيبوبة خفيفة","formal: Synkope | informal: Ohnmacht, Kreislaufkollaps, Schwarzwerden vor den Augen","formal: मूर्च्छा | informal: बेहोश होना, चक्कर खाकर गिरना, अंधेरा छाना","formal: 失神 | informal: 気絶, 意識を失う, 目の前が真っ暗になる, 失神","formal: síncope | informal: desmayo, desvanecimiento, pérdida de conocimiento","formal: ngất xỉu | informal: ngất, bất tỉnh, xỉu, ngất xỉu"
epistaxis,"formal: رعاف | informal: نزيف الأنف, رعاف","formal: Epistaxis | informal: Nasenbluten, blutende Nase","formal: नकसीर | informal: नाक से खून बहना, नकसीर","formal: 鼻出血 | informal: 鼻血, 鼻から血が出る","formal: epistaxis | informal: sangrado de nariz, hemorragia nasal","formal: chảy máu cam | informal: chảy máu mũi, máu cam"
pertussis,"formal: السعال الديكي | informal: سعال ديكي, السعال الديكي",formal: Pertussis | informal: Keuchhusten,"formal: काली खांसी | informal: कुकुर खांसी, काली खांसी","formal: 百日咳 | informal: 百日ぜき, 百日咳","formal: tos ferina | informal: tos convulsa, tos ferina",formal: bệnh ho gà | informal: ho gà
fracture,"formal: كسر | informal: عظم مكسور, شرخ","formal: Fraktur | informal: Knochenbruch, Riss","formal: अस्थि-भंग | informal: हड्डी टूटना, दरार","formal: 骨折 | informal: 骨折, ひび","formal: fractura | informal: hueso roto, fisura","formal: gãy xương | informal: bể xương, nứt xương"
renal calculi,"formal: حصى الكلى | informal: حصوات الكلى, حصى الكلى",formal: Nierensteine | informal: Nierensteine,"formal: गुर्दे की पथरी | informal: किडनी की पथरी, गुर्दे की पथरी","formal: 腎結石 | informal: 尿路結石, 腎臓結石","formal: cálculos renales | informal: piedras en los riñones, cálculos renales","formal: sỏi thận | informal: đá trong thận, sỏi thận"
hyperpyrexia,"formal: فرط السخونة | informal: حمى شديدة, جسم حار جدا","formal: Hyperpyrexie | informal: hohes Fieber, glühend heiß","formal: अतिताप | informal: तेज बुखार, तप रहा शरीर","formal: 超高熱 | informal: 高熱, 体が燃えるように熱い","formal: hiperpirexia | informal: fiebre muy alta, quemando de fiebre","formal: sốt cao co giật | informal: sốt cao, nóng hầm hập"
dyspepsia,"formal: عسر الهضم | informal: عسر الهضم, حرقة المعدة, حرقة في المعدة","formal: Dyspepsie | informal: Verdauungsstörung, Sodbrennen, Verdauungsstörungen","formal: अपच | informal: बदहजमी, सीने में जलन, पेट में जलन, अपच","formal: 消化不良 | informal: 消化不良, 胸焼け","formal: dispepsia | informal: indigestión, acidez de estómago, acidez","formal: khó tiêu | informal: đầy bụng, ợ chua, ợ nóng, khó tiêu"
pruritus,"formal: حكة | informal: حكة, حكة جلدية, حكة في الجلد","formal: Pruritus | informal: Juckreiz, juckende Haut","formal: खुजली | informal: खुजली, खाज, खुजली वाली त्वचा","formal: 掻痒症 | informal: かゆみ, 皮膚のかゆみ, かゆみのある肌","formal: prurito | informal: picazón, picor de piel, piel con picazón","formal: ngứa | informal: ngứa da, ngứa ngáy, da ngứa"
cephalalgia,"formal: صداع | informal: وجع رأس, صداع",formal: Cephalgie | informal: Kopfschmerzen,formal: शिरःशूल | informal: सिरदर्द,formal: 頭痛 | informal: 頭痛,formal: cefalalgia | informal: dolor de cabeza,formal: đau đầu | informal: nhức đầu
laceration,"formal: تهتك | informal: جرح, شق عميق, تمزق","formal: Lazeration | informal: Schnittwunde, Klaffende Wunde, Riss","formal: विदारण | informal: घाव, चीरा, कटाव","formal: 裂傷 | informal: 切り傷, 深い傷, 破れ傷","formal: laceración | informal: corte, brecha, desgarro","formal: vết rách | informal: vết cắt, vết chém, vết rách"
contusion,"formal: كدمة | informal: كدمة, رضة","formal: Kontusion | informal: Bluterguss, blauer Fleck","formal: भीतरी चोट | informal: नील, गुम चोट","formal: 打撲傷 | informal: 青あざ, 打ち身","formal: contusión | informal: moretón, hematoma",formal: vết bầm tím | informal: bầm tím
edema,"formal: وذمة | informal: تورم, احتباس السوائل","formal: Ödem | informal: Schwellung, Wasseransammlung, Flüssigkeitsretention","formal: सूजन | informal: सूजन, द्रव प्रतिधारण, शरीर में तरल की अधिकता","formal: 浮腫 | informal: むくみ, 水がたまる, 体液貯留, 腫れ","formal: edema | informal: hinchazón, retención de líquidos","formal: phù nề | informal: sưng phù, tích nước, giữ nước, sưng tấy"
tremor,"formal: رعشة | informal: رجفة, ارتعاش","formal: Tremor | informal: Zittern, Zittern der Hände","formal: कंपन | informal: कंपकंपी, कांपना","formal: 震え | informal: 手足の震え, 震え","formal: temblor | informal: tembleque, tirones","formal: run | informal: bị run, co giật nhẹ"
spasm,"formal: تشنج | informal: تشنج عضلي, تقلص عضلي","formal: Spasmus | informal: Krampf, Muskelzucken","formal: ऐंठन | informal: ऐंठन, मांसपेशियों का खिंचाव","formal: 痙攣 | informal: けいれん, つること","formal: espasmo | informal: calambre, tirón muscular","formal: co thắt | informal: chuột rút, co giật cơ"
dysuria,"formal: عسر البول | informal: ألم أثناء التبول, حرقان عند التبول","formal: Dysurie | informal: schmerzhaftes Wasserlassen, Brennen beim Urinieren","formal: मूत्रकृच्छ्र | informal: पेशाब में दर्द, पेशाब में जलन","formal: 排尿困難 | informal: 排尿時の痛み, おしっこするときの痛み","formal: disuria | informal: dolor al orinar, ardor al hacer pis","formal: tiểu buốt | informal: tiểu rát, buốt khi đi tiểu"
clavicle,formal: ترقوة | informal: عظمة الترقوة,formal: Klavikula | informal: Schlüsselbein,formal: हंसली | informal: कॉलर की हड्डी,formal: 鎖骨 | informal: 鎖骨,formal: clavícula | informal: clavícula,formal: xương đòn | informal: xương quai xanh
patella,formal: رضفة | informal: صابونة الركبة,formal: Patella | informal: Kniescheibe,"formal: पटैला | informal: घुटने की हड्डी, कटोरी",formal: 膝蓋骨 | informal: 膝の皿,"formal: rótula | informal: rótula, tapa de la rodilla",formal: xương bánh chè | informal: bánh chè
sternum,formal: قص | informal: عظمة القص,formal: Sternum | informal: Brustbein,formal: उरोस्थि | informal: छाती की हड्डी,formal: 胸骨 | informal: 胸の骨,formal: esternón | informal: hueso del pecho,formal: xương ức | informal: xương lồng ngực
trachea,formal: رغامي | informal: القصبة الهوائية,formal: Trachea | informal: Luftröhre,formal: श्वासनली | informal: सांस की नली,formal: 気管 | informal: 気管,"formal: tráquea | informal: tráquea, tubo de la respiración",formal: khí quản | informal: đường thở chính
phlegm,"formal: بلغم | informal: مخاط, مخاط الأنف","formal: Phlegma | informal: Schleim, Rotz","formal: कफ | informal: बलगम, बलगम","formal: 痰 | informal: 鼻水, 鼻汁","formal: flema | informal: moco, mocos","formal: đờm | informal: đờm dãi, nhớt"
abrasion,"formal: سحج | informal: خدش, جرح سطحي","formal: Abrasion | informal: Schürfwunde, Kratzer","formal: अपघर्षण | informal: खरोंच, रगड़","formal: 擦過傷 | informal: 擦り傷, かき傷","formal: abrasión | informal: raspón, rasguño","formal: vết trầy xước | informal: vết xước, trầy da"
pyrexia,"formal: حمى | informal: حرارة مرتفعة, سخونة, درجة حرارة عالية","formal: Pyrexie | informal: Fieber, hohe Temperatur","formal: ज्वर | informal: बुखार, तेज तापमान, उच्च तापमान","formal: 発熱 | informal: 熱, 高熱, 高温","formal: pirexia | informal: fiebre, temperatura alta","formal: sốt | informal: sốt, nhiệt độ cao"
obstipation,formal: إمساك شديد | informal: إمساك حاد,formal: Obstipation | informal: schwere Verstopfung,formal: कब्ज | informal: गंभीर कब्ज,formal: 重度便秘 | informal: ひどい便秘,formal: obstipación | informal: estreñimiento severo,formal: táo bón nặng | informal: táo bón nghiêm trọng
dysphonia,"formal: بحة الصوت | informal: بحة, فقدان الصوت","formal: Dysphonie | informal: Heiserkeit, Stimmverlust","formal: स्वरभंग | informal: गला बैठना, आवाज खोना","formal: 発声障害 | informal: 声がれ, 声が出ないこと","formal: disfonía | informal: ronquera, voz ronca","formal: khàn giọng | informal: mất giọng, giọng khàn"
erythema,"formal: حمامي | informal: احمرار, احمرار الجلد","formal: Erythem | informal: Rötung, Hautrötung","formal: लालिमा | informal: लालपन, त्वचा का लाल होना","formal: 紅斑 | informal: 赤み, 皮膚の赤み","formal: eritema | informal: enrojecimiento, rubor de piel","formal: ban đỏ | informal: ửng đỏ, ửng đỏ da"
stridor,"formal: صرير | informal: صوت صفير عند التنفس, خرخرة, أزيز","formal: Stridor | informal: pfeifendes Atemgeräusch, Keuchen","formal: स्ट्रिडोर | informal: घरघराहट, साँस से आवाज़ आना","formal: 喘鳴 | informal: ぜーぜーいう呼吸音, 呼吸の雑音, 喘鳴","formal: estridor | informal: respiración ruidosa, silbido al respirar, sibilancias","formal: thở rít | informal: thở khò khè, tiếng thở rít"
dental caries,"formal: تسوس الأسنان | informal: تسوس, حفرة في السن, ضرس مسوس, تسوس الأسنان","formal: Zahnkaries | informal: Karies, Zahnfäule, Zahnloch","formal: दंत क्षय | informal: दांतों की सड़न, कैविटी, सड़ा हुआ दांत, दांतों में सड़न","formal: う蝕 | informal: 虫歯, 虫歯の穴","formal: caries dentales | informal: caries, diente picado, diente podrido, caries dental","formal: sâu răng | informal: sâu răng, lỗ hổng răng, răng sún"
