en,es,vi,de,ar,ja,hi
otitis media,otitis media,viêm tai giữa,Mittelohrentzündung,التهاب الأذن الوسطى,中耳炎,मध्यकर्णशोथ
middle ear infection,infección del oído medio,nhiễm trùng tai giữa,Mittelohrentzündung,التهاب الأذن الوسطى,中耳炎,मध्य कान का संक्रमण
ear infection,infección de oído,nhiễm trùng tai,Ohrenentzündung,التهاب الأذن,耳の感染症,कान का संक्रमण
bronchiolitis,bronquiolitis,viêm tiểu phế quản,Bronchiolitis,التهاب قصيبات,細気管支炎,सांस की नली में सूजन
gastroenteritis,gastroenteritis,viêm dạ dày ruột,Magen-Darm-Grippe (Gastroenteritis),التهاب المعدة والأمعاء,胃腸炎,गैस्ट्रोएंटेराइटिस
stomach flu,gripe estomacal,cúm dạ dày,Magen-Darm-Grippe,أنفلونزا المعدة,お腹의風邪,पेट का फ्लू
gastro,gastro,bệnh đường ruột,Magen-Darm-Infekt,التهاب الأمعاء,胃腸炎,पेट की खराबी
stomach bug,bicho estomacal,nhiễm trùng tiêu hóa,Magen-Darm,نزلة معوية,お腹の虫,पेट में इन्फेक्शन
croup,crup,bệnh viêm thanh khí phế quản,Krupp-Husten (Pseudokrupp),الخناق,クループ,क्रुप
a guide to menopause,una guía para la menopausia,Hướng dẫn về thời kỳ mãn kinh,Ein Leitfaden zur Menopause,دليل سن اليأس,更年期ガイド,रजोनिवृत्ति के लिए एक मार्गदर्शिका
abdominal aortic aneurysm,aneurisma aórtico abdominal,chứng phình động mạch chủ bụng,Bauchaortenaneurysma,تمدد الأوعية الدموية الأبهري,腹部大動脈瘤,पेट की महाधमनी में फैलाव
abdominal hysterectomy,histerectomía abdominal,cắt bỏ tử cung qua đường bụng,abdominale Hysterektomie,استئصال الرحم عن طريق البطن,腹式子宮摘出術,पेट की हिस्टेरेक्टॉमी
abdominal pain,dolor abdominal,đau bụng,Bauchschmerzen,ألم في البطن,腹痛,पेट में दर्द
abdominal pain in children,dolor abdominal en niños,đau bụng ở trẻ em,Bauchschmerzen bei Kindern,ألم البطن عند الأطفال,小児の腹痛,बच्चों में पेट दर्द
abdominal surgery for crohn's disease,Cirugía abdominal para la enfermedad de Crohn,phẫu thuật ổ bụng điều trị bệnh Crohn,Bauchoperation bei Morbus Crohn,جراحة البطن لعلاج داء كرون,クローン病に対する腹部手術,क्रोहन रोग के लिए पेट की सर्जरी
abdominoplasty,abdominoplastia,phẫu thuật tạo hình bụng,Bauchdeckenstraffung,عملية تجميل البطن,腹部形成術,एब्डोमिनोप्लास्टी
aboriginal and torres strait islander health,salud de los aborígenes y los isleños del Estrecho de Torres,sức khỏe của người bản địa và cư dân đảo Torres Strait,Gesundheit der Aborigines und der Torres-Strait-Insulaner,صحة السكان الأصليين وسكان جزر مضيق توريس,アボリジニおよびトレス海峡諸島民の健康,आदिवासी और टोरेस स्ट्रेट द्वीपवासियों का स्वास्थ्य
aboriginal and torres strait people social and emotional wellbeing,bienestar social y emocional de los pueblos aborígenes y del estrecho de Torres,phúc lợi xã hội và cảm xúc của người bản địa và người dân eo biển Torres,Soziales und emotionales Wohlbefinden der Aborigines und der Torres-Strait-Bevölkerung,الرفاه الاجتماعي والعاطفي للسكان الأصليين وسكان جزر مضيق توريس,アボリジニとトレス海峡諸島民の社会的および感情的な幸福,आदिवासी और टोरेस स्ट्रेट के लोगों का सामाजिक और भावनात्मक कल्याण
abortion,aborto provocado,phá thai,Abtreibung,إجهاض,中絶,गर्भपात
abscess incision and drainage,Incisión y drenaje del absceso,rạch và dẫn lưu ổ áp xe,Abszessinzision und -drainage,شق الخراج وتصريفه,膿瘍の切開と排膿,फोड़े का चीरा लगाकर जल निकासी
abscesses,abscesos,áp xe,Abszesse,الخراجات,膿瘍,फोड़े
absence seizures,crisis de ausencia,cơn động kinh vắng mặt,Absencen,نوبات الغياب,欠神発作,अनुपस्थिति दौरे
absent periods,períodos ausentes,vắng mặt,Fehlzeiten,انقطاع الدورة الشهرية,欠席期間,अनुपस्थित अवधि
accidentally eating unsafe foods,comer accidentalmente alimentos no seguros,vô tình ăn phải thực phẩm không an toàn,versehentliches Essen unsicherer Lebensmittel,تناول أطعمة غير آمنة عن طريق الخطأ,誤って安全でない食品を食べてしまう,अनजाने में असुरक्षित खाद्य पदार्थों का सेवन करना
accidents,accidentes,tai nạn,Unfälle,الحوادث,事故,दुर्घटनाओं
accommodation support,apoyo para el alojamiento,hỗ trợ chỗ ở,Unterstützung bei der Unterkunftssuche,دعم الإقامة,宿泊支援,आवास सहायता
achalasia,acalasia,chứng co thắt tâm vị,Achalasie,تعذر الارتخاء,アカラシア,अचलासिया
aches and pains,achaques,đau nhức,Schmerzen und Beschwerden,آلام وأوجاع,痛みや不快感,दर्द एवं पीड़ा
achilles tendon,tendón de Aquiles,gân Achilles,Achillessehne,وتر أخيل,アキレス腱,अकिलीज़ टेंडन
haematologists,hematólogos,các nhà huyết học,Hämatologen,أطباء أمراض الدم,血液専門医,हेमेटोलॉजिस्ट
haematuria,hematuria,tiểu máu,Hämaturie,بيلة دموية,血尿,रक्तमूत्रता
blood in urine,sangre en la orina,máu trong nước tiểu,Blut im Urin,دم في البول,尿に血が混じる,पेशाब में खून आना
g6pd deficiency,deficiencia de g6pd,thiếu hụt g6pd,G6PD-Mangel,نقص إنزيم G6PD,G6PD欠損症,जी6पीडी की कमी
gad,Dios,gad,gad,يا إلهي,ガド,घूमना-फिरना
extreme fire flame,fiebre,sốt,Fieber,لهيب ناري شديد,極めて激しい炎,अत्यधिक आग की लपट
ear pain,dolor de oído,đau tai,Ohrenschmerzen,ألم في الأذن,耳の痛み,कान में दर्द
paracetamol,paracetamol,paracetamol,Paracetamol,باراسيتامول,パラセタモール,पैरासिटामोल
emergency department,departamento de emergencias,khoa cấp cứu,Notaufnahme,قسم الطوارئ,救急外来,इमरजेंसी डिपार्टमेंट
acl reconstruction,reconstrucción del ligamento cruzado anterior,tái tạo dây chằng chéo trước,Kreuzbandrekonstruktion,إعادة بناء الرباط الصليبي الأمامي,ACL再建術,एसीएल पुनर्निर्माण
acne,acné,mụn trứng cá,Akne,حَبُّ الشّبَاب,ニキビ,मुंहासा
acne treatments,tratamientos para el acné,điều trị mụn trứng cá,Aknebehandlungen,علاجات حب الشباب,ニキビ治療,मुँहासे के उपचार
acoustic neuroma,neuroma acústico,u thần kinh thính giác,Akustikusneurinom,ورم العصب السمعي,聴神経腫瘍,ध्वनिक न्यूरोमा
acquired brain injury,lesión cerebral adquirida,chấn thương não mắc phải,erworbene Hirnschädigung,إصابة دماغية مكتسبة,後天性脳損傷,मस्तिष्क की चोट
acromegaly,acromegalia,bệnh to đầu chi,Akromegalie,ضخامة الأطراف,先端巨大症,एक्रोमिगेली
acts of kindness and compassion,actos de bondad y compasión,những hành động tử tế và lòng thương xót,Akte der Freundlichkeit und des Mitgefühls,أعمال اللطف والرحمة,親切と思いやりの行為,दया और करुणा के कार्य
acupuncture,acupuntura,châm cứu,Akupunktur,الوخز بالإبر,鍼,एक्यूपंक्चर
add,agregar,thêm vào,hinzufügen,يضيف,追加,जोड़ना
addiction,adicción,nghiện,Sucht,مدمن,中毒,लत
addiction withdrawal,Abstinencia de adicción,cai nghiện,Entzugserscheinungen,أعراض انسحاب الإدمان,依存症からの離脱,व्यसन से मुक्ति
addison's disease,enfermedad de Addison,bệnh Addison,Addison-Krankheit,مرض أديسون,アジソン病,एडिसन रोग
adeno-tonsillectomy,adenoidectomía y amigdalectomía,cắt amidan và nạo VA,Adenotonsillektomie,استئصال اللوزتين واللحمية,アデノ扁桃摘出術,एडिनो-टॉन्सिल्लेक्टोमी
adenoidectomy,adenoidectomía,cắt bỏ amidan,Adenoidektomie,استئصال اللحمية,アデノイド切除術,एडेनोइडेक्टोमी
adenoids,adenoides,amidan,Polypen,اللحمية,アデノイド,adenoids
adenomyosis,adenomiosis,bệnh lạc nội mạc tử cung,Adenomyose,داء البطانة الرحمية,子宮腺筋症,ग्रंथिपेश्यर्बुदता
adenoviruses,adenovirus,adenovirus,Adenoviren,الفيروسات الغدية,アデノウイルス,एडिनोवायरस
adhd,TDAH,ADHD,ADHS,اضطراب فرط الحركة ونقص الانتباه,ADHD,एडीएचडी
adhd medicines,medicamentos para el TDAH,thuốc điều trị ADHD,ADHS-Medikamente,أدوية اضطراب فرط الحركة ونقص الانتباه,ADHD治療薬,एडीएचडी की दवाइयाँ
adrenal fatigue,fatiga suprarrenal,mệt mỏi tuyến thượng thận,Nebennierenschwäche,إرهاق الغدة الكظرية,副腎疲労,अधिवृक्क थकान
adrenal glands,glándulas suprarrenales,tuyến thượng thận,Nebennieren,الغدد الكظرية,副腎,अधिवृक्क ग्रंथियां
adrenaline,adrenalina,adrenaline,Adrenalin,الأدرينالين,アドレナリン,एड्रेनालाईन
adrenaline autoinjector,autoinyector de adrenalina,ống tiêm tự động adrenaline,Adrenalin-Autoinjektor,حاقن الأدرينالين التلقائي,アドレナリン自己注射器,एड्रेनालाईन ऑटोइंजेक्टर
advance care planning,planificación anticipada de la atención médica,lập kế hoạch chăm sóc trước,Vorausplanung der medizinischen Versorgung,التخطيط المسبق للرعاية,事前医療計画,अग्रिम देखभाल योजना
adverse effects from medicines,efectos adversos de los medicamentos,tác dụng phụ của thuốc,Nebenwirkungen von Medikamenten,الآثار الجانبية للأدوية,医薬品の副作用,दवाओं से होने वाले प्रतिकूल प्रभाव
after-hours health services,servicios de salud fuera del horario habitual,dịch vụ y tế ngoài giờ,Gesundheitsdienste außerhalb der regulären Öffnungszeiten,خدمات الرعاية الصحية خارج ساعات العمل,時間外医療サービス,कार्य समय के बाद की स्वास्थ्य सेवाएं
age-related macular degeneration,degeneración macular relacionada con la edad,thoái hóa điểm vàng liên quan đến tuổi tác,altersbedingte Makuladegeneration,التنكس البقعي المرتبط بالعمر,加齢黄斑変性,उम्र से संबंधित मैकुलर डिजनरेशन
aged care services,servicios de atención a personas mayores,dịch vụ chăm sóc người cao tuổi,Altenpflegedienste,خدمات رعاية المسنين,高齢者介護サービス,वृद्धावस्था देखभाल सेवाएं
aggression in teenagers,agresión en adolescentes,sự hung hăng ở thanh thiếu niên,Aggression bei Teenagern,العدوانية لدى المراهقين,十代の若者の攻撃性,किशोरों में आक्रामकता
agnosia,agnosia,chứng mất nhận thức,Agnosie,عجز التعرف على الأشياء,失認,संवेदनलोप
agoraphobia,agorafobia,chứng sợ khoảng trống,Agoraphobie,رهاب الأماكن المفتوحة,広場恐怖症,भीड़ से डर लगना
aicd,aicd,aicd,AICD,أيد,aicd,एआईसीडी
aids and hiv infection,sida e infección por VIH,bệnh AIDS và nhiễm HIV,AIDS- und HIV-Infektion,الإيدز وعدوى فيروس نقص المناعة البشرية,エイズとHIV感染,एड्स और एचआईवी संक्रमण
albinism,albinismo,bệnh bạch tạng,Albinismus,المهق,アルビニズム,रंगहीनता
alcohol,alcohol,rượu bia,Alkohol,الكحول,アルコール,शराब
alcohol dependence,dependencia del alcohol,nghiện rượu,Alkoholabhängigkeit,إدمان الكحول,アルコール依存症,अल्कोहल निर्भरता
alcoholism,alcoholismo,nghiện rượu,Alkoholismus,إدمان الكحول,アルコール依存症,शराब
allergen immunotherapy,inmunoterapia con alérgenos,liệu pháp miễn dịch dị ứng,Allergen-Immuntherapie,العلاج المناعي للحساسية,アレルゲン免疫療法,एलर्जेन इम्यूनोथेरेपी
allergic reactions to cow's milk,reacciones alérgicas a la leche de vaca,phản ứng dị ứng với sữa bò,allergische Reaktionen auf Kuhmilch,ردود الفعل التحسسية تجاه حليب البقر,牛乳に対するアレルギー反応,गाय के दूध से एलर्जी की प्रतिक्रिया
allergic rhinitis,rinitis alérgica,viêm mũi dị ứng,allergische Rhinitis,التهاب الأنف التحسسي,アレルギー性鼻炎,एलर्जिक राइनाइटिस
hay fever,fiebre del heno,dị ứng thời tiết,Heuschnupfen,حمى القش,花粉症,हे फीवर
allergies,alergias,dị ứng,Allergien,الحساسية,アレルギー,एलर्जी
allergies and hypersensitivities,alergias e hipersensibilidades,dị ứng và quá mẫn,Allergien und Überempfindlichkeiten,الحساسية المفرطة,アレルギーおよび過敏症,एलर्जी और अतिसंवेदनशीलता
allergies to seafood,alergias a los mariscos,dị ứng với hải sản,Allergien gegen Meeresfrüchte,الحساسية تجاه المأكولات البحرية,魚介類アレルギー,समुद्री भोजन से एलर्जी
allergy,alergia,dị ứng,Allergie,حساسية,アレルギー,एलर्जी
allergy testing,pruebas de alergia,xét nghiệm dị ứng,Allergietest,اختبار الحساسية,アレルギー検査,एलर्जी परीक्षण
allied health,salud afín,y tế liên kết,verwandte Gesundheitsberufe,المهن الصحية المساعدة,医療関連職,संबन्धित स्वस्थ्य
alopecia,alopecia,rụng tóc,Alopezie,ثعلبة,脱毛症,खालित्य
hair loss,caída del cabello,hói đầu,Haarausfall,تساقط الشعر,抜け毛,बालों का झड़ना
baldness,calvicie,rụng tóc,Glatzenbildung,صلع,ハゲ,गंजापन
alpha-1 antitrypsin deficiency,deficiencia de alfa-1 antitripsina,thiếu hụt alpha-1 antitrypsin,Alpha-1-Antitrypsinmangel,نقص ألفا-1 أنتيتريبسين,α1アンチトリプシン欠乏症,अल्फा-1 एंटीट्रिप्सिन की कमी
altitude sickness,mal de altura,bệnh độ cao,Höhenkrankheit,داء المرتفعات,高山病,ऊंचाई से बीमारी
alzheimer's disease,enfermedad de Alzheimer,bệnh Alzheimer,Alzheimer-Krankheit,مرض الزهايمر,アルツハイマー病,अल्जाइमर रोग
ambulances,ambulancias,xe cứu thương,Krankenwagen,سيارات الإسعاف,救急車,एंबुलेंस
amenorrhoea,amenorrea,vô kinh,Amenorrhoe,انقطاع الطمث,無月経,अमेनोरिया
amnesia,amnesia,mất trí nhớ,Amnesie,فقدان الذاكرة,健忘症,भूलने की बीमारी
amphetamines,anfetaminas,amphetamines,Amphetamine,الأمفيتامينات,アンフェタミン,amphetamines
amputation,amputación,cắt cụt,Amputation,بتر,切断,विच्छेदन
amyloidosis,amilosis,bệnh amyloidosis,Amyloidose,داء النشواني,アミロイドーシス,एमिलॉयडोसिस
amyotrophic lateral sclerosis,esclerosis lateral amiotrófica,bệnh xơ cứng teo cơ một bên,amyotrophe Lateralsklerose,التصلب الجانبي الضموري,筋萎縮性側索硬化症,पेशीशोषी पार्श्व काठिन्य
anabolic steroids,esteroides anabólicos,steroid đồng hóa,Anabole Steroide,الستيرويدات الابتنائية,アナボリックステロイド,एनाबॉलिक स्टेरॉयड
anaemia,anemia,thiếu máu,Anämie,فقر الدم,貧血,खून की कमी
anaemia medicine,medicamentos para la anemia,thuốc trị thiếu máu,Anämie-Medikament,دواء لعلاج فقر الدم,貧血薬,एनीमिया की दवा
anaesthetics,anestésicos,thuốc gây mê,Anästhetika,التخدير,麻酔薬,बेहोशी की दवा
anal cancer,cáncer anal,ung thư hậu môn,Analkrebs,سرطان الشرج,肛門がん,गुदा कैंसर
anal care,cuidado anal,chăm sóc hậu môn,Analpflege,العناية الشرجية,肛門ケア,गुदा देखभाल
anal fissure,fisura anal,nứt hậu môn,Analfissur,الشق الشرجي,肛門裂傷,गुदा विदर
anal injury,lesión anal,chấn thương hậu môn,Analverletzung,إصابة شرجية,肛門損傷,गुदा में चोट
anal pain,dolor anal,đau hậu môn,Analschmerzen,ألم شرجي,肛門の痛み,गुदा में दर्द होना
anaphylaxis,anafilaxia,sốc phản vệ,Anaphylaxie,الحساسية المفرطة,アナフィラキシー,तीव्रग्राहिता
anatomy,anatomía,giải phẫu học,Anatomie,تشريح,解剖学,शरीर रचना
anemia,anemia,thiếu máu,Anämie,فقر الدم,貧血,रक्ताल्पता
aneurysms,aneurismas,phình động mạch,Aneurysmen,تمدد الأوعية الدموية,動脈瘤,विस्फार
angelman syndrome,síndrome de Angelman,hội chứng Angelman,Angelman-Syndrom,متلازمة أنجلمان,アンジェルマン症候群,एंजेलमैन सिंड्रोम
anger management,control de la ira,kiểm soát cơn giận,Wutbewältigung,إدارة الغضب,怒りのコントロール,क्रोध प्रबंधन
angina,angina de pecho,đau thắt ngực,Angina,ذبحة,狭心症,एनजाइना
angiogram,angiografía,chụp mạch máu,Angiogramm,تصوير الأوعية الدموية,血管造影,एंजियोग्राम
angioplasty,angioplastia,nong mạch,Angioplastie,رأب الأوعية الدموية,血管形成術,एंजियोप्लास्टी
angiotensin converting enzyme inhibitors,inhibidores de la enzima convertidora de angiotensina,thuốc ức chế men chuyển angiotensin,Angiotensin-Converting-Enzym-Hemmer,مثبطات الإنزيم المحول للأنجيوتنسين,アンジオテンシン変換酵素阻害薬,एंजियोटेंसिन परिवर्तित एंजाइम अवरोधक
angiotensin receptor blockers,bloqueadores de los receptores de angiotensina,thuốc chẹn thụ thể angiotensin,Angiotensin-Rezeptorblocker,حاصرات مستقبلات الأنجيوتنسين,アンジオテンシン受容体拮抗薬,एंजियोटेंसिन रिसेप्टर ब्लॉकर्स
animal bites,mordeduras de animales,vết cắn của động vật,Tierbisse,عضات الحيوانات,動物の咬傷,जानवरों के काटने
ankle arthrodesis,artrodesis de tobillo,phẫu thuật cố định khớp mắt cá chân,Sprunggelenksarthrodese,تثبيت مفصل الكاحل,足関節固定術,टखने के आर्थ्रोडेसिस
ankle fracture surgery,cirugía de fractura de tobillo,phẫu thuật gãy xương mắt cá chân,Knöchelfraktur-Operation,جراحة كسر الكاحل,足首骨折手術,टखने के फ्रैक्चर की सर्जरी
ankle pain,dolor de tobillo,đau mắt cá chân,Knöchelschmerzen,ألم في الكاحل,足首の痛み,टखने में दर्द
ankle sprain,esguince de tobillo,bong gân mắt cá chân,Knöchelverstauchung,التواء الكاحل,足首の捻挫,टखने की मोच
ankylosing spondylitis,espondiloartritis anquilosante,viêm cột sống dính khớp,Spondylitis ankylosans,التهاب الفقرات التصلبي,強直性脊椎炎,रीढ़ के जोड़ों में गतिविधि-रोधक सूजन
anorexia nervosa,anorexia nerviosa,chứng chán ăn tâm thần,Anorexia nervosa,فقدان الشهية العصبي,神経性食欲不振症,एनोरेक्सिया नर्वोसा
anosmia,anosmia,mất khứu giác,Anosmie,فقدان حاسة الشم,嗅覚脱失,घ्राणशक्ति का नाश
ant stings,picaduras de hormigas,vết đốt của kiến,Ameisenstiche,لسعات النمل,アリの毒針,चींटी के डंक
ant stings and bites,Picaduras y mordeduras de hormigas,vết đốt và cắn của kiến,Ameisenstiche und -bisse,لسعات ولدغات النمل,アリの刺し傷と噛み傷,चींटियों के डंक और काटने
antenatal tests,pruebas prenatales,xét nghiệm trước sinh,pränatale Tests,فحوصات ما قبل الولادة,出生前検査,प्रसवपूर्व परीक्षण
anterior repair,reparación anterior,sửa chữa phía trước,vordere Reparatur,إصلاح أمامي,前方修復,अग्रवर्ती मरम्मत
anthrax,ántrax,bệnh than,Milzbrand,الجمرة الخبيثة,炭疽菌,बिसहरिया
anti-inflammatory medicines,medicamentos antiinflamatorios,thuốc chống viêm,entzündungshemmende Medikamente,الأدوية المضادة للالتهابات,抗炎症薬,सूजनरोधी दवाएँ
antibiotics,antibióticos,thuốc kháng sinh,Antibiotika,المضادات الحيوية,抗生物質,एंटीबायोटिक दवाओं
anticipatory grief,duelo anticipatorio,nỗi đau buồn dự đoán,vorweggenommene Trauer,الحزن الاستباقي,予期悲嘆,प्रत्याशित शोक
antidepressants,antidepresivos,thuốc chống trầm cảm,Antidepressiva,مضادات الاكتئاب,抗うつ剤,एंटीडिप्रेसन्ट
antifungal medicines,medicamentos antimicóticos,thuốc chống nấm,Antimykotika,الأدوية المضادة للفطريات,抗真菌薬,एंटीफंगल दवाएं
antihistamines,antihistamínicos,thuốc kháng histamine,Antihistaminika,مضادات الهيستامين,抗ヒスタミン剤,एंटिहिस्टामाइन्स
antioxidants,antioxidantes,chất chống oxy hóa,Antioxidantien,مضادات الأكسدة,抗酸化物質,एंटीऑक्सीडेंट
antiphospholipid syndrome,síndrome antifosfolípido,hội chứng kháng phospholipid,Antiphospholipid-Syndrom,متلازمة الأجسام المضادة للفوسفوليبيد,抗リン脂質症候群,एंटीफॉस्फोलिपिड सिंड्रोम
antipsychotic medicines,medicamentos antipsicóticos,thuốc chống loạn thần,Antipsychotika,الأدوية المضادة للذهان,抗精神病薬,मनोविरोधक दवाएँ
antisocial personality disorder,trastorno de personalidad antisocial,rối loạn nhân cách chống đối xã hội,antisoziale Persönlichkeitsstörung,اضطراب الشخصية المعادية للمجتمع,反社会性パーソナリティ障害,असामाजिक व्यक्तित्व विकार
antivirals for flu and covid-19,Antivirales para la gripe y la COVID-19,thuốc kháng virus cho bệnh cúm và COVID-19,Virostatika gegen Grippe und Covid-19,مضادات الفيروسات لعلاج الإنفلونزا وكوفيد-19,インフルエンザとCOVID-19に対する抗ウイルス薬,फ्लू और कोविड-19 के लिए एंटीवायरल दवाएं
anxiety,ansiedad,sự lo lắng,Angst,قلق,不安,चिंता
anxiety conditions,trastornos de ansiedad,tình trạng lo âu,Angstzustände,حالات القلق,不安障害,चिंता की स्थितियाँ
anxiety in children,ansiedad en los niños,lo lắng ở trẻ em,Angstzustände bei Kindern,القلق عند الأطفال,子供の不安,बच्चों में चिंता
anxiety in teenagers,ansiedad en adolescentes,lo lắng ở thanh thiếu niên,Angstzustände bei Teenagern,القلق لدى المراهقين,十代の不安,किशोरों में चिंता
anxiety medication,medicamentos para la ansiedad,thuốc chống lo âu,Medikamente gegen Angstzustände,أدوية القلق,不安薬,चिंता की दवा
aortic coarctation,coartación aórtica,hẹp động mạch chủ,Aortenisthmusstenose,تضيق الأبهر,大動脈縮窄症,महाधमनी संकुचन
aortic dissection,disección aórtica,bóc tách động mạch chủ,Aortendissektion,تسلخ الأبهر,大動脈解離,महाधमनी विच्छेदन
aortic stenosis,estenosis aórtica,hẹp động mạch chủ,Aortenstenose,تضيق الأبهر,大動脈弁狭窄症,महाधमनी स्टेनोसिस
aortic valve replacement,reemplazo de la válvula aórtica,thay van động mạch chủ,Aortenklappenersatz,استبدال الصمام الأبهري,大動脈弁置換術,महाधमनी वाल्व प्रतिस्थापन
apert syndrome,síndrome de Apert,hội chứng apert,apert-Syndrom,متلازمة آبرت,アペール症候群,एपर्ट सिंड्रोम
aphasia,afasia,chứng mất ngôn ngữ,Aphasie,حبسة,失語症,बोली बंद होना
apnoea,apnea,ngưng thở,Apnoe,انقطاع النفس,無呼吸,एपनिया
appendectomy,apendectomía,phẫu thuật cắt ruột thừa,Blinddarmoperation,استئصال الزائدة الدودية,虫垂切除術,एपेंडेक्टोमी
appendicitis,apendicitis,viêm ruột thừa,Appendizitis,التهاب الزائدة الدودية,虫垂炎,पथरी
apraxia of speech,apraxia del habla,chứng khó nói,Sprechapraxie,خلل في النطق,発話失行,वाक् अप्रेक्सिया
arrhythmia,arritmia,rối loạn nhịp tim,Arrhythmie,عدم انتظام ضربات القلب,不整脈,अतालता
arsenic,arsénico,asen,Arsen,الزرنيخ,砒素,हरताल
arthritis,artritis,viêm khớp,Arthritis,التهاب المفاصل,関節炎,वात रोग
arthritis in children,artritis en niños,viêm khớp ở trẻ em,Arthritis bei Kindern,التهاب المفاصل عند الأطفال,小児の関節炎,बच्चों में गठिया
arthroscopic release of frozen shoulder,Liberación artroscópica de hombro congelado,Phẫu thuật nội soi giải phóng hội chứng vai đông cứng,Arthroskopische Lösung einer Schultersteife,تحرير الكتف المتجمد بالمنظار,関節鏡下による五十肩の解放,फ्रोजन शोल्डर का आर्थ्रोस्कोपिक रिलीज
arthroscopy,artroscopia,nội soi khớp,Arthroskopie,تنظير المفصل,関節鏡検査,आर्थ्रोस्कोपी
arthroscopy of the ankle,artroscopia del tobillo,nội soi khớp mắt cá chân,Arthroskopie des Sprunggelenks,تنظير مفصل الكاحل,足首の関節鏡検査,टखने की आर्थ्रोस्कोपी
arthroscopy of the elbow,artroscopia del codo,nội soi khớp khuỷu tay,Arthroskopie des Ellbogens,تنظير مفصل الكوع,肘関節鏡検査,कोहनी की आर्थ्रोस्कोपी
arthroscopy of the knee,artroscopia de rodilla,nội soi khớp gối,Kniegelenksarthroskopie,تنظير مفصل الركبة,膝関節鏡検査,घुटने की आर्थ्रोस्कोपी
arthroscopy of the shoulder,artroscopia del hombro,nội soi khớp vai,Arthroskopie der Schulter,تنظير مفصل الكتف,肩関節鏡検査,कंधे की आर्थ्रोस्कोपी
arthroscopy of the wrist,artroscopia de la muñeca,nội soi khớp cổ tay,Arthroskopie des Handgelenks,تنظير مفصل الرسغ,手首の関節鏡検査,कलाई की आर्थ्रोस्कोपी
asbestosis,asbestosis,bệnh bụi amiăng,Asbestose,داء الأسبستوس,アスベスト症,एस्बेस्टोसिस
assistance dog,perro de asistencia,chó hỗ trợ,Assistenzhund,كلب المساعدة,介助犬,सहायता कुत्ता
assisted vaginal delivery,parto vaginal asistido,sinh thường có hỗ trợ,assistierte vaginale Entbindung,الولادة المهبلية بمساعدة طبية,補助付き経腟分娩,सहायता प्राप्त योनि प्रसव
asthma,asma,hen suyễn,Asthma,الربو,喘息,अस्थमा
asthma and pregnancy,asma y embarazo,hen suyễn và mang thai,Asthma und Schwangerschaft,الربو والحمل,喘息と妊娠,अस्थमा और गर्भावस्था
asthma attack management,manejo de los ataques de asma,quản lý cơn hen suyễn,Asthmaanfall-Management,إدارة نوبات الربو,喘息発作の管理,अस्थमा के दौरे का प्रबंधन
asthma in children,asma en niños,bệnh hen suyễn ở trẻ em,Asthma bei Kindern,الربو عند الأطفال,小児喘息,बच्चों में अस्थमा
asthma in children under 6,asma en niños menores de 6 años,bệnh hen suyễn ở trẻ em dưới 6 tuổi,Asthma bei Kindern unter 6 Jahren,الربو عند الأطفال دون سن السادسة,6歳未満の小児における喘息,6 वर्ष से कम उम्र के बच्चों में अस्थमा
asthma medication,medicamentos para el asma,thuốc hen suyễn,Asthmamedikamente,أدوية الربو,喘息の薬,अस्थमा की दवा
astigmatism,astigmatismo,loạn thị,Astigmatismus,الاستجماتيزم,乱視,दृष्टिवैषम्य
atherosclerosis,aterosclerosis,xơ vữa động mạch,Atherosklerose,تصلب الشرايين,動脈硬化,atherosclerosis
athletes foot,pie de atleta,bệnh nấm da chân,Fußpilz,قدم الرياضي,水虫,एथलीट फुट
atrial fibrillation,fibrilación auricular,rung tâm nhĩ,Vorhofflimmern,رجفان أذيني,心房細動,दिल की अनियमित धड़कन
attention deficit disorder,trastorno por déficit de atención,rối loạn thiếu tập trung,Aufmerksamkeitsdefizitstörung,اضطراب نقص الانتباه,注意欠陥障害,ध्यान आभाव विकार
australian mental health services,servicios de salud mental australianos,dịch vụ sức khỏe tâm thần Úc,australische psychiatrische Dienste,خدمات الصحة النفسية الأسترالية,オーストラリアのメンタルヘルスサービス,ऑस्ट्रेलियाई मानसिक स्वास्थ्य सेवाएं
australia’s healthcare system,El sistema de salud de Australia,hệ thống chăm sóc sức khỏe của Úc,Australiens Gesundheitssystem,نظام الرعاية الصحية في أستراليا,オーストラリアの医療制度,ऑस्ट्रेलिया की स्वास्थ्य सेवा प्रणाली
autism spectrum disorder,trastorno del espectro autista,rối loạn phổ tự kỷ,Autismus-Spektrum-Störung,اضطراب طيف التوحد,自閉症スペクトラム障害,ऑटिज्म स्पेक्ट्रम विकार
autoimmune conditions,enfermedades autoinmunes,các bệnh tự miễn dịch,Autoimmunerkrankungen,أمراض المناعة الذاتية,自己免疫疾患,ऑटोइम्यून स्थितियां
autoimmune diseases,enfermedades autoinmunes,bệnh tự miễn dịch,Autoimmunerkrankungen,أمراض المناعة الذاتية,自己免疫疾患,ऑटोइम्यून बीमारियों
avian influenza,gripe aviar,cúm gia cầm,Vogelgrippe,إنفلونزا الطيور,鳥インフルエンザ,एवियन इन्फ्लूएंजा
avoidant personality disorder,trastorno de personalidad por evitación,rối loạn nhân cách né tránh,vermeidende Persönlichkeitsstörung,اضطراب الشخصية التجنبية,回避性パーソナリティ障害,एवोईदंत व्यक्तित्व विकार
axillary node clearance,extirpación de ganglios axilares,nạo hạch nách,Axilläre Lymphknotenentfernung,استئصال العقد الليمفاوية الإبطية,腋窩リンパ節郭清,एक्सिलरी नोड क्लीयरेंस
babies and toddlers,bebés y niños pequeños,trẻ sơ sinh và trẻ mới biết đi,Babys und Kleinkinder,الرضع والأطفال الصغار,赤ちゃんと幼児,शिशुओं और छोटे बच्चों
baby immunisation,vacunación infantil,tiêm chủng cho trẻ sơ sinh,Säuglingsimpfungen,تطعيم الأطفال,乳幼児の予防接種,शिशु टीकाकरण
baby weight,peso del bebé,cân nặng của em bé,Babygewicht,وزن الطفل,赤ちゃんの体重,शिशु का वजन
back injuries - symptoms and treatments,Lesiones de espalda: síntomas y tratamientos,Chấn thương lưng - triệu chứng và cách điều trị,Rückenverletzungen – Symptome und Behandlungsmethoden,إصابات الظهر - الأعراض والعلاجات,背中の怪我 - 症状と治療法,पीठ की चोटें - लक्षण और उपचार
back pain — an overview,Dolor de espalda: una visión general,Đau lưng — tổng quan,Rückenschmerzen – ein Überblick,آلام الظهر - نظرة عامة,腰痛の概要,पीठ दर्द — एक संक्षिप्त विवरण
bacterial infections,infecciones bacterianas,nhiễm trùng do vi khuẩn,bakterielle Infektionen,العدوى البكتيرية,細菌感染症,जीवाण्विक संक्रमण
bacterial pneumonia,neumonía bacteriana,viêm phổi do vi khuẩn,bakterielle Lungenentzündung,الالتهاب الرئوي البكتيري,細菌性肺炎,जीवाणु निमोनिया
bacterial vaginosis,vaginosis bacteriana,viêm âm đạo do vi khuẩn,bakterielle Vaginose,التهاب المهبل البكتيري,細菌性膣炎,बैक्टीरियल वेजिनोसिस
bacterial vs viral infections,infecciones bacterianas versus infecciones virales,nhiễm trùng do vi khuẩn so với nhiễm trùng do virus,bakterielle vs. virale Infektionen,العدوى البكتيرية مقابل العدوى الفيروسية,細菌感染とウイルス感染,जीवाणु संक्रमण बनाम वायरल संक्रमण
bad breath,mal aliento,hơi thở hôi,Mundgeruch,رائحة الفم الكريهة,口臭,बदबूदार सांस
baker's cysts,quistes del panadero,u nang Baker,Bäckerzysten,أكياس الخباز,ベーカー嚢胞,बेकर की सिस्ट
balanced diet,alimentación equilibrada,chế độ ăn uống cân bằng,ausgewogene Ernährung,نظام غذائي متوازن,バランスの取れた食事,संतुलित आहार
balanitis and balanoposthitis,balanitis y balanopostitis,viêm bao quy đầu và viêm bao quy đầu,Balanitis und Balanoposthitis,التهاب الحشفة والتهاب الحشفة والقلفة,亀頭炎および亀頭包皮炎,बैलानाइटिस और बैलानोपोस्टहाइटिस
bariatric surgery guide,guía de cirugía bariátrica,hướng dẫn phẫu thuật giảm béo,Leitfaden zur bariatrischen Chirurgie,دليل جراحة السمنة,肥満外科手術ガイド,बेरिएट्रिक सर्जरी गाइड
barmah forest virus,virus forestal de Barmah,virus rừng barmah,Barmah-Wald-Virus,فيروس غابة بارما,バルマ森林ウイルス,बरमाह वन वायरस
bartholin’s cysts,quistes de Bartholin,u nang Bartholin,Bartholin-Zysten,أكياس بارثولين,バルトリン腺嚢胞,बार्थोलिन सिस्ट
basal cell carcinoma,carcinoma basocelular,ung thư tế bào đáy,Basalzellkarzinom,سرطان الخلايا القاعدية,基底細胞癌,बैसल सेल कर्सिनोमा
bat bites,mordeduras de murciélago,vết cắn của dơi,Fledermausbisse,عضات الخفافيش,コウモリに噛まれた,चमगादड़ के काटने
beach safety,seguridad en la playa,an toàn bãi biển,Strandsicherheit,السلامة على الشاطئ,ビーチでの安全対策,समुद्र तट सुरक्षा
bed bugs,chinches de cama,rệp giường,Bettwanzen,بق الفراش,トコジラミ,खटमल
bedwetting in older children,enuresis nocturna en niños mayores,đái dầm ở trẻ lớn,Bettnässen bei älteren Kindern,التبول اللاإرادي عند الأطفال الأكبر سناً,年長児の夜尿症,बड़े बच्चों में बिस्तर गीला करना
bee and wasp stings,picaduras de abejas y avispas,vết đốt của ong và ong bắp cày,Bienen- und Wespenstiche,لسعات النحل والدبابير,ミツバチやスズメバチの毒針,मधुमक्खी और ततैया के डंक
behaviour problems,problemas de comportamiento,vấn đề hành vi,Verhaltensprobleme,مشاكل سلوكية,行動上の問題,व्यवहार संबंधी समस्याएं
bell's palsy,parálisis de Bell,liệt dây thần kinh mặt,Bell-Lähmung,شلل بيل,ベル麻痺,एक तरफ के चेहरे का पक्षाघात
benefits of volunteering,beneficios del voluntariado,lợi ích của việc tình nguyện,Vorteile des Ehrenamts,فوائد التطوع,ボランティア活動のメリット,स्वयंसेवा के लाभ
benign prostate hypertrophy,hipertrofia prostática benigna,phì đại tuyến tiền liệt lành tính,gutartige Prostatahypertrophie,تضخم البروستاتا الحميد,良性前立腺肥大症,सौम्य प्रोस्टेट अतिवृद्धि
benign tumours,tumores benignos,khối u lành tính,gutartige Tumore,الأورام الحميدة,良性腫瘍,सौम्य ट्यूमर
bereavement,duelo,sự mất mát,Trauer,الثكل,死別,वियोग
beta blockers,betabloqueadores,thuốc chẹn beta,Betablocker,حاصرات بيتا,ベータ遮断薬,बीटा ब्लॉकर्स
bike riding,andar en bicicleta,đạp xe,Fahrradfahren,ركوب الدراجات,自転車に乗る,बाइक की सवारी
bilateral vasectomy,vasectomía bilateral,thắt ống dẫn tinh hai bên,beidseitige Vasektomie,استئصال الأسهر الثنائي,両側精管切除術,द्विपक्षीय नसबंदी
binge drinking,consumo excesivo de alcohol,uống rượu say sưa,exzessiver Alkoholkonsum,الإفراط في شرب الكحول,大量飲酒,अनियंत्रित मदपान
binge eating disorder,trastorno por atracones,rối loạn ăn uống vô độ,Essanfallstörung,اضطراب نهم الطعام,過食症,ज्यादा खाने से होने वाली गड़बड़ी
biopsy,biopsia,sinh thiết,Biopsie,خزعة,生検,बायोप्सी
bipolar disorder,trastorno bipolar,rối loạn lưỡng cực,bipolare Störung,اضطراب ذو اتجاهين,双極性障害,दोध्रुवी विकार
bipolar medicines,medicamentos para el trastorno bipolar,thuốc điều trị rối loạn lưỡng cực,Medikamente gegen bipolare Störungen,أدوية ثنائية القطب,双極性障害の薬,द्विध्रुवी दवाएं
bird flu,gripe aviar,cúm gia cầm,Vogelgrippe,إنفلونزا الطيور,鳥インフルエンザ,बर्ड फलू
birth control,control de la natalidad,biện pháp tránh thai,Geburtenkontrolle,وسائل منع الحمل,避妊,जन्म नियंत्रण
birth differences,diferencias de nacimiento,sự khác biệt khi sinh ra,Geburtsunterschiede,اختلافات الولادة,出生時の違い,जन्म संबंधी अंतर
bites and stings,picaduras y mordeduras,vết cắn và vết chích,Bisse und Stiche,لدغات ولسعات,噛み傷と刺傷,काटने और डंक मारने
black eye,ojo morado,mắt đen,blaues Auge,كدمة سوداء حول العين,目の周りにあざができる,बुरी नज़र
blackouts,apagones,mất điện,Stromausfälle,انقطاع التيار الكهربائي,停電,ब्लैकआउट
bladder,vejiga,bàng quang,Blase,المثانة,膀胱,मूत्राशय
bladder cancer,cáncer de vejiga,ung thư bàng quang,Blasenkrebs,سرطان المثانة,膀胱がん,मूत्राशय कैंसर
bladder prolapse,prolapso de vejiga,sa bàng quang,Blasenvorfall,هبوط المثانة,膀胱脱,मूत्राशय का प्रोलैप्स
bladder-neck incision,incisión del cuello de la vejiga,vết mổ cổ bàng quang,Blasenhalsinzision,شق عنق المثانة,膀胱頸部切開,मूत्राशय-गर्दन चीरा
bleeding after menopause,sangrado después de la menopausia,chảy máu sau mãn kinh,Blutungen nach den Wechseljahren,النزيف بعد انقطاع الطمث,閉経後の出血,रजोनिवृत्ति के बाद रक्तस्राव
bleeding between periods,sangrado entre períodos,chảy máu giữa các kỳ kinh nguyệt,Zwischenblutungen,نزيف بين فترات الحيض,生理と生理の間の出血,मासिक धर्म के बीच रक्तस्राव
bleeding gums,encías sangrantes,chảy máu nướu răng,Zahnfleischbluten,نزيف اللثة,歯茎からの出血,मसूड़ों से खून बहना
blepharitis,blefaritis,viêm bờ mi,Blepharitis,التهاب الجفن,眼瞼炎,ब्लेफेराइटिस
blepharoplasty,blefaroplastia,phẫu thuật mí mắt,Blepharoplastik,عملية تجميل الجفون,眼瞼形成術,blepharoplasty
blepharospasm,blefaroespasmo,co thắt mí mắt,Blepharospasmus,تشنج الجفن,眼瞼痙攣,नेत्रच्छदाकर्ष
blindness,ceguera,mù lòa,Blindheit,العمى,失明,अंधापन
blisters,ampollas,vết phồng rộp,Blasen,بثور,水ぶくれ,फफोले
bloating,hinchazón,đầy hơi,Blähungen,الانتفاخ,膨満感,सूजन
blocked nose,nariz tapada,nghẹt mũi,verstopfte Nase,انسداد الأنف,鼻づまり,बंद नाक
blocked tear duct,conducto lagrimal obstruido,tắc ống dẫn nước mắt,verstopfter Tränenkanal,انسداد القناة الدمعية,涙管閉塞,आंसू नलिका अवरुद्ध
blood and blood vessels,sangre y vasos sanguíneos,máu và mạch máu,Blut und Blutgefäße,الدم والأوعية الدموية,血液と血管,रक्त और रक्त वाहिकाएँ
blood clots,coágulos de sangre,cục máu đông,Blutgerinnsel,جلطات الدم,血栓,रक्त के थक्के
blood disorders,trastornos sanguíneos,rối loạn máu,Blutkrankheiten,اضطرابات الدم,血液疾患,रक्त विकार
blood donation,donación de sangre,hiến máu,Blutspende,التبرع بالدم,献血,रक्तदान
blood glucose test,prueba de glucosa en sangre,xét nghiệm đường huyết,Blutzuckertest,اختبار نسبة السكر في الدم,血糖値検査,रक्त शर्करा परीक्षण
blood groups,grupos sanguíneos,nhóm máu,Blutgruppen,فصائل الدم,血液型,रक्त समूह
blood in semen,sangre en el semen,máu trong tinh dịch,Blut im Sperma,وجود دم في السائل المنوي,精液中の血液,वीर्य में रक्त
blood in stool,sangre en las heces,có máu trong phân,Blut im Stuhl,وجود دم في البراز,便に血が混じる,मल में खून आना
blood poisoning,envenenamiento de la sangre,nhiễm trùng máu,Blutvergiftung,تسمم الدم,敗血症,रक्त विषाक्तता
blood pressure,presión arterial,huyết áp,Blutdruck,ضغط الدم,血圧,रक्तचाप
blood pressure medicines,medicamentos para la presión arterial,thuốc huyết áp,Blutdruckmedikamente,أدوية ضغط الدم,血圧の薬,रक्तचाप की दवाएँ
blood pressure monitoring at home,Control de la presión arterial en casa,theo dõi huyết áp tại nhà,Blutdruckmessung zu Hause,مراقبة ضغط الدم في المنزل,自宅での血圧測定,घर पर रक्तचाप की निगरानी
blood testing,análisis de sangre,xét nghiệm máu,Blutuntersuchung,فحص الدم,血液検査,रक्त परीक्षण
blood tests a-z,análisis de sangre de la A a la Z,xét nghiệm máu từ A đến Z,Bluttests A-Z,تحاليل الدم من الألف إلى الياء,血液検査（A～Z）,रक्त परीक्षण ए-जेड
blood thinners,anticoagulantes,thuốc làm loãng máu,Blutverdünner,مميعات الدم,血液凝固抑制剤,रक्त पतला करने वाली दवाएँ
blood transfusion,transfusión de sangre,truyền máu,Bluttransfusion,نقل الدم,輸血,रक्त आधान
blood-borne viruses,virus transmitidos por la sangre,virus lây truyền qua đường máu,durch Blut übertragbare Viren,الفيروسات المنقولة بالدم,血液媒介ウイルス,रक्तजनित वायरस
bluebottle stings,picaduras de mosca azul,nọc độc ruồi xanh,Stiche der Schmeißfliege,لسعات ذباب الماء الأزرق,カツオノエボシの毒,नीली मक्खी के डंक
blurred vision,visión borrosa,tầm nhìn mờ,verschwommenes Sehen,تشوش الرؤية,視界がぼやける,धुंधली दृष्टि
bmi and waist circumference,IMC y circunferencia de la cintura,chỉ số BMI và chu vi vòng eo,BMI und Taillenumfang,مؤشر كتلة الجسم ومحيط الخصر,BMIとウエスト周囲径,बीएमआई और कमर की परिधि
bmi calculator,calculadora de IMC,máy tính chỉ số BMI,BMI-Rechner,حاسبة مؤشر كتلة الجسم,BMI計算機,बीएमआई कैलकुलेटर
body dysmorphic disorder,trastorno dismórfico corporal,rối loạn biến dạng cơ thể,Körperdysmorphe Störung,اضطراب تشوه صورة الجسم,身体醜形障害,शारीरिक विकृति विकार
body fat,grasa corporal,mỡ cơ thể,Körperfett,نسبة الدهون في الجسم,体脂肪,शरीर की चर्बी
body image,imagen corporal,hình ảnh cơ thể,Körperbild,صورة الجسم,ボディイメージ,शरीर की छवि
body piercing,perforaciones corporales,xỏ khuyên cơ thể,Piercings,ثقب الجسم,ボディピアス,शरीर भेदन
boils,forúnculos,mụn nhọt,Furunkel,الدمامل,おでき,उबाल
bone cancer,cáncer de hueso,ung thư xương,Knochenkrebs,سرطان العظام,骨がん,हड्डी का कैंसर
bone density scan,densitometría ósea,quét mật độ xương,Knochendichtemessung,فحص كثافة العظام,骨密度スキャン,अस्थि घनत्व स्कैन
bone diseases,enfermedades óseas,bệnh xương,Knochenerkrankungen,أمراض العظام,骨疾患,हड्डी रोग
bone health,salud ósea,sức khỏe xương,Knochengesundheit,صحة العظام,骨の健康,हड्डियों का स्वास्थ्य
bones muscles and joints,"huesos, músculos y articulaciones","xương, cơ và khớp","Knochen, Muskeln und Gelenke",العظام والعضلات والمفاصل,骨、筋肉、関節,"हड्डियाँ, मांसपेशियाँ और जोड़"
borderline personality disorder,trastorno límite de la personalidad,rối loạn nhân cách thể bất định,Borderline-Persönlichkeitsstörung,اضطراب الشخصية الحدية,境界性人格障害,अस्थिर व्यक्तित्व की परेशानी
bottle feeding,alimentación con biberón,bú bình,Flaschenfütterung,الرضاعة بالزجاجة,哺乳瓶で授乳,बोतल से दूध पिलाना
botulism,botulismo,ngộ độc botulinum,Botulismus,التسمم الوشيقي,ボツリヌス症,बोटुलिज़्म
bowel cancer,cáncer de intestino,ung thư ruột,Darmkrebs,سرطان الأمعاء,大腸がん,आंत्र कैंसर
bowel cancer screening,detección del cáncer de intestino,sàng lọc ung thư ruột,Darmkrebsvorsorge,فحص سرطان الأمعاء,大腸がん検診,आंत्र कैंसर की जांच
bowel infections,infecciones intestinales,nhiễm trùng đường ruột,Darminfektionen,التهابات الأمعاء,腸感染症,आंत्र संक्रमण
bowel obstruction,obstrucción intestinal,tắc ruột,Darmverschluss,انسداد الأمعاء,腸閉塞,आंत्र बाधा
bowen's disease,enfermedad de Bowen,bệnh Bowen,Bowen-Krankheit,مرض بوين,ボーエン病,बोवेन रोग
bradycardia,bradicardia,nhịp tim chậm,Bradykardie,بطء القلب,徐脈,मंदनाड़ी
brain aneurysm,aneurisma cerebral,phình mạch não,Hirnaneurysma,تمدد الأوعية الدموية الدماغية,脳動脈瘤,मस्तिष्क धमनीविस्फार
brain diseases,enfermedades cerebrales,bệnh lý não,Hirnerkrankungen,أمراض الدماغ,脳疾患,मस्तिष्क रोग
brain disorders,trastornos cerebrales,rối loạn não,Hirnstörungen,اضطرابات الدماغ,脳疾患,मस्तिष्क विकार
brain fog,niebla mental,chứng sương mù não,Gehirnnebel,تشوش ذهني,脳の霧,ब्रेन फ़ॉग
brain injuries,lesiones cerebrales,chấn thương não,Hirnverletzungen,إصابات الدماغ,脳損傷,मस्तिष्क की चोटें
brain tumours,tumores cerebrales,khối u não,Hirntumore,أورام الدماغ,脳腫瘍,मस्तिष्क ट्यूमर
break from care,descanso de los cuidados,nghỉ ngơi khỏi việc chăm sóc,Pause von der Sorge,استراحة من الرعاية,心配事から解放される,देखभाल से मुक्ति
break up and divorce,ruptura y divorcio,chia tay và ly hôn,Trennung und Scheidung,الانفصال والطلاق,別れて離婚する,अलगाव और तलाक
breast cancer,cáncer de mama,ung thư vú,Brustkrebs,سرطان الثدي,乳癌,स्तन कैंसर
breast cancer awareness,concienciación sobre el cáncer de mama,nâng cao nhận thức về ung thư vú,Brustkrebsbewusstsein,التوعية بسرطان الثدي,乳がん啓発,स्तन कैंसर के प्रति जागरूकता
breast cysts,quistes mamarios,u nang vú,Brustzysten,أكياس الثدي,乳房嚢胞,स्तन सिस्ट
breast diseases,enfermedades de mama,bệnh lý vú,Brusterkrankungen,أمراض الثدي,乳腺疾患,स्तन रोग
breast engorgement,congestión mamaria,căng sữa,Brustschwellung,احتقان الثدي,乳房のうっ血,स्तनों में सूजन
breast implants,implantes mamarios,cấy ghép ngực,Brustimplantate,زراعة الثدي,豊胸手術,स्तन प्रत्यारोपण
breast milk,leche materna,sữa mẹ,Muttermilch,حليب الثدي,母乳,स्तन का दूध
breast reconstruction with abdominal tissue flap,Reconstrucción mamaria con colgajo de tejido abdominal,Tái tạo vú bằng vạt mô bụng,Brustrekonstruktion mit einem Bauchgewebelappen,إعادة بناء الثدي باستخدام سديلة من أنسجة البطن,腹部組織皮弁を用いた乳房再建,पेट के ऊतक फ्लैप से स्तन पुनर्निर्माण
breast reconstruction with an implant or tissue expander,Reconstrucción mamaria con implante o expansor tisular.,Phẫu thuật tái tạo vú bằng cách đặt túi độn hoặc dụng cụ giãn mô.,Brustrekonstruktion mit Implantat oder Gewebeexpander,إعادة بناء الثدي باستخدام غرسة أو موسع للأنسجة,インプラントまたは組織拡張器を用いた乳房再建,इंप्लांट या टिश्यू एक्सपेंडर के साथ स्तन पुनर्निर्माण
breast reconstruction with latissimus dorsi flap,Reconstrucción mamaria con colgajo de músculo dorsal ancho,Tái tạo vú bằng vạt cơ lưng rộng,Brustrekonstruktion mit Latissimus-dorsi-Lappen,إعادة بناء الثدي باستخدام شريحة من العضلة الظهرية العريضة,広背筋皮弁を用いた乳房再建,लैटिसिमस डोर्सी फ्लैप के साथ स्तन पुनर्निर्माण
breast reduction,reducción de senos,thu nhỏ ngực,Brustverkleinerung,تصغير الثدي,乳房縮小,स्तन का आकार घटाना
breast uplift,levantamiento de senos,nâng ngực,Bruststraffung,عملية شد الصدر,乳房リフト,स्तन उत्थान
breastfeeding,amamantamiento,cho con bú,Stillen,الرضاعة الطبيعية,母乳育児,स्तनपान
breastfeeding and periods,lactancia materna y menstruación,cho con bú và kinh nguyệt,Stillen und Menstruation,الرضاعة الطبيعية والدورة الشهرية,授乳と生理,स्तनपान और मासिक धर्म
breathing problems,problemas respiratorios,vấn đề về hô hấp,Atemprobleme,مشاكل في التنفس,呼吸困難,सांस लेने में समस्या
broken toe,dedo del pie roto,ngón chân bị gãy,gebrochener Zeh,إصبع قدم مكسور,足の指の骨折,टूटा हुआ पैर का पंजा
bronchial asthma,asma bronquial,hen phế quản,Asthma bronchiale,الربو القصبي,気管支喘息,दमा
bronchiectasis,bronquiectasias,giãn phế quản,Bronchiektasie,توسع القصبات,気管支拡張症,ब्रोंकिएक्टेसिस
bronchitis,bronquitis,viêm phế quản,Bronchitis,التهاب الشعب الهوائية,気管支炎,ब्रोंकाइटिस
chest cold,resfriado de pecho,cảm lạnh phế quản,Brustverkältung,برد في الصدر,胸の風邪,सीने में ठंड
bronchoscopy,broncoscopia,nội soi phế quản,Bronchoskopie,تنظير القصبات,気管支鏡検査,ब्रोंकोस्कोपी
brugada syndrome,síndrome de Brugada,hội chứng Brugada,Brugada-Syndrom,متلازمة بروجادا,ブルガダ症候群,ब्रुगाडा सिंड्रोम
bruises,moretones,vết bầm tím,Prellungen,كدمات,あざ,चोट के निशान
brushing your teeth,cepillarse los dientes,đánh răng,Zähneputzen,تنظيف أسنانك,歯を磨く,तुम्हारे दाँत ब्रुश कर रहे है
building and maintaining healthy relationships,construir y mantener relaciones saludables,xây dựng và duy trì các mối quan hệ lành mạnh,Aufbau und Pflege gesunder Beziehungen,بناء العلاقات الصحية والحفاظ عليها,健全な人間関係の構築と維持,स्वस्थ संबंध बनाना और बनाए रखना
bulimia nervosa,bulimia nerviosa,chứng cuồng ăn,Bulimie,الشره المرضي العصبي,神経性過食症,बुलिमिया नर्वोसा
bulk billing and medicare,facturación masiva y Medicare,thanh toán trọn gói và bảo hiểm y tế,Direktabrechnung und Medicare,الفوترة الشاملة والرعاية الطبية,一括請求とメディケア,बल्क बिलिंग और मेडिकेयर
bullying,acoso escolar,bắt nạt,Mobbing,تنمر,いじめ,बदमाशी
bullying and harassment,acoso escolar y hostigamiento,bắt nạt và quấy rối,Mobbing und Belästigung,التنمر والمضايقة,いじめと嫌がらせ,बदमाशी और उत्पीड़न
bumps,baches,vết sưng,Unebenheiten,مطبات,隆起,धक्कों
bunion surgery,cirugía de juanetes,phẫu thuật u ngón chân cái,Hallux-valgus-Operation,جراحة إبهام القدم,外反母趾手術,बूनियन सर्जरी
bunions,juanetes,chai chân,Ballenzehen,أورام القدم,外反母趾,गोखरू
buprenorphine,buprenorfina,buprenorphine,Buprenorphin,بوبرينورفين,ブプレノルフィン,बुप्रेनॉर्फिन
burns,quemaduras,bỏng,Verbrennungen,حروق,火傷,बर्न्स
burping,eructar,ợ hơi,Aufstoßen,التجشؤ,げっぷ,डकार
bursitis,bursitis,viêm bao hoạt dịch,Schleimbeutelentzündung,التهاب كيسي,滑液包炎,बर्साइटिस
buruli ulcer,úlcera de Buruli,vết loét buruli,Buruli-Ulkus,قرحة بورولي,ブルリ潰瘍,बुरुली अल्सर
bushfire health and safety,Salud y seguridad en caso de incendios forestales,an toàn và phòng cháy rừng,Gesundheit und Sicherheit bei Buschbränden,الصحة والسلامة في حالات حرائق الغابات,山火事の健康と安全,जंगल की आग से संबंधित स्वास्थ्य और सुरक्षा
bushfires and your health,incendios forestales y su salud,Cháy rừng và sức khỏe của bạn,Buschbrände und Ihre Gesundheit,حرائق الغابات وصحتك,山火事とあなたの健康,जंगल की आग और आपका स्वास्थ्य
buying medicines online,comprar medicamentos en línea,mua thuốc trực tuyến,Medikamente online kaufen,شراء الأدوية عبر الإنترنت,オンラインで医薬品を購入する,ऑनलाइन दवाइयां खरीदना
c-reactive protein blood test,análisis de sangre de proteína C reactiva,xét nghiệm máu protein phản ứng C,C-reaktives Protein Bluttest,اختبار بروتين سي التفاعلي في الدم,C反応性タンパク質血液検査,सी-रिएक्टिव प्रोटीन रक्त परीक्षण
caffeine,cafeína,caffeine,Koffein,الكافيين,カフェイン,कैफीन
calcium,calcio,canxi,Kalzium,الكالسيوم,カルシウム,कैल्शियम
calcium blood test,análisis de sangre de calcio,xét nghiệm máu canxi,Kalzium-Bluttest,فحص الكالسيوم في الدم,カルシウム血液検査,कैल्शियम रक्त परीक्षण
calcium channel blockers,bloqueadores de los canales de calcio,thuốc chẹn kênh canxi,Kalziumkanalblocker,حاصرات قنوات الكالسيوم,カルシウムチャネル遮断薬,कैल्शियम चैनल अवरोधक
calf pain,dolor en la pantorrilla,đau bắp chân,Wadenschmerzen,ألم في ربلة الساق,ふくらはぎの痛み,पिंडली में दर्द
campylobacter infection,infección por Campylobacter,nhiễm trùng Campylobacter,Campylobacter-Infektion,عدوى العطيفة,カンピロバクター感染症,कैम्पिलोबैक्टर संक्रमण
cancer,cáncer,bệnh ung thư,Krebs,سرطان,癌,कैंसर
cancer immunotherapy,inmunoterapia contra el cáncer,liệu pháp miễn dịch ung thư,Krebsimmuntherapie,العلاج المناعي للسرطان,がん免疫療法,कैंसर इम्यूनोथेरेपी
cancer of the uterus,cáncer de útero,ung thư tử cung,Gebärmutterkrebs,سرطان الرحم,子宮がん,गर्भाशय का कैंसर
cancer types,tipos de cáncer,các loại ung thư,Krebsarten,أنواع السرطان,がんの種類,कैंसर के प्रकार
candidiasis,micosis,bệnh nấm Candida,Candidiasis,داء المبيضات,カンジダ症,कैंडिडियासिस
cannabis,canabis,cần sa,Cannabis,القنب,大麻,कैनबिस
car sick,mareo en el coche,say xe,reisekrank,دوار الحركة,車酔い,कार में उल्टी आना
carbohydrates,carbohidratos,carbohydrate,Kohlenhydrate,الكربوهيدرات,炭水化物,कार्बोहाइड्रेट
cardiac ablation,ablación cardíaca,đốt điện tim,Herzablation,استئصال القلب,心臓アブレーション,कार्डियक एब्लेशन
cardiac arrest,paro cardiaco,tim ngừng đập,Herzstillstand,توقف القلب,心停止,दिल की धड़कन रुकना
cardiac catheterisation,cateterismo cardíaco,thông tim,Herzkatheteruntersuchung,قسطرة القلب,心臓カテーテル検査,कार्डियक कैथीटेराइजेशन
cardiac enzymes,enzimas cardíacas,enzyme tim,Herzenzyme,إنزيمات القلب,心臓酵素,हृदय एंजाइम
cardiac failure,insuficiencia cardíaca,suy tim,Herzinsuffizienz,فشل القلب,心不全,हृदय विफलता
cardiomyopathy,miocardiopatía,bệnh cơ tim,Kardiomyopathie,اعتلال عضلة القلب,心筋症,कार्डियोमायोपैथी
cardiopulmonary resuscitation,reanimación cardiopulmonar,hồi sức tim phổi,kardiopulmonale Reanimation,الإنعاش القلبي الرئوي,心肺蘇生,हृत्फुफ्फुसीय पुनर्जीवन
cardiovascular exercise,ejercicio cardiovascular,bài tập tim mạch,Herz-Kreislauf-Übung,تمارين القلب والأوعية الدموية,心血管運動,हृदय संबंधी व्यायाम
cardiovascular system,sistema cardiovascular,hệ tim mạch,Herz-Kreislauf-System,الجهاز القلبي الوعائي,心血管系,हृदय प्रणाली
care options,opciones de atención,các lựa chọn chăm sóc,Pflegeoptionen,خيارات الرعاية,ケアの選択肢,देखभाल के विकल्प
carer support,apoyo al cuidador,hỗ trợ người chăm sóc,Pflegeunterstützung,دعم مقدمي الرعاية,介護者支援,देखभालकर्ता सहायता
caring for a sick child,cuidar a un niño enfermo,chăm sóc một đứa trẻ bị bệnh,Pflege eines kranken Kindes,رعاية طفل مريض,病気の子供の世話をする,बीमार बच्चे की देखभाल करना
caring for others,cuidar de los demás,chăm sóc người khác,sich um andere kümmern,الاهتمام بالآخرين,他人の世話をする,दूसरों की देखभाल करना
caring for someone with a mental illness,cuidar a alguien con una enfermedad mental,chăm sóc người mắc bệnh tâm thần,Betreuung einer Person mit einer psychischen Erkrankung,رعاية شخص مصاب بمرض عقلي,精神疾患のある人の介護,मानसिक बीमारी से पीड़ित किसी व्यक्ति की देखभाल करना
caring for someone with cancer,cuidar a alguien con cáncer,chăm sóc người bị ung thư,die Betreuung einer Person mit Krebs,رعاية شخص مصاب بالسرطان,がん患者の介護,कैंसर से पीड़ित किसी व्यक्ति की देखभाल करना
caring for someone with dementia or alzheimer's disease,cuidar a una persona con demencia o enfermedad de Alzheimer,chăm sóc người bị sa sút trí tuệ hoặc bệnh Alzheimer,Pflege einer Person mit Demenz oder Alzheimer-Krankheit,رعاية شخص مصاب بالخرف أو مرض الزهايمر,認知症やアルツハイマー病の人を介護する,मनोभ्रंश या अल्जाइमर रोग से पीड़ित किसी व्यक्ति की देखभाल करना
caring for stitches,Cuidado de los puntos de sutura,chăm sóc vết khâu,Nähte pflegen,العناية بالغرز,縫合部分のケア,टांकों की देखभाल
carpal tunnel release,liberación del túnel carpiano,phẫu thuật giải phóng ống cổ tay,Karpaltunnel-Entspannung,تحرير النفق الرسغي,手根管開放術,कार्पल टनल रिलीज
carpal tunnel syndrome,síndrome del túnel carpiano,hội chứng ống cổ tay,Karpaltunnelsyndrom,متلازمة النفق الرسغي,手根管症候群,कार्पल टनल सिंड्रोम
cast care,cuidado del yeso,chăm sóc bó bột,Gipspflege,العناية بالجبس,ギプスケア,कास्ट केयर
cat and dog allergy,alergia a gatos y perros,dị ứng mèo và chó,Katzen- und Hundeallergie,حساسية القطط والكلاب,猫と犬のアレルギー,बिल्ली और कुत्ते से एलर्जी
cat bites,mordeduras de gato,mèo cắn,Katzenbisse,عضات القطط,猫に噛まれた,बिल्ली के काटने
cataract surgery,cirugía de cataratas,phẫu thuật đục thủy tinh thể,Kataraktoperation,جراحة الساد,白内障手術,मोतियाबिंद सर्जरी
cataracts,cataratas,đục thủy tinh thể,Katarakte,إعتام عدسة العين,白内障,मोतियाबिंद
catheter problems,problemas con el catéter,các vấn đề về ống thông,Katheterprobleme,مشاكل القسطرة,カテーテルの問題,कैथेटर संबंधी समस्याएं
causes of diarrhoea,causas de diarrea,nguyên nhân gây tiêu chảy,Ursachen von Durchfall,أسباب الإسهال,下痢の原因,दस्त के कारण
cefalexin,cefalexina,cefalexin,Cefalexin,سيفالكسين,セファレキシン,सेफलेक्सिन
cellulitis,celulitis,viêm mô tế bào,Zellulitis,التهاب النسيج الخلوي,蜂窩織炎,कोशिका
central nervous system,sistema nervioso central,hệ thần kinh trung ương,Zentralnervensystem,الجهاز العصبي المركزي,中枢神経系,केंद्रीय तंत्रिका तंत्र
cerebral palsy,parálisis cerebral,bại não,Zerebralparese,الشلل الدماغي,脳性麻痺,मस्तिष्क पक्षाघात
cerebral stroke,accidente cerebrovascular,đột quỵ não,zerebraler Schlaganfall,السكتة الدماغية,脳卒中,सेरिब्रल स्ट्रोक
cervical cancer,cáncer de cuello uterino,ung thư cổ tử cung,Gebärmutterhalskrebs,سرطان عنق الرحم,子宮頸がん,ग्रीवा कैंसर
cervical laminectomy,laminectomía cervical,phẫu thuật cắt bỏ bản sống cổ,zervikale Laminektomie,استئصال الصفيحة الفقرية العنقية,頸椎椎弓切除術,ग्रीवा लेमिनेक्टॉमी
cervical screening test,prueba de detección del cuello uterino,xét nghiệm sàng lọc cổ tử cung,Gebärmutterhalskrebs-Screeningtest,اختبار فحص عنق الرحم,子宮頸がん検診,गर्भाशय ग्रीवा स्क्रीनिंग परीक्षण
cf,cf,cf,vgl.,انظر,cf,सीएफ़
changes to your appetite,cambios en tu apetito,những thay đổi về khẩu vị của bạn,Veränderungen Ihres Appetits,تغيرات في شهيتك,食欲の変化,आपकी भूख में बदलाव
charcot-marie-tooth disease,enfermedad de Charcot-Marie-Tooth,bệnh Charcot-Marie-Tooth,Charcot-Marie-Tooth-Krankheit,مرض شاركو ماري توث,シャルコー・マリー・トゥース病,चारकोट-मैरी-टूथ रोग
charles bonnet syndrome,síndrome de Charles Bonnet,hội chứng Charles Bonnet,Charles-Bonnet-Syndrom,متلازمة تشارلز بونيه,シャルル・ボネ症候群,चार्ल्स बोनेट सिंड्रोम
chd,chd,chd,chd,chd,chd,सीएचडी
chemical burns,quemaduras químicas,bỏng hóa chất,Verätzungen,الحروق الكيميائية,化学熱傷,रासायनिक जलन
chemicals,productos químicos,hóa chất,Chemikalien,المواد الكيميائية,化学物質,रसायन
chemotherapy,quimioterapia,hóa trị,Chemotherapie,العلاج الكيميائي,化学療法,कीमोथेरपी
chest infection,infección de pecho,nhiễm trùng ngực,Brustinfektion,التهاب الصدر,胸部感染症,छाती का संक्रमण
chest injuries,lesiones en el pecho,chấn thương ngực,Brustverletzungen,إصابات الصدر,胸部損傷,छाती की चोटें
chest pain,dolor en el pecho,đau ngực,Brustschmerzen,ألم صدر,胸痛,छाती में दर्द
chest tightness and discomfort,opresión y malestar en el pecho,cảm giác tức ngực và khó chịu,Engegefühl und Beschwerden in der Brust,ضيق وعدم راحة في الصدر,胸の圧迫感と不快感,सीने में जकड़न और बेचैनी
chest wall perforator flap breast reconstruction,Reconstrucción mamaria con colgajo perforante de la pared torácica,phẫu thuật tái tạo vú bằng vạt da xuyên thành ngực,Brustrekonstruktion mit einem Perforatorlappen aus der Brustwand,إعادة بناء الثدي باستخدام شريحة مثقبة من جدار الصدر,胸壁穿通枝皮弁による乳房再建,छाती की दीवार छिद्रक फ्लैप स्तन पुनर्निर्माण
chiari malformation,malformación de Chiari,dị tật Chiari,Chiari-Malformation,تشوه كياري,キアリ奇形,चियारी विकृति
chikungunya virus,virus chikungunya,virus chikungunya,Chikungunya-Virus,فيروس شيكونغونيا,チクングニアウイルス,चिकनगुनिया वायरस
chilblains,sabañones,tê cóng,Frostbeulen,قضمة الصقيع,しもやけ,बिवाई
child abuse,abuso infantil,lạm dụng trẻ em,Kindesmisshandlung,إساءة معاملة الأطفال,児童虐待,बाल उत्पीड़न
child immunisation,vacunación infantil,tiêm chủng cho trẻ em,Kinderimpfung,تطعيم الأطفال,小児予防接種,बच्चों का टीकाकरण
childhood illnesses,enfermedades infantiles,bệnh tật thời thơ ấu,Kinderkrankheiten,أمراض الطفولة,小児疾患,बचपन की बीमारियाँ
childhood obesity,obesidad infantil,béo phì ở trẻ em,Fettleibigkeit im Kindesalter,سمنة الأطفال,小児肥満,बचपन का मोटापा
children and depression,niños y depresión,trẻ em và chứng trầm cảm,Kinder und Depression,الأطفال والاكتئاب,子供と鬱病,बच्चे और अवसाद
children with cancer,niños con cáncer,trẻ em mắc bệnh ung thư,Kinder mit Krebs,الأطفال المصابون بالسرطان,がんを患う子供たち,कैंसर से पीड़ित बच्चे
children's feet,pies de niños,bàn chân trẻ em,Kinderfüße,أقدام الأطفال,子供の足,बच्चों के पैर
children's health,salud infantil,sức khỏe trẻ em,Kindergesundheit,صحة الأطفال,子どもの健康,बच्चों का स्वास्थ्य
chinese traditional medicine,medicina tradicional china,y học cổ truyền Trung Quốc,Traditionelle Chinesische Medizin,الطب الصيني التقليدي,中国伝統医学,चीनी पारंपरिक चिकित्सा
chiropractors,quiroprácticos,bác sĩ chỉnh hình,Chiropraktiker,أخصائيو تقويم العمود الفقري,カイロプラクター,काइरोप्रैक्टर्स
chlamydia,clamidia,chlamydia,Chlamydien,الكلاميديا,クラミジア,क्लैमाइडिया
choking,asfixia,nghẹn,Ersticken,الاختناق,窒息,घुटन
cholecystectomy,colecistectomía,cắt bỏ túi mật,Cholezystektomie,استئصال المرارة,胆嚢摘出術,पित्ताशय-उच्छेदन
cholecystectomy and exploration of the bile duct,Colecistectomía y exploración del conducto biliar,Cắt bỏ túi mật và thăm dò ống mật,Cholezystektomie und Exploration des Gallengangs,استئصال المرارة واستكشاف القناة الصفراوية,胆嚢摘出術および胆管の探索,पित्ताशय को निकालना और पित्त नली की जांच
cholecystitis,colecistitis,viêm túi mật,Cholezystitis,التهاب المرارة,胆嚢炎,पित्ताशय
cholera,cólera,bệnh tả,Cholera,كوليرا,コレラ,हैजा
cholesteatoma surgery,cirugía de colesteatoma,phẫu thuật u cholesteatoma,Cholesteatom-Operation,جراحة الورم الكوليسترولي,真珠腫手術,कोलेस्टेटोमा सर्जरी
cholesterol,colesterol,cholesterol,Cholesterin,الكوليسترول,コレステロール,कोलेस्ट्रॉल
cholesterol and lipid tests,Análisis de colesterol y lípidos,xét nghiệm cholesterol và lipid,Cholesterin- und Lipidtests,اختبارات الكوليسترول والدهون,コレステロールおよび脂質検査,कोलेस्ट्रॉल और लिपिड परीक्षण
chronic fatigue syndrome,síndrome de fatiga crónica,hội chứng mệt mỏi mãn tính,chronisches Müdigkeitssyndrom,متلازمة التعب المزمن,慢性疲労症候群,क्रोनिक फेटीग सिंड्रोम
chronic kidney disease,enfermedad renal crónica,bệnh thận mãn tính,chronische Nierenerkrankung,مرض الكلى المزمن,慢性腎臓病,दीर्घकालिक वृक्क रोग
chronic pain,dolor crónico,đau mãn tính,chronischer Schmerz,الألم المزمن,慢性疼痛,पुराने दर्द
chronic wounds,heridas crónicas,vết thương mãn tính,chronische Wunden,الجروح المزمنة,慢性創傷,दीर्घकालिक घाव
cialis,cialis,cialis,Cialis,سياليس,シアリス,Cialis
cigarette smoking,fumar cigarrillos,hút thuốc lá,Zigarettenrauchen,تدخين السجائر,タバコを吸う,सिगरेट पीना
cigarettes,cigarrillos,thuốc lá,Zigaretten,السجائر,タバコ,सिगरेट
ciguatera poisoning,intoxicación por ciguatera,ngộ độc ciguatera,Ciguatera-Vergiftung,التسمم بالسيغواتيرا,シガテラ中毒,सिगुएटेरा विषाक्तता
circulatory system,sistema circulatorio,hệ tuần hoàn,Kreislaufsystem,الجهاز الدوري,循環器系,संचार प्रणाली
circumcision,circuncisión,cắt bao quy đầu,Beschneidung,ختان,割礼,परिशुद्ध करण
cirrhosis of the liver,cirrosis hepática,xơ gan,Leberzirrhose,تليف الكبد,肝硬変,लिवर का सिरोसिस
clap,aplaudir,vỗ tay,klatschen,تصفيق,拍手,ताली बजाओ
claustrophobia,claustrofobia,chứng sợ không gian kín,Klaustrophobie,رهاب الأماكن المغلقة,閉所恐怖症,क्लौस्ट्रफ़ोबिया
clavicle fracture,fractura de clavícula,gãy xương đòn,Schlüsselbeinbruch,كسر في عظمة الترقوة,鎖骨骨折,हंसली की हड्डी का फ्रैक्चर
cleft lip,labio hendido,sứt môi,Lippenspalte,الشفة المشقوقة,口唇裂,कटा होंठ
cleft palate,paladar hendido,hở hàm ếch,Gaumenspalte,شق الحنك,口蓋裂,भंग तालु
clinical trials,ensayos clínicos,thử nghiệm lâm sàng,klinische Studien,التجارب السريرية,臨床試験,क्लिनिकल परीक्षण
closure of loop colostomy,cierre de colostomía en asa,đóng hậu môn nhân tạo vòng,Verschluss der Schlingenkolostomie,إغلاق فغر القولون الحلقي,ループ型人工肛門の閉鎖,लूप कोलोस्टोमी का समापन
closure of loop ileostomy,cierre de ileostomía en asa,đóng lỗ mở hồi tràng vòng,Verschluss der Ileostomie,إغلاق فغر اللفائفي الحلقي,ループ回腸瘻の閉鎖,लूप इलियोस्टोमी का समापन
clubfoot,pie equinovaro,bệnh chân khoèo,Klumpfuß,حنف القدم,内反尖足,क्लब पैर
cluster headache,cefalea en racimos,đau đầu chùm,Clusterkopfschmerz,الصداع العنقودي,群発頭痛,क्लस्टर सिरदर्द
cmis - how to read them,CMIS: cómo leerlos,CMIS - Cách đọc chúng,CMIs – wie man sie liest,كيفية قراءة أنظمة المعلومات الإدارية,CMIs - 読み方,CMIS - इन्हें कैसे पढ़ें
cocaine,cocaína,cocaine,Kokain,الكوكايين,コカイン,कोकीन
cochlear implant,implante coclear,cấy ghép ốc tai,Cochlea-Implantat,غرسة قوقعية,人工内耳,कोक्लियर प्रत्यारोपण
codeine,codeína,codein,Kodein,الكودايين,コデイン,कौडीन
coeliac disease,enfermedad celíaca,bệnh celiac,Zöliakie,مرض السيلياك,セリアック病,कोएलियाक बीमारी
coffee,café,cà phê,Kaffee,قهوة,コーヒー,कॉफी
cognitive behaviour therapy,terapia cognitivo-conductual,liệu pháp nhận thức hành vi,kognitive Verhaltenstherapie,العلاج السلوكي المعرفي,認知行動療法,संज्ञानात्मक व्यवहार चिकित्सा
cognitive impairment,deterioro cognitivo,suy giảm nhận thức,kognitive Beeinträchtigung,ضعف الإدراك,認知障害,संज्ञानात्मक बधिरता
cold and flu medication,Medicamentos para el resfriado y la gripe,thuốc cảm cúm,Erkältungs- und Grippemedikamente,أدوية البرد والإنفلونزا,風邪とインフルエンザの薬,सर्दी और फ्लू की दवा
cold or flu?,¿Resfriado o gripe?,Cảm lạnh hay cúm?,Erkältung oder Grippe?,هل هو نزلة برد أم إنفلونزا؟,風邪かインフルエンザか？,सर्दी या बुखार?
cold sores,herpes labial,vết loét lạnh,Fieberbläschen,قروح البرد,口唇ヘルペス,कोल्ड सोर
colds,resfriados,cảm lạnh,Erkältungen,نزلات البرد,風邪,जुकाम
colds and flu,resfriados y gripe,cảm lạnh và cúm,Erkältungen und Grippe,نزلات البرد والإنفلونزا,風邪とインフルエンザ,सर्दी और फ्लू
colds and flu during pregnancy and breastfeeding,Resfriados y gripe durante el embarazo y la lactancia,cảm lạnh và cúm trong thời kỳ mang thai và cho con bú,Erkältungen und Grippe während Schwangerschaft und Stillzeit,نزلات البرد والإنفلونزا أثناء الحمل والرضاعة الطبيعية,妊娠中および授乳中の風邪やインフルエンザ,गर्भावस्था और स्तनपान के दौरान सर्दी-जुकाम और फ्लू
colon cancer,cáncer de colon,ung thư đại tràng,Darmkrebs,سرطان القولون,結腸がん,पेट का कैंसर
colon resection for colon cancer,resección de colon para el cáncer de colon,Cắt bỏ một phần đại tràng để điều trị ung thư đại tràng,Kolonresektion bei Darmkrebs,استئصال القولون لعلاج سرطان القولون,結腸癌に対する結腸切除術,कोलन कैंसर के लिए कोलन रिसेक्शन
colonoscopy,colonoscopia,nội soi đại tràng,Koloskopie,تنظير القولون,大腸内視鏡検査,colonoscopy
colostomy,colostomía,hậu môn nhân tạo,Kolostomie,فغر القولون,人工肛門,कोलोस्टोमी
colour blindness,daltonismo,mù màu,Farbenblindheit,عمى الألوان,色覚異常,रंग दृष्टिहीनता
colposcopy,colposcopia,soi cổ tử cung,Kolposkopie,تنظير المهبل,コルポスコピー,योनिभित्तिदर्शन
coma,coma,hôn mê,Koma,غيبوبة,コマ,प्रगाढ़ बेहोशी
combined oral contraceptive pill,píldora anticonceptiva oral combinada,thuốc tránh thai đường uống kết hợp,kombinierte orale Kontrazeptiva-Pille,حبوب منع الحمل الفموية المركبة,経口避妊薬,संयुक्त मौखिक गर्भनिरोधक गोली
community nursing,enfermería comunitaria,điều dưỡng cộng đồng,Gemeindepflege,التمريض المجتمعي,地域看護,सामुदायिक नर्सिंग
compartment syndrome,síndrome compartimental,hội chứng khoang,Kompartmentsyndrom,متلازمة الحيز,コンパートメント症候群,कम्पार्टमेंट सिंड्रोम
compassion,compasión,lòng thương xót,Mitgefühl,عطف,思いやり,करुणा
complementary therapy,terapia complementaria,liệu pháp bổ sung,Komplementärtherapie,العلاج التكميلي,補完療法,पूरक चिकित्सा
complex post-traumatic stress disorder,trastorno de estrés postraumático complejo,rối loạn căng thẳng sau chấn thương phức tạp,komplexe posttraumatische Belastungsstörung,اضطراب ما بعد الصدمة المعقد,複雑性心的外傷後ストレス障害,जटिल उत्तर-आघातजन्य तनाव विकार
computer addiction,adicción a la computadora,nghiện máy tính,Computersucht,إدمان الكمبيوتر,コンピューター中毒,कंप्यूटर की लत
concussion,conmoción cerebral,chấn động não,Gehirnerschütterung,الارتجاج,脳震盪,हिलाना
condoms,condones,bao cao su,Kondome,الواقي الذكري,コンドーム,कंडोम
confusion,confusión,lú lẫn,Verwirrung,ارتباك,混乱,भ्रम
congenital adrenal hyperplasia,hiperplasia suprarrenal congénita,tăng sản tuyến thượng thận bẩm sinh,kongenitale Nebennierenhyperplasie,تضخم الغدة الكظرية الخلقي,先天性副腎過形成,जन्मजात अधिवृक्कीय अधिवृद्धि
congenital anomalies,anomalías congénitas,dị tật bẩm sinh,angeborene Anomalien,التشوهات الخلقية,先天異常,जन्मजात विसंगतियाँ
congenital disorder,trastorno congénito,rối loạn bẩm sinh,angeborene Störung,اضطراب خلقي,先天性疾患,जन्मजात विकार
congenital heart disease,cardiopatía congénita,bệnh tim bẩm sinh,angeborene Herzkrankheit,أمراض القلب الخلقية,先天性心疾患,जन्मजात हृदय रोग
congestive heart failure,insuficiencia cardíaca congestiva,suy tim sung huyết,Herzinsuffizienz,قصور القلب الاحتقاني,うっ血性心不全,कोंजेस्टिव दिल विफलता
conjunctivitis,conjuntivitis,viêm kết mạc,Konjunktivitis,التهاب الملتحمة,結膜炎,नेत्रश्लेष्मलाशोथ
pink eye,ojo rosa,đau mắt đỏ,Bindehautentzündung,الرمد الربيعي,はやり目,आँख आना
red eye,ojo rojo,đỏ mắt,rotes Auge,عين وردية,赤い目,लाल आँख
connective tissue diseases,enfermedades del tejido conectivo,bệnh lý mô liên kết,Bindegewebserkrankungen,أمراض النسيج الضام,結合組織疾患,संयोजी ऊतक रोग
constipation,constipación,táo bón,Verstopfung,إمساك,便秘,कब्ज़
constipation in children,estreñimiento en niños,táo bón ở trẻ em,Verstopfung bei Kindern,الإمساك عند الأطفال,小児の便秘,बच्चों में कब्ज
consumer rights,derechos del consumidor,quyền người tiêu dùng,Verbraucherrechte,حقوق المستهلك,消費者の権利,उपभोक्ता अधिकार
contact dermatitis,dermatitis de contacto,viêm da tiếp xúc,Kontaktdermatitis,التهاب الجلد التماسي,接触性皮膚炎,संपर्क त्वचाशोथ
contact tracing,rastreo de contactos,truy vết tiếp xúc,Kontaktverfolgung,تتبع المخالطين,接触者追跡,संपर्क ट्रेसिंग
contraception,anticoncepción,biện pháp tránh thai,Empfängnisverhütung,منع الحمل,避妊,गर्भनिरोध
contraceptive diaphragm,diafragma anticonceptivo,màng ngăn tránh thai,Verhütungsdiaphragma,غشاء مانع للحمل,避妊用ダイヤフラム,गर्भनिरोधक डायाफ्राम
contraceptive implant,implante anticonceptivo,cấy ghép tránh thai,Verhütungsimplantat,غرسة منع الحمل,避妊インプラント,गर्भनिरोधक प्रत्यारोपण
contraceptive injection,inyección anticonceptiva,thuốc tiêm tránh thai,Verhütungsspritze,حقنة منع الحمل,避妊注射,गर्भनिरोधक इंजेक्शन
contraceptive intra-uterine device,dispositivo intrauterino anticonceptivo,dụng cụ tránh thai đặt trong tử cung,Verhütungsstäbchen,جهاز منع الحمل داخل الرحم,避妊用子宮内避妊器具,गर्भनिरोधक अंतर्गर्भाशयी उपकरण
contraceptive vaginal ring,anillo vaginal anticonceptivo,vòng tránh thai đặt âm đạo,Verhütungsring für die Vagina,حلقة مهبلية مانعة للحمل,避妊用膣リング,गर्भनिरोधक योनि वलय
contractions,contracciones,co thắt,Kontraktionen,انقباضات,収縮,संकुचन
copd,EPOC,bệnh phổi tắc nghẽn mãn tính,COPD,مرض الانسداد الرئوي المزمن,COD,सीओपीडी
coping with a terminal illness,cómo afrontar una enfermedad terminal,Đối phó với bệnh nan y,Umgang mit einer unheilbaren Krankheit,التعامل مع مرض عضال,末期疾患への対処,किसी असाध्य बीमारी से निपटना
corneal transplant surgery,cirugía de trasplante de córnea,phẫu thuật ghép giác mạc,Hornhauttransplantation,جراحة زرع القرنية,角膜移植手術,कॉर्नियल प्रत्यारोपण सर्जरी
corneal ulcers,úlceras corneales,loét giác mạc,Hornhautgeschwüre,قرحة القرنية,角膜潰瘍,कॉर्नियल अल्सर
coronary angiogram,angiografía coronaria,chụp mạch vành,Koronarangiographie,تصوير الأوعية التاجية,冠動脈造影,कोरोनरी एंजियोग्राम
coronary artery bypass graft,injerto de derivación de arteria coronaria,phẫu thuật bắc cầu động mạch vành,Koronararterien-Bypass-Operation,جراحة تحويل مسار الشريان التاجي,冠動脈バイパス移植,कोरोनरी धमनी बाईपास ग्राफ्ट
coronary heart disease,enfermedad coronaria,bệnh tim mạch vành,koronare Herzkrankheit,مرض القلب التاجي,冠状動脈性心疾患,हृद - धमनी रोग
coronaviruses,coronavirus,vi-rút corona,Coronaviren,فيروسات كورونا,コロナウイルス,कोरोनावाइरस
correcting a squint,corregir el estrabismo,chỉnh sửa tật lác mắt,Schielen korrigieren,تصحيح الحول,斜視を矯正する,भेंगापन ठीक करना
cortisol,cortisol,cortisol,Cortisol,الكورتيزول,コルチゾール,कोर्टिसोल
cosmetic procedures,procedimientos cosméticos,các thủ thuật thẩm mỹ,kosmetische Eingriffe,عمليات التجميل,美容整形手術,कॉस्मेटिक प्रक्रियाएं
cosmetic surgery,cirugía estética,phẫu thuật thẩm mỹ,kosmetische Chirurgie,جراحة التجميل,美容整形,कॉस्मेटिक सर्जरी
cost of dental care,costo de la atención dental,chi phí chăm sóc răng miệng,Kosten der Zahnbehandlung,تكلفة العناية بالأسنان,歯科治療費,दंत चिकित्सा की लागत
cost of mental health services,costo de los servicios de salud mental,chi phí dịch vụ sức khỏe tâm thần,Kosten für psychische Gesundheitsdienste,تكلفة خدمات الصحة النفسية,精神保健サービスの費用,मानसिक स्वास्थ्य सेवाओं की लागत
costochondritis,costocondritis,viêm sụn sườn,Costochondritis,التهاب الغضروف الضلعي,肋軟骨炎,कॉस्टोकोंड्राइटिस
costs of healthcare,costos de atención médica,chi phí chăm sóc sức khỏe,Kosten der Gesundheitsversorgung,تكاليف الرعاية الصحية,医療費,स्वास्थ्य सेवा की लागत
cough,tos,ho,Husten,سعال,咳,खाँसी
coughing up blood,tosiendo sangre,ho ra máu,Blut husten,يسعل دماً,血を吐く,खून की उल्टी करना
coughs and colds,tos y resfriados,ho và cảm lạnh,Husten und Erkältungen,السعال ونزلات البرد,咳と風邪,खांसी और जुकाम
counselling,asesoramiento,tư vấn,Beratung,الاستشارة,カウンセリング,काउंसलिंग
counsellors,consejeros,cố vấn,Berater,المستشارون,カウンセラー,सलाहकार
covid-19,COVID-19,COVID-19,COVID-19,كوفيد-19,COVID-19（新型コロナウイルス感染症,COVID-19
covid-19 medication,medicamentos para la COVID-19,thuốc điều trị COVID-19,Covid-19-Medikamente,أدوية كوفيد-19,新型コロナウイルス感染症の治療薬,कोविड-19 दवा
covid-19 vaccine faqs,Preguntas frecuentes sobre la vacuna contra la COVID-19,Câu hỏi thường gặp về vắc-xin Covid-19,Häufig gestellte Fragen zum COVID-19-Impfstoff,أسئلة وأجوبة حول لقاح كوفيد-19,新型コロナウイルスワクチンに関するよくある質問,कोविड-19 वैक्सीन से संबंधित अक्सर पूछे जाने वाले प्रश्न
cow's milk allergy,alergia a la leche de vaca,dị ứng sữa bò,Kuhmilchallergie,حساسية حليب البقر,牛乳アレルギー,गाय के दूध से एलर्जी
crabs,cangrejos,cua,Krabben,سرطان البحر,カニ,केकड़े
cradle cap,costra láctea,vảy da đầu ở trẻ sơ sinh,Kopfhaut,قشرة الرأس عند الرضع,乳児脂漏性湿疹,क्रैडल कैप
creating healthy habits,crear hábitos saludables,tạo dựng những thói quen lành mạnh,gesunde Gewohnheiten entwickeln,خلق عادات صحية,健康的な習慣を作る,स्वस्थ आदतें बनाना
creutzfeldt-jakob disease,enfermedad de Creutzfeldt-Jakob,bệnh Creutzfeldt-Jakob,Creutzfeldt-Jakob-Krankheit,مرض كروتزفيلد جاكوب,クロイツフェルト・ヤコブ病,क्रुट्ज़फेल्ड-जैकोब रोग
cri du chat syndrome,síndrome de cri du chat,hội chứng cri du chat,Cri-du-chat-Syndrom,متلازمة صرخة القط,猫鳴き症候群,क्राई डू चैट सिंड्रोम
crohn's disease,enfermedad de Crohn,bệnh Crohn,Morbus Crohn,مرض كرون,クローン病,क्रोहन रोग
cryptosporidiosis,criptosporidiosis,bệnh cryptosporidiosis,Kryptosporidiose,داء خفيات الأبواغ,クリプトスポリジウム症,क्रिप्टोस्पोरिडियोसिस
crystal meth,metanfetamina cristalina,ma túy đá,Crystal Meth,الميثامفيتامين,クリスタルメス,क्रिस्टल मेथ
ct scan,tomografía computarizada,chụp CT,CT-Scan,التصوير المقطعي المحوسب,CTスキャン,सीटी स्कैन
cushing's syndrome,síndrome de Cushing,hội chứng Cushing,Cushing-Syndrom,متلازمة كوشينغ,クッシング症候群,कुशिंग सिंड्रोम
cuts,recortes,cắt,Schnitte,جروح,削減,कटौती
cyberbullying,ciberacoso,bắt nạt trên mạng,Cybermobbing,التنمر الإلكتروني,サイバーいじめ,साइबर-धमकी
cycling,ciclismo,đạp xe,Radfahren,ركوب الدراجات,サイクリング,साइकिल चलाना
cyclone and flood health risks,riesgos para la salud derivados de ciclones e inundaciones,rủi ro sức khỏe do lốc xoáy và lũ lụt,Gesundheitsrisiken durch Zyklone und Überschwemmungen,مخاطر صحية ناجمة عن الأعاصير والفيضانات,サイクロンと洪水による健康リスク,चक्रवात और बाढ़ से होने वाले स्वास्थ्य जोखिम
cyclothymia,ciclotimia,rối loạn khí sắc chu kỳ,Zyklothymie,اضطراب المزاج الدوري,気分循環症,Cyclothymia
cystic fibrosis,fibrosis quística,bệnh xơ nang,Mukoviszidose,تليّف كيسي,嚢胞性線維症,पुटीय तंतुशोथ
cystitis,cistitis,viêm bàng quang,Blasenentzündung,التهاب المثانة,膀胱炎,मूत्राशयशोध
cystoscopy,cistoscopia,nội soi bàng quang,Zystoskopie,تنظير المثانة,膀胱鏡検査,मूत्राशयदर्शन
cysts,quistes,u nang,Zysten,الأكياس,嚢胞,अल्सर
cytomegalovirus,citomegalovirus,vi-rút cự bào,Cytomegalovirus,فيروس مضخم للخلايا,サイトメガロウィルス,साइटोमेगालो वायरस
d-dimer test,prueba de dímero D,xét nghiệm d-dimer,D-Dimer-Test,اختبار د-دايمر,Dダイマー検査,डी-डाइमर परीक्षण
dairy foods,productos lácteos,thực phẩm từ sữa,Milchprodukte,منتجات الألبان,乳製品,दूध से बने खाद्य पदार्थ
dandruff,caspa,gàu,Schuppen,قشرة رأس,ふけ,रूसी
dbt,dbt,dbt,dbt,العلاج السلوكي الجدلي,dbt,डीबीटी
de quervain disease surgery,Cirugía de la enfermedad de De Quervain,Phẫu thuật điều trị bệnh De Quervain,Operation bei Morbus de Quervain,جراحة مرض دي كيرفان,ドケルバン病手術,डी क्वेरवेन रोग की सर्जरी
de quervain's disease,enfermedad de De Quervain,bệnh de quervain,De-Quervain-Krankheit,مرض دي كيرفان,ドケルバン病,डी क्वेरवेन रोग
deafness,sordera,điếc,Taubheit,الصمم,難聴,बहरापन
dealing with childhood cancer,Cómo afrontar el cáncer infantil,đối phó với bệnh ung thư ở trẻ em,Umgang mit Kinderkrebs,التعامل مع سرطان الأطفال,小児がんとの闘い,बचपन के कैंसर से निपटना
dealing with life events,afrontar los acontecimientos de la vida,đối phó với các sự kiện trong cuộc sống,Umgang mit Lebensereignissen,التعامل مع أحداث الحياة,人生の出来事に対処する,जीवन की घटनाओं से निपटना
dealing with morning sickness,Cómo lidiar con las náuseas matutinas,đối phó với ốm nghén,Umgang mit Schwangerschaftsübelkeit,التعامل مع غثيان الصباح,つわりへの対処法,मॉर्निंग सिकनेस से निपटना
deep vein thrombosis,trombosis venosa profunda,huyết khối tĩnh mạch sâu,tiefe Venenthrombose,تجلط الأوردة العميقة,深部静脈血栓症,गहरी नस घनास्रता
defibrillators,desfibriladores,máy khử rung tim,Defibrillatoren,أجهزة إزالة الرجفان,除細動器,डिफ़िब्रिलेटर्स
deficiency,deficiencia,thiếu hụt,Mangel,نقص,欠乏,कमी
degenerative arthritis,artritis degenerativa,viêm khớp thoái hóa,degenerative Arthritis,التهاب المفاصل التنكسي,変形性関節炎,अपक्षयी गठिया
dehydration,deshidración,mất nước,Dehydration,جفاف,脱水,निर्जलीकरण
delayed ejaculation,eyaculación retardada,xuất tinh chậm,verzögerte Ejakulation,تأخر القذف,射精遅延,विलंबित स्खलन
delirium and dementia,delirio y demencia,mê sảng và sa sút trí tuệ,Delir und Demenz,الهذيان والخرف,せん妄と認知症,प्रलाप और मनोभ्रंश
delusions,ilusiones,ảo tưởng,Wahnvorstellungen,الأوهام,妄想,भ्रम
dementia,demencia,chứng mất trí nhớ,Demenz,الخَرَف,認知症,मनोभ्रंश
dementia and driving,demencia y conducción,chứng mất trí nhớ và lái xe,Demenz und Autofahren,الخرف والقيادة,認知症と運転,मनोभ्रंश और ड्राइविंग
dengue fever,fiebre del dengue,sốt xuất huyết,Denguefieber,حمى الضنك,デング熱,डेंगू बुखार
dental bleeding,sangrado dental,chảy máu răng,Zahnblutung,نزيف الأسنان,歯の出血,दांतों से खून आना
dental braces and retainers,aparatos de ortodoncia y retenedores,niềng răng và dụng cụ giữ răng,Zahnspangen und Retainer,تقويم الأسنان وأجهزة التثبيت,歯列矯正器具とリテーナー,डेंटल ब्रेसेस और रिटेनर
dental bridge,puente dental,cầu răng,Zahnbrücke,جسر الأسنان,デンタルブリッジ,डेंटल ब्रिज
dental care,atención dental,chăm sóc răng miệng,Zahnpflege,العناية بالأسنان,歯科治療,दंत चिकित्सा देखभाल
dental check-up,revisión dental,khám răng,Zahnärztliche Untersuchung,فحص الأسنان,歯科検診,दंत जाँच
dental crown procedure,procedimiento de corona dental,thủ thuật bọc răng sứ,Zahnkronenverfahren,إجراء تركيب تاج الأسنان,歯冠処置,डेंटल क्राउन प्रक्रिया
dental erosion,erosión dental,mòn răng,Zahnerosion,تآكل الأسنان,歯の浸食,दंत क्षरण
dental fillings,empastes dentales,trám răng,Zahnfüllungen,حشوات الأسنان,歯の詰め物,दांतों की फिलिंग
dental fissure sealants,selladores de fisuras dentales,chất trám khe răng,Zahnfissurenversiegelung,مواد مانعة للتشققات السنية,歯の溝を埋めるシーラント,दंत दरार सीलेंट
dental hygeine,higiene dental,vệ sinh răng miệng,Zahnhygiene,نظافة الأسنان,歯科衛生,दंत स्वच्छता
dental injury,lesión dental,chấn thương răng miệng,Zahnverletzung,إصابة في الأسنان,歯の損傷,दंत चोट
dental problems,problemas dentales,các vấn đề về răng miệng,Zahnprobleme,مشاكل الأسنان,歯の問題,दंत समस्याएं
dental procedures,procedimientos dentales,các thủ thuật nha khoa,zahnärztliche Eingriffe,إجراءات طب الأسنان,歯科処置,दंत प्रक्रियाएं
dental procedures and appliances,procedimientos y aparatos dentales,các thủ thuật và thiết bị nha khoa,Zahnärztliche Verfahren und Apparaturen,إجراءات وأجهزة طب الأسنان,歯科処置および歯科器具,दंत चिकित्सा प्रक्रियाएं और उपकरण
dentures,dentadura postiza,răng giả,Zahnersatz,أطقم الأسنان,義歯,डेन्चर
depression,depresión,trầm cảm,Depression,اكتئاب,うつ,अवसाद
depression - how to help,depresión: cómo ayudar,Trầm cảm - cách điều trị,Depression – wie man helfen kann,الاكتئاب - كيفية المساعدة,うつ病 - 対処法,अवसाद - इससे कैसे निपटें
depression after pregnancy,depresión después del embarazo,trầm cảm sau khi mang thai,Depression nach der Schwangerschaft,الاكتئاب بعد الحمل,産後うつ病,गर्भावस्था के बाद अवसाद
depression in children,depresión en niños,trầm cảm ở trẻ em,Depression bei Kindern,الاكتئاب عند الأطفال,小児のうつ病,बच्चों में अवसाद
depression in men,depresión en los hombres,trầm cảm ở nam giới,Depression bei Männern,الاكتئاب عند الرجال,男性のうつ病,पुरुषों में अवसाद
depression in older people,depresión en personas mayores,trầm cảm ở người lớn tuổi,Depression bei älteren Menschen,الاكتئاب لدى كبار السن,高齢者のうつ病,वृद्ध लोगों में अवसाद
depression in women,depresión en las mujeres,trầm cảm ở phụ nữ,Depression bei Frauen,الاكتئاب عند النساء,女性のうつ病,महिलाओं में अवसाद
depression in young people,depresión en jóvenes,trầm cảm ở người trẻ tuổi,Depression bei jungen Menschen,الاكتئاب لدى الشباب,若者のうつ病,युवाओं में अवसाद
dermatitis,dermatitis,viêm da,Dermatitis,التهاب الجلد,皮膚炎,जिल्द की सूजन
dermatitis herpetiformis,dermatitis herpetiforme,viêm da dạng herpes,Dermatitis herpetiformis,التهاب الجلد الهربسي الشكل,疱疹状皮膚炎,डर्मेटाइटिस हर्पेटिफॉर्मिस
dermatologist,dermatólogo,bác sĩ da liễu,Dermatologe,طبيب الأمراض الجلدية,皮膚科医,त्वचा विशेषज्ञ
dermatomyositis,dermatomiositis,viêm da cơ,Dermatomyositis,التهاب الجلد والعضلات,皮膚筋炎,डर्माटोमायोसिटिस
detox,desintoxicación,giải độc,Entgiftung,التخلص من السموم,デトックス,डिटॉक्स
developmental milestones,hitos del desarrollo,các mốc phát triển,Entwicklungsmeilensteine,مراحل النمو,発達上の節目,विकासात्मक महत्वपूर्णता
deviated septum,tabique desviado,vách ngăn lệch,Nasenscheidewandverkrümmung,انحراف الحاجز الأنفي,鼻中隔弯曲症,पथभ्रष्ट झिल्ली
diabetes,diabetes,bệnh tiểu đường,Diabetes,السكري,糖尿病,मधुमेह
diabetes and insulin,diabetes e insulina,bệnh tiểu đường và insulin,Diabetes und Insulin,مرض السكري والأنسولين,糖尿病とインスリン,मधुमेह और इंसुलिन
diabetes medicines,medicamentos para la diabetes,thuốc trị tiểu đường,Diabetesmedikamente,أدوية السكري,糖尿病治療薬,मधुमेह की दवाएँ
diabetes screening tests,pruebas de detección de diabetes,xét nghiệm sàng lọc bệnh tiểu đường,Diabetes-Screeningtests,اختبارات الكشف عن مرض السكري,糖尿病スクリーニング検査,मधुमेह स्क्रीनिंग परीक्षण
diabetes testing and monitoring,Pruebas y seguimiento de la diabetes,xét nghiệm và theo dõi bệnh tiểu đường,Diabetes-Testung und -Überwachung,فحص ومراقبة مرض السكري,糖尿病の検査とモニタリング,मधुमेह की जांच और निगरानी
diabetic ketoacidosis,cetoacidosis diabética,nhiễm toan ceton do tiểu đường,diabetische Ketoazidose,الحماض الكيتوني السكري,糖尿病性ケトアシドーシス,मधुमेह कीटोएसिडोसिस
diabetic neuropathy,neuropatía diabética,bệnh thần kinh do tiểu đường,diabetische Neuropathie,اعتلال الأعصاب السكري,糖尿病性神経障害,मधुमेह तंत्रिका रोग
diabetic retinopathy,retinopatía diabética,bệnh võng mạc tiểu đường,diabetische Retinopathie,اعتلال الشبكية السكري,糖尿病網膜症,डायबिटिक रेटिनोपैथी
diagnostic testing,pruebas de diagnóstico,xét nghiệm chẩn đoán,diagnostische Tests,الاختبارات التشخيصية,診断検査,नैदानिक ​​परीक्षण
diagnostic tests,pruebas de diagnóstico,xét nghiệm chẩn đoán,diagnostische Tests,الاختبارات التشخيصية,診断検査,नैदानिक ​​परीक्षण
dialectical behaviour therapy,terapia dialéctica conductual,liệu pháp hành vi biện chứng,dialektische Verhaltenstherapie,العلاج السلوكي الجدلي,弁証法的行動療法,द्वंद्वात्मक व्यवहार चिकित्सा
dialysis,diálisis,lọc máu,Dialyse,غسيل الكلى,透析,डायलिसिस
diaphragm,diafragma,màng ngăn,Membran,غشاء,横隔膜,डायाफ्राम
diarrhoea,diarrea,tiêu chảy,Diarrhö,إسهال,下痢,अतिसार
the runs,cagalera,tào tháo đuổi,Flitzekacke,إسهال,お腹がゆるい,दस्त
runny tummy,flojera de estómago,đi ngoài,Dünnpfiff,مغص مع إسهال,下痢,पेट चलना
loose stools,heces sueltas,phân lỏng,flüssiger Stuhl,براز سائل,軟便,ढीला मल
diarrhoea causes,la diarrea causa,tiêu chảy gây ra,Durchfallursachen,أسباب الإسهال,下痢の原因,दस्त के कारण
diarrhoea in children,diarrea en niños,tiêu chảy ở trẻ em,Durchfall bei Kindern,الإسهال عند الأطفال,小児の下痢,बच्चों में दस्त
diazepam,diazepam,diazepam,Diazepam,ديازيبام,ジアゼパム,डायजेपाम
diet,dieta,ăn kiêng,Diät,نظام عذائي,ダイエット,आहार
dietary fats,grasas dietéticas,chất béo trong chế độ ăn,Nahrungsfette,الدهون الغذائية,食事性脂肪,आहार वसा
dietary fibre,fibra dietética,chất xơ trong chế độ ăn uống,Ballaststoffe,الألياف الغذائية,食物繊維,आहार फाइबर
dietitians,dietistas,chuyên gia dinh dưỡng,Diätologen,أخصائيو التغذية,栄養士,dietitians
diets,dietas,chế độ ăn uống,Diäten,الحميات الغذائية,ダイエット,आहार
difficulty reaching female orgasm,dificultad para alcanzar el orgasmo femenino,khó đạt cực khoái ở nữ,Schwierigkeiten beim Erreichen des weiblichen Orgasmus,صعوبة الوصول إلى النشوة الجنسية لدى النساء,女性のオーガズムに達するのが難しい,महिला ऑर्गेज्म तक पहुंचने में कठिनाई
diffuse idiopathic skeletal hyperostosis,hiperostosis esquelética idiopática difusa,chứng tăng sinh xương vô căn lan tỏa,diffuse idiopathische Skeletthyperostose,فرط التعظم الهيكلي المنتشر مجهول السبب,びまん性特発性骨増殖症,विसरित अज्ञातहेतु कंकाल हाइपरोस्टोसिस
digestive system,sistema digestivo,hệ tiêu hóa,Verdauungssystem,الجهاز الهضمي,消化器系,पाचन तंत्र
digital thermometers,termómetros digitales,nhiệt kế kỹ thuật số,digitale Thermometer,موازين حرارة رقمية,デジタル温度計,डिजिटल थर्मामीटर
dihydrocodeine,dihidrocodeína,dihydrocodeine,Dihydrocodein,ثنائي هيدروكودايين,ジヒドロコデイン,डाईहाइड्रोकोडीन
dilatation and curettage,dilatación y legrado,nong và nạo tử cung,Dilatation und Kürettage,التوسيع والكحت,拡張掻爬術,फैलाव और क्यूरेटेज
diphtheria,difteria,bệnh bạch hầu,Diphtherie,الخناق,ジフテリア,डिप्थीरिया
disability services and allied healthcare,servicios para personas con discapacidad y atención médica afín,dịch vụ dành cho người khuyết tật và chăm sóc sức khỏe liên quan,Dienstleistungen für Menschen mit Behinderungen und verwandte Gesundheitsdienstleistungen,خدمات ذوي الإعاقة والرعاية الصحية المساعدة,障害者サービスおよび関連医療,विकलांगता सेवाएं और संबद्ध स्वास्थ्य सेवाएं
disability services and the ndis,servicios para discapacitados y el ndis,dịch vụ dành cho người khuyết tật và NDIS,Behindertenhilfe und die NDIS,خدمات ذوي الإعاقة ونظام دعم الإعاقة الوطني,障害者サービスとNDIS,विकलांगता सेवाएं और एनडीआई
disasters,desastres,thảm họa,Katastrophen,الكوارث,災害,आपदाओं
disease modifying antirheumatic drugs for arthritis,fármacos antirreumáticos modificadores de la enfermedad para la artritis,thuốc điều trị thấp khớp làm thay đổi tiến trình bệnh viêm khớp,krankheitsmodifizierende Antirheumatika bei Arthritis,الأدوية المضادة للروماتيزم المعدلة للمرض لعلاج التهاب المفاصل,関節炎に対する疾患修飾性抗リウマチ薬,गठिया के लिए रोग-संशोधक एंटीरूमेटिक दवाएं
disorientation,desorientación,mất phương hướng,Desorientierung,الارتباك,見当識障害,भटकाव
dissociative identity disorder,trastorno de identidad disociativa,rối loạn đa nhân cách,dissoziative Identitätsstörung,اضطراب الهوية الانفصامية,解離性同一性障害,वियोजित पहचान विकार
diuretic medicines,medicamentos diuréticos,thuốc lợi tiểu,Diuretika,الأدوية المدرة للبول,利尿薬,मूत्रवर्धक दवाएँ
diverticular disease,enfermedad diverticular,bệnh túi thừa,Divertikelerkrankung,داء الرتوج,憩室疾患,डायवर्टिकुलर रोग
divorce and break up,divorcio y ruptura,ly hôn và chia tay,Scheidung und Trennung,الطلاق والانفصال,離婚と別れ,तलाक और अलगाव
doctor,doctor,bác sĩ,Arzt,طبيب,医者,चिकित्सक
dog bites,mordeduras de perro,chó cắn,Hundebisse,عضات الكلاب,犬に噛まれた,कुत्ते के काटने
domestic violence and abusive relationships,violencia doméstica y relaciones abusivas,bạo lực gia đình và các mối quan hệ lạm dụng,häusliche Gewalt und missbräuchliche Beziehungen,العنف المنزلي والعلاقات المسيئة,家庭内暴力と虐待的な関係,घरेलू हिंसा और अपमानजनक रिश्ते
donation,donación,quyên góp,Spende,هبة,寄付,दान
dopamine,dopamina,dopamine,Dopamin,الدوبامين,ドーパミン,डोपामाइन
down syndrome,síndrome de Down,hội chứng Down,Down-Syndrom,متلازمة داون,ダウン症候群,डाउन सिंड्रोम
doxycycline,doxiciclina,doxycycline,Doxycyclin,دوكسيسايكلين,ドキシサイクリン,डॉक्सीसाइक्लिन
drinking alcohol,beber alcohol,uống rượu,Alkohol trinken,شرب الكحول,アルコールを飲む,शराब पीना
drinking water and your health,El agua potable y su salud,Nước uống và sức khỏe của bạn,Trinkwasser und Ihre Gesundheit,مياه الشرب وصحتك,飲料水とあなたの健康,पीने का पानी और आपका स्वास्थ्य
droughts,sequías,hạn hán,Dürren,الجفاف,干ばつ,सूखे
drowning,ahogo,chết đuối,Ertrinken,الغرق,溺死,डूबना
drug and alcohol rehabilitation,rehabilitación de drogas y alcohol,cai nghiện ma túy và rượu,Drogen- und Alkoholrehabilitation,إعادة تأهيل مدمني المخدرات والكحول,薬物・アルコール依存症のリハビリテーション,नशीली दवाओं और शराब का पुनर्वास
drug overdose,sobredosis de drogas,quá liều thuốc,Drogenüberdosis,جرعة زائدة من المخدرات,薬物過剰摂取,मात्रा से अधिक दवाई
drugs and alcohol,drogas y alcohol,ma túy và rượu,Drogen und Alkohol,المخدرات والكحول,薬物とアルコール,ड्रग्स और शराब
drugs and alcohol - how to help someone,Drogas y alcohol: cómo ayudar a alguien,Ma túy và rượu - cách giúp đỡ một người,Drogen und Alkohol – wie man jemandem helfen kann,المخدرات والكحول - كيفية مساعدة شخص ما,薬物とアルコール – 困っている人を助ける方法,नशीली दवाओं और शराब - किसी की मदद कैसे करें
drugs in sport,dopaje en el deporte,thuốc kích thích trong thể thao,Doping im Sport,المنشطات في الرياضة,スポーツにおける薬物使用,खेल में ड्रग्स
dry eyes,ojos secos,mắt khô,trockene Augen,جفاف العين,ドライアイ,सूखी आँखें
dry mouth syndrome,síndrome de boca seca,hội chứng khô miệng,Syndrom des trockenen Mundes,متلازمة جفاف الفم,ドライマウス症候群,मुंह सूखने का सिंड्रोम
dry orgasm,orgasmo seco,cực khoái khô,trockener Orgasmus,النشوة الجافة,ドライオーガズム,शुष्क संभोग
dry socket,alveolitis seca,ổ răng khô,Alveolitis sicca,جفاف تجويف السنخ,ドライソケット,शुष्क सॉकेट
duchenne muscular dystrophy,distrofia muscular de Duchenne,loạn dưỡng cơ Duchenne,Duchenne-Muskeldystrophie,ضمور دوشين العضلي,デュシェンヌ型筋ジストロフィー,ड्यूशेन मस्कुलर डिस्ट्रॉफी
duodenal ulcer,úlcera duodenal,loét tá tràng,Zwölffingerdarmgeschwür,قرحة الاثني عشر,十二指腸潰瘍,ग्रहणी फोड़ा
dupuytren's contracture,contractura de Dupuytren,chứng co cứng Dupuytren,Dupuytren-Kontraktur,تقفع دوبويتران,デュピュイトラン拘縮,डुप्यूट्रेंस कॉन्ट्रैक्चर
dupuytren's fasciectomy,fasciectomía de Dupuytren,phẫu thuật cắt bỏ màng Dupuytren,Dupuytren-Fasziektomie,استئصال اللفافة في داء دوبويتران,デュピュイトラン拘縮に対する筋膜切除術,डुप्यूट्रेंस फेशिएक्टॉमी
dust mites,ácaros del polvo,mạt bụi,Hausstaubmilben,عث الغبار,ダニ,धूल के कण
dust storms,tormentas de polvo,bão bụi,Staubstürme,عواصف ترابية,砂嵐,धूल भरी आंधी
dwarfism,enanismo,bệnh lùn,Kleinwuchs,التقزم,小人症,बौनापन
dying,muriendo,chết,sterben,الموت,死にゆく,मरना
dying at home,morir en casa,qua đời tại nhà,Sterben zu Hause,الموت في المنزل,自宅で最期を迎える,घर पर मृत्यु
dysarthria,disartria,chứng khó nói,Dysarthrie,عسر التلفظ,構音障害,डिसार्थ्रिया
dyslexia,dislexia,chứng khó đọc,Dyslexie,عسر القراءة,失読症,डिस्लेक्सिया
dysmenorrhoea,dismenorrea,đau bụng kinh,Dysmenorrhoe,عسر الطمث,月経困難症,कष्टार्तव
dysphagia,disfagia,khó nuốt,Dysphagie,عسر البلع,嚥下障害,निगलने में कठिनाई
trouble swallowing,problemas para tragar,nghẹn,Schluckbeschwerden,صعوبة في البلع,飲み込みにくさ,निगलने में तकलीफ
difficulty swallowing,dificultad para tragar,vướng họng,Schluckprobleme,مشاكل في البلع,喉がつまること,गले में अटकना
dyspnoea,disnea,khó thở,Atemnot,بحة في الصوت,呼吸困難,दमा
dyspraxia,dispraxia,rối loạn vận động,Dyspraxie,عسر الأداء الحركي,発達性協調運動障害,दुष्क्रिया
dystonia,distonía,loạn trương lực cơ,Dystonie,خلل التوتر العضلي,ジストニア,दुस्तानता
e-cigarettes,cigarrillos electrónicos,thuốc lá điện tử,E-Zigaretten,السجائر الإلكترونية,電子タバコ,ई-सिगरेट
e-health,salud electrónica,y tế điện tử,E-Health,الصحة الإلكترونية,eヘルス,ई-स्वास्थ्य
e. coli infection,infección por E. coli,nhiễm trùng E. coli,E. coli-Infektion,عدوى الإشريكية القولونية,大腸菌感染症,ई. कोलाई संक्रमण
ear diseases and disorders,enfermedades y trastornos del oído,các bệnh và rối loạn về tai,Ohrerkrankungen und -störungen,أمراض واضطرابات الأذن,耳の病気と障害,कान के रोग और विकार
ear thermometers,termómetros de oído,nhiệt kế đo tai,Ohrthermometer,موازين حرارة الأذن,耳式体温計,कान थर्मामीटर
ear wax,cera del oído,ráy tai,Ohrenschmalz,شمع الأذن,耳垢,कान का मैल
earache,dolor de oídos,đau tai,Ohrenschmerzen,ألم,耳痛,कान में दर्द
early onset dementia,demencia de inicio temprano,chứng mất trí nhớ khởi phát sớm,früh einsetzende Demenz,الخرف المبكر,若年性認知症,प्रारंभिक अवस्था में मनोभ्रंश
ears,orejas,tai,Ohren,آذان,耳,कान
eating disorders,trastornos de la alimentación,rối loạn ăn uống,Essstörungen,اضطرابات الأكل,摂食障害,भोजन विकार
eating disorders and body image,trastornos alimentarios e imagen corporal,rối loạn ăn uống và hình ảnh cơ thể,Essstörungen und Körperbild,اضطرابات الأكل وصورة الجسم,摂食障害と身体イメージ,खान-पान संबंधी विकार और शरीर की छवि
eating healthy,comer sano,ăn uống lành mạnh,gesunde Ernährung,تناول طعاماً صحياً,健康的な食事,स्वस्थ खाना
eating unsafe foods,comer alimentos no seguros,ăn thực phẩm không an toàn,Verzehr unsicherer Lebensmittel,تناول الأطعمة غير الآمنة,安全でない食品を食べる,असुरक्षित खाद्य पदार्थों का सेवन
eating well,comer bien,ăn uống tốt,gesund essen,تناول الطعام بشكل جيد,健康的な食事を摂る,अच्छा खाना
ebola virus,virus del ébola,virus Ebola,Ebola-Virus,فيروس إيبولا,エボラウイルス,इबोला वायरस
ecstasy,éxtasis,sự hưng phấn,Ekstase,نشوة,エクスタシー,परमानंद
ectopic pregnancy,embarazo ectópico,thai ngoài tử cung,Eileiterschwangerschaft,الحمل خارج الرحم,子宮外妊娠,एक्टोपिक गर्भावस्था
eczema,eczema,bệnh chàm,Ekzem,الأكزيما,湿疹,एक्जिमा
edwards syndrome,síndrome de Edwards,hội chứng Edwards,Edwards-Syndrom,متلازمة إدواردز,エドワーズ症候群,एडवर्ड्स सिंड्रोम
egg allergy,alergia al huevo,dị ứng trứng,Eierallergie,حساسية البيض,卵アレルギー,अंडे से एलर्जी
ehlers-danlos syndrome,síndrome de Ehlers-Danlos,hội chứng Ehlers-Danlos,Ehlers-Danlos-Syndrom,متلازمة إهلرز دانلوس,エーラース・ダンロス症候群,एहलर्स-डानलोस सिंड्रोम
elective caesarean section,cesárea electiva,mổ lấy thai theo yêu cầu,geplanter Kaiserschnitt,عملية قيصرية اختيارية,選択的帝王切開,ऐच्छिक सीज़ेरियन सेक्शन
elective splenectomy,esplenectomía electiva,cắt bỏ lách tự chọn,elektive Splenektomie,استئصال الطحال الاختياري,選択的脾臓摘出術,ऐच्छिक स्प्लेनेक्टोमी
electric shocks and burns,descargas eléctricas y quemaduras,điện giật và bỏng,Stromschläge und Verbrennungen,الصدمات الكهربائية والحروق,感電と火傷,बिजली के झटके और जलन
electrocardiogram,electrocardiograma,điện tâm đồ,Elektrokardiogramm,تخطيط كهربية القلب,心電図,इलेक्ट्रोकार्डियोग्राम
electroconvulsive therapy,terapia electroconvulsiva,liệu pháp sốc điện,Elektrokrampftherapie,العلاج بالصدمات الكهربائية,電気けいれん療法,विद्युत - चिकित्सा
electroencephalogram,electroencefalograma,điện não đồ,Elektroenzephalogramm,تخطيط كهربية الدماغ,脳波図,इलेक्ट्रोएन्सेफेलोग्राम
elephantiasis,elefantiasis,bệnh phù chân voi,Elefantiasis,داء الفيل,象皮病,फ़ीलपाँव
emergency contraception,anticoncepción de emergencia,biện pháp tránh thai khẩn cấp,Notfallverhütung,وسائل منع الحمل الطارئة,緊急避妊薬,आपातकालीन गर्भनिरोधक
emergency departments,departamentos de urgencias,khoa cấp cứu,Notaufnahmen,أقسام الطوارئ,救急外来,आपातकालीन विभाग
emotional abuse,abuso emocional,lạm dụng cảm xúc,emotionaler Missbrauch,الإساءة العاطفية,精神的虐待,भावनात्मक दुर्व्यवहार
emphysema,enfisema,khí phế thũng,Emphysem,انتفاخ الرئة,肺気腫,एम्फीसेमा
encephalitis,encefalitis,viêm não,Enzephalitis,التهاب الدماغ,脳炎,इंसेफेलाइटिस
encephalopathy,encefalopatía,bệnh não,Enzephalopathie,اعتلال الدماغ,脳症,मस्तिष्क विकृति
end of life health,salud al final de la vida,sức khỏe cuối đời,Gesundheit am Lebensende,الرعاية الصحية في نهاية العمر,終末期医療,जीवन के अंतिम चरण का स्वास्थ्य
endocarditis,endocarditis,viêm nội tâm mạc,Endokarditis,التهاب الشغاف,心内膜炎,एंडोकार्डिटिस
endocrine disorders and diseases,trastornos y enfermedades endocrinas,rối loạn và bệnh lý nội tiết,endokrine Störungen und Erkrankungen,اضطرابات وأمراض الغدد الصماء,内分泌障害および疾患,अंतःस्रावी विकार और रोग
endocrine system,sistema endocrino,hệ thống nội tiết,endokrines System,الجهاز الصمّاوي,内分泌系,अंत: स्रावी प्रणाली
endocrinologist,endocrinólogo,bác sĩ nội tiết,Endokrinologe,أخصائيو الغدد الصماء,内分泌専門医,एंडोक्राइनोलॉजिस्ट
endometrial biopsy,biopsia endometrial,sinh thiết nội mạc tử cung,Endometriumbiopsie,خزعة بطانة الرحم,子宮内膜生検,एंडोमेट्रियल बायोप्सी
endometrial cancer,cáncer de endometrio,ung thư nội mạc tử cung,Endometriumkarzinom,سرطان بطانة الرحم,子宮内膜がん,गर्भाशय कैंसर
endometriosis,endometriosis,lạc nội mạc tử cung,Endometriose,الانتباذ البطاني الرحمي,子宮内膜症,endometriosis
endoscopic sinus surgery,cirugía endoscópica de senos paranasales,phẫu thuật nội soi xoang,endoskopische Nasennebenhöhlenoperation,جراحة الجيوب الأنفية بالمنظار,内視鏡下副鼻腔手術,एंडोस्कोपिक साइनस सर्जरी
endoscopic ultrasound,ecografía endoscópica,siêu âm nội soi,endoskopischer Ultraschall,الموجات فوق الصوتية التنظيرية,内視鏡超音波検査,एंडोस्कोपिक अल्ट्रासाउंड
endoscopy,endoscopia,nội soi,Endoskopie,التنظير الداخلي,内視鏡検査,एंडोस्कोपी
endovenous ablation,ablación endovenosa,triệt mạch máu nội tĩnh mạch,endovenöse Ablation,الاستئصال الوريدي,血管内焼灼術,अंतःशिरा एब्लेशन
engorgement,congestión,sự sung huyết,Schwellung,امتلاء الجسم,充血,सूजन
enterovirus in children,enterovirus en niños,enterovirus ở trẻ em,Enteroviren bei Kindern,فيروس معوي عند الأطفال,小児におけるエンテロウイルス,बच्चों में एंटरोवायरस
entropion and ectropion repair,Reparación de entropión y ectropión,Phẫu thuật điều trị lật mi trong và lật mi ngoài,Entropium- und Ektropiumreparatur,إصلاح انقلاب الجفن الداخلي والخارجي,眼瞼内反症および眼瞼外反症の修復,एंट्रोपियन और एक्ट्रोपियन की मरम्मत
epididymitis,epididimitis,viêm mào tinh hoàn,Nebenhodenentzündung,التهاب البربخ,精巣上体炎,epididymitis
epidural anaesthetic,anestesia epidural,gây tê ngoài màng cứng,Epiduralanästhesie,التخدير فوق الجافية,硬膜外麻酔,एपिड्यूरल एनेस्थेटिक
epidural injection for chronic pain relief,Inyección epidural para el alivio del dolor crónico,Tiêm ngoài màng cứng để giảm đau mãn tính,Epidurale Injektion zur Linderung chronischer Schmerzen,حقن فوق الجافية لتسكين الألم المزمن,慢性疼痛緩和のための硬膜外注射,दीर्घकालिक दर्द से राहत के लिए एपिड्यूरल इंजेक्शन
epigastric hernia repair,reparación de hernia epigástrica,Phẫu thuật sửa chữa thoát vị thượng vị,Reparatur einer epigastrischen Hernie,إصلاح الفتق فوق المعدي,上腹部ヘルニア修復,एपिगैस्ट्रिक हर्निया की मरम्मत
epilepsy,epilepsia,động kinh,Epilepsie,الصرع,てんかん,मिरगी
epipen,Epipen,bút tiêm epinephrine,Epipen,إيبين,エピペン,कलम अधि
erectile dysfunction,disfunción eréctil,rối loạn cương dương,erektile Dysfunktion,الضعف الجنسي لدى الرجال,勃起不全,स्तंभन दोष
erectile dysfunction medicines,medicamentos para la disfunción eréctil,thuốc điều trị rối loạn cương dương,Medikamente gegen erektile Dysfunktion,أدوية ضعف الانتصاب,勃起不全治療薬,स्तंभन दोष की दवाएँ
erythema nodosum,eritema nodoso,hồng ban nốt sần,Erythema nodosum,الحمامى العقدية,結節性紅斑,एरिथेमा नोडोसम
erythromelalgia,eritromelalgia,chứng đỏ da đầu chi,Erythromelalgie,احمرار الأطراف المؤلم,紅斑性肢痛,एरिथ्रोमेलजिया
escript,escript,kịch bản,escript,نص إلكتروني,電子スクリプト,स्क्रिप्ट
essential tremor,temblor esencial,run vô căn,essentieller Tremor,الرعاش الأساسي,本態性振戦,आवश्यक कंपकंपी
etherapy,terapia electrónica,liệu pháp điện tử,E-Therapie,العلاج الإلكتروني,eセラピー,ईथेरेपी
excessive worry,preocupación excesiva,lo lắng quá mức,übermäßige Sorgen,قلق مفرط,過度の心配,अत्यधिक चिंता
excision biopsy of a breast lump,Biopsia por escisión de un bulto en el seno,sinh thiết cắt bỏ khối u vú,Exzisionsbiopsie eines Brustknotens,خزعة استئصالية لكتلة في الثدي,乳房腫瘤の切除生検,स्तन में गांठ की एक्सिशन बायोप्सी
excision of a ganglion,escisión de un ganglio,cắt bỏ hạch thần kinh,Exzision eines Ganglions,استئصال العقدة العصبية,神経節の切除,एक गैंग्लियन का निष्कासन
exercise,ejercicio,bài tập,Übung,يمارس,エクササイズ,व्यायाम
exercise and fitness,ejercicio y aptitud física,tập thể dục và thể hình,Bewegung und Fitness,التمارين واللياقة البدنية,運動とフィットネス,व्यायाम और फिटनेस
exercise and mental health,ejercicio y salud mental,tập thể dục và sức khỏe tinh thần,Bewegung und psychische Gesundheit,ممارسة الرياضة والصحة النفسية,運動とメンタルヘルス,व्यायाम और मानसिक स्वास्थ्य
exercise physiologist,fisiólogo del ejercicio,nhà sinh lý học thể dục,Sportphysiologe,أخصائي فسيولوجيا التمارين الرياضية,運動生理学者,व्यायाम शरीर क्रिया विज्ञानी
expired medicines,medicamentos caducados,thuốc hết hạn,abgelaufene Medikamente,الأدوية منتهية الصلاحية,期限切れの医薬品,समाप्त हो चुकी दवाइयाँ
expressing breast milk,extracción de leche materna,vắt sữa mẹ,Abpumpen von Muttermilch,شفط حليب الثدي,母乳を搾乳する,स्तन का दूध निकालना
external cardioversion,cardioversión externa,chuyển nhịp tim ngoài lồng ngực,externe Kardioversion,تقويم نظم القلب الخارجي,体外式除細動,बाह्य कार्डियोवर्जन
extreme weather,condiciones climáticas extremas,thời tiết khắc nghiệt,extremes Wetter,الطقس القاسي,異常気象,चरम मौसम
eye,ojo,mắt,Auge,عين,目,आँख
eye cancer,cáncer de ojo,ung thư mắt,Augenkrebs,سرطان العين,眼がん,आंखों का कैंसर
eye care,cuidado de los ojos,chăm sóc mắt,Augenpflege,العناية بالعيون,眼科医療,आंख की देखभाल
eye discharge,secreción ocular,dịch tiết mắt,Augenausfluss,إفرازات العين,目やに,आँखों से स्राव
eye diseases and conditions,enfermedades y afecciones oculares,các bệnh và tình trạng về mắt,Augenkrankheiten und -zustände,أمراض وحالات العيون,眼疾患および眼の状態,आँखों के रोग और स्थितियाँ
eye floaters,moscas volantes,ruồi bay trước mắt,Glaskörpertrübungen,عوائم العين,飛蚊症,आंख फैलानेवाला
eye infections,infecciones oculares,nhiễm trùng mắt,Augeninfektionen,التهابات العين,眼感染症,आँखों के संक्रमण
eye strain,fatiga ocular,mỏi mắt,Augenbelastung,إجهاد العين,眼精疲労,आंख पर जोर
eye tests,pruebas de la vista,kiểm tra mắt,Sehtests,فحوصات العين,眼科検査,नेत्र परीक्षण
eye-health,salud ocular,sức khỏe mắt,Augengesundheit,صحة العين,目の健康,नेत्र-स्वास्थ्य
eyes,ojos,mắt,Augen,عيون,目,आँखें
fabry disease,enfermedad de Fabry,bệnh Fabry,Fabry-Krankheit,مرض فابري,ファブリー病,फैब्री रोग
face masks,mascarillas faciales,khẩu trang,Gesichtsmasken,أقنعة الوجه,フェイスマスク,चेहरे का मास्क
facelift,lifting facial,nâng cơ mặt,Facelift,عملية شد الوجه,フェイスリフト,नया रूप
facet joint injection,inyección en la articulación facetaria,tiêm khớp liên mấu,Facettengelenksinjektion,حقنة المفصل الوجيهي,椎間関節注射,फेसेट जॉइंट इंजेक्शन
facial bone fractures,fracturas de huesos faciales,gãy xương mặt,Gesichtsknochenbrüche,كسور عظام الوجه,顔面骨折,चेहरे की हड्डियों में फ्रैक्चर
facial droop,caída facial,sụp mí mắt,Gesichtslähmung,تدلي الوجه,顔のたるみ,चेहरे का झुकाव
facial injury,lesión facial,chấn thương mặt,Gesichtsverletzung,إصابة في الوجه,顔面外傷,चेहरे पर चोट
faecal incontinence,incontinencia fecal,không kiểm soát được phân,Stuhlinkontinenz,سلس البراز,便失禁,मल असंयम
falls,cascadas,thác,Falls,السقوط,滝,फॉल्स
family health history,antecedentes familiares de salud,tiền sử sức khỏe gia đình,Familiengesundheitsgeschichte,التاريخ الصحي للعائلة,家族の健康歴,पारिवारिक स्वास्थ्य इतिहास
family planning,planificación familiar,kế hoạch hóa gia đình,Familienplanung,تنظيم الأسرة,家族計画,परिवार नियोजन
farmer health,salud del agricultor,sức khỏe nông dân,Gesundheit der Landwirte,صحة المزارعين,農家の健康,किसान स्वास्थ्य
fasd,Fasd,fasd,fasd,fasd,fasd,fasd
fasting for tests,ayuno para pruebas,nhịn ăn để xét nghiệm,Fasten für Tests,الصيام قبل الاختبارات,検査のための絶食,परीक्षा के लिए उपवास
fat,gordo,mập,fett,سمين,脂肪,मोटा
fatigue,fatiga,mệt mỏi,Fatigue,إعياء,疲労,थकान
exhaustion,agotamiento,kiệt sức,Erschöpfung,إرهاق شديد,倦態感,थकावट
tiredness,cansancio,mệt rã rời,Müdigkeit,تعب,お疲れ,कमजोरी
feeling run down,estar derrengado,đuối sức,Abgeschlagenheit,خمول,体がだるいこと,सुस्ती
fats,grasas,chất béo,Fette,الدهون,脂肪,वसा
fatty liver,hígado graso,gan nhiễm mỡ,Fettleber,الكبد الدهني,脂肪肝,फैटी लीवर
favism,favismo,bệnh thiếu máu tán huyết,Favismus,الفافية,ファビズム,फेविज़्म
febrile seizure,convulsión febril,cơn co giật do sốt,Fieberkrampf,نوبة حمى,熱性けいれん,बुखार के दौरे
feeding your newborn baby,alimentar a tu bebé recién nacido,cho trẻ sơ sinh ăn,Füttern Ihres Neugeborenen,إطعام طفلك حديث الولادة,新生児に授乳する,अपने नवजात शिशु को दूध पिलाना
feeling restless,sensación de inquietud,cảm thấy bồn chồn,Unruhegefühl,الشعور بالأرق,落ち着かない,बेचैनी महसूस हो रही है
feeling worthless,sentirse inútil,cảm thấy vô giá trị,sich wertlos fühlen,الشعور بانعدام القيمة,自分に価値がないと感じる,बेकार महसूस करना
female health,salud femenina,sức khỏe phụ nữ,Frauengesundheit,صحة المرأة,女性の健康,महिला स्वास्थ्य
female libido,libido femenina,ham muốn tình dục nữ,weibliche Libido,الرغبة الجنسية لدى النساء,女性の性欲,महिला कामेच्छा
female orgasm,orgasmo femenino,cực khoái nữ,weiblicher Orgasmus,النشوة الجنسية لدى المرأة,女性のオーガズム,महिला ऑर्गेज्म
female pattern hair loss,alopecia femenina,rụng tóc theo kiểu nữ,weiblicher Haarausfall,تساقط الشعر النمطي لدى النساء,女性型脱毛症,महिलाओं में होने वाला बालों का झड़ना
female reproductive system,sistema reproductor femenino,hệ sinh sản nữ,weibliches Fortpflanzungssystem,الجهاز التناسلي الأنثوي,女性生殖器系,महिला प्रजनन प्रणाली
female sexual problems,problemas sexuales femeninos,các vấn đề tình dục ở nữ giới,weibliche Sexualprobleme,المشاكل الجنسية لدى النساء,女性の性的な問題,महिलाओं की यौन समस्याएं
female sterilisation,esterilización femenina,triệt sản nữ,Sterilisation der Frau,تعقيم الإناث,女性の不妊手術,महिला बंध्याकरण
femoral hernia repair,reparación de hernia femoral,phẫu thuật sửa chữa thoát vị đùi,Femoralhernienreparatur,إصلاح الفتق الفخذي,大腿ヘルニア修復,फीमोरल हर्निया की मरम्मत
fentanyl,fentanilo,fentanyl,Fentanyl,الفنتانيل,フェンタニル,फेंटानिल
fertility awareness,conocimiento de la fertilidad,nhận thức về khả năng sinh sản,Fruchtbarkeitsbewusstsein,الوعي بالخصوبة,妊孕性認識,प्रजनन जागरूकता
fetal alcohol spectrum disorder,trastorno del espectro alcohólico fetal,rối loạn phổ rượu bào thai,fetale Alkoholspektrumstörung,اضطرابات طيف الكحول الجنيني,胎児性アルコールスペクトラム障害,भ्रूण अल्कोहल स्पेक्ट्रम विकार
fever in babies and children,fiebre en bebés y niños,sốt ở trẻ sơ sinh và trẻ em,Fieber bei Säuglingen und Kindern,الحمى عند الرضع والأطفال,乳幼児の発熱,शिशुओं और बच्चों में बुखार
fever in children,fiebre en niños,sốt ở trẻ em,Fieber bei Kindern,الحمى عند الأطفال,小児の発熱,बच्चों में बुखार
fibre,fibra,sợi,Faser,الفيبر,ファイバ,फाइबर
fibroids,fibromas,u xơ tử cung,Myome,الأورام الليفية,子宮筋腫,फाइब्रॉएड
fibromyalgia,fibromialgia,hội chứng đau cơ xơ hóa,Fibromyalgie,الألم العضلي الليفي,線維筋痛症,fibromyalgia
fifth disease,quinta enfermedad,bệnh thứ năm,fünfte Krankheit,المرض الخامس,第五の病気,पांचवा रोग
fillings,empastes,trám răng,Füllungen,الحشوات,詰め物,भराई
financial stress,estrés financiero,áp lực tài chính,finanzieller Stress,الضغوط المالية,経済的ストレス,वित्तीय तनाव
financial support during long-term illness,apoyo financiero durante una enfermedad prolongada,Hỗ trợ tài chính trong thời gian ốm đau dài hạn,finanzielle Unterstützung bei Langzeiterkrankung,الدعم المالي أثناء المرض طويل الأمد,長期療養中の経済的支援,दीर्घकालीन बीमारी के दौरान वित्तीय सहायता
finding the right health professional,encontrar al profesional de la salud adecuado,tìm kiếm chuyên gia y tế phù hợp,den richtigen Gesundheitsexperten finden,إيجاد أخصائي الرعاية الصحية المناسب,適切な医療専門家を見つける,सही स्वास्थ्य पेशेवर को ढूंढना
fire safety in your home,seguridad contra incendios en su hogar,an toàn phòng cháy chữa cháy trong nhà bạn,Brandschutz in Ihrem Zuhause,السلامة من الحرائق في منزلك,ご自宅での火災安全対策,आपके घर में अग्नि सुरक्षा
first aid advice,consejos de primeros auxilios,lời khuyên sơ cứu,Erste-Hilfe-Tipps,نصائح الإسعافات الأولية,応急処置に関するアドバイス,प्राथमिक उपचार संबंधी सलाह
first aid basics,conceptos básicos de primeros auxilios,những kiến ​​thức sơ cứu cơ bản,Grundlagen der Ersten Hilfe,أساسيات الإسعافات الأولية,応急処置の基礎知識,प्राथमिक चिकित्सा की मूल बातें
first aid kits,botiquines de primeros auxilios,bộ sơ cứu,Erste-Hilfe-Sets,حقائب الإسعافات الأولية,救急箱,प्राथमिक चिकित्सा किट
fitness,aptitud física,sự thích hợp,Fitness,لياقة بدنية,フィットネス,उपयुक्तता
fitness and exercise,aptitud física y ejercicio,thể dục và tập luyện,Fitness und Bewegung,اللياقة البدنية والتمارين الرياضية,フィットネスとエクササイズ,फिटनेस और व्यायाम
flat feet,pies planos,bàn chân phẳng,Plattfüße,القدم المسطحة,扁平足,सपाट पैर
flatulence,flatulencia,đầy hơi,Blähung,انتفاخ البطن,鼓腸,पेट फूलना
flexible cystoscopy,cistoscopia flexible,nội soi bàng quang mềm,flexible Zystoskopie,تنظير المثانة المرن,軟性膀胱鏡検査,लचीली सिस्टोस्कोपी
flexible sigmoidoscopy,sigmoidoscopia flexible,nội soi đại tràng sigma mềm,flexible Sigmoidoskopie,تنظير القولون السيني المرن,フレキシブルS状結腸鏡検査,लचीली सिग्मोइडोस्कोपी
floods and cyclone health risks,riesgos para la salud derivados de inundaciones y ciclones,rủi ro về sức khỏe do lũ lụt và lốc xoáy,Gesundheitsrisiken durch Überschwemmungen und Zyklone,مخاطر الفيضانات والأعاصير على الصحة,洪水とサイクロンによる健康リスク,बाढ़ और चक्रवात से होने वाले स्वास्थ्य जोखिम
floods and cyclones health and safety,Inundaciones y ciclones: salud y seguridad,"lũ lụt và lốc xoáy, sức khỏe và an toàn",Gesundheit und Sicherheit bei Überschwemmungen und Zyklonen,الصحة والسلامة في حالات الفيضانات والأعاصير,洪水とサイクロンにおける健康と安全,"बाढ़ और चक्रवात, स्वास्थ्य और सुरक्षा"
flu and colds,gripe y resfriados,cúm và cảm lạnh,Grippe und Erkältungen,الإنفلونزا ونزلات البرد,インフルエンザと風邪,फ्लू और सर्दी
flu and colds during pregnancy and breastfeeding,gripe y resfriados durante el embarazo y la lactancia,cảm cúm và cảm lạnh trong thời kỳ mang thai và cho con bú,Grippe und Erkältungen während Schwangerschaft und Stillzeit,الإنفلونزا ونزلات البرد أثناء الحمل والرضاعة الطبيعية,妊娠中および授乳中のインフルエンザと風邪,गर्भावस्था और स्तनपान के दौरान फ्लू और सर्दी-जुकाम
flu prevention tips,Consejos para prevenir la gripe,Mẹo phòng ngừa cúm,Tipps zur Grippeprävention,نصائح للوقاية من الإنفلونزا,インフルエンザ予防のヒント,फ्लू से बचाव के सुझाव
flu vaccine faqs,Preguntas frecuentes sobre la vacuna contra la gripe,Câu hỏi thường gặp về vắc-xin cúm,Grippeimpfung – Häufig gestellte Fragen,الأسئلة الشائعة حول لقاح الإنفلونزا,インフルエンザワクチンに関するよくある質問,फ्लू वैक्सीन से संबंधित अक्सर पूछे जाने वाले प्रश्न
fluid from the ear,líquido del oído,dịch từ tai,Flüssigkeit aus dem Ohr,سائل من الأذن,耳からの液体,कान से तरल पदार्थ
folate,folato,folate,Folsäure,حمض الفوليك,葉酸,फोलेट
folate test,prueba de folato,xét nghiệm folate,Folsäuretest,اختبار حمض الفوليك,葉酸検査,फोलेट परीक्षण
follicle stimulating hormone,hormona folículo estimulante,hormone kích thích nang trứng,Follikelstimulierendes Hormon,الهرمون المنبه للجريب,卵胞刺激ホルモン,कूप उत्तेजक हार्मोन
folliculitis,foliculitis,viêm nang lông,Follikulitis,التهاب الجريبات,毛包炎,लोम
food,alimento,đồ ăn,Essen,طعام,食べ物,खाना
food allergies,alergias alimentarias,dị ứng thực phẩm,Lebensmittelallergien,الحساسية الغذائية,食物アレルギー,खाद्य प्रत्युर्जता
food groups,grupos de alimentos,nhóm thực phẩm,Lebensmittelgruppen,المجموعات الغذائية,食品群,खाद्य समूह
food intolerance and testing,Intolerancia alimentaria y pruebas,không dung nạp thực phẩm và xét nghiệm,Nahrungsmittelunverträglichkeit und Tests,عدم تحمل الطعام والاختبارات,食物不耐性と検査,खाद्य असहिष्णुता और परीक्षण
food labels,etiquetas de alimentos,nhãn thực phẩm,Lebensmittelkennzeichnungen,ملصقات الطعام,食品ラベル,खाद्य लेबल
food poisoning,intoxicación alimentaria,ngộ độc thực phẩm,Lebensmittelvergiftung,التسمم الغذائي,食中毒,विषाक्त भोजन
food safety,seguridad alimentaria,an toàn thực phẩm,Lebensmittelsicherheit,سلامة الغذاء,食品安全,खाद्य सुरक्षा
food safety guide,guía de seguridad alimentaria,hướng dẫn an toàn thực phẩm,Leitfaden zur Lebensmittelsicherheit,دليل سلامة الغذاء,食品安全ガイド,खाद्य सुरक्षा मार्गदर्शिका
foods high in iodine,alimentos ricos en yodo,thực phẩm giàu iốt,jodreiche Lebensmittel,الأطعمة الغنية باليود,ヨウ素を多く含む食品,आयोडीन से भरपूर खाद्य पदार्थ
foods high in iron,alimentos ricos en hierro,thực phẩm giàu chất sắt,eisenreiche Lebensmittel,أطعمة غنية بالحديد,鉄分を多く含む食品,आयरन से भरपूर खाद्य पदार्थ
foods high in magnesium,alimentos ricos en magnesio,thực phẩm giàu magie,magnesiumreiche Lebensmittel,أطعمة غنية بالمغنيسيوم,マグネシウムを多く含む食品,मैग्नीशियम से भरपूर खाद्य पदार्थ
foods high in potassium,alimentos ricos en potasio,thực phẩm giàu kali,kaliumreiche Lebensmittel,أطعمة غنية بالبوتاسيوم,カリウムを多く含む食品,पोटेशियम से भरपूर खाद्य पदार्थ
foods high in zinc,alimentos ricos en zinc,thực phẩm giàu kẽm,zinkreiche Lebensmittel,أطعمة غنية بالزنك,亜鉛を多く含む食品,जस्ता से भरपूर खाद्य पदार्थ
foot care,cuidado de los pies,chăm sóc bàn chân,Fußpflege,العناية بالقدمين,フットケア,पांव की देखभाल
foot fracture,fractura de pie,gãy xương bàn chân,Fußfraktur,كسر في القدم,足の骨折,पैर में फ्रैक्चर
fractures,fracturas,gãy xương,Frakturen,الكسور,骨折,भंग
fragile x syndrome,síndrome del cromosoma X frágil,hội chứng nhiễm sắc thể X dễ vỡ,Fragiles-X-Syndrom,متلازمة إكس الهشة,脆弱X症候群,नाजुक एक्स सिंड्रोम
frequent urination,micción frecuente,đi tiểu thường xuyên,häufiges Wasserlassen,كثرة التبول,頻尿,जल्दी पेशाब आना
frontotemporal dementia,demencia frontotemporal,chứng mất trí nhớ thùy trán thái dương,frontotemporale Demenz,الخرف الجبهي الصدغي,前頭側頭型認知症,फ्रंटोटेम्पोरल मनोभ्रंश
frostbite,congelación,tê cóng,Erfrierung,قضمة الصقيع,凍傷,शीतदंश
frozen shoulder,hombro congelado,vai đông cứng,Schultersteife,الكتف المتجمد,五十肩,जमे हुए कंधे
full blood count,hemograma completo,xét nghiệm máu toàn phần,vollständiges Blutbild,تعداد الدم الكامل,全血球数,पूर्ण रक्त गणना
fungal infections,infecciones por hongos,nhiễm trùng nấm,Pilzinfektionen,العدوى الفطرية,真菌感染症,कवकीय संक्रमण
gallstones,cálculos biliares,sỏi mật,Gallensteine,حصى المرارة,胆石,पित्ताशय की पथरी
gambling addiction,adicción al juego,nghiện cờ bạc,Spielsucht,إدمان القمار,ギャンブル依存症,जुए की लत
ganglion cyst,quiste ganglionar,u nang hạch,Ganglionzyste,كيسة عقدية,ガングリオン嚢胞,नाड़ीग्रन्थि पुटी
garcinia cambogia,garcinia cambogia,garcinia cambogia,Garcinia Cambogia,غارسينيا كامبوجيا,ガルシニアカンボジア,गार्सिनिया कैंबोगिया
gardnerella,gardnerella,gardnerella,Gardnerella,غاردنريلا,ガードネレラ,गर्द्नेरेल्ला
gastric bypass,bypass gástrico,phẫu thuật nối tắt dạ dày,Magenbypass,تحويل مسار المعدة,胃バイパス,गैस्ट्रिक बाईपास
gastric sleeve surgery,cirugía de manga gástrica,phẫu thuật cắt bỏ một phần dạ dày,Schlauchmagenoperation,جراحة تكميم المعدة,胃スリーブ手術,गैस्ट्रिक स्लीव सर्जरी
gastritis,gastritis,viêm dạ dày,Gastritis,التهاب المعدة,胃炎,gastritis
gastritis medicines,medicamentos para la gastritis,thuốc trị viêm dạ dày,Medikamente gegen Gastritis,أدوية التهاب المعدة,胃炎の薬,गैस्ट्राइटिस की दवाइयाँ
gastro intestinal illnesses,enfermedades gastrointestinales,bệnh lý đường tiêu hóa,Magen-Darm-Erkrankungen,أمراض الجهاز الهضمي,胃腸疾患,आंत्र संबंधी बीमारियाँ
gastrointestinal bleeding,hemorragia gastrointestinal,xuất huyết đường tiêu hóa,gastrointestinale Blutungen,نزيف الجهاز الهضمي,消化管出血,गैस्ट्रोइंटेस्टाइनल रक्तस्राव
gastroparesis,gastroparesia,liệt dạ dày,Gastroparese,خزل المعدة,胃不全麻痺,gastroparesis
gastroscopy,gastroscopia,nội soi dạ dày,Gastroskopie,التنظير المعدي,胃内視鏡検査,गैस्ट्रोस्कोपी
gender affirming surgery,cirugía de afirmación de género,phẫu thuật chuyển đổi giới tính,geschlechtsangleichende Operation,جراحة تأكيد الجنس,性別適合手術,लिंग पुष्टि सर्जरी
gender incongruence,incongruencia de género,sự không phù hợp về giới tính,Geschlechtsinkongruenz,عدم التوافق بين الجنسين,性別不一致,लिंग असंगति
general anaesthetic,anestesia general,gây mê toàn thân,Vollnarkose,التخدير العام,全身麻酔,जनरल एनेस्थेटिक
generalised anxiety disorder,trastorno de ansiedad generalizada,rối loạn lo âu lan tỏa,generalisierte Angststörung,اضطراب القلق العام,全般性不安障害,सामान्यीकृत चिंता विकार
generic vs. brand-name medicines,Medicamentos genéricos frente a medicamentos de marca,thuốc gốc so với thuốc biệt dược,Generika vs. Markenmedikamente,الأدوية الجنيسة مقابل الأدوية ذات العلامات التجارية,ジェネリック医薬品とブランド医薬品,जेनेरिक बनाम ब्रांडेड दवाएं
genetic disorders,trastornos genéticos,rối loạn di truyền,genetische Störungen,الاضطرابات الوراثية,遺伝性疾患,आनुवंशिक विकार
genetic disorders guide,guía sobre trastornos genéticos,hướng dẫn về rối loạn di truyền,Leitfaden zu genetischen Erkrankungen,دليل الاضطرابات الوراثية,遺伝性疾患ガイド,आनुवंशिक विकार मार्गदर्शिका
genetic testing,pruebas genéticas,xét nghiệm di truyền,Gentests,الاختبارات الجينية,遺伝子検査,आनुवंशिक परीक्षण
genital herpes,herpes genital,mụn rộp sinh dục,Genitalherpes,الهربس التناسلي,性器ヘルペス,जननांग परिसर्प
genital thrush in males,candidiasis genital en varones,bệnh nấm sinh dục ở nam giới,Genitalpilz bei Männern,داء المبيضات التناسلي عند الذكور,男性の性器カンジダ症,पुरुषों में जननांग थ्रश
genital warts,verrugas genitales,mụn cóc sinh dục,Genitalwarzen,الثآليل التناسلية,性器いぼ,जननांग मस्सा
geriatrician,geriatra,bác sĩ lão khoa,Geriater,طبيب متخصص في طب الشيخوخة,老年医学専門医,जराचिकित्सक
german measles,sarampión alemán,bệnh sởi Đức,Röteln,الحصبة الألمانية,風疹,जर्मन खसरा
gestational diabetes,diabetes gestacional,tiểu đường thai kỳ,Schwangerschaftsdiabetes,سكري الحمل,妊娠糖尿病,गर्भावस्थाजन्य मधुमेह
getting active,ponerse en actividad,trở nên năng động,aktiv werden,النشاط البدني,アクティブになる,सक्रिय होना
getting the most out of your pharmacist,Cómo sacar el máximo provecho de su farmacéutico,Tận dụng tối đa dịch vụ dược sĩ của bạn,So holen Sie das Beste aus Ihrem Apotheker heraus,تحقيق أقصى استفادة من خدمات الصيدلي,薬剤師を最大限に活用する方法,अपने फार्मासिस्ट से अधिकतम लाभ प्राप्त करना
ghb,ghb,ghb,ghb,غاما هيدروكسي بوتيرات,ghb,जीएचबी
giardiasis,giardiasis,bệnh giardia,Giardiasis,داء الجيارديات,ジアルジア症,गियार्डियासिस
gigantism,gigantismo,bệnh khổng lồ,Gigantismus,العملقة,巨人症,gigantism
gilbert's syndrome,síndrome de Gilbert,hội chứng Gilbert,Gilbert-Syndrom,متلازمة جيلبرت,ギルバート症候群,गिल्बर्ट सिंड्रोम
gingivitis,gingivitis,viêm nướu,Gingivitis,التهاب اللثة,歯肉炎,मसूड़े की सूजन
gum disease,enfermedad de las encías,sưng nướu,Zahnfleischentzündung,مرض اللثة,歯周病,मसूड़ों की बीमारी
swollen gums,encías inflamadas,chảy máu chân răng,geschwollenes Zahnfleisch,لثة منتفخة,歯茎の腫れ,सूजे हुए मसूड़े
giving birth - contractions,dar a luz - contracciones,sinh nở - các cơn co thắt,Geburt - Wehen,الولادة - الانقباضات,出産 - 陣痛,प्रसव - संकुचन
glandular fever,fiebre glandular,sốt tuyến,Pfeiffersches Drüsenfieber,الحمى الغدية,伝染性単核球症,ग्रंथी वाला बुखार
glaucoma,glaucoma,bệnh tăng nhãn áp,Glaukom,الجلوكوما,緑内障,ग्लूकोमा
glaucoma surgery,cirugía de glaucoma,phẫu thuật điều trị bệnh tăng nhãn áp,Glaukomoperation,جراحة الجلوكوما,緑内障手術,ग्लूकोमा सर्जरी
gliomas in children,gliomas en niños,u thần kinh đệm ở trẻ em,Gliome bei Kindern,الأورام الدبقية عند الأطفال,小児の神経膠腫,बच्चों में ग्लियोमा
glossary,glosario,bảng thuật ngữ,Glossar,مسرد المصطلحات,用語集,शब्दकोष
glue ear,oído serogénico,tai dính,Kleberohr,التهاب الأذن الوسطى,耳垢栓塞,गोंद कान
gluten-free diet,dieta sin gluten,chế độ ăn không chứa gluten,glutenfreie Ernährung,نظام غذائي خالٍ من الغلوتين,グルテンフリーダイエット,ग्लूटेन-मुक्त आहार
glycaemic index,índice glucémico,chỉ số đường huyết,glykämischer Index,مؤشر نسبة السكر في الدم,血糖指数,ग्लाइसेमिक सूचकांक
goal setting,establecimiento de objetivos,thiết lập mục tiêu,Zielsetzung,تحديد الأهداف,目標設定,लक्ष्य की स्थापना
going home from hospital,Regreso a casa desde el hospital.,xuất viện về nhà,Entlassung aus dem Krankenhaus,العودة إلى المنزل من المستشفى,病院から帰宅する,अस्पताल से घर जा रहे हैं
goitre,coto,bướu cổ,Kropf,تضخم الغدة الدرقية,甲状腺腫,गण्डमाला
gonorrhoea,gonorrea,bệnh lậu,Tripper,السيلان,淋病,सूजाक
good mental health,buena salud mental,sức khỏe tinh thần tốt,gute psychische Gesundheit,الصحة النفسية الجيدة,良好な精神状態,अच्छा मानसिक स्वास्थ्य
gord,Gord,quả bầu,Gord,جورد,ゴード,गॉर्ड
gout,gota,bệnh gout,Gicht,النقرس,痛風,गाउट
gout medication,medicamentos para la gota,thuốc trị bệnh gút,Gichtmedikamente,دواء النقرس,痛風治療薬,गाउट की दवा
gp,médico de cabecera,bác sĩ gia đình,Hausarzt,طبيب عام,gp,जीपी
gp urgent care,atención de urgencias del médico de cabecera,bác sĩ đa khoa chăm sóc khẩn cấp,Hausarzt-Notfallambulanz,رعاية طبية عاجلة من طبيب عام,かかりつけ医の緊急診療,सामान्य चिकित्सक आपातकालीन देखभाल
granuloma,granuloma,u hạt,Granulom,الورم الحبيبي,肉芽腫,ग्रेन्युलोमा
grass allergy,alergia al césped,dị ứng cỏ,Gräserallergie,حساسية العشب,草アレルギー,घास से एलर्जी
graves' disease,enfermedad de Graves,bệnh Graves,Morbus Basedow,مرض جريفز,バセドウ病,कब्र रोग
grazes,pastorea,chăn thả,Weiden,الرعي,かじりつく,चराता
greater trochanteric pain syndrome,síndrome de dolor trocantérico mayor,hội chứng đau mấu chuyển lớn,Schmerzsyndrom des Trochanter major,متلازمة ألم المدور الكبير,大転子痛症候群,ग्रेटर ट्रोकेन्टेरिक दर्द सिंड्रोम
grief,dolor,nỗi đau buồn,Kummer,حزن,悲しみ,दु: ख
grief before death,duelo antes de la muerte,nỗi đau buồn trước khi chết,Trauer vor dem Tod,الحزن قبل الموت,死に先立つ悲しみ,मृत्यु से पहले का शोक
groin irritation and infection,Irritación e infección en la ingle,kích ứng và nhiễm trùng vùng bẹn,Reizung und Infektion im Leistenbereich,تهيج والتهاب منطقة الفخذ,鼠径部の炎症と感染症,जांघों में जलन और संक्रमण
groin pain or swelling,dolor o hinchazón en la ingle,Đau hoặc sưng háng,Schmerzen oder Schwellung in der Leistengegend,ألم أو تورم في منطقة الفخذ,鼠径部の痛みまたは腫れ,कमर में दर्द या सूजन
grommets,ojales,khoen,Ösen,حلقات تثبيت,ハトメ,ग्रोमेट्स
group a streptococcal infection,infección estreptocócica del grupo A,nhiễm trùng liên cầu khuẩn nhóm A,Gruppe-A-Streptokokkeninfektion,عدوى المكورات العقدية من المجموعة أ,A群連鎖球菌感染症,समूह ए स्ट्रेप्टोकोकल संक्रमण
group b streptococcal infection,infección por estreptococo del grupo B,nhiễm trùng liên cầu khuẩn nhóm B,Infektion mit Streptokokken der Gruppe B,عدوى المكورات العقدية من المجموعة ب,B群連鎖球菌感染症,समूह बी स्ट्रेप्टोकोकल संक्रमण
group exercise,ejercicio en grupo,bài tập nhóm,Gruppenübung,تمرين جماعي,グループエクササイズ,समूह अभ्यास
growth disorders,trastornos del crecimiento,rối loạn tăng trưởng,Wachstumsstörungen,اضطرابات النمو,成長障害,विकास संबंधी विकार
guide dogs,perros guía,chó dẫn đường,Blindenhunde,كلاب الإرشاد,盲導犬,गाइड कुत्तों
guide to cosmetic surgery,Guía de cirugía estética,hướng dẫn về phẫu thuật thẩm mỹ,Leitfaden zur Schönheitschirurgie,دليل جراحة التجميل,美容整形ガイド,कॉस्मेटिक सर्जरी के लिए गाइड
guide to dental procedures,guía de procedimientos dentales,hướng dẫn về các thủ thuật nha khoa,Leitfaden zu zahnärztlichen Eingriffen,دليل إجراءات طب الأسنان,歯科処置ガイド,दंत चिकित्सा प्रक्रियाओं के लिए मार्गदर्शिका
guillain-barre syndrome,síndrome de Guillain-Barré,hội chứng Guillain-Barré,Guillain-Barré-Syndrom,متلازمة غيلان باريه,ギランバレー症候群,गिलियन-बैरे सिंड्रोम
gut health,salud intestinal,sức khỏe đường ruột,Darmgesundheit,صحة الأمعاء,腸内環境,आंतों का स्वास्थ्य
gut pain,dolor de estómago,đau bụng,Bauchschmerzen,ألم في المعدة,腹痛,पेट में दर्द
gynaecologist,ginecólogo,bác sĩ phụ khoa,Gynäkologe,طبيب نسائي,婦人科医,प्रसूतिशास्री
gynaecomastia,ginecomastia,chứng vú to ở nam giới,Gynäkomastie,التثدي,女性化乳房,गाइनेकोमैस्टिया
gynaecomastia surgery,cirugía de ginecomastia,phẫu thuật điều trị chứng vú to ở nam giới,Gynäkomastie-Operation,جراحة التثدي,女性化乳房手術,गाइनेकोमास्टिया सर्जरी
haemochromatosis,hemocromatosis,bệnh nhiễm sắc tố sắt,Hämochromatose,داء ترسب الأصبغة الدموية,ヘモクロマトーシス,हीमोक्रोमैटोसिस
haemolytic uraemic syndrome,síndrome urémico hemolítico,hội chứng tan máu urê huyết,hämolytisch-urämisches Syndrom,متلازمة انحلال الدم اليوريمي,溶血性尿毒症症候群,हीमोलिटिक यूरेमिक सिंड्रोम
haemophilia,hemofilia,bệnh máu khó đông,Hämophilie,الهيموفيليا,血友病,हीमोफीलिया
haemophilus influenzae type b,Haemophilus influenzae tipo b,Haemophilus influenzae loại b,Haemophilus influenzae Typ b,المستدمية النزلية من النوع ب,インフルエンザ菌b型,हीमोफिलस इन्फ्लुएंजा टाइप बी
haemoptysis,hemoptisis,ho ra máu,Hämoptyse,نفث الدم,喀血,हेमोटाईसिस
haemorrhoidectomy,hemorroidectomía,phẫu thuật cắt bỏ trĩ,Hämorrhoidektomie,استئصال البواسير,痔核切除術,बवासीर का ऑपरेशन
haemorrhoids,hemorroides,bệnh trĩ,Hämorrhoiden,البواسير,痔,अर्श
hair problems,problemas capilares,các vấn đề về tóc,Haarprobleme,مشاكل الشعر,髪の悩み,बालों की समस्याएं
hair transplant,trasplante de cabello,cấy ghép tóc,Haartransplantation,زراعة الشعر,植毛,बाल प्रत्यारोपण
hairloss,pérdida de cabello,rụng tóc,Haarausfall,تساقط الشعر,脱毛,बालों का झड़ना
halitosis,halitosis,hôi miệng,Mundgeruch,رائحة الفم الكريهة,口臭,मुंह से दुर्गंध
hallucination,alucinación,ảo giác,Halluzination,هلوسة,幻覚,माया
hand and finger fractures,fracturas de manos y dedos,gãy xương bàn tay và ngón tay,Hand- und Fingerfrakturen,كسور في اليد والأصابع,手と指の骨折,हाथ और उंगलियों में फ्रैक्चर
hand foot and mouth disease,"enfermedad de manos, pies y boca",bệnh tay chân miệng,Hand-Fuß-Mund-Krankheit,مرض اليد والقدم والفم,手足口病,हाथ पैर और मुंह की बीमारी
hand washing,lavarse las manos,rửa tay,Händewaschen,غسل اليدين,手洗い,हाथ धोना
hansen’s disease,enfermedad de Hansen,bệnh phong,Hansen-Krankheit,مرض هانسن,ハンセン病,हैनसेन रोग
hashimoto's disease,enfermedad de Hashimoto,bệnh Hashimoto,Hashimoto-Krankheit,مرض هاشيموتو,橋本病,हाशिमोटो रोग
hba1c test,prueba de hbA1c,xét nghiệm hba1c,HbA1c-Test,اختبار الهيموجلوبين السكري (HbA1c),HbA1c検査,एचबीए1सी परीक्षण
hcg levels,niveles de hCG,nồng độ hCG,hCG-Spiegel,مستويات هرمون الحمل,hCGレベル,एचसीजी स्तर
hcg test,prueba de hCG,xét nghiệm hCG,hCG-Test,اختبار هرمون الحمل,hCG検査,एचसीजी परीक्षण
head injuries,lesiones en la cabeza,chấn thương đầu,Kopfverletzungen,إصابات الرأس,頭部外傷,सिर की चोटें
head lice,piojos,chấy trên đầu,Kopfläuse,قمل الرأس,アタマジラミ,सिर की जूं
headaches,dolores de cabeza,đau đầu,Kopfschmerzen,الصداع,頭痛,सिर दर्द
health checks,controles de salud,kiểm tra sức khỏe,Gesundheitschecks,الفحوصات الصحية,健康診断,स्वास्थ्य जांच
health checks for women,revisiones médicas para mujeres,khám sức khỏe cho phụ nữ,Gesundheitschecks für Frauen,الفحوصات الصحية للنساء,女性のための健康診断,महिलाओं के लिए स्वास्थ्य जांच
health insurance,seguro médico,bảo hiểm y tế,Krankenversicherung,التأمين الصحي,健康保険,स्वास्थ्य बीमा
health problems present from birth,problemas de salud presentes desde el nacimiento,các vấn đề sức khỏe xuất hiện từ khi sinh ra,"Gesundheitliche Probleme, die von Geburt an vorhanden sind",مشاكل صحية موجودة منذ الولادة,出生時から存在する健康問題,जन्म से मौजूद स्वास्थ्य समस्याएं
health risks after a cyclone or flood,riesgos para la salud después de un ciclón o inundación,rủi ro về sức khỏe sau bão hoặc lũ lụt,Gesundheitsrisiken nach einem Zyklon oder einer Überschwemmung,المخاطر الصحية بعد الإعصار أو الفيضان,サイクロンや洪水後の健康リスク,चक्रवात या बाढ़ के बाद स्वास्थ्य संबंधी जोखिम
healthcare,cuidado de la salud,chăm sóc sức khỏe,Gesundheitspflege,الرعاية الصحية,健康管理,स्वास्थ्य देखभाल
healthcare professionals,profesionales de la salud,các chuyên gia chăm sóc sức khỏe,Fachkräfte im Gesundheitswesen,متخصصو الرعاية الصحية,医療従事者,स्वास्थ्य देखभाल पेशे
healthcare rights,derechos de atención médica,quyền chăm sóc sức khỏe,Gesundheitsrechte,حقوق الرعاية الصحية,医療を受ける権利,स्वास्थ्य देखभाल अधिकार
healthcare services,servicios de atención médica,dịch vụ chăm sóc sức khỏe,Gesundheitsdienstleistungen,خدمات الرعاية الصحية,医療サービス,स्वास्थ्य सेवाएँ
healthy and active children,niños sanos y activos,trẻ em khỏe mạnh và năng động,gesunde und aktive Kinder,أطفال أصحاء ونشطون,健康で活発な子供たち,स्वस्थ और सक्रिय बच्चे
healthy blood pressure,presión arterial saludable,huyết áp khỏe mạnh,gesunder Blutdruck,ضغط دم صحي,健康な血圧,स्वस्थ रक्तचाप
healthy bones,huesos sanos,xương chắc khỏe,gesunde Knochen,عظام صحية,健康な骨,स्वस्थ हड्डियाँ
healthy eating,alimentación saludable,ăn uống lành mạnh,gesunde Ernährung,تناول طعام صحي,健康的な食事,पौष्टिक भोजन
healthy eating for children,alimentación saludable para niños,chế độ ăn uống lành mạnh cho trẻ em,gesunde Ernährung für Kinder,التغذية الصحية للأطفال,子供のための健康的な食事,बच्चों के लिए स्वस्थ आहार
healthy food swaps,sustituciones de alimentos saludables,những lựa chọn thay thế thực phẩm lành mạnh,gesunde Lebensmittelalternativen,بدائل غذائية صحية,健康的な食品への置き換え,स्वस्थ खाद्य पदार्थों के विकल्प
healthy habits,hábitos saludables,thói quen lành mạnh,gesunde Gewohnheiten,عادات صحية,健康的な習慣,स्वस्थ आदते
healthy heart diet,dieta saludable para el corazón,chế độ ăn tốt cho tim mạch,herzgesunde Ernährung,نظام غذائي صحي للقلب,心臓の健康に良い食事,स्वस्थ हृदय आहार
healthy holiday tips,Consejos para unas vacaciones saludables,mẹo nghỉ lễ lành mạnh,Tipps für einen gesunden Urlaub,نصائح صحية لقضاء العطلات,健康的な休暇のヒント,स्वस्थ छुट्टियों के लिए सुझाव
healthy lifestyle,estilo de vida saludable,lối sống lành mạnh,gesunder Lebensstil,نمط حياة صحي,健康的なライフスタイル,स्वस्थ जीवन शैली
hearing aids,audífonos,máy trợ thính,Hörgeräte,أجهزة السمع,補聴器,कान की मशीन
hearing loss,pérdida de audición,mất thính lực,Hörverlust,فقدان السمع,難聴,बहरापन
hearing tests,pruebas de audición,kiểm tra thính lực,Hörtests,اختبارات السمع,聴力検査,श्रवण परीक्षण
heart,corazón,trái tim,Herz,قلب,心臓,दिल
heart and cardiovascular conditions,afecciones cardíacas y cardiovasculares,bệnh tim và các bệnh lý tim mạch,Herz- und Kreislauferkrankungen,أمراض القلب والأوعية الدموية,心臓および循環器系の疾患,हृदय और हृदय संबंधी स्थितियां
heart attack symptoms - differences in males and females,Síntomas de un ataque cardíaco: diferencias entre hombres y mujeres,Triệu chứng đau tim - sự khác biệt giữa nam và nữ,Herzinfarktsymptome – Unterschiede zwischen Männern und Frauen,أعراض النوبة القلبية - الاختلافات بين الذكور والإناث,心臓発作の症状 ― 男女間の違い,दिल के दौरे के लक्षण - पुरुषों और महिलाओं में अंतर
heart failure,insuficiencia cardiaca,suy tim,Herzinsuffizienz,سكتة قلبية,心不全,दिल की धड़कन रुकना
heart murmur,soplo cardíaco,tiếng thổi tim,Herzgeräusch,نفخة قلبية,心雑音,दिल की असामान्य ध्वनि
heart palpitations,palpitaciones cardíacas,tim đập nhanh,Herzklopfen,خفقان القلب,動悸,हृदय की धड़कन
heart surgery,cirugía cardíaca,phẫu thuật tim,Herzoperation,جراحة القلب,心臓手術,ह्रदय शल्य चिकित्सा
heart transplants,trasplantes de corazón,ghép tim,Herztransplantationen,عمليات زرع القلب,心臓移植,हृदय प्रत्यारोपण
heart valve disease,enfermedad de las válvulas cardíacas,bệnh van tim,Herzklappenerkrankung,مرض صمامات القلب,心臓弁膜症,हृदय वाल्व रोग
heat rash,sarpullido por calor,phát ban do nhiệt,Hitzepickel,طفح حراري,あせも,गर्मी से होने वाले दाने
heat related illness,enfermedades relacionadas con el calor,bệnh liên quan đến nhiệt,hitzebedingte Erkrankungen,الأمراض ذات الصلة,熱中症,गर्मी से संबंधित बीमारी
heat stroke,golpe de calor,say nắng,Hitzschlag,ضربة الشمس,熱中症,लू लगना
heater safety,seguridad del calentador,an toàn máy sưởi,Heizgerätesicherheit,سلامة المدفأة,ヒーターの安全性,हीटर की सुरक्षा
heatstroke,insolación,say nắng,Hitzschlag,ضربة شمس,熱中症,लू लगना
heatwaves,olas de calor,sóng nhiệt,Hitzewellen,موجات الحر,熱波,गर्म तरंगें
heavy periods,períodos abundantes,kinh nguyệt nhiều,starke Perioden,غزارة الدورة الشهرية,生理が重い,भारी मासिक धर्म
heel pain,dolor de talón,đau gót chân,Fersenschmerzen,ألم في الكعب,かかとの痛み,एडी का दर्द
helicobacter pylori,Helicobacter pylori,vi khuẩn Helicobacter pylori,Helicobacter pylori,جرثومة الملوية البوابية,ヘリコバクター・ピロリ,हैलीकॉप्टर पायलॉरी
help to remain living at home if you have a chronic disease or serious illness,Ayuda para seguir viviendo en casa si tienes una enfermedad crónica o una enfermedad grave.,hỗ trợ để bạn có thể tiếp tục sống tại nhà nếu bạn mắc bệnh mãn tính hoặc bệnh nặng.,"Hilfe, um auch bei chronischen oder schweren Erkrankungen weiterhin zu Hause leben zu können",المساعدة على البقاء في المنزل إذا كنت تعاني من مرض مزمن أو مرض خطير,慢性疾患や重篤な病気を抱えている場合でも、自宅で生活を続けられるように支援します。,यदि आपको कोई दीर्घकालिक बीमारी या गंभीर रोग है तो घर पर ही रहने में सहायता प्राप्त करें
hemicolectomy,hemicolectomía,cắt bỏ một phần đại tràng,Hemikolektomie,استئصال نصف القولون,半結腸切除術,हेमिकोलेक्टोमी
hepatitis,hepatitis,viêm gan,Hepatitis,التهاب الكبد,肝炎,हेपेटाइटिस
hepatitis a,hepatitis a,viêm gan A,Hepatitis A,التهاب الكبد أ,A型肝炎,हेपेटाइटिस ए
hepatitis b,hepatitis B,viêm gan B,Hepatitis B,التهاب الكبد ب,B型肝炎,हेपेटाइटिस बी
hepatitis c,hepatitis C,viêm gan c,Hepatitis C,التهاب الكبد ج,C型肝炎,हेपेटाइटिस सी
hereditary non-polyposis colorectal cancer,cáncer colorrectal hereditario no polipósico,ung thư đại trực tràng không polyp di truyền,hereditärer nicht-polypöser Darmkrebs,سرطان القولون والمستقيم الوراثي غير السلائلي,遺伝性非ポリポーシス大腸がん,वंशानुगत नॉन-पॉलीपोसिस कोलोरेक्टल कैंसर
hernias,hernias,thoát vị,Hernien,الفتق,ヘルニア,हर्निया
heroin,heroína,heroin,Heroin,الهيروين,ヘロイン,हेरोइन
herpes,herpes,herpes,Herpes,الهربس,ヘルペス,हरपीज
herpes zoster,herpes zóster,bệnh zona,Gürtelrose,الهربس النطاقي,帯状疱疹,दाद छाजन
herpesvirus infections,infecciones por herpesvirus,nhiễm virus herpes,Herpesvirusinfektionen,عدوى فيروس الهربس,ヘルペスウイルス感染症,हर्पीसवायरस संक्रमण
hiatus hernia,hernia hiatal,thoát vị hoành,Hiatushernie,فتق الحجاب الحاجز,食道裂孔ヘルニア,हाइएटस हर्निया
hiccups,hipo,nấc cụt,Schluckauf,الفواق,しゃっくり,हिचकी
hidden body fat,grasa corporal oculta,mỡ cơ thể ẩn,verstecktes Körperfett,دهون الجسم الخفية,隠れた体脂肪,शरीर में छिपी हुई चर्बी
high blood sugar,nivel alto de azúcar en sangre,đường huyết cao,hoher Blutzucker,ارتفاع نسبة السكر في الدم,高血糖,उच्च रक्त शर्करा
hip dysplasia,displasia de cadera,loạn sản khớp háng,Hüftdysplasie,خلل التنسج الوركي,股関節形成不全,कूल्हे की विकृति
hip pain,dolor de cadera,đau hông,Hüftschmerzen,ألم في الورك,股関節痛,कूल्हे का दर्द
hip replacement,reemplazo de cadera,thay khớp háng,Hüftprothese,استبدال مفصل الورك,股関節置換術,कूल्हे का प्रतिस्थापन
histrionic personality disorder,trastorno de personalidad histriónica,rối loạn nhân cách kịch tính,histrionische Persönlichkeitsstörung,اضطراب الشخصية الهستيرية,演技性人格障害,हिस्ट्रियोनिक व्यक्तित्व विकार
hiv and aids medicines,medicamentos contra el VIH y el SIDA,thuốc điều trị HIV và AIDS,HIV- und AIDS-Medikamente,أدوية فيروس نقص المناعة البشرية والإيدز,HIVおよびエイズ治療薬,एचआईवी और एड्स की दवाएं
hiv infection and aids,infección por VIH y SIDA,nhiễm HIV và AIDS,HIV-Infektion und AIDS,عدوى فيروس نقص المناعة البشرية والإيدز,HIV感染とエイズ,एचआईवी संक्रमण और एड्स
hmpv,hmpv,hmpv,hmpv,فيروس نخر الدم البشري,hmpv,एचएमपीवी
hoarding disorder,trastorno de acumulación,rối loạn tích trữ,Hortstörung,اضطراب الاكتناز,ため込み症,जमाखोरी विकार
hodgkin lymphoma,linfoma de Hodgkin,u lympho Hodgkin,Hodgkin-Lymphom,لمفوما هودجكين,ホジキンリンパ腫,हॉजकिन लिंफोमा
holiday health,salud durante las vacaciones,sức khỏe kỳ nghỉ,Urlaub Gesundheit,صحة العطلات,休暇中の健康,छुट्टी स्वास्थ्य
home medicines review,Revisión de medicamentos caseros,đánh giá thuốc tại nhà,Hausmittel-Überprüfung,مراجعة الأدوية المنزلية,家庭での薬のレビュー,घरेलू दवाओं की समीक्षा
homeopathy,homeopatía,liệu pháp vi lượng đồng căn,Homöopathie,المعالجة المثلية,ホメオパシー,होम्योपैथी
honey bee stings,picaduras de abejas,vết ong mật đốt,Bienenstiche,لسعات نحل العسل,ミツバチの毒針,मधुमक्खी के डंक
hormonal contraceptives and periods,anticonceptivos hormonales y menstruación,thuốc tránh thai nội tiết tố và kinh nguyệt,hormonelle Verhütungsmittel und Menstruation,وسائل منع الحمل الهرمونية والدورة الشهرية,ホルモン避妊薬と生理,हार्मोनल गर्भनिरोधक और मासिक धर्म
hormonal system,sistema hormonal,hệ thống nội tiết tố,Hormonsystem,النظام الهرموني,ホルモン系,हार्मोनल प्रणाली
hormone medications,medicamentos hormonales,thuốc nội tiết tố,Hormonpräparate,الأدوية الهرمونية,ホルモン剤,हार्मोन दवाएँ
hormone replacement therapy,terapia de reemplazo hormonal,liệu pháp thay thế hormone,Hormonersatztherapie,العلاج الهرموني البديل,ホルモン補充療法,हार्मोन प्रतिस्थापन चिकित्सा
hormones,hormonas,hormone,Hormone,الهرمونات,ホルモン,हार्मोन
hospital - public and private systems,Hospital: sistemas públicos y privados,bệnh viện - hệ thống công lập và tư nhân,Krankenhaus – öffentliche und private Systeme,المستشفيات - الأنظمة العامة والخاصة,病院 - 公立および私立システム,अस्पताल - सार्वजनिक और निजी प्रणालियाँ
hostel care,cuidado en el albergue,chăm sóc ký túc xá,Hostelbetreuung,رعاية النزل,ホステルケア,छात्रावास देखभाल
hot flushes,sofocos,cơn bốc hỏa,Hitzewallungen,الهبات الساخنة,ホットフラッシュ,गर्म चमक
hot flushes due to menopause,sofocos debido a la menopausia,cơn bốc hỏa do mãn kinh,Hitzewallungen aufgrund der Wechseljahre,الهبات الساخنة الناتجة عن انقطاع الطمث,更年期によるほてり,रजोनिवृत्ति के कारण होने वाली गर्म लहरें
hot weather,clima cálido,thời tiết nóng,heißes Wetter,الطقس الحار,暑い天気,गर्म मौसम
how alcohol affects your health,cómo afecta el alcohol a tu salud,Tác hại của rượu đối với sức khỏe,wie Alkohol Ihre Gesundheit beeinflusst,كيف يؤثر الكحول على صحتك,アルコールが健康に及ぼす影響,शराब आपके स्वास्थ्य को कैसे प्रभावित करती है
how do i pay for healthcare?,¿Cómo pago la atención médica?,Tôi thanh toán chi phí chăm sóc sức khỏe bằng cách nào?,Wie bezahle ich meine Gesundheitsversorgung?,كيف أدفع تكاليف الرعاية الصحية؟,医療費はどのように支払えばいいですか？,मैं स्वास्थ्य सेवा के लिए भुगतान कैसे करूँ?
how does adoption work?,¿Cómo funciona la adopción?,Quá trình nhận con nuôi diễn ra như thế nào?,Wie funktioniert Adoption?,كيف تتم عملية التبني؟,養子縁組はどのように行われるのですか？,गोद लेने की प्रक्रिया कैसे काम करती है?
how to deal with natural disasters,Cómo afrontar los desastres naturales,Cách đối phó với thiên tai,Wie man mit Naturkatastrophen umgeht,كيفية التعامل مع الكوارث الطبيعية,自然災害への対処法,प्राकृतिक आपदाओं से कैसे निपटा जाए
how to find the right health professional,cómo encontrar al profesional de la salud adecuado,Làm thế nào để tìm được chuyên gia y tế phù hợp?,Wie man den richtigen Gesundheitsexperten findet,كيفية العثور على أخصائي الرعاية الصحية المناسب,適切な医療専門家を見つける方法,सही स्वास्थ्य पेशेवर को कैसे खोजें
how to help someone who is misusing drugs or alcohol,Cómo ayudar a alguien que está abusando de las drogas o el alcohol.,Làm thế nào để giúp đỡ người đang lạm dụng ma túy hoặc rượu?,"Wie man jemandem helfen kann, der Drogen oder Alkohol missbraucht",كيفية مساعدة شخص يسيء استخدام المخدرات أو الكحول,薬物やアルコールを乱用している人を助ける方法,"जो व्यक्ति मादक पदार्थों या शराब का दुरुपयोग कर रहा है, उसकी मदद कैसे करें"
how to improve your posture,cómo mejorar tu postura,cách cải thiện tư thế của bạn,Wie Sie Ihre Körperhaltung verbessern können,كيفية تحسين وضعية جسمك,姿勢を改善する方法,अपनी शारीरिक मुद्रा को कैसे सुधारें
how to perform cpr,cómo realizar RCP,cách thực hiện hô hấp nhân tạo,Wie führt man eine Herz-Lungen-Wiederbelebung durch?,كيفية إجراء الإنعاش القلبي الرئوي,心肺蘇生法の実施方法,सीपीआर कैसे करें
how to read food labels,Cómo leer las etiquetas de los alimentos,Cách đọc nhãn thực phẩm,Wie man Lebensmitteletiketten liest,كيفية قراءة ملصقات الطعام,食品ラベルの読み方,खाद्य पदार्थों के लेबल कैसे पढ़ें
how to stop snoring,Cómo dejar de roncar,cách để ngừng ngáy,Wie man mit dem Schnarchen aufhört,كيفية التوقف عن الشخير,いびきを止める方法,खर्राटे कैसे रोकें
how to talk about your mental health concerns,Cómo hablar sobre tus preocupaciones de salud mental,Cách nói về những vấn đề sức khỏe tâm thần của bạn,Wie Sie über Ihre psychischen Gesundheitsprobleme sprechen können,كيفية التحدث عن مخاوفك المتعلقة بالصحة النفسية,メンタルヘルスの悩みについて話す方法,अपनी मानसिक स्वास्थ्य संबंधी चिंताओं के बारे में कैसे बात करें
how to use an inhaler device,Cómo usar un dispositivo inhalador,Cách sử dụng thiết bị hít thuốc,wie man ein Inhalationsgerät benutzt,كيفية استخدام جهاز الاستنشاق,吸入器の使い方,इनहेलर डिवाइस का उपयोग कैसे करें
hpv test,prueba de VPH,xét nghiệm HPV,HPV-Test,اختبار فيروس الورم الحليمي البشري,HPV検査,एचपीवी परीक्षण
hpv vaccine,vacuna contra el VPH,vắc-xin HPV,HPV-Impfstoff,لقاح فيروس الورم الحليمي البشري,HPVワクチン,एचपीवी वैक्सीन
htlv-1 infection,infección por HTLV-1,nhiễm trùng htlv-1,HTLV-1-Infektion,عدوى فيروس HTLV-1,HTLV-1感染,एचटीएलवी-1 संक्रमण
human bites,mordeduras humanas,vết cắn của con người,menschliche Bisse,عضات بشرية,人間の咬傷,मानव काटने
human chorionic gonadotropin test,prueba de gonadotropina coriónica humana,xét nghiệm gonadotropin màng đệm ở người,Test auf humanes Choriongonadotropin,اختبار موجهة الغدد التناسلية المشيمية البشرية,ヒト絨毛性ゴナドトロピン検査,मानव कोरियोनिक गोनाडोट्रोपिन परीक्षण
human growth hormone,hormona del crecimiento humana,hormone tăng trưởng của con người,menschliches Wachstumshormon,هرمون النمو البشري,ヒト成長ホルモン,मानव विकास हार्मोन
human metapneumovirus,metapneumovirus humano,virus metapneumovirus ở người,humanes Metapneumovirus,فيروس ميتابنوموفيروس البشري,ヒトメタニューモウイルス,मानव मेटापneumovirus
human papilloma virus,virus del papiloma humano,virus u nhú ở người,Humane Papillomviren,فيروس الورم الحليمي البشري,ヒトパピローマウイルス,मानव पैपिलोमा वायरस
human parainfluenza viruses,virus de la parainfluenza humana,virus cúm á ở người,humane Parainfluenzaviren,فيروسات نظير الإنفلونزا البشرية,ヒトパラインフルエンザウイルス,मानव पैराइन्फ्लुएंजा वायरस
huntington’s disease,enfermedad de Huntington,bệnh Huntington,Huntington-Krankheit,مرض هنتنغتون,ハンチントン病,हंटिंगटन रोग
hurting yourself,hacerte daño a ti mismo,tự làm tổn thương bản thân,sich selbst verletzen,إيذاء النفس,自分を傷つける,खुद को चोट पहुँचाना
hydration tips for children,Consejos de hidratación para niños,lời khuyên về việc bổ sung nước cho trẻ em,Trinktipps für Kinder,نصائح لترطيب الأطفال,子供のための水分補給のヒント,बच्चों के लिए हाइड्रेशन संबंधी सुझाव
hydrocele repair,reparación de hidrocele,phẫu thuật điều trị tràn dịch màng tinh hoàn,Hydrozelenreparatur,إصلاح القيلة المائية,陰嚢水腫の修復,हाइड्रोसील की मरम्मत
hydrocephalus,hidrocefalia,não úng thủy,Hydrozephalus,استسقاء الرأس,水頭症,हाइड्रोसेफालस
hydromorphone,hidromorfona,hydromorphone,Hydromorphon,هيدرومورفون,ヒドロモルホン,हाइड्रोमोर्फोन
hygiene for children,higiene para niños,vệ sinh cho trẻ em,Hygiene für Kinder,النظافة الشخصية للأطفال,子供の衛生,बच्चों के लिए स्वच्छता
hyperglycaemia,hiperglucemia,tăng đường huyết,Hyperglykämie,ارتفاع سكر الدم,高血糖,हाइपरग्लाइसेमिया
hyperhidrosis,hiperhidrosis,tăng tiết mồ hôi,Hyperhidrose,فرط التعرق,多汗症,अतिस्वेद
excessive sweating,sudoración excesiva,đổ mồ hôi nhiều,übermäßiges Schwitzen,تعرق مفرط,異常な発汗,बहुत अधिक पसीना आना
sweaty palms,manos sudorosas,mồ hôi trộm,schwitzige Hände,تعرق اليدين,手汗,पसीने से तर हाथ
hyperopia,hipermetropía,viễn thị,Weitsichtigkeit,مدّ البصر,遠視,पास का साफ़-साफ़ न दिखना
hypertension,hipertensión,cao huyết áp,Hypertonie,ارتفاع ضغط الدم,高血圧,उच्च रक्तचाप
high blood pressure,presión alta,huyết áp cao,Bluthochdruck,ضغط دم مرتفع,血圧が高いこと,हाई ब्लड प्रेशर
hyperthyroidism,hipertiroidismo,cường giáp,Hyperthyreose,فرط نشاط الغدة الدرقية,甲状腺機能亢進症,हाइपरथायरायडिज्म
hypochondria,hipocondría,bệnh tưởng tượng,Hypochondrie,منطقة تحت الضلوع,心気症,रोगभ्रम
hypoglycaemia,hipoglucemia,hạ đường huyết,Hypoglykämie,نقص سكر الدم,低血糖症,रक्त ग्लूकोस
hypotension,hipotensión,huyết áp thấp,Hypotonie,انخفاض ضغط الدم,低血圧,निम्न रक्तचाप
low blood pressure,presión baja,huyết áp thấp,niedriger Blutdruck,ضغط دم منخفض,血圧が低いこと,लो ब्लड प्रेशर
hypothermia,hipotermia,hạ thân nhiệt,Unterkühlung,انخفاض حرارة الجسم,低体温症,हाइपोथर्मिया
hypothyroidism,hipotiroidismo,suy giáp,Hypothyreose,قصور الغدة الدرقية,甲状腺機能低下症,हाइपोथायरायडिज्म
hysterectomy,histerectomía,cắt bỏ tử cung,Hysterektomie,استئصال الرحم,子宮摘出術,गर्भाशय
hysteroscopic endometrial ablation,ablación endometrial histeroscópica,cắt bỏ nội mạc tử cung bằng nội soi,hysteroskopische Endometriumablation,استئصال بطانة الرحم بالمنظار الرحمي,子宮鏡下子宮内膜アブレーション,हिस्टेरोस्कोपिक एंडोमेट्रियल एब्लेशन
hysteroscopy,histeroscopia,nội soi tử cung,Hysteroskopie,تنظير الرحم,子宮鏡検査,गर्भाशयदर्शन
ibs,SII,IBS,IBS,متلازمة القولون المتهيّج,IBS,IBS
ibuprofen,ibuprofeno,ibuprofen,Ibuprofen,ايبوبروفين,イブプロフェン,आइबुप्रोफ़ेन
ice,hielo,đá,Eis,ثلج,氷,बर्फ़
illicit drug use,consumo de drogas ilícitas,sử dụng ma túy bất hợp pháp,illegaler Drogenkonsum,تعاطي المخدرات غير المشروعة,違法薬物の使用,अवैध मादक पदार्थों का सेवन
imaging-assisted wide local excision,escisión local amplia asistida por imágenes,cắt bỏ rộng cục bộ có hỗ trợ hình ảnh,"Bildgebungsgestützte, großflächige lokale Exzision",الاستئصال الموضعي الواسع بمساعدة التصوير,画像誘導下広範囲局所切除術,इमेजिंग-सहायता प्राप्त व्यापक स्थानीय निष्कासन
immune system,sistema inmunitario,hệ miễn dịch,Immunsystem,الجهاز المناعي,免疫系,प्रतिरक्षा तंत्र
immunisation,inmunización,tiêm chủng,Immunisierung,التطعيم,免疫,प्रतिरक्षण
immunisation or vaccination - what's the difference?,Inmunización o vacunación: ¿cuál es la diferencia?,Tiêm chủng hay vaccine - sự khác biệt là gì?,Immunisierung oder Impfung – worin besteht der Unterschied?,التحصين أو التطعيم - ما الفرق؟,予防接種とワクチン接種の違いは何ですか？,टीकाकरण और प्रतिरक्षण - इनमें क्या अंतर है?
immunisation side effects,efectos secundarios de la inmunización,tác dụng phụ của tiêm chủng,Nebenwirkungen der Impfung,الآثار الجانبية للتطعيم,予防接種の副作用,टीकाकरण के दुष्प्रभाव
immunisations and vaccinations,inmunizaciones y vacunas,tiêm chủng và phòng ngừa bệnh tật,Immunisierungen und Impfungen,التحصينات والتطعيمات,予防接種とワクチン接種,टीकाकरण और प्रतिरक्षण
immunisations for travel,vacunas para viajar,tiêm phòng khi đi du lịch,Impfungen für die Reise,التطعيمات اللازمة للسفر,旅行のための予防接種,यात्रा के लिए टीकाकरण
impetigo,impétigo,chốc lở,Impetigo,القوباء,膿痂疹,रोड़ा
implantable cardioverter defibrillators,desfibriladores cardioversores implantables,máy khử rung tim cấy ghép,implantierbare Kardioverter-Defibrillatoren,أجهزة تقويم نظم القلب القابلة للزرع,植込み型除細動器,प्रत्यारोपण योग्य कार्डियोवर्टर डिफिब्रिलेटर
improve your sleep,mejora tu sueño,cải thiện giấc ngủ của bạn,Verbessern Sie Ihren Schlaf,حسّن نومك,睡眠の質を改善する,अपनी नींद में सुधार करें
incontinence,incontinencia,tiểu không tự chủ,Inkontinenz,سلس البول,失禁,असंयम
incontinence – an overview,Incontinencia: una visión general,chứng tiểu không tự chủ – tổng quan,Inkontinenz – ein Überblick,سلس البول - نظرة عامة,尿失禁の概要,असंयम – एक अवलोकन
indigenous australians and social and emotional wellbeing,Los indígenas australianos y su bienestar social y emocional,người Úc bản địa và sức khỏe tinh thần và cảm xúc,Indigene Australier und soziales und emotionales Wohlbefinden,السكان الأصليون الأستراليون والرفاه الاجتماعي والعاطفي,オーストラリア先住民と社会的・感情的幸福,स्वदेशी ऑस्ट्रेलियाई और सामाजिक एवं भावनात्मक कल्याण
indigenous health,salud indígena,sức khỏe bản địa,indigene Gesundheit,صحة السكان الأصليين,先住民の健康,स्वदेशी स्वास्थ्य
infants,bebés,trẻ sơ sinh,Säuglinge,الرضع,乳児,शिशुओं
infectious diseases,enfermedades infecciosas,bệnh truyền nhiễm,Infektionskrankheiten,الأمراض المعدية,感染症,संक्रामक रोग
infectious mononucleosis,mononucleosis infecciosa,bệnh tăng bạch cầu đơn nhân nhiễm trùng,infektiöse Mononukleose,داء كثرة الوحيدات العدوائية,伝染性単核球症,संक्रामक मोनोन्यूक्लियोसिस
infertility,esterilidad,vô sinh,Unfruchtbarkeit,العقم,不妊,बांझपन
inflammatory bowel disease,enfermedad inflamatoria intestinal,bệnh viêm ruột,entzündliche Darmerkrankung,مرض التهاب الأمعاء,炎症性腸疾患,सूजा आंत्र रोग
influenza,influenza,bệnh cúm,Influenza,الإنفلونزا,インフルエンザ,इन्फ्लूएंजा
the flu,la gripe,cảm cúm,echte Grippe,الإنفلونزا,インフル,फ्लू
flu,gripe,cúm,Grippe,الرشح,インフルエンザ,बुखार
informed consent,consentimiento informado,sự đồng ý có hiểu biết,informierte Einwilligung,الموافقة المستنيرة,インフォームドコンセント,सूचित सहमति
infrared thermometers,termómetros infrarrojos,nhiệt kế hồng ngoại,Infrarot-Thermometer,موازين حرارة بالأشعة تحت الحمراء,赤外線温度計,अवरक्त थर्मामीटर
ingrown hair,pelo encarnado,tóc mọc ngược,eingewachsenes Haar,شعر ينبت للداخل,内方発育毛,अंतर्वर्धी बाल
ingrown toenail,uña encarnada,móng chân mọc ngược,eingewachsener Zehennagel,ظفر القدم الناشب,巻き爪,अंतर्वर्धित अंगूठे का नाखून
ingrown toenails,uñas encarnadas,móng chân mọc ngược,eingewachsene Zehennägel,أظافر القدم الناشبة,巻き爪,अंतर्वर्धित नाखून
inguinal hernia,hernia inguinal,thoát vị bẹn,Leistenbruch,الفتق الإربي,鼠径ヘルニア,इंगुइनल हर्निया
inguinal hernia repair,reparación de hernia inguinal,phẫu thuật sửa chữa thoát vị bẹn,Leistenbruchoperation,إصلاح الفتق الإربي,鼠径ヘルニア修復術,इंगुइनल हर्निया की मरम्मत
inhalants,inhalantes,chất hít,Inhalationsmittel,المواد المستنشقة,吸入剤,साँस लेने वाले पदार्थ
inhaler devices,dispositivos inhaladores,thiết bị hít,Inhalationsgeräte,أجهزة الاستنشاق,吸入器,इनहेलर उपकरण
injection or banding of haemorrhoids,Inyección o ligadura de hemorroides,tiêm hoặc thắt búi trĩ,Injektion oder Gummibandligatur von Hämorrhoiden,حقن أو ربط البواسير,痔核への注射または結紮,बवासीर का इंजेक्शन या पट्टी बांधना
injuries,lesiones,chấn thương,Verletzungen,الإصابات,負傷,चोट लगने की घटनाएं
inr test,prueba inr,kiểm tra inr,INR-Test,اختبار INR,INR検査,आईएनआर परीक्षण
insect bites and stings,picaduras y mordeduras de insectos,vết cắn và vết đốt của côn trùng,Insektenstiche und -bisse,لدغات ولسعات الحشرات,虫刺されと虫に刺された,कीड़े के काटने और डंक
inserting a gastric balloon,inserción de un balón gástrico,đặt bóng dạ dày,Einsetzen eines Magenballons,إدخال بالون معدي,胃内バルーンの挿入,गैस्ट्रिक बैलून डालना
inserting a pacemaker,inserción de un marcapasos,cấy ghép máy tạo nhịp tim,Einsetzen eines Herzschrittmachers,زرع جهاز تنظيم ضربات القلب,ペースメーカーの挿入,पेसमेकर लगाना
inserting a primary gastrostomy device,inserción de un dispositivo de gastrostomía primaria,đặt thiết bị mở thông dạ dày chính,Einsetzen eines primären Gastrostomiegeräts,إدخال جهاز فغر المعدة الأساسي,一次胃瘻デバイスの挿入,प्राथमिक गैस्ट्रोस्टोमी उपकरण सम्मिलित करना
inserting an internal cardioverter defibrillator,inserción de un desfibrilador cardioversor interno,cấy ghép máy khử rung tim nội bộ,Einsetzen eines internen Kardioverter-Defibrillators,إدخال جهاز مقوم نظم القلب ومزيل الرجفان الداخلي,体内植込み型除細動器の挿入,आंतरिक कार्डियोवर्टर डिफिब्रिलेटर लगाना
inserting an iucd,inserción de un DIU,đặt vòng tránh thai,Einsetzen einer Spirale,إدخال اللولب الرحمي,子宮内避妊器具の挿入,आईयूसीडी लगाना
insomnia,insomnio,mất ngủ,Insomnie,أرق,不眠症,अनिद्रा
trouble sleeping,problemas para dormir,khó ngủ,Schlafstörungen,صعوبة في النوم,眠れないこと,नींद न आना
sleeplessness,falta de sueño,thiếu ngủ,Schlaflosigkeit,عدم القدرة على النوم,寝不足,बेचैनी
insulin and diabetes,insulina y diabetes,insulin và bệnh tiểu đường,Insulin und Diabetes,الأنسولين ومرض السكري,インスリンと糖尿病,इंसुलिन और मधुमेह
insulin devices,dispositivos de insulina,thiết bị insulin,Insulingeräte,أجهزة الأنسولين,インスリンデバイス,इंसुलिन उपकरण
intensive care - what to expect,Cuidados intensivos: qué esperar,Chăm sóc đặc biệt - những điều cần biết,Intensivstation – was Sie erwartet,العناية المركزة - ما يمكن توقعه,集中治療室 - どのようなことが予想されるか,गहन चिकित्सा इकाई - क्या उम्मीद करें
intermittent fasting,ayuno intermitente,nhịn ăn gián đoạn,Intervallfasten,الصيام المتقطع,断続的断食,आंतरायिक उपवास
internet - children,internet - niños,internet - trẻ em,Internet - Kinder,الإنترنت - الأطفال,インターネット - 子供,इंटरनेट - बच्चे
intersex variation,variación intersexual,biến thể lưỡng giới,Intersex-Variation,التباين بين الجنسين,インターセックス変異,इंटरसेक्स भिन्नता
intra-uterine contraceptive device,dispositivo intrauterino,thiết bị tránh thai đặt trong tử cung,Intrauterinpessar,جهاز منع الحمل داخل الرحم,子宮内避妊器具,गर्भाशय के भीतर गर्भनिरोधक उपकरण
invasive staph infections,infecciones invasivas por estafilococos,nhiễm trùng tụ cầu khuẩn xâm lấn,invasive Staphylokokkeninfektionen,عدوى المكورات العنقودية الغازية,侵襲性ブドウ球菌感染症,आक्रामक स्टैफ संक्रमण
iodine and your health,El yodo y su salud,Iốt và sức khỏe của bạn,Jod und Ihre Gesundheit,اليود وصحتك,ヨウ素とあなたの健康,आयोडीन और आपका स्वास्थ्य
iodine deficiency,deficiencia de yodo,thiếu iốt,Jodmangel,نقص اليود,ヨウ素欠乏症,आयोडीन की कमी
iron deficiency,deficiencia de hierro,thiếu sắt,Eisenmangel,نقص الحديد,鉄欠乏症,आयरन की कमी
iron infusion,infusión de hierro,truyền sắt,Eiseninfusion,حقن الحديد,鉄剤の点滴,आयरन इन्फ्यूजन
iron needs,necesidades de hierro,nhu cầu sắt,Eisenbedarf,احتياجات الحديد,鉄分は,लोहे की जरूरतें
iron studies blood test,análisis de sangre para estudios de hierro,xét nghiệm máu kiểm tra sắt,Eisenstatus Bluttest,فحص الحديد في الدم,鉄分検査血液検査,आयरन संबंधी अध्ययन रक्त परीक्षण
iron-rich foods,alimentos ricos en hierro,thực phẩm giàu sắt,eisenreiche Lebensmittel,الأطعمة الغنية بالحديد,鉄分豊富な食品,आयरन से भरपूर खाद्य पदार्थ
irregular periods,períodos irregulares,kinh nguyệt không đều,unregelmäßige Perioden,دورات شهرية غير منتظمة,不規則な期間,अनियमित अवधि
irritability and feeling on edge,irritabilidad y sensación de nerviosismo,cáu kỉnh và cảm giác bồn chồn,Reizbarkeit und Nervosität,الشعور بالتهيج والتوتر,イライラ感と神経過敏,चिड़चिड़ापन और बेचैनी महसूस होना
irritable bowel syndrome,síndrome del intestino irritable,hội chứng ruột kích thích,Reizdarmsyndrom,متلازمة القولون المتهيّج,過敏性腸症候群,संवेदनशील आंत की बीमारी
is it a cold or the flu?,¿Es un resfriado o gripe?,Là cảm lạnh hay cúm vậy?,Ist es eine Erkältung oder eine Grippe?,هل هو نزلة برد أم إنفلونزا؟,風邪ですか、それともインフルエンザですか？,क्या यह सर्दी है या फ़्लू?
ischaemic heart disease,enfermedad cardíaca isquémica,bệnh tim thiếu máu cục bộ,ischämische Herzkrankheit,مرض القلب الإقفاري,虚血性心疾患,हृदय का रोग
isolation,aislamiento,sự cách ly,Isolierung,عزل,分離,एकांत
itchy anus,picazón en el ano,ngứa hậu môn,juckender Anus,حكة في فتحة الشرج,肛門のかゆみ,खुजलीदार गुदा
itchy eyes,picazón en los ojos,mắt ngứa,juckende Augen,حكة في العينين,目が痒い,आंखों में जलन
itchy scalp,picazón en el cuero cabelludo,da đầu ngứa,juckende Kopfhaut,حكة في فروة الرأس,頭皮のかゆみ,सिर की खुजली
iud,dispositivo intrauterino,vòng tránh thai,Spirale,لولب,子宮内避妊器具,आईयूडी
japanese encephalitis,encefalitis japonesa,viêm não Nhật Bản,Japanische Enzephalitis,التهاب الدماغ الياباني,日本脳炎,जापानी एन्सेफलाइटिस
jaundice in adults,ictericia en adultos,vàng da ở người lớn,Gelbsucht bei Erwachsenen,اليرقان عند البالغين,成人の黄疸,वयस्कों में पीलिया
jaw dislocation,dislocación de la mandíbula,trật khớp hàm,Kieferluxation,خلع الفك,顎関節脱臼,जबड़े का विस्थापन
jellyfish stings,picaduras de medusas,vết chích của sứa,Quallenstiche,لسعات قنديل البحر,クラゲの刺傷,जेलीफिश के डंक
jet lag,descompensación horaria,say máy bay,Jetlag,اضطراب الرحلات الجوية الطويلة,時差ぼけ,जेट लैग
jev,Jev,jev,jev,جيف,ジェブ,जेईवी
jock itch,tiña inguinal,ngứa vùng bẹn,Tinea cruris,حكّة اللعب,いんきんたむし,जॉक खुजली
jogging,correr,chạy bộ,Jogging,الهرولة,ジョギング,धीमी दौड़
joint diseases and problems,enfermedades y problemas articulares,các bệnh và vấn đề về khớp,Gelenkerkrankungen und -probleme,أمراض ومشاكل المفاصل,関節疾患および問題,जोड़ों के रोग और समस्याएं
joint inflammation,inflamación de las articulaciones,viêm khớp,Gelenkentzündung,التهاب المفاصل,関節炎,जोड़ों की सूजन
joint pain and swelling,Dolor e hinchazón en las articulaciones,đau khớp và sưng,Gelenkschmerzen und Schwellungen,ألم وتورم في المفاصل,関節の痛みと腫れ,जोड़ों में दर्द और सूजन
junk food and your health,La comida basura y tu salud,Thức ăn nhanh và sức khỏe của bạn,Junkfood und Ihre Gesundheit,الوجبات السريعة وصحتك,ジャンクフードとあなたの健康,जंक फूड और आपका स्वास्थ्य
kaposi sarcoma,sarcoma de Kaposi,bệnh sarcoma Kaposi,Kaposi-Sarkom,ساركوما كابوزي,カポジ肉腫,कापोसी सार्कोमा
kava,kava,kava,Kava,الكافا,カヴァ,कावा
kawasaki disease,enfermedad de Kawasaki,bệnh Kawasaki,Kawasaki-Krankheit,مرض كاواساكي,川崎病,कावासाकी रोग
keeping fit,mantenerse en forma,giữ gìn sức khỏe,fit bleiben,الحفاظ على اللياقة البدنية,健康を維持する,फिट रखते हुए
keratoconus,queratocono,bệnh giác mạc hình nón,Keratokonus,القرنية المخروطية,円錐角膜,keratoconus
keratosis pilaris,queratosis pilaris,bệnh dày sừng nang lông,Keratosis pilaris,التقرن الشعري,毛孔性角化症,केराटोसिस पिलारिस
ketamine,ketamina,ketamine,Ketamin,الكيتامين,ケタミン,ketamine
ketogenic diet,dieta cetogénica,chế độ ăn ketogenic,ketogene Diät,النظام الغذائي الكيتوني,ケトジェニックダイエット,कीटोजेनिक आहार
kidney cancer,cáncer de riñón,ung thư thận,Nierenkrebs,سرطان الكلى,腎臓がん,गुर्दे का कैंसर
kidney failure,insuficiencia renal,suy thận,Nierenversagen,الفشل الكلوي,腎不全,किडनी खराब
kidney function tests,pruebas de función renal,xét nghiệm chức năng thận,Nierenfunktionstests,اختبارات وظائف الكلى,腎機能検査,गुर्दे की कार्यक्षमता परीक्षण
kidney infection,infección renal,nhiễm trùng thận,Niereninfektion,التهاب الكلى,腎臓感染症,गुर्दे का संक्रमण
kidney pain,dolor de riñón,đau thận,Nierenschmerzen,ألم في الكلى,腎臓の痛み,गुर्दे में दर्द
kidney transplants,trasplantes de riñón,ghép thận,Nierentransplantationen,عمليات زرع الكلى,腎臓移植,गुर्दा प्रत्यारोपण
kidneys,riñones,thận,Nieren,الكليتان,腎臓,गुर्दे
kids and mental health,niños y salud mental,trẻ em và sức khỏe tâm thần,Kinder und psychische Gesundheit,الأطفال والصحة النفسية,子供とメンタルヘルス,बच्चे और मानसिक स्वास्थ्य
kids' health,salud infantil,sức khỏe trẻ em,Kindergesundheit,صحة الأطفال,子供の健康,बच्चों का स्वास्थ्य
kilojoules,kilojulios,kilojoule,Kilojoule,كيلوجول,キロジュール,किलो जूल
kindness,amabilidad,lòng tốt,Freundlichkeit,العطف,親切,दयालुता
kissing disease,enfermedad del beso,bệnh lây truyền qua nụ hôn,Kusskrankheit,مرض التقبيل,キス病,चुंबन रोग
klinefelter syndrome,síndrome de Klinefelter,hội chứng Klinefelter,Klinefelter-Syndrom,متلازمة كلاينفلتر,クラインフェルター症候群,क्लाइनफेल्टर सिंड्रोम
knee injuries,lesiones de rodilla,chấn thương đầu gối,Knieverletzungen,إصابات الركبة,膝の怪我,घुटने की चोटें
knee pain,dolor de rodilla,đau đầu gối,Knieschmerzen,ألم في الركبة,膝の痛み,घुटने के दर्द
knee replacement,reemplazo de rodilla,thay khớp gối,Knieprothese,استبدال مفصل الركبة,膝関節置換術,नी रिप्लेसमेंट
knocks,golpes,gõ,Klopft,طرق,ノック,दस्तक देता है
know your standard drinks,conoce tus bebidas estándar,Hãy biết các loại đồ uống thông thường của bạn.,Kenne deine Standardgetränke,تعرف على مشروباتك القياسية,定番の飲み物を知っておく,अपने मानक पेय पदार्थों को जानें
labia problems,problemas de los labios vaginales,các vấn đề về môi âm hộ,Labienprobleme,مشاكل الشفرين,陰唇の問題,लेबिया संबंधी समस्याएं
labyrinthitis,laberintitis,viêm mê đạo,Labyrinthitis,التهاب التيه,内耳炎,Labyrinthitis
lactational amenorrhoea method,método de amenorrea de la lactancia,phương pháp vô kinh do cho con bú,Laktationsamenorrhoe-Methode,طريقة انقطاع الطمث أثناء الرضاعة,授乳性無月経法,स्तनपान संबंधी अमेनोरिया विधि
lactose intolerance,intolerancia a la lactosa,không dung nạp lactose,Laktoseintoleranz,عدم تحمل اللاكتوز,乳糖不耐症,लैक्टोज असहिष्णुता
laminectomy,laminectomía,phẫu thuật cắt bỏ màng cứng,Laminektomie,استئصال الصفيحة الفقرية,椎弓切除術,laminectomy
laparoscopic cholecystectomy,colecistectomía laparoscópica,phẫu thuật cắt túi mật nội soi,laparoskopische Cholezystektomie,استئصال المرارة بالمنظار,腹腔鏡下胆嚢摘出術,लैप्रोस्कोपिक कोलेसिस्टेक्टॉमी
laparoscopic heller's cardiomyotomy,cardiomiotomía de Heller laparoscópica,phẫu thuật cắt cơ tim Heller nội soi,laparoskopische Heller-Kardiomyotomie,استئصال عضلة القلب بالمنظار (عملية هيلر),腹腔鏡下ヘラー心筋切開術,लैप्रोस्कोपिक हेलर्स कार्डियोमायोटॉमी
laparoscopic hysterectomy,histerectomía laparoscópica,phẫu thuật cắt tử cung nội soi,laparoskopische Hysterektomie,استئصال الرحم بالمنظار,腹腔鏡下子宮摘出術,लैप्रोस्कोपिक हिस्टेरेक्टॉमी
laparoscopic incisional hernia repair,reparación laparoscópica de hernia incisional,Phẫu thuật nội soi điều trị thoát vị vết mổ,laparoskopische Narbenhernienreparatur,إصلاح الفتق الجراحي بالمنظار,腹腔鏡下切開ヘルニア修復術,लैप्रोस्कोपिक चीरा हर्निया की मरम्मत
laparoscopic inguinal hernia repair,reparación laparoscópica de hernia inguinal,phẫu thuật nội soi sửa chữa thoát vị bẹn,laparoskopische Leistenbruchoperation,إصلاح الفتق الإربي بالمنظار,腹腔鏡下鼠径ヘルニア修復術,लैप्रोस्कोपिक इनगुइनल हर्निया की मरम्मत
laparoscopic nissen fundoplication,fundoplicatura de Nissen laparoscópica,phẫu thuật nội soi Nissen đáy vị,laparoskopische Nissen-Fundoplikatio,تثبيت قاع المعدة بالمنظار,腹腔鏡下ニッセン噴門形成術,लैप्रोस्कोपिक निसेन फंडोप्लीकेशन
laparoscopic oophorectomy,ooforectomía laparoscópica,cắt bỏ buồng trứng bằng nội soi,laparoskopische Ovarektomie,استئصال المبيض بالمنظار,腹腔鏡下卵巣摘出術,लैप्रोस्कोपिक ओफोरेक्टॉमी
laparoscopic radical prostatectomy,prostatectomía radical laparoscópica,phẫu thuật cắt bỏ tuyến tiền liệt triệt để bằng phương pháp nội soi,laparoskopische radikale Prostatektomie,استئصال البروستاتا الجذري بالمنظار,腹腔鏡下根治的前立腺摘除術,लैप्रोस्कोपिक रेडिकल प्रोस्टेटेक्टॉमी
laparoscopic sterilisation,esterilización laparoscópica,triệt sản bằng nội soi,laparoskopische Sterilisation,التعقيم بالمنظار,腹腔鏡下不妊手術,लैप्रोस्कोपिक नसबंदी
laparoscopic subtotal hysterectomy,histerectomía subtotal laparoscópica,phẫu thuật cắt bỏ tử cung bán phần nội soi,laparoskopische subtotale Hysterektomie,استئصال الرحم الجزئي بالمنظار,腹腔鏡下部分子宮摘出術,लैप्रोस्कोपिक सबटोटल हिस्टेरेक्टॉमी
laparoscopy,laparoscopia,phẫu thuật nội soi,Laparoskopie,تنظير البطن,腹腔鏡検査,लेप्रोस्कोपी
laparoscopy and dye test,laparoscopia y prueba de tinción,nội soi và xét nghiệm thuốc nhuộm,Laparoskopie und Farbstofftest,تنظير البطن واختبار الصبغة,腹腔鏡検査と色素検査,लैप्रोस्कोपी और डाई परीक्षण
laparotomy,laparotomía,phẫu thuật mở bụng,Laparotomie,فتح البطن,開腹術,laparotomy
laryngectomy,laringectomía,phẫu thuật cắt thanh quản,Laryngektomie,استئصال الحنجرة,喉頭切除術,स्वरयंत्र-उच्छेदन
laryngitis,laringitis,viêm thanh quản,Laryngitis,التهاب الحنجرة,喉頭炎,लैरींगाइटिस
laryngoscopy,laringoscopia,nội soi thanh quản,Laryngoskopie,تنظير الحنجرة,喉頭鏡検査,लैरिंजोस्कोपी
laser eye surgery,cirugía ocular con láser,phẫu thuật mắt bằng laser,Laser-Augenoperation,جراحة العيون بالليزر,レーザー眼科手術,लेजर नेत्र शल्य चिकित्सा
lasik surgery,cirugía LASIK,phẫu thuật lasik,LASIK-Operation,جراحة الليزك,レーシック手術,लेसिक सर्जरी
lateral internal sphincterotomy,esfinterotomía interna lateral,cắt cơ vòng trong bên,laterale interne Sphinkterotomie,بضع المصرة الداخلية الجانبي,外側内括約筋切開術,पार्श्व आंतरिक स्फिंक्टरोटॉमी
laxatives,laxantes,thuốc nhuận tràng,Abführmittel,الملينات,下剤,रेचक
lazy eye,ojo vago,mắt lười,schielendes Auge,العين الكسولة,斜視,कमजोर नज़र
lead poisoning,saturnismo,ngộ độc chì,Bleivergiftung,التسمم بالرصاص,鉛中毒,सीसा विषाक्तता
learning disabilities,discapacidades de aprendizaje,khuyết tật học tập,Lernbehinderungen,صعوبات التعلم,学習障害,सीखने की अयोग्यता
leg pain,dolor en la pierna,đau chân,Beinschmerzen,ألم في الساق,脚の痛み,पैर में दर्द
leg ulcers,úlceras en las piernas,loét chân,Beingeschwüre,قرح الساق,下肢潰瘍,पैर के अल्सर
legionnaires' disease,legionelosis,Bệnh nhiễm trùng phổi,Legionärskrankheit,داء الفيالقة,レジオネラ症,लेगोनायर रोग
leprosy,lepra,bệnh phong,Lepra,جذام,ハンセン病,कुष्ठ रोग
leptospirosis,leptospirosis,bệnh leptospirosis,Leptospirose,داء البريميات,レプトスピラ症,लेप्टोस्पाइरोसिस
leukaemia,leucemia,bệnh bạch cầu,Leukämie,سرطان الدم,白血病,लेकिमिया
leukaemia in children,leucemia en niños,bệnh bạch cầu ở trẻ em,Leukämie bei Kindern,سرطان الدم عند الأطفال,小児白血病,बच्चों में ल्यूकेमिया
lewy body disease,enfermedad de cuerpos de Lewy,bệnh thể Lewy,Lewy-Körperchen-Krankheit,مرض أجسام ليوي,レビー小体病,लेवी बॉडी रोग
lgbtiqa+ mental health,salud mental lgttiqa+,sức khỏe tâm thần LGBTIQA+,LGBTQ+ psychische Gesundheit,الصحة النفسية للمثليين والمتحولين جنسياً,LGBTQ+のメンタルヘルス,एलजीबीटीआईसीए+ मानसिक स्वास्थ्य
libido,libido,ham muốn tình dục,Libido,الرغبة الجنسية,性欲,लीबीदो
lice,piojos,chấy,Läuse,قمل,シラミ,जूँ
life stages,etapas de la vida,các giai đoạn cuộc sống,Lebensphasen,مراحل الحياة,ライフステージ,जीवन की अवस्थाएं
lightheadedness,mareo,chóng mặt,Benommenheit,دوار خفيف,めまい,चक्कर
limb injuries,lesiones en las extremidades,chấn thương chi,Gliedmaßenverletzungen,إصابات الأطراف,四肢の負傷,अंगों में चोटें
limb numbness,entumecimiento de las extremidades,tê bì chân tay,Taubheitsgefühl in den Gliedmaßen,تنميل الأطراف,手足のしびれ,अंगों का सुन्न होना
lipoedema,lipedema,phù mỡ,Lipödem,الوذمة الشحمية,脂肪浮腫,लिपोएडेमा
lipoma,lipoma,u mỡ,Lipom,الورم الشحمي,脂肪腫,चर्बी की रसीली
liposuction,liposucción,hút mỡ,Fettabsaugung,شفط الدهون,脂肪吸引,लिपोसक्शन
listeria and listeriosis,listeria y listeriosis,vi khuẩn Listeria và bệnh nhiễm khuẩn Listeria,Listerien und Listeriose,الليستيريا وداء الليستريات,リステリア菌とリステリア症,लिस्टेरिया और लिस्टेरियोसिस
lithium,litio,lithium,Lithium,الليثيوم,リチウム,लिथियम
liver,hígado,gan,Leber,الكبد,肝臓,जिगर
liver biopsy,biopsia de hígado,sinh thiết gan,Leberbiopsie,خزعة الكبد,肝生検,लीवर बायोप्सी
liver cancer,cáncer de hígado,ung thư gan,Leberkrebs,سرطان الكبد,肝臓がん,लिवर कैंसर
liver cirrhosis,cirrosis hepática,xơ gan,Leberzirrhose,تليف الكبد,肝硬変,लिवर सिरोसिस
liver conditions and diseases,afecciones y enfermedades del hígado,các bệnh và vấn đề về gan,Lebererkrankungen,أمراض وحالات الكبد,肝臓の状態と疾患,यकृत संबंधी स्थितियाँ और रोग
liver failure,insuficiencia hepática,suy gan,Leberversagen,فشل الكبد,肝不全,यकृत का काम करना बंद कर देना
liver function tests,pruebas de función hepática,xét nghiệm chức năng gan,Leberfunktionstests,اختبارات وظائف الكبد,肝機能検査,लिवर फ़ंक्शन परीक्षण
living with a terminal illness,vivir con una enfermedad terminal,Sống chung với căn bệnh nan y,Leben mit einer unheilbaren Krankheit,التعايش مع مرض عضال,末期疾患と共に生きる,एक असाध्य बीमारी के साथ जीना
living with dementia,vivir con demencia,sống chung với chứng mất trí nhớ,Leben mit Demenz,التعايش مع الخرف,認知症と共に生きる,मनोभ्रंश के साथ जीना
local anaesthetic,anestesia local,thuốc gây tê tại chỗ,Lokalanästhetikum,مخدر موضعي,局所麻酔,स्थानीय निश्चेतक
loneliness,soledad,cô đơn,Einsamkeit,الوحدة,孤独,अकेलापन
long covid,COVID prolongado,COVID kéo dài,Long Covid,كوفيد طويل الأمد,ロングコロナ,लॉन्ग कोविड
long qt syndrome,síndrome de QT largo,hội chứng QT kéo dài,Long-QT-Syndrom,متلازمة كيو تي الطويلة,QT延長症候群,लॉन्ग क्यूटी सिंड्रोम
long-sightedness,hipermetropía,viễn thị,Weitsicht,طول النظر,遠視,दूरी की देखना
looking after a sick child,cuidar a un niño enfermo,chăm sóc một đứa trẻ bị ốm,Betreuung eines kranken Kindes,رعاية طفل مريض,病気の子供の世話をする,बीमार बच्चे की देखभाल करना
looking after others,cuidar de los demás,chăm sóc người khác,sich um andere kümmern,متابعة الآخرين,他人の世話をする,दूसरों की देखभाल करना
looking after someone with cancer,cuidar a alguien con cáncer,chăm sóc người bị ung thư,die Betreuung einer Person mit Krebs,رعاية شخص مصاب بالسرطان,がん患者の介護,कैंसर से पीड़ित किसी व्यक्ति की देखभाल करना
looking after someone with dementia or alzheimer's disease,cuidar a una persona con demencia o enfermedad de Alzheimer,chăm sóc người bị sa sút trí tuệ hoặc bệnh Alzheimer.,Betreuung einer Person mit Demenz oder Alzheimer-Krankheit,رعاية شخص مصاب بالخرف أو مرض الزهايمر,認知症やアルツハイマー病の人の介護,मनोभ्रंश या अल्जाइमर रोग से पीड़ित किसी व्यक्ति की देखभाल करना
looking after your baby or child’s teeth,Cómo cuidar los dientes de tu bebé o niño,chăm sóc răng miệng cho bé hoặc trẻ nhỏ,Die Zahnpflege Ihres Babys oder Kindes,العناية بأسنان طفلك أو رضيعك,赤ちゃんや子供の歯のケア,अपने शिशु या बच्चे के दांतों की देखभाल करना
looking after your eyes,cuidando tus ojos,chăm sóc đôi mắt của bạn,Pflegen Sie Ihre Augen,حماية عينيك,目のケア,अपनी आँखों का ख्याल रखना
losing interest,perder interés,mất hứng thú,nachlassendes Interesse,فقدان الاهتمام,興味を失う,रुचि खोना
loss,pérdida,sự mất mát,Verlust,خسارة,損失,नुकसान
loss of female libido,pérdida de la libido femenina,mất ham muốn tình dục ở nữ giới,Verlust der weiblichen Libido,فقدان الرغبة الجنسية لدى النساء,女性の性欲減退,महिलाओं की कामेच्छा में कमी
loss of male libido,pérdida de la libido masculina,mất ham muốn tình dục ở nam giới,Verlust der männlichen Libido,فقدان الرغبة الجنسية لدى الذكور,男性の性欲減退,पुरुषों में कामेच्छा में कमी
loss of muscle mass,pérdida de masa muscular,mất khối lượng cơ,Verlust der Muskelmasse,فقدان كتلة العضلات,筋肉量の減少,मांसपेशियों के द्रव्यमान में कमी
lou gehrig's disease,enfermedad de Lou Gehrig,bệnh Lou Gehrig,Lou-Gehrig-Krankheit,مرض لو جيريج,筋萎縮性側索硬化症（ルー・ゲーリック病）,लू गेहरिग रोग
low fodmap diets,dietas bajas en FODMAP,chế độ ăn ít FODMAP,Low-FODMAP-Diäten,حميات غذائية منخفضة الفودماب,低FODMAP食,कम FODMAP आहार
low vision,baja visión,thị lực thấp,Sehschwäche,ضعف البصر,弱視,कम दृष्टि
lower back pain,dolor lumbar,đau lưng dưới,Schmerzen im unteren Rücken,ألم أسفل الظهر,腰痛,पीठ के निचले हिस्से में दर्द
lower limb angiogram and angioplasty,angiografía y angioplastia de las extremidades inferiores,chụp mạch và nong mạch chi dưới,Angiographie und Angioplastie der unteren Extremitäten,تصوير الأوعية الدموية للأطراف السفلية وتوسيع الأوعية الدموية,下肢血管造影および血管形成術,निचले अंगों का एंजियोग्राम और एंजियोप्लास्टी
lsd,LSD,lsd,LSD,إل إس دي,LSD,एलएसडी
lumbago,lumbago,đau lưng,Lumbago,ألم أسفل الظهر,腰痛,लूम्बेगो
lumbar laminectomy,laminectomía lumbar,phẫu thuật cắt bỏ bản sống thắt lưng,lumbale Laminektomie,استئصال الصفيحة الفقرية القطنية,腰椎椎弓切除術,लम्बर लैमिनेक्टॉमी
lumbar microdiscectomy,microdiscectomía lumbar,phẫu thuật vi cắt đĩa đệm cột sống thắt lưng,lumbale Mikrodiskektomie,استئصال القرص القطني المجهري,腰椎椎間板切除術,लम्बर माइक्रोडिस्सेक्टोमी
lumbar puncture,punción lumbar,chọc dò tủy sống,Lumbalpunktion,البزل القطني,腰椎穿刺,लकड़ी का पंचर
lumbar spine,columna lumbar,cột sống thắt lưng,Lendenwirbelsäule,العمود الفقري القطني,腰椎,काठ का रीढ़
lump under armpit,bulto debajo de la axila,khối u dưới nách,Knoten unter der Achselhöhle,كتلة تحت الإبط,脇の下のしこり,बगल के नीचे गांठ
lung biopsy,biopsia pulmonar,sinh thiết phổi,Lungenbiopsie,خزعة الرئة,肺生検,फेफड़े की बायोप्सी
lung cancer,cáncer de pulmón,ung thư phổi,Lungenkrebs,سرطان الرئة,肺癌,फेफड़े का कैंसर
lung cancer screening,detección del cáncer de pulmón,sàng lọc ung thư phổi,Lungenkrebs-Screening,فحص سرطان الرئة,肺がん検診,फेफड़ों के कैंसर की जांच
lung conditions,afecciones pulmonares,các bệnh về phổi,Lungenerkrankungen,أمراض الرئة,肺疾患,फेफड़ों की स्थितियाँ
lupus,lupus,bệnh lupus,Lupus,الذئبة,ループス,एक प्रकार का वृक्ष
lyme disease,enfermedad de Lyme,bệnh Lyme,Lyme-Krankheit,مرض لايم,ライム病,लाइम की बीमारी
lymph nodes,ganglios linfáticos,hạch bạch huyết,Lymphknoten,الغدد الليمفاوية,リンパ節,लसीकापर्व
lymphoedema,linfedema,phù bạch huyết,Lymphödem,الوذمة اللمفية,リンパ浮腫,लिम्फोएडेमा
lymphoma,linfoma,u lympho,Lymphom,سرطان الغدد الليمفاوية,リンパ腫,लिंफोमा
lynch syndrome,síndrome de Lynch,hội chứng Lynch,Lynchsyndrom,متلازمة لينش,リンチ症候群,लिंच सिंड्रोम
lyssavirus,lisavirus,lyssavirus,Lyssavirus,فيروس داء الكلب,リッサウイルス,लिसावायरस
macular degeneration,degeneración macular,thoái hóa điểm vàng,Makuladegeneration,التنكس البقعي,黄斑変性,चकत्तेदार अध: पतन
magnesium and your health,El magnesio y su salud,Magie và sức khỏe của bạn,Magnesium und Ihre Gesundheit,المغنيسيوم وصحتك,マグネシウムとあなたの健康,मैग्नीशियम और आपका स्वास्थ्य
magnesium blood test,análisis de sangre de magnesio,xét nghiệm máu magiê,Magnesium-Bluttest,فحص المغنيسيوم في الدم,マグネシウム血液検査,मैग्नीशियम रक्त परीक्षण
magnesium deficiency,deficiencia de magnesio,thiếu magiê,Magnesiummangel,نقص المغنيسيوم,マグネシウム欠乏症,मैग्नीशियम की कमी
magnetic resonance imaging,imágenes por resonancia magnética,chụp cộng hưởng từ,Magnetresonanztomographie,التصوير بالرنين المغناطيسي,磁気共鳴画像法,चुम्बकीय अनुनाद इमेजिंग
making decisions about unplanned pregnancies,tomar decisiones sobre embarazos no planificados,đưa ra quyết định về việc mang thai ngoài ý muốn,Entscheidungen über ungeplante Schwangerschaften treffen,اتخاذ القرارات بشأن حالات الحمل غير المخطط لها,予期せぬ妊娠に関する意思決定,अनियोजित गर्भधारण के बारे में निर्णय लेना
malabsorption syndromes,síndromes de malabsorción,hội chứng kém hấp thu,Malabsorptionssyndrome,متلازمات سوء الامتصاص,吸収不良症候群,कुअवशोषण सिंड्रोम
malaria,malaria,sốt rét,Malaria,ملاريا,マラリア,मलेरिया
male health,salud masculina,sức khỏe nam giới,Männergesundheit,صحة الرجل,男性の健康,पुरुषों का स्वास्थ्य
male libido,libido masculina,ham muốn tình dục nam giới,männliche Libido,الرغبة الجنسية لدى الرجال,男性の性欲,पुरुष कामेच्छा
male mastectomy,mastectomía masculina,phẫu thuật cắt bỏ vú ở nam giới,männliche Mastektomie,استئصال الثدي عند الذكور,男性乳房切除術,पुरुषों की मास्टेक्टॉमी
male reproductive system,sistema reproductor masculino,hệ sinh sản nam,männliches Fortpflanzungssystem,الجهاز التناسلي الذكري,男性生殖器系,पुरुष प्रजनन तंत्र
male sexual problems,problemas sexuales masculinos,các vấn đề tình dục ở nam giới,Sexuelle Probleme bei Männern,مشاكل جنسية عند الرجال,男性の性的な問題,पुरुषों की यौन समस्याएं
male-pattern baldness,calvicie de patrón masculino,chứng hói đầu ở nam giới,männlicher Haarausfall,الصلع الذكوري,男性型脱毛症,पुरुषों में होने वाला गंजापन
malnutrition,desnutrición,suy dinh dưỡng,Unterernährung,سوء التغذية,栄養失調,कुपोषण
mammography,mamografía,chụp nhũ ảnh,Mammographie,التصوير الشعاعي للثدي,マンモグラフィー,मैमोग्राफी
manage your health in your 40s,Cuida tu salud a partir de los 40 años.,Quản lý sức khỏe của bạn ở độ tuổi 40,Ihre Gesundheit in den 40ern im Griff behalten,اهتم بصحتك في الأربعينيات من عمرك,40代の健康管理,40 की उम्र में अपने स्वास्थ्य का ध्यान रखें
manage your health in your 50s,Cuida tu salud a partir de los 50 años.,Quản lý sức khỏe của bạn ở độ tuổi 50,Ihre Gesundheit im Alter von 50 Jahren im Griff behalten,اهتم بصحتك في الخمسينيات من عمرك,50代の健康管理,50 की उम्र में अपने स्वास्थ्य का ध्यान रखें
manage your health in your 60s,Cuida tu salud a partir de los 60 años.,Quản lý sức khỏe của bạn ở độ tuổi 60,Ihre Gesundheit im Alter von 60 Jahren managen,اهتم بصحتك في الستينيات من عمرك,60代の健康管理,60 वर्ष की आयु में अपने स्वास्थ्य का ध्यान रखें
management of chronic conditions,manejo de enfermedades crónicas,quản lý các bệnh mãn tính,Management chronischer Erkrankungen,إدارة الحالات المزمنة,慢性疾患の管理,दीर्घकालिक स्थितियों का प्रबंधन
managing mood swings,controlar los cambios de humor,quản lý sự thay đổi tâm trạng,Umgang mit Stimmungsschwankungen,إدارة تقلبات المزاج,気分の変動を管理する,मनोदशा में होने वाले उतार-चढ़ाव का प्रबंधन
manic depression,depresión maníaca,trầm cảm hưng cảm,manische Depression,الاكتئاب الهوسي,躁うつ病,उन्माद अवसाद
marfan syndrome,síndrome de Marfan,hội chứng Marfan,Marfan-Syndrom,متلازمة مارفان,マルファン症候群,मार्फ़न सिंड्रोम
marijuana,marijuana,cần sa,Marihuana,قنب هندي,マリファナ,मारिजुआना
massage therapy guide,guía de terapia de masaje,hướng dẫn trị liệu mát-xa,Leitfaden zur Massagetherapie,دليل العلاج بالتدليك,マッサージ療法ガイド,मालिश चिकित्सा मार्गदर्शिका
mastectomy — breast cancer treatment or prevention,mastectomía: tratamiento o prevención del cáncer de mama,phẫu thuật cắt bỏ vú — điều trị hoặc phòng ngừa ung thư vú,Mastektomie – Behandlung oder Vorbeugung von Brustkrebs,استئصال الثدي - علاج أو الوقاية من سرطان الثدي,乳房切除術 ― 乳がんの治療または予防,मैस्टेक्टॉमी — स्तन कैंसर का उपचार या रोकथाम
mastitis,mastitis,viêm vú,Mastitis,التهاب الثدي,乳腺炎,स्तन की सूजन
maternal health and pregnancy,salud materna y embarazo,sức khỏe bà mẹ và thai kỳ,Müttergesundheit und Schwangerschaft,صحة الأم والحمل,母体健康と妊娠,मातृ स्वास्थ्य और गर्भावस्था
maternity care in australia,atención de maternidad en Australia,chăm sóc thai sản ở Úc,Mutterschaftsvorsorge in Australien,رعاية الأمومة في أستراليا,オーストラリアの産科医療,ऑस्ट्रेलिया में मातृत्व देखभाल
maxillary le fort 1 osteotomy,Osteotomía maxilar Le Fort 1,phẫu thuật cắt xương hàm trên Le Fort 1,Le-Fort-I-Osteotomie des Oberkiefers,قطع عظم الفك العلوي ليفورت 1,上顎ルフォー1型骨切り術,मैक्सिलरी ले फोर्ट 1 ऑस्टियोटॉमी
mdma,MDMA,mdma,MDMA,إم دي إم إيه,mdma,एमडीएमए
measles,sarampión,bệnh sởi,Masern,الحصبة,麻疹,खसरा
medical and surgical abortions,abortos médicos y quirúrgicos,phá thai bằng phương pháp nội khoa và phẫu thuật,medizinische und chirurgische Schwangerschaftsabbrüche,الإجهاض الطبي والجراحي,薬物による中絶と外科的中絶,चिकित्सा और शल्य चिकित्सा गर्भपात
medical kits,kits médicos,bộ dụng cụ y tế,Erste-Hilfe-Sets,مجموعات طبية,医療キット,चिकित्सा किट
medical terms glossary,glosario de términos médicos,bảng thuật ngữ y khoa,Glossar medizinischer Fachbegriffe,مسرد المصطلحات الطبية,医療用語集,चिकित्सा शब्दावली
medicare,seguro médico del estado,bảo hiểm y tế,Medicare,الرعاية الطبية,メディケア,चिकित्सा
medicare safety nets,redes de seguridad de Medicare,mạng lưới an sinh xã hội của Medicare,Medicare-Sicherheitsnetze,شبكات الأمان الصحي,メディケアのセーフティネット,मेडिकेयर सुरक्षा जाल
medication,medicamento,thuốc,Medikamente,دواء,薬,दवाई
medicinal cannabis,cannabis medicinal,cần sa y tế,medizinisches Cannabis,القنب الطبي,医療用大麻,औषधीय भांग
medicine recalls,retirada de medicamentos del mercado,thu hồi thuốc,Rückrufe von Medikamenten,سحب الأدوية من الأسواق,医薬品のリコール,दवा वापस मंगाई गई
medicines,medicamentos,các loại thuốc,Medikamente,الأدوية,薬,दवाइयाँ
medicines and addiction,Medicamentos y adicción,thuốc và nghiện,Medikamente und Sucht,الأدوية والإدمان,薬物と依存症,दवाइयाँ और लत
medicines and alcohol,medicamentos y alcohol,thuốc và rượu,Medikamente und Alkohol,الأدوية والكحول,薬とアルコール,दवाइयाँ और शराब
medicines and breastfeeding,medicamentos y lactancia materna,thuốc và cho con bú,Medikamente und Stillen,الأدوية والرضاعة الطبيعية,薬と授乳,दवाइयाँ और स्तनपान
medicines and driving,medicamentos y conducción,thuốc men và lái xe,Medikamente und Autofahren,الأدوية والقيادة,薬と運転,दवाइयाँ और ड्राइविंग
medicines for babies and children,medicamentos para bebés y niños,thuốc dành cho trẻ sơ sinh và trẻ em,Medikamente für Babys und Kinder,أدوية للأطفال والرضع,乳幼児向け医薬品,शिशुओं और बच्चों के लिए दवाइयाँ
medicines for bipolar disorder,medicamentos para el trastorno bipolar,thuốc điều trị rối loạn lưỡng cực,Medikamente gegen bipolare Störung,أدوية لعلاج اضطراب ثنائي القطب,双極性障害の薬,द्विध्रुवी विकार के लिए दवाएँ
medicines for colds,medicamentos para el resfriado,thuốc trị cảm lạnh,Medikamente gegen Erkältungen,أدوية لعلاج نزلات البرد,風邪薬,सर्दी-जुकाम की दवाइयाँ
medicines for pain,medicamentos para el dolor,thuốc giảm đau,Schmerzmittel,أدوية لتسكين الألم,痛み止め薬,दर्द निवारक दवाइयाँ
medicines safety for older people,Seguridad de los medicamentos para las personas mayores,sự an toàn của thuốc đối với người cao tuổi,Arzneimittelsicherheit für ältere Menschen,سلامة الأدوية لكبار السن,高齢者の医薬品の安全性,वृद्ध लोगों के लिए दवाओं की सुरक्षा
medicines to treat nicotine dependence,Medicamentos para tratar la dependencia de la nicotina,thuốc điều trị chứng nghiện nicotine,Medikamente zur Behandlung der Nikotinabhängigkeit,أدوية لعلاج إدمان النيكوتين,ニコチン依存症を治療するための薬,निकोटिन की लत के इलाज के लिए दवाएं
meditation,meditación,thiền định,Meditation,تأمل,瞑想,ध्यान
mediterranean diet,dieta mediterránea,chế độ ăn Địa Trung Hải,mediterrane Ernährung,حمية البحر الأبيض المتوسط,地中海式ダイエット,भूमध्यसागरीय आहार
melancholia,melancolía,chứng trầm cảm,Melancholie,الكآبة,メランコリア,विषाद
melanoma,melanoma,u hắc tố,Melanom,سرطان الجلد,メラノーマ,मेलेनोमा
melatonin,melatonina,melatonin,Melatonin,الميلاتونين,メラトニン,मेलाटोनिन
melioidosis,melioidosis,bệnh melioidosis,Melioidose,داء الميليودوز,類鼻疽,melioidosis
memory concerns,problemas de memoria,những lo ngại về trí nhớ,Gedächtnisprobleme,مشاكل في الذاكرة,記憶に関する懸念,स्मृति संबंधी समस्याएं
memory disorders,trastornos de la memoria,rối loạn trí nhớ,Gedächtnisstörungen,اضطرابات الذاكرة,記憶障害,स्मृति विकार
men and depression,hombres y depresión,đàn ông và chứng trầm cảm,Männer und Depression,الرجال والاكتئاب,男性と鬱病,पुरुष और अवसाद
men and mental health,Los hombres y la salud mental,nam giới và sức khỏe tâm thần,Männer und psychische Gesundheit,الرجال والصحة النفسية,男性とメンタルヘルス,पुरुष और मानसिक स्वास्थ्य
men's health,salud masculina,sức khỏe nam giới,Männergesundheit,صحة الرجال,男性用健康,पुरुषों का स्वास्थ्य
meniere’s disease,enfermedad de Ménière,bệnh Meniere,Morbus Menière,مرض منيير,メニエール病,मेनियर रोग
meningitis,meningitis,viêm màng não,Meningitis,التهاب السحايا,髄膜炎,मस्तिष्कावरण शोथ
meningococcal disease,enfermedad meningocócica,bệnh não mô cầu,Meningokokkenerkrankung,مرض المكورات السحائية,髄膜炎菌感染症,मेनिंगोकोकल रोग
menopausal hormone therapy,terapia hormonal para la menopausia,liệu pháp hormone mãn kinh,Hormontherapie in den Wechseljahren,العلاج الهرموني لانقطاع الطمث,更年期ホルモン療法,रजोनिवृत्ति हार्मोन थेरेपी
menopause,menopausia,mãn kinh,Menopause,سن اليأس,閉経,रजोनिवृत्ति
menopause - managing symptoms without medication,Menopausia: cómo controlar los síntomas sin medicamentos.,Mãn kinh - kiểm soát các triệu chứng mà không cần dùng thuốc,Wechseljahre – Symptome ohne Medikamente lindern,انقطاع الطمث - إدارة الأعراض بدون أدوية,更年期障害 - 薬を使わずに症状を管理する,रजोनिवृत्ति - बिना दवा के लक्षणों का प्रबंधन
menorrhagia,menorragia,rong kinh,Menorrhagie,غزارة الطمث,月経過多,अत्यार्तव
menstruation,menstruación,kinh nguyệt,Menstruation,الحيض,月経,माहवारी
mental health,salud mental,sức khỏe tâm thần,psychische Gesundheit,الصحة النفسية,メンタルヘルス,मानसिक स्वास्थ्य
mental health - where to get help,Salud mental: dónde obtener ayuda,Sức khỏe tâm thần - tìm kiếm sự trợ giúp ở đâu,Psychische Gesundheit – Wo man Hilfe findet,الصحة النفسية - أين يمكن الحصول على المساعدة,メンタルヘルス - 支援を受ける場所,मानसिक स्वास्थ्य - सहायता कहाँ से प्राप्त करें
mental health and aboriginal and torres strait islander people,salud mental y pueblos aborígenes e isleños del estrecho de Torres,sức khỏe tâm thần và người bản địa và người dân đảo Torres Strait,psychische Gesundheit und die Aborigines und Torres-Strait-Insulaner,الصحة النفسية وسكان أستراليا الأصليين وسكان جزر مضيق توريس,メンタルヘルスとアボリジニおよびトレス海峡諸島の人々,मानसिक स्वास्थ्य और आदिवासी और टोरेस स्ट्रेट द्वीप समूह के लोग
mental health and kids,salud mental y niños,sức khỏe tâm thần và trẻ em,psychische Gesundheit und Kinder,الصحة النفسية والأطفال,メンタルヘルスと子供たち,मानसिक स्वास्थ्य और बच्चे
mental health and menopause,salud mental y menopausia,sức khỏe tâm thần và mãn kinh,psychische Gesundheit und Wechseljahre,الصحة النفسية وانقطاع الطمث,メンタルヘルスと更年期,मानसिक स्वास्थ्य और रजोनिवृत्ति
mental health and older adults,salud mental y adultos mayores,sức khỏe tâm thần và người cao tuổi,psychische Gesundheit und ältere Erwachsene,الصحة النفسية وكبار السن,高齢者のメンタルヘルス,मानसिक स्वास्थ्य और वृद्ध वयस्क
mental health and teenagers,salud mental y adolescentes,sức khỏe tâm thần và thanh thiếu niên,psychische Gesundheit und Teenager,الصحة النفسية والمراهقون,メンタルヘルスと十代の若者,मानसिक स्वास्थ्य और किशोर
mental health and wellbeing,salud mental y bienestar,sức khỏe tâm thần và hạnh phúc,psychische Gesundheit und Wohlbefinden,الصحة النفسية والرفاهية,メンタルヘルスとウェルビーイング,मानसिक स्वास्थ्य और कल्याण
mental health care costs,costos de la atención de salud mental,chi phí chăm sóc sức khỏe tâm thần,Kosten für psychische Gesundheitsversorgung,تكاليف الرعاية الصحية النفسية,精神医療費,मानसिक स्वास्थ्य देखभाल की लागत
mental health conditions,trastornos de salud mental,các bệnh lý sức khỏe tâm thần,psychische Erkrankungen,حالات الصحة العقلية,精神疾患,मानसिक स्वास्थ्य स्थितियाँ
mental health crisis support,apoyo en crisis de salud mental,hỗ trợ khủng hoảng sức khỏe tâm thần,Unterstützung bei psychischen Krisen,دعم الأزمات النفسية,メンタルヘルス危機支援,मानसिक स्वास्थ्य संकट सहायता
mental health first aid,primeros auxilios en salud mental,sơ cứu sức khỏe tâm thần,Erste Hilfe für psychische Gesundheit,الإسعافات الأولية للصحة النفسية,メンタルヘルス応急処置,मानसिक स्वास्थ्य प्राथमिक उपचार
mental health helplines,Líneas de ayuda para la salud mental,đường dây trợ giúp sức khỏe tâm thần,Telefonseelsorge für psychische Gesundheit,خطوط المساعدة للصحة النفسية,メンタルヘルス相談窓口,मानसिक स्वास्थ्य हेल्पलाइन
mental health nurses,enfermeras de salud mental,y tá sức khỏe tâm thần,psychiatrische Krankenpfleger,ممرضات الصحة النفسية,精神科看護師,मानसिक स्वास्थ्य नर्स
mental health professionals,profesionales de la salud mental,các chuyên gia sức khỏe tâm thần,Fachkräfte für psychische Gesundheit,أخصائيو الصحة النفسية,精神保健専門家,मानसिक स्वास्थ्य पेशेवर
mental health recovery,recuperación de la salud mental,phục hồi sức khỏe tâm thần,Genesung von psychischen Erkrankungen,التعافي من الأمراض النفسية,メンタルヘルスの回復,मानसिक स्वास्थ्य पुनर्प्राप्ति
mental health resources,recursos de salud mental,nguồn lực sức khỏe tâm thần,Ressourcen zur psychischen Gesundheit,موارد الصحة النفسية,メンタルヘルス関連情報,मानसिक स्वास्थ्य संसाधन
mental health services,servicios de salud mental,dịch vụ sức khỏe tâm thần,psychiatrische Dienste,خدمات الصحة النفسية,メンタルヘルスサービス,मानसिक स्वास्थ्य सेवाएं
mental health signs of illness,signos de enfermedad mental,các dấu hiệu bệnh lý về sức khỏe tâm thần,Anzeichen einer psychischen Erkrankung,علامات المرض النفسي,精神疾患の兆候,मानसिक स्वास्थ्य संबंधी बीमारी के लक्षण
mental health treatment plan,plan de tratamiento de salud mental,kế hoạch điều trị sức khỏe tâm thần,Behandlungsplan für psychische Gesundheit,خطة علاج الصحة النفسية,精神保健治療計画,मानसिक स्वास्थ्य उपचार योजना
mental illness,enfermedad mental,bệnh tâm thần,Geisteskrankheit,المرض العقلي,精神疾患,मानसिक बिमारी
mental illness signs,signos de enfermedad mental,dấu hiệu bệnh tâm thần,Anzeichen einer psychischen Erkrankung,علامات المرض العقلي,精神疾患の兆候,मानसिक बीमारी के लक्षण
mental illness stigma,estigma de la enfermedad mental,kỳ thị bệnh tâm thần,Stigmatisierung psychischer Erkrankungen,وصمة المرض العقلي,精神疾患に対する偏見,मानसिक बीमारी का कलंक
mers,los meros,mers,mers,mers,マーズ,एमईआरएस
mesenteric adenitis,adenitis mesentérica,viêm hạch mạc treo,Mesenteriale Lymphadenitis,التهاب العقد اللمفاوية المساريقية,腸間膜リンパ節炎,मेसेंटेरिक एडेनाइटिस
mesothelioma,mesotelioma,u trung biểu mô,Mesotheliom,ورم المتوسطة,中皮腫,मेसोथेलियोमा
metabolic diseases,enfermedades metabólicas,bệnh chuyển hóa,Stoffwechselerkrankungen,الأمراض الأيضية,代謝性疾患,चयापचय संबंधी रोग
metabolic syndrome,síndrome metabólico,hội chứng chuyển hóa,Metabolisches Syndrom,متلازمة التمثيل الغذائي,メタボリックシンドローム,चयापचयी लक्षण
metabolism,metabolismo,chuyển hóa,Stoffwechsel,الاسْتِقْلاب,代謝,चयापचय
metastatic breast cancer,cáncer de mama metastásico,ung thư vú di căn,metastasierter Brustkrebs,سرطان الثدي النقيلي,転移性乳がん,मेटास्टेटिक स्तन कैंसर
metformin,metformina,metformin,Metformin,ميتفورمين,メトホルミン,मेटफार्मिन
methadone,metadona,methadone,Methadon,الميثادون,メタドン,मेथाडोन
microbiome; gut microbiome,microbioma; microbioma intestinal,hệ vi sinh vật; hệ vi sinh vật đường ruột,Mikrobiom; Darmmikrobiom,الميكروبيوم؛ ميكروبيوم الأمعاء,マイクロバイオーム；腸内マイクロバイオーム,माइक्रोबायोम; आंत माइक्रोबायोम
microdermabrasion,microdermoabrasión,mài da vi điểm,Mikrodermabrasion,التقشير الدقيق للبشرة,マイクロダーマブレーション,Microdermabrasion
microdochectomy,microdoquectomía,phẫu thuật cắt bỏ một phần ống dẫn tinh,Mikrodockinese,استئصال القناة المنوية الصغيرة,マイクロドケクトミー,माइक्रोडोचेक्टोमी
migraine,migraña,chứng đau nửa đầu,Migräne,صداع نصفي,片頭痛,माइग्रेन
milia,milia,mụn thịt,Milien,الدخينات,ミリア,मिलिया
miliaria,miliaria,miliaria,Miliaria,الدخنية,汗疹,घमौरी
mindfulness,consciencia,chánh niệm,Achtsamkeit,اليقظة الذهنية,マインドフルネス,सचेतन
mineral and vitamin deficiency,deficiencia de minerales y vitaminas,thiếu khoáng chất và vitamin,Mineral- und Vitaminmangel,نقص المعادن والفيتامينات,ミネラルとビタミンの欠乏,खनिज और विटामिन की कमी
minerals and vitamins a-z,minerales y vitaminas de la A a la Z,khoáng chất và vitamin từ A đến Z,Mineralstoffe und Vitamine A-Z,المعادن والفيتامينات من الألف إلى الياء,ミネラルとビタミン A-Z,खनिज और विटामिन ए-जेड
minerals and vitamins explained,Explicación de minerales y vitaminas,giải thích về khoáng chất và vitamin,Mineralstoffe und Vitamine erklärt,شرح المعادن والفيتامينات,ミネラルとビタミンについて,खनिज और विटामिनों की व्याख्या
mini pill,minipíldora,viên thuốc nhỏ,Minipille,حبة صغيرة,ミニピル,मिनी गोली
mini-mental state examination,examen mini-mental,kiểm tra trạng thái tâm thần thu nhỏ,Mini-Mental-Status-Test,فحص الحالة العقلية المصغر,ミニメンタルステート検査,लघु मानसिक अवस्था परीक्षण
mirtazapine,mirtazapina,mirtazapine,Mirtazapin,ميرتازابين,ミルタザピン,mirtazapine
miscarriage,aborto espontáneo,sảy thai,Fehlgeburt,الإجهاض,流産,गर्भपात
mite,ácaro,bọ ve,Milbe,العث,ダニ,घुन
mitral valve surgery,cirugía de la válvula mitral,phẫu thuật van hai lá,Mitralklappenoperation,جراحة الصمام التاجي,僧帽弁手術,माइट्रल वाल्व सर्जरी
mobility aids,ayudas para la movilidad,thiết bị hỗ trợ di chuyển,Mobilitätshilfen,وسائل مساعدة على الحركة,移動補助具,गतिशीलता सहायता
moles,lunares,nốt ruồi,Mole,الشامات,モル,तिल
molluscum contagiosum,molusco contagioso,bệnh u nhú lây nhiễm,Molluscum contagiosum,المليساء المعدية,伝染性軟属腫,मोलस्कम कॉन्टेजियोसम
monkeypox,viruela del mono,bệnh đậu mùa khỉ,Affenpocken,جدري القرود,サル痘,मंकीपॉक्स
mood disorders,trastornos del estado de ánimo,rối loạn tâm trạng,Stimmungsstörungen,اضطرابات المزاج,気分障害,मनोदशा विकार
mood swings,cambios de humor,thay đổi tâm trạng,Stimmungsschwankungen,تقلبات المزاج,気分の変動,मिजाज
morning after pill,píldora del día después,thuốc tránh thai khẩn cấp,Pille danach,حبوب منع الحمل الطارئة,緊急避妊薬,सुबह गोली के बाद
morning sickness,náuseas matutinas,ốm nghén,Schwangerschaftsübelkeit,غثيان الصباح,つわり,सुबह की बीमारी
morphine,morfina,morphin,Morphium,مورفين,モルヒネ,अफ़ीम का सत्त्व
mosquito bites,picaduras de mosquitos,vết muỗi đốt,Mückenstiche,لدغات البعوض,蚊に刺された,मच्छर का काटना
mosquito-borne diseases,enfermedades transmitidas por mosquitos,bệnh do muỗi truyền,durch Mücken übertragene Krankheiten,الأمراض التي ينقلها البعوض,蚊媒介性疾患,मच्छर जनित रोग
motion sickness,mareo por movimiento,say tàu xe,Reisekrankheit,دوار الحركة,乗り物酔い,मोशन सिकनेस
motivation: how to get started,Motivación: cómo empezar,Động lực: Làm thế nào để bắt đầu,Motivation: Wie fängt man an?,الدافع: كيفية البدء,モチベーション：始め方,प्रेरणा: शुरुआत कैसे करें
motor neurone disease,enfermedad de la neurona motora,bệnh thoái hóa thần kinh vận động,Motoneuronerkrankung,مرض العصبون الحركي,運動ニューロン疾患,मोटर न्यूरॉन रोग
mountain sickness,mal de altura,bệnh núi,Höhenkrankheit,داء المرتفعات,高山病,पर्वतीय रोग
mouth and teeth,boca y dientes,miệng và răng,Mund und Zähne,الفم والأسنان,口と歯,मुंह और दांत
mouth and tongue cuts,Cortes en la boca y la lengua,vết cắt miệng và lưỡi,Schnitte im Mund- und Zungenbereich,جروح الفم واللسان,口と舌の切り傷,मुंह और जीभ में कट
mouth cancer,cáncer de boca,ung thư miệng,Mundkrebs,سرطان الفم,口腔がん,मुंह का कैंसर
mouth diseases and conditions,enfermedades y afecciones bucales,các bệnh và tình trạng về miệng,Mundkrankheiten und -zustände,أمراض وحالات الفم,口腔疾患および症状,मुंह के रोग और स्थितियां
mouth sores and ulcers,llagas y úlceras en la boca,vết loét và vết thương trong miệng,Mundgeschwüre und Aphten,تقرحات الفم,口内炎と潰瘍,मुंह के छाले और घाव
movement disorders,trastornos del movimiento,rối loạn vận động,Bewegungsstörungen,اضطرابات الدورة الشهرية,運動障害,गति विकार
mpox,mpox,mpox,mpox,mpox,mpox,mpox
mri,resonancia magnética,chụp cộng hưởng từ,MRT,التصوير بالرنين المغناطيسي,MRI,एमआरआई
mrsa,SARM,mrsa,MRSA,MRSA,MRSA,मरसा
ms,EM,bệnh đa xơ cứng,MS,آنسة,MS,एमएस
ms-2 step,Paso ms-2,bước ms-2,ms-2 Schritt,الخطوة ms-2,ms-2ステップ,एमएस-2 चरण
multiple myeloma,mieloma múltiple,bệnh đa u tủy,Multiples Myelom,ورم نقيي متعدد,多発性骨髄腫,एकाधिक मायलोमा
multiple personality disorder,trastorno de personalidad múltiple,rối loạn đa nhân cách,multiple Persönlichkeitsstörung,اضطراب الشخصية المتعددة,多重人格障害,बहु व्यक्तित्व विकार
multiple sclerosis,esclerosis múltiple,bệnh đa xơ cứng,Multiple Sklerose,تصلب متعدد,多発性硬化症,मल्टीपल स्क्लेरोसिस
mumps,paperas,quai bị,Mumps,النكاف,おたふく風邪,कण्ठमाला का रोग
murray valley encephalitis,encefalitis del valle de Murray,viêm não thung lũng Murray,Murray-Valley-Enzephalitis,التهاب الدماغ في وادي موراي,マレーバレー脳炎,मरे घाटी एन्सेफलाइटिस
muscle aches and pains,dolores y molestias musculares,đau nhức cơ bắp,Muskelkater und -schmerzen,آلام العضلات,筋肉の痛み,मांसपेशियों में दर्द और पीड़ा
muscle mass,masa muscular,khối lượng cơ bắp,Muskelmasse,كتلة العضلات,筋肉量,मांसपेशियों
muscle relaxation and stress relief,relajación muscular y alivio del estrés,thư giãn cơ bắp và giảm căng thẳng,Muskelentspannung und Stressabbau,استرخاء العضلات وتخفيف التوتر,筋肉の弛緩とストレス解消,मांसपेशियों को आराम और तनाव से राहत
muscular dystrophy,distrofia muscular,loạn dưỡng cơ,Muskeldystrophie,ضمور العضلات,筋ジストロフィー,मांसपेशीय डिस्ट्रॉफी
my health record,mi historial médico,hồ sơ sức khỏe của tôi,meine Gesundheitsakte,سجلي الصحي,私の健康記録,मेरा स्वास्थ्य रिकॉर्ड
myalgic encephalomyelitis,encefalomielitis miálgica,viêm não cơ,Myalgische Enzephalomyelitis,التهاب الدماغ والنخاع العضلي المؤلم,筋痛性脳脊髄炎,मायलजिक एन्सेफेलोमाइलाइटिस
myasthenia gravis,miastenia gravis,bệnh nhược cơ,Myasthenia gravis,الوهن العضلي الوبيل,重症筋無力症,मियासथीनिया ग्रेविस
mycoplasma pneumoniae,micoplasma pneumoniae,vi khuẩn Mycoplasma pneumoniae,Mycoplasma pneumoniae,الميكوبلازما الرئوية,マイコプラズマ肺炎,माइकोप्लाज्मा न्यूमोनिया
myocardial infarction,infarto de miocardio,nhồi máu cơ tim,Myokardinfarkt,احتشاء عضلة القلب,心筋梗塞,मायोकार्डियल इन्फार्क्शन
heart attack,ataque al corazón,đột quỵ tim,Herzinfarkt,نوبة قلبية,心臓麻痺,दिल का दौरा
myocarditis,miocarditis,viêm cơ tim,Myokarditis,التهاب عضل القلب,心筋炎,मायोकार्डिटिस
myoma,mioma,u xơ tử cung,Myom,ورم ليفي,子宮筋腫,मायोमा
myopia,miopía,cận thị,Kurzsichtigkeit,قصر النظر,近視,मायोपिया
myringoplasty,miringoplastia,phẫu thuật vá màng nhĩ,Myringoplastik,رأب طبلة الأذن,鼓膜形成術,मायरिंगोप्लास्टी
nappy rash,dermatitis del pañal,hăm tã,Windeldermatitis,طفح الحفاض,おむつかぶれ,नेपी रेश
narcissistic personality disorder,trastorno de personalidad narcisista,rối loạn nhân cách ái kỷ,narzisstische Persönlichkeitsstörung,اضطراب الشخصية النرجسية,自己愛性パーソナリティ障害,आत्ममुग्ध व्यक्तित्व विकार
natural disasters,desastres naturales,thiên tai,Naturkatastrophen,الكوارث الطبيعية,自然災害,प्राकृतिक आपदाएं
natural family planning,planificación familiar natural,kế hoạch hóa gia đình tự nhiên,natürliche Familienplanung,تنظيم الأسرة الطبيعي,自然家族計画,प्राकृतिक परिवार नियोजन
nausea,náuseas,buồn nôn,Übelkeit,غثيان,吐き気,मतली
feeling sick,ganas de vomitar,nôn nao,Unwohlsein,لوعة,気持ち悪さ,उबकाई आना
sick to my stomach,revuelto del estómago,mắc ói,Flaues Gefühl im Magen,غثيان في المعدة,吐き気がする,जी घबराना
nausea - morning sickness,náuseas - vómitos matutinos,buồn nôn - ốm nghén,Übelkeit - Schwangerschaftsübelkeit,الغثيان - غثيان الصباح,吐き気 - つわり,मतली - मॉर्निंग सिकनेस
neck pain,dolor de cuello,đau cổ,Nackenschmerzen,ألم في الرقبة,首の痛み,गर्दन में दर्द
necrotising fasciitis,fascitis necrosante,viêm cân hoại tử,nekrotisierende Fasziitis,التهاب اللفافة الناخر,壊死性筋膜炎,नेक्रोटाइजिंग फासिटिस
needlestick injuries,lesiones por pinchazos de aguja,chấn thương do kim đâm,Nadelstichverletzungen,إصابات وخز الإبر,針刺し事故,सुई चुभने से होने वाली चोटें
nephrostomy,nefrostomía,mở thông thận,Nephrostomie,فغر الكلية,腎瘻造設術,नेफ्रोस्टोमी
nephrotic syndrome,síndrome nefrótico,hội chứng thận hư,nephrotisches Syndrom,المتلازمة الكلوية,ネフローゼ症候群,नेफ़्रोटिक सिंड्रोम
nerve pain,neuralgia,đau dây thần kinh,Nervenschmerzen,ألم عصبي المنشأ,神経痛,तंत्रिका दर्द
nerve pain medication,medicamentos para el dolor nervioso,thuốc giảm đau thần kinh,Medikamente gegen Nervenschmerzen,مسكنات آلام الأعصاب,神経痛薬,तंत्रिका दर्द की दवा
nervous breakdown,crisis nerviosa,suy sụp thần kinh,Nervenzusammenbruch,انهيار عصبي,神経衰弱,तंत्रिका अवरोध
nervous system,sistema nervioso,hệ thần kinh,Nervensystem,الجهاز العصبي,神経系,तंत्रिका तंत्र
nervous system diseases,enfermedades del sistema nervioso,bệnh lý hệ thần kinh,Erkrankungen des Nervensystems,أمراض الجهاز العصبي,神経系の疾患,तंत्रिका तंत्र रोग
nettle rash,erupción por ortiga,phát ban do cây tầm ma,Nesselausschlag,طفح القراص,蕁麻疹,बिछुआ के चकत्ते
neuroblastoma in children,neuroblastoma en niños,u nguyên bào thần kinh ở trẻ em,Neuroblastom bei Kindern,الورم الأرومي العصبي عند الأطفال,小児の神経芽腫,बच्चों में न्यूरोब्लास्टोमा
neurodiversity and neurodivergence,neurodiversidad y neurodivergencia,sự đa dạng thần kinh và sự khác biệt thần kinh,Neurodiversität und Neurodivergenz,التنوع العصبي والاختلاف العصبي,神経多様性と神経発達,न्यूरोडायवर्सिटी और न्यूरोडायवर्जेंस
neuroendocrine cancers,cánceres neuroendocrinos,ung thư thần kinh nội tiết,neuroendokrine Tumoren,سرطانات الغدد الصماء العصبية,神経内分泌腫瘍,न्यूरोएंडोक्राइन कैंसर
neurofibromatosis,neurofibromatosis,bệnh u sợi thần kinh,Neurofibromatose,الورم الليفي العصبي,神経線維腫症,न्यूरोफाइब्रोमेटोसिस
neurologist,neurólogo,bác sĩ thần kinh,Neurologe,طبيب أعصاب,神経科医,न्यूरोलॉजिस्ट
neuromuscular system,sistema neuromuscular,hệ thần kinh cơ,neuromuskuläres System,الجهاز العصبي العضلي,神経筋系,तंत्रिकामांसपेशी प्रणाली
neuropathy,neuropatía,bệnh thần kinh,Neuropathie,اعتلال الأعصاب,神経障害,न्युरोपटी
neurosurgeon,neurocirujano,bác sĩ phẫu thuật thần kinh,Neurochirurg,جراح أعصاب,脳神経外科医,न्यूरोसर्जन
neutropenia,neutropenia,giảm bạch cầu trung tính,Neutropenie,قلة العدلات,好中球減少症,न्यूट्रोपिनिय
nicotine and smoking,nicotina y tabaquismo,nicotine và hút thuốc,Nikotin und Rauchen,النيكوتين والتدخين,ニコチンと喫煙,निकोटिन और धूम्रपान
nicotine dependence medicines,medicamentos para la dependencia de la nicotina,thuốc điều trị nghiện nicotine,Medikamente gegen Nikotinabhängigkeit,أدوية علاج إدمان النيكوتين,ニコチン依存症治療薬,निकोटिन की लत की दवाएँ
night sweats,sudores nocturnos,đổ mồ hôi ban đêm,Nachtschweiß,التعرق الليلي,寝汗,रात का पसीना
nipah virus,virus nipah,virus nipah,Nipah-Virus,فيروس نيباه,ニパウイルス,निपाह वायरस
nocturia,noche,tiểu đêm,Nykturie,التبول الليلي,夜間頻尿,निशामेह
non-hodgkin lymphoma,linfoma no Hodgkin,u lympho không Hodgkin,Non-Hodgkin-Lymphom,سرطان الغدد الليمفاوية اللاهودجكينية,非ホジキンリンパ腫,नॉन-हॉजकिन लिंफोमा
non-hodgkin lymphoma in children,linfoma no Hodgkin en niños,u lympho không Hodgkin ở trẻ em,Non-Hodgkin-Lymphom bei Kindern,سرطان الغدد الليمفاوية اللاهودجكينية عند الأطفال,小児の非ホジキンリンパ腫,बच्चों में नॉन-हॉजकिन लिंफोमा
noonan syndrome,síndrome de Noonan,hội chứng Noonan,Noonan-Syndrom,متلازمة نونان,ヌーナン症候群,नूनन सिंड्रोम
norovirus infection,infección por norovirus,nhiễm trùng norovirus,Norovirus-Infektion,عدوى فيروس نوروفيروس,ノロウイルス感染症,नोरोवायरस संक्रमण
nose and throat,nariz y garganta,mũi và họng,Nase und Rachen,الأنف والحلق,鼻と喉,नाक और गला
nose cancer,cáncer de nariz,ung thư mũi,Nasenkrebs,سرطان الأنف,鼻がん,नाक का कैंसर
nosebleeds,hemorragias nasales,chảy máu mũi,Nasenbluten,نزيف الأنف,鼻血,नाक से खून आना
notification of illness and disease,notificación de enfermedades y dolencias,thông báo về bệnh tật,Meldung von Krankheit und Krankheit,الإبلاغ عن المرض والحالة الصحية,病気および疾病の届出,बीमारी और रोग की सूचना
nurses,enfermeras,y tá,Krankenschwestern,الممرضات,看護師,नर्स
nursing home care,atención en residencia de ancianos,chăm sóc tại nhà dưỡng lão,Pflegeheimbetreuung,رعاية المسنين في دور الرعاية,介護施設でのケア,नर्सिंग होम देखभाल
nursing post,puesto de enfermería,vị trí điều dưỡng,Krankenpflegestelle,وظيفة التمريض,看護師の投稿,नर्सिंग पद
nut allergies,alergias a los frutos secos,dị ứng hạt,Nussallergien,حساسية المكسرات,ナッツアレルギー,मेवों से एलर्जी
nutrition,nutrición,dinh dưỡng,Ernährung,تَغذِيَة,栄養,पोषण
nutrition and healthy eating,nutrición y alimentación saludable,dinh dưỡng và ăn uống lành mạnh,Ernährung und gesunde Ernährung,التغذية والأكل الصحي,栄養と健康的な食生活,पोषण और स्वस्थ खानपान
obesity,obesidad,béo phì,Fettleibigkeit,بدانة,肥満,मोटापा
obesity in children,obesidad en niños,béo phì ở trẻ em,Fettleibigkeit bei Kindern,السمنة عند الأطفال,小児肥満,बच्चों में मोटापा
object,objeto,sự vật,Objekt,هدف,物体,वस्तु
objects in the ear,objetos en el oído,vật thể trong tai,Gegenstände im Ohr,أجسام في الأذن,耳の中の異物,कान में वस्तुएं
objects in the nose,objetos en la nariz,vật thể trong mũi,Fremdkörper in der Nase,أجسام في الأنف,鼻の中の異物,नाक में वस्तुएं
objects or chemicals in the eye,objetos o sustancias químicas en el ojo,vật thể hoặc hóa chất trong mắt,Fremdkörper oder Chemikalien im Auge,دخول أجسام غريبة أو مواد كيميائية في العين,目に異物や化学物質が入った場合,आँख में वस्तुएँ या रसायन चले जाना
obsessive-compulsive disorder,trastorno obsesivo compulsivo,chứng rối loạn ám ảnh cưỡng chế,Zwangsstörung,اضطراب الوسواس القهري,強迫性障害,अनियंत्रित जुनूनी विकार
obstructive sleep apnoea,apnea obstructiva del sueño,chứng ngưng thở khi ngủ do tắc nghẽn,obstruktive Schlafapnoe,انقطاع النفس الانسدادي النومي,閉塞性睡眠時無呼吸,अवरोधक स्लीप एपनिया
occupational therapy,terapia ocupacional,trị liệu nghề nghiệp,Beschäftigungstherapie,العلاج الوظيفي,作業療法,व्यावसायिक चिकित्सा
oesophageal cancer,cáncer de esófago,ung thư thực quản,Speiseröhrenkrebs,سرطان المريء,食道がん,ग्रासनली का कैंसर
oestrogen blood test,análisis de sangre de estrógeno,xét nghiệm máu estrogen,Östrogen-Bluttest,اختبار هرمون الاستروجين في الدم,エストロゲン血液検査,एस्ट्रोजन रक्त परीक्षण
older adults,adultos mayores,người lớn tuổi,ältere Erwachsene,كبار السن,高齢者,वृद्ध वयस्कों
older people and depression,personas mayores y depresión,người cao tuổi và chứng trầm cảm,ältere Menschen und Depression,كبار السن والاكتئاب,高齢者と鬱病,वृद्ध लोग और अवसाद
older people and mental health,personas mayores y salud mental,người cao tuổi và sức khỏe tâm thần,ältere Menschen und psychische Gesundheit,كبار السن والصحة النفسية,高齢者とメンタルヘルス,बुजुर्ग लोग और मानसिक स्वास्थ्य
oncologist,oncólogo,bác sĩ ung thư,Onkologe,طبيب أورام,腫瘍専門医,ऑन्कोलॉजिस्ट
oophorectomy,ooforectomía,cắt bỏ buồng trứng,Ovarektomie,استئصال المبيض,卵巣摘出術,अंडाशय को निकालना
open cholecystectomy,colecistectomía abierta,phẫu thuật cắt bỏ túi mật mở,offene Cholezystektomie,استئصال المرارة المفتوح,開腹胆嚢摘出術,ओपन कोलेसिस्टेक्टॉमी
open incisional hernia repair,reparación abierta de hernia incisional,phẫu thuật sửa chữa thoát vị vết mổ hở,offene Narbenhernienreparation,إصلاح الفتق الجراحي المفتوح,切開ヘルニア修復術,ओपन इनसिजनल हर्निया रिपेयर
open inguinal hernia repair,reparación abierta de hernia inguinal,phẫu thuật sửa chữa thoát vị bẹn hở,offene Leistenbruchoperation,إصلاح الفتق الإربي المفتوح,鼠径ヘルニアの開腹修復,ओपन इंगुइनल हर्निया की मरम्मत
open tmj surgery,Cirugía abierta de la ATM,phẫu thuật mở khớp thái dương hàm,offene Kiefergelenksoperation,جراحة المفصل الصدغي الفكي المفتوحة,顎関節開放手術,ओपन टीएमजे सर्जरी
ophthalmologist,oftalmólogo,bác sĩ nhãn khoa,Augenarzt,طبيب عيون,眼科医,नेत्र-विशेषज्ञ
opioid medicines,medicamentos opioides,thuốc opioid,Opioidmedikamente,الأدوية الأفيونية,オピオイド系医薬品,ओपिओइड दवाएँ
opioid medicines and pain,medicamentos opioides y dolor,thuốc giảm đau opioid và cơn đau,Opioidmedikamente und Schmerzen,الأدوية الأفيونية ومسكنات الألم,オピオイド系鎮痛薬と痛み,ओपिओइड दवाएं और दर्द
opioid safety,seguridad de los opioides,an toàn opioid,Sicherheit im Umgang mit Opioiden,سلامة المواد الأفيونية,オピオイドの安全性,ओपिओइड सुरक्षा
opioid withdrawal symptoms,síntomas de abstinencia de opioides,triệu chứng cai nghiện opioid,Opioidentzugssymptome,أعراض انسحاب المواد الأفيونية,オピオイド離脱症状,ओपिओइड वापसी के लक्षण
optic neuritis,neuritis óptica,viêm dây thần kinh thị giác,Optikusneuritis,التهاب العصب البصري,視神経炎,ऑप्टिक न्यूरिटिस
options for feeding your baby,opciones para alimentar a tu bebé,các lựa chọn để cho bé ăn,Möglichkeiten zur Fütterung Ihres Babys,خيارات لإطعام طفلك,赤ちゃんに授乳するための選択肢,अपने बच्चे को खिलाने के विकल्प
options for managing chronic pain,Opciones para el manejo del dolor crónico,các lựa chọn để kiểm soát cơn đau mãn tính,Optionen zur Behandlung chronischer Schmerzen,خيارات إدارة الألم المزمن,慢性疼痛の管理方法,दीर्घकालिक दर्द के प्रबंधन के विकल्प
oral sex and mouth care,sexo oral y cuidado bucal,quan hệ tình dục bằng miệng và chăm sóc răng miệng,Oralsex und Mundpflege,الجنس الفموي والعناية بالفم,オーラルセックスと口腔ケア,मुख मैथुन और मुंह की देखभाल
oral thrush,candidiasis oral,nấm miệng,Mundsoor,داء المبيضات الفموي,口腔カンジダ症,मुंह का छाला
orchidopexy for a palpable testicle,Orquidopexia para un testículo palpable,Phẫu thuật cố định tinh hoàn cho trường hợp tinh hoàn sờ thấy được,Orchidopexie bei einem tastbaren Hoden,تثبيت الخصية في حالة وجود خصية ملموسة,触知可能な精巣に対する精巣固定術,स्पर्शनीय वृषण के लिए ऑर्किडोपेक्सी
organ and tissue donation,donación de órganos y tejidos,hiến tặng nội tạng và mô,Organ- und Gewebespende,التبرع بالأعضاء والأنسجة,臓器および組織の提供,अंग और ऊतक दान
organ transplants,trasplantes de órganos,cấy ghép nội tạng,Organtransplantationen,عمليات زرع الأعضاء,臓器移植,अंग प्रत्यारोपण
orthodontic treatments,tratamientos de ortodoncia,điều trị chỉnh nha,kieferorthopädische Behandlungen,علاجات تقويم الأسنان,歯列矯正治療,ऑर्थोडॉन्टिक उपचार
orthodontists,ortodoncistas,bác sĩ chỉnh nha,Kieferorthopäden,أخصائيو تقويم الأسنان,矯正歯科医,दाँतों
osteoarthritis,osteoartritis,viêm khớp thoái hóa,Arthrose,هشاشة العظام,変形性関節症,पुराने ऑस्टियोआर्थराइटिस
osteoarthritis medication,medicamentos para la osteoartritis,thuốc điều trị viêm xương khớp,Medikamente gegen Arthrose,أدوية التهاب المفاصل,変形性関節症の薬,ऑस्टियोआर्थराइटिस की दवा
osteomyelitis,osteomielitis,viêm xương tủy,Osteomyelitis,التهاب العظم والنقي,骨髄炎,अस्थिमज्जा का प्रदाह
osteopathy,osteopatía,liệu pháp nắn xương,Osteopathie,طب تقويم العظام,オステオパシー,अस्थिरोगविज्ञानी
osteopenia,osteopenia,loãng xương,Osteopenie,هشاشة العظام,骨減少症,ऑस्टियोपेनिया
osteoporosis,osteoporosis,loãng xương,Osteoporose,هشاشة العظام,骨粗鬆症,ऑस्टियोपोरोसिस
osteoporosis medicines,medicamentos para la osteoporosis,thuốc loãng xương,Osteoporose-Medikamente,أدوية هشاشة العظام,骨粗鬆症治療薬,ऑस्टियोपोरोसिस की दवाएँ
osteosarcoma,osteosarcoma,ung thư xương,Osteosarkom,ساركوما العظام,骨肉腫,ऑस्टियो सार्कोमा
ostomy,ostomía,hậu môn nhân tạo,Stoma,فغر القولون,ストーマ,ओस्टोमी
otitis externa,otitis externa,viêm tai ngoài,Otitis externa,التهاب الأذن الخارجية,外耳炎,ओटाइटिस एक्सटर्ना
otosclerosis,otosclerosis,xơ cứng tai,Otosklerose,تصلب الأذن,耳硬化症,Otosclerosis
ovarian cancer,cáncer de ovario,ung thư buồng trứng,Eierstockkrebs,سرطان المبيض,卵巣がん,अंडाशयी कैंसर
ovarian cysts,quistes ováricos,u nang buồng trứng,Eierstockzysten,أكياس المبيض,卵巣嚢胞,अंडाशय की सिस्ट
ovarian torsion,torsión ovárica,xoắn buồng trứng,Eierstocktorsion,التواء المبيض,卵巣捻転,अंडाशय मरोड़
ovariectomy,ovariectomía,cắt bỏ buồng trứng,Ovarektomie,استئصال المبيض,卵巣摘出術,अंडाशय को हटा देना
over the counter medicines,medicamentos de venta libre,thuốc không cần kê đơn,rezeptfreie Medikamente,الأدوية التي تُصرف بدون وصفة طبية,市販薬,बिना डॉक्टर के पर्चे के मिलने वाली दवाएँ
overactive thyroid,tiroides hiperactiva,tuyến giáp hoạt động quá mức,Schilddrüsenüberfunktion,فرط نشاط الغدة الدرقية,甲状腺機能亢進症,अतिसक्रिय थायरॉइड
overdose,sobredosis,quá liều,Überdosis,جرعة زائدة,過剰摂取,जरूरत से ज्यादा
overweight children,niños con sobrepeso,trẻ em thừa cân,übergewichtige Kinder,الأطفال الذين يعانون من زيادة الوزن,太りすぎの子供たち,अधिक वजन वाले बच्चे
oxycodone,oxicodona,oxycodone,Oxycodon,أوكسيكودون,オキシコドン,ऑक्सीकोडोन
oxytocin,oxitocina,oxytocin,Oxytocin,الأوكسيتوسين,オキシトシン,ऑक्सीटोसिन
pacemaker,marcapasos,máy tạo nhịp tim,Schrittmacher,أجهزة تنظيم ضربات القلب,ペースメーカー,पेसमेकर
paediatricians,pediatras,bác sĩ nhi khoa,Kinderärzte,أطباء الأطفال,小児科医,बाल रोग
paget's disease of bone,enfermedad de Paget ósea,bệnh Paget xương,Morbus Paget der Knochen,مرض باجيت العظمي,骨のパジェット病,हड्डी का पैगेट रोग
pain,dolor,nỗi đau,Schmerz,ألم,痛み,दर्द
pain and aches,dolor y molestias,đau nhức,Schmerzen und Beschwerden,الألم والوجع,痛みとうずき,दर्द और पीड़ा
pain and opioid medicines,analgésicos y opioides,thuốc giảm đau và thuốc opioid,Schmerzmittel und Opioidmedikamente,مسكنات الألم والأدوية الأفيونية,痛みとオピオイド系鎮痛薬,दर्द निवारक और ओपिओइड दवाएं
pain in groin,dolor en la ingle,đau háng,Schmerzen in der Leiste,ألم في منطقة الفخذ,鼠径部の痛み,कमर में दर्द
pain question planner,planificador de preguntas sobre el dolor,công cụ lập kế hoạch câu hỏi về cơn đau,Schmerzfrageplaner,مخطط أسئلة الألم,痛みに関する質問プランナー,दर्द संबंधी प्रश्न योजनाकार
pain relief,alivio del dolor,giảm đau,Schmerzlinderung,تسكين الألم,痛みの緩和,दर्द से राहत
pain relief after surgery,alivio del dolor después de la cirugía,giảm đau sau phẫu thuật,Schmerzlinderung nach der Operation,تسكين الألم بعد الجراحة,手術後の痛みの緩和,सर्जरी के बाद दर्द से राहत
pain-relief medicines,medicamentos para aliviar el dolor,thuốc giảm đau,Schmerzmittel,أدوية تسكين الألم,鎮痛剤,दर्द निवारक दवाएँ
painful periods,períodos dolorosos,kinh nguyệt đau,schmerzhafte Perioden,آلام الدورة الشهرية,生理痛,दर्दनाक मासिक धर्म
painful sex,sexo doloroso,quan hệ tình dục đau đớn,schmerzhafter Sex,ممارسة الجنس المؤلمة,痛みを伴うセックス,दर्दनाक सेक्स
painkillers,analgésicos,thuốc giảm đau,Schmerzmittel,مسكنات الألم,鎮痛剤,दर्दनाशक
palliative care,cuidados paliativos,chăm sóc giảm nhẹ,Palliativpflege,الرعاية التلطيفية,緩和ケア,प्रशामक देखभाल
palpitations,palpitaciones,tim đập nhanh,Herzklopfen,خفقان القلب,動悸,धड़कन तेज़ होना
pam,Pam,pam,Pam,بام,パム,पाम
pancreas,páncreas,tuyến tụy,Pankreas,البنكرياس,膵臓,अग्न्याशय
pancreatic cancer,cáncer de páncreas,ung thư tuyến tụy,Bauchspeicheldrüsenkrebs,سرطان البنكرياس,膵臓癌,अग्न्याशय का कैंसर
pancreatitis,pancreatitis,viêm tụy,Pankreatitis,التهاب البنكرياس,膵炎,अग्नाशयशोथ
pandemics,pandemias,đại dịch,Pandemien,الأوبئة,パンデミック,महामारियां
panic attacks and panic disorder,ataques de pánico y trastorno de pánico,các cơn hoảng loạn và rối loạn hoảng loạn,Panikattacken und Panikstörung,نوبات الهلع واضطراب الهلع,パニック発作とパニック障害,घबराहट के दौरे और घबराहट विकार
pap smear,citología vaginal,phết tế bào cổ tử cung,Pap-Abstrich,مسحة عنق الرحم,パップテスト,पैप स्मीयर
paracentesis,paracentesis,chọc hút dịch màng bụng,Parazentese,بزل البطن,腹水穿刺,पैरासेन्टेसिस
paramedics,paramédicos,nhân viên cứu hộ,Rettungssanitäter,المسعفون,救急隊員,सहयोगी
paranoia,paranoia,chứng hoang tưởng,Paranoia,جنون العظمة,パラノイア,पागलपन
parasite conditions,condiciones parasitarias,tình trạng ký sinh trùng,Parasitenbefall,حالات الإصابة بالطفيليات,寄生虫の状態,परजीवी स्थितियाँ
parathyroid glands,glándulas paratiroides,tuyến cận giáp,Nebenschilddrüsen,الغدد جارات الدرقية,副甲状腺,पैराथाइरॉइड ग्रंथियां
parathyroidectomy,paratiroidectomía,phẫu thuật cắt bỏ tuyến cận giáp,Parathyreoidektomie,استئصال الغدة الدرقية,副甲状腺切除術,पैराथाइरोइडेक्टॉमी
paratyphoid and typhoid fever,fiebre paratifoidea y fiebre tifoidea,bệnh phó thương hàn và sốt thương hàn,Paratyphus und Typhus,حمى نظيرة التيفوئيد وحمى التيفوئيد,パラチフスと腸チフス,पैराटाइफाइड और टाइफाइड बुखार
paraumbilical and umbilical hernia repair,Reparación de hernias paraumbilicales y umbilicales,Phẫu thuật sửa chữa thoát vị rốn và thoát vị cạnh rốn,Reparatur von paraumbilikalen und Nabelhernien,إصلاح الفتق حول السرة والفتق السري,臍傍ヘルニアおよび臍ヘルニアの修復,पैराअम्बिलिकल और अम्बिलिकल हर्निया की मरम्मत
parechovirus,parechovirus,virus parechovirus,Parechovirus,فيروس باريكو,パレコウイルス,पैरेकोवायरस
parkinson's disease,enfermedad de Parkinson,bệnh Parkinson,Parkinson-Krankheit,مرض باركنسون,パーキンソン病,पार्किंसंस रोग
party drugs,drogas de fiesta,thuốc kích thích dùng trong tiệc tùng,Partydrogen,مخدرات الحفلات,パーティー用ドラッグ,पार्टी ड्रग्स
parvovirus b19,parvovirus b19,parvovirus b19,Parvovirus B19,فيروس بارفو ب19,パルボウイルスB19,पार्वोवायरस बी19
passive smoking,tabaquismo pasivo,hút thuốc thụ động,Passivrauchen,التدخين السلبي,受動喫煙,अनिवारक धूम्रपान
patient assisted travel schemes,programas de asistencia para pacientes en viajes,các chương trình hỗ trợ đi lại cho bệnh nhân,Patientenunterstützte Reiseprogramme,برامج السفر بمساعدة المرضى,患者支援旅行制度,रोगी सहायता प्राप्त यात्रा योजनाएँ
paying for dental care,pagar por la atención dental,chi trả cho dịch vụ chăm sóc răng miệng,Kosten für zahnärztliche Versorgung,دفع تكاليف العناية بالأسنان,歯科治療費の支払い,दंत चिकित्सा देखभाल के लिए भुगतान करना
paying for diagnostic testing,pago de pruebas diagnósticas,chi trả cho xét nghiệm chẩn đoán,Kosten für diagnostische Tests,دفع تكاليف الفحوصات التشخيصية,診断検査費用を支払う,नैदानिक ​​परीक्षण के लिए भुगतान करना
pcos,síndrome de ovario poliquístico,PCOS,PCOS,تكيس المبايض,PCOS,पीसीओ
peanut allergies,alergias al cacahuete,dị ứng đậu phộng,Erdnussallergien,حساسية الفول السوداني,ピーナッツアレルギー,मूंगफली से एलर्जी
peanut allergy,alergia al cacahuete,dị ứng đậu phộng,Erdnussallergie,حساسية الفول السوداني,ピーナッツアレルギー,मूंगफली से एलर्जी
peg tube placement,Colocación del tubo de clavija,đặt ống chốt,PEG-Rohr-Platzierung,وضع أنبوب التغذية,ペグチューブの配置,पेग ट्यूब प्लेसमेंट
pelvic floor exercises,ejercicios del suelo pélvico,bài tập sàn chậu,Beckenbodenübungen,تمارين قاع الحوض,骨盤底筋エクササイズ,श्रोणि तल के व्यायाम
pelvic inflammatory disease,enfermedad inflamatoria pélvica,bệnh viêm vùng chậu,Beckenentzündung,مرض التهاب الحوض,骨盤内炎症性疾患,श्रोणि सूजन बीमारी
pelvic pain,dolor pélvico,đau vùng chậu,Beckenschmerzen,ألم الحوض,骨盤痛,श्रोणि में दर्द
penicillin,penicilina,penicillin,Penicillin,البنسلين,ペニシリン,पेनिसिलिन
penis care,cuidado del pene,chăm sóc dương vật,Penispflege,العناية بالقضيب,ペニスケア,लिंग की देखभाल
penis injury,lesión de pene,chấn thương dương vật,Penisverletzung,إصابة في القضيب,陰茎損傷,लिंग में चोट
penis irritation,irritación del pene,kích ứng dương vật,Penisreizung,تهيج القضيب,陰茎の炎症,लिंग में जलन
penis problems,problemas del pene,vấn đề về dương vật,Penisprobleme,مشاكل القضيب,ペニスの問題,लिंग संबंधी समस्याएं
people in rural or remote locations and mental health,personas en zonas rurales o remotas y salud mental,người dân ở vùng nông thôn hoặc vùng hẻo lánh và sức khỏe tâm thần,Menschen in ländlichen oder abgelegenen Gebieten und psychische Gesundheit,الأشخاص في المناطق الريفية أو النائية والصحة النفسية,農村部や遠隔地に住む人々とメンタルヘルス,ग्रामीण या दूरस्थ स्थानों में रहने वाले लोग और उनका मानसिक स्वास्थ्य
pep,energía,sự hăng hái,Pep,بيب,ペップ,जोश
percutaneous coronary intervention,intervención coronaria percutánea,can thiệp mạch vành qua da,perkutane Koronarintervention,التدخل التاجي عن طريق الجلد,経皮的冠動脈インターベンション,परक्यूटेनियस कोरोनरी इंटरवेंशन
pericarditis,pericarditis,viêm màng ngoài tim,Perikarditis,التهاب التامور,心膜炎,पेरिकार्डिटिस
perimenopause,perimenopausia,tiền mãn kinh,Perimenopause,فترة ما قبل انقطاع الطمث,更年期移行期,perimenopause
period pain,dolor menstrual,đau bụng kinh,Regelschmerzen,آلام الدورة الشهرية,生理痛,मासिक धर्म का दर्द
period problems,problemas menstruales,vấn đề kinh nguyệt,Periodenprobleme,مشاكل الدورة الشهرية,生理の問題,मासिक धर्म संबंधी समस्याएं
periods,períodos,thời kỳ,Perioden,فترات,期間,अवधि
periods during breastfeeding,períodos durante la lactancia,giai đoạn trong thời kỳ cho con bú,Perioden während des Stillens,الفترات أثناء الرضاعة الطبيعية,授乳中の期間,स्तनपान के दौरान की अवधि
peripheral nerve block,bloqueo de nervios periféricos,phong bế thần kinh ngoại biên,periphere Nervenblockade,حصر الأعصاب الطرفية,末梢神経ブロック,परिधीय तंत्रिका ब्लॉक
peripheral nerve disorders,trastornos de los nervios periféricos,rối loạn thần kinh ngoại biên,Erkrankungen des peripheren Nervensystems,اضطرابات الأعصاب الطرفية,末梢神経障害,परिधीय तंत्रिका विकार
peripheral neuropathy,neuropatía periférica,bệnh thần kinh ngoại biên,periphere Neuropathie,اعتلال الأعصاب المحيطية,末梢神経障害,परिधीय तंत्रिकाविकृति
peripheral vascular disease,enfermedad vascular periférica,bệnh mạch máu ngoại biên,periphere Gefäßerkrankung,مرض الأوعية الدموية الطرفية,末梢血管疾患,बाह्य संवहनी बीमारी
peritoneoscopy,peritoneoscopia,nội soi phúc mạc,Peritoneoskopie,تنظير الصفاق,腹腔鏡検査,पेरिटोनोस्कोपी
peritonitis,peritonitis,viêm phúc mạc,Peritonitis,التهاب الصفاق,腹膜炎,पेरिटोनिटिस
personal hygiene,higiene personal,vệ sinh cá nhân,persönliche Hygiene,النظافة الشخصية,個人の衛生,व्यक्तिगत स्वच्छता
personality disorder,trastorno de la personalidad,rối loạn nhân cách,Persönlichkeitsstörung,اضطراب الشخصية,人格障害,व्यक्तित्व विकार
perthes disease,enfermedad de Perthes,bệnh Perthes,Morbus Perthes,مرض بيرثيز,ペルテス病,पर्थेस रोग
pesticide poisoning,intoxicación por pesticidas,ngộ độc thuốc trừ sâu,Pestizidvergiftung,التسمم بالمبيدات الحشرية,農薬中毒,कीटनाशक विषाक्तता
pet allergy,alergia a las mascotas,dị ứng thú cưng,Tierhaarallergie,حساسية الحيوانات الأليفة,ペットアレルギー,पालतू जानवरों से एलर्जी
pet scan,tomografía por emisión de positrones (PET),chụp PET,PET-Scan,فحص PET,PETスキャン,पालतू पशु स्कैन
pethidine,petidina,pethidine,Pethidin,بيثيدين,ペチジン,pethidine
pets,mascotas,thú cưng,Haustiere,حيوانات أليفة,ペット,पालतू जानवर
pharmaceutical benefits scheme,plan de beneficios farmacéuticos,chương trình trợ cấp dược phẩm,Arzneimittel-Leistungsprogramm,برنامج مزايا الأدوية,医薬品給付制度,दवा लाभ योजना
pharmacist,farmacéutico,dược sĩ,Apotheker,صيدلي,薬剤師,फार्मासिस्ट
pharyngitis,faringitis,viêm họng,Pharyngitis,التهاب البلعوم,咽頭炎,ग्रसनीशोथ
sore throat,dolor de garganta,đau họng,Halsschmerzen,احتقان الحلق,喉の痛み,गले में खराश
strep throat,faringitis estreptocócica,viêm họng liên cầu khuẩn,Halsentzündung,التهاب الحلق,のどの腫れ,गला खराब होना
phenylketonuria,fenilcetonuria,bệnh phenylketonuria,Phenylketonurie,بيلة الفينيل كيتون,フェニルケトン尿症,फेनिलकेटोनुरिया
phobias,fobias,nỗi sợ hãi,Phobien,الرهاب,恐怖症,भय
physical activity,actividad física,hoạt động thể chất,körperliche Aktivität,النشاط البدني,身体活動,शारीरिक गतिविधि
physical activity benefits for children,Beneficios de la actividad física para los niños,Lợi ích của hoạt động thể chất đối với trẻ em,Vorteile körperlicher Aktivität für Kinder,فوائد النشاط البدني للأطفال,子供にとっての身体活動の利点,बच्चों के लिए शारीरिक गतिविधि के लाभ
physical examination by a doctor,examen físico realizado por un médico,khám sức khỏe tổng quát bởi bác sĩ,körperliche Untersuchung durch einen Arzt,الفحص البدني من قبل الطبيب,医師による身体検査,डॉक्टर द्वारा शारीरिक परीक्षण
physical process of dying,proceso físico de morir,quá trình vật lý của cái chết,physischer Sterbeprozess,العملية الجسدية للموت,死に至る身体的過程,मरने की शारीरिक प्रक्रिया
physiotherapy,fisioterapia,vật lý trị liệu,Physiotherapie,العلاج الطبيعي,理学療法,भौतिक चिकित्सा
pica,pica,pica,Pica,بيكا,ピカ,छापे का पाइका नाप का अक्षर
piercing,perforación,xỏ khuyên,Piercing,ثقب الجسم,ピアス,पियर्सिंग
pilonidal disease,enfermedad pilonidal,bệnh nang lông,Pilonidalerkrankung,مرض الناسور الشعري,毛巣病,पिलोनाइडल रोग
pineal gland,glándula pineal,tuyến tùng,Zirbeldrüse,الغدة الصنوبرية,松果体,पीनियल ग्रंथि
pinnaplasty,pinnaplastia,phẫu thuật tạo hình vành tai,Ohrenkorrektur,عملية تجميل صيوان الأذن,耳介形成術,पिन्नाप्लास्टी
pituitary gland,glándula pituitaria,tuyến yên,Hypophyse,الغدة النخامية,下垂体,पिट्यूटरी ग्रंथि
pityriasis rosea,pitiriasis rosada,bệnh vảy phấn hồng,Pityriasis rosea,النخالية الوردية,ジベルバラ色粃糠疹,पिटिरियासिस रोजिया
placenta praevia,placenta previa,nhau tiền đạo,Placenta praevia,المشيمة المنزاحة,前置胎盤,प्लेसेंटा प्रीविया
planning pregnancy,planificación del embarazo,lên kế hoạch mang thai,Schwangerschaftsplanung,التخطيط للحمل,妊娠計画,गर्भावस्था की योजना बनाना
plant stings,picaduras de plantas,cây chích,Pflanzenstiche,لسعات النباتات,植物の毒針,पौधे के डंक
plantar fasciitis,fascitis plantar,viêm cân gan chân,Plantarfasziitis,التهاب اللفافة الأخمصية,足底筋膜炎,प्लांटर फैसिसाइटिस
pleural effusion,derrame pleural,tràn dịch màng phổi,Pleuraerguss,انصباب جنبي,胸水,फुफ्फुस बहाव
pleurisy,pleuritis,viêm màng phổi,Pleuritis,التهاب الجنبة,胸膜炎,फुस्फुस के आवरण में शोथ
pneumococcal disease,enfermedad neumocócica,bệnh phế cầu khuẩn,Pneumokokkenerkrankung,مرض المكورات الرئوية,肺炎球菌感染症,न्यूमोकोकल रोग
pneumonia,neumonía,viêm phổi,Lungenentzündung,التهاب رئوي,肺炎,न्यूमोनिया
pneumothorax,neumotórax,tràn khí màng phổi,Pneumothorax,استرواح الصدر,気胸,वातिलवक्ष
podiatrist,podólogo,bác sĩ chân,Podologe,مطبب الأرجل,足病医,पोडियाट्रिस्ट
poisoning,envenenamiento,ngộ độc,Vergiftung,تسمم,中毒,जहर
polio,polio,bệnh bại liệt,Polio,شلل الأطفال,ポリオ,पोलियो
pollen allergy,alergia al polen,dị ứng phấn hoa,Pollenallergie,حساسية حبوب اللقاح,花粉症,पराग से एलर्जी
polycystic ovarian syndrome,síndrome de ovario poliquístico,hội chứng buồng trứng đa nang,polyzystisches Ovarialsyndrom,متلازمة تكيس المبايض,多嚢胞性卵巣症候群,पॉलीसिस्टिक डिम्बग्रंथि सिंड्रोम
polymyalgia rheumatica,polimialgia reumática,viêm đa cơ dạng thấp,Polymyalgia rheumatica,التهاب العضلات الروماتيزمي,リウマチ性多発筋痛症,पोलिमेल्जिया रुमेटिका
polyps,pólipos,polyp,Polypen,الزوائد اللحمية,ポリープ,जंतु
porphyria,porfiria,bệnh rối loạn chuyển hóa porphyrin,Porphyrie,البورفيريا,ポルフィリン症,आनुवांशिक असामान्यता
positron emission tomography,tomografía por emisión de positrones,chụp cắt lớp phát xạ positron,Positronen-Emissions-Tomographie,التصوير المقطعي بالإصدار البوزيتروني,陽電子放出断層撮影,पॉज़िट्रॉन उत्सर्जन टोमोग्राफी
post menopause,posmenopausia,sau mãn kinh,postmenopausen,ما بعد انقطاع الطمث,閉経後,रजोनिवृत्ति के बाद
post-nasal drip,goteo posnasal,chảy dịch mũi sau,postnasales Tropfen,سيلان الأنف الخلفي,後鼻漏,पोस्ट नेज़ल ड्रिप
post-traumatic stress disorder,trastorno de estrés postraumático,rối loạn căng thẳng sau chấn thương,posttraumatische Belastungsstörung,اضطراب ما بعد الصدمة,心的外傷後ストレス障害,अभिघातज के बाद का तनाव विकार
posterior prolapse,prolapso posterior,sa tạng sau,hinterer Prolaps,تدلي الجزء الخلفي من الجسم,後方脱出,पश्चवर्ती प्रोलैप्स
posterior repair,reparación posterior,sửa chữa phía sau,hintere Reparatur,إصلاح خلفي,後方修復,पश्चवर्ती मरम्मत
postnatal depression,depresión posparto,trầm cảm sau sinh,postnatale Depression,اكتئاب ما بعد الولادة,産後うつ病,प्रसवोत्तर अवसाद
postural orthostatic tachycardia syndrome,síndrome de taquicardia ortostática postural,hội chứng nhịp tim nhanh tư thế đứng,Posturales orthostatisches Tachykardiesyndrom,متلازمة تسرع القلب الوضعي الانتصابي,起立性頻脈症候群,पोस्टुरल ऑर्थोस्टैटिक टैचीकार्डिया सिंड्रोम
potassium and your health,El potasio y su salud,Kali và sức khỏe của bạn,Kalium und Ihre Gesundheit,البوتاسيوم وصحتك,カリウムとあなたの健康,पोटेशियम और आपका स्वास्थ्य
potassium deficiency,deficiencia de potasio,thiếu kali,Kaliummangel,نقص البوتاسيوم,カリウム欠乏症,पोटेशियम की कमी
prader-willi syndrome,síndrome de Prader-Willi,hội chứng Prader-Willi,Prader-Willi-Syndrom,متلازمة برادر ويلي,プラダー・ウィリー症候群,प्रेडर-विली सिंड्रोम
pre-diabetes,prediabetes,tiền tiểu đường,Prädiabetes,مقدمات السكري,糖尿病予備軍,पूर्व मधुमेह
pre-eclampsia,preeclampsia,tiền sản giật,Präeklampsie,تسمم الحمل,妊娠高血圧症候群,पूर्व प्रसवाक्षेप
pre-exposure prophylaxis,profilaxis preexposición,dự phòng trước phơi nhiễm,Präexpositionsprophylaxe,الوقاية قبل التعرض,曝露前予防,पूर्व-एक्सपोज़र प्रोफिलैक्सिस
prednisolone,prednisolona,prednisolone,Prednisolon,بريدنيزولون,プレドニゾロン,प्रेडनिसोलोन
pregnancy,embarazo,mang thai,Schwangerschaft,الحمل,妊娠,गर्भावस्था
pregnancy warning signs,señales de alerta del embarazo,dấu hiệu cảnh báo mang thai,Warnzeichen in der Schwangerschaft,علامات تحذيرية للحمل,妊娠の警告サイン,गर्भावस्था के चेतावनी संकेत
premature and early menopause,menopausia precoz y temprana,mãn kinh sớm và sớm,vorzeitige und frühe Menopause,انقطاع الطمث المبكر وانقطاع الطمث المبكر,早発閉経,असमय और जल्दी रजोनिवृत्ति
premature ejaculation,eyaculación precoz,xuất tinh sớm,vorzeitiger Samenerguss,سرعة القذف,早漏,शीघ्रपतन
premenstrual syndrome,síndrome premenstrual,hội chứng tiền kinh nguyệt,Prämenstruelles Syndrom,متلازمة ما قبل الحيض,月経前症候群,प्रागार्तव
preparing for surgery,preparación para la cirugía,chuẩn bị cho ca phẫu thuật,Vorbereitung auf die Operation,الاستعداد للجراحة,手術の準備,सर्जरी की तैयारी
presbyopia,presbicia,lão thị,Alterssichtigkeit,قصر النظر الشيخوخي,老眼,जरादूरदृष्टि
pressure sores,úlceras por presión,vết loét do áp lực,Druckgeschwüre,تقرحات الضغط,褥瘡,प्रेशर सोर
prickly heat,sarpullido por calor,rôm sảy,Hitzepickel,الحرارة الشائكة,あせも,तेज गर्मी के कारण दाने निकलना
primary aldosteronism,aldosteronismo primario,bệnh cường aldosteron nguyên phát,primärer Aldosteronismus,فرط الألدوستيرونية الأولي,原発性アルドステロン症,प्राथमिक एल्डोस्टेरोनिज़्म
primary amoebic meningoencephalitis,meningoencefalitis amebiana primaria,viêm màng não do amip nguyên phát,primäre Amöbenmeningoenzephalitis,التهاب السحايا والدماغ الأميبي الأولي,原発性アメーバ性髄膜脳炎,प्राथमिक अमीबिक मेनिंगोएन्सेफलाइटिस
primary anti-reflux surgery,cirugía antirreflujo primaria,phẫu thuật chống trào ngược chính,primäre Antireflux-Operation,جراحة الارتجاع الأولية,一次逆流防止手術,प्राथमिक एंटी-रिफ्लक्स सर्जरी
private health insurance,seguro médico privado,bảo hiểm y tế tư nhân,private Krankenversicherung,التأمين الصحي الخاص,民間医療保険,निजी स्वास्थ्य बीमा
probiotics,probióticos,men vi sinh,Probiotika,البروبيوتيك,プロバイオティクス,प्रोबायोटिक्स
proctitis,proctitis,viêm trực tràng,Proktitis,التهاب المستقيم,直腸炎,प्रोक्टाइटिस
progestogen-only contraceptive pill,píldora anticonceptiva de solo progestágeno,thuốc tránh thai chỉ chứa progestogen,Gestagen-Monopräparat,حبوب منع الحمل التي تحتوي على البروجستيرون فقط,プロゲステロン単剤の経口避妊薬,केवल प्रोजेस्टोजेन युक्त गर्भनिरोधक गोली
prolapsed uterus,prolapso uterino,sa tử cung,Gebärmuttervorfall,هبوط الرحم,子宮脱,गर्भाशय का अग्रभाग
prolonged erection,erección prolongada,cương cứng kéo dài,verlängerte Erektion,انتصاب مطول,持続勃起,लंबे समय तक इरेक्शन
prostate cancer,cáncer de próstata,ung thư tuyến tiền liệt,Prostatakrebs,سرطان البروستاتا,前立腺がん,प्रोस्टेट कैंसर
prostate problems,problemas de próstata,các vấn đề về tuyến tiền liệt,Prostataprobleme,مشاكل البروستاتا,前立腺の問題,प्रोस्टेट संबंधी समस्याएं
prostheses,prótesis,bộ phận giả,Prothesen,الأطراف الاصطناعية,義肢,कृत्रिम अंग
protein,proteína,protein,Protein,بروتين,タンパク質,प्रोटीन
prothrombin time,tiempo de protrombina,thời gian prothrombin,Prothrombinzeit,زمن البروثرومبين,プロトロンビン時間,प्रोथॉम्बिन समय
pruritus ani,prurito anal,ngứa hậu môn,Pruritus ani,حكة شرجية,肛門のかゆみ,गुदा में खुजली
psa test,prueba de PSA,xét nghiệm PSA,PSA-Test,اختبار مستضد البروستات النوعي (PSA),PSA検査,पीएसए परीक्षण
psoriasis,soriasis,bệnh vẩy nến,Schuppenflechte,صدفية,乾癬,सोरायसिस
psoriasis medication,medicamentos para la psoriasis,thuốc trị bệnh vảy nến,Psoriasis-Medikamente,أدوية الصدفية,乾癬治療薬,सोरायसिस की दवा
psoriatic arthritis,artritis psoriásica,viêm khớp vảy nến,Psoriasis-Arthritis,التهاب المفاصل الصدفي,乾癬性関節炎,सोरायटिक गठिया
psychiatrist,psiquiatra,bác sĩ tâm thần,Psychiater,طبيب نفساني,精神科医,मनोचिकित्सक
psychological trauma,trauma psicológico,chấn thương tâm lý,psychisches Trauma,الصدمة النفسية,心理的トラウマ,मनोवैज्ञानिक आघात
psychologists,psicólogos,các nhà tâm lý học,Psychologen,علماء النفس,心理学者,मनोवैज्ञानिकों
psychosis,psicosis,loạn thần,Psychose,ذهان,精神病,मनोविकृति
psychotherapy,psicoterapia,liệu pháp tâm lý,Psychotherapie,العلاج النفسي,心理療法,मनोचिकित्सा
ptosis surgery,cirugía de ptosis,phẫu thuật sụp mí mắt,Ptosis-Operation,جراحة تدلي الجفن,眼瞼下垂手術,पलकों के गिरने की सर्जरी
puberty,pubertad,tuổi dậy thì,Pubertät,بلوغ,思春期,तरुणाई
pubic lice,piojos púbicos,rận mu,Filzläuse,قمل العانة,陰毛ジラミ,जघन जूँ
public and private hospital systems,sistemas hospitalarios públicos y privados,hệ thống bệnh viện công và tư,öffentliche und private Krankenhaussysteme,أنظمة المستشفيات العامة والخاصة,公立および私立病院システム,सार्वजनिक और निजी अस्पताल प्रणालियाँ
pulmonary embolism,embolia pulmonar,tắc mạch phổi,Lungenembolie,الانصمام الرئوي,肺塞栓症,फुफ्फुसीय अंतःशल्यता
pulmonary fibrosis,fibrosis pulmonar,xơ phổi,Lungenfibrose,التليف الرئوي,肺線維症,फेफड़े की तंतुमयता
pulmonary hypertension,hipertensión pulmonar,tăng huyết áp động mạch phổi,pulmonale Hypertonie,ارتفاع ضغط الشريان الرئوي,肺高血圧症,फेफड़ों की धमनियों में उच्च रक्तचाप
punch biopsy of a skin lesion,biopsia por punción de una lesión cutánea,sinh thiết bấm lỗ tổn thương da,Stanzbiopsie einer Hautläsion,خزعة جلدية بالثقب,皮膚病変のパンチ生検,त्वचा के घाव की पंच बायोप्सी
pyloromyotomy,piloromiotomía,phẫu thuật cắt cơ môn vị,Pyloromyotomie,بضع البواب,幽門筋切開術,पाइलोरोमायोटॉमी
q fever,fiebre q,sốt q,Q-Fieber,حمى كيو,Q熱,क्यू बुखार
question builder,creador de preguntas,công cụ xây dựng câu hỏi,Fragengenerator,أداة إنشاء الأسئلة,質問作成ツール,प्रश्न निर्माता
questions to ask before taking a medicine,preguntas que debe hacerse antes de tomar un medicamento,Những câu hỏi cần đặt ra trước khi dùng thuốc.,"Fragen, die man sich vor der Einnahme eines Medikaments stellen sollte",أسئلة يجب طرحها قبل تناول الدواء,薬を服用する前に尋ねるべき質問,दवा लेने से पहले पूछे जाने वाले प्रश्न
questions to ask your doctor,preguntas que debe hacerle a su médico,những câu hỏi cần hỏi bác sĩ,Fragen an Ihren Arzt,أسئلة لطرحها على طبيبك,医師に尋ねるべき質問,अपने डॉक्टर से पूछने योग्य प्रश्न
quit smoking,dejar de fumar,bỏ thuốc lá,Mit dem Rauchen aufhören,الإقلاع عن التدخين,禁煙する,धूम्रपान छोड़ने
quitting vaping,dejar de vapear,bỏ thuốc lá điện tử,Aufhören mit dem Dampfen,الإقلاع عن التدخين الإلكتروني,電子タバコをやめる,वेपिंग छोड़ना
rabies,rabia,bệnh dại,Tollwut,داء الكلب,狂犬病,रेबीज
radio-frequency endometrial ablation,ablación endometrial por radiofrecuencia,đốt nội mạc tử cung bằng sóng tần số vô tuyến,Radiofrequenzablation des Endometriums,استئصال بطانة الرحم بالترددات الراديوية,高周波子宮内膜アブレーション,रेडियो-आवृत्ति एंडोमेट्रियल एब्लेशन
radiographer,radiógrafo,kỹ thuật viên chụp X-quang,Radiologe,أخصائي الأشعة,放射線技師,रेडियोग्राफ़ पर काम करनेवाल
radiologist,radiólogo,bác sĩ X quang,Radiologe,أخصائي الأشعة,放射線科医,रेडियोलोकेशन करनेवाला
radiotherapy,radioterapia,xạ trị,Strahlentherapie,العلاج الإشعاعي,放射線療法,रेडियोथेरेपी
rape,violación,hiếp dâm,vergewaltigen,اغتصاب,レイプ,बलात्कार
rashes,erupciones,phát ban,Ausschläge,طفح جلدي,発疹,चकत्ते
raynaud's phenomenon,fenómeno de Raynaud,hội chứng Raynaud,Raynaud-Phänomen,ظاهرة رينود,レイノー現象,रेनॉड की घटना
recalls of medicines,retiradas de medicamentos,thu hồi thuốc,Rückrufe von Medikamenten,سحب الأدوية,医薬品のリコール,दवाओं की वापसी
recovery,recuperación,sự hồi phục,Erholung,استعادة,回復,वसूली
rectal bleeding,sangrado rectal,chảy máu trực tràng,Rektale Blutungen,نزيف شرجي,直腸出血,मलाशय से रक्तस्राव
rectal cancer,cáncer de recto,ung thư trực tràng,Rektumkarzinom,سرطان المستقيم,直腸がん,मलाशय कैंसर
rectal diseases and conditions,enfermedades y afecciones rectales,các bệnh và tình trạng trực tràng,Erkrankungen und Beschwerden des Rektums,أمراض وحالات المستقيم,直腸疾患および症状,मलाशय संबंधी रोग और स्थितियाँ
rectocele,rectocele,sa trực tràng,Rektozele,فتق المستقيم,直腸瘤,रेक्टोसील
red blood cells,glóbulos rojos,hồng cầu,rote Blutkörperchen,خلايا الدم الحمراء,赤血球,लाल रक्त कोशिकाओं
reducing visceral fat,reducción de la grasa visceral,giảm mỡ nội tạng,Reduzierung des viszeralen Fetts,تقليل الدهون الحشوية,内臓脂肪を減らす,आंतरिक अंगों की चर्बी कम करना
reducing your risk of developing a blood clot,reducir el riesgo de desarrollar un coágulo de sangre,giảm nguy cơ hình thành cục máu đông,Verringerung des Risikos der Bildung eines Blutgerinnsels,تقليل خطر الإصابة بجلطة دموية,血栓ができるリスクを軽減する,रक्त का थक्का बनने के जोखिम को कम करना
referrals,referencias,giới thiệu,Empfehlungen,الإحالات,紹介,रेफरल
reflux,reflujo,trào ngược,Reflux,الارتجاع,還流,भाटा
refractive errors,errores de refracción,tật khúc xạ,Refraktionsfehler,أخطاء الانكسار,屈折異常,अपवर्तक त्रुटियाँ
rehabilitation,rehabilitación,phục hồi chức năng,Rehabilitation,إعادة التأهيل,リハビリテーション,पुनर्वास
rehabilitation after illness or injury,rehabilitación después de una enfermedad o lesión,Phục hồi chức năng sau khi ốm đau hoặc chấn thương,Rehabilitation nach Krankheit oder Verletzung,إعادة التأهيل بعد المرض أو الإصابة,病気や怪我からの回復,बीमारी या चोट के बाद पुनर्वास
relaxation techniques for stress relief,técnicas de relajación para aliviar el estrés,các kỹ thuật thư giãn để giảm căng thẳng,Entspannungstechniken zur Stressbewältigung,تقنيات الاسترخاء لتخفيف التوتر,ストレス解消のためのリラクゼーションテクニック,तनाव से राहत पाने के लिए विश्राम तकनीकें
remedial massage,masaje terapéutico,massage trị liệu,Heilmassage,التدليك العلاجي,治療マッサージ,उपचारात्मक मालिश
removing benign skin lesions,Extirpación de lesiones cutáneas benignas,loại bỏ các tổn thương da lành tính,Entfernung gutartiger Hautläsionen,إزالة الآفات الجلدية الحميدة,良性皮膚病変の除去,सौम्य त्वचा घावों को हटाना
removing metalwork,eliminación de trabajos metálicos,tháo dỡ các bộ phận kim loại,Metallarbeiten entfernen,إزالة المشغولات المعدنية,金属加工品の取り外し,धातु के काम को हटाना
removing permanent teeth,extracción de dientes permanentes,nhổ răng vĩnh viễn,Entfernung bleibender Zähne,إزالة الأسنان الدائمة,永久歯の抜歯,स्थायी दांत निकालना
reporting problems with medicines,informar sobre problemas con los medicamentos,báo cáo các vấn đề liên quan đến thuốc,Meldung von Problemen mit Medikamenten,الإبلاغ عن مشاكل الأدوية,医薬品に関する問題の報告,दवाओं से संबंधित समस्याओं की रिपोर्टिंग
residential aged care,residencias para ancianos,chăm sóc người cao tuổi tại nhà,stationäre Altenpflege,دور رعاية المسنين,高齢者向け居住型介護施設,आवासीय वृद्ध देखभाल
resilience,resiliencia,khả năng phục hồi,Widerstandsfähigkeit,صمود,回復力,लचीलापन
respiratory syncytial virus,Virus sincitial respiratorio,vi-rút thể hợp bào gây bệnh lý hô hấp,Respiratorisches Synzytial-Virus,الفيروس المخلوي التنفسي,RSウイルス,श्वसनतंत्र संबंधी बहुकेंद्रकी वाइरस
respiratory system,sistema respiratorio,hệ hô hấp,Atmungssystem,الجهاز التنفسي,呼吸器系,श्वसन प्रणाली
respiratory viruses,virus respiratorios,vi rút đường hô hấp,Atemwegsviren,الفيروسات التنفسية,呼吸器ウイルス,श्वसन वायरस
respite care,cuidados de relevo,chăm sóc tạm thời,Kurzzeitpflege,الرعاية المؤقتة,短期入所介護,राहत देखभाल
resting heart rate,frecuencia cardíaca en reposo,nhịp tim khi nghỉ ngơi,Ruhepuls,معدل ضربات القلب أثناء الراحة,安静時心拍数,विश्राम के समय हृदय गति
restless legs syndrome,síndrome de piernas inquietas,hội chứng chân không yên,Restless-Legs-Syndrom,متلازمة تململ الساقين,むずむず脚症候群,बेचैन पैर सिंड्रोम
retained object or tampon,objeto retenido o tampón,vật thể sót lại hoặc băng vệ sinh,Fremdkörper oder Tampon,جسم عالق أو سدادة قطنية,体内に異物またはタンポンが残っている,अंदर फंसी हुई वस्तु या टैम्पोन
retinal detachment,desprendimiento de retina,bong võng mạc,Netzhautablösung,انفصال الشبكية,網膜剥離,रेटिना का अलग होना
retinal detachment surgery,cirugía de desprendimiento de retina,phẫu thuật bong võng mạc,Netzhautablösungsoperation,جراحة انفصال الشبكية,網膜剥離手術,रेटिना अलग होने की सर्जरी
retinitis pigmentosa,retinitis pigmentosa,viêm võng mạc sắc tố,Retinitis pigmentosa,التهاب الشبكية الصباغي,網膜色素変性症,रेटिनाइटिस पिगमेंटोसा
rett syndrome,síndrome de Rett,hội chứng Rett,Rett-Syndrom,متلازمة ريت,レット症候群,रेट सिंड्रोम
reversal of hartmann's procedure,Reversión del procedimiento de Hartmann,đảo ngược quy trình Hartmann,Umkehrung des Hartmann-Verfahrens,عكس إجراء هارتمان,ハルトマン手術の逆転,हार्टमैन की प्रक्रिया का उलटफेर
reversing a vasectomy,revertir una vasectomía,đảo ngược quá trình thắt ống dẫn tinh,Rückgängigmachung einer Vasektomie,عكس عملية قطع القناة المنوية,精管切除術を元に戻す,नसबंदी को उलटना
revision total hip replacement,Revisión de reemplazo total de cadera,phẫu thuật thay khớp háng toàn phần tái tạo,Revisions-Totalhüftprothese,مراجعة استبدال مفصل الورك الكلي,人工股関節再置換術,कुल कूल्हे के प्रतिस्थापन का संशोधन
revision total knee replacement,Revisión de reemplazo total de rodilla,phẫu thuật thay khớp gối toàn phần tái tạo,Revisions-Kniegelenkersatz,مراجعة استبدال مفصل الركبة الكلي,人工膝関節再置換術,कुल घुटने के प्रतिस्थापन का संशोधन
revision total shoulder replacement,Revisión de reemplazo total de hombro,phẫu thuật thay khớp vai toàn phần tái tạo,Revisions-Total-Schulterprothese,مراجعة استبدال الكتف بالكامل,人工肩関節全置換術の再置換,कुल कंधे के प्रतिस्थापन का संशोधन
rhabdomyolysis,rabdomiólisis,tiêu cơ vân,Rhabdomyolyse,انحلال الربيدات,横紋筋融解症,रैबडोमायोलिसिस
rheumatic fever,fiebre reumática,sốt thấp khớp,rheumatisches Fieber,الحمى الروماتيزمية,リウマチ熱,वातज्वर
rheumatic heart disease,enfermedad cardíaca reumática,bệnh tim thấp khớp,rheumatisches Herzleiden,مرض القلب الروماتيزمي,リウマチ性心疾患,रुमेटिक हृदय रोग
rheumatoid arthritis,artritis reumatoide,viêm khớp dạng thấp,rheumatoide Arthritis,التهاب المفصل الروماتويدي,関節リウマチ,रूमेटाइड गठिया
rhinoplasty,rinoplastia,phẫu thuật thẩm mỹ mũi,Nasenkorrektur,عملية تجميل الأنف,鼻形成術,रिनोप्लास्टी
rhinosinusitis,rinosinusitis,viêm xoang mũi,Rhinosinusitis,التهاب الجيوب الأنفية,副鼻腔炎,राइनोसिनुसाइटिस
rhinovirus,rinovirus,rhinovirus,Rhinovirus,فيروس الأنف,ライノウイルス,rhinovirus
rickets,raquitismo,còi xương,Rachitis,الكساح,くる病,सूखा रोग
rights of consumers,derechos de los consumidores,quyền của người tiêu dùng,Rechte der Verbraucher,حقوق المستهلكين,消費者の権利,उपभोक्ताओं के अधिकार
rigid cystoscopy,cistoscopia rígida,nội soi bàng quang cứng,starre Zystoskopie,تنظير المثانة الصلب,硬性膀胱鏡検査,कठोर सिस्टोस्कोपी
ringing in the ears,zumbido en los oídos,ù tai,Klingeln in den Ohren,طنين في الأذنين,耳鳴りがする,कान में घंटी बज रही है
root canal treatment,tratamiento de conducto radicular,điều trị tủy răng,Wurzelkanalbehandlung,علاج قناة الجذر,根管治療,रूट कैनाल उपचार
rosacea,rosácea,bệnh trứng cá đỏ,Rosacea,العُدّ الوردي,酒さ様皮膚炎,rosacea
roseola infantum,roséola infantil,bệnh sởi ở trẻ sơ sinh,Roseola infantum,الوردية الطفولية,乳児バラ疹,रोजियोला इन्फेंटम
ross river virus infection,infección por el virus del río Ross,nhiễm virus sông Ross,Ross-River-Virus-Infektion,عدوى فيروس نهر روس,ロスリバーウイルス感染症,रॉस नदी वायरस संक्रमण
rotator cuff injury,lesión del manguito rotador,chấn thương gân cơ xoay vai,Rotatorenmanschettenverletzung,إصابة الكفة المدورة,回旋筋腱板損傷,रोटेटर कफ की चोट
rotavirus infection,infección por rotavirus,nhiễm trùng rotavirus,Rotavirusinfektion,عدوى فيروس الروتا,ロタウイルス感染症,रोटावायरस संक्रमण
routine antenatal tests,pruebas prenatales de rutina,xét nghiệm tiền sản định kỳ,routinemäßige pränatale Tests,الفحوصات الروتينية قبل الولادة,定期的な妊婦健診,नियमित प्रसवपूर्व परीक्षण
rsi,rsi,rsi,RSI,مؤشر الكسر الرسغي,rsi,आरएसआई
rsv,rsv,rsv,rsv,rsv,RSV,आरएसवी
rubella,rubéola,bệnh rubella,Röteln,الحصبة الألمانية,風疹,रूबेला
running,correr,đang chạy,läuft,جري,ランニング,दौड़ना
runny nose,goteo nasal,sổ mũi,laufende Nase,سيلان الأنف,鼻水,बहती नाक
rural and remote health,salud rural y remota,y tế nông thôn và vùng sâu vùng xa,ländliche und abgelegene Gesundheitsversorgung,الصحة الريفية والنائية,農村部および遠隔地の医療,ग्रामीण और दूरस्थ स्वास्थ्य
rural health services,servicios de salud rurales,dịch vụ y tế nông thôn,ländliche Gesundheitsdienste,خدمات الصحة الريفية,農村部の医療サービス,ग्रामीण स्वास्थ्य सेवाएं
sacroiliitis,sacroileítis,viêm khớp cùng chậu,Sakroiliitis,التهاب المفصل العجزي الحرقفي,仙腸関節炎,सैक्रोइलिटिस
safe exercise for children,Ejercicio seguro para niños,bài tập thể dục an toàn cho trẻ em,sichere Bewegung für Kinder,ممارسة الرياضة الآمنة للأطفال,子供のための安全な運動,बच्चों के लिए सुरक्षित व्यायाम
safe sex,sexo seguro,quan hệ tình dục an toàn,sicherer Sex,ممارسة الجنس الآمن,安全なセックス,सुरक्षित यौन संबंध
salmonella,salmonela,vi khuẩn Salmonella,Salmonellen,السالمونيلا,サルモネラ,साल्मोनेला
salpingectomy,salpingectomía,cắt bỏ ống dẫn trứng,Salpingektomie,استئصال البوق,卵管切除術,सैल्पिंगेक्टोमी
salt,sal,muối,Salz,ملح,塩,नमक
sarcoidosis,sarcoidosis,bệnh sarcoidosis,Sarkoidose,الساركويد,サルコイドーシス,सारकॉइडोसिस
sars,SARS,bệnh sars,SARS,سارس,SARS,सार्स
saturated fat,grasas saturadas,chất béo bão hòa,gesättigte Fettsäuren,الدهون المشبعة,飽和脂肪,संतृप्त वसा
scabies,sarna,ghẻ,Krätze,الجرب,疥癬,खुजली
scalds,escaldaduras,bỏng,Verbrühungen,يحرق,やけど,झुलसना
scarlet fever,escarlatina,sốt ban đỏ,Scharlach,الحمى القرمزية,猩紅熱,लोहित ज्बर
scheduling of medicines and poisons,Clasificación de medicamentos y venenos,phân loại thuốc và chất độc,Einteilung von Medikamenten und Giften,جدولة الأدوية والسموم,医薬品および毒物の規制,दवाओं और जहरों का निर्धारण
schizoaffective disorder,trastorno esquizoafectivo,rối loạn tâm thần phân liệt,schizoaffektive Störung,اضطراب الفصام الوجداني,統合失調感情障害,स्किज़ोअफेक्टिव डिसऑर्डर
schizophrenia,esquizofrenia,tâm thần phân liệt,Schizophrenie,فُصام,統合失調症,एक प्रकार का मानसिक विकार
school exclusion,exclusión escolar,bị đuổi học,Schulausschluss,الاستبعاد من المدرسة,学校からの排除,स्कूल से निष्कासन
school exclusion periods,períodos de exclusión escolar,thời gian bị loại khỏi trường học,Schulausschlusszeiten,فترات الاستبعاد من المدرسة,学校からの退学期間,स्कूल से निष्कासन की अवधि
sciatica,ciática,đau thần kinh tọa,Ischias,عرق النسا,坐骨神経痛,साइटिका
scleroderma,esclerodermia,bệnh xơ cứng bì,Sklerodermie,تصلب الجلد,強皮症,त्वग्काठिन्य
scoliosis,escoliosis,vẹo cột sống,Skoliose,الجنف,脊柱側弯症,पार्श्वकुब्जता
scurvy,escorbuto,bệnh scurvy,Skorbut,داء الإسقربوط,壊血病,पाजी
sea sick,Mareo,say sóng,seekrank,دوار البحر,船酔い,समुद्री बीमारी
seafood allergies,alergias a los mariscos,dị ứng hải sản,Meeresfrüchteallergien,الحساسية تجاه المأكولات البحرية,魚介類アレルギー,समुद्री भोजन से एलर्जी
seasonal affective disorder,trastorno afectivo estacional,rối loạn cảm xúc theo mùa,saisonale affektive Störung,الاضطراب العاطفي الموسمي,季節性感情障害,मौसम की वजह से होने वाली बिमारी
seasonal flu,gripe estacional,cúm mùa,saisonale Grippe,الإنفلونزا الموسمية,季節性インフルエンザ,मौसमी फ्लू
seborrhoeic dermatitis,dermatitis seborreica,viêm da tiết bã,seborrhoische Dermatitis,التهاب الجلد الدهني,脂漏性皮膚炎,सेबोरहाइक डर्मेटाइटिस
seizures,convulsiones,cơn động kinh,Anfälle,نوبات,発作,बरामदगी
self-esteem,autoestima,lòng tự trọng,Selbstwertgefühl,تقدير الذات,自尊心,आत्मसम्मान
self-examination,autoexamen,tự kiểm tra,Selbstuntersuchung,الفحص الذاتي,自己検査,स्वयं परीक्षा
self-harm,autolesión,tự làm hại bản thân,Selbstverletzung,الأذى الذاتي,自傷,खुद को नुकसान
self-talk,diálogo interno,tự nói chuyện với bản thân,Selbstgespräch,الحديث مع النفس,自己対話,अपनी बात
seniors,personas mayores,người cao tuổi,Senioren,كبار السن,高齢者,वरिष्ठ
seniors' health,salud de las personas mayores,sức khỏe người cao tuổi,Gesundheit von Senioren,صحة كبار السن,高齢者の健康,वरिष्ठ नागरिकों का स्वास्थ्य
sensory impairments,deficiencias sensoriales,suy giảm giác quan,sensorische Beeinträchtigungen,الإعاقات الحسية,感覚障害,संवेदी हानि
sentinel node biopsy,biopsia del ganglio centinela,sinh thiết hạch gác,Sentinel-Lymphknotenbiopsie,خزعة العقدة الليمفاوية الحارسة,センチネルリンパ節生検,सेंटिनल नोड बायोप्सी
separation anxiety,ansiedad por separación,lo lắng chia ly,Trennungsangst,قلق الانفصال,分離不安,विभाजन की उत्कण्ठा
sepsis,septicemia,nhiễm trùng huyết,Sepsis,الإنتان,敗血症,पूति
sepsis and septicaemia,sepsis y septicemia,nhiễm trùng huyết và nhiễm trùng máu,Sepsis und Septikämie,الإنتان وتسمم الدم,敗血症と敗血症性ショック,सेप्सिस और सेप्टीसीमिया
septic arthritis,artritis séptica,viêm khớp nhiễm trùng,septische Arthritis,التهاب المفاصل الإنتاني,化膿性関節炎,सेप्टिक गठिया
septoplasty,septoplastia,phẫu thuật chỉnh vách ngăn mũi,Septumplastik,عملية تجميل الحاجز الأنفي,鼻中隔形成術,सेप्टोप्लास्टी
septorhinoplasty,septorrinoplastia,phẫu thuật chỉnh hình vách ngăn mũi,Septorhinoplastik,عملية تجميل الأنف,鼻中隔形成術,सेप्टोरिनोप्लास्टी
serotonin,serotonin,serotonin,Serotonin,السيروتونين,セロトニン,सेरोटोनिन
sever's disease,enfermedad de Sever,bệnh Sever,Sever-Krankheit,مرض سيفر,セーバー病,सेवर रोग
severe acute respiratory syndrome,síndrome respiratorio agudo grave,hội chứng hô hấp cấp tính nặng,schweres akutes respiratorisches Syndrom,متلازمة تنفسية حادة وخيمة,重症急性呼吸器症候群,सीवियर एक्यूट रेस्पिरेटरी सिंड्रोम
sex and disability,sexo y discapacidad,giới tính và khuyết tật,Geschlecht und Behinderung,الجنس والإعاقة,性別と障害,लिंग और विकलांगता
sexual assault,agresión sexual,tấn công tình dục,sexueller Übergriff,الاعتداء الجنسي,性的暴行,यौन उत्पीड़न
sexual harassment,Acoso sexual,quấy rối tình dục,sexuelle Belästigung,التحرش الجنسي,性的嫌がらせ,यौन उत्पीड़न
sexual health,salud sexual,sức khỏe tình dục,sexuelle Gesundheit,الصحة الجنسية,性に関する健康,यौन स्वास्थ्य
sexual problems,problemas sexuales,vấn đề tình dục,sexuelle Probleme,مشاكل جنسية,性的な問題,यौन समस्याएं
sexually transmitted infections,infecciones de transmisión sexual,các bệnh lây truyền qua đường tình dục,sexuell übertragbare Infektionen,الأمراض المنقولة جنسياً,性感染症,यौन रूप से संक्रामित संक्रमण
shigella,shigella,bệnh lỵ,Shigella,الشيغيلا,赤痢菌,शिगेला
shin splints,periostitis tibial,đau ống chân,Schienbeinkantensyndrom,التهاب عظم الساق,脛骨過労性骨膜炎,पिंडली में दर्द
shingles,herpes,bệnh zona,Gürtelrose,هربس نطاقي,帯状疱疹,दाद
shock,choque,sốc,Schock,صدمة,ショック,झटका
shocks,choques,cú sốc,Schocks,الصدمات,衝撃,झटके
shopping addiction,adicción a las compras,nghiện mua sắm,Kaufsucht,إدمان التسوق,買い物依存症,खरीदारी की लत
short-sightedness,miopía,cận thị,Kurzsichtigkeit,قصر النظر,近視,अदूरदर्शिता
short-term care,atención a corto plazo,chăm sóc ngắn hạn,Kurzzeitpflege,الرعاية قصيرة الأجل,短期介護,अल्पकालिक देखभाल
should i be tested for heart disease?,¿Debería hacerme pruebas para detectar enfermedades cardíacas?,Tôi có nên đi xét nghiệm bệnh tim không?,Sollte ich mich auf Herzkrankheiten untersuchen lassen?,هل ينبغي عليّ الخضوع لفحص أمراض القلب؟,心臓病の検査を受けるべきでしょうか？,क्या मुझे हृदय रोग की जांच करानी चाहिए?
should i be tested for skin cancer?,¿Debería hacerme una prueba para detectar cáncer de piel?,Tôi có nên đi xét nghiệm ung thư da không?,Sollte ich mich auf Hautkrebs testen lassen?,هل ينبغي عليّ الخضوع لفحص سرطان الجلد؟,皮膚がんの検査を受けるべきでしょうか？,क्या मुझे त्वचा कैंसर की जांच करानी चाहिए?
shoulder pain,dolor de hombro,đau vai,Schulterschmerzen,ألم في الكتف,肩の痛み,कंधे में दर्द
shoulder stabilisation surgery,cirugía de estabilización del hombro,phẫu thuật ổn định khớp vai,Schulterstabilisierungsoperation,جراحة تثبيت الكتف,肩関節安定化手術,कंधे को स्थिर करने की सर्जरी
shoulder surgery,cirugía de hombro,phẫu thuật vai,Schulteroperation,جراحة الكتف,肩の手術,कंधे की सर्जरी
sick children,niños enfermos,trẻ em bị bệnh,kranke Kinder,الأطفال المرضى,病気の子供たち,बीमार बच्चे
sickle cell anaemia,anemia falciforme,bệnh thiếu máu hồng cầu hình lưỡi liềm,Sichelzellenanämie,فقر الدم المنجلي,鎌状赤血球貧血,रक्त की लाल कोशिकाओं की कमी
side effects from medicines,efectos secundarios de los medicamentos,tác dụng phụ của thuốc,Nebenwirkungen von Medikamenten,الآثار الجانبية للأدوية,薬の副作用,दवाओं के दुष्प्रभाव
signs of mental health issues,señales de problemas de salud mental,dấu hiệu của các vấn đề sức khỏe tâm thần,Anzeichen psychischer Probleme,علامات مشاكل الصحة النفسية,精神疾患の兆候,मानसिक स्वास्थ्य समस्याओं के लक्षण
sildenafil,sildenafil,sildenafil,Sildenafil,سيلدينافيل,シルデナフィル,सिल्डेनाफिल
silicosis,silicosis,bệnh bụi phổi silic,Silikose,داء السيليكا,珪肺症,सिलिकोसिस
sinusitis,sinusitis,viêm xoang,Sinusitis,التهاب الجيوب الأنفية,副鼻腔炎,साइनसाइटिस
sjögren’s syndrome,síndrome de Sjögren,hội chứng Sjögren,Sjögren-Syndrom,متلازمة شوغرن,シェーグレン症候群,सजोग्रेन सिंड्रोम
skin,piel,da,Haut,جلد,肌,त्वचा
skin cancer,cáncer de piel,ung thư da,Hautkrebs,سرطان الجلد,皮膚がん,त्वचा कैंसर
skin conditions,afecciones de la piel,các bệnh về da,Hauterkrankungen,الأمراض الجلدية,皮膚疾患,त्वचा की स्थिति
skin staph infections,infecciones cutáneas por estafilococos,nhiễm trùng tụ cầu khuẩn trên da,Hautinfektionen mit Staphylokokken,عدوى المكورات العنقودية الجلدية,皮膚ブドウ球菌感染症,त्वचा के स्टैफ संक्रमण
skin tags,etiquetas de la piel,mụn thịt trên da,Hautanhängsel,زوائد جلدية,スキンタグ,त्वचा की चिप्पी
slapped cheek syndrome,síndrome de la mejilla abofeteada,hội chứng má đỏ,Ohrfeigen-Syndrom,متلازمة الخد المصفوع,頬を叩かれたような感覚,थप्पड़ मारे गाल सिंड्रोम
sleep,dormir,ngủ,schlafen,ينام,寝る,नींद
sleep disorders,trastornos del sueño,rối loạn giấc ngủ,Schlafstörungen,اضطرابات النوم,睡眠障害,नींद संबंधी विकार
sleep paralysis,parálisis del sueño,tê liệt khi ngủ,Schlafparalyse,شلل النوم,睡眠麻痺,नींद पक्षाघात
sleep tips for children,Consejos para que los niños duerman bien,lời khuyên về giấc ngủ cho trẻ em,Schlaftipps für Kinder,نصائح نوم للأطفال,子供の睡眠に関するアドバイス,बच्चों के लिए नींद संबंधी सुझाव
sleeping pills,píldoras para dormir,thuốc ngủ,Schlafmittel,حبوب منومة,睡眠薬,नींद की गोलियां
sleepwalking,somnambulismo,mộng du,Schlafwandeln,المشي أثناء النوم,夢遊病,नींद में चलने
sleeve gastrectomy surgery,cirugía de gastrectomía en manga,phẫu thuật cắt bỏ một phần dạ dày,Schlauchmagen-Operation,جراحة تكميم المعدة,スリーブ状胃切除術,स्लीव गैस्ट्रेक्टॉमी सर्जरी
slips,resbalones,trượt,Rutschen,انزلاقات,スリップ,फिसल जाता है
smallpox,viruela,bệnh đậu mùa,Pocken,الجدري,天然痘,चेचक
smoking,de fumar,hút thuốc,Rauchen,تدخين,喫煙,धूम्रपान
smoking and vaping,fumar y vapear,hút thuốc và thuốc lá điện tử,Rauchen und Dampfen,التدخين والتبخير الإلكتروني,喫煙と電子タバコの使用,धूम्रपान और वेपिंग
snake bites,mordeduras de serpiente,vết rắn cắn,Schlangenbisse,لدغات الثعابين,ヘビに噛まれた,सांप ने काट लिया
sneezing,estornudar,hắt hơi,Niesen,العطس,くしゃみ,छींकना
social anxiety,ansiedad social,lo âu xã hội,soziale Angst,القلق الاجتماعي,社交不安,सामाजिक चिंता
social behaviour disorders,trastornos del comportamiento social,rối loạn hành vi xã hội,Störungen des Sozialverhaltens,اضطرابات السلوك الاجتماعي,社会的行動障害,सामाजिक व्यवहार विकार
social workers,trabajadores sociales,nhân viên xã hội,Sozialarbeiter,الأخصائيون الاجتماعيون,ソーシャルワーカー,सामाजिक कार्यकर्ता
sodium,sodio,natri,Natrium,الصوديوم,ナトリウム,सोडियम
soft tissue sarcoma in children,sarcoma de tejidos blandos en niños,U sarcoma mô mềm ở trẻ em,Weichteilsarkom bei Kindern,ساركوما الأنسجة الرخوة عند الأطفال,小児の軟部組織肉腫,बच्चों में नरम ऊतक सार्कोमा
sore throats,dolor de garganta,đau họng,Halsschmerzen,التهاب الحلق,喉の痛み,गले गले
speech development in children,desarrollo del habla en los niños,sự phát triển ngôn ngữ ở trẻ em,Sprachentwicklung bei Kindern,تطور الكلام عند الأطفال,子どもの言語発達,बच्चों में वाक् विकास
speech pathology,patología del habla,bệnh lý ngôn ngữ,Sprachpathologie,أخصائي أمراض النطق,言語療法,वाक् विकृति विज्ञान
speech problems,problemas del habla,vấn đề về lời nói,Sprachprobleme,مشاكل النطق,言語障害,बोलने में समस्याएँ
speed,velocidad,tốc độ,Geschwindigkeit,سرعة,スピード,रफ़्तार
spider bites,picaduras de araña,vết cắn của nhện,Spinnenbisse,لدغات العناكب,クモに噛まれた,मकड़ी के काटने
spina bifida,espina bífida,tật nứt đốt sống,Spina bifida,السنسنة المشقوقة,二分脊椎,स्पाइना बिफिडा
spinal anaesthetic,anestesia espinal,gây tê tủy sống,Spinalanästhesie,التخدير النخاعي,脊髄麻酔,स्पाइनल एनेस्थेटिक
spinal cord injuries,lesiones de la médula espinal,chấn thương tủy sống,Rückenmarksverletzungen,إصابات الحبل الشوكي,脊髄損傷,रीढ़ की हड्डी की चोटें
spinal disc problems,problemas de disco espinal,các vấn đề về đĩa đệm cột sống,Bandscheibenprobleme,مشاكل العمود الفقري,椎間板の問題,रीढ़ की हड्डी की डिस्क संबंधी समस्याएं
spinal disorders,trastornos de la columna vertebral,rối loạn cột sống,Wirbelsäulenerkrankungen,اضطرابات العمود الفقري,脊椎疾患,रीढ़ की हड्डी के विकार
spinal muscular atrophy,atrofia muscular espinal,teo cơ cột sống,spinale Muskelatrophie,ضمور العضلات الشوكي,脊髄性筋萎縮症,स्पाइनल मस्कुलर एट्रोफी
spinal stenosis,estenosis espinal,hẹp ống sống,Spinalkanalstenose,تضيق القناة الشوكية,脊柱管狭窄症,स्पाइनल स्टेनोसिस
spleen problems,problemas del bazo,các vấn đề về lá lách,Milzprobleme,مشاكل الطحال,脾臓の問題,तिल्ली की समस्याएं
spondylolisthesis,espondilolistesis,trượt đốt sống,Spondylolisthesis,انزلاق الفقرات,脊椎すべり症,स्पोंडिलोलिस्थेसिस
sport benefits for children,Beneficios del deporte para los niños,Lợi ích của thể thao đối với trẻ em,Vorteile des Sports für Kinder,فوائد رياضية للأطفال,子供にとってのスポーツの利点,बच्चों के लिए खेल के लाभ
sports massage,masaje deportivo,massage thể thao,Sportmassage,التدليك الرياضي,スポーツマッサージ,खेल मालिश
spotting,punteo,phát hiện,Sichtung,رصد,スポッティング,खोलना
sprained ankle,esguince de tobillo,bong gân mắt cá chân,verstauchtes Sprunggelenk,التواء الكاحل,足首の捻挫,मोच खाए टखने
sprained wrist,esguince de muñeca,bong gân cổ tay,verstauchtes Handgelenk,التواء في المعصم,手首の捻挫,मोचग्रस्त कलाई
sprains and strains,esguinces y distensiones,bong gân và căng cơ,Verstauchungen und Zerrungen,الالتواءات والإجهاد,捻挫と肉離れ,मोच और खिंचाव
squamous cell carcinoma,carcinoma de células escamosas,ung thư biểu mô tế bào vảy,Plattenepithelkarzinom,سرطانة حرشفية الخلايا,扁平上皮癌,त्वचा कोशिकाओं का कार्सिनोमा
st john's wort,hierba de San Juan,cây Hypericum perforatum,Johanniskraut,نبتة سانت جون,セントジョーンズワート,सेंट जॉन का पौधा
standard drink,bebida estándar,đồ uống tiêu chuẩn,Standardgetränk,مشروب قياسي,標準的な飲み物,मानक पेय
stapedectomy,estapedectomía,phẫu thuật cắt bỏ xương bàn đạp,Stapedektomie,استئصال الركاب,アブミ骨切除術,स्टेपेडेक्टोमी
staph infections,infecciones por estafilococos,nhiễm trùng tụ cầu khuẩn,Staphylokokkeninfektionen,عدوى المكورات العنقودية,ブドウ球菌感染症,स्टैफ संक्रमण
statins,estatinas,statin,Statine,الستاتينات,スタチン,स्टेटिन
staying fit,mantenerse en forma,giữ dáng,fit bleiben,الحفاظ على اللياقة البدنية,健康を維持する,चुस्त रहना
staying motivated,mantenerse motivado,duy trì động lực,Motivation bewahren,حافظ على حماسك,モチベーションを維持する,प्रेरित रहना
staying safe during floods and cyclones,mantenerse a salvo durante inundaciones y ciclones,Giữ an toàn trong thời gian lũ lụt và bão lốc,Sicherheit bei Überschwemmungen und Zyklonen,الحفاظ على السلامة أثناء الفيضانات والأعاصير,洪水やサイクロン発生時の安全確保,बाढ़ और चक्रवात के दौरान सुरक्षित रहना
stem cells,células madre,tế bào gốc,Stammzellen,الخلايا الجذعية,幹細胞,स्टेम कोशिकाएं
steroid injection,inyección de esteroides,tiêm steroid,Steroidinjektion,حقنة الستيرويد,ステロイド注射,स्टेरॉयड इंजेक्शन
steroids,esteroides,steroid,Steroide,المنشطات,ステロイド,'स्टेरॉयड
sticky eye,ojo pegajoso,con mắt dính,klebriges Auge,عين لزجة,粘着眼,चिपचिपी आँख
stimulant drugs,drogas estimulantes,thuốc kích thích,Stimulanzien,الأدوية المنشطة,覚醒剤,उत्तेजक दवाएँ
stinging plants,plantas urticantes,cây có gai,Brennnesselpflanzen,النباتات اللاذعة,刺す植物,चुभने वाले पौधे
stings and bites,picaduras y mordeduras,vết chích và vết cắn,Stiche und Bisse,اللسعات واللدغات,刺したり噛んだりする,डंक और काटने
stis,stis,stis,stis,الأمراض المنقولة جنسياً,スティス,एसटीआई
stis screening tests,pruebas de detección de ETS,xét nghiệm sàng lọc bệnh lây truyền qua đường tình dục,STI-Screeningtests,اختبارات الكشف عن الأمراض المنقولة جنسياً,性感染症スクリーニング検査,एसटीआई स्क्रीनिंग परीक्षण
stoma,estoma,lỗ mở,Stoma,فغر,ストーマ,स्टोमा
stomach cancer,cáncer de estómago,ung thư dạ dày,Magenkrebs,سرطان المعدة,胃癌,आमाशय का कैंसर
stomach pain,dolor de estómago,đau bụng,Magenschmerzen,ألم في المعدة,腹痛,पेट दर्द
stomach ulcers,úlceras estomacales,loét dạ dày,Magengeschwüre,قرحة المعدة,胃潰瘍,पेट के अल्सर
stool changes,cambios en las heces,thay đổi phân,Stuhlveränderungen,تغيرات في البراز,便の変化,मल में परिवर्तन
stool tests,análisis de heces,xét nghiệm phân,Stuhltests,اختبارات البراز,便検査,मल परीक्षण
storms,tormentas,bão,Stürme,العواصف,嵐,तूफान
strains and sprains,distensiones y esguinces,bong gân và căng cơ,Zerrungen und Verstauchungen,الالتواءات والإجهادات,捻挫と挫傷,मरोड़ और मोच
strength training,entrenamiento de fuerza,tập luyện sức mạnh,Krafttraining,تدريب القوة,筋力トレーニング,मज़बूती की ट्रेनिंग
streptococcal infection,infección estreptocócica,nhiễm trùng liên cầu khuẩn,Streptokokkeninfektion,عدوى المكورات العقدية,連鎖球菌感染症,स्ट्रेप्टोकोकल संक्रमण
stress,estrés,nhấn mạnh,Stress,ضغط,ストレス,तनाव
stress in young people,estrés en los jóvenes,căng thẳng ở người trẻ,Stress bei jungen Menschen,التوتر لدى الشباب,若者のストレス,युवाओं में तनाव
stress relief and relaxation,alivio del estrés y relajación,giảm căng thẳng và thư giãn,Stressabbau und Entspannung,تخفيف التوتر والاسترخاء,ストレス解消とリラクゼーション,तनाव से मुक्ति और आराम
stroke,ataque,đột quỵ,Schlaganfall,سكتة دماغية,脳卒中,आघात
stuttering,tartamudeo,nói lắp,Stottern,التأتأة,どもり,हकलाना
stye,orzuelo,lẹo mắt,Schweinestall,جذر الشعرة,麦粒腫,स्टाई
subdural haematoma,hematoma subdural,tụ máu dưới màng cứng,Subduralhämatom,ورم دموي تحت الجافية,硬膜下血腫,सबड्यूरल हेमाटोमा
substance misuse,abuso de sustancias,lạm dụng chất gây nghiện,Substanzmissbrauch,إساءة استخدام المواد المخدرة,薬物乱用,मादक पदार्थों का दुरुपयोग
sudden infant death syndrome,síndrome de muerte súbita del lactante,hội chứng đột tử ở trẻ sơ sinh,Plötzlicher Kindstod,متلازمة موت الرضع المفاجئ,乳幼児突然死症候群,अचानक शिशु मृत्यु सिंड्रोम
sugar,azúcar,đường,Zucker,سكر,砂糖,चीनी
suicidal thoughts,pensamientos suicidas,ý nghĩ tự tử,Selbstmordgedanken,أفكار انتحارية,自殺願望,आत्महत्या के विचार
suicide,suicidio,tự tử,Selbstmord,انتحار,自殺,आत्मघाती
suicide warning signs,señales de advertencia de suicidio,dấu hiệu cảnh báo tự tử,Suizid-Warnzeichen,علامات تحذيرية للانتحار,自殺の兆候,आत्महत्या के चेतावनी संकेत
summer skin rashes,erupciones cutáneas de verano,phát ban da mùa hè,Sommerliche Hautausschläge,طفح جلدي صيفي,夏の皮膚発疹,गर्मी के मौसम में त्वचा पर चकत्ते
sunburn and sun protection,quemaduras solares y protección solar,cháy nắng và bảo vệ da khỏi ánh nắng mặt trời,Sonnenbrand und Sonnenschutz,حروق الشمس والحماية من الشمس,日焼けと日焼け対策,धूप से त्वचा का जलना और धूप से बचाव
sunscreen,protector solar,kem chống nắng,Sonnenschutzmittel,واقي الشمس,日焼け止め,सनस्क्रीन
support for children with cancer,apoyo para niños con cáncer,hỗ trợ cho trẻ em mắc bệnh ung thư,Unterstützung für krebskranke Kinder,دعم الأطفال المصابين بالسرطان,がんを患う子どもたちへの支援,कैंसर से पीड़ित बच्चों के लिए सहायता
support for parents of children with cancer,apoyo para padres de niños con cáncer,Hỗ trợ cho cha mẹ có con mắc bệnh ung thư,Unterstützung für Eltern von krebskranken Kindern,دعم آباء الأطفال المصابين بالسرطان,がんを患う子どもの親への支援,कैंसर से पीड़ित बच्चों के माता-पिता के लिए सहायता
surgery,cirugía,ca phẫu thuật,Operation,جراحة,手術,शल्य चिकित्सा
surgery for anal fistula,cirugía para fístula anal,phẫu thuật điều trị rò hậu môn,Operation bei Analfistel,جراحة الناسور الشرجي,肛門瘻の手術,गुदा फिस्टुला के लिए सर्जरी
surgery for benign scrotal lumps,Cirugía para extirpar bultos escrotales benignos,phẫu thuật điều trị u lành tính ở bìu,Operation bei gutartigen Hodensackknoten,جراحة لعلاج الأورام الحميدة في كيس الصفن,良性陰嚢腫瘤の手術,अंडकोष में सौम्य गांठों के लिए सर्जरी
surgery for de quervain's disease,Cirugía para la enfermedad de De Quervain,phẫu thuật điều trị bệnh De Quervain,Operation bei Morbus De Quervain,جراحة لعلاج مرض دي كيرفان,ドケルバン病の手術,डीक्वेरवेन रोग के लिए सर्जरी
surgery for diverticular disease,cirugía para la enfermedad diverticular,phẫu thuật điều trị bệnh túi thừa,Operation bei Divertikulose,جراحة لعلاج داء الرتج,憩室疾患の手術,डायवर्टिकुलर रोग के लिए सर्जरी
surgery for ingrowing toenail,Cirugía para uña encarnada,phẫu thuật điều trị móng chân mọc ngược,Operation bei eingewachsenem Zehennagel,جراحة لعلاج ظفر القدم الناشب,巻き爪の手術,पैर के नाखून के अंदर की ओर बढ़ने की सर्जरी
surgery for large hiatus hernia,cirugía para hernia hiatal grande,phẫu thuật điều trị thoát vị hoành lớn,Operation bei großem Zwerchfellbruch,جراحة الفتق الحجابي الكبير,大きな食道裂孔ヘルニアの手術,बड़े हायटस हर्निया के लिए सर्जरी
surgery for pilonidal sinus,Cirugía para el quiste pilonidal,phẫu thuật điều trị u nang lông vùng hậu môn,Operation bei Steißbeinfistel,جراحة الناسور الشعري,毛巣洞の手術,पिलोनाइडल साइनस के लिए सर्जरी
surgery for problems of the small toes,Cirugía para problemas de los dedos pequeños de los pies,phẫu thuật điều trị các vấn đề về ngón chân út,Operation bei Problemen der kleinen Zehen,جراحة لعلاج مشاكل أصابع القدم الصغيرة,小指の疾患に対する手術,पैर की छोटी उंगलियों की समस्याओं के लिए सर्जरी
surgery for rectal cancer,cirugía para el cáncer de recto,phẫu thuật điều trị ung thư trực tràng,Operation bei Rektumkarzinom,جراحة سرطان المستقيم,直腸がんの手術,मलाशय के कैंसर के लिए सर्जरी
surgery for tennis elbow,Cirugía para el codo de tenista,phẫu thuật điều trị viêm khuỷu tay do chơi tennis,Operation bei Tennisarm,جراحة لعلاج مرفق التنس,テニス肘の手術,टेनिस एल्बो के लिए सर्जरी
surgical and medical abortions,abortos quirúrgicos y médicos,phá thai bằng phẫu thuật và bằng thuốc,chirurgische und medikamentöse Schwangerschaftsabbrüche,عمليات الإجهاض الجراحية والطبية,外科的および薬物による中絶,शल्य चिकित्सा और चिकित्सीय गर्भपात
swallowed object,objeto tragado,vật thể bị nuốt,verschluckter Gegenstand,جسم مبتلع,飲み込んだ異物,निगली हुई वस्तु
swallowed substance,sustancia ingerida,chất nuốt,verschluckte Substanz,المادة المبتلعة,飲み込んだ物質,निगला हुआ पदार्थ
sweating,transpiración,đổ mồ hôi,Schwitzen,التعرق,発汗,पसीना आना
sweats,sudor,mồ hôi,Schweißausbrüche,عرق,スウェット,पसीना
swedish massage,masaje sueco,massage Thụy Điển,schwedische Massage,التدليك السويدي,スウェーデン式マッサージ,स्वीडिश संदेश
swelling in groin,hinchazón en la ingle,sưng ở háng,Schwellung in der Leiste,تورم في منطقة الفخذ,鼠径部の腫れ,कमर में सूजन
swimmer's ear,oído de nadador,tai của người bơi,Schwimmerohr,أذن السباح,水泳耳,तैराक का कान
swimming,nadar,bơi,Baden,سباحة,水泳,तैरना
swimming safety,seguridad en la natación,an toàn khi bơi,Schwimmsicherheit,السلامة أثناء السباحة,水泳時の安全,तैराकी सुरक्षा
swollen glands,ganglios inflamados,hạch sưng,geschwollene Drüsen,الغدد المتورمة,リンパ腺の腫れ,सूजी हुई ग्रंथियाँ
swollen or painful testicle,testículo hinchado o doloroso,tinh hoàn sưng hoặc đau,geschwollener oder schmerzhafter Hoden,خصية متورمة أو مؤلمة,睾丸の腫れや痛み,सूजा हुआ या दर्दनाक अंडकोष
symptom checker,comprobador de síntomas,công cụ kiểm tra triệu chứng,Symptom-Checker,مدقق الأعراض,症状チェッカー,लक्षण जांचकर्ता
symptoms of serious illness in babies and children,Síntomas de enfermedades graves en bebés y niños,các triệu chứng của bệnh nặng ở trẻ sơ sinh và trẻ em,Symptome schwerer Erkrankungen bei Säuglingen und Kindern,أعراض الأمراض الخطيرة عند الرضع والأطفال,乳幼児の重篤な病気の症状,शिशुओं और बच्चों में गंभीर बीमारी के लक्षण
syndrome x,síndrome x,hội chứng x,Syndrom X,متلازمة إكس,症候群X,सिंड्रोम x
syphilis,sífilis,bệnh giang mai,Syphilis,الزهري,梅毒,उपदंश
syringe injuries,lesiones por jeringas,chấn thương do kim tiêm,Verletzungen durch Spritzen,إصابات الحقن,注射器による怪我,सिरिंज से होने वाली चोटें
tachycardia,taquicardia,nhịp tim nhanh,Tachykardie,تسرع القلب,頻脈,tachycardia
tadalafil,tadalafil,tadalafil,Tadalafil,تادالافيل,タダラフィル,Tadalafil
tai chi,tai chi,thái cực quyền,Tai Chi,تاي تشي,太極拳,ताई ची
tailbone pain and injury,Dolor y lesiones en el coxis,Đau và chấn thương xương cụt,Steißbeinschmerzen und -verletzungen,ألم وإصابة في عظم العصعص,尾骨の痛みと怪我,टेलबोन में दर्द और चोट
taking opioid medicines safely,tomar medicamentos opioides de forma segura,sử dụng thuốc opioid một cách an toàn,sichere Einnahme von Opioidmedikamenten,تناول الأدوية الأفيونية بأمان,オピオイド系鎮痛薬を安全に服用する,ओपिओइड दवाओं का सुरक्षित सेवन
talking about your mental health concerns,Hablar sobre tus preocupaciones de salud mental,Nói về những lo ngại của bạn,über Ihre psychischen Gesundheitsprobleme sprechen,التحدث عن مخاوفك المتعلقة بالصحة النفسية,メンタルヘルスの悩みについて話す,अपनी मानसिक स्वास्थ्य संबंधी चिंताओं के बारे में बात करना
talking to your doctor about mental health,hablar con tu médico sobre salud mental,Trao đổi với bác sĩ về sức khỏe tâm thần.,Sprechen Sie mit Ihrem Arzt über psychische Gesundheit,التحدث مع طبيبك حول الصحة النفسية,メンタルヘルスについて医師と話し合う,अपने डॉक्टर से मानसिक स्वास्थ्य के बारे में बात करना
talking to your employer about illness,hablar con tu empleador sobre la enfermedad,Trao đổi với chủ lao động về tình trạng sức khỏe của bạn.,Sprechen Sie mit Ihrem Arbeitgeber über Ihre Krankheit,التحدث مع صاحب العمل بشأن المرض,病気について雇用主と話し合う,अपने नियोक्ता से बीमारी के बारे में बात करना
tampon,tampón,băng vệ sinh,Tampon,حشا,タンポン,तंपन
tapentadol,tapentadol,tapentadol,Tapentadol,تابينتادول,タペンタドール,टैपेंटाडोल
tapeworm,tenia,sán dây,Bandwurm,الشريطية,サナダムシ,टेपवर्म
tattoo,tatuaje,hình xăm,Tätowierung,وشم,入れ墨,टटू
tay-sachs disease,enfermedad de Tay-Sachs,bệnh tay-sachs,Tay-Sachs-Krankheit,مرض تاي ساكس,テイ・サックス病,टे-सैक्स रोग
tb,tuberculosis,lao,tb,السل,結核,टीबी
teen aggression,agresión adolescente,sự hung hăng của tuổi teen,Aggression bei Jugendlichen,عدوانية المراهقين,十代の攻撃性,किशोरों की आक्रामकता
teenage anxiety,ansiedad adolescente,lo lắng tuổi thiếu niên,Angstzustände bei Teenagern,قلق المراهقين,十代の不安,किशोरों की चिंता
teenagers and adolescent's mental health,salud mental de adolescentes y jóvenes,sức khỏe tâm thần của thanh thiếu niên và vị thành niên,psychische Gesundheit von Teenagern und Jugendlichen,الصحة النفسية للمراهقين والشباب,10代の若者と青年のメンタルヘルス,किशोरों और युवा वयस्कों का मानसिक स्वास्थ्य
teenagers' health,salud de los adolescentes,sức khỏe của thanh thiếu niên,Gesundheit von Teenagern,صحة المراهقين,十代の若者の健康,किशोरों का स्वास्थ्य
teeth,dientes,răng,Zähne,أسنان,歯,दाँत
teeth grinding,rechinar los dientes,nghiến răng,Zähneknirschen,صرير الأسنان,歯ぎしり,दांत पीसना
teeth whitening,blanqueamiento dental,làm trắng răng,Zahnaufhellung,تبييض الأسنان,歯のホワイトニング,दांतों को सफेद करना
temazepam,temazepam,temazepam,Temazepam,تيمازيبام,テマゼパム,टेमाजेपाम
temporomandibular joint arthroscopy,artroscopia de la articulación temporomandibular,nội soi khớp thái dương hàm,Kiefergelenksarthroskopie,تنظير المفصل الصدغي الفكي,顎関節鏡検査,टेम्पोरोमैंडिबुलर जॉइंट आर्थ्रोस्कोपी
temporomandibular joint dysfunction,disfunción de la articulación temporomandibular,rối loạn chức năng khớp thái dương hàm,Funktionsstörung des Kiefergelenks,خلل في المفصل الصدغي الفكي,顎関節機能障害,टेम्पोरोमैंडिबुलर जोड़ की शिथिलता
tendinopathy,tendinopatía,viêm gân,Tendinopathie,اعتلال الأوتار,腱障害,टेंडिनोपैथी
tendinosis,tendinosis,viêm gân,Tendinose,التهاب الأوتار,腱炎,Tendinosis
tendonitis,tendinitis,viêm gân,Sehnenentzündung,التهاب الأوتار,腱炎,टेंडोनाइटिस
tennis elbow,codo de tenista,khuỷu tay tennis,Tennisarm,مرفق التنس,テニス肘,क्रिकेट कोहनी
tennis elbow surgery,Cirugía de codo de tenista,phẫu thuật khuỷu tay tennis,Tennisarm-Operation,جراحة مرفق التنس,テニス肘手術,टेनिस एल्बो सर्जरी
tens,decenas,hàng chục,Zehner,عشرات,10,दसियों
tension headache,dolor de cabeza,đau đầu do căng thẳng,Spannungskopfschmerzen,صداع التوتر,緊張型頭痛,तनाव सिरदर्द
terminal conditions and grief,enfermedades terminales y duelo,bệnh nan y và nỗi đau buồn,unheilbare Krankheiten und Trauer,الحالات المرضية الميؤوس من شفائها والحزن,末期症状と悲しみ,असाध्य स्थितियाँ और शोक
terminal illness,enfermedad terminal,bệnh nan y,unheilbare Krankheit,مرض عضال,末期疾患,लाइलाज बीमारी
termination,terminación,chấm dứt,Beendigung,إنهاء الخدمة,終了,समापन
testicular cancer,cáncer testicular,ung thư tinh hoàn,Hodenkrebs,سرطان الخصية,精巣がん,शुक्र ग्रंथि का कैंसर
testicular torsion,torsión testicular,xoắn tinh hoàn,Hodentorsion,التواء الخصية,精巣捻転,वृषण मरोड़
testing for allergy,pruebas de alergia,xét nghiệm dị ứng,Allergietest,اختبار الحساسية,アレルギー検査,एलर्जी की जांच
testosterone,testosterona,testosterone,Testosteron,التستوستيرون,テストステロン,टेस्टोस्टेरोन
testosterone test,prueba de testosterona,xét nghiệm testosterone,Testosterontest,اختبار التستوستيرون,テストステロン検査,टेस्टोस्टेरोन परीक्षण
tetanus,tétanos,uốn ván,Tetanus,كُزاز,破傷風,धनुस्तंभ
thalassaemia,talasemia,bệnh thalassemia,Thalassämie,الثلاسيميا,サラセミア,थैलेसीमिया
the pill,la píldora,viên thuốc,die Pille,حبوب منع الحمل,ピル,गोली
the role of a nurse,El papel de una enfermera,vai trò của một y tá,die Rolle einer Krankenschwester,دور الممرضة,看護師の役割,नर्स की भूमिका
the role of public health alerts,El papel de las alertas de salud pública,vai trò của các cảnh báo y tế công cộng,die Rolle von Warnmeldungen im Bereich der öffentlichen Gesundheit,دور التنبيهات الصحية العامة,公衆衛生警報の役割,सार्वजनिक स्वास्थ्य चेतावनियों की भूमिका
the-role-of-a-dermatologist,El papel de un dermatólogo,vai trò của bác sĩ da liễu,die Rolle eines Dermatologen,دور طبيب الأمراض الجلدية,皮膚科医の役割,त्वचा विशेषज्ञ की भूमिका
thermal balloon endometrial ablation,ablación endometrial con balón térmico,đốt nội mạc tử cung bằng bóng nhiệt,Thermische Ballon-Endometriumablation,استئصال بطانة الرحم بالبالون الحراري,熱バルーン子宮内膜アブレーション,थर्मल बैलून एंडोमेट्रियल एब्लेशन
thoracoscopy,toracoscopia,nội soi lồng ngực,Thorakoskopie,تنظير الصدر,胸腔鏡検査,थोराकोस्कोपी
threadworms,gusanos intestinales,giun kim,Madenwürmer,الديدان الدبوسية,線虫,धागे के कीड़े
throat cancer,cáncer de garganta,ung thư họng,Kehlkopfkrebs,سرطان الحلق,喉頭がん,गले का कैंसर
throat diseases,enfermedades de la garganta,bệnh về họng,Halskrankheiten,أمراض الحلق,喉の病気,गले की बीमारियाँ
thrombocytopenia,trombocitopenia,giảm tiểu cầu,Thrombozytopenie,نقص الصفيحات,血小板減少症,थ्रोम्बोसाइटोपेनिया
thrush,tordo,bệnh nấm miệng,Soor,مرض القلاع,ツグミ,थ्रश
thunderstorm asthma,tormenta eléctrica asma,hen suyễn do giông bão,Gewitterasthma,الربو الناتج عن العواصف الرعدية,雷雨喘息,गरज के साथ तूफान अस्थमा
thyroid cancer,cáncer de tiroides,ung thư tuyến giáp,Schilddrüsenkrebs,سرطان الغدة الدرقية,甲状腺がん,थायराइड कैंसर
thyroid function tests,pruebas de función tiroidea,xét nghiệm chức năng tuyến giáp,Schilddrüsenfunktionstests,اختبارات وظائف الغدة الدرقية,甲状腺機能検査,थायरॉइड फंक्शन टेस्ट
thyroid gland,glándula tiroides,tuyến giáp,Schilddrüse,الغدة الدرقية,甲状腺,थाइरॉयड ग्रंथि
thyroid problems,problemas de tiroides,các vấn đề về tuyến giáp,Schilddrüsenprobleme,مشاكل الغدة الدرقية,甲状腺の問題,थायरॉयड समस्याएं
thyroidectomy,tiroidectomía,phẫu thuật cắt bỏ tuyến giáp,Schilddrüsenentfernung,استئصال الغدة الدرقية,甲状腺切除術,थायरॉयडेक्टॉमी
thyroidectomy for suspected cancer,Tiroidectomía por sospecha de cáncer,phẫu thuật cắt bỏ tuyến giáp do nghi ngờ ung thư,Schilddrüsenentfernung bei Verdacht auf Krebs,استئصال الغدة الدرقية للاشتباه في الإصابة بالسرطان,癌が疑われる場合の甲状腺切除術,कैंसर के संदेह में थायरॉयडेक्टॉमी
thyrotoxicosis,tirotoxicosis,cường giáp,Thyreotoxikose,فرط نشاط الغدة الدرقية,甲状腺中毒症,थायरोटोक्सीकोसिस
tia,tia,tia,Tia,تيا,ティア,तिया
tick bites,picaduras de garrapatas,vết cắn của ve,Zeckenbisse,لدغات القراد,ダニ刺され,टिक के काटने
tinea,tiña,nấm da,Tinea,سعفة,白癬,टिनिअ
tinnitus,tinnitus,ù tai,Tinnitus,طنين,耳鳴り,कर्णक्ष्वेड
ringing in ears,zumbido en los oídos,tiếng ve kêu trong tai,Ohrensausen,طنين في الأذن,耳鳴り,कान बजना
ringing noise,pitido en el oído,tiếng ù tai,Pfeifen im Ohr,وش في الأذن,キーンとする音,कानों में सायं-सायं होना
tips for safe and responsible drinking,Consejos para beber de forma segura y responsable,lời khuyên để uống rượu an toàn và có trách nhiệm,Tipps für sicheren und verantwortungsvollen Alkoholkonsum,نصائح للشرب الآمن والمسؤول,安全で責任ある飲酒のためのヒント,सुरक्षित और ज़िम्मेदार तरीके से शराब पीने के लिए सुझाव
tissue and organ donation,Donación de tejidos y órganos,hiến tặng mô và nội tạng,Gewebe- und Organspende,التبرع بالأنسجة والأعضاء,組織および臓器提供,ऊतक और अंग दान
tmj arthroscopy,artroscopia de la ATM,nội soi khớp thái dương hàm,Kiefergelenksarthroskopie,تنظير مفصل الفك الصدغي,顎関節鏡検査,टीएमजे आर्थ्रोस्कोपी
toddlers and babies,niños pequeños y bebés,trẻ mới biết đi và trẻ sơ sinh,Kleinkinder und Babys,الأطفال الصغار والرضع,幼児と赤ちゃん,छोटे बच्चे और शिशु
toe,dedo del pie,ngón chân,Zehe,اصبع القدم,つま先,पैर की अंगुली
toe and forefoot amputation,amputación de dedos y antepié,cắt cụt ngón chân và bàn chân trước,Zehen- und Vorfußamputation,بتر أصابع القدم ومقدمة القدم,つま先と前足部の切断,पैर की उंगली और अग्रपाद का विच्छेदन
toe fracture,fractura del dedo del pie,gãy ngón chân,Zehenbruch,كسر في إصبع القدم,足指の骨折,पैर की उंगली में फ्रैक्चर
toenail infection,infección de las uñas de los pies,nhiễm trùng móng chân,Zehennagelinfektion,عدوى أظافر القدم,足の爪の感染症,पैर के नाखून में संक्रमण
toilet training,entrenamiento para ir al baño,huấn luyện đi vệ sinh,Toilettentraining,التدريب على استخدام المرحاض,トイレトレーニング,शौचालय प्रशिक्षण
tongue and mouth cuts,Cortes en la lengua y la boca,vết cắt lưỡi và miệng,Zungen- und Mundverletzungen,جروح اللسان والفم,舌と口の切り傷,जीभ और मुंह में कट
tongue-tie division,división de frenillo lingual,phân chia dính lưỡi,Zungenbändchen-Abteilung,قسم ربط اللسان,舌小帯切除術,जीभ-बंधन विभाजन
tonsil stones,cálculos amigdalinos,sỏi amidan,Mandelsteine,حصى اللوزتين,扁桃腺結石,टन्सिल का पत्थर
tonsillectomy,amigdalectomía,cắt amidan,Mandelentfernung,إستئصال اللوزتين,扁桃腺摘出術,तोंसिल्लेक्टोमी
tonsillitis,amigdalitis,viêm amiđan,Mandelentzündung,التهاب اللوزتين,扁桃炎,टॉन्सिल्लितिस
tooth abscess,absceso dental,áp xe răng,Zahnabszess,خراج الأسنان,歯の膿瘍,दांत का फोड़ा
tooth extraction,extracción dental,nhổ răng,Zahnextraktion,خلع الأسنان,抜歯,दांत उखाड़ना
toothache and gum swelling,dolor de muelas e inflamación de las encías,đau răng và sưng nướu,Zahnschmerzen und Zahnfleischschwellung,ألم الأسنان وتورم اللثة,歯痛と歯茎の腫れ,दांत दर्द और मसूड़ों में सूजन
torticollis. neck strain,tortícolis. distensión cervical,chứng vẹo cổ. căng cơ cổ,Schiefhals. Nackenverspannung.,التواء الرقبة. إجهاد الرقبة,斜頸。首の捻挫,गर्दन में खिंचाव (टॉर्टिकोलिस)।
total ankle replacement,reemplazo total de tobillo,thay khớp mắt cá chân toàn phần,Totale Sprunggelenksersatz,استبدال كامل للكاحل,足関節全置換術,कुल टखने का प्रतिस्थापन
total elbow replacement,reemplazo total de codo,thay khớp khuỷu tay toàn phần,vollständiger Ellbogenersatz,استبدال كامل للمرفق,肘関節全置換術,कुल कोहनी प्रतिस्थापन
total shoulder replacement,reemplazo total de hombro,thay khớp vai toàn phần,totaler Schulterersatz,استبدال مفصل الكتف بالكامل,肩関節全置換術,कुल कंधे का प्रतिस्थापन
total thyroidectomy,tiroidectomía total,cắt bỏ toàn bộ tuyến giáp,totale Thyreoidektomie,استئصال الغدة الدرقية بالكامل,甲状腺全摘出術,कुल थायरॉयडेक्टॉमी
tourette syndrome,síndrome de Tourette,hội chứng Tourette,Tourette-Syndrom,متلازمة توريت,トゥレット症候群,टॉरेट सिंड्रोम
toxic fumes,humos tóxicos,khói độc,giftige Dämpfe,أبخرة سامة,有毒ガス,जहरीली गैसें
toxic shock syndrome,síndrome de shock tóxico,hội chứng sốc nhiễm độc,toxisches Schocksyndrom,متلازمة الصدمة التسممية,毒素性ショック症候群,टॉक्सिक शॉक सिंड्रोम
toxoplasmosis,toxoplasmosis,bệnh toxoplasmosis,Toxoplasmose,داء المقوسات,トキソプラズマ症,टोक्सोप्लाज़मोसिज़
tracheostomy,traqueostomía,mở khí quản,Tracheostomie,فغر الرغامي,気管切開,ट्रेकियोस्टोमी
trachoma,tracoma,bệnh đau mắt hột,Trachom,التراخوما,トラコーマ,ट्रेकोमा
tramadol,tramadol,tramadol,Tramadol,ترامادول,トラマドール,ट्रामाडोल
trans-oesophageal echocardiogram,ecocardiograma transesofágico,siêu âm tim qua thực quản,transösophageale Echokardiographie,تخطيط صدى القلب عبر المريء,経食道心エコー検査,ट्रांस-ओसोफेजियल इकोकार्डियोग्राम
transbronchial biopsy,biopsia transbronquial,sinh thiết xuyên phế quản,transbronchiale Biopsie,خزعة عبر القصبات الهوائية,経気管支生検,ट्रांसब्रोंकियल बायोप्सी
transcutaneous electrical nerve stimulation,estimulación nerviosa eléctrica transcutánea,kích thích thần kinh điện xuyên da,transkutane elektrische Nervenstimulation,التحفيز الكهربائي للأعصاب عبر الجلد,経皮的電気神経刺激,ट्रांसकुटनेऔस विद्युत तंत्रिका उत्तेजना
transfusion,transfusión,truyền máu,Transfusion,نقل الدم,輸血,ट्रांसफ्यूजन
transient ischaemic attack,ataque isquémico transitorio,cơn thiếu máu cục bộ thoáng qua,transitorische ischämische Attacke,نوبة نقص تروية عابرة,一過性脳虚血発作,क्षणिक इस्केमिक हमला
transurethral resection of the prostate,resección transuretral de la próstata,Cắt bỏ tuyến tiền liệt qua niệu đạo,transurethrale Resektion der Prostata,استئصال البروستاتا عبر الإحليل,経尿道的前立腺切除術,प्रोस्टेट का ट्रांसयूरेथ्रल रिसेक्शन
transverse myelitis,mielitis transversa,viêm tủy ngang,Querschnittsmyelitis,التهاب النخاع المستعرض,横断性脊髄炎,ट्रांसवर्स मायलाइटिस
trapeziectomy,trapeciectomía,phẫu thuật cắt bỏ xương thang,Trapezektomie,استئصال العظم شبه المنحرف,僧帽筋切除術,ट्रेपेज़िएक्टॉमी
travel health,salud en los viajes,sức khỏe khi đi du lịch,Reisegesundheit,صحة المسافرين,旅行中の健康,यात्रा स्वास्थ्य
travel medical kits,botiquines médicos de viaje,bộ dụng cụ y tế du lịch,Reiseapotheken,حقائب الإسعافات الأولية للسفر,旅行用救急キット,यात्रा चिकित्सा किट
travel sickness,mareo por viaje,say tàu xe,Reisekrankheit,دوار السفر,乗り物酔い,यात्रा संबंधी रोग
travel vaccinations,vacunas para viajes,tiêm phòng du lịch,Reiseimpfungen,التطعيمات اللازمة للسفر,旅行用ワクチン接種,यात्रा टीकाकरण
travelling for healthcare,viajar para recibir atención médica,đi lại để khám chữa bệnh,Reisen aus medizinischen Gründen,السفر لتلقي الرعاية الصحية,医療目的での旅行,स्वास्थ्य सेवा के लिए यात्रा करना
treatments for addiction,tratamientos para la adicción,các phương pháp điều trị nghiện,Behandlungen für Suchterkrankungen,علاجات الإدمان,依存症の治療,नशे की लत के उपचार
tree nut allergy,alergia a los frutos secos,dị ứng hạt cây,Baumnussallergie,حساسية المكسرات,木の実アレルギー,पेड़ के मेवों से एलर्जी
trichomoniasis,tricomoniasis,bệnh trùng roi,Trichomoniasis,داء المشعرات,トリコモナス症,ट्राइकोमोनियासिस
trichotillomania,tricotilomanía,chứng nhổ tóc,Trichotillomanie,هوس نتف الشعر,抜毛症,ट्राइकोटिलोमेनिया
trigeminal neuralgia,neuralgia del trigémino,đau dây thần kinh tam thoa,Trigeminusneuralgie,ألم العصب ثلاثي التوائم,三叉神経痛,ट्राइजेमिनल न्यूराल्जिया
trigger finger release,liberación del dedo del gatillo,giải phóng ngón tay cò súng,Loslassen des Zeigefingers,تحرير إصبع الزناد,トリガーフィンガーリリース,ट्रिगर उंगली रिलीज
triglycerides,triglicéridos,chất béo trung tính,Triglyceride,الدهون الثلاثية,トリグリセリド,ट्राइग्लिसराइड्स
triple zero,triple cero,ba số không,Drei Null,ثلاثة صفر,トリプルゼロ,ट्रिपल ज़ीरो
trips,viajes,chuyến đi,Reisen,رحلات,旅行,ट्रिप्स
trisomy 18,trisomía 18,hội chứng trisomy 18,Trisomie 18,التثلث الصبغي 18,18トリソミー,ट्राइसोमी 18
tss,tss,tss,tss,تسس,ツッ,टीएसएस
tubal ligation,ligadura de trompas,thắt ống dẫn trứng,Tubenligatur,ربط الأنابيب,卵管結紮,ट्यूबल लिगेशन
tuberculosis,tuberculosis,bệnh lao,Tuberkulose,مرض الدرن,結核,तपेदिक
tuberous sclerosis,esclerosis tuberosa,bệnh xơ cứng củ,tuberöse Sklerose,التصلب الدرني,結節性硬化症,ट्यूबरस स्क्लेरोसिस
tummy pain,dolor de estómago,đau bụng,Bauchschmerzen,ألم في البطن,腹痛,पेट दर्द
tumours,tumores,khối u,Tumore,الأورام,腫瘍,ट्यूमर
turbinectomy,turbinectomía,cắt bỏ cuốn mũi,Turbinektomie,استئصال القرينات الأنفية,鼻甲介切除術,टर्बाइनेक्टोमी
turner syndrome,síndrome de Turner,hội chứng Turner,Turner-Syndrom,متلازمة تيرنر,ターナー症候群,हत्थेदार बर्तन सहलक्षण
turp,turp,nhựa thông,Terpentin,زيت التربنتين,タープ,टर्प
twitching eye,ojo tembloroso,mắt giật,zuckendes Auge,ارتعاش العين,まぶたの痙攣,आँख फड़कना
type 1 diabetes,diabetes tipo 1,bệnh tiểu đường loại 1,Typ-1-Diabetes,داء السكري من النوع الأول,1型糖尿病,टाइप 1 मधुमेह
type 2 diabetes,diabetes tipo 2,bệnh tiểu đường loại 2,Typ-2-Diabetes,داء السكري من النوع الثاني,2型糖尿病,टाइप 2 मधुमेह
types of thermometer for fever,Tipos de termómetros para la fiebre,các loại nhiệt kế đo sốt,Arten von Fieberthermometern,أنواع موازين الحرارة لقياس الحمى,発熱用の体温計の種類,बुखार मापने वाले थर्मामीटर के प्रकार
typhoid and paratyphoid fever,fiebre tifoidea y paratifoidea,thương hàn và phó thương hàn,Typhus und Paratyphus,حمى التيفوئيد وحمى نظيرة التيفوئيد,腸チフスおよびパラチフス,टाइफाइड और पैराटाइफाइड बुखार
ulcerative colitis,colitis ulcerosa,viêm loét đại tràng,Colitis ulcerosa,التهاب القولون التقرحي,潰瘍性大腸炎,नासूर के साथ बड़ी आंत में सूजन
ulcers,úlceras,loét,Geschwüre,القرحة,潰瘍,अल्सर
ulcers and mouth sores,úlceras y llagas en la boca,loét và vết thương miệng,Geschwüre und Mundgeschwüre,القرح وتقرحات الفم,潰瘍と口内炎,अल्सर और मुंह के छाले
ulnar nerve entrapment,atrapamiento del nervio cubital,hội chứng chèn ép dây thần kinh trụ,Ulnarisnervenkompression,انحصار العصب الزندي,尺骨神経絞扼,अलनार तंत्रिका अवरोध
ulnar nerve release,liberación del nervio cubital,giải phóng dây thần kinh trụ,Entlastung des Ellennervs,تحرير العصب الزندي,尺骨神経解放術,अलनार तंत्रिका रिलीज
ultrasound,ultrasonido,siêu âm,Ultraschall,الموجات فوق الصوتية,超音波,अल्ट्रासाउंड
umbilical hernia,hernia umbilical,thoát vị rốn,Nabelbruch,الفتق السري,臍ヘルニア,नाभि हर्निया
umbilical hernia repair,reparación de hernia umbilical,phẫu thuật sửa chữa thoát vị rốn,Nabelbruchoperation,إصلاح الفتق السري,臍ヘルニア修復,नाभि हर्निया की मरम्मत
underlying causes of vomiting,causas subyacentes del vómito,nguyên nhân cơ bản của nôn mửa,zugrunde liegende Ursachen des Erbrechens,الأسباب الكامنة وراء القيء,嘔吐の根本原因,उल्टी के अंतर्निहित कारण
understanding pathology tests,Comprensión de las pruebas de patología,hiểu về các xét nghiệm bệnh lý,Verständnis von Pathologietests,فهم اختبارات علم الأمراض,病理検査の理解,पैथोलॉजी परीक्षणों को समझना
understanding the public and private hospital systems,comprender los sistemas hospitalarios públicos y privados,Hiểu biết về hệ thống bệnh viện công và tư,Verständnis der öffentlichen und privaten Krankenhaussysteme,فهم أنظمة المستشفيات العامة والخاصة,公立病院と私立病院のシステムを理解する,सार्वजनिक और निजी अस्पताल प्रणालियों को समझना
underweight,bajo peso,thiếu cân,Untergewicht,نقص الوزن,低体重,कम वजन
undescended testicles,testículos no descendidos,tinh hoàn ẩn,nicht abgestiegene Hoden,الخصيتان غير النازلتين,停留精巣,अंडकोष का नीचे न उतरना
unicompartmental knee replacement,reemplazo unicompartimental de rodilla,thay khớp gối một phần,unikompartimentelle Knieprothese,استبدال الركبة أحادي الحجرة,単顆人工膝関節置換術,यूनिकम्पार्टमेंटल घुटने का प्रतिस्थापन
unplanned pregnancy,embarazo no planificado,mang thai ngoài ý muốn,ungeplante Schwangerschaft,حمل غير مخطط له,予期せぬ妊娠,अनियोजित गर्भावस्था
unpleasant thoughts,pensamientos desagradables,những suy nghĩ khó chịu,unangenehme Gedanken,أفكار مزعجة,不快な考え,अप्रिय विचार
upper back pain,dolor en la parte superior de la espalda,đau lưng trên,Schmerzen im oberen Rücken,ألم في أعلى الظهر,背中上部の痛み,ऊपरी पीठ में दर्द
upper gi endoscopy,endoscopia digestiva alta,nội soi đường tiêu hóa trên,obere GI-Endoskopie,تنظير الجهاز الهضمي العلوي,上部消化管内視鏡検査,ऊपरी जीआई एंडोस्कोपी
upper gi endoscopy and colonoscopy,endoscopia digestiva alta y colonoscopia,nội soi đường tiêu hóa trên và nội soi đại tràng,obere GI-Endoskopie und Koloskopie,التنظير العلوي للجهاز الهضمي وتنظير القولون,上部消化管内視鏡検査および大腸内視鏡検査,ऊपरी जीआई एंडोस्कोपी और कोलोनोस्कोपी
upper gi endoscopy and dilatation,endoscopia digestiva alta y dilatación,nội soi đường tiêu hóa trên và nong thực quản,obere GI-Endoskopie und Dilatation,تنظير الجهاز الهضمي العلوي وتوسيعه,上部消化管内視鏡検査および拡張術,ऊपरी जीआई एंडोस्कोपी और फैलाव
ureteroscopy,ureteroscopia,nội soi niệu quản,Ureteroskopie,تنظير الحالب,尿管鏡検査,मूत्रवाहिनी शल्य चिकित्सा
urethrotomy,uretrotomía,mở niệu đạo,Urethrotomie,بضع الإحليل,尿道切開術,मूत्रमार्ग विच्छेदन
urgent care clinics,clínicas de atención de urgencia,phòng khám cấp cứu,Notfallambulanzen,عيادات الرعاية العاجلة,救急診療所,आपातकालीन देखभाल क्लीनिक
urinary incontinence,incontinencia urinaria,tiểu không tự chủ,Harninkontinenz,سلس البول,尿失禁,मूत्रीय अन्सयम
urinary problems,problemas urinarios,các vấn đề về đường tiết niệu,Harnwegsprobleme,مشاكل المسالك البولية,尿路系の問題,मूत्र संबंधी समस्याएं
urinary retention,retención urinaria,bí tiểu,Harnverhalt,احتباس البول,尿閉,मूत्रीय अवरोधन
urinary system,sistema urinario,hệ tiết niệu,Harnsystem,الجهاز البولي,泌尿器系,मूत्र प्रणाली
urinary tract infection,infección del tracto urinario,nhiễm trùng đường tiết niệu,Harnwegsinfektion,التهاب المسالك البولية,尿路感染症,मूत्र पथ के संक्रमण
urine colour chart,tabla de colores de la orina,bảng màu nước tiểu,Urinfarbskala,مخطط ألوان البول,尿の色見本,मूत्र रंग चार्ट
urine tests,análisis de orina,xét nghiệm nước tiểu,Urintests,اختبارات البول,尿検査,मूत्र परीक्षण
urologist,urólogo,bác sĩ tiết niệu,Urologe,طبيب المسالك البولية,泌尿器科医,उरोलोजिस्त
urticaria,urticaria,mày đay,Urtikaria,شرى,じんましん,शीतपित्त
hives,ronchas,phát ban,Nesselsucht,خلايا النحل,蕁麻疹,पित्ती
skin rash,erupción cutánea,nổi mẩn đỏ,Hautausschlag,طفح جلدي,湿疹,लाल चकत्ते
uterine cancer,cáncer de útero,ung thư tử cung,Gebärmutterkrebs,سرطان الرحم,子宮がん,गर्भाशय कैंसर
uterine disorders,trastornos uterinos,rối loạn tử cung,Gebärmuttererkrankungen,اضطرابات الرحم,子宮疾患,गर्भाशय संबंधी विकार
uti,uti,nhiễm trùng đường tiết niệu,Harnwegsinfektion,التهاب المسالك البولية,尿路感染症,यूटीआई
uveitis,uveítis,viêm màng bồ đào,Uveitis,التهاب العنبية,ぶどう膜炎,यूवेइटिस
vaccination,vacunación,tiêm chủng,Impfung,تلقيح,予防接種,टीकाकरण
vaccination or immunisation- what's the difference?,¿Vacunación o inmunización? ¿Cuál es la diferencia?,Tiêm phòng hay miễn dịch - sự khác biệt là gì?,Impfung oder Immunisierung – worin besteht der Unterschied?,التطعيم أو التحصين - ما الفرق؟,ワクチン接種と免疫接種の違いは何ですか？,टीकाकरण और प्रतिरक्षण - इनमें क्या अंतर है?
vaccinations for travel,vacunas para viajar,tiêm phòng khi đi du lịch,Impfungen für die Reise,التطعيمات اللازمة للسفر,旅行のための予防接種,यात्रा के लिए टीकाकरण
vaccine preventable diseases,enfermedades prevenibles por vacunación,các bệnh có thể phòng ngừa bằng vắc-xin,durch Impfung vermeidbare Krankheiten,الأمراض التي يمكن الوقاية منها باللقاحات,ワクチンで予防可能な疾患,टीके से रोके जा सकने वाले रोग
vaginal and irritation and infection,Irritación vaginal e infección,kích ứng và nhiễm trùng âm đạo,Vaginalreizung und Infektion,تهيج والتهاب المهبل,膣の炎症と感染,योनि में जलन और संक्रमण
vaginal bleeding,sangrado vaginal,chảy máu âm đạo,vaginale Blutungen,نزيف مهبلي,膣からの出血,योनि से रक्तस्राव
vaginal discharge,flujo vaginal,dịch tiết âm đạo,vaginaler Ausfluss,إفرازات مهبلية,膣分泌物,योनि स्राव
vaginal dryness,sequedad vaginal,khô âm đạo,Scheidentrockenheit,جفاف المهبل,膣の乾燥,योनि में सूखापन
vaginal hysterectomy,histerectomía vaginal,cắt bỏ tử cung qua đường âm đạo,vaginale Hysterektomie,استئصال الرحم عن طريق المهبل,経膣子宮摘出術,योनि हिस्टेरेक्टॉमी
vaginal problems,problemas vaginales,các vấn đề về âm đạo,vaginale Probleme,مشاكل المهبل,膣の問題,योनि संबंधी समस्याएं
vaginal ring,anillo vaginal,vòng âm đạo,Vaginalring,حلقة مهبلية,膣リング,योनि वलय
vaginal thrush,candidiasis vaginal,nấm âm đạo,Scheidenpilz,داء المبيضات المهبلي,膣カンジダ症,योनि में फंगल संक्रमण
vaginismus,vaginismo,chứng co thắt âm đạo,Vaginismus,التشنج المهبلي,膣痙攣,योनि का संकुचन
vaginosis,vaginosis,viêm âm đạo,Vaginose,التهاب المهبل,膣炎,वगिनोसिस
vaping,vapeo,hút thuốc lá điện tử,Dampfen,التدخين الإلكتروني,電子タバコ,vaping
varicella,varicela,bệnh thủy đậu,Varizellen,جدري الماء,水痘,वरिसेला
chickenpox,lepra,trái rạ,Windpocken,جديري الماء,水疱瘡,छोटी माता
varicocele,varicocele,giãn tĩnh mạch tinh hoàn,Varikozele,دوالي الخصية,精索静脈瘤,वृषण-शिरापस्फीति
varicose veins,varices,giãn tĩnh mạch,Krampfadern,توسع الأوردة,静脈瘤,वैरिकाज - वेंस
varicose veins surgery,cirugía de varices,phẫu thuật giãn tĩnh mạch,Krampfadernoperation,جراحة الدوالي,静脈瘤手術,वैरिकोज वेन्स सर्जरी
vascular dementia,demencia vascular,chứng mất trí nhớ mạch máu,vaskuläre Demenz,الخرف الوعائي,血管性認知症,संवहनी मनोभ्रंश
vascular disease,enfermedad vascular,bệnh mạch máu,Gefäßerkrankung,أمراض الأوعية الدموية,血管疾患,संवहनी रोग
vascular system,sistema vascular,hệ thống mạch máu,Gefäßsystem,الجهاز الوعائي,血管系,संवहनी प्रणाली
vasculitis,vasculitis,viêm mạch máu,Vaskulitis,التهاب الأوعية الدموية,血管炎,वाहिकाशोथ
vasectomy,vasectomía,thắt ống dẫn tinh,Vasektomie,عملية قطع القناة المنوية,精管切除術,पुरुष नसबंदी
vegetables,verduras,rau,Gemüse,خضروات,野菜,सब्ज़ियाँ
vegetarian and vegan diets,dietas vegetarianas y veganas,chế độ ăn chay và thuần chay,vegetarische und vegane Ernährung,الأنظمة الغذائية النباتية والنباتية الصرفة,ベジタリアンとビーガンの食事,शाकाहारी और वीगन आहार
veneers,carillas,lớp phủ,Furniere,قشور الأسنان,ベニア,VENEERS
venereal diseases,enfermedades venéreas,bệnh hoa liễu,Geschlechtskrankheiten,الأمراض المنقولة جنسياً,性病,यौन रोग
verrucas,verrugas,mụn cóc,Warzen,الثآليل,イボ,मस्से
vertigo,vértigo,chóng mặt,Vertigo,دوار,めまい,चक्कर आना
dizziness,mareo,chóng mặt,Schwindel,دوخة,めまい,चक्कर
spinning sensation,sensación de que todo da vueltas,quay cuồng,Drehschwindel,احساس بالدوران,目が回ること,घूमने की अनुभूति
vestibular schwannoma,schwannoma vestibular,u thần kinh tiền đình,Vestibularisschwannom,ورم شفاني دهليزي,前庭神経鞘腫,वेस्टिबुलर श्वानोमा
viagra,Viagra,viagra,Viagra,الفياجرا,バイアグラ,वियाग्रा
viral haemorrhagic fevers,fiebres hemorrágicas virales,sốt xuất huyết do virus,virale hämorrhagische Fieber,الحمى النزفية الفيروسية,ウイルス性出血熱,वायरल रक्तस्रावी बुखार
viral infections,infecciones virales,nhiễm trùng virus,Virusinfektionen,العدوى الفيروسية,ウイルス感染症,वायरल संक्रमण
viral pneumonia,neumonía viral,viêm phổi do virus,virale Lungenentzündung,الالتهاب الرئوي الفيروسي,ウイルス性肺炎,वायरल निमोनिया
viral vs bacterial infections,infecciones virales frente a infecciones bacterianas,nhiễm trùng do virus so với nhiễm trùng do vi khuẩn,Virusinfektionen im Vergleich zu bakteriellen Infektionen,العدوى الفيروسية مقابل العدوى البكتيرية,ウイルス感染と細菌感染の違い,वायरल बनाम जीवाणु संक्रमण
virtual care clinics,clínicas de atención virtual,phòng khám chăm sóc ảo,virtuelle Gesundheitskliniken,عيادات الرعاية الافتراضية,バーチャルケアクリニック,वर्चुअल केयर क्लीनिक
visceral fat,grasa visceral,mỡ nội tạng,viszerales Fett,الدهون الحشوية,内臓脂肪,आंतरिक वसा
vision impairment,discapacidad visual,suy giảm thị lực,Sehbehinderung,ضعف البصر,視覚障害,लज़र में खराबी
vitamin a,vitamina a,vitamin a,Vitamin A,فيتامين أ,ビタミンA,विटामिन ए
vitamin a deficiency,deficiencia de vitamina A,thiếu vitamin A,Vitamin-A-Mangel,نقص فيتامين أ,ビタミンA欠乏症,विटामिन ए की कमी
vitamin and mineral deficiency,deficiencia de vitaminas y minerales,thiếu vitamin và khoáng chất,Vitamin- und Mineralstoffmangel,نقص الفيتامينات والمعادن,ビタミンとミネラルの欠乏,विटामिन और खनिज की कमी
vitamin b,vitamina b,vitamin B,Vitamin B,فيتامين ب,ビタミンB,विटामिन बी
vitamin b deficiency,deficiencia de vitamina B,thiếu vitamin B,Vitamin-B-Mangel,نقص فيتامين ب,ビタミンB欠乏症,विटामिन बी की कमी
vitamin b12 test,prueba de vitamina B12,xét nghiệm vitamin B12,Vitamin-B12-Test,اختبار فيتامين ب12,ビタミンB12検査,विटामिन बी12 परीक्षण
vitamin b6 toxicity,toxicidad de la vitamina B6,độc tính vitamin B6,Vitamin-B6-Toxizität,سمية فيتامين ب6,ビタミンB6中毒,विटामिन बी6 विषाक्तता
vitamin c,vitamina c,vitamin c,Vitamin C,فيتامين ج,ビタミンC,विटामिन सी
vitamin c deficiency,deficiencia de vitamina C,thiếu vitamin C,Vitamin-C-Mangel,نقص فيتامين ج,ビタミンC欠乏症,विटामिन सी की कमी
vitamin d,vitamina d,vitamin D,Vitamin D,فيتامين د,ビタミンD,विटामिन डी
vitamin d deficiency,deficiencia de vitamina D,thiếu vitamin D,Vitamin-D-Mangel,نقص فيتامين د,ビタミンD欠乏症,विटामिन डी की कमी
vitamin d test,prueba de vitamina D,xét nghiệm vitamin D,Vitamin-D-Test,اختبار فيتامين د,ビタミンD検査,विटामिन डी परीक्षण
vitamin e,vitamina e,vitamin e,Vitamin E,فيتامين هـ,ビタミンE,विटामिन ई
vitamin k deficiency,deficiencia de vitamina K,thiếu vitamin K,Vitamin-K-Mangel,نقص فيتامين ك,ビタミンK欠乏症,विटामिन K की कमी
vitamins and minerals a-z,Vitaminas y minerales de la A a la Z,vitamin và khoáng chất từ ​​A đến Z,Vitamine und Mineralstoffe A-Z,الفيتامينات والمعادن من الألف إلى الياء,ビタミンとミネラル A-Z,विटामिन और खनिज ए-जेड
vitamins and minerals explained,Explicación de las vitaminas y los minerales,giải thích về vitamin và khoáng chất,Vitamine und Mineralstoffe erklärt,شرح الفيتامينات والمعادن,ビタミンとミネラルについて解説,विटामिन और खनिजों की व्याख्या
vitiligo,vitíligo,bạch biến,Vitiligo,البهاق,白斑,विटिलिगो
voluntary assisted dying,muerte asistida voluntaria,cái chết được hỗ trợ tự nguyện,freiwillige Sterbehilfe,الموت بمساعدة طبية طوعية,自発的な安楽死,स्वैच्छिक सहायता प्राप्त मृत्यु
volunteering,voluntariado,tình nguyện,Freiwilligenarbeit,التطوع,ボランティア活動,स्वयं सेवा
vomiting,vómitos,nôn mửa,Erbrechen,قيء,嘔吐,वमन
throwing up,vomitar,ói,Übergeben,استفراغ,吐くこと,उल्टी होना
vomiting,devolver,nôn,Kotzen,ترجيع,戻すこと,उल्टी
sick to stomach,malo del estómago,mắc ói,schlecht im Magen,تعبان في المعدة,お腹が気持ち悪い,जी मिचलाना
vomiting - morning sickness,vómitos - náuseas matutinas,nôn mửa - ốm nghén,Erbrechen - Schwangerschaftsübelkeit,القيء - غثيان الصباح,嘔吐 - つわり,उल्टी - मॉर्निंग सिकनेस
von willebrand disease,enfermedad de von Willebrand,bệnh von Willebrand,von-Willebrand-Krankheit,مرض فون ويلبراند,フォン・ヴィルブランド病,वॉन विलेब्रांड रोग
waist circumference,circunferencia de la cintura,chu vi vòng eo,Taillenumfang,محيط الخصر,ウエスト周囲,कमर परिधि
walking for exercise,caminar para hacer ejercicio,đi bộ để tập thể dục,Spazierengehen als Bewegung,المشي لممارسة الرياضة,運動のためのウォーキング,व्यायाम के लिए पैदल चलना
warning signs during pregnancy,señales de alerta durante el embarazo,dấu hiệu cảnh báo trong thai kỳ,Warnzeichen während der Schwangerschaft,علامات تحذيرية أثناء الحمل,妊娠中の警告サイン,गर्भावस्था के दौरान चेतावनी के संकेत
warning signs of suicide,señales de advertencia de suicidio,dấu hiệu cảnh báo tự tử,Warnzeichen für Suizidgefährdung,علامات تحذيرية للانتحار,自殺の兆候,आत्महत्या के चेतावनी संकेत
warts,verrugas,mụn cóc,Warzen,الثآليل,イボ,मौसा
washing hands,lavarse las manos,rửa tay,Händewaschen,غسل اليدين,手を洗う,हाथ धोना
wasp stings,picaduras de avispa,vết đốt của ong bắp cày,Wespenstiche,لسعات الدبابير,スズメバチの毒針,ततैया के डंक
water and your health,El agua y tu salud,nước và sức khỏe của bạn,Wasser und Ihre Gesundheit,الماء وصحتك,水とあなたの健康,पानी और आपका स्वास्थ्य
water safety,seguridad en el agua,an toàn nước,Wassersicherheit,السلامة المائية,水の安全,जल सुरक्षा
watery stools,heces líquidas,phân lỏng,wässriger Stuhlgang,براز مائي,水様便,पतले दस्त
weather,clima,thời tiết,Wetter,طقس,天気,मौसम
weight,peso,cân nặng,Gewicht,وزن,重さ,वज़न
weight loss medicine,medicamentos para bajar de peso,thuốc giảm cân,Medikamente zur Gewichtsreduktion,أدوية إنقاص الوزن,減量薬,वजन घटाने की दवा
weight-loss diets,dietas para bajar de peso,chế độ ăn kiêng giảm cân,Diäten zur Gewichtsreduktion,حميات إنقاص الوزن,減量ダイエット,वजन घटाने वाले आहार
wellbeing at work,bienestar en el trabajo,sức khỏe tại nơi làm việc,Wohlbefinden am Arbeitsplatz,الرفاهية في مكان العمل,職場におけるウェルビーイング,कार्यस्थल पर खुशहाली
wernicke encephalopathy,encefalopatía de Wernicke,bệnh não Wernicke,Wernicke-Enzephalopathie,اعتلال الدماغ فيرنيك,ウェルニッケ脳症,वर्निक एन्सेफेलोपैथी
what is a radiographer and a radiologist?,¿Qué es un técnico en radiología y un radiólogo?,Kỹ thuật viên chụp X-quang và bác sĩ chụp X-quang là gì?,Was ist ein Radiologieassistent und was ein Radiologe?,ما هو أخصائي الأشعة وما هو أخصائي الأشعة؟,放射線技師と放射線科医とは何ですか？,रेडियोग्राफर और रेडियोलॉजिस्ट क्या होते हैं?
what to expect from a physical examination by your doctor,Qué esperar de un examen físico realizado por su médico.,Những điều cần biết về buổi khám sức khỏe định kỳ của bác sĩ.,Was Sie von einer körperlichen Untersuchung durch Ihren Arzt erwarten können,ما الذي يمكن توقعه من الفحص البدني الذي يجريه طبيبك؟,医師による身体検査で期待できること,अपने डॉक्टर द्वारा की जाने वाली शारीरिक जांच से क्या उम्मीद करें
whiplash,latigazo,chấn thương cổ,Schleudertrauma,إصابة الرقبة المفاجئة,むち打ち症,मोच
white blood cells,glóbulos blancos,tế bào bạch cầu,weiße Blutkörperchen,خلايا الدم البيضاء,白血球,श्वेत रुधिराणु
wide local excision,escisión local amplia,cắt bỏ cục bộ rộng,weite lokale Exzision,استئصال موضعي واسع,広範囲局所切除,व्यापक स्थानीय निष्कासन
williams syndrome,síndrome de Williams,hội chứng Williams,Williams-Syndrom,متلازمة ويليامز,ウィリアムズ症候群,विलियम्स सिंड्रोम
winter health hazards at home,Riesgos para la salud en el hogar durante el invierno,Các mối nguy hại sức khỏe mùa đông tại nhà,Gesundheitsgefahren im Winter zu Hause,المخاطر الصحية في فصل الشتاء في المنزل,冬の家庭における健康被害,घर में सर्दियों के दौरान स्वास्थ्य संबंधी खतरे
wisdom teeth removal,Extracción de muelas del juicio,nhổ răng khôn,Weisheitszahnentfernung,خلع ضرس العقل,親知らずの抜歯,अक्ल दाढ़ निकालना
withdrawal from addiction,Abstinencia de adicción,cai nghiện,Entzugserscheinungen,الانسحاب من الإدمان,依存症からの離脱,लत से छुटकारा पाना
withdrawal symptoms,síntomas de abstinencia,triệu chứng cai nghiện,Entzugssymptome,أعراض الانسحاب,禁断症状,लक्षण
wolff-parkinson-white syndrome,síndrome de Wolff-Parkinson-White,hội chứng Wolff-Parkinson-White,Wolff-Parkinson-White-Syndrom,متلازمة وولف-باركنسون-وايت,ウォルフ・パーキンソン・ホワイト症候群,वोल्फ-पार्किंसन-व्हाइट सिंड्रोम
women and depression,mujeres y depresión,phụ nữ và chứng trầm cảm,Frauen und Depression,النساء والاكتئاب,女性と鬱病,महिलाएं और अवसाद
women's health,salud de la mujer,sức khỏe phụ nữ,Frauengesundheit,صحة المرأة,女性の健康,महिलाओं की सेहत
work-life balance,equilibrio entre la vida laboral y personal,cân bằng giữa công việc và cuộc sống,Work-Life-Balance,التوازن بين العمل والحياة,ワークライフバランス,कार्य संतुलन
work-related stress,estrés relacionado con el trabajo,căng thẳng liên quan đến công việc,arbeitsbedingter Stress,الإجهاد المرتبط بالعمل,仕事関連のストレス,कार्य संबंधी तनाव
workers' compensation,compensación laboral,bồi thường cho người lao động,Arbeiterentschädigung,تعويضات العمال,労災補償,कर्मचारी भुगतान
workers' insurance,seguro de trabajadores,bảo hiểm người lao động,Arbeiterversicherung,تأمين العمال,労働者保険,श्रमिकों का बीमा
working from home,trabajar desde casa,làm việc tại nhà,Arbeiten von zu Hause aus,العمل من المنزل,在宅勤務,घर से काम करना
workplace bullying,acoso laboral,bắt nạt nơi làm việc,Mobbing am Arbeitsplatz,التنمر في مكان العمل,職場いじめ,कार्यस्थल पर बदमाशी
workplace health,salud en el lugar de trabajo,sức khỏe nơi làm việc,Gesundheit am Arbeitsplatz,الصحة في مكان العمل,職場の健康,कार्यस्थल स्वास्थ्य
worms,gusanos,giun,Würmer,الديدان,ミミズ,कीड़े
worried about your memory,preocupado por tu memoria,lo lắng về trí nhớ của bạn,Ich mache mir Sorgen um mein Gedächtnis,قلق بشأن ذاكرتك,記憶力が心配です,आपकी याददाश्त को लेकर चिंतित
wounds,heridas,vết thương,Wunden,جروح,傷,घाव
wrist pain,dolor de muñeca,đau cổ tay,Handgelenkschmerzen,ألم في الرسغ,手首の痛み,कलाई का दर्द
x-rays,rayos X,tia X,Röntgenstrahlen,الأشعة السينية,X線,एक्स-रे
yellow fever,fiebre amarilla,sốt vàng,Gelbfieber,حمى صفراء,黄熱病,पीला बुखार
yoga,yoga,yoga,Yoga,اليوغا,ヨガ,योग
young adults' health,salud de los adultos jóvenes,sức khỏe của người trẻ tuổi,Gesundheit junger Erwachsener,صحة الشباب,若年成人の健康,युवा वयस्कों का स्वास्थ्य
young people and depression,jóvenes y depresión,người trẻ và chứng trầm cảm,junge Menschen und Depression,الشباب والاكتئاب,若者と鬱病,युवा लोग और अवसाद
younger onset dementia,demencia de inicio temprano,chứng mất trí nhớ khởi phát sớm,Demenz mit jüngerem Beginn,الخرف المبكر,若年性認知症,कम उम्र में शुरू होने वाला मनोभ्रंश
youth,juventud,thiếu niên,Jugend,شباب,若者,युवा
youth suicide,suicidio juvenil,tự tử ở thanh thiếu niên,Selbstmord unter Jugendlichen,انتحار الشباب,若者の自殺,युवा आत्महत्या
zika virus,virus del Zika,virus Zika,Zika-Virus,فيروس زيكا,ジカウイルス,ज़िका वायरस
zinc and your health,El zinc y su salud,kẽm và sức khỏe của bạn,Zink und Ihre Gesundheit,الزنك وصحتك,亜鉛とあなたの健康,जस्ता और आपका स्वास्थ्य
zinc deficiency,deficiencia de zinc,thiếu kẽm,Zinkmangel,نقص الزنك,亜鉛欠乏症,जस्ता की कमी
zoster,zóster,bệnh zona,Zoster,الحزام الناري,帯状疱疹,दाद
dyspnea,disnea,khó thở,Dyspnoe,ضيق التنفس,呼吸困難,डिस्पनिया
shortness of breath,dificultad para respirar,hụt hơi,Kurzatmigkeit,ضيق في التنفس,息切れ,साँस फूलना
trouble breathing,falta de aire,khó thở,Atemnot,صعوبة في التنفس,息苦しさ,साँस लेने में तकलीफ
breathlessness,ahogo,thở dốc,Schweratmigkeit,كتمة,息が荒い,साँस की कमी
bronchodilator,broncodilatador,thuốc giãn phế quản,Bronchodilatator,موسع للشعب الهوائية,気管支拡張剤,ब्रांकोडायलेटर
inhaler,inhalador,ống hít,Inhalator,جهاز استنشاق,吸入器,साँस लेनेवाला
puffer,bomba,ống hít,Inhalator,بخاخ الربو,フグ,पफर
spacer,espaciador,buồng đệm,Spacer,مباعد,スペーサー,स्पेसर
general practitioner,médico de cabecera,bác sĩ gia đình,Hausarzt,طبيب عام,一般開業医,सामान्य चिकित्सक
emergency room,urgencias,phòng cấp cứu,Notaufnahme,الطوارئ,救急処置室,आपातकालीन कक्ष
er,urgencias,phòng cấp cứu,Notaufnahme,الطوارئ,er,एर
stiff neck,rigidez de nuca,cứng cổ,steifer Nacken,صلابة الرقبة,肩こり,गर्दन में अकड़न
light sensitivity,sensibilidad a la luz,nhạy cảm với ánh sáng,Lichtempfindlichkeit,حساسية الضوء,光感受性,प्रकाश संवेदनशीलता
stuffy nose,nariz tapada,ngạt mũi,verstopfte Nase,انسداد الأنف,鼻づまり,बंद नाक
knee cap,rótula,xương bánh chè,Kniescheibe,رضفة الركبة,膝蓋骨（お皿）,घुटने की टोपी
deformity,deformidad,biến dạng,Deformität,تشوه,変形,कुरूपता
numbness,entumecimiento,tê liệt,Taubheit,خدر,しびれ,सुन्न होना
chest congestion,congestión en el pecho,tắc nghẽn ngực,Bruststauung,احتقان الصدر,胸のつかえ（胸部うっ血）,छाती में जकड़न
fainted,se desmayó,ngất xỉu,in Ohnmacht gefallen,أغمي عليه,気絶した,बेहोश होना
chemist,químico,nhà hóa học,Chemiker,كيميائي,化学者,केमिस्ट (दवा की दुकान)
dry cough,tos seca,ho khan,trockener Husten,سعال جاف,空咳,सूखी खांसी
memory loss,pérdida de memoria,mất trí nhớ,Gedächtnisverlust,فقدان الذاكرة,物忘れ,स्मृति हानि
syncope,síncope,ngất xỉu,Synkope,إغماء,失神,मूर्च्छा
fainting,desmayo,ngất,Ohnmacht,إغماء,気絶,बेहोश होना
passed out,desvanecimiento,bất tỉnh,Kreislaufkollaps,فقدان الوعي,意識を失う,चक्कर खाकर गिरना
blackout,pérdida de conocimiento,xỉu,Schwarzwerden vor den Augen,غيبوبة خفيفة,目の前が真っ暗になる,अंधेरा छाना
epistaxis,epistaxis,chảy máu cam,Epistaxis,رعاف,鼻出血,नकसीर
nosebleed,sangrado de nariz,chảy máu mũi,Nasenbluten,نزيف الأنف,鼻血,नाक से खून बहना
bloody nose,hemorragia nasal,máu cam,blutende Nase,رعاف,鼻から血が出る,नकसीर
pertussis,tos ferina,bệnh ho gà,Pertussis,السعال الديكي,百日咳,काली खांसी
whooping cough,tos convulsa,ho gà,Keuchhusten,سعال ديكي,百日ぜき,कुकुर खांसी
fracture,fractura,gãy xương,Fraktur,كسر,骨折,अस्थि-भंग
broken bone,hueso roto,bể xương,Knochenbruch,عظم مكسور,骨折,हड्डी टूटना
crack,fisura,nứt xương,Riss,شرخ,ひび,दरार
renal calculi,cálculos renales,sỏi thận,Nierensteine,حصى الكلى,腎結石,गुर्दे की पथरी
kidney stones,piedras en los riñones,đá trong thận,Nierensteine,حصوات الكلى,尿路結石,किडनी की पथरी
hyperpyrexia,hiperpirexia,sốt cao co giật,Hyperpyrexie,فرط السخونة,超高熱,अतिताप
high fever,fiebre muy alta,sốt cao,hohes Fieber,حمى شديدة,高熱,तेज बुखार
burning up,quemando de fiebre,nóng hầm hập,glühend heiß,جسم حار جدا,体が燃えるように熱い,तप रहा शरीर
dyspepsia,dispepsia,khó tiêu,Dyspepsie,عسر الهضم,消化不良,अपच
indigestion,indigestión,đầy bụng,Verdauungsstörung,عسر الهضم,消化不良,बदहजमी
heartburn,acidez de estómago,ợ chua,Sodbrennen,حرقة المعدة,胸焼け,सीने में जलन
pruritus,prurito,ngứa,Pruritus,حكة,掻痒症,खुजली
itching,picazón,ngứa da,Juckreiz,حكة,かゆみ,खुजली
itchy skin,picor de piel,ngứa ngáy,juckende Haut,حكة جلدية,皮膚のかゆみ,खाज
cephalalgia,cefalalgia,đau đầu,Cephalgie,صداع,頭痛,शिरःशूल
headache,dolor de cabeza,nhức đầu,Kopfschmerzen,وجع رأس,頭痛,सिरदर्द
laceration,laceración,vết rách,Lazeration,تهتك,裂傷,विदारण
cut,corte,vết cắt,Schnittwunde,جرح,切り傷,घाव
gash,brecha,vết chém,Klaffende Wunde,شق عميق,深い傷,चीरा
tear,desgarro,vết rách,Riss,تمزق,破れ傷,कटाव
contusion,contusión,vết bầm tím,Kontusion,كدمة,打撲傷,भीतरी चोट
bruise,moretón,bầm tím,Bluterguss,كدمة,青あざ,नील
edema,edema,phù nề,Ödem,وذمة,浮腫,सूजन
swelling,hinchazón,sưng phù,Schwellung,تورم,むくみ,सूजन
fluid retention,retención de líquidos,tích nước,Wasseransammlung,احتباس السوائل,水がたまる,द्रव प्रतिधारण
tremor,temblor,run,Tremor,رعشة,震え,कंपन
shaking,tembleque,bị run,Zittern,رجفة,手足の震え,कंपकंपी
shakes,tirones,co giật nhẹ,Zittern der Hände,ارتعاش,震え,कांपना
spasm,espasmo,co thắt,Spasmus,تشنج,痙攣,ऐंठन
cramp,calambre,chuột rút,Krampf,تشنج عضلي,けいれん,ऐंठन
muscle twitch,tirón muscular,co giật cơ,Muskelzucken,تقلص عضلي,つること,मांसपेशियों का खिंचाव
dysuria,disuria,tiểu buốt,Dysurie,عسر البول,排尿困難,मूत्रकृच्छ्र
painful urination,dolor al orinar,tiểu rát,schmerzhaftes Wasserlassen,ألم أثناء التبول,排尿時の痛み,पेशाब में दर्द
burning when peeing,ardor al hacer pis,buốt khi đi tiểu,Brennen beim Urinieren,حرقان عند التبول,おしっこするときの痛み,पेशाब में जलन
clavicle,clavícula,xương đòn,Klavikula,ترقوة,鎖骨,हंसली
collarbone,clavícula,xương quai xanh,Schlüsselbein,عظمة الترقوة,鎖骨,कॉलर की हड्डी
patella,rótula,xương bánh chè,Patella,رضفة,膝蓋骨,पटैला
kneecap,rótula,bánh chè,Kniescheibe,صابونة الركبة,膝の皿,घुटने की हड्डी
sternum,esternón,xương ức,Sternum,قص,胸骨,उरोस्थि
breastbone,hueso del pecho,xương lồng ngực,Brustbein,عظمة القص,胸の骨,छाती की हड्डी
trachea,tráquea,khí quản,Trachea,رغامي,気管,श्वासनली
windpipe,tráquea,đường thở chính,Luftröhre,القصبة الهوائية,気管,सांस की नली
phlegm,flema,đờm,Phlegma,بلغم,痰,कफ
mucus,moco,đờm dãi,Schleim,مخاط,鼻水,बलगम
snot,mocos,nhớt,Rotz,مخاط الأنف,鼻汁,बलगम
abrasion,abrasión,vết trầy xước,Abrasion,سحج,擦過傷,अपघर्षण
scrape,raspón,vết xước,Schürfwunde,خدش,擦り傷,खरोंच
scratch,rasguño,trầy da,Kratzer,جرح سطحي,かき傷,रगड़
pyrexia,pirexia,sốt,Pyrexie,حمى,発熱,ज्वर
fever,fiebre,sốt,Fieber,حرارة مرتفعة,熱,बुखार
high temperature,temperatura alta,nhiệt độ cao,hohe Temperatur,سخونة,高熱,तेज तापमान
obstipation,obstipación,táo bón nặng,Obstipation,إمساك شديد,重度便秘,कब्ज
severe constipation,estreñimiento severo,táo bón nghiêm trọng,schwere Verstopfung,إمساك حاد,ひどい便秘,गंभीर कब्ज
dysphonia,disfonía,khàn giọng,Dysphonie,بحة الصوت,発声障害,स्वरभंग
hoarseness,ronquera,mất giọng,Heiserkeit,بحة,声がれ,गला बैठना
lost voice,voz ronca,giọng khàn,Stimmverlust,فقدان الصوت,声が出ないこと,आवाज खोना
erythema,eritema,ban đỏ,Erythem,حمامي,紅斑,लालिमा
redness,enrojecimiento,ửng đỏ,Rötung,احمرار,赤み,लालपन
skin flushing,rubor de piel,ửng đỏ da,Hautrötung,احمرار الجلد,皮膚の赤み,त्वचा का लाल होना
stridor,estridor,thở rít,Stridor,صرير,喘鳴,स्ट्रिडोर
noisy breathing,respiración ruidosa,thở khò khè,pfeifendes Atemgeräusch,صوت صفير عند التنفس,ぜーぜーいう呼吸音,घरघराहट
wheezing,silbido al respirar,tiếng thở rít,Keuchen,خرخرة,呼吸の雑音,साँस से आवाज़ आना
dental caries,caries dentales,sâu răng,Zahnkaries,تسوس الأسنان,う蝕,दंत क्षय
tooth decay,caries,sâu răng,Karies,تسوس,虫歯,दांतों की सड़न
cavity,diente picado,lỗ hổng răng,Zahnfäule,حفرة في السن,虫歯の穴,कैविटी
rotten tooth,diente podrido,răng sún,Zahnloch,ضرس مسوس,虫歯の穴,सड़ा हुआ दांत
